0,0.11402391,0.111785345,0.10834245,0.10363153,0.09765115,0.09045791,0.08215987,0.07290795,0.062886134,0.05230172,0.041378412,0.030361177,0.019575711,0.009913965,0.00740394,0.0151719,0.02439485,0.03341704,0.04195763,0.049910184,0.057203677,0.06377005,0.06953371,0.074409634,0.07830603,0.08113,0.08279455,0.08322592,0.08237048,0.080201074,0.076723315,0.071983166,0.0660782,0.05917756,0.05156039,0.043694798,0.03639679,0.031063732,0.029524334,0.032579202,0.038993534,0.046948723,0.055140503,0.062766485,0.06934286,0.07461376,0.07852635,0.081231296,0.08308008,0.08459275,0.08637068,0.08894625,0.092606775,0.09727459,0.10250851,0.10761393,0.11179333,0.11427974,0.11443322,0.1118043,0.10617358,0.09757498,0.08630885,0.07295588,0.058419656,0.044083036,0.03229337,0.026891636,0.029750548,0.036801748,0.044023853,0.049883485,0.054369,0.058478028,0.06388418,0.07228949,0.08459348,0.10057146,0.119221956,0.13925026,0.15936369,0.17840658,0.19542329,0.20969236,0.22074395,0.22836064,0.23255993,0.23355822,0.23171765,0.22748093,0.22130236,0.2135853,0.20463796,0.19465588,0.18373436,0.17190543,0.15918846,0.14564031,0.1313938,0.11667854,0.10182396,0.08725017,0.07345574,0.061013058,0.050573364,0.042843845,0.038412943,0.03735271,0.038998444,0.04233268,0.046491507,0.05091364,0.055271633,0.059388492,0.06319419,0.066710055,0.07003861,0.07334198,0.07680215,0.08056883,0.08471218,0.089200385,0.09391232,0.09867994,0.10334356,0.10780117,0.11203672,0.1161186,0.120166,0.12428944,0.12852171,0.13276197,0.13675275,0.14009771,0.14231247,0.14289291,0.14138448,0.13744122,0.13086908,0.12165121,0.1099559,0.096128255,0.08066803,0.06419692,0.047421716,0.031114092,0.016244477,0.0065382286,0.012781547,0.021789,0.029202355,0.035016492,0.039826866,0.044477515,0.049781032,0.056210645,0.06373349,0.07187449,0.07990649,0.08702955,0.0924906,0.095653966,0.09604213,0.09335884,0.087500386,0.078558065,0.06681618,0.052758243,0.037135847,0.021478944,0.012789502,0.022802263,0.038218644,0.05315134,0.06625544,0.07685386,0.084512554,0.08897112,0.090126,0.0880216,0.082840234,0.07488998,0.06459317,0.052485667,0.039262205,0.02604181,0.015932405,0.017166313,0.027695494,0.039856724,0.051425382,0.06169774
1,0.11411091,0.11290936,0.11052604,0.10688287,0.101965085,0.095816456,0.088532045,0.080249004,0.07113571,0.061379846,0.051176112,0.04071448,0.030170223,0.019697774,0.009439146,0.0013143132,0.010362894,0.019582504,0.028368425,0.03665752,0.04438623,0.051475264,0.0578263,0.06332406,0.06784239,0.07125315,0.073436685,0.07429267,0.07375069,0.07178036,0.06840156,0.06369672,0.057829227,0.051076822,0.043898553,0.037067533,0.03186567,0.029994315,0.032409366,0.038231242,0.045787398,0.053757578,0.061289717,0.067843795,0.07309618,0.07690944,0.07933524,0.080627106,0.0812415,0.08180033,0.082984276,0.08535112,0.08913741,0.09415291,0.09982945,0.105375916,0.10994608,0.11276613,0.11321686,0.110884115,0.10558974,0.097410664,0.086692296,0.07406701,0.0605037,0.04744779,0.03710547,0.032292254,0.033879362,0.038956054,0.04425622,0.048152495,0.05038072,0.051763773,0.054075975,0.05949292,0.06941422,0.08372733,0.10127091,0.120595,0.14034203,0.15935667,0.17671119,0.19171335,0.20390698,0.21306154,0.21914713,0.22229432,0.22274137,0.22077562,0.2166777,0.2106789,0.2029398,0.19355384,0.1825736,0.17005149,0.15608372,0.14084747,0.12462361,0.10780206,0.09087119,0.07439631,0.058995474,0.045324557,0.034080893,0.025989195,0.021551365,0.02039276,0.021257224,0.02313081,0.025759134,0.029314302,0.0339648,0.039670467,0.046203252,0.05325557,0.06052906,0.067778856,0.07482514,0.08154737,0.08787214,0.093762115,0.09921021,0.10423991,0.10890878,0.11330953,0.11756209,0.12179181,0.12609419,0.13049309,0.13490455,0.13911901,0.14280914,0.14556164,0.14692546,0.14646603,0.14381647,0.13871996,0.13105986,0.12087618,0.108368315,0.09388507,0.07790391,0.06100337,0.043839104,0.02716997,0.0123803355,0.008864323,0.019500423,0.030181412,0.03923815,0.046623655,0.052611478,0.057615977,0.062072363,0.0663142,0.07047417,0.07444509,0.07791241,0.08043481,0.081537224,0.080790915,0.077871315,0.07259483,0.06493943,0.05505677,0.04329221,0.030279664,0.0175698,0.012263945,0.021782033,0.03518264,0.04824928,0.059843455,0.06934998,0.0763577,0.0806053,0.08196985,0.0804619,0.076219335,0.06949935,0.060671438,0.05022115,0.038796492,0.027426168,0.018479245,0.017342895,0.024674334,0.034695107,0.04467869,0.05370743,0.061396264
2,0.1176405,0.117449746,0.11607271,0.1134218,0.10947275,0.10425935,0.097866125,0.09041919,0.0820755,0.07301117,0.0634093,0.05344849,0.043292843,0.033084657,0.022940828,0.012953857,0.0032066891,0.006300733,0.015429215,0.024155218,0.032393817,0.040041998,0.0469754,0.053052023,0.058120083,0.062028736,0.064640455,0.06584405,0.065567695,0.06379199,0.060564213,0.056016833,0.050397452,0.044124782,0.03789597,0.03284793,0.03054346,0.032130525,0.037191283,0.044270124,0.052029435,0.05954838,0.06621796,0.07164149,0.07559396,0.07801866,0.07904218,0.07899357,0.07840909,0.07799279,0.078494854,0.080499895,0.08420477,0.08932647,0.09519733,0.10095987,0.105745465,0.10879206,0.10951126,0.107526235,0.10269435,0.09512154,0.085173674,0.07349349,0.06104236,0.04919759,0.039874423,0.03516849,0.035571042,0.03889733,0.04241748,0.0444902,0.044625904,0.04339538,0.04255898,0.044870578,0.052511856,0.06543447,0.08208231,0.10075208,0.12003804,0.1388338,0.15628506,0.17176266,0.18484601,0.19530317,0.20306075,0.20816307,0.21072443,0.2108815,0.20875446,0.20442478,0.19793351,0.18929978,0.17855372,0.16577527,0.15112974,0.13489275,0.11746032,0.09934336,0.08114888,0.06355386,0.047282666,0.033109546,0.021928111,0.014839657,0.012284827,0.012044463,0.011346282,0.009274343,0.0070448825,0.009062569,0.01591604,0.02489716,0.034805637,0.045004386,0.05504379,0.06459374,0.073429555,0.08142506,0.08854379,0.09482725,0.10038124,0.10536045,0.10995081,0.11434793,0.11873016,0.123227134,0.12788786,0.13265544,0.1373558,0.1417046,0.14533167,0.14781824,0.14874035,0.14771233,0.14442557,0.13867949,0.13040282,0.119664244,0.10667232,0.09176563,0.07539531,0.058105424,0.040529683,0.023512907,0.009785055,0.013803033,0.026603688,0.03867673,0.04906437,0.057608873,0.06436459,0.06949107,0.073192626,0.075664364,0.077045634,0.07738949,0.07665535,0.07472619,0.07144444,0.06665661,0.060257193,0.052226026,0.04266049,0.031821355,0.02030638,0.010466087,0.012667127,0.023964398,0.03616357,0.047635026,0.057707418,0.06592367,0.07194957,0.07556259,0.076653406,0.07522728,0.07140265,0.06540745,0.057576865,0.04836172,0.038375463,0.028573114,0.020844048,0.018709175,0.023368988,0.031182095,0.039443728,0.04705347,0.053547002,0.058727805
3,0.12338307,0.124039225,0.12349076,0.12164376,0.11846624,0.113982916,0.10826812,0.101437114,0.093635924,0.08503022,0.07579397,0.06609857,0.05610391,0.045952138,0.035765983,0.02565429,0.015738674,0.0063794684,0.004944194,0.013447085,0.022034477,0.03011723,0.037500244,0.044011585,0.049481157,0.05374637,0.05666386,0.058123272,0.058061976,0.056480903,0.05346347,0.049202565,0.044046335,0.038581755,0.033765897,0.03098102,0.031531643,0.03555315,0.041943848,0.04938812,0.05688603,0.063747324,0.069498405,0.07382994,0.076582395,0.077753976,0.07752066,0.07625912,0.074556515,0.07317491,0.07292295,0.07441876,0.077839665,0.0828363,0.08866968,0.09444223,0.09928374,0.10245735,0.103411384,0.10180497,0.09752245,0.09068231,0.08164436,0.07102121,0.059706025,0.04892952,0.04029502,0.035431232,0.034735214,0.03655887,0.038574573,0.039151676,0.037580833,0.034061853,0.030063206,0.029007971,0.034673985,0.04687265,0.06302475,0.08109691,0.09975075,0.118030965,0.13522188,0.15079616,0.16439067,0.17578323,0.18486258,0.19159149,0.19596818,0.1979933,0.19764917,0.1948959,0.1896849,0.18198617,0.17182276,0.15930471,0.1446558,0.12822813,0.110503286,0.092080586,0.07365812,0.05601761,0.04004135,0.026837273,0.01807037,0.015365794,0.016645344,0.017958727,0.017545758,0.0152391335,0.012068528,0.011246355,0.015996512,0.024403455,0.03425259,0.044484045,0.054491505,0.0638821,0.07241446,0.07997753,0.08657567,0.09231141,0.09736357,0.10196029,0.10634736,0.11075296,0.115351535,0.120231524,0.12537265,0.13063723,0.13577734,0.14045572,0.14427668,0.14682193,0.14768745,0.14651828,0.14303859,0.13707572,0.12857644,0.11761518,0.104393706,0.08923346,0.07256309,0.054909326,0.03692564,0.019713707,0.0094068395,0.019699419,0.034001257,0.04720281,0.058577117,0.06786994,0.074990205,0.079944864,0.082806036,0.0836846,0.0827073,0.07999911,0.07567294,0.06982795,0.062556095,0.053954907,0.04414389,0.03328229,0.021593677,0.009491165,0.0047659064,0.016645815,0.028807031,0.040258545,0.050574165,0.059393417,0.06641154,0.071391426,0.07417605,0.07469788,0.07298444,0.06916033,0.06344718,0.056165174,0.047744583,0.03876975,0.030115647,0.023291487,0.020646475,0.02326352,0.029025264,0.035596985,0.0417754,0.047013283,0.051074132,0.053894993
4,0.1299036,0.1311815,0.13123842,0.12997599,0.1273556,0.123393595,0.11815482,0.111744665,0.10429977,0.09597782,0.08694706,0.07737648,0.0674277,0.057249915,0.046979547,0.036748074,0.026708841,0.017140036,0.009091169,0.008011888,0.014675455,0.022476666,0.029908644,0.03656382,0.042203285,0.04663948,0.049721543,0.05134197,0.051450085,0.050069567,0.047322113,0.043463778,0.0389472,0.03452299,0.031333387,0.030710034,0.03334063,0.03867467,0.045537066,0.052862003,0.05986664,0.06599424,0.070854284,0.074195445,0.07590263,0.07600881,0.07471609,0.07242058,0.0697282,0.06742927,0.066375814,0.06722858,0.07017346,0.07482732,0.08040828,0.08600113,0.09075005,0.093952686,0.09509676,0.09387387,0.09018549,0.08414606,0.07608493,0.06655089,0.05632665,0.046459723,0.03827187,0.03310993,0.031446815,0.032098595,0.033058945,0.032718983,0.030176101,0.025161082,0.018228991,0.012676298,0.017282853,0.030297652,0.046328984,0.063584395,0.081160605,0.09840114,0.11478813,0.12992056,0.14350246,0.15532535,0.16524321,0.17314371,0.17892234,0.18246512,0.18364486,0.18233211,0.17841859,0.17184824,0.16264954,0.15096323,0.13706075,0.121351115,0.104376644,0.08680107,0.06939925,0.053068247,0.03890039,0.028345935,0.023015913,0.022754522,0.024739906,0.026508044,0.027175268,0.026932571,0.026673252,0.027660219,0.030841457,0.036229424,0.04312245,0.050690345,0.058265645,0.06539354,0.07181339,0.07743202,0.08229682,0.086566076,0.090474196,0.09429111,0.098277755,0.10264213,0.1075027,0.112865165,0.11861591,0.124530695,0.13029462,0.13552843,0.1398178,0.14274333,0.14391007,0.14297535,0.13967362,0.13383706,0.12541044,0.114459604,0.10117304,0.08585774,0.06893278,0.050933693,0.032594655,0.015653377,0.012137248,0.026344074,0.04175487,0.05576531,0.067741096,0.07735897,0.084438,0.08890131,0.09075803,0.090088926,0.087032914,0.08177468,0.074534446,0.06556057,0.05512628,0.0435326,0.031128736,0.01842596,0.0074573946,0.011485023,0.023385601,0.035276618,0.04624964,0.055896893,0.063918434,0.070082106,0.07422266,0.076247506,0.07614219,0.073974185,0.06989455,0.06413864,0.057028756,0.048985433,0.04056299,0.03254256,0.026115498,0.022909665,0.02384748,0.027770171,0.03278635,0.03765068,0.041726924,0.044720825,0.046535816,0.047207743
5,0.13589066,0.1375615,0.13800754,0.13712701,0.1348755,0.13126174,0.12634192,0.12021277,0.11300301,0.10486425,0.09596136,0.08646345,0.076536335,0.06633793,0.056018103,0.04572601,0.035632428,0.025994219,0.017382294,0.011598424,0.012269116,0.017880276,0.024566239,0.03092543,0.036446482,0.04085334,0.043964356,0.04566486,0.045910314,0.044741847,0.04231265,0.0389314,0.03513404,0.031777926,0.030037217,0.030969804,0.03473985,0.04055708,0.047370415,0.054302614,0.060702562,0.06609587,0.070147075,0.0726448,0.073503,0.07277259,0.0706609,0.0675563,0.06404954,0.060923643,0.059051607,0.05914453,0.061432395,0.06553841,0.07066713,0.07590441,0.08042011,0.08355178,0.08482672,0.083964095,0.0808728,0.075648546,0.06857063,0.060100082,0.050884742,0.041778903,0.03386678,0.02835354,0.025944911,0.025943559,0.026607629,0.026365416,0.02426538,0.019873817,0.013180615,0.0053862296,0.009399705,0.021861512,0.0360369,0.051074736,0.0664434,0.08169408,0.0964466,0.11038818,0.12326547,0.1348687,0.14501126,0.15351033,0.16017374,0.16479775,0.16717693,0.16712514,0.16450366,0.15925166,0.15141366,0.14115997,0.12879728,0.1147689,0.09964606,0.08411466,0.06896501,0.055094194,0.04351678,0.035289355,0.03105494,0.030265883,0.03137124,0.0330241,0.034664784,0.036369454,0.038521904,0.04149215,0.04540354,0.050077803,0.055139218,0.06016355,0.06478935,0.06877781,0.07203616,0.07461827,0.076708995,0.07859376,0.08061352,0.08310735,0.08635107,0.09050631,0.09559371,0.101494245,0.10797085,0.11469785,0.12128904,0.12732184,0.132359,0.13597,0.13775353,0.13736069,0.13451752,0.12904517,0.120875835,0.110063106,0.09678645,0.081350826,0.064187065,0.04587607,0.027341973,0.012074803,0.017465677,0.033775706,0.049916998,0.0643686,0.07653688,0.086056344,0.09269898,0.096353374,0.09701523,0.09477874,0.0898273,0.08242393,0.07290383,0.061673626,0.049231973,0.036264367,0.024069326,0.01648319,0.019942375,0.030252976,0.0417321,0.05257515,0.06208314,0.06987271,0.07570491,0.07944043,0.08102624,0.08049096,0.0779423,0.07356482,0.06761798,0.060436442,0.052436996,0.044141643,0.036232818,0.02964672,0.025569968,0.024850054,0.026997726,0.03055677,0.034263823,0.037370227,0.039495103,0.040482238,0.04032301,0.03911858
6,0.14029527,0.14215381,0.14280072,0.14213172,0.14009735,0.13669954,0.13198674,0.12604776,0.11900447,0.11100338,0.10220681,0.09278449,0.082906276,0.07273745,0.06243802,0.05216847,0.042107403,0.032496247,0.023762364,0.016882531,0.013974356,0.016302124,0.021430371,0.027060233,0.032206837,0.03642404,0.039467208,0.04119896,0.04157,0.040627267,0.038538966,0.035639197,0.032497536,0.029986206,0.029186415,0.030884542,0.034994878,0.04072578,0.047159944,0.05354089,0.05929741,0.06400776,0.06737368,0.06921052,0.06944874,0.06814296,0.065487616,0.061838914,0.05773909,0.05392313,0.051251236,0.05048492,0.05194013,0.055298537,0.059784513,0.06450004,0.06864668,0.07160315,0.07293398,0.07238035,0.06985006,0.06540896,0.05927318,0.051802546,0.04350003,0.035029825,0.027277172,0.021431353,0.018707644,0.019069554,0.020839566,0.022375168,0.02286453,0.022202317,0.020941537,0.020424776,0.022476101,0.02798585,0.03636042,0.046604216,0.05793452,0.06979489,0.08177474,0.09355276,0.104859374,0.11544865,0.12507729,0.13349225,0.14042863,0.14561896,0.1488118,0.14979717,0.14843416,0.14467657,0.1385927,0.13037646,0.12034824,0.10894533,0.09670269,0.08422573,0.072156966,0.061136123,0.051748842,0.044453148,0.03948298,0.03678103,0.036058445,0.036974147,0.03926672,0.04273528,0.047145046,0.052170373,0.05740754,0.062427547,0.066834554,0.0703137,0.07266517,0.07382589,0.07388093,0.07306565,0.07175726,0.07045022,0.06970442,0.07005665,0.07190634,0.07542093,0.08051277,0.08689243,0.09415128,0.10182708,0.10943928,0.11650441,0.12254501,0.12710103,0.12974621,0.13010879,0.12789395,0.122905314,0.11506271,0.1044148,0.0911459,0.07557929,0.058186535,0.039650448,0.021356339,0.011624036,0.024610939,0.04199612,0.0584775,0.07298192,0.084936,0.09395567,0.09979883,0.102355234,0.10164182,0.09779725,0.09107556,0.08184132,0.07057338,0.05789614,0.044698745,0.03255278,0.024882264,0.026335223,0.03518273,0.046414018,0.05751358,0.06741386,0.07557391,0.081690095,0.08560389,0.087267496,0.08672787,0.084116995,0.07964415,0.073589474,0.06629944,0.058186933,0.04974078,0.041552197,0.034359824,0.02905869,0.026451299,0.026597837,0.028569343,0.031154698,0.03346175,0.03497631,0.035447486,0.034794535,0.03305324,0.030347526
7,0.14235272,0.14422597,0.14491814,0.14432342,0.14238822,0.13910848,0.13452563,0.12872142,0.121811375,0.113937214,0.10525875,0.09594577,0.08617091,0.07610455,0.06591323,0.05576367,0.045836665,0.03636093,0.027695943,0.020539314,0.016280632,0.016373863,0.019896334,0.024652513,0.029322647,0.033288043,0.036232848,0.03798962,0.038495027,0.037787523,0.036026914,0.033533573,0.030847138,0.028770968,0.028258082,0.029961389,0.033777975,0.039009225,0.04483905,0.05058022,0.055706214,0.059826527,0.06266578,0.064054586,0.063928835,0.06233488,0.059439793,0.05554786,0.051123284,0.046809666,0.04340499,0.041700635,0.04214057,0.044538278,0.048184942,0.05221233,0.05585297,0.05852244,0.05981723,0.059494544,0.05745457,0.053726878,0.04845893,0.041906133,0.034427118,0.026500443,0.018825946,0.012752055,0.010987602,0.0141504025,0.01895358,0.023526384,0.027328953,0.0303169,0.03270202,0.034867723,0.03729142,0.040435437,0.044628795,0.05000002,0.056492686,0.06393059,0.072079696,0.08068236,0.08946745,0.09814903,0.106424324,0.113977134,0.120489046,0.12565766,0.1292195,0.13097408,0.13080561,0.128699,0.12474731,0.11914885,0.11219269,0.10423294,0.09565317,0.08682539,0.07807077,0.06963407,0.061686646,0.054372177,0.04790101,0.042675633,0.039363626,0.03872022,0.041071195,0.045962363,0.052441347,0.059515268,0.0663553,0.07232228,0.076950476,0.07993548,0.081129104,0.080536686,0.07831434,0.074766405,0.07034547,0.065655366,0.06144666,0.05856681,0.05780458,0.059631452,0.064015776,0.07049256,0.078396,0.08704065,0.09578759,0.1040467,0.1112659,0.11692894,0.12056524,0.12176842,0.120218955,0.11570655,0.10814908,0.09760621,0.08428779,0.06856146,0.050979853,0.032443985,0.015707804,0.016401127,0.03309337,0.05090942,0.06734606,0.08152433,0.09288713,0.10105236,0.10578895,0.10701273,0.10478405,0.09930422,0.090912215,0.080087915,0.06747804,0.053991348,0.04110342,0.03165921,0.030051973,0.036939614,0.047867637,0.059476934,0.0702039,0.079279386,0.08628733,0.09101092,0.09337341,0.09341042,0.09125319,0.08711574,0.08128368,0.07410453,0.06598065,0.057366997,0.048777238,0.040799692,0.034109052,0.029400438,0.02710189,0.026962446,0.028100243,0.029546397,0.030605055,0.030878387,0.030183664,0.028480127,0.025821159,0.022323467
8,0.14156261,0.14331134,0.14392513,0.1432976,0.14137203,0.13813928,0.13363469,0.12793355,0.12114547,0.11340756,0.10487683,0.0957224,0.08611829,0.076237895,0.06625143,0.056328487,0.046649393,0.037433524,0.029006183,0.02195363,0.01737746,0.016562369,0.019143745,0.023271365,0.027565408,0.031330403,0.03421193,0.03602216,0.03668139,0.0362076,0.034729034,0.03251416,0.030017609,0.02791943,0.027056783,0.028090669,0.03107359,0.035462093,0.0405155,0.0455738,0.05012344,0.05378396,0.05628798,0.057469543,0.057259683,0.0556867,0.052880224,0.04908005,0.044651855,0.040109023,0.0361224,0.033449404,0.0326751,0.03384714,0.03641259,0.03955763,0.042537253,0.04479056,0.045935497,0.04573822,0.04408733,0.040975485,0.036485054,0.030775398,0.024071923,0.016665287,0.008992634,0.0034346052,0.008676888,0.016095575,0.023188222,0.029634142,0.035300758,0.04014116,0.044178165,0.0474984,0.050247684,0.052625164,0.05487332,0.057259645,0.06004631,0.06344912,0.06759502,0.072492614,0.07802641,0.08397475,0.09004285,0.09590112,0.10122205,0.10571267,0.10914071,0.11135362,0.112288505,0.11197142,0.11050486,0.10804332,0.10475933,0.10080533,0.09628026,0.09121113,0.085558206,0.079247504,0.07222869,0.06455595,0.05649656,0.048685804,0.042324323,0.039172705,0.040632747,0.04634404,0.05457756,0.06361429,0.072224975,0.07959011,0.085177496,0.088672385,0.08994112,0.08900802,0.08603616,0.08131032,0.07522562,0.06829027,0.06115339,0.054661583,0.049898636,0.048036862,0.04982227,0.055074044,0.06287166,0.072119914,0.081851676,0.09125785,0.09964295,0.10639409,0.11097512,0.11293781,0.111941166,0.107772015,0.1003627,0.08980417,0.07635581,0.06046251,0.04282934,0.024906328,0.013716163,0.024562407,0.04254581,0.060321562,0.076354384,0.08986219,0.10030977,0.107334726,0.11073561,0.11047012,0.10665333,0.099554725,0.08959807,0.07737488,0.06370151,0.04980692,0.037882436,0.031943813,0.03533474,0.045262266,0.05729707,0.069062434,0.07943348,0.08782518,0.0939264,0.09760116,0.09884549,0.09776328,0.09454885,0.089471854,0.082863376,0.07510322,0.0666094,0.05783102,0.049246013,0.041362047,0.03470746,0.029768389,0.026807455,0.025629468,0.025594048,0.025946135,0.026105346,0.02573594,0.024703601,0.023020135,0.020806799,0.018279174
9,0.13766345,0.13918199,0.13962428,0.13888437,0.13690336,0.13366812,0.1292087,0.12359471,0.11693039,0.10934845,0.10100304,0.092062116,0.08270022,0.07309242,0.06341101,0.05382694,0.044519953,0.035705738,0.027700968,0.021071667,0.01685678,0.016198775,0.0186922,0.02263718,0.02677036,0.030444996,0.033324532,0.03522286,0.03604877,0.03579376,0.03453951,0.032478545,0.029948128,0.027471308,0.025758153,0.02553634,0.027155412,0.030344402,0.03445304,0.038809307,0.04287141,0.04623934,0.048633553,0.049877178,0.049885754,0.048661876,0.046292853,0.042951252,0.0388999,0.03450374,0.03024754,0.02673627,0.024596257,0.024182271,0.025282914,0.027238594,0.029326152,0.030979713,0.03181609,0.031598654,0.03020261,0.027591659,0.023802953,0.018938202,0.013167059,0.00682004,0.0029380526,0.008987302,0.016482046,0.024014039,0.031283125,0.038080644,0.044239216,0.04962947,0.054163806,0.057802144,0.060558576,0.06250796,0.0637905,0.06461101,0.06522773,0.0659256,0.0669723,0.0685646,0.07078325,0.07357668,0.07678197,0.08017289,0.08351565,0.08661609,0.08934951,0.09167031,0.09360138,0.09520508,0.09654098,0.09762027,0.09836985,0.09861798,0.09810725,0.09653174,0.09358925,0.089038976,0.08275893,0.07480502,0.06548595,0.055491623,0.046145383,0.03974208,0.039024137,0.044563863,0.05403306,0.06485014,0.07533371,0.084480144,0.091688454,0.09662139,0.09913802,0.09925315,0.09710522,0.09292776,0.087026134,0.07976593,0.0715841,0.063038975,0.054918595,0.04839309,0.04501156,0.04605197,0.05145249,0.059881,0.06975675,0.07978256,0.088957116,0.09648537,0.10172534,0.104172856,0.103466675,0.099401,0.09193828,0.08122044,0.067583054,0.051599506,0.03430166,0.018798742,0.018549485,0.034357205,0.052602112,0.069959864,0.08527031,0.09781606,0.10709454,0.11277831,0.11470858,0.11289336,0.107504494,0.098874,0.08749564,0.074047595,0.05948203,0.04532199,0.03449441,0.03184239,0.03875812,0.05048307,0.0631314,0.074908964,0.08495884,0.09283323,0.09831033,0.10132327,0.1019255,0.1002685,0.096583605,0.091165245,0.08435483,0.076525494,0.06806808,0.05937926,0.050852217,0.042869825,0.03579736,0.029964207,0.025612537,0.022799203,0.021311618,0.020726383,0.020603422,0.02064324,0.020722574,0.020853253,0.021116398,0.021595266
10,0.130612,0.13182822,0.132036,0.13113055,0.1290518,0.12578347,0.121351324,0.11582009,0.10928934,0.10188794,0.09376746,0.08509483,0.07604506,0.066794746,0.05751824,0.04838865,0.03958853,0.031341143,0.023989592,0.018178757,0.01505904,0.015526734,0.018643165,0.022765653,0.026900558,0.030555405,0.03346086,0.03545344,0.0364375,0.036377985,0.035306282,0.03333396,0.030675083,0.027680561,0.024880057,0.02297925,0.022662114,0.024160879,0.027071975,0.030694203,0.03438568,0.037669823,0.04021945,0.041825507,0.042375393,0.041839764,0.040263835,0.037760887,0.0345075,0.030741258,0.026762573,0.02294,0.01970569,0.017490312,0.01652776,0.016638363,0.017300438,0.017948424,0.018155271,0.017652554,0.016300518,0.014069087,0.011062072,0.007707939,0.005761589,0.008262796,0.013641822,0.020042485,0.026851261,0.033750147,0.0404951,0.04687307,0.052695803,0.05780371,0.062073115,0.065424554,0.067830645,0.069322184,0.06999069,0.069985226,0.06950142,0.068760715,0.06798079,0.067341946,0.06695963,0.06687523,0.06707255,0.067516685,0.068201676,0.06918807,0.070612624,0.07265852,0.07548779,0.07915743,0.08355485,0.08838117,0.09318424,0.097421445,0.10052916,0.10198532,0.10136093,0.09836154,0.092861585,0.08493759,0.074912705,0.0634454,0.05174408,0.04204343,0.037920162,0.041821115,0.051678658,0.06394068,0.07631345,0.087545134,0.09693155,0.104079165,0.10879953,0.11105223,0.110905275,0.10850387,0.104047306,0.09777776,0.08998681,0.081047736,0.07148578,0.062103048,0.05415029,0.049363453,0.049308993,0.05406491,0.06207611,0.071393594,0.080437765,0.088053636,0.09339982,0.095872894,0.09507563,0.09080897,0.083074026,0.07208095,0.058278095,0.04247714,0.026546111,0.01782125,0.027543956,0.044908497,0.06287129,0.07949812,0.09381809,0.10517424,0.11310959,0.11734444,0.11777138,0.1144516,0.10760916,0.09762477,0.08503602,0.070563115,0.05521894,0.04070256,0.030566826,0.030341126,0.03953639,0.052284863,0.06520472,0.07688737,0.086669326,0.09421403,0.099374324,0.10213707,0.10259349,0.100917906,0.097349174,0.09217303,0.08570505,0.07827437,0.07020867,0.061821125,0.05340015,0.04520336,0.037458077,0.03037287,0.024168557,0.019139431,0.01572358,0.01439723,0.015176438,0.01742297,0.020409541,0.02366064,0.026898477,0.02994059
11,0.12056923,0.12144507,0.12138612,0.12028921,0.11809368,0.114780925,0.110373184,0.10493121,0.098550744,0.0913576,0.08350159,0.0751495,0.06647781,0.057666194,0.04889356,0.04034006,0.03220236,0.024741093,0.018410118,0.014131853,0.013213163,0.015575066,0.019542757,0.02387347,0.027982341,0.031572025,0.034456488,0.036502026,0.037611794,0.03772647,0.03683138,0.03496658,0.03224007,0.028847467,0.025106322,0.02151549,0.018815486,0.017855885,0.019003501,0.021742217,0.025196854,0.02866344,0.031685103,0.033982955,0.035400055,0.03587038,0.035401303,0.034061577,0.031971112,0.029290901,0.026212547,0.022946877,0.019710371,0.016706312,0.014095222,0.011951505,0.010220244,0.008712908,0.007166989,0.005337711,0.0031040474,0.0014512024,0.0042005144,0.008433497,0.013365406,0.018845534,0.024740232,0.03090144,0.037166562,0.043363363,0.049316697,0.0548565,0.05982674,0.06409491,0.06756143,0.070168026,0.07190369,0.072806984,0.07296273,0.072491944,0.0715344,0.07022552,0.06867202,0.066934004,0.06502242,0.06291904,0.060620904,0.05820553,0.055905912,0.05416951,0.053644646,0.05501685,0.058705073,0.06462566,0.07222524,0.08069577,0.089169696,0.09682637,0.10294062,0.10690953,0.10827353,0.10673605,0.102182016,0.094696894,0.08459376,0.07247078,0.059362713,0.047145132,0.039276738,0.039920777,0.048858497,0.061959956,0.076071285,0.08953641,0.10146356,0.111339204,0.11886774,0.123896465,0.1263732,0.12631974,0.12381705,0.11900247,0.1120804,0.10334878,0.09324545,0.08242222,0.0718539,0.062950365,0.05746336,0.05674214,0.060593385,0.06731006,0.07484338,0.08154262,0.08624333,0.08816901,0.08684932,0.082077436,0.07389434,0.06259902,0.048823677,0.03389779,0.02184349,0.02349342,0.037997764,0.05562306,0.07294238,0.08858206,0.10170133,0.11171083,0.11821227,0.12098405,0.1199756,0.11530054,0.107227035,0.09616715,0.082671836,0.06744968,0.05146947,0.03638069,0.026029134,0.026927806,0.03737886,0.050584152,0.06350496,0.075011574,0.084594466,0.092010215,0.09717132,0.10010053,0.100904346,0.09975272,0.09686099,0.09247303,0.08684549,0.08023375,0.07288003,0.065004274,0.05679852,0.048425358,0.040021535,0.031709503,0.02362675,0.016019518,0.009679715,0.0077092373,0.011869234,0.017939428,0.024133585,0.029985795,0.03528639,0.039891027
12,0.10789309,0.10842579,0.10810099,0.10681702,0.10451276,0.10116767,0.096801095,0.09147051,0.0852687,0.07831946,0.07077218,0.062795326,0.054569688,0.04628266,0.038126245,0.030305246,0.023072625,0.016842194,0.0124812005,0.011400403,0.013685321,0.017597092,0.021908814,0.026108982,0.029962333,0.03332126,0.036064617,0.038081277,0.039270673,0.0395502,0.038864933,0.03719746,0.034576997,0.031088395,0.026884345,0.022210946,0.017476294,0.013435514,0.011444874,0.012583478,0.015913762,0.019933408,0.023801668,0.027110713,0.029653756,0.031335395,0.032137286,0.032101393,0.031317994,0.029913971,0.028039698,0.025854025,0.023507616,0.021126071,0.018796258,0.01656208,0.014438419,0.01245405,0.010737518,0.009645727,0.009781067,0.01155192,0.014779421,0.019046368,0.024013653,0.029434124,0.035106916,0.040851098,0.046496093,0.05188068,0.05685623,0.061292052,0.06508186,0.068150364,0.070459165,0.07201066,0.07284843,0.073052436,0.07272746,0.07198443,0.07091616,0.06957202,0.067939095,0.065937616,0.06343665,0.060291894,0.05640549,0.051811434,0.046800226,0.042100724,0.039055213,0.03937966,0.04403975,0.052432716,0.06312254,0.074722916,0.08611381,0.09639221,0.104818545,0.110797495,0.1138806,0.1137782,0.11037361,0.10373791,0.094149545,0.08213445,0.06857156,0.05498418,0.044230934,0.04087672,0.047321137,0.060265265,0.07567045,0.09124438,0.10576899,0.118524015,0.12904397,0.13701768,0.14224304,0.14460668,0.14407788,0.14071295,0.1346684,0.1262225,0.11580584,0.10404359,0.09181307,0.080307454,0.071032815,0.06551424,0.064503774,0.067273356,0.072000325,0.07675516,0.08004187,0.080861926,0.07863519,0.0731292,0.06442771,0.05295979,0.03970558,0.027191777,0.02281999,0.032532077,0.048700463,0.06599053,0.08239953,0.0968538,0.1086265,0.11720646,0.12226542,0.12364763,0.121362105,0.11557211,0.10658106,0.09481649,0.08081697,0.065235175,0.048901103,0.033142,0.02134892,0.021471743,0.03225844,0.04547165,0.058172565,0.069444194,0.078907356,0.08639739,0.0918712,0.09536812,0.09698595,0.09686242,0.0951593,0.09204884,0.08770268,0.08228373,0.07594115,0.068808526,0.06100485,0.052637834,0.04380863,0.034617197,0.025167437,0.015571647,0.005956831,0.0035887223,0.012833694,0.02168408,0.029971052,0.037535533,0.044224255,0.049894795
13,0.09314294,0.09336778,0.09281622,0.09138729,0.08901905,0.085689075,0.08141416,0.076249294,0.07028542,0.06364611,0.05648319,0.04897174,0.041305862,0.03369833,0.026392259,0.01970868,0.014198981,0.010967136,0.011203708,0.014078438,0.017918,0.021903042,0.025744155,0.029332768,0.032608036,0.03550771,0.037951577,0.039840773,0.041065708,0.041518297,0.041105356,0.039760966,0.037456498,0.034207568,0.030077994,0.025181616,0.019685626,0.013830846,0.008070549,0.0043801703,0.0072585945,0.012429205,0.017471327,0.02192978,0.02562637,0.028476765,0.030460006,0.031608652,0.032000862,0.031750403,0.030993624,0.02987384,0.028524863,0.02705701,0.025550658,0.024062494,0.022647804,0.021397276,0.020478362,0.02015465,0.020737993,0.022458145,0.025343318,0.029226432,0.033840377,0.03889891,0.044133022,0.0493018,0.054195695,0.058639124,0.062493872,0.06566287,0.06809367,0.06978068,0.07076507,0.07113122,0.07099785,0.07050247,0.06977857,0.06892729,0.067988575,0.06691985,0.06559003,0.06379303,0.061279174,0.057799716,0.053161535,0.047298126,0.040387347,0.033112194,0.027275445,0.026313223,0.032362845,0.04334215,0.056559086,0.07036235,0.083683364,0.09570656,0.10575851,0.11328376,0.11785048,0.1191652,0.11708869,0.11165154,0.10307286,0.09179431,0.07856188,0.06463976,0.05233304,0.045680188,0.04865748,0.06019267,0.07608329,0.093281195,0.11008657,0.12547898,0.1387704,0.14946437,0.15720096,0.16173805,0.16294944,0.16083202,0.15551798,0.14728999,0.13659877,0.12408362,0.11059693,0.09722736,0.08528951,0.076176375,0.0709127,0.06950527,0.070751555,0.07285121,0.07414719,0.07345252,0.070071466,0.06374167,0.054609466,0.04332959,0.031606674,0.024235582,0.028720621,0.04239505,0.05893727,0.07553875,0.09084083,0.103975266,0.11432659,0.121470876,0.12515782,0.12530172,0.121971235,0.11537525,0.105844475,0.09381045,0.07978471,0.064344876,0.04814811,0.03206567,0.018087879,0.014288725,0.024329502,0.037194926,0.04950141,0.060498234,0.0699238,0.07768101,0.08375636,0.08818608,0.091035336,0.0923831,0.09231104,0.090896465,0.0882091,0.08431144,0.0792621,0.07312123,0.06595711,0.057853118,0.04891498,0.039279863,0.02913559,0.018796744,0.009289809,0.007858842,0.016586173,0.02650314,0.036077477,0.044891592,0.052683644,0.059246708
14,0.07711167,0.07710814,0.07641858,0.07494169,0.07261449,0.069413245,0.06535384,0.060491633,0.054920632,0.048772432,0.04221572,0.03545899,0.02876284,0.022478407,0.017147647,0.013663857,0.01299257,0.0148777105,0.018002104,0.021414194,0.02470641,0.02775169,0.030544735,0.03312253,0.03551809,0.037732165,0.039719917,0.041391455,0.042623226,0.043275587,0.04321208,0.04231708,0.040509943,0.037754823,0.034066174,0.029510098,0.02420222,0.018303622,0.012020825,0.0056655635,0.00228551,0.0077446843,0.013502403,0.018730124,0.023250455,0.026969407,0.029851075,0.03191273,0.03321908,0.033872742,0.03400048,0.033736408,0.03320477,0.032506727,0.03171622,0.030888839,0.030083729,0.02939346,0.02897049,0.029031998,0.029823024,0.03153657,0.034231428,0.037804943,0.042030867,0.04662203,0.051281586,0.0557347,0.059746817,0.06313495,0.06577545,0.067609005,0.068642855,0.068949096,0.06865794,0.06794414,0.06700486,0.066028684,0.06515829,0.06445438,0.06387144,0.063254684,0.06235926,0.060885563,0.05852046,0.054977383,0.05003401,0.043574005,0.03565784,0.026725173,0.018445048,0.016398473,0.024635002,0.03777473,0.052430686,0.06728084,0.0815065,0.094437145,0.10548147,0.114124745,0.11994392,0.12262684,0.12199146,0.118004754,0.11080481,0.100736275,0.08842353,0.07494165,0.06220722,0.053592924,0.05333215,0.062501535,0.077856496,0.09587176,0.114300214,0.13175163,0.14727949,0.16019098,0.16997276,0.17626655,0.17886631,0.17772397,0.17295794,0.1648612,0.15390766,0.14075632,0.12625338,0.1114285,0.09746886,0.085619904,0.07691944,0.07174242,0.06945591,0.068628095,0.06765681,0.065264314,0.060670037,0.053599626,0.044317532,0.033923008,0.025587898,0.025971444,0.036631327,0.05187339,0.0681583,0.08383285,0.09789853,0.1096509,0.11858463,0.12436706,0.12682822,0.12595199,0.12186337,0.11481126,0.10514682,0.09329895,0.07974851,0.06500406,0.049584232,0.0340251,0.019031337,0.007659028,0.01389034,0.026161216,0.03794746,0.048640735,0.05810058,0.06629109,0.07321481,0.07888578,0.08331391,0.08649609,0.08841322,0.08903243,0.08831343,0.08621765,0.08271865,0.077812605,0.07152815,0.06393547,0.055156127,0.045379035,0.03490237,0.024290463,0.015165529,0.013067382,0.020442218,0.030788377,0.041347228,0.05126491,0.060101338,0.06755189
15,0.06093156,0.0608378,0.06017524,0.058843065,0.056780156,0.05396724,0.050429128,0.04623765,0.041516263,0.036448557,0.031294897,0.026422918,0.022347592,0.01971227,0.019020177,0.020170873,0.02249054,0.02525664,0.027984105,0.030420247,0.03247693,0.034177117,0.03561446,0.036915436,0.03819964,0.03954197,0.040945865,0.04233573,0.043569572,0.04446499,0.044829145,0.04448558,0.043294787,0.041168112,0.038075905,0.03405123,0.029191121,0.023659643,0.017707001,0.011772958,0.007103414,0.0072649256,0.0117235575,0.016928762,0.02182209,0.026087008,0.029601265,0.032336485,0.034328967,0.035662312,0.036450125,0.036817044,0.03688037,0.03673662,0.036457855,0.03610069,0.035726737,0.035428286,0.03534811,0.035678983,0.036630306,0.038364273,0.04092967,0.044232383,0.048056193,0.052113254,0.056096204,0.059718344,0.06274133,0.06499397,0.06638477,0.0669093,0.06665166,0.06577853,0.06452281,0.06315367,0.061931543,0.061052706,0.060597457,0.06050202,0.060566943,0.060496964,0.05995363,0.05860263,0.056147687,0.05235177,0.047050904,0.04016798,0.031742163,0.022041842,0.012322128,0.010537278,0.02136185,0.03538711,0.0502014,0.06501606,0.079247646,0.092355885,0.10382643,0.11318242,0.120003894,0.12394986,0.12478114,0.12238464,0.11680207,0.1082711,0.09729816,0.08480542,0.07243312,0.063012496,0.06042744,0.06696608,0.080879055,0.09875911,0.117937766,0.13665013,0.15368141,0.16814463,0.17938347,0.18693706,0.19053155,0.19008154,0.18569332,0.1776657,0.16648662,0.15282476,0.1375158,0.1215415,0.10599278,0.091991514,0.08052068,0.07212394,0.066584274,0.06289379,0.059656233,0.055607807,0.049930125,0.04237612,0.033457153,0.025231227,0.023060502,0.030931931,0.04465078,0.060261913,0.07590105,0.090487845,0.10325979,0.11365032,0.12125781,0.12583695,0.12729304,0.12567261,0.12114923,0.11400397,0.104601964,0.09336608,0.08074941,0.0672081,0.053176224,0.039044257,0.025143009,0.011739487,0.0013861553,0.013062189,0.024203897,0.034527756,0.044046912,0.05278146,0.060734533,0.067877606,0.07414373,0.07942861,0.0835985,0.08650279,0.08798931,0.08792014,0.08618662,0.082722634,0.07751594,0.070618205,0.062156033,0.05234968,0.041561417,0.030460173,0.020698683,0.016958164,0.022966472,0.03361585,0.045139458,0.05619693,0.066143245,0.07456216
16,0.04636969,0.046408743,0.046065852,0.045247793,0.043907393,0.042048834,0.039733864,0.037089534,0.03431661,0.031693712,0.029562496,0.028267454,0.028037982,0.02887184,0.03052835,0.032640927,0.034844227,0.036845855,0.038449556,0.039557047,0.040163547,0.04035043,0.04027235,0.04013332,0.040147122,0.04048404,0.04121826,0.042298846,0.0435587,0.044754215,0.04561503,0.045886584,0.045359332,0.043885943,0.041389916,0.037868775,0.033394393,0.028114123,0.022262309,0.016217804,0.01077407,0.008130156,0.010539318,0.01539412,0.02051862,0.02522238,0.02925731,0.03253661,0.03506283,0.036898423,0.03814428,0.038919024,0.03933968,0.039507408,0.039502762,0.039393,0.03924985,0.039171316,0.039296646,0.039801724,0.040865947,0.04261573,0.04506918,0.048112392,0.051518105,0.054991864,0.05822337,0.060930207,0.06289127,0.06397154,0.06413991,0.06347988,0.062190957,0.06057509,0.058999676,0.05782947,0.057332758,0.05759277,0.058471113,0.059645735,0.060697507,0.06119869,0.060774326,0.0591332,0.056076966,0.051496997,0.04536608,0.037731368,0.028720897,0.01862276,0.008710484,0.009612308,0.021511279,0.03508922,0.04911478,0.063107945,0.07665652,0.08934308,0.100738525,0.11041278,0.11795332,0.12298908,0.12521815,0.12443956,0.12059089,0.113797605,0.104448214,0.0933256,0.08184622,0.072410956,0.06840726,0.07255215,0.08443616,0.10127766,0.1202687,0.13934994,0.15706336,0.17234448,0.18440977,0.19270942,0.19691099,0.19689481,0.19275112,0.18477412,0.17345032,0.15944073,0.14355628,0.1267262,0.10995527,0.094258994,0.08055123,0.069453575,0.061048128,0.05473694,0.04941843,0.04392661,0.037448224,0.029832473,0.022193437,0.018737527,0.024676215,0.037054583,0.051804062,0.067063056,0.08177816,0.09518535,0.106687814,0.115831345,0.12230249,0.12592903,0.12667665,0.124639854,0.120027095,0.11314077,0.10435326,0.094080225,0.08275272,0.07078963,0.058572356,0.046424188,0.034599062,0.023294251,0.012778137,0.0051451614,0.010164181,0.019298386,0.028628305,0.037864283,0.046912417,0.055652305,0.06390914,0.07145876,0.078043565,0.08339258,0.087242104,0.08935534,0.089539945,0.08766298,0.083663404,0.07756269,0.069475636,0.05962721,0.048393875,0.036438663,0.025245856,0.019031482,0.023409503,0.03445774,0.047105353,0.059446156,0.070626214,0.080121376
17,0.036375143,0.036835577,0.037225228,0.037462555,0.03751443,0.037400063,0.037190266,0.037000064,0.036971577,0.037245423,0.037924185,0.039039426,0.04053625,0.04228208,0.044093482,0.045769017,0.04711871,0.047987025,0.048270013,0.047928363,0.0469976,0.04559519,0.04392205,0.04225198,0.040898297,0.040148143,0.040173534,0.040960275,0.04230269,0.043866612,0.045275748,0.046179645,0.046292245,0.045408707,0.043410372,0.040263947,0.036017966,0.030798815,0.024811216,0.018361438,0.011996549,0.007346086,0.008394567,0.013501898,0.019158864,0.024409771,0.02895849,0.032696646,0.03561185,0.037756965,0.03922954,0.04015189,0.040651858,0.04084754,0.040840395,0.040719423,0.04057531,0.040518276,0.04068884,0.041249424,0.04235005,0.044076003,0.0464016,0.049175702,0.052145172,0.055002,0.05743524,0.059177313,0.060042504,0.059959024,0.058995534,0.05738013,0.05550289,0.053881723,0.053062398,0.053447228,0.055122793,0.057809036,0.06096612,0.06396452,0.066217616,0.067251086,0.06672818,0.06445192,0.060356032,0.054489728,0.046999585,0.03811461,0.028154818,0.017677976,0.008957291,0.012056913,0.023215652,0.035706326,0.048483398,0.061197806,0.07358848,0.08538027,0.096256755,0.10585854,0.113797195,0.11968092,0.12314911,0.12391386,0.121808164,0.11684401,0.10929007,0.099789515,0.08954994,0.08059966,0.07582574,0.07794534,0.087493345,0.102542125,0.12045213,0.1390137,0.15658444,0.17195326,0.18423031,0.19279103,0.19725186,0.1974589,0.19347915,0.18558846,0.17425367,0.16010797,0.14391968,0.1265546,0.10893142,0.09196678,0.07650004,0.063180774,0.052307907,0.04366886,0.036528636,0.029898446,0.023010032,0.016027328,0.012276213,0.017815692,0.029359268,0.043076593,0.05754125,0.071904846,0.08548338,0.09769163,0.10804356,0.1161643,0.12180078,0.12482692,0.12524255,0.123165816,0.11881991,0.112514414,0.10462242,0.095554106,0.0857275,0.07553765,0.06532558,0.055350024,0.045767248,0.03662829,0.027910328,0.01962976,0.01229431,0.009039975,0.013958114,0.022671128,0.03253501,0.042811535,0.053073518,0.062928945,0.071981,0.07983441,0.08611301,0.09047945,0.09265402,0.09243131,0.08969403,0.08442424,0.07671298,0.06677236,0.05496275,0.041882813,0.028746873,0.019193025,0.021332495,0.033076007,0.047146764,0.06096,0.07349313,0.084143706
18,0.034315825,0.03525091,0.03648088,0.03790996,0.039466377,0.0411071,0.04281471,0.044588666,0.046433073,0.048343387,0.050294768,0.05223454,0.054080352,0.055724226,0.057041593,0.057903606,0.058191262,0.057810023,0.05670436,0.054871865,0.052377135,0.049365308,0.046074007,0.042838044,0.040071554,0.03820004,0.037526708,0.038086634,0.039607678,0.041618127,0.043601498,0.045100696,0.045759726,0.045331072,0.043670833,0.040730763,0.03654957,0.03124346,0.024996446,0.0180539,0.010745329,0.003954262,0.005667207,0.012414939,0.018909162,0.024700657,0.029623035,0.033602986,0.036638297,0.038787283,0.040155817,0.04088075,0.04111154,0.040993866,0.040659804,0.04022804,0.039813947,0.039543852,0.03956254,0.040021498,0.041042477,0.04266706,0.04481825,0.047296584,0.04981207,0.052035592,0.053653244,0.054416455,0.054188322,0.052989434,0.051045302,0.048828483,0.047060784,0.046592496,0.048088085,0.051667336,0.05684136,0.062779285,0.06860401,0.07354838,0.07700614,0.078541644,0.07788799,0.074941285,0.069751084,0.06250678,0.053522237,0.04322882,0.032215673,0.021502407,0.014030482,0.01615944,0.025454024,0.03652461,0.047862183,0.05907156,0.07000361,0.08053834,0.09050393,0.0996457,0.1076274,0.11405674,0.118527874,0.120674625,0.120230444,0.11709509,0.111413464,0.10368012,0.09488823,0.08671479,0.08156675,0.08195608,0.08900419,0.1016561,0.11768575,0.13490196,0.15155898,0.1663401,0.17827313,0.18667278,0.19111,0.19139458,0.18756105,0.1798519,0.1686955,0.15467763,0.13850702,0.12097554,0.10291406,0.08514443,0.06842608,0.053392835,0.040471412,0.029777296,0.02102018,0.013544129,0.0068721594,0.005426919,0.013291103,0.023750417,0.035614315,0.048381336,0.061532795,0.07452062,0.086802386,0.09787608,0.10730871,0.11475811,0.119988,0.1228765,0.12341845,0.121721745,0.11799805,0.112548,0.10574078,0.097987674,0.089709006,0.081294045,0.07305574,0.06518603,0.05772403,0.05055274,0.043435745,0.036093272,0.028314296,0.020160614,0.01274472,0.0113500245,0.019097434,0.03021235,0.042236254,0.054274723,0.0657143,0.07601445,0.08467988,0.09126957,0.09541405,0.09683307,0.09535068,0.09090676,0.083565004,0.07351903,0.06110306,0.04683192,0.031594954,0.01794798,0.016503016,0.029565157,0.04545049,0.060881987,0.07480605,0.08660364
19,0.03941034,0.040458944,0.042070627,0.04414301,0.04655956,0.049205985,0.051978342,0.05478419,0.05753942,0.06016323,0.0625732,0.06468174,0.06639478,0.067613296,0.06823735,0.06817281,0.067339964,0.06568365,0.06318451,0.059871294,0.055834517,0.051242482,0.046360776,0.041573532,0.03739245,0.034406733,0.03310071,0.03357299,0.035424665,0.037968356,0.04051234,0.042501256,0.04353761,0.04336364,0.041840576,0.038932875,0.03469614,0.029266821,0.022853836,0.015740722,0.008375753,0.003341326,0.008605491,0.015622288,0.022182088,0.027937954,0.0327204,0.036449306,0.039120134,0.040795468,0.04159324,0.04167058,0.04120478,0.04037463,0.039346654,0.03827065,0.03728583,0.036532987,0.036161114,0.03631398,0.037090395,0.03849204,0.040389556,0.042529147,0.04457506,0.04616755,0.046981286,0.046781827,0.045486435,0.04324089,0.04052334,0.03825302,0.037739687,0.040149335,0.045697182,0.053582843,0.062631555,0.071745984,0.08001809,0.08672375,0.091309816,0.09339159,0.09275577,0.08936257,0.083343156,0.07499205,0.064758085,0.053247143,0.04127831,0.030132934,0.022342583,0.021802204,0.028186558,0.037350107,0.04707208,0.056657113,0.0659534,0.07496523,0.0836805,0.091984294,0.09962986,0.10625523,0.111431725,0.114729874,0.115792245,0.11440836,0.11059364,0.10468054,0.0974333,0.09018084,0.08486702,0.08369934,0.08812342,0.09788118,0.111330226,0.12646452,0.14152496,0.15513314,0.16625729,0.17416258,0.1783771,0.1786698,0.17503205,0.1676581,0.15692101,0.14334342,0.12756328,0.11029565,0.092291564,0.07429588,0.05700527,0.041028485,0.026854478,0.0148652755,0.0058607245,0.0061075273,0.012285017,0.018685143,0.025567427,0.03344804,0.042535756,0.052705538,0.06360144,0.07474671,0.085624285,0.09573046,0.10461124,0.11188828,0.117277555,0.12060247,0.12180175,0.12093208,0.11816518,0.11377836,0.10813706,0.10166716,0.094814174,0.08798794,0.08149595,0.07547885,0.06987191,0.06441602,0.0587227,0.05237207,0.045014456,0.036466017,0.026851421,0.017156282,0.012358199,0.01962193,0.03229638,0.046077456,0.05963317,0.07217273,0.08305411,0.09172541,0.09772694,0.100705735,0.100430384,0.09680232,0.08986189,0.07978931,0.06690169,0.05165233,0.034663152,0.017083693,0.008875117,0.024613813,0.042588755,0.05957524,0.07474468,0.087531306
20,0.04706202,0.047890574,0.049455058,0.0516763,0.05442177,0.057530805,0.060835253,0.06417203,0.06738861,0.07034409,0.07290823,0.074960254,0.076388404,0.07709086,0.076978184,0.075977385,0.07403735,0.0711356,0.06728611,0.06254845,0.05703894,0.050945923,0.04455303,0.038276304,0.03271388,0.028655302,0.026863365,0.027519107,0.0299477,0.033111244,0.03612972,0.038401246,0.039547414,0.03935295,0.037730146,0.03470175,0.030396756,0.025064291,0.019141348,0.013533054,0.010513242,0.012747768,0.018244749,0.024432266,0.030274421,0.035317134,0.039326005,0.04219316,0.04390773,0.04454024,0.044227492,0.04315438,0.041532453,0.03957746,0.037490174,0.03544593,0.03359693,0.03208541,0.03105596,0.030647362,0.030950394,0.031945746,0.033463936,0.035197906,0.036757983,0.037739243,0.037785523,0.036654487,0.034304075,0.031042892,0.027813388,0.026508141,0.029307097,0.036609508,0.04701318,0.058957785,0.07123854,0.08290815,0.09318159,0.10140651,0.10706765,0.109803036,0.10942061,0.105909705,0.099445105,0.09038401,0.0792601,0.06678592,0.05389207,0.04187134,0.032709543,0.02905028,0.031760275,0.038325828,0.04613882,0.05399576,0.061562862,0.06887706,0.07606507,0.0831761,0.09009593,0.09653488,0.102073275,0.10623898,0.1085944,0.108820654,0.106796704,0.10267838,0.09698557,0.09069722,0.08530609,0.08265897,0.084332824,0.09076036,0.10100534,0.11341061,0.12629622,0.1382609,0.14822777,0.15541579,0.15930685,0.1596204,0.15629265,0.1494559,0.13941565,0.12662402,0.11165043,0.09515094,0.077839695,0.060470596,0.043853324,0.029000225,0.01784391,0.014729621,0.019597836,0.026130952,0.031858828,0.036520984,0.04056124,0.04470608,0.049690533,0.05599599,0.06370273,0.07252491,0.08195248,0.09139085,0.100254826,0.10802354,0.11427292,0.11869677,0.12112103,0.12151247,0.11998121,0.1167752,0.11226392,0.106906906,0.10120214,0.095611356,0.090468526,0.08589403,0.081751294,0.077673875,0.07315767,0.06768075,0.06081196,0.052293662,0.0421187,0.030699786,0.019672528,0.015674174,0.024832524,0.03913588,0.05421786,0.06859293,0.081373215,0.09187147,0.099534675,0.103941314,0.10481138,0.10201577,0.09558099,0.08568738,0.07266081,0.056958195,0.03914858,0.019899853,0.0016961012,0.020348258,0.039680764,0.057646755,0.07360357,0.08701065
21,0.053834807,0.0542406,0.055514574,0.05761942,0.06042639,0.06374426,0.06735157,0.07102174,0.07453841,0.07770297,0.08033753,0.08228603,0.08341481,0.08361371,0.082797825,0.080910094,0.07792455,0.07385019,0.06873539,0.06267306,0.055807486,0.04834519,0.04057622,0.03292097,0.026033586,0.020966591,0.019021045,0.020462628,0.023874324,0.027679792,0.030921115,0.033087254,0.033916604,0.033308808,0.031296678,0.02805305,0.023940273,0.019652735,0.016511863,0.016373996,0.019767512,0.025245259,0.03135847,0.037246827,0.0424023,0.046509985,0.04938649,0.050956722,0.051242154,0.050350115,0.04845992,0.045804188,0.04264519,0.03924761,0.0358513,0.032650463,0.029787814,0.027369281,0.025493518,0.02427204,0.023805741,0.024107957,0.025024818,0.026224826,0.027262766,0.027665162,0.027003506,0.024963437,0.021456176,0.0169381,0.013563174,0.016148495,0.025257612,0.037724216,0.051800556,0.06648315,0.08095439,0.094456665,0.10628497,0.115812086,0.12252203,0.12604214,0.12616949,0.122888654,0.116380066,0.10701954,0.09537214,0.08218812,0.06841729,0.05527093,0.04434977,0.037622083,0.03639834,0.039703038,0.045201864,0.05120358,0.057013527,0.06255624,0.06802604,0.07363492,0.079444215,0.08529164,0.09081161,0.095517315,0.09890385,0.10054531,0.10017706,0.097766034,0.09357707,0.08824073,0.08280936,0.078725964,0.07753174,0.08022082,0.086669125,0.09575951,0.10599682,0.11598273,0.12458884,0.13097306,0.13455452,0.1349869,0.13213626,0.12606177,0.11699713,0.1053322,0.09159744,0.07645835,0.060741324,0.04555501,0.032698542,0.025467955,0.026746308,0.03346688,0.041141316,0.047689464,0.052394405,0.05516797,0.056332696,0.056568433,0.05686384,0.05834688,0.061925206,0.06790502,0.075915515,0.085165806,0.094751924,0.10384045,0.11174452,0.11795047,0.12212798,0.12413477,0.124016576,0.121999815,0.11847243,0.11394652,0.10899538,0.104160525,0.099836454,0.09616364,0.092977025,0.08984315,0.086173154,0.081362545,0.074911654,0.06651093,0.056106083,0.043999,0.03119953,0.02108372,0.02220305,0.03446363,0.050005224,0.06557598,0.07978928,0.091759585,0.10082729,0.10650457,0.108470194,0.10657404,0.10084029,0.09146655,0.07882031,0.063441254,0.04608654,0.028051581,0.014272019,0.021219518,0.038458105,0.055936713,0.07178135,0.085179485
22,0.057984933,0.057812564,0.058631796,0.06046453,0.06320002,0.066623546,0.07046124,0.07442086,0.07821932,0.08159765,0.08432798,0.0862165,0.08710501,0.08687223,0.08543523,0.08275111,0.07881864,0.07367978,0.0674208,0.06017319,0.052114617,0.043471906,0.03453129,0.025675366,0.017525652,0.011515868,0.010599623,0.01438361,0.019143973,0.023212092,0.026020642,0.02734522,0.027131641,0.025472287,0.02264765,0.019261587,0.016541531,0.016418094,0.019904068,0.025910163,0.03299315,0.04020423,0.04693066,0.05274062,0.057323087,0.060469847,0.062071823,0.06211839,0.060694747,0.057975113,0.054210585,0.04971092,0.04481972,0.039882384,0.03520737,0.031024938,0.027455874,0.024510752,0.022134814,0.02028404,0.018982554,0.018301696,0.0182446,0.018618928,0.019019142,0.018920429,0.017788535,0.015152908,0.010651256,0.0041011753,0.004976418,0.01588485,0.0287735,0.04321829,0.058705665,0.0746188,0.09026887,0.10493506,0.1179088,0.12853898,0.1362751,0.14070547,0.14158796,0.1388714,0.13270663,0.123447426,0.11164357,0.09803054,0.08352527,0.06924148,0.05653185,0.046978746,0.04197656,0.041640036,0.044421144,0.04843363,0.052532446,0.056360286,0.060051005,0.06393091,0.06826659,0.073094405,0.07817171,0.083040684,0.087147415,0.0899608,0.09106621,0.090234004,0.087472215,0.08307429,0.07766804,0.072252676,0.068150856,0.066713534,0.068715245,0.07387922,0.08107684,0.08892009,0.09616887,0.101858296,0.10529759,0.106041335,0.10386442,0.09874474,0.09085321,0.08055367,0.068425365,0.055346645,0.042752404,0.033260886,0.030752042,0.03610701,0.045371395,0.055062093,0.063412346,0.06954701,0.073051766,0.07383781,0.07212451,0.06848268,0.063921645,0.05996638,0.058503043,0.06104588,0.06778096,0.077576764,0.08885237,0.100198485,0.110537805,0.11910738,0.12542099,0.12924457,0.13058078,0.1296535,0.12688318,0.122844204,0.118194416,0.11357029,0.10945487,0.10605166,0.10321908,0.10050565,0.0972741,0.092858136,0.08669853,0.07843816,0.06798878,0.055613652,0.042156838,0.02992838,0.025109202,0.03293285,0.04747718,0.06339504,0.07845495,0.091471694,0.101653464,0.10844414,0.11148677,0.11061775,0.10586756,0.09746237,0.08583014,0.07162824,0.055853702,0.04027302,0.028988013,0.029385865,0.04069685,0.05539783,0.0697516,0.08222994
23,0.058652718,0.057751052,0.057968862,0.0594141,0.062010776,0.06552211,0.069612704,0.07391283,0.07806306,0.08173795,0.08465609,0.08658399,0.08733765,0.08678368,0.0848405,0.08147939,0.07672511,0.07065565,0.06340091,0.055139843,0.046096135,0.036532212,0.026742132,0.017045366,0.0078015355,0.001675523,0.008589837,0.01479583,0.019495545,0.022487149,0.023656081,0.022976741,0.020539088,0.016628614,0.012053947,0.009517232,0.013119748,0.02086255,0.030010452,0.03947075,0.048626035,0.05700453,0.06421549,0.06994258,0.073951304,0.0760987,0.076341204,0.074738696,0.071454145,0.06674818,0.06096867,0.054535124,0.047916632,0.041599233,0.036033448,0.031551488,0.028266251,0.026020372,0.024467703,0.023257406,0.022188177,0.02124877,0.020547237,0.020168032,0.020034611,0.019880388,0.019363595,0.018286647,0.016941523,0.016643764,0.019623116,0.026918195,0.037774757,0.051151127,0.066177234,0.08205832,0.098005936,0.11323053,0.12696487,0.13850047,0.14722736,0.15267192,0.15452857,0.1526831,0.14722551,0.13845277,0.1268617,0.11313562,0.09812982,0.0828641,0.068528734,0.05647989,0.048079412,0.04408977,0.043902144,0.045847815,0.048390705,0.050741795,0.05279635,0.0548727,0.057424534,0.060766917,0.06489435,0.069462515,0.073905624,0.07759251,0.07995241,0.08055578,0.0791629,0.0757568,0.070574485,0.06414993,0.05737699,0.05155723,0.048243076,0.048554108,0.05231136,0.058163576,0.06450093,0.07001169,0.07376543,0.075152576,0.07382912,0.06968964,0.062868,0.053779606,0.043271698,0.033112958,0.027155316,0.030065762,0.040206365,0.05290312,0.06546647,0.07648962,0.08509936,0.09071635,0.09299457,0.09182014,0.087338455,0.080013484,0.07075094,0.061147436,0.053842407,0.0522152,0.05798136,0.06941637,0.083536945,0.098030314,0.111391686,0.12266175,0.1312605,0.13691178,0.13960868,0.13959049,0.13731483,0.13341333,0.12862004,0.123664506,0.11913355,0.115331985,0.11219767,0.10932011,0.10606081,0.1017208,0.09569402,0.087577805,0.077248625,0.06494195,0.051434156,0.03862739,0.031062074,0.034545746,0.046875805,0.062240228,0.07751046,0.0911227,0.10212705,0.10989474,0.114034966,0.1143725,0.11094296,0.103994615,0.09399854,0.08168217,0.068126455,0.055017356,0.045114573,0.04203244,0.046957187,0.056800153,0.06800289,0.07840727
24,0.055485796,0.05368069,0.05312953,0.054076992,0.056510765,0.06016613,0.064619265,0.069395386,0.07404052,0.07815395,0.08139825,0.08350056,0.08425231,0.08350931,0.081192404,0.077288315,0.07184986,0.06499523,0.05690589,0.04782348,0.038047217,0.02793811,0.017962791,0.0090531185,0.006090799,0.011887248,0.018176466,0.02310364,0.026212549,0.027277261,0.026186857,0.022927528,0.017579561,0.010319741,0.0016325,0.009018642,0.020238737,0.031995174,0.0438064,0.055195104,0.06569901,0.07489134,0.08240142,0.08793376,0.091284364,0.0923535,0.09115419,0.08781618,0.08258555,0.07582046,0.06798437,0.059637766,0.05142728,0.044060133,0.038225032,0.034397908,0.03257241,0.032197766,0.032494318,0.03283592,0.03290863,0.032683786,0.03231598,0.032014698,0.031918176,0.032019157,0.03219299,0.032331496,0.032539506,0.033325538,0.03563981,0.040535502,0.048573874,0.05958916,0.072939284,0.087795064,0.10327688,0.11850535,0.1326319,0.1448708,0.1545346,0.16106921,0.16408527,0.16338219,0.15896311,0.15103956,0.14002617,0.12652732,0.1113192,0.09533324,0.079647705,0.06548549,0.05416474,0.04681137,0.04366176,0.04360649,0.044910934,0.046265222,0.047129866,0.04761002,0.048215367,0.049566917,0.052068,0.05567704,0.059921294,0.06409211,0.067451544,0.06936337,0.069356166,0.06714956,0.06266479,0.056032393,0.04761154,0.03805848,0.028565632,0.021562697,0.02082293,0.026337713,0.03398737,0.0410437,0.046196055,0.048731495,0.048252676,0.044603474,0.03786913,0.028463893,0.017683227,0.012058524,0.021858174,0.03747706,0.054007165,0.0699387,0.08427591,0.09619436,0.10500664,0.1101795,0.111360796,0.10840769,0.10141745,0.09077262,0.07723841,0.062228646,0.048565652,0.041791435,0.047178514,0.061811127,0.07990489,0.098115385,0.114709735,0.12868942,0.13947362,0.14679489,0.15066104,0.15133256,0.14929613,0.14522271,0.1399004,0.13413462,0.12861551,0.12377499,0.119682364,0.11603318,0.112247206,0.10763393,0.10156092,0.093584046,0.08353869,0.07162534,0.05856962,0.046053413,0.037660547,0.03831614,0.048069783,0.06217761,0.07707655,0.09086302,0.10242765,0.11106789,0.11635682,0.11810003,0.11632158,0.11126036,0.103373684,0.09335313,0.08216478,0.07112412,0.06196151,0.056613244,0.05628481,0.060377494,0.06694216,0.07400368
25,0.048571374,0.045622393,0.04405066,0.044351533,0.046644475,0.050609943,0.055659845,0.061152298,0.066509455,0.071249425,0.07498327,0.07740621,0.078291826,0.077489994,0.07492714,0.07060743,0.06461378,0.057108436,0.048334204,0.0386214,0.028420711,0.01846543,0.010748107,0.01093639,0.017530585,0.024622146,0.030493947,0.03454131,0.03644558,0.036044136,0.03331861,0.02843389,0.021896657,0.015286997,0.013753419,0.021219885,0.032979276,0.04606256,0.05928166,0.07189131,0.08329691,0.09299879,0.10058934,0.10576324,0.10832943,0.108221106,0.10550214,0.10036957,0.09315289,0.084311984,0.07443717,0.06425547,0.054642834,0.046612423,0.041162863,0.0388286,0.039199065,0.04113153,0.043474883,0.045486584,0.046851866,0.04757005,0.04783016,0.04789184,0.047975216,0.048183102,0.048489448,0.04880904,0.049128678,0.049656488,0.05092745,0.053766083,0.059016068,0.067142725,0.07802622,0.09106933,0.105422385,0.120149866,0.13432102,0.14706172,0.1575931,0.16526568,0.16958976,0.17025986,0.16717158,0.16042902,0.1503427,0.13741902,0.12234351,0.105962954,0.089273214,0.07342006,0.059701525,0.0494694,0.043648265,0.04188049,0.042472325,0.043571033,0.044045728,0.043572422,0.04245725,0.041441374,0.04142049,0.043008316,0.046163302,0.050225783,0.054270446,0.057413086,0.058950543,0.058400363,0.055505645,0.050232317,0.04276997,0.033556007,0.023415316,0.014386215,0.012710609,0.020089945,0.029252244,0.03724709,0.04295556,0.045730226,0.04517889,0.04114207,0.033733126,0.02353463,0.013119432,0.015241314,0.030466823,0.04855656,0.06698853,0.08450641,0.100086235,0.112830736,0.12197951,0.12693895,0.12731244,0.12292576,0.113847755,0.10041252,0.08326719,0.06353826,0.04356334,0.030283315,0.036443092,0.05618966,0.078876704,0.10079902,0.12040452,0.13681097,0.14949614,0.15822336,0.1630191,0.16415754,0.16213784,0.15764646,0.15149784,0.14454709,0.13757268,0.13114135,0.12549151,0.12048679,0.115673415,0.11042422,0.10411218,0.09626151,0.0866605,0.07546016,0.06332454,0.051762782,0.04370698,0.043038785,0.05062187,0.063151464,0.0772576,0.09088001,0.102793336,0.11223003,0.118721314,0.12203563,0.12215329,0.1192535,0.11370573,0.10606344,0.0970604,0.08760621,0.07876288,0.071648754,0.06718691,0.065718584,0.06678158,0.06934235
26,0.03865973,0.034173414,0.031054996,0.030378683,0.032646857,0.037354868,0.043481283,0.050077252,0.056421626,0.061977066,0.06633439,0.069181435,0.070290335,0.06951475,0.066791415,0.0621432,0.055682342,0.047614947,0.03825243,0.028056616,0.017866809,0.010407359,0.01277653,0.021216273,0.029951155,0.0374924,0.043221906,0.046766344,0.047907952,0.04658837,0.042953894,0.037471574,0.031236922,0.026675014,0.02759916,0.035324674,0.047313143,0.061090335,0.07516116,0.08853784,0.1004769,0.11039027,0.117822774,0.12245202,0.12409465,0.12271248,0.11841604,0.11146528,0.1022688,0.09138531,0.0795343,0.06762608,0.056813892,0.048501536,0.044029932,0.043792427,0.046700045,0.051025365,0.05540825,0.059092376,0.061790295,0.06352172,0.06448612,0.06495526,0.06517771,0.06530685,0.06537439,0.065324694,0.0651049,0.064787105,0.06468778,0.06543162,0.06787591,0.07283446,0.08071128,0.0913169,0.10397623,0.11775915,0.13166353,0.14471886,0.15604272,0.16487809,0.17062253,0.1728526,0.17134197,0.16607201,0.15723412,0.14522383,0.13062854,0.11421273,0.0969079,0.079818584,0.064254776,0.051750913,0.04380595,0.04087931,0.041483942,0.043213654,0.044274356,0.043833505,0.041812718,0.03871323,0.03553505,0.03361429,0.034052886,0.03690566,0.041165736,0.045539625,0.04898391,0.050831906,0.050792277,0.04895926,0.04586619,0.04256741,0.04060628,0.041483726,0.04561665,0.05201986,0.05911573,0.06544762,0.06988287,0.0716163,0.07016358,0.06539195,0.0576235,0.047928188,0.038938537,0.036000654,0.043507513,0.05862203,0.07671963,0.094953604,0.111546114,0.12521175,0.13496745,0.14008585,0.14009285,0.13477498,0.1241842,0.10863794,0.08872082,0.06532551,0.039973374,0.018464647,0.027724646,0.053898517,0.0807845,0.10583239,0.12791486,0.14629535,0.16050638,0.17033285,0.17580853,0.17720719,0.17502268,0.16993508,0.16275936,0.1543726,0.14561689,0.13718234,0.12949094,0.12262069,0.116312206,0.11006865,0.10331527,0.095565,0.086557165,0.076377,0.06560435,0.055570476,0.048672747,0.047844827,0.054012183,0.065038234,0.078156255,0.09139634,0.103503846,0.11366849,0.12137352,0.1263264,0.12842534,0.12773912,0.12449032,0.119038455,0.11186158,0.10353586,0.094711326,0.08607825,0.078313164,0.0719904,0.067460865,0.06474607
27,0.02831571,0.021846078,0.015741697,0.012558273,0.015409652,0.022309251,0.030420268,0.038508248,0.045941778,0.052283697,0.057188187,0.06037783,0.06164329,0.060849722,0.057944443,0.05296398,0.04604016,0.03740832,0.027432948,0.016752686,0.0078075035,0.011503965,0.022055274,0.032658096,0.042133015,0.049895708,0.05552611,0.058732897,0.05937267,0.057492457,0.053406913,0.047851924,0.04228149,0.039189085,0.041372664,0.04948168,0.06169627,0.07586719,0.09040212,0.10416075,0.11628321,0.12610622,0.13313322,0.13702781,0.13761511,0.13488401,0.12898774,0.12024251,0.10912683,0.0962876,0.082565464,0.0690603,0.05724883,0.0490237,0.04607605,0.048386443,0.054001067,0.060728703,0.06713747,0.072505854,0.07657424,0.079366006,0.08106782,0.08193653,0.08221932,0.08209183,0.08162771,0.08081179,0.07959882,0.0780076,0.07623237,0.0747436,0.074324004,0.07594825,0.080451325,0.08813881,0.09864718,0.11112564,0.12451329,0.13773188,0.14978209,0.15978935,0.16703154,0.17096086,0.17122208,0.16766602,0.16035667,0.1495716,0.13579611,0.11971476,0.102207005,0.08436195,0.06753588,0.053457674,0.044155378,0.040872037,0.04229676,0.04540943,0.04779061,0.04819829,0.04623622,0.042079516,0.03638296,0.030359073,0.025958955,0.02537715,0.028907187,0.03459042,0.040495347,0.04556586,0.049456846,0.052372184,0.054961566,0.058142282,0.06275898,0.06918578,0.07714177,0.08582469,0.09418326,0.101144135,0.1057537,0.10726616,0.105210565,0.09945958,0.09032795,0.07876014,0.066732444,0.057909556,0.057192665,0.066410996,0.08219492,0.10027026,0.11765702,0.13239026,0.14310959,0.1488723,0.14908428,0.14347418,0.1320779,0.1152202,0.09348823,0.06769824,0.038872004,0.008712528,0.024236627,0.055384807,0.08516565,0.1124539,0.13636617,0.1562233,0.17156976,0.18218851,0.18810494,0.1895793,0.18708695,0.18128653,0.17297493,0.16302776,0.15232275,0.14164646,0.13159198,0.122470014,0.1142691,0.106695205,0.099290356,0.09159426,0.08330646,0.074433535,0.06544386,0.05746054,0.052374527,0.05227453,0.057842407,0.067728885,0.07989422,0.092662476,0.1048537,0.11565,0.12448622,0.13098958,0.13494727,0.13628633,0.13505788,0.13142218,0.1256336,0.11802602,0.10899971,0.099011615,0.08857117,0.07824303,0.06865392,0.060486924
28,0.025550295,0.019942949,0.013871079,0.00912709,0.010352775,0.01684636,0.024708156,0.0325548,0.039763212,0.045893747,0.050585985,0.053542867,0.05453519,0.053410962,0.05010473,0.04464485,0.0371578,0.027869873,0.017112868,0.005468903,0.007702629,0.020198287,0.032398395,0.043654174,0.05343357,0.061270762,0.066791,0.069744654,0.070049144,0.067846715,0.06359627,0.058228914,0.053367853,0.05136256,0.05438868,0.06280894,0.07513101,0.089418404,0.1040603,0.1178294,0.12978682,0.1392157,0.14559145,0.1485718,0.14799424,0.14387456,0.13640417,0.1259463,0.11303502,0.098386444,0.082942136,0.067985006,0.055365514,0.047607403,0.04674742,0.051988155,0.060399055,0.069501325,0.07790553,0.08495529,0.090414524,0.09429336,0.09674403,0.09798522,0.098240025,0.09768735,0.096434,0.09451523,0.09192822,0.088696785,0.08496157,0.08108516,0.07774673,0.07595622,0.07686016,0.08128738,0.08931346,0.100245774,0.11296573,0.1262616,0.13899824,0.15017706,0.15895727,0.16467012,0.16683409,0.16517001,0.15961353,0.15032268,0.13768041,0.12229478,0.10500391,0.086903736,0.06943486,0.05456618,0.044854786,0.042164948,0.045081135,0.049934782,0.05386617,0.055403482,0.053979713,0.049585193,0.042611245,0.033826947,0.02459128,0.017801965,0.018284447,0.02531388,0.034192085,0.042838704,0.050760273,0.058164157,0.06563033,0.073838554,0.08327113,0.093989,0.10557882,0.11725477,0.12802418,0.1368459,0.14275843,0.14498049,0.14299357,0.13661695,0.1260906,0.11219879,0.09650451,0.081794836,0.072492614,0.07311666,0.08381732,0.10025481,0.11793506,0.13378872,0.14583424,0.15278645,0.15386315,0.1486989,0.13729961,0.12000753,0.0974664,0.07059222,0.040622294,0.011151165,0.02749454,0.059754644,0.09096396,0.11962727,0.14475977,0.16562954,0.18174744,0.1928722,0.19900875,0.20039631,0.19748601,0.19090883,0.18143454,0.16992165,0.15725812,0.14429149,0.13174948,0.12015813,0.10977654,0.10057785,0.09230238,0.084582664,0.07711073,0.069813065,0.06301706,0.057586078,0.054879155,0.05621317,0.061939538,0.071202576,0.08262899,0.09493954,0.107117645,0.11838099,0.12812874,0.13590561,0.14138162,0.14434049,0.14467177,0.1423646,0.13750133,0.13025135,0.1208656,0.109673195,0.09708328,0.08359872,0.069856115,0.05672281
29,0.037576795,0.036113054,0.0343818,0.033004563,0.032648254,0.033769485,0.036364608,0.039983816,0.04396736,0.047653757,0.050470486,0.05195581,0.0517602,0.049646124,0.045489877,0.03928505,0.031149352,0.02135168,0.010544611,0.0057240683,0.016831394,0.029599926,0.04204295,0.053469274,0.063319884,0.07112189,0.07651029,0.07926404,0.079352506,0.0769988,0.07277399,0.06773443,0.06355533,0.062389832,0.06599327,0.074561775,0.0867874,0.10088988,0.11527869,0.12868725,0.14013276,0.14886898,0.15436006,0.15626872,0.15445058,0.14894894,0.13998812,0.12796657,0.11345447,0.097208746,0.08023639,0.06397806,0.050720386,0.04386591,0.04576083,0.054271434,0.065479204,0.07686026,0.087176345,0.09586058,0.10269467,0.10765856,0.110848896,0.11242431,0.11256317,0.11143108,0.10915985,0.10584204,0.101544544,0.096344285,0.090388335,0.08398111,0.07769765,0.07249457,0.069701284,0.07066249,0.07603021,0.08535229,0.09741321,0.110804744,0.12422786,0.13656358,0.1468698,0.15437597,0.15848999,0.15881357,0.15516044,0.14757286,0.13633467,0.12198272,0.105325036,0.08748798,0.070041254,0.055258337,0.046209604,0.045018252,0.049766272,0.05629639,0.061594613,0.06411647,0.06322028,0.0588162,0.05119763,0.04095684,0.028980123,0.016822072,0.01036845,0.018150793,0.029961783,0.041627876,0.052671198,0.06339262,0.07440756,0.086356394,0.099627286,0.11417422,0.12948981,0.14470321,0.1587307,0.17042689,0.17871551,0.18269831,0.18174501,0.17556961,0.16430147,0.14856865,0.12963426,0.109667085,0.09221777,0.08236259,0.08414584,0.09606895,0.112735264,0.12939309,0.14298198,0.15163328,0.15425262,0.15031318,0.13975514,0.122928254,0.1005598,0.07378528,0.04456521,0.02080377,0.03437177,0.06536186,0.09691891,0.12626798,0.15211265,0.17359613,0.19016467,0.20153858,0.2076966,0.20885623,0.2054465,0.19807358,0.18748048,0.17450233,0.16001846,0.14490117,0.12996069,0.11588579,0.10318316,0.09212776,0.082748786,0.074879974,0.068285115,0.06283395,0.05867358,0.05631334,0.056503046,0.059843402,0.06637808,0.07556248,0.08655315,0.09847115,0.11051448,0.121980816,0.13226378,0.14084792,0.1473077,0.15130974,0.15261638,0.15108907,0.14669043,0.13948473,0.12963632,0.11740679,0.103152506,0.087326914,0.07050056,0.053441465
30,0.05804785,0.059082773,0.059282083,0.05894289,0.058394764,0.057940844,0.057785872,0.057974085,0.05836601,0.058666505,0.05848917,0.057429206,0.055124555,0.05130008,0.045799725,0.038619045,0.029972598,0.020558251,0.013062304,0.015188558,0.025569502,0.037927847,0.050242145,0.06160434,0.07137667,0.07906157,0.08429769,0.08688876,0.08684902,0.08446641,0.08039109,0.07574533,0.07218205,0.07164713,0.07558517,0.0840808,0.09595007,0.10954211,0.12331249,0.13599265,0.14658807,0.15434799,0.15874358,0.15945536,0.15636426,0.14954224,0.13924107,0.12588072,0.11004321,0.09248778,0.074229956,0.056808572,0.04302783,0.037673064,0.043208227,0.055230513,0.06908222,0.082528725,0.09458462,0.1047885,0.11293014,0.11894065,0.12283938,0.12470308,0.12464529,0.122801416,0.11931805,0.1143468,0.10804406,0.10058062,0.09216727,0.08310725,0.07389275,0.06536368,0.058892567,0.05631466,0.059067503,0.06702817,0.07871246,0.09236545,0.10650012,0.11991934,0.13163473,0.14082052,0.14680733,0.1490993,0.14740114,0.14164673,0.13202596,0.119011134,0.1033933,0.08635668,0.06965207,0.055916242,0.04860391,0.04954219,0.05609102,0.0639628,0.07024111,0.07340316,0.072780155,0.06825081,0.060088776,0.048868917,0.03539911,0.020732448,0.007519674,0.012987134,0.026794959,0.040250856,0.053052343,0.06569306,0.07896623,0.093640104,0.11014309,0.12837726,0.14771472,0.16712289,0.18533458,0.20101152,0.21288504,0.21987338,0.2211783,0.2163636,0.2054195,0.18882194,0.16760802,0.14351653,0.11928643,0.099153586,0.0887005,0.09132344,0.10389679,0.120087735,0.13498336,0.14563185,0.15037452,0.14839327,0.13949084,0.123985745,0.102677524,0.076947086,0.049521945,0.030041445,0.041512795,0.07059972,0.10184791,0.1313811,0.15753804,0.17930652,0.19605283,0.20745263,0.21345876,0.21427242,0.21030945,0.20216152,0.19055367,0.17630021,0.16026178,0.14330497,0.12626596,0.109917745,0.09493949,0.08188479,0.071147166,0.06293048,0.057249047,0.05398904,0.05302291,0.05430068,0.057837203,0.063607335,0.07144563,0.08102021,0.09186811,0.103446946,0.115177736,0.12647559,0.13677293,0.14553927,0.15229917,0.1566489,0.15827142,0.15694846,0.15256983,0.14513858,0.13477215,0.12169951,0.1062544,0.088866696,0.07005585,0.05044322
31,0.08174861,0.08433417,0.08568117,0.085947484,0.08534112,0.08408583,0.08238153,0.08036473,0.07807762,0.075455666,0.07233901,0.06850616,0.06372192,0.05779137,0.050617266,0.04227473,0.033164658,0.024485357,0.019575372,0.0229489,0.032646235,0.044528656,0.056577116,0.06774913,0.07734596,0.08485292,0.0899166,0.09236594,0.09225409,0.08991771,0.086054705,0.081804715,0.0787496,0.07863033,0.08264848,0.09081056,0.10202998,0.11477382,0.12756376,0.13916023,0.14858638,0.15511145,0.15823309,0.15766379,0.15331857,0.14530073,0.133885,0.119499035,0.10270967,0.08422975,0.06499623,0.04651028,0.032173783,0.029387254,0.039769888,0.055236675,0.07130965,0.08643021,0.09993009,0.11144949,0.12076737,0.127743,0.13229501,0.13439605,0.13407432,0.13141705,0.12657192,0.11974451,0.11119094,0.10120763,0.09012377,0.07830878,0.066219606,0.054541506,0.04452122,0.03845606,0.03909603,0.04669115,0.0587707,0.07295608,0.08769489,0.10189132,0.11464416,0.12515657,0.1327309,0.13680007,0.13697223,0.13307816,0.12521668,0.11380097,0.09961905,0.08394378,0.06875733,0.05706017,0.052360944,0.055646654,0.06370107,0.072475575,0.07929191,0.08269296,0.08200781,0.07711015,0.068291165,0.056172006,0.041626036,0.025729023,0.01017362,0.009567303,0.023634817,0.037380524,0.05039138,0.06344012,0.07768857,0.09421676,0.113584965,0.13562931,0.15952463,0.18398322,0.20746778,0.22837333,0.24517617,0.2565571,0.2615035,0.25939113,0.25004712,0.23379657,0.21150392,0.1846334,0.1553846,0.12700382,0.104274005,0.09304969,0.09591647,0.10829777,0.123161495,0.13555259,0.14270598,0.14324287,0.13668764,0.12324524,0.103730425,0.07970342,0.054396786,0.03754884,0.047129642,0.0742137,0.10476524,0.13412547,0.1602873,0.18207736,0.19877717,0.21001716,0.2157289,0.21610662,0.21156651,0.20270152,0.19023378,0.17496698,0.15774211,0.13939972,0.12075201,0.10256886,0.08558255,0.07051655,0.05813369,0.04924844,0.044538043,0.044072162,0.047102205,0.052581746,0.05973182,0.068130076,0.07755492,0.0878303,0.0987347,0.10996575,0.12114004,0.13181187,0.14150009,0.1497176,0.15600012,0.15993296,0.16117443,0.15947543,0.15469417,0.14680569,0.13590588,0.12220964,0.10604366,0.08783402,0.06808938,0.047380634
32,0.10647213,0.110200085,0.11238566,0.1130857,0.11242792,0.110582575,0.107732296,0.10404193,0.09963193,0.094560646,0.08881994,0.08234737,0.075054705,0.06687167,0.057806578,0.048040867,0.038123954,0.029467316,0.025208417,0.028512454,0.037650924,0.049123485,0.060883723,0.07180915,0.08116865,0.08844712,0.0933089,0.09561153,0.09544254,0.09317243,0.08951918,0.08560167,0.08289948,0.08295795,0.08678315,0.09432771,0.1045904,0.116151735,0.12761578,0.13779786,0.14576556,0.15083215,0.15254201,0.15065578,0.14513409,0.13611788,0.12390437,0.10891968,0.09169219,0.072837844,0.05309614,0.033621076,0.01822375,0.020831771,0.03707224,0.055102214,0.07254208,0.08869791,0.10318546,0.11570592,0.12599264,0.13380268,0.13892733,0.14121181,0.14057826,0.13704634,0.13074735,0.121927984,0.11094193,0.098228976,0.08428372,0.06962025,0.0547492,0.04021538,0.02689512,0.017528594,0.018850712,0.029355122,0.04275871,0.057017315,0.071382664,0.08527392,0.09806212,0.109059095,0.1175676,0.122952536,0.12471739,0.122578196,0.11653335,0.10693452,0.094576836,0.08084849,0.06798347,0.059211936,0.057601616,0.0630693,0.07221803,0.0814591,0.08839455,0.0916493,0.09056696,0.08503664,0.07539489,0.062351517,0.046921935,0.030402565,0.01482813,0.009781073,0.020885132,0.032945476,0.04418797,0.0557408,0.06947995,0.08707177,0.10922441,0.13554348,0.16482283,0.19538869,0.22535272,0.25279096,0.27588534,0.29304504,0.3030116,0.30494526,0.29849023,0.28381795,0.2616519,0.23328611,0.2006253,0.16630617,0.134,0.10884521,0.096645065,0.09902837,0.11027111,0.12293705,0.13215104,0.13540031,0.13164365,0.120814376,0.10363108,0.08169815,0.058402516,0.042828444,0.050291326,0.0753076,0.1049115,0.13384065,0.1597731,0.1813795,0.19785745,0.20879482,0.21410821,0.21399605,0.20889014,0.1994031,0.18627313,0.17030907,0.15233976,0.13317157,0.11355851,0.09419177,0.0757211,0.058839247,0.044505235,0.03439528,0.030910365,0.034556795,0.04260613,0.05252548,0.0631549,0.07406771,0.0851095,0.09619458,0.1072164,0.11800846,0.12833203,0.13788094,0.1462976,0.15319629,0.15819003,0.16091858,0.16107486,0.15842849,0.15284455,0.14429712,0.13287681,0.118792154,0.10236568,0.084026225,0.064302705,0.04384172
33,0.13087218,0.13553466,0.13839783,0.13943239,0.13869992,0.136327,0.13247894,0.12733383,0.12105904,0.1137927,0.10563407,0.096645325,0.08686745,0.07635237,0.065217145,0.05374037,0.042567212,0.033193056,0.02864211,0.031659875,0.04050415,0.051744193,0.06327584,0.0739435,0.08301918,0.09001071,0.094614536,0.09672296,0.09645552,0.09420429,0.090685,0.086967975,0.084413305,0.08438496,0.08773064,0.09436757,0.10337333,0.1134389,0.123262815,0.13173674,0.1379967,0.14142366,0.14163068,0.13844624,0.13189399,0.12216715,0.10959712,0.09461665,0.07771961,0.059420295,0.040216822,0.020566588,0.0014365568,0.01875409,0.03774879,0.05605005,0.07343911,0.08968287,0.10450576,0.11758137,0.12854125,0.13699943,0.1425885,0.14500134,0.14403282,0.13961521,0.13184293,0.120983206,0.10747062,0.091884665,0.07491112,0.057288878,0.03974571,0.022930486,0.0074076657,0.0071710134,0.019823864,0.031417653,0.04231772,0.052983813,0.06372092,0.07453878,0.08511584,0.09486012,0.103025764,0.1088447,0.11165109,0.11099159,0.106724076,0.09911582,0.088964105,0.07777444,0.067972876,0.06271297,0.064189084,0.07144083,0.08126883,0.090598606,0.09729808,0.10007695,0.09830601,0.091909006,0.08129765,0.0673222,0.051242303,0.03480836,0.020969084,0.01623334,0.02207771,0.029591333,0.03595645,0.04281113,0.05375773,0.071701735,0.09709393,0.1286493,0.1644188,0.2022253,0.23981085,0.27493754,0.30549553,0.32961687,0.34578466,0.35292724,0.35049057,0.33848444,0.31750283,0.28872305,0.2538984,0.21537434,0.17618829,0.14034054,0.11310758,0.09987567,0.10116493,0.11042774,0.120136864,0.12563802,0.12474561,0.116820626,0.102299094,0.08264661,0.061077125,0.04568142,0.050506946,0.073289394,0.101754904,0.13005944,0.1555846,0.17685361,0.19298422,0.20352538,0.20838481,0.20777497,0.2021575,0.19218254,0.17862418,0.16231564,0.14408807,0.12471816,0.10488874,0.08516866,0.066022426,0.047881834,0.031429194,0.018980935,0.018054664,0.028445765,0.04176649,0.055448625,0.06889545,0.08190296,0.09435966,0.10617142,0.11723528,0.1274265,0.13659094,0.14454162,0.15106075,0.15590759,0.1588322,0.15959373,0.15798125,0.1538353,0.14706738,0.13767625,0.1257593,0.11151923,0.09526694,0.07742518,0.058549408,0.03944221
34,0.15389216,0.15936624,0.16280665,0.16410686,0.1632697,0.16038284,0.15559483,0.1490916,0.14107458,0.13174239,0.12127824,0.109846,0.09759731,0.084693715,0.07135165,0.057933483,0.04515611,0.034602724,0.02945465,0.03246995,0.041484218,0.052772168,0.06418318,0.07459306,0.08332335,0.08993468,0.09417385,0.095976956,0.095495835,0.09313569,0.08959422,0.0858759,0.083215855,0.08281515,0.08539377,0.09084666,0.09832316,0.10661925,0.1145347,0.12105402,0.12540336,0.12705542,0.12571768,0.1213142,0.11396237,0.1039436,0.091668695,0.07764116,0.062429193,0.046680108,0.031326536,0.01889613,0.017814158,0.029142462,0.043926917,0.05940554,0.07487204,0.089943916,0.104231656,0.11726618,0.128503,0.13736072,0.14327565,0.14576127,0.14446402,0.1392094,0.13003388,0.11719993,0.10119292,0.08270067,0.06257979,0.041826595,0.021679075,0.007009855,0.017979696,0.03236381,0.044314243,0.05353734,0.060366683,0.06551962,0.06993044,0.07447981,0.07967314,0.085438855,0.091172785,0.09597165,0.09890614,0.0992427,0.09660693,0.0911184,0.08353449,0.0754194,0.06920731,0.067592315,0.07177622,0.0803436,0.090495236,0.099621244,0.105816394,0.1078697,0.1051876,0.09774641,0.08606782,0.07121566,0.05485505,0.03952051,0.02919607,0.027517496,0.031133516,0.03374444,0.03248078,0.028609635,0.030703075,0.04841392,0.07874732,0.11705735,0.16040228,0.20627515,0.25220048,0.29571524,0.33446163,0.3663105,0.3894857,0.40267295,0.40510496,0.39661625,0.37766576,0.3493299,0.31327295,0.271712,0.22740747,0.18373787,0.14492089,0.116156995,0.10208537,0.10197629,0.108709216,0.11495075,0.1164316,0.11138975,0.09967315,0.082381025,0.06227369,0.04621331,0.047618337,0.06783514,0.09498859,0.122515835,0.14749825,0.16832171,0.18403046,0.19413806,0.19854714,0.19749014,0.19146821,0.18118286,0.16746178,0.15118231,0.13319768,0.11427138,0.095025584,0.075909756,0.057194,0.038989868,0.02130223,0.004330195,0.013172407,0.029759603,0.04606861,0.061958574,0.07726326,0.0917827,0.10530405,0.1176221,0.12855384,0.13794541,0.145672,0.15163235,0.15574113,0.15792152,0.15810128,0.15621346,0.15220253,0.14603513,0.13771382,0.12729189,0.114887446,0.100695804,0.08500151,0.068197705,0.050842635,0.03389852
35,0.17464478,0.1808502,0.18479861,0.18631355,0.18534432,0.18194312,0.17624259,0.16843407,0.1587468,0.14742956,0.13473633,0.12091798,0.10622293,0.09091044,0.075286105,0.05978528,0.04518987,0.033235766,0.027652139,0.031458084,0.04132319,0.05298274,0.06436377,0.07447366,0.08274038,0.08881069,0.09250175,0.09380426,0.09290526,0.0902192,0.086417176,0.08243085,0.07937491,0.07830939,0.0798523,0.083882906,0.08961001,0.09592233,0.10172025,0.10609206,0.108373575,0.10815608,0.105276585,0.09980182,0.09200843,0.08236095,0.07149295,0.060203865,0.04949665,0.04067559,0.035364214,0.03485435,0.038905166,0.046124008,0.055354804,0.066004656,0.077737056,0.09019596,0.10287826,0.11511625,0.12612227,0.135061,0.14112905,0.14363064,0.14204316,0.13606858,0.12566783,0.11107599,0.09279749,0.07158121,0.048378218,0.024295127,0.0020677561,0.022283701,0.042353373,0.059214715,0.07227098,0.08127527,0.08636528,0.08808774,0.08738424,0.085500024,0.08375678,0.08316829,0.0840441,0.08587914,0.087647215,0.08827138,0.087012425,0.08371907,0.07899864,0.07432019,0.07184829,0.073566794,0.0798984,0.08935093,0.099559374,0.1082879,0.11381078,0.11498379,0.111251146,0.102655806,0.089867756,0.074260525,0.05812678,0.045114346,0.03969604,0.042255368,0.047122996,0.048802864,0.044094644,0.03130755,0.010010331,0.021483375,0.060093682,0.10574747,0.15652229,0.21018167,0.26422402,0.31602576,0.36300027,0.40275672,0.43324876,0.45290235,0.460716,0.45632675,0.44003952,0.41282025,0.37625715,0.33250052,0.28419945,0.23446842,0.18693686,0.14591469,0.11634357,0.101883255,0.100456476,0.10451857,0.10714931,0.10463002,0.09572973,0.08088989,0.06217301,0.044948768,0.04185214,0.058878608,0.08452918,0.11114968,0.13548432,0.15579416,0.17105871,0.18075907,0.1847924,0.18341081,0.17715691,0.16678984,0.1532025,0.13733393,0.120082006,0.1022241,0.084355496,0.06685999,0.049935307,0.033737764,0.019066751,0.012382003,0.02271611,0.038340326,0.054962255,0.07168932,0.088012256,0.10347931,0.1176684,0.13020487,0.14078267,0.14917874,0.15525812,0.15896991,0.16033591,0.15943436,0.15638168,0.1513154,0.14438073,0.13572292,0.12548615,0.11381881,0.10088404,0.0868748,0.07203441,0.05669208,0.041355304,0.027072381
36,0.1923988,0.19928022,0.20368715,0.20537981,0.20425911,0.20034495,0.19375555,0.18468684,0.17339261,0.16016595,0.14532337,0.1291931,0.11211009,0.094421506,0.076512285,0.058879998,0.042367477,0.02898152,0.023737425,0.02981412,0.04127127,0.053507466,0.064828195,0.07449002,0.08207832,0.08735335,0.090219446,0.09073204,0.08911825,0.0858024,0.08142811,0.07685697,0.07309683,0.071091965,0.07138019,0.07382326,0.07766577,0.0818642,0.08540739,0.087490626,0.087577075,0.08541084,0.08101783,0.074709296,0.0670956,0.059111897,0.05202498,0.04727506,0.0458973,0.047770604,0.051721998,0.056446884,0.061148122,0.06565828,0.07032746,0.075795166,0.082667015,0.09119176,0.101096846,0.111640714,0.12179136,0.13041504,0.13642375,0.13888049,0.13707398,0.130571,0.11924928,0.103311725,0.0832831,0.059999086,0.034657963,0.010474526,0.021196516,0.045506615,0.06772153,0.08634447,0.10053398,0.109833054,0.11418047,0.11393329,0.10987309,0.103183515,0.095372275,0.08807673,0.08267569,0.07977078,0.07891704,0.078957096,0.0787237,0.077618435,0.07590035,0.07470817,0.07569742,0.08015124,0.08805605,0.09805262,0.1081511,0.11639376,0.121184655,0.12142614,0.11659343,0.10680239,0.09290708,0.07670104,0.061360084,0.051820137,0.052104235,0.05956197,0.06772977,0.07178517,0.068986766,0.058254987,0.0413799,0.0327813,0.05816976,0.10363324,0.15801096,0.21706194,0.2775802,0.33651683,0.39093244,0.4381068,0.4756787,0.50177914,0.5151399,0.51516896,0.50198674,0.47642237,0.4399719,0.39472613,0.34327975,0.2886426,0.23418717,0.18368094,0.14140879,0.11194127,0.09784189,0.09560521,0.09731701,0.09662574,0.09050655,0.078350484,0.06130781,0.043015778,0.03409699,0.046632398,0.07051491,0.096107274,0.11970882,0.13947187,0.15432373,0.16371465,0.16753095,0.1660357,0.15980434,0.14964852,0.13652791,0.12145416,0.10539214,0.08916854,0.07340507,0.05851138,0.044811375,0.033001088,0.02540385,0.026465833,0.036237653,0.050504155,0.06673307,0.08367974,0.10049553,0.11646307,0.13094735,0.14340515,0.15340567,0.16064762,0.16496739,0.16633742,0.16485506,0.16072337,0.15422618,0.14569959,0.1355032,0.12399355,0.111503005,0.09832612,0.084715664,0.070889466,0.057050787,0.043432448,0.030414175,0.018992582
37,0.20659232,0.21411109,0.21894188,0.22078858,0.21950875,0.21509379,0.20764951,0.19737689,0.18455274,0.16951108,0.1526256,0.13429514,0.114933334,0.094966635,0.074849024,0.055124596,0.036679268,0.02201372,0.01923534,0.029571876,0.042894498,0.055572703,0.06659609,0.07552375,0.082114145,0.086250566,0.08793267,0.08728765,0.084588565,0.080274895,0.074969605,0.06947711,0.06472204,0.061564807,0.06048396,0.06131,0.063277766,0.06536169,0.06660563,0.06629923,0.064043164,0.059781633,0.05385704,0.04713359,0.041207556,0.03840433,0.04054967,0.047120646,0.05596411,0.06509241,0.07318626,0.079494365,0.083738945,0.08609293,0.08717767,0.08800857,0.089794025,0.09353839,0.09959368,0.107471436,0.116035484,0.12386492,0.12955488,0.13189611,0.12997101,0.1232072,0.11140972,0.09478515,0.073985316,0.050314486,0.02731085,0.022634575,0.044027038,0.06934721,0.092862874,0.112680934,0.12768961,0.1372376,0.14110416,0.13950667,0.13310146,0.12296904,0.11057855,0.09771338,0.08629172,0.07795339,0.073404476,0.07203216,0.07241857,0.07335764,0.074510895,0.07646661,0.080300055,0.08679147,0.09576987,0.10607345,0.11599734,0.12377326,0.12788399,0.12724984,0.12135925,0.110394694,0.09541755,0.07874595,0.06468101,0.05941139,0.06570332,0.07851868,0.09124019,0.09953771,0.10106999,0.09527386,0.08430659,0.07605733,0.08546262,0.11918266,0.16979583,0.22963898,0.2935238,0.35737598,0.41762084,0.47106412,0.5149473,0.5470508,0.5657961,0.5703221,0.5605261,0.53706264,0.5013027,0.4552554,0.40146312,0.3428837,0.28278255,0.22467156,0.17234533,0.13000154,0.101856336,0.08933273,0.087298326,0.087441646,0.08412787,0.07514658,0.06054707,0.04225666,0.026844887,0.03171974,0.053302824,0.07773644,0.100529626,0.1197445,0.13427278,0.14353408,0.14739256,0.14610389,0.14025526,0.13069092,0.118423864,0.104536764,0.09007749,0.07595984,0.06289459,0.051406,0.042033453,0.03579673,0.03449261,0.039415173,0.04974693,0.06370189,0.07978242,0.096833125,0.11387113,0.13001369,0.14447407,0.156583,0.16581394,0.17180313,0.17436025,0.17346856,0.16927488,0.16207013,0.15226255,0.1403453,0.12686078,0.11236407,0.097387716,0.08241058,0.06783314,0.05396249,0.041012056,0.029127633,0.01849091,0.009876516
38,0.21684965,0.22497949,0.23021263,0.23220363,0.23077236,0.2258857,0.21763991,0.20624225,0.19199239,0.17526333,0.15648258,0.13611457,0.11464564,0.09257394,0.07041121,0.048722785,0.028372467,0.012925335,0.017869126,0.032863062,0.04736611,0.059984557,0.07030457,0.07812238,0.08334183,0.08595921,0.086068146,0.08387104,0.0796935,0.074000135,0.067408815,0.0606925,0.054733716,0.05036107,0.048026185,0.047496933,0.047906358,0.048146274,0.04723813,0.04450627,0.039638314,0.032774948,0.024881326,0.019186055,0.021913895,0.03272132,0.046648823,0.061108276,0.07473362,0.08658125,0.09595891,0.10242213,0.105817355,0.10633903,0.10458492,0.10158334,0.09872826,0.09751114,0.09899928,0.103304006,0.10948568,0.11596062,0.12101721,0.12315265,0.12122936,0.114541374,0.10285649,0.0864848,0.0664994,0.045714874,0.033135783,0.04299868,0.06651612,0.09243762,0.116650164,0.13711289,0.15252778,0.16209282,0.16546535,0.16276273,0.15455881,0.1418663,0.1261066,0.1090703,0.09285165,0.079657055,0.07124634,0.06799872,0.06861804,0.07125784,0.07480856,0.079227164,0.08510911,0.09296192,0.10261447,0.11308821,0.12287163,0.13030548,0.13389795,0.13255043,0.12573506,0.113678135,0.09764686,0.08055365,0.068008766,0.06731278,0.07959117,0.0980749,0.11617402,0.12984148,0.1369028,0.13686109,0.13145347,0.12592785,0.12974551,0.15199533,0.19364141,0.24921373,0.31249696,0.37824064,0.442016,0.5000052,0.54895735,0.5862386,0.6099104,0.6187988,0.61253417,0.5915533,0.55705845,0.51093894,0.4556583,0.39412144,0.32953668,0.26529953,0.2049423,0.15221836,0.11131533,0.08633705,0.07740536,0.07713683,0.07682718,0.071850024,0.06093885,0.044735968,0.02573667,0.01627763,0.033476017,0.056575835,0.078489035,0.097189344,0.111552365,0.120963976,0.12524824,0.124625534,0.11966046,0.111193225,0.10025639,0.08798032,0.075491905,0.06381491,0.053793572,0.046088196,0.04129839,0.04013068,0.043257363,0.05081323,0.062239096,0.07661152,0.09291418,0.11012479,0.12724271,0.1433185,0.15749085,0.16902447,0.17734268,0.18205096,0.18294966,0.18003528,0.17349073,0.16366565,0.15104872,0.13623375,0.119882,0.102682985,0.085315794,0.06841308,0.05252905,0.03811277,0.025487786,0.014840817,0.006247019,0.0016121778
39,0.22299324,0.23171797,0.23734483,0.23948617,0.23792991,0.23262304,0.22365542,0.21124266,0.19570795,0.1774626,0.15698592,0.13480502,0.11147514,0.08756191,0.06362794,0.040233202,0.0180453,0.005749857,0.02327659,0.04017368,0.05475109,0.06671606,0.075909406,0.08225709,0.08576609,0.086527556,0.08472263,0.08062993,0.07463501,0.06724257,0.059092566,0.050975714,0.04381925,0.038545538,0.0356695,0.034822978,0.034834035,0.034351107,0.03230619,0.028023798,0.02120164,0.012024517,0.005162955,0.016394468,0.03194978,0.04865972,0.06555112,0.08174419,0.09639344,0.10872885,0.11811324,0.124103725,0.1265131,0.12546997,0.12147562,0.1154496,0.10873335,0.10296812,0.099713214,0.09980048,0.10283305,0.10733281,0.11137946,0.113185,0.111386344,0.10515895,0.094292685,0.07936081,0.062275816,0.048117448,0.04714459,0.06315737,0.0875332,0.11359537,0.13794793,0.15852189,0.17391051,0.18320845,0.18598647,0.18229331,0.17265154,0.15803857,0.13985583,0.11989651,0.10031959,0.083583005,0.072083384,0.06708776,0.06764621,0.07141527,0.07656806,0.082536966,0.08961795,0.09821997,0.10823871,0.11883392,0.1286018,0.13591638,0.13925514,0.13745698,0.12993824,0.11692884,0.09986504,0.082255535,0.071114704,0.074785866,0.09278713,0.11707211,0.14105034,0.16077845,0.17406553,0.18024485,0.180497,0.17851219,0.18090703,0.19562784,0.2274477,0.27520046,0.33400384,0.3982496,0.46279404,0.52316064,0.5755471,0.61685276,0.64473385,0.65766066,0.6549537,0.6367857,0.604143,0.55874723,0.502941,0.43954742,0.3717158,0.30277425,0.2361205,0.1752159,0.12381387,0.08651098,0.06794733,0.06578394,0.06896172,0.069128715,0.063329674,0.051394265,0.034430344,0.014674289,0.012080529,0.033346348,0.054314557,0.07259256,0.08705023,0.09702804,0.10228406,0.10296675,0.09957204,0.09288229,0.08389066,0.073715895,0.06351235,0.054379452,0.0472754,0.04294844,0.041911278,0.044461135,0.050684553,0.060417086,0.073223926,0.0884375,0.10522282,0.12264527,0.13973467,0.15554537,0.16921087,0.17999092,0.187309,0.19077839,0.19021615,0.18564487,0.17728262,0.1655227,0.15090483,0.13407992,0.11577097,0.09673263,0.0777119,0.059412785,0.04246869,0.027432133,0.014832427,0.0058737933,0.006233726,0.010512682
40,0.22504677,0.23435937,0.240385,0.24270096,0.24106911,0.23542124,0.2258445,0.21256536,0.19593197,0.1763945,0.15448411,0.13079062,0.10594043,0.08057515,0.055334356,0.030856697,0.008121838,0.014524928,0.03359636,0.05027278,0.064141005,0.074993804,0.08272697,0.08732941,0.08888108,0.08755249,0.083605215,0.07739417,0.06937347,0.06011034,0.050316542,0.040912513,0.033114817,0.028331686,0.027277801,0.02890541,0.03124295,0.032796003,0.032866944,0.03151747,0.02973773,0.029720208,0.034056637,0.043458156,0.05662966,0.071927175,0.08796327,0.1035691,0.11772598,0.12955453,0.13833964,0.14357205,0.14499566,0.14265557,0.13694419,0.12864232,0.11894305,0.10941439,0.10179121,0.09746025,0.096755594,0.0986546,0.10125425,0.10255352,0.10097657,0.0956008,0.086303584,0.0740688,0.06181331,0.05572621,0.062628396,0.081405684,0.10596386,0.13168812,0.15565382,0.17583792,0.19079112,0.1995517,0.2016388,0.19706023,0.18631123,0.17035717,0.15060358,0.12886605,0.10735413,0.088641986,0.07539199,0.069289304,0.06960492,0.07375147,0.07949732,0.08599615,0.09343132,0.102230184,0.112378016,0.12311871,0.13307375,0.1405753,0.14401172,0.1421128,0.13419469,0.12043729,0.10237051,0.08400568,0.07373894,0.08108935,0.10431028,0.13430081,0.16435084,0.19047761,0.21035038,0.22301386,0.22907613,0.23110686,0.23392883,0.24402618,0.26719043,0.30551833,0.35676527,0.41620892,0.47855076,0.5388269,0.5927102,0.6366155,0.66776407,0.6842359,0.6850023,0.66992813,0.6397351,0.5959261,0.54067206,0.47666952,0.40697896,0.33485988,0.2636255,0.19656254,0.1370333,0.0891184,0.05934116,0.053487536,0.061009295,0.06754754,0.06791342,0.061411057,0.04891536,0.03193658,0.0123282075,0.009141916,0.029029937,0.047107305,0.06209255,0.073244795,0.08021996,0.083049856,0.08210502,0.078038216,0.071713604,0.06412863,0.056338858,0.049397014,0.044310573,0.041988034,0.04311007,0.04796264,0.056419447,0.06808004,0.082378626,0.09861805,0.115988195,0.13360004,0.1505345,0.16589709,0.17887121,0.18876515,0.19504955,0.19738358,0.19562861,0.18984959,0.18030466,0.1674245,0.1517832,0.13406344,0.11501852,0.09543508,0.076101616,0.057792146,0.041290022,0.027530124,0.018058462,0.015071049,0.017275287,0.020406747
41,0.22322793,0.23313023,0.23957503,0.2421114,0.24048093,0.23460504,0.22457202,0.21062225,0.19313134,0.1725907,0.14958663,0.124778815,0.098882236,0.072663136,0.047001187,0.023459433,0.012535149,0.027933253,0.04588277,0.061586652,0.07428893,0.083705075,0.089733124,0.092399724,0.09184264,0.088301785,0.082113914,0.073711425,0.06363019,0.052540205,0.041337673,0.0313947,0.024990302,0.024502544,0.028961258,0.035126906,0.040904004,0.045428988,0.048557427,0.050685976,0.052712627,0.05590636,0.061502058,0.07014052,0.0816222,0.09513033,0.10958133,0.12385052,0.1368787,0.14772774,0.15562326,0.15999623,0.16052462,0.15717322,0.15022998,0.14033763,0.12851657,0.11616006,0.10494075,0.09649806,0.09181428,0.09058623,0.09126322,0.09180813,0.090483926,0.086289875,0.07922396,0.07068498,0.064164825,0.06505339,0.076593064,0.096575,0.12075801,0.14567034,0.16876048,0.18810445,0.20226763,0.21027735,0.2116357,0.20633616,0.19486737,0.17819995,0.15775985,0.13539964,0.11337689,0.0942994,0.08079259,0.074417114,0.07436354,0.07806974,0.08333047,0.08931923,0.09628585,0.10477101,0.114860915,0.12582658,0.13622999,0.14428398,0.14822952,0.14664356,0.13870043,0.12447238,0.105477594,0.086030506,0.07571993,0.08559513,0.11324852,0.1485689,0.18455954,0.21708398,0.2435932,0.26278684,0.27471507,0.28104618,0.2852958,0.29263437,0.30869478,0.3373664,0.3790419,0.4308169,0.4880182,0.54558605,0.5988168,0.64368117,0.6769629,0.69633114,0.7003774,0.6886198,0.66146964,0.6201596,0.5666347,0.5034115,0.43341532,0.35980734,0.28581834,0.2146185,0.14929591,0.09322585,0.052282184,0.040395677,0.053530335,0.06730281,0.07408486,0.07308442,0.06518387,0.051870763,0.03491602,0.016452365,0.0076667545,0.023609715,0.03942773,0.05238963,0.061858907,0.067662574,0.06996348,0.0691903,0.065966845,0.061043937,0.05525282,0.049509846,0.044893913,0.04271876,0.044298705,0.050287914,0.060376365,0.0737399,0.089480005,0.106729165,0.124628164,0.14231186,0.1589248,0.17365581,0.18577915,0.1946941,0.19995753,0.20130666,0.19867034,0.19216873,0.18210183,0.1689285,0.15323779,0.13571548,0.117109284,0.098196976,0.07976455,0.06260618,0.04756764,0.035654306,0.028072929,0.025507452,0.026737643,0.02949995
42,0.2179301,0.2284331,0.23533474,0.23816234,0.23664281,0.23069197,0.22040333,0.20603503,0.18799408,0.16681866,0.14315997,0.1177684,0.091498464,0.0653859,0.04107489,0.02350243,0.025965737,0.04183681,0.05846223,0.07281176,0.084015734,0.09173298,0.095860414,0.09645598,0.0937086,0.08792192,0.079505034,0.06897247,0.05696673,0.044347253,0.03249622,0.02420657,0.023722088,0.03051131,0.039847642,0.049041916,0.057053827,0.063544005,0.06858294,0.07258043,0.07624754,0.080496594,0.08622673,0.09403652,0.104014955,0.115733095,0.1283966,0.14103381,0.15264307,0.16229153,0.16918312,0.17271046,0.17249808,0.16843897,0.16072483,0.1498695,0.13672452,0.12248053,0.108627155,0.09679338,0.088337295,0.08369733,0.08199626,0.08145513,0.08029839,0.07746583,0.07303571,0.068606816,0.06748386,0.073390186,0.087475136,0.10769306,0.13099253,0.15464447,0.17642456,0.19454956,0.20764966,0.21478431,0.21547304,0.20972103,0.19802947,0.18138763,0.16125005,0.13950476,0.11842509,0.10052893,0.08809825,0.082136616,0.08156355,0.084070854,0.08783811,0.092329495,0.09804025,0.105731145,0.115610436,0.1269174,0.13806224,0.14705816,0.15194568,0.15111534,0.14356972,0.12922433,0.10947102,0.088644125,0.07710331,0.08787662,0.118824326,0.15877376,0.20023149,0.23880967,0.27169544,0.2972249,0.31492016,0.3256817,0.33198065,0.3378423,0.3482723,0.36785632,0.39897892,0.44089377,0.490276,0.5425185,0.59282714,0.6368475,0.6709633,0.6924332,0.6994507,0.6911566,0.66761154,0.62972945,0.5791747,0.5182266,0.44961965,0.37636954,0.3015975,0.22837113,0.15959688,0.098099776,0.047877435,0.026700785,0.047068667,0.06804626,0.080693305,0.08468333,0.08100832,0.07116441,0.05695216,0.040518176,0.025171297,0.019133989,0.027785407,0.04042732,0.05169332,0.06017273,0.065478645,0.06765102,0.06698104,0.06393215,0.0591171,0.053352524,0.0478299,0.044347126,0.04509674,0.0513683,0.06262102,0.077413015,0.09438997,0.11245866,0.13068797,0.14823297,0.16431288,0.17822173,0.18935315,0.19722797,0.20151785,0.20206113,0.19886883,0.19212043,0.18214986,0.16942286,0.15450802,0.138044,0.120706365,0.103178576,0.086133175,0.07023293,0.056165863,0.044722266,0.03684145,0.033302523,0.033882134,0.037201382
43,0.20969297,0.22081716,0.22823238,0.23145016,0.23018807,0.22436108,0.21407245,0.19960277,0.18139684,0.16004977,0.13629726,0.11102277,0.085322134,0.060775667,0.040545214,0.0321511,0.04024361,0.05526546,0.07027918,0.08293429,0.09233723,0.09811759,0.100176886,0.09860328,0.09363325,0.08563008,0.0750735,0.06256894,0.048912607,0.03535685,0.024635993,0.022569185,0.030519499,0.042248324,0.054202337,0.065109126,0.074468374,0.08214286,0.08826198,0.09319715,0.09753514,0.10200817,0.10735756,0.11414653,0.12259118,0.13249099,0.14328149,0.15416119,0.16422914,0.17259863,0.17848192,0.18125321,0.18049634,0.17604151,0.16799241,0.15674412,0.14299192,0.12772928,0.11222561,0.09794836,0.0863431,0.078372665,0.07396338,0.071933255,0.07069184,0.06915557,0.06736512,0.06677042,0.069924854,0.079022825,0.09425576,0.11398198,0.13593525,0.15792751,0.17803887,0.19466095,0.20653284,0.21278663,0.21299256,0.20719294,0.19591857,0.18018527,0.16147058,0.14166442,0.122960076,0.10757755,0.097155884,0.0919467,0.09063843,0.09133323,0.09277965,0.09491489,0.09864934,0.10509927,0.11464082,0.12642168,0.138598,0.14890373,0.1551384,0.15549065,0.14878076,0.13473749,0.114528425,0.09220011,0.07820459,0.087786436,0.12045806,0.16397344,0.2100711,0.2540153,0.2927062,0.3241252,0.34730875,0.3624893,0.37125993,0.37663683,0.38281676,0.39437506,0.4148872,0.4455836,0.48494333,0.5294036,0.57449555,0.6157569,0.6492648,0.67189753,0.68144906,0.67666316,0.6572172,0.6236632,0.5773327,0.5202095,0.4547766,0.38384676,0.31038633,0.23734409,0.16750008,0.10336984,0.047406767,0.012641075,0.041979484,0.06894057,0.08639826,0.094687775,0.0948661,0.08839899,0.07707732,0.06304872,0.04908699,0.03918525,0.037668828,0.04398719,0.05326393,0.061951865,0.06840385,0.071956225,0.07245336,0.07005711,0.065190084,0.058586746,0.05149681,0.046058126,0.04529297,0.0512988,0.063320965,0.07918937,0.097055785,0.11560624,0.13384749,0.15096356,0.1662589,0.17914698,0.18915842,0.1959546,0.1993393,0.19926426,0.19582692,0.18925941,0.17990951,0.16821496,0.1546733,0.13981038,0.12415145,0.10819986,0.09243062,0.07730983,0.06335813,0.05128562,0.04219209,0.037542935,0.03816792,0.043047376
44,0.19916332,0.21093811,0.218943,0.22267923,0.22186,0.21640407,0.20642921,0.19224437,0.17434067,0.15338516,0.13022682,0.105940975,0.0819873,0.060698126,0.046400085,0.044635635,0.05404276,0.06751991,0.08055595,0.09117388,0.09848815,0.10211672,0.10197061,0.09816722,0.09098641,0.0808453,0.068290316,0.054028396,0.039098796,0.02569666,0.020164594,0.02792846,0.04145156,0.055672523,0.06902216,0.080875814,0.09096031,0.09922553,0.10581652,0.11106546,0.11547344,0.119661294,0.1242755,0.12985428,0.13668948,0.14473888,0.15362495,0.16271077,0.17121293,0.17831366,0.18325381,0.18540421,0.18431865,0.17977244,0.17178875,0.16065358,0.1469199,0.13140121,0.11515192,0.099423416,0.085556895,0.07473393,0.06754188,0.06360912,0.061833624,0.06121098,0.061611082,0.064027764,0.07008312,0.08089053,0.09625325,0.11489798,0.13510635,0.15511827,0.17330655,0.18826593,0.19888268,0.20439851,0.20446537,0.1991852,0.1891297,0.17533582,0.15926868,0.14272866,0.12764648,0.11568363,0.10766,0.103165515,0.10085014,0.099296995,0.09784574,0.096972935,0.09813144,0.1029495,0.11204975,0.12443017,0.13788274,0.14979175,0.15769714,0.15959479,0.15413512,0.14085478,0.1206345,0.096976735,0.07959311,0.085534476,0.11783008,0.16345249,0.2130103,0.26130018,0.30492434,0.341538,0.36974737,0.38920572,0.4007526,0.40650764,0.40980187,0.41476876,0.42544279,0.44451165,0.47234142,0.5069074,0.5445718,0.5810976,0.6124269,0.63513094,0.6466258,0.6452529,0.6302828,0.6018693,0.5609636,0.50919724,0.44873926,0.38213593,0.31214124,0.24154808,0.17302918,0.10899623,0.051485594,0.0023209245,0.038262505,0.068896435,0.08990366,0.10179501,0.10552914,0.102454215,0.09426587,0.08300678,0.07112909,0.061520435,0.05693743,0.058274183,0.06365494,0.07020597,0.075733915,0.078962,0.07928181,0.076549366,0.070994794,0.06324903,0.0545439,0.047176458,0.04478302,0.05026957,0.06271589,0.079228304,0.09751537,0.11609273,0.13393512,0.15027139,0.16450055,0.17616343,0.18493584,0.19062786,0.19318165,0.19266412,0.18925294,0.18321604,0.17488532,0.16462763,0.1528155,0.13980252,0.12590747,0.11141308,0.09658479,0.08171951,0.06724515,0.053922556,0.04323033,0.03767443,0.039294284,0.04679323
45,0.1870466,0.19950782,0.20819534,0.21260479,0.21244933,0.20765567,0.19836053,0.18490681,0.16784044,0.14791465,0.12611589,0.10374724,0.082646154,0.065622166,0.05658069,0.05787069,0.066651,0.07802636,0.088703774,0.09695791,0.10192708,0.103228964,0.1007867,0.09474392,0.08541665,0.07326499,0.05888953,0.04310346,0.027383251,0.016836906,0.022681609,0.037615914,0.053711742,0.06907538,0.08302119,0.09520367,0.105464496,0.11380099,0.1203619,0.12544598,0.12949033,0.13303645,0.13666388,0.14089106,0.14606194,0.15225494,0.15924996,0.1665643,0.17353737,0.17943263,0.18353231,0.18521443,0.18401092,0.17964908,0.1720787,0.16148604,0.14829585,0.13316151,0.11694449,0.100680664,0.08552335,0.072629936,0.06293272,0.056800406,0.053870104,0.053434175,0.055161364,0.05944544,0.06704827,0.078378335,0.09308373,0.11017487,0.12833638,0.14616612,0.16232218,0.1756245,0.18513833,0.19024634,0.19070733,0.18669659,0.17882161,0.16810311,0.15590216,0.14375888,0.13310272,0.12485008,0.11906301,0.11495523,0.111340724,0.10727976,0.10262876,0.09836613,0.096536376,0.09942443,0.10800679,0.121079154,0.13596056,0.14963831,0.15940608,0.16310355,0.15924603,0.14719534,0.12752324,0.103036515,0.081956886,0.08176843,0.11094705,0.15678035,0.20827964,0.2595906,0.30700374,0.34788966,0.38049164,0.4039725,0.41852692,0.4254804,0.42730546,0.42744768,0.4298192,0.43789172,0.45362008,0.4767611,0.5050169,0.5348281,0.5622839,0.58378947,0.59644073,0.5981898,0.58788913,0.56526536,0.5308471,0.48586014,0.43209735,0.3717713,0.30735752,0.24143852,0.17656119,0.11513576,0.059536505,0.016166434,0.035608277,0.066830486,0.09007233,0.10491194,0.1119767,0.11238387,0.107629925,0.099538185,0.090211935,0.08190336,0.07660196,0.07526066,0.07726078,0.08087829,0.084255494,0.08597567,0.085173056,0.08147212,0.07493132,0.06606707,0.05604629,0.04719891,0.04352239,0.048519887,0.06109462,0.077754736,0.09590379,0.113971286,0.13094196,0.14610851,0.15897213,0.16920319,0.17662267,0.18118803,0.18297626,0.18216163,0.1789873,0.17373286,0.16668047,0.15808442,0.148149,0.13701954,0.12479026,0.1115298,0.097325705,0.08235268,0.06698901,0.052069128,0.039526176,0.033424612,0.03739728,0.048575792
46,0.17405178,0.18723592,0.19670862,0.20196317,0.2027158,0.19890358,0.19068429,0.17843656,0.16276288,0.14450271,0.12477088,0.10504797,0.087343074,0.07429418,0.068497606,0.07043,0.07752558,0.086334966,0.094306305,0.09991599,0.10233955,0.10120324,0.09644314,0.08822384,0.07688625,0.062914014,0.046929747,0.029822782,0.0141405035,0.015234693,0.031559862,0.049204785,0.0661232,0.081684604,0.09553577,0.10746787,0.11739225,0.12533763,0.13145238,0.13600571,0.13938105,0.14205427,0.14454807,0.1473592,0.15086645,0.15524292,0.16040395,0.16601066,0.17152621,0.17630239,0.17967132,0.18102589,0.17988281,0.17592779,0.16904467,0.15933019,0.14709525,0.1328541,0.117302276,0.101284854,0.0857555,0.071721174,0.06015265,0.051823042,0.047086157,0.045801513,0.047637034,0.052464392,0.06035062,0.07122774,0.08466155,0.09986432,0.1158263,0.13145287,0.1456782,0.15756081,0.16636647,0.17163877,0.17325318,0.17144805,0.16682203,0.16028173,0.15291815,0.14579502,0.13966995,0.13474542,0.13060004,0.1263825,0.12119548,0.11452508,0.10663475,0.09890201,0.09392002,0.09471761,0.1027385,0.116532825,0.13285728,0.14829597,0.15994802,0.16555914,0.16356106,0.15317465,0.13467343,0.11012911,0.08584659,0.07763071,0.10022975,0.14386092,0.19546689,0.2482187,0.29805374,0.34210375,0.3783252,0.40548363,0.42323396,0.43220985,0.4340736,0.43146738,0.4277742,0.4265804,0.43082964,0.44192374,0.45925674,0.4804742,0.50223994,0.521048,0.53379613,0.5380923,0.5323747,0.5159224,0.48880467,0.45179105,0.40623674,0.353951,0.2970572,0.23785524,0.17870435,0.1219773,0.07035821,0.030456647,0.03381994,0.061866336,0.08598584,0.10317108,0.11340559,0.11743937,0.11645698,0.11195228,0.10562016,0.099191815,0.094149955,0.09133967,0.090689294,0.091314726,0.09195864,0.09143322,0.08886626,0.08378286,0.0761265,0.066312425,0.055428408,0.045776755,0.04150218,0.04630521,0.058774807,0.075054966,0.09245863,0.10943651,0.125032,0.13862197,0.14981535,0.1584095,0.16436364,0.1677732,0.16883838,0.16782558,0.16502295,0.16069494,0.15504226,0.14817521,0.14010692,0.13076887,0.12004685,0.107831,0.09407405,0.078858785,0.062499963,0.04580021,0.031024601,0.024959045,0.033534,0.049158767
47,0.1608319,0.1747663,0.18512298,0.19139418,0.19329943,0.19078504,0.18402621,0.17343006,0.15964156,0.14355767,0.126358,0.10955483,0.09502066,0.084801435,0.08036374,0.08149826,0.086249195,0.09213001,0.09711881,0.09987854,0.09963759,0.09604006,0.089036174,0.07880622,0.065703936,0.05021181,0.03291271,0.014578327,0.0065218215,0.02488682,0.04363355,0.061523553,0.078108534,0.093069084,0.10618361,0.11732308,0.12644944,0.13361576,0.1389678,0.14274523,0.14527954,0.14698242,0.14831746,0.1497496,0.1516735,0.15433367,0.15776141,0.16175218,0.16589327,0.16963084,0.17235446,0.17347898,0.17251237,0.16910565,0.16308554,0.154471,0.14347558,0.13049668,0.116093025,0.10095246,0.08585285,0.07161924,0.059080888,0.04902497,0.042126913,0.038826335,0.039202716,0.043022938,0.049926586,0.059496667,0.07120565,0.08438128,0.09823559,0.1119305,0.12465491,0.13570136,0.14453569,0.15085395,0.15461908,0.1560679,0.15567599,0.15406963,0.1518818,0.1495742,0.14728053,0.14474253,0.14138275,0.13649717,0.12951303,0.1202699,0.10932963,0.09834257,0.09033063,0.08905726,0.09651134,0.11096542,0.12857111,0.14556172,0.15893164,0.16641326,0.16641574,0.15806152,0.14135756,0.11768447,0.091401204,0.07468485,0.08666995,0.12497963,0.17455882,0.22698972,0.2777352,0.32372314,0.36270368,0.3931429,0.4142629,0.42611244,0.42962286,0.42661494,0.41970983,0.41206995,0.4068925,0.40667132,0.41246215,0.42355135,0.43774238,0.45205414,0.46343726,0.46926928,0.4676086,0.4572795,0.43785962,0.40961373,0.37339774,0.33054486,0.2827445,0.23192336,0.18014824,0.12960005,0.08283823,0.044824813,0.03349804,0.053532027,0.07699008,0.095962025,0.10927123,0.11712041,0.120262444,0.119762816,0.11685456,0.11278693,0.1086402,0.10512506,0.10243908,0.10026877,0.097952984,0.09472341,0.089917086,0.08311723,0.07424339,0.06365353,0.052377358,0.042695012,0.03874871,0.0438756,0.05608344,0.071470544,0.08752179,0.102828816,0.1165462,0.12815656,0.13738085,0.14413732,0.14851119,0.15072018,0.15106995,0.14989913,0.14751814,0.14415146,0.13989493,0.13470007,0.12839064,0.120707326,0.11136936,0.10013924,0.086880036,0.07160237,0.054513525,0.03614603,0.018286165,0.014082609,0.030792328,0.050202645
48,0.14792565,0.16261467,0.17393169,0.1813657,0.18463567,0.18368997,0.17870899,0.1701081,0.15854093,0.14490421,0.13034286,0.11624034,0.10413911,0.09547489,0.09105075,0.090532094,0.09252564,0.09523447,0.09706505,0.09687048,0.093952216,0.08798569,0.07894217,0.0670228,0.0526046,0.036202688,0.01851403,0.0044884505,0.020427324,0.039030157,0.057025515,0.07389006,0.08927748,0.10294771,0.11475251,0.12462594,0.13257605,0.13867873,0.14307503,0.14597182,0.14764324,0.14842877,0.14872052,0.1489332,0.14945285,0.15056933,0.15240929,0.15489285,0.15773295,0.16047834,0.16258614,0.16350241,0.1627347,0.15990818,0.15480325,0.14737578,0.13776147,0.12626614,0.11334341,0.099561624,0.08556158,0.07200835,0.059541937,0.04873751,0.04009623,0.034090757,0.031226378,0.03192554,0.0361926,0.043536462,0.053249903,0.064607024,0.076902464,0.08946017,0.10165999,0.112977445,0.12302357,0.13157332,0.1385731,0.14411953,0.14840603,0.15164076,0.153952,0.15530711,0.15547405,0.15404378,0.15051335,0.14441502,0.13547707,0.123817556,0.11020364,0.09643821,0.08580904,0.08269245,0.08961344,0.10454682,0.12307606,0.14120437,0.15594056,0.16509236,0.1671088,0.16105889,0.14672534,0.124888085,0.09822252,0.07450156,0.072171226,0.10087502,0.14596288,0.19624071,0.2463644,0.2930537,0.33392948,0.36725876,0.39194041,0.40755114,0.41439375,0.41352236,0.40672114,0.39640257,0.38537169,0.37640274,0.3716433,0.3720252,0.3769902,0.3847152,0.39269385,0.39835462,0.39949882,0.39452562,0.38250154,0.36314046,0.33673558,0.30406806,0.26630506,0.22489795,0.18149431,0.13789564,0.09617102,0.059469234,0.03643434,0.04219235,0.06274671,0.082968555,0.09934308,0.11123649,0.11884451,0.122729555,0.12363661,0.122365505,0.11965474,0.11607612,0.11195851,0.107364066,0.10212905,0.09595807,0.08854364,0.07968523,0.06940401,0.058089145,0.046789806,0.037862778,0.035350002,0.041467406,0.053337585,0.067387424,0.081535436,0.0946324,0.10599939,0.115249075,0.12221976,0.12694308,0.12961465,0.13055456,0.13015233,0.12879692,0.12679979,0.12432675,0.12135842,0.11769322,0.112993106,0.10685706,0.09890146,0.08882982,0.07648318,0.061870076,0.045182638,0.026829852,0.008079696,0.014572589,0.034578767,0.05415515
49,0.13570681,0.1511168,0.16342717,0.1721172,0.17689624,0.17770083,0.17469549,0.16827244,0.15904772,0.1478514,0.13570529,0.12377163,0.11323715,0.10509161,0.099817984,0.09715872,0.09617724,0.09560568,0.09422616,0.09109633,0.085617974,0.07752243,0.066829875,0.053816188,0.039036404,0.023680575,0.013057284,0.021085015,0.03732634,0.054318346,0.07064349,0.08573861,0.09928872,0.11111874,0.1211552,0.1294015,0.13591783,0.14080591,0.14420085,0.14627032,0.14722031,0.14730264,0.14681768,0.1461041,0.14550878,0.14533553,0.14578108,0.14687793,0.14846651,0.15021017,0.15164892,0.15227456,0.15160683,0.14925718,0.14497387,0.13866772,0.13042016,0.12047533,0.10921801,0.09713853,0.08478532,0.072705366,0.061374396,0.051124703,0.04209551,0.03425889,0.027607467,0.022613285,0.020823952,0.024004651,0.031734735,0.042366322,0.05466804,0.067838125,0.08128469,0.09453669,0.10722068,0.11905337,0.12982973,0.13939986,0.14763547,0.15439229,0.15947726,0.1626309,0.16353196,0.16182801,0.15719111,0.14939643,0.1384253,0.12460656,0.10883827,0.092975855,0.08040201,0.075882465,0.08233677,0.09743608,0.11634177,0.13501155,0.15060118,0.16107896,0.16499127,0.16139702,0.14990216,0.13079678,0.10546256,0.077878475,0.060209423,0.072967656,0.11050673,0.15691973,0.20508368,0.251404,0.29343832,0.32935652,0.35784608,0.37812796,0.38999364,0.39383322,0.3906401,0.3819781,0.36989018,0.35671628,0.34478515,0.3359833,0.33130303,0.33057585,0.33256075,0.33534732,0.33685628,0.33523712,0.32909444,0.3175717,0.3003455,0.27757224,0.2498126,0.21794794,0.18310001,0.14656846,0.10982378,0.07470514,0.044654097,0.030785004,0.04334389,0.064210996,0.083789535,0.09999123,0.1123463,0.120897375,0.12592536,0.12783296,0.12706824,0.1240648,0.11919639,0.11274985,0.104920566,0.09583218,0.08557937,0.074292585,0.062233698,0.049966995,0.03874843,0.031321425,0.031519465,0.039310355,0.050825663,0.06321673,0.07502796,0.085464776,0.09406974,0.10061521,0.10506701,0.10756504,0.10839934,0.10797057,0.106728956,0.105092525,0.10335667,0.10161965,0.099753,0.097431175,0.09420995,0.08962518,0.08328582,0.07494959,0.06458914,0.052486066,0.039487205,0.027974645,0.024275564,0.032793954,0.047356106,0.06314388
50,0.12435218,0.1403993,0.15367559,0.16363983,0.16997808,0.17259611,0.17161657,0.16737393,0.16040277,0.15141588,0.14126582,0.13087988,0.1211541,0.112799995,0.10617009,0.10114034,0.0971381,0.09332239,0.08882069,0.08291674,0.075152405,0.06536681,0.053722218,0.040810835,0.028190512,0.020667404,0.025657466,0.038863134,0.054143656,0.069348015,0.083615616,0.0965096,0.107808076,0.11743279,0.1254075,0.13182278,0.13680388,0.14048511,0.14299461,0.14445242,0.14498109,0.14472438,0.14386618,0.14264004,0.14132045,0.14019,0.13948482,0.13933119,0.13969544,0.14036852,0.1409942,0.14113136,0.14033088,0.1382076,0.13449568,0.12908308,0.1220256,0.113541804,0.10399056,0.09383127,0.0835656,0.07365973,0.06445086,0.05605545,0.0483165,0.040830053,0.033056322,0.024470154,0.014705786,0.004130429,0.010058302,0.024015822,0.039217852,0.055185992,0.07149888,0.08773368,0.10347943,0.118349284,0.13198571,0.14405885,0.1542606,0.16229743,0.16788593,0.17075458,0.17065425,0.16737947,0.16080159,0.15091622,0.13791077,0.122270055,0.10496575,0.08782955,0.07418462,0.06888888,0.074962154,0.08978832,0.10837331,0.12685637,0.14266716,0.15400639,0.1595657,0.1584338,0.15009151,0.13445951,0.11202933,0.084306456,0.055940337,0.044605564,0.06941543,0.11083658,0.1563428,0.20168576,0.24444808,0.28282574,0.3154161,0.3412049,0.35959592,0.3704415,0.37405992,0.37123197,0.36316997,0.35144886,0.33788452,0.32434055,0.31245857,0.30334902,0.2973434,0.29393208,0.29193732,0.2898409,0.28612158,0.27950054,0.26907134,0.25433883,0.23520197,0.2119066,0.18498544,0.15519585,0.123466045,0.090873726,0.058765225,0.029912231,0.020115545,0.040146317,0.0633988,0.08414979,0.10134763,0.11463706,0.12393059,0.12930866,0.13097396,0.12921844,0.12439489,0.116893165,0.107122146,0.09550015,0.08245746,0.06845903,0.05407175,0.04016291,0.028539184,0.023303293,0.02771972,0.037647706,0.04879176,0.05936348,0.068583705,0.07605362,0.081580766,0.085132,0.08682059,0.0868982,0.08573853,0.08380284,0.081579536,0.07949667,0.07782263,0.07659135,0.07559211,0.07443547,0.0726672,0.0698887,0.065861955,0.060604464,0.054502994,0.04848012,0.044159632,0.043579526,0.047851373,0.056145478,0.066639826,0.0776611
51,0.11383707,0.13038297,0.14453006,0.15570296,0.1635483,0.16792083,0.16887645,0.1666631,0.16170403,0.15457068,0.1459407,0.13653776,0.12704979,0.11802935,0.10979351,0.10235793,0.09544326,0.08856511,0.081177436,0.072819985,0.06324046,0.052507956,0.041213877,0.031062385,0.026152903,0.030695466,0.04200657,0.055750106,0.06978116,0.08308894,0.09513481,0.10564034,0.11451035,0.1217889,0.1276183,0.13219458,0.13572203,0.13837424,0.1402701,0.14147063,0.14199685,0.14186266,0.1411122,0.13984933,0.13824874,0.1365408,0.13496915,0.13372833,0.13289924,0.13240665,0.13201739,0.13138233,0.13010763,0.12783355,0.12430238,0.11940578,0.113208376,0.10594767,0.09800972,0.08987743,0.08204742,0.07491617,0.06865684,0.06313807,0.05794291,0.052499246,0.04627239,0.038978867,0.030906292,0.02377709,0.022386387,0.030364253,0.044329062,0.060970422,0.07870813,0.09660431,0.11394708,0.13013507,0.1446462,0.15702957,0.16690385,0.17395681,0.17794551,0.17869775,0.17611599,0.17018515,0.16098654,0.14872152,0.13375291,0.116683125,0.09851592,0.08100502,0.06728613,0.06196944,0.067749925,0.081780106,0.09927421,0.11678706,0.13212542,0.14377299,0.1506013,0.15176545,0.14668043,0.13502981,0.11678923,0.0922717,0.062292095,0.029607551,0.024279429,0.06228353,0.10595102,0.15040609,0.19375004,0.23445326,0.27118465,0.30283,0.32853654,0.3477546,0.3602685,0.3662121,0.36606726,0.36064258,0.35102966,0.3385314,0.32455635,0.31047407,0.29743695,0.28619665,0.27696943,0.26940978,0.26271534,0.2558261,0.24764404,0.23721124,0.22382054,0.20706396,0.18683659,0.16331288,0.13690777,0.108230025,0.07803244,0.04716148,0.016508859,0.013044369,0.040640593,0.065526105,0.08705038,0.104701295,0.11812056,0.12711221,0.13164341,0.131838,0.1279634,0.12041262,0.10968255,0.096350975,0.08105564,0.06448248,0.047385704,0.030748269,0.016874345,0.014575077,0.024850527,0.03675674,0.047427934,0.056183383,0.06278723,0.06719009,0.06947115,0.0698199,0.06852719,0.0659766,0.062629856,0.058998536,0.055591226,0.052829847,0.05095087,0.049942564,0.04957398,0.049515255,0.049488645,0.04939171,0.049369346,0.04982135,0.0513142,0.054376427,0.059253655,0.06578749,0.07348505,0.08167678,0.0896482,0.0967164
52,0.103962846,0.12081976,0.13568053,0.14792058,0.15713128,0.16309872,0.16579309,0.1653577,0.1620915,0.15642284,0.14887235,0.14000437,0.13036819,0.12043325,0.1105285,0.10080164,0.09121559,0.08159292,0.07170515,0.06139673,0.05075045,0.040370215,0.031990632,0.029105423,0.0341479,0.044714164,0.057521187,0.07070689,0.083271295,0.094629385,0.10444951,0.11259709,0.11910573,0.12414692,0.12798826,0.13093863,0.13328679,0.13524555,0.1369167,0.13828737,0.13925916,0.13969977,0.13950123,0.13862842,0.13714588,0.13521594,0.13306649,0.13093291,0.12898761,0.12727863,0.12570092,0.12401382,0.12190005,0.119047396,0.11522985,0.11037208,0.104588255,0.098190606,0.0916604,0.08556915,0.08043946,0.076564424,0.073861904,0.0718666,0.06988641,0.067240015,0.06348237,0.05860581,0.05327787,0.04914271,0.048790257,0.054361325,0.06571656,0.08105426,0.09847745,0.116495565,0.13396233,0.14997073,0.16379645,0.17487437,0.18278874,0.1872677,0.1881766,0.18550937,0.17937775,0.17000045,0.15769482,0.14287663,0.12607719,0.10799828,0.08965076,0.07267503,0.059914336,0.05537157,0.060939867,0.073658116,0.08934012,0.105152406,0.11934175,0.1306959,0.13828394,0.14136289,0.13935754,0.13187233,0.11871874,0.09995925,0.076010354,0.048114963,0.023180133,0.036369376,0.07324527,0.11426595,0.15623215,0.19752035,0.23680127,0.27290142,0.30480635,0.33168918,0.35293996,0.36818936,0.37732306,0.38048646,0.378079,0.3707375,0.35930723,0.3447988,0.3283266,0.3110249,0.2939392,0.2778986,0.2633909,0.25047708,0.23878464,0.22759554,0.21600425,0.20309633,0.18810032,0.17049028,0.15003878,0.12683481,0.10128964,0.07418391,0.04700489,0.024704516,0.027014192,0.04869666,0.07172503,0.09232436,0.109227695,0.1217444,0.12949143,0.13233629,0.1303754,0.12391447,0.11344334,0.09960392,0.08315246,0.06491782,0.04575831,0.026519733,0.008006561,0.009163424,0.024270125,0.036943574,0.04687906,0.05393774,0.058136374,0.059637144,0.058732096,0.055822965,0.05139772,0.04600474,0.04022443,0.03463494,0.02976338,0.026013134,0.023586372,0.022486672,0.022675332,0.02426566,0.027525611,0.032669846,0.039681446,0.04830891,0.058150597,0.068725884,0.07951626,0.08999066,0.0996258,0.10792545,0.1144392,0.11878045
53,0.094410725,0.111354,0.1267253,0.13983579,0.1502081,0.15754661,0.16172454,0.1627732,0.16086721,0.1563032,0.1494707,0.14081614,0.13080114,0.11985931,0.10835662,0.09656415,0.0846527,0.07272026,0.06086572,0.049338553,0.03885208,0.031217152,0.029595828,0.035313573,0.045734107,0.05806162,0.07071674,0.082799174,0.09373681,0.10316626,0.1109011,0.11692458,0.12138078,0.124551915,0.12681486,0.12857637,0.13019478,0.1319059,0.13377705,0.13570617,0.13746685,0.1387819,0.13940178,0.13916746,0.13804662,0.13613841,0.13364683,0.13082704,0.127914,0.12505156,0.12224495,0.119356535,0.11615017,0.11237167,0.10784265,0.10254621,0.09668906,0.09072593,0.08532234,0.08121814,0.078974865,0.07869461,0.07990927,0.081747204,0.08324851,0.08364317,0.08253664,0.08004642,0.07693405,0.074691504,0.07534234,0.08063159,0.09099808,0.10545622,0.12235652,0.14003669,0.15706216,0.17226289,0.18472295,0.19376962,0.19896623,0.20010385,0.1971875,0.19041528,0.18015009,0.16688618,0.15121473,0.13379546,0.1153463,0.0966741,0.07879224,0.063208655,0.05237521,0.04932375,0.054762803,0.06581345,0.07919551,0.09279146,0.10528794,0.11575322,0.1234481,0.12777118,0.12826823,0.12467799,0.11701463,0.10572067,0.091995165,0.07853277,0.070690095,0.07530984,0.093990386,0.122339845,0.1559471,0.19198781,0.22858587,0.264324,0.29802936,0.3286906,0.35543078,0.37750623,0.39431772,0.40542942,0.41059145,0.4097639,0.40313885,0.3911574,0.3745177,0.3541694,0.33128744,0.30721605,0.28336918,0.26107392,0.24135649,0.22471033,0.21093892,0.19917896,0.18812892,0.17638743,0.16276376,0.1464819,0.12728447,0.105497785,0.082184404,0.059741903,0.043945994,0.044407085,0.059644677,0.079408735,0.098257385,0.11386144,0.12503956,0.13118136,0.13207512,0.12783946,0.11887912,0.10584245,0.08957687,0.07108737,0.05152359,0.03232192,0.016544417,0.015485094,0.027031176,0.03848823,0.047259156,0.05276905,0.054941908,0.05397343,0.050258975,0.044346757,0.036894307,0.028624773,0.02028524,0.012616812,0.0063953022,0.0030119393,0.0037050876,0.00509795,0.0074385535,0.01249733,0.020542564,0.031109672,0.04364423,0.057551675,0.07219466,0.08690759,0.1010209,0.113888726,0.124916494,0.13358659,0.13948081,0.14229923
54,0.08480876,0.10159033,0.11724333,0.130999,0.14230004,0.15076108,0.15615368,0.15839754,0.15755047,0.15379351,0.14741074,0.13876365,0.12826203,0.11633337,0.103395276,0.08983649,0.07601605,0.06229794,0.04916344,0.037515868,0.029381279,0.028076723,0.03429778,0.04476949,0.05678476,0.068987995,0.08063349,0.09123103,0.100439005,0.1080452,0.11397474,0.11830098,0.12124655,0.12316537,0.12449875,0.12570342,0.12716098,0.1290918,0.13150504,0.13420598,0.13685761,0.13907136,0.14049718,0.14089224,0.1401594,0.13835388,0.13565972,0.1323394,0.12866431,0.12484002,0.120947935,0.11692568,0.11259895,0.107760064,0.10227445,0.09619234,0.08984584,0.08390423,0.07932798,0.07712261,0.077877015,0.081369996,0.08662865,0.092362605,0.097383365,0.1008402,0.10233644,0.10201191,0.10061989,0.09954875,0.100630485,0.105556056,0.11508024,0.12867674,0.14491433,0.16205613,0.17844872,0.19268492,0.20365772,0.21057683,0.21297206,0.21068688,0.20386045,0.19289662,0.1784196,0.16121893,0.14218807,0.12226547,0.10239195,0.08351121,0.066660345,0.05320743,0.045086186,0.04402326,0.049461126,0.058870595,0.06997521,0.08131449,0.09190417,0.100989655,0.107975736,0.11245225,0.114266016,0.113619424,0.1111892,0.10824542,0.10668081,0.10873373,0.11624315,0.12985547,0.14896584,0.172338,0.1986895,0.22693756,0.25621668,0.28580976,0.3150621,0.34330627,0.36981085,0.39376077,0.4142709,0.43043038,0.4413703,0.4463453,0.4448188,0.43654284,0.421625,0.4005772,0.3743435,0.34430432,0.3122508,0.2803127,0.250796,0.2258548,0.20694818,0.19423158,0.18632402,0.18077464,0.17493668,0.1666767,0.15469496,0.13857868,0.11878087,0.09669998,0.07513217,0.0594579,0.057152368,0.06875978,0.08650317,0.10424363,0.11887753,0.12884375,0.13340095,0.1323586,0.12595923,0.11480685,0.0998114,0.08215235,0.063300274,0.045240123,0.031337675,0.027119812,0.03291473,0.04155459,0.048668288,0.052719336,0.053271905,0.050412823,0.04456165,0.0363925,0.026827214,0.017250855,0.010880726,0.012988326,0.019371405,0.025210664,0.029267246,0.03147437,0.032556295,0.034091823,0.038170155,0.046184607,0.05802104,0.072634965,0.08880127,0.10538105,0.121358484,0.13584052,0.14806378,0.15740918,0.16341916,0.16581385
55,0.07479983,0.0911543,0.106851906,0.12102368,0.13302201,0.14236678,0.14872761,0.15191735,0.15188722,0.1487188,0.1426119,0.13386752,0.12286722,0.11005085,0.09589604,0.08090646,0.065623455,0.050702155,0.03718163,0.02729887,0.025153315,0.031593956,0.04220211,0.05394015,0.0655873,0.0765848,0.08660067,0.09540285,0.102831885,0.10880826,0.1133506,0.11659238,0.11878749,0.120295934,0.12154235,0.12294581,0.12483185,0.12735237,0.13044503,0.13385017,0.13717775,0.13999787,0.14192706,0.14269339,0.14217347,0.14040077,0.13754584,0.13387066,0.1296622,0.12515688,0.120475814,0.1155947,0.11036658,0.1045997,0.09817727,0.09119996,0.084132336,0.07791546,0.073924206,0.07353798,0.0773333,0.0846198,0.093861476,0.10339693,0.111855194,0.11829691,0.12226775,0.12385066,0.123723425,0.12317337,0.12395312,0.12783365,0.13590746,0.1480837,0.16318285,0.17944962,0.195042,0.20831628,0.2179564,0.22302684,0.22299163,0.21771239,0.20742856,0.19271868,0.17444348,0.15367292,0.13160238,0.1094663,0.088464335,0.06972651,0.054358963,0.043572254,0.038577087,0.039621044,0.0453037,0.053728834,0.06343922,0.07333396,0.08246433,0.09000908,0.095375165,0.09836411,0.09937745,0.09962407,0.101185404,0.1066063,0.117833205,0.13523445,0.15769038,0.18341649,0.21064088,0.23791948,0.26424786,0.28908762,0.31233847,0.3342506,0.35527295,0.3758502,0.39620906,0.41618976,0.4351725,0.4521162,0.4656921,0.47447085,0.4771221,0.47259578,0.46026915,0.44005418,0.41246715,0.37866774,0.34047753,0.30038637,0.2615329,0.22755846,0.2020451,0.18718998,0.18224739,0.18352678,0.18630621,0.18666317,0.1821204,0.17156743,0.15502253,0.13346967,0.1088871,0.08470221,0.066987775,0.063779935,0.07554529,0.09375871,0.111624345,0.1257523,0.13454077,0.13735351,0.13420102,0.12559496,0.11246241,0.09609326,0.078140326,0.060738895,0.04680924,0.03986425,0.04091092,0.04612744,0.051194336,0.053787243,0.053005435,0.04875111,0.041464362,0.032098003,0.022521771,0.017162494,0.021107286,0.030214641,0.039613318,0.04742832,0.052962847,0.05616226,0.057579976,0.058449563,0.060611874,0.06595719,0.07546921,0.08879928,0.1047443,0.121874735,0.13884827,0.15450303,0.16787907,0.17822808,0.18502428,0.18797617
56,0.06411122,0.07974178,0.09524515,0.109617196,0.12210561,0.13213103,0.13926235,0.14321156,0.14383318,0.1411227,0.13521115,0.12635489,0.114921264,0.10137168,0.08624636,0.070160985,0.053845767,0.038338087,0.025783435,0.021317407,0.027638294,0.038620442,0.050262384,0.061325714,0.07141274,0.08039331,0.08823866,0.09496354,0.10060752,0.10523578,0.10895034,0.1119036,0.114305824,0.1164182,0.11852546,0.12088807,0.12368341,0.12695472,0.13058774,0.1343258,0.13781823,0.14068693,0.14259332,0.1432933,0.14267302,0.14076167,0.13771933,0.1337988,0.12928459,0.1244183,0.11932937,0.11399698,0.10826574,0.1019238,0.094835825,0.08711811,0.07934637,0.07275835,0.06924481,0.07065333,0.077478215,0.088446155,0.10148418,0.11464229,0.12640268,0.13571766,0.1420222,0.14527532,0.14601773,0.14540309,0.1451158,0.14704695,0.1526828,0.16246799,0.17561048,0.19044136,0.2049711,0.21731196,0.2259069,0.22963329,0.22784282,0.22036651,0.2074937,0.1899272,0.16871592,0.14516757,0.12074728,0.096971035,0.07530744,0.057107043,0.043564755,0.03560892,0.03345027,0.036207195,0.042563204,0.051386088,0.061572287,0.07186606,0.08092457,0.087510146,0.09074053,0.090419725,0.0875333,0.08493841,0.087584935,0.10028771,0.12400271,0.15608302,0.19303186,0.2317609,0.26973867,0.3049663,0.33600402,0.36203277,0.38290775,0.39916077,0.41191325,0.42266667,0.4329668,0.4439926,0.45618847,0.46907815,0.48133254,0.49104965,0.4961305,0.49464098,0.48509803,0.46666718,0.4392824,0.40371084,0.36159042,0.31547636,0.26893854,0.22669616,0.19444571,0.17721866,0.17568704,0.18459406,0.1964848,0.20548555,0.20810735,0.20275871,0.18922083,0.16831952,0.14178357,0.11236129,0.08455241,0.06639823,0.0671175,0.083316594,0.103891976,0.1222645,0.13552961,0.142482,0.14285746,0.13704763,0.1259624,0.11094808,0.09374844,0.07652595,0.06191227,0.052681606,0.050070714,0.052020237,0.05489148,0.055986047,0.053981766,0.048566088,0.04020246,0.03028257,0.022298357,0.02294453,0.032539647,0.04493288,0.056793127,0.06666558,0.073874995,0.07828883,0.08032205,0.08099957,0.08195134,0.08512968,0.09210475,0.10332621,0.11804808,0.13486391,0.15223947,0.16878317,0.18334006,0.19501947,0.20320575,0.20756578
57,0.052654408,0.06716839,0.082220204,0.09659322,0.109401196,0.119956106,0.127726,0.13232657,0.13352332,0.13123472,0.12553239,0.11663609,0.10490388,0.09081877,0.07497734,0.058097053,0.041108374,0.025681542,0.01698991,0.022443814,0.034292035,0.046366736,0.05720294,0.06644643,0.07410283,0.0803583,0.08549937,0.08985181,0.093726635,0.09737774,0.10097928,0.10462621,0.10835341,0.112162195,0.11604137,0.11997452,0.12393207,0.1278537,0.13163087,0.13509944,0.13804847,0.14024545,0.14147304,0.14156911,0.1404612,0.1381872,0.1348949,0.1308161,0.12621424,0.121312805,0.116223216,0.110899635,0.10514864,0.0987078,0.09139096,0.08329452,0.075071715,0.0682521,0.06530166,0.06857535,0.078384444,0.09283412,0.10941945,0.12599343,0.14091451,0.15300445,0.16154234,0.16630754,0.16764548,0.16652185,0.16450472,0.16356744,0.16560209,0.17172,0.18174583,0.19429725,0.20732798,0.21870553,0.22658674,0.22960217,0.22692937,0.21830736,0.20401528,0.18482172,0.16190799,0.13676873,0.11109606,0.086655684,0.06516202,0.048138265,0.036670636,0.030956382,0.03023252,0.033803295,0.041424166,0.052405376,0.065280356,0.07814827,0.08901897,0.09606239,0.09785718,0.093744226,0.08452059,0.07409702,0.07211718,0.08925197,0.12428635,0.1698989,0.22051784,0.272203,0.32181695,0.36677253,0.4050517,0.43531355,0.45701176,0.4704781,0.4769342,0.4783878,0.47736287,0.47643417,0.47761422,0.48177275,0.4883449,0.4954796,0.50054187,0.5007294,0.49360052,0.4774334,0.45143038,0.41581464,0.37187487,0.3220219,0.26995364,0.2210542,0.18287878,0.16383523,0.16668172,0.18396018,0.20494957,0.2220702,0.23120481,0.23053172,0.219737,0.19959891,0.17177956,0.13879587,0.10437817,0.07501039,0.06259853,0.07380402,0.09625337,0.1186562,0.13628717,0.14729066,0.15112257,0.14805135,0.13895603,0.12521389,0.10862885,0.09139068,0.0760151,0.065000065,0.0596886,0.05892881,0.059743844,0.059358776,0.056140196,0.049549565,0.040009998,0.029276062,0.022464013,0.0273549,0.040674213,0.05593603,0.070288606,0.082355544,0.091403835,0.09719418,0.0999986,0.10066058,0.10062559,0.10180907,0.106121995,0.114715,0.12749243,0.14332555,0.16063763,0.17786053,0.19364959,0.20695686,0.21705101,0.22352111
58,0.04076226,0.053457722,0.06770791,0.0818774,0.09486927,0.10586072,0.11421203,0.11944348,0.12123538,0.119433716,0.114054054,0.10528042,0.09345825,0.07908254,0.062786885,0.045357108,0.027903918,0.013547973,0.015587417,0.028918982,0.042211264,0.05362648,0.062714666,0.06942715,0.07398991,0.07686805,0.07872304,0.08032881,0.082431376,0.08557555,0.08997273,0.095486276,0.10173606,0.10824954,0.114586286,0.120407596,0.1254965,0.12974393,0.13311592,0.13561487,0.1372462,0.13799907,0.13784605,0.13676076,0.13474596,0.13186157,0.12823966,0.12407588,0.11959103,0.114966586,0.11027154,0.10541125,0.10013153,0.094097994,0.087052524,0.07904856,0.070791855,0.06409094,0.06199921,0.06732175,0.08005898,0.09775486,0.117630914,0.13742939,0.1554019,0.17022298,0.18098353,0.18724155,0.18909761,0.18726858,0.18312325,0.17860572,0.17592382,0.17691909,0.18231443,0.19135769,0.20215431,0.21236709,0.21981092,0.22278392,0.22020315,0.21163681,0.1972827,0.17791165,0.15478247,0.12953267,0.10404961,0.08032248,0.060247235,0.04527113,0.03574641,0.030639123,0.029099412,0.03236498,0.041846436,0.05640834,0.07348128,0.09035806,0.10446622,0.11346563,0.11541267,0.109025225,0.09420576,0.0736477,0.058957424,0.0741398,0.11827363,0.17575783,0.23876525,0.30269963,0.36390042,0.41921672,0.4660409,0.5024549,0.5273897,0.5407582,0.54353285,0.5377378,0.52630633,0.51273763,0.50049585,0.4921952,0.48882434,0.48940912,0.4913387,0.49116895,0.48549074,0.47157574,0.4477425,0.41351596,0.36967924,0.31832033,0.26301998,0.2094574,0.166701,0.14695857,0.1555122,0.1815995,0.21107532,0.23531608,0.25003603,0.2533898,0.24505036,0.22578703,0.19724815,0.16187283,0.1230501,0.08614227,0.062169082,0.065978274,0.08921489,0.11512963,0.13667783,0.15132836,0.1582803,0.15769038,0.1504043,0.13781968,0.12179179,0.10455601,0.08861125,0.07636555,0.06922139,0.06648399,0.06563356,0.06393662,0.05955088,0.05171044,0.040675297,0.02821,0.020719698,0.028387278,0.044913933,0.06295577,0.079824306,0.0941498,0.10512089,0.112379,0.116046,0.11678665,0.11586357,0.1151045,0.11662159,0.12216503,0.1323903,0.14665885,0.16350019,0.18122095,0.19828363,0.21345887,0.22586645,0.23497695
59,0.029973092,0.039110426,0.051849302,0.06552142,0.07857123,0.089959055,0.098911,0.10484446,0.1073533,0.10621091,0.10137541,0.09299078,0.08138111,0.067037486,0.05060008,0.032850977,0.014878378,0.006627262,0.022012983,0.037142146,0.050009362,0.060050234,0.06699331,0.0708398,0.07189999,0.070842505,0.06873643,0.06701909,0.0672388,0.07048673,0.07687173,0.08559005,0.09545718,0.10535612,0.11442457,0.12208714,0.12803166,0.13216789,0.13457762,0.13545807,0.13506302,0.1336488,0.1314351,0.12858872,0.12523222,0.121470585,0.117420904,0.11322648,0.109040365,0.10497462,0.101030394,0.09704249,0.09267868,0.08751976,0.08122668,0.07380344,0.06600473,0.059921425,0.059169047,0.06682473,0.08244156,0.10315832,0.12610233,0.14898142,0.16995803,0.18755358,0.20065399,0.20857139,0.21112803,0.20874198,0.20249556,0.19414872,0.1860107,0.18052529,0.17950055,0.18329601,0.19061254,0.1990871,0.206156,0.20966366,0.20813866,0.20086755,0.1878749,0.1698578,0.14809072,0.12430485,0.10053804,0.07892632,0.061333206,0.048652522,0.040087275,0.03381463,0.029717004,0.03178982,0.043490015,0.062230706,0.083969064,0.10533561,0.1233457,0.13528235,0.13880101,0.13213654,0.11443595,0.0866304,0.05602683,0.0569752,0.1061114,0.1732382,0.24687923,0.32180083,0.39387715,0.4594437,0.5153392,0.55908006,0.58904886,0.6046556,0.6064519,0.5961777,0.57671255,0.5518817,0.5260301,0.50328505,0.48654956,0.47657767,0.4716883,0.4683798,0.4624767,0.4502,0.4288406,0.3970592,0.35496774,0.30415574,0.24786158,0.19171016,0.14589368,0.12690678,0.14266819,0.17744614,0.21419297,0.24418592,0.26337662,0.27003002,0.2638411,0.24557118,0.21685435,0.18009172,0.13851066,0.09684043,0.06455335,0.06031022,0.083190255,0.11183194,0.13657087,0.15422907,0.16378465,0.16529694,0.15957798,0.14803764,0.13257593,0.11548339,0.099289834,0.08639061,0.07821734,0.07428443,0.07232808,0.0696668,0.06432159,0.055318594,0.04265306,0.027601318,0.01655329,0.025725555,0.045341685,0.06606817,0.08537518,0.101910375,0.114787854,0.123528324,0.12810044,0.12898758,0.1272597,0.12461006,0.12323821,0.12538439,0.1325093,0.14466424,0.16064529,0.1786814,0.19702351,0.21422309,0.22921138,0.24129991
60,0.025158519,0.026262263,0.03529429,0.047760922,0.06066796,0.07244339,0.08208695,0.08888501,0.092335865,0.09213623,0.088183105,0.080575645,0.069610834,0.055771086,0.03970422,0.022207467,0.004589359,0.014137861,0.030685335,0.04527435,0.05711554,0.06563548,0.070481054,0.071565926,0.06913453,0.06386735,0.057079304,0.05103148,0.048915535,0.053166397,0.063187644,0.07643157,0.09054803,0.10391629,0.115487404,0.1246251,0.13101882,0.13463148,0.13565432,0.13445505,0.13151589,0.12736319,0.12249738,0.117336065,0.11218405,0.10723764,0.1026165,0.098401375,0.09464973,0.0913711,0.08846904,0.085685626,0.082596794,0.078693,0.07355605,0.06714992,0.060300447,0.05541573,0.05661457,0.06694426,0.08540549,0.10895829,0.13480672,0.16068988,0.184703,0.20522074,0.22092278,0.23086865,0.23458947,0.23217924,0.22437583,0.21261866,0.19904728,0.18634261,0.1772313,0.17356037,0.17537047,0.18081747,0.18707514,0.19139507,0.19172096,0.18688646,0.1766083,0.16140284,0.14246891,0.12154117,0.10069027,0.08199893,0.066983216,0.05579575,0.04696095,0.038649235,0.031472262,0.031919803,0.045772795,0.068486236,0.09460048,0.120295964,0.14231344,0.15766075,0.16369101,0.15829258,0.14014228,0.109169476,0.06856322,0.043700397,0.08877461,0.16255009,0.24459304,0.32874542,0.41044292,0.48557097,0.5504762,0.60215485,0.6384595,0.65827954,0.6616741,0.6499446,0.6256344,0.59242904,0.55490386,0.5180201,0.4862633,0.46248206,0.4468868,0.43692455,0.4282561,0.41621733,0.3969873,0.36819118,0.3290846,0.280569,0.22531,0.16850998,0.12100773,0.10437543,0.12879895,0.17138526,0.21366279,0.24779189,0.2702308,0.27941653,0.27506894,0.25792238,0.22957182,0.19237125,0.14944635,0.10517517,0.06784892,0.056834493,0.07847122,0.108871765,0.13588127,0.15575472,0.16728684,0.17045154,0.1660247,0.15541843,0.14056695,0.12381439,0.10773892,0.09475135,0.08628422,0.08191515,0.07948886,0.07635373,0.07044853,0.060645297,0.046690647,0.029182209,0.011537731,0.019768424,0.042489413,0.06565621,0.087160945,0.105714,0.12036752,0.13052611,0.13600628,0.13710749,0.13469338,0.1302735,0.1260192,0.124520175,0.12804459,0.13753599,0.15225334,0.1703982,0.18996912,0.2092432,0.22691897,0.2421151
61,0.031977445,0.022568865,0.020959109,0.029313644,0.04144513,0.05357278,0.06406459,0.0719808,0.076699674,0.07783445,0.07521924,0.0689104,0.05919014,0.046577677,0.031901643,0.016911395,0.011250496,0.02388455,0.038951524,0.05247408,0.06323037,0.07045309,0.07364286,0.07256662,0.06729242,0.058264967,0.046525434,0.034515843,0.028439172,0.035473492,0.051328592,0.06972088,0.08775799,0.103948146,0.11736391,0.12743077,0.13387264,0.1366908,0.13614154,0.1327011,0.12701438,0.11982731,0.11190629,0.103952505,0.09652556,0.08999679,0.08454844,0.080215365,0.07693754,0.07458176,0.07291509,0.07155983,0.06998748,0.06759821,0.06390503,0.05885523,0.053396355,0.05032723,0.054155715,0.067489274,0.088762514,0.115016945,0.14367376,0.17255707,0.19972074,0.22340873,0.24210551,0.2546259,0.26021525,0.25864512,0.25029576,0.23622303,0.2182036,0.19873112,0.18086149,0.16767576,0.16117804,0.16114958,0.16516747,0.16990711,0.17245673,0.17091516,0.16447242,0.15329623,0.13836445,0.121262945,0.10390953,0.08812225,0.07498028,0.06421852,0.05433388,0.04384507,0.03383829,0.032534588,0.04800081,0.07392747,0.10368379,0.13316074,0.15892735,0.17780069,0.18690835,0.18387808,0.167071,0.13590689,0.09181417,0.04654223,0.0690275,0.14481853,0.23246571,0.32361788,0.41319597,0.4966913,0.5700325,0.6297599,0.6732406,0.6988598,0.7061663,0.69595796,0.6703,0.63246804,0.586793,0.5383546,0.4924145,0.4534709,0.42401114,0.40353167,0.3886523,0.37444738,0.35611558,0.33012405,0.29467228,0.24975963,0.19722791,0.14142878,0.093117334,0.080444425,0.11465406,0.16327101,0.20895122,0.24547113,0.26989844,0.28084564,0.2780394,0.26215795,0.23472197,0.1980072,0.155042,0.1099921,0.070431,0.055142768,0.0751939,0.10632134,0.13458204,0.15580076,0.16862738,0.1729597,0.16953248,0.15974732,0.14555754,0.12935048,0.11375276,0.10119448,0.09308072,0.088961184,0.08669472,0.08364192,0.07770726,0.067685165,0.05319727,0.034524266,0.012454813,0.012051903,0.03742497,0.062419336,0.08564068,0.105847344,0.122023374,0.13345774,0.13981667,0.14121482,0.13829657,0.13233963,0.12536483,0.12012288,0.11960739,0.12585331,0.138854,0.15685503,0.17753133,0.1988066,0.21910104,0.23731942
62,0.046900947,0.033744927,0.020828454,0.014210915,0.021509524,0.03366807,0.04524171,0.054630525,0.06103532,0.06398215,0.06324854,0.058862355,0.051127616,0.040707164,0.028961131,0.019579774,0.020978983,0.032297447,0.045786396,0.0582122,0.06809242,0.074484445,0.076755166,0.07454315,0.06775885,0.05658958,0.041511126,0.023407185,0.007051567,0.022336522,0.044718813,0.06679057,0.087217,0.105009705,0.119393796,0.12982829,0.13603257,0.13800015,0.13599493,0.13052872,0.12232051,0.112238884,0.101229884,0.09023265,0.08008621,0.071436256,0.064662255,0.05985637,0.05686984,0.055391874,0.054997314,0.05514564,0.05518432,0.054423068,0.052320424,0.04884241,0.045145795,0.044536047,0.05167011,0.06824419,0.09227427,0.12113638,0.1525645,0.18450636,0.21499999,0.2421795,0.2643519,0.2801029,0.2884076,0.28873232,0.28111905,0.26624924,0.24548952,0.22092305,0.19535382,0.17219307,0.15494159,0.14590192,0.14465809,0.14812958,0.1524214,0.15446615,0.15255152,0.14622307,0.13602395,0.123200886,0.10935195,0.095960006,0.083833255,0.07270244,0.061404318,0.04889299,0.03651747,0.033345625,0.04947816,0.077543125,0.109957494,0.14242345,0.17142862,0.19368377,0.20616564,0.20630819,0.19223723,0.16306224,0.119502515,0.06752279,0.054650024,0.12279719,0.21223524,0.30758965,0.40281266,0.49298868,0.5736918,0.6410776,0.69208467,0.7246305,0.73776454,0.73176295,0.7081562,0.6696876,0.6201967,0.5644112,0.50759566,0.45495152,0.4106531,0.3766209,0.35166344,0.33184096,0.31203502,0.2876722,0.25574857,0.21513651,0.16658582,0.11309522,0.06391747,0.05675837,0.101019345,0.15296948,0.19970204,0.23684642,0.26202786,0.27399504,0.27245128,0.2579859,0.2320063,0.19667086,0.1548904,0.11068289,0.07125876,0.05458076,0.07331018,0.10419934,0.13268787,0.15437321,0.16780548,0.17281571,0.17009147,0.16100864,0.14752087,0.1320419,0.11723653,0.105545625,0.09831947,0.09502186,0.09347261,0.09104019,0.08563559,0.07604355,0.061880004,0.043483157,0.022116927,0.010094175,0.032049637,0.0573974,0.08149936,0.10279149,0.12010752,0.13260005,0.13978177,0.14158244,0.138419,0.13129748,0.12196946,0.11310944,0.10821946,0.11057184,0.12129844,0.13883027,0.16040316,0.18347234,0.2061348,0.22707936
63,0.065056175,0.05166629,0.036633886,0.020911641,0.007145146,0.013111357,0.026216077,0.037561856,0.04610991,0.051343948,0.05301097,0.051128432,0.046044603,0.03859653,0.030578863,0.02580518,0.028879905,0.038591087,0.050573654,0.062044993,0.07139158,0.07754163,0.07976475,0.077626795,0.070990466,0.06003481,0.045321967,0.02818396,0.014698166,0.024690159,0.045774046,0.06772969,0.088325605,0.106322095,0.12081396,0.13116704,0.13702677,0.13832887,0.13529642,0.12841928,0.11841535,0.10617576,0.09269799,0.07901174,0.06610297,0.054839678,0.045896076,0.039665584,0.036171585,0.035045,0.035628244,0.0371236,0.038686156,0.039505683,0.03898682,0.037160665,0.035549697,0.038114946,0.049133707,0.06899798,0.09567047,0.12706147,0.16126001,0.19635653,0.23039266,0.26141244,0.28756368,0.3072194,0.3191003,0.3223862,0.31680647,0.30270484,0.28107908,0.25360203,0.222638,0.19126107,0.16320938,0.14244403,0.13167135,0.1302645,0.13431919,0.13927777,0.14192952,0.14074965,0.13554998,0.1270417,0.11640424,0.104827605,0.09305057,0.081054576,0.06816668,0.053790603,0.03937957,0.034005385,0.049572583,0.078567915,0.11253567,0.14704491,0.17859304,0.2038788,0.21981287,0.22370663,0.21351479,0.18813203,0.14793482,0.0969606,0.060187113,0.10266712,0.18754135,0.2833354,0.38132778,0.47593647,0.5623774,0.6364742,0.69479436,0.73483145,0.7551607,0.7555411,0.7369525,0.7015635,0.65263003,0.5943241,0.53147817,0.46920413,0.4122963,0.36433077,0.32658455,0.2973866,0.27266017,0.24753387,0.21795635,0.1815487,0.13776207,0.0878423,0.03677518,0.036524173,0.08864994,0.14041936,0.18579505,0.22186854,0.24664842,0.25895193,0.25842226,0.24552651,0.22152147,0.18840818,0.14895211,0.107056305,0.06983055,0.05451213,0.072583206,0.102441125,0.13021864,0.15154697,0.16493434,0.17015785,0.16785204,0.1593506,0.14658558,0.13197571,0.118207015,0.10771618,0.101774976,0.09972726,0.099331215,0.09797006,0.0935914,0.08501003,0.071884304,0.054680448,0.035071786,0.020071749,0.029370422,0.051984955,0.07562307,0.09719565,0.11513797,0.12839995,0.13632424,0.13865462,0.13557945,0.12781094,0.11673725,0.1047001,0.0953122,0.09303316,0.10072529,0.11734484,0.13951044,0.16402932,0.18863173,0.21181177
64,0.08416116,0.07138354,0.056472506,0.040205657,0.023473684,0.007654331,0.009579698,0.02252416,0.03322143,0.040864088,0.0451218,0.045963176,0.043715883,0.039223623,0.03418547,0.03154084,0.034286663,0.042268846,0.052836023,0.06356002,0.072760835,0.07926815,0.08227693,0.08131109,0.076242544,0.067360684,0.055566497,0.042995024,0.034752227,0.03831367,0.052668117,0.07120194,0.089990765,0.106982686,0.12090037,0.13090563,0.1365115,0.13755818,0.13419701,0.12686476,0.11624198,0.10319471,0.088701725,0.073770955,0.05935102,0.046247087,0.035059277,0.026181605,0.019915024,0.016621348,0.01640252,0.018380854,0.02109325,0.023285635,0.024189178,0.02396141,0.024841944,0.03148443,0.046664603,0.06957289,0.09867184,0.1324941,0.16946657,0.20781697,0.24559866,0.2807793,0.31136188,0.33551967,0.35173047,0.3588992,0.35645875,0.34444267,0.32352695,0.2950444,0.26098326,0.22399364,0.18742937,0.15538622,0.13234463,0.12138675,0.12135573,0.12717347,0.13357843,0.13729778,0.1369905,0.132616,0.12486402,0.1146755,0.10282887,0.08965271,0.07500916,0.058757115,0.04234196,0.034137946,0.047757,0.076499574,0.11090735,0.14643505,0.17969184,0.2074767,0.2267378,0.23475276,0.22938043,0.20937702,0.17493188,0.12929764,0.087070905,0.09627256,0.16527607,0.2557645,0.3525901,0.44860357,0.53846407,0.6176469,0.68238115,0.7297746,0.75795555,0.7661785,0.7548707,0.72561324,0.68105274,0.62474906,0.56095755,0.49433926,0.42956716,0.37076786,0.32075635,0.28020537,0.24725829,0.218148,0.18864582,0.15543565,0.11678631,0.07259366,0.024316406,0.027835805,0.078198135,0.12570278,0.16738881,0.20083806,0.2241813,0.23621733,0.23648898,0.22531001,0.2037529,0.17362611,0.13752449,0.09926474,0.06607556,0.05447973,0.072620265,0.10087326,0.12715724,0.14741687,0.16019021,0.1652187,0.16307966,0.15504749,0.14300841,0.12936038,0.1167886,0.10770761,0.10329328,0.10275661,0.103795126,0.103821665,0.10083995,0.09370775,0.08211731,0.06658253,0.048753522,0.033276375,0.032001946,0.04782384,0.06905229,0.089840725,0.10776701,0.121443376,0.1300039,0.13300128,0.13040206,0.12262648,0.1106556,0.09629156,0.08271169,0.0750386,0.078546464,0.09359527,0.11594445,0.14143756,0.16739014,0.19214901
65,0.102851026,0.09100904,0.07669807,0.060716156,0.044054404,0.028123984,0.016199253,0.016326252,0.02508998,0.033730783,0.03987818,0.04295987,0.04304665,0.040756,0.03741479,0.03525415,0.03681959,0.042960208,0.05219097,0.062388267,0.07181651,0.0792055,0.083667025,0.08466432,0.08203566,0.07606995,0.0676718,0.058702976,0.05244314,0.0529175,0.061426267,0.07527193,0.09101331,0.10616246,0.11907395,0.12866786,0.13429242,0.13566662,0.13284868,0.126204,0.116361536,0.104154296,0.090542935,0.0765227,0.06301369,0.05073664,0.04008869,0.031065857,0.023313478,0.016347975,0.009870985,0.0041713594,0.0030921365,0.0063556656,0.008339163,0.009527432,0.0141162835,0.025797607,0.044563863,0.06984911,0.10101422,0.13711572,0.17683503,0.21850334,0.2601788,0.2997576,0.33510697,0.36420956,0.3853077,0.3970373,0.39854115,0.38955408,0.37045497,0.34228554,0.30674335,0.26616693,0.22354953,0.18263221,0.14804968,0.12494806,0.11641234,0.119755454,0.12824315,0.13614804,0.14039977,0.13992652,0.13482846,0.12578642,0.11363078,0.09903403,0.08238407,0.06400266,0.045280185,0.033389475,0.043647427,0.071151994,0.104991585,0.14049578,0.17451619,0.20409441,0.22634824,0.2386372,0.23882183,0.2256028,0.19906649,0.16200307,0.124343954,0.11398061,0.15647551,0.23298632,0.3229194,0.41609585,0.50607824,0.5878302,0.6572107,0.7109523,0.74675375,0.76337487,0.76068956,0.7396811,0.7023732,0.6516973,0.5913019,0.52530533,0.45798877,0.3934121,0.33492398,0.28457147,0.24255773,0.2071164,0.17513838,0.14337029,0.10957374,0.07344554,0.039530125,0.03616618,0.07013236,0.109124996,0.14494906,0.17440578,0.1954258,0.2066849,0.20758194,0.19824873,0.17954591,0.15306179,0.121206194,0.08775619,0.06027752,0.05423507,0.07293773,0.09921128,0.12341806,0.14205389,0.15376353,0.1582757,0.15610847,0.14845975,0.13714331,0.12450606,0.11320488,0.105612576,0.102801174,0.103857175,0.10643839,0.108008236,0.106638886,0.101228654,0.09147435,0.0778493,0.061786525,0.046541084,0.039176285,0.046318483,0.06288444,0.08159128,0.09874289,0.11241741,0.12147472,0.12526384,0.12354162,0.116462514,0.1046216,0.089211024,0.07249777,0.05905489,0.05654542,0.06888315,0.09087975,0.11675535,0.1433345,0.1688905
66,0.11998978,0.10933116,0.09589712,0.08045806,0.06398493,0.047743596,0.033648547,0.025078237,0.025258336,0.030964117,0.037051804,0.041183427,0.04266365,0.041640323,0.038978744,0.03638877,0.03628426,0.04042383,0.048364148,0.0582472,0.06822926,0.07689941,0.08325236,0.086645715,0.08680718,0.08388541,0.078547776,0.07213377,0.06679072,0.06518062,0.06913733,0.078243025,0.09038289,0.10323685,0.11496673,0.12427558,0.13033183,0.13270795,0.13133915,0.1264856,0.118686035,0.1086951,0.09740018,0.0857146,0.0744474,0.06416297,0.055072665,0.047028787,0.03966846,0.0326617,0.02594333,0.019823339,0.014876541,0.011403009,0.008703785,0.006465545,0.0105327545,0.02345578,0.043319806,0.06978101,0.10246994,0.1406131,0.18298972,0.22796917,0.27359086,0.31767562,0.35795987,0.39224344,0.4185409,0.43522507,0.44115332,0.43576705,0.41915834,0.3921009,0.3560495,0.31311977,0.26607823,0.21839923,0.17447054,0.13986494,0.12045996,0.11793982,0.1263568,0.13745481,0.14582466,0.1490253,0.14643094,0.13840589,0.1257887,0.109542206,0.09053829,0.069568545,0.048001148,0.031498674,0.037050918,0.062773064,0.09525905,0.12971629,0.16343935,0.19390765,0.21858351,0.23505892,0.24131885,0.23609632,0.21940786,0.19359045,0.16569477,0.15158306,0.17122969,0.22593404,0.3015159,0.3859929,0.47144148,0.5520461,0.6231839,0.6811769,0.72328824,0.74778146,0.75396955,0.74222213,0.7139168,0.67133296,0.61748976,0.5559337,0.49048144,0.42491794,0.3626463,0.30628756,0.25726822,0.21553272,0.17962188,0.14728802,0.116522275,0.08678953,0.061119597,0.050562326,0.06465574,0.09131892,0.119274266,0.14355646,0.16152313,0.17159519,0.17297527,0.165586,0.15005511,0.12773448,0.10085452,0.07324751,0.05305276,0.053699054,0.073038734,0.097090594,0.11884091,0.13547872,0.14582159,0.14960878,0.14729829,0.13999419,0.12940858,0.117801234,0.10776604,0.10161271,0.10031368,0.10286242,0.10691621,0.11001546,0.11031016,0.10673208,0.098955154,0.08735652,0.07309975,0.058536567,0.04813426,0.047808908,0.058078352,0.073330306,0.08886719,0.10206952,0.11143903,0.116098635,0.115608126,0.1098968,0.09924721,0.08433698,0.06645141,0.048368648,0.037456438,0.04458399,0.06548177,0.09105802,0.11744623,0.14294443
67,0.13451448,0.12530518,0.11303732,0.09841407,0.082334116,0.065923475,0.050648484,0.038556673,0.03217884,0.03228993,0.035929803,0.039613087,0.041486416,0.04097226,0.038372517,0.034873825,0.032724172,0.034578875,0.041219138,0.051005356,0.06181994,0.07202606,0.08046631,0.08636312,0.08928938,0.0891903,0.08643799,0.0819107,0.07706452,0.07385472,0.07419831,0.07896084,0.087417014,0.097852424,0.108456075,0.117762536,0.12474307,0.12878352,0.12964423,0.12741706,0.12247394,0.11539981,0.10690544,0.097720295,0.08847489,0.07959673,0.07125962,0.06342302,0.055962615,0.048840642,0.042232085,0.0365127,0.032021422,0.028648788,0.025686618,0.022552093,0.020922713,0.02677387,0.043507826,0.06939945,0.102862895,0.142703,0.1875612,0.2357464,0.2852401,0.33377707,0.37896645,0.4184356,0.44998363,0.47173262,0.4822653,0.4807391,0.46696898,0.44147474,0.40549326,0.36096475,0.31051564,0.25748786,0.20611103,0.16192217,0.13194157,0.12164652,0.1280264,0.14124773,0.15322062,0.15982679,0.15957774,0.15245219,0.13923478,0.12110683,0.09936437,0.07527044,0.05027644,0.028402312,0.028056415,0.052324817,0.08297798,0.11534571,0.1475186,0.1776973,0.20392719,0.22422615,0.23684451,0.24061787,0.23545122,0.22305687,0.20812011,0.19954534,0.20894963,0.24309112,0.2987997,0.36800048,0.44292575,0.5172576,0.5858944,0.6447242,0.69055885,0.7211541,0.7352462,0.7325663,0.7138125,0.68057114,0.6351879,0.58059144,0.52007765,0.45706087,0.39479774,0.33608907,0.2829756,0.2364762,0.19647633,0.16191562,0.13135362,0.10384729,0.080093786,0.06392465,0.06166143,0.07343274,0.09156242,0.10959137,0.1239032,0.1324683,0.13421498,0.12882413,0.1166755,0.09888385,0.077545024,0.056754183,0.045406435,0.05291489,0.07248867,0.09412771,0.11321683,0.12766185,0.13649133,0.13947225,0.13700058,0.13006856,0.120254286,0.10968697,0.1008527,0.095973074,0.095939256,0.09970825,0.10499363,0.10944461,0.111298524,0.109515294,0.10372869,0.09419454,0.08181291,0.06831055,0.05668411,0.051326256,0.05516037,0.065866016,0.07894845,0.091168106,0.10060494,0.1061277,0.10710643,0.10328483,0.09471933,0.081751004,0.06502449,0.04569503,0.026893564,0.022473974,0.04080986,0.06535631,0.09069283,0.115264915
68,0.14543392,0.1379757,0.12720846,0.11373818,0.098361254,0.082066625,0.06606628,0.05187287,0.041336928,0.036061794,0.035669472,0.037502903,0.038906105,0.03842049,0.0356475,0.031113936,0.0265956,0.025566554,0.030795047,0.040795084,0.052705757,0.06454418,0.07501796,0.083241306,0.088646784,0.090985894,0.09036588,0.08730619,0.08280415,0.07836345,0.075830385,0.07680564,0.08179571,0.08994928,0.09967509,0.10937106,0.11776999,0.124009944,0.12760974,0.1284228,0.12658328,0.12244219,0.11649148,0.10927902,0.10132471,0.09305498,0.08477678,0.07670462,0.06903387,0.062022444,0.056012735,0.051315155,0.047943763,0.045385107,0.042699575,0.03909494,0.03512653,0.03492258,0.04554883,0.06879491,0.10207499,0.14315218,0.1902179,0.24138854,0.29453555,0.3472935,0.3971496,0.44157454,0.47817293,0.50483835,0.51990026,0.5222515,0.511447,0.48776856,0.452253,0.40669113,0.3536144,0.2963131,0.23897824,0.18712261,0.14818498,0.13000903,0.13308996,0.14740737,0.16234958,0.1719627,0.17380103,0.16739927,0.15342787,0.13321373,0.108409844,0.080744825,0.051913917,0.024433203,0.017403593,0.042208746,0.070698306,0.099703565,0.1286673,0.15691468,0.18340959,0.20684153,0.22586022,0.23940328,0.24709769,0.24973294,0.2497667,0.25163028,0.26118362,0.2836463,0.32097796,0.3711925,0.42988238,0.49195093,0.55253947,0.60738117,0.65294105,0.6864996,0.7062139,0.71115243,0.70129275,0.67747474,0.6413073,0.5950311,0.54134357,0.48319367,0.42355552,0.36518922,0.31040052,0.2608186,0.21723506,0.1795784,0.14710829,0.11886411,0.09431145,0.07410867,0.060770757,0.057534143,0.06370897,0.07418439,0.0842356,0.091022156,0.093029775,0.08963633,0.08095973,0.067905225,0.052581497,0.039851382,0.038877267,0.052024245,0.07098535,0.09000068,0.10634427,0.11855354,0.12586825,0.1280875,0.12553956,0.1190853,0.11013324,0.10063028,0.09289675,0.08903384,0.08988296,0.09444719,0.10057062,0.106048994,0.10921847,0.1090662,0.10517907,0.097686924,0.08725241,0.07514794,0.06347086,0.055349,0.054002978,0.059804156,0.06975,0.080468416,0.08965536,0.09590925,0.09841216,0.096748464,0.09081025,0.08074026,0.066891015,0.049800437,0.030246617,0.010589664,0.017722892,0.040533286,0.06396578,0.086791284
69,0.15187857,0.14650336,0.13761148,0.12568739,0.11140277,0.095605165,0.079315335,0.06374467,0.050326988,0.04062519,0.03563002,0.03448577,0.034736414,0.034127407,0.03142147,0.026306702,0.01946445,0.014061592,0.01740164,0.028369395,0.041631877,0.054939345,0.06707138,0.077148266,0.08452597,0.08880885,0.08989208,0.088017836,0.08384641,0.078538805,0.07379166,0.07161113,0.07354576,0.07975551,0.08900435,0.0995304,0.109749734,0.11848553,0.12496738,0.12877792,0.12979648,0.12814389,0.124125294,0.118171625,0.11078492,0.10249592,0.0938426,0.08537156,0.0776477,0.07123064,0.06655745,0.063717656,0.062248718,0.061160196,0.05923554,0.055513524,0.050055612,0.045596447,0.049456865,0.068078905,0.10004274,0.1417907,0.19069348,0.24451137,0.300945,0.35751507,0.41159716,0.46052882,0.5017508,0.5329619,0.55227184,0.55833966,0.5504872,0.5287799,0.4940728,0.4480236,0.39309034,0.33254978,0.27062312,0.21287237,0.16693412,0.14191455,0.14119379,0.15563032,0.17272235,0.18474543,0.18826607,0.18233472,0.16745465,0.14503023,0.11700365,0.08555734,0.052842148,0.020750236,0.009872353,0.037444722,0.062797435,0.086587936,0.109926656,0.13378952,0.15859915,0.18406111,0.20929411,0.2331551,0.25463367,0.2732331,0.2892845,0.30412608,0.3200316,0.3397566,0.3657098,0.3990639,0.43928865,0.4843111,0.5310717,0.5761298,0.6161368,0.64815766,0.66987616,0.67971885,0.67691505,0.6615011,0.63427454,0.59670186,0.5507867,0.49890682,0.44362846,0.3875084,0.33289385,0.28173077,0.235398,0.19459505,0.15932925,0.12905137,0.10295781,0.08041597,0.061444797,0.047191292,0.03983874,0.04005522,0.044532415,0.049104746,0.051232252,0.04976814,0.044531792,0.03634132,0.027924629,0.026034081,0.035524838,0.05127216,0.06842953,0.0845394,0.09810824,0.108142026,0.114053175,0.1156608,0.11321348,0.10741924,0.09947907,0.09109854,0.0843601,0.081200175,0.08244913,0.08726165,0.09370437,0.09976441,0.10389152,0.10510366,0.10294238,0.097418495,0.088988066,0.07857937,0.06769726,0.058572125,0.053925127,0.05541457,0.06192515,0.07068555,0.07923661,0.08594177,0.089802966,0.090259686,0.08706878,0.08023322,0.06995258,0.056582026,0.040594704,0.022548892,0.0032037455,0.017431112,0.038057175,0.058400214
70,0.15317033,0.15022427,0.14360456,0.13365406,0.12090134,0.106045134,0.08993889,0.07358301,0.058136396,0.044944886,0.035455786,0.03052321,0.029126856,0.028729722,0.027145227,0.023216974,0.016567092,0.0073282123,0.0043470617,0.017282141,0.031069538,0.04478162,0.05754806,0.06855729,0.07711465,0.08270113,0.08503153,0.08411591,0.08033504,0.074547954,0.068237856,0.06358429,0.063002065,0.067764275,0.07704817,0.08881388,0.10105784,0.112261206,0.12138033,0.12775989,0.13106538,0.13123544,0.12844302,0.12306081,0.115631185,0.10684462,0.09752734,0.088626266,0.08114851,0.07597761,0.07353405,0.073461086,0.07464665,0.07559143,0.07483301,0.07129922,0.06479236,0.05716761,0.05479819,0.06732829,0.096744664,0.13851868,0.1888088,0.24482867,0.30404484,0.36385503,0.42154068,0.47433826,0.5195652,0.5547701,0.5778876,0.5873849,0.5823864,0.56277,0.5292285,0.483299,0.4273735,0.36472479,0.2996263,0.23772158,0.18675397,0.15637311,0.1518369,0.1654142,0.18361773,0.19723953,0.20189351,0.19612257,0.18021655,0.15559438,0.1244221,0.0893238,0.053185355,0.01983318,0.018104898,0.04297354,0.064047165,0.080886446,0.09561669,0.1114909,0.13159089,0.15742153,0.1885002,0.2230123,0.25868842,0.2934239,0.32564616,0.3545269,0.3800773,0.40311217,0.42505,0.4475358,0.47194484,0.49891087,0.5280554,0.5580103,0.58668876,0.61167294,0.63059235,0.6414261,0.6427085,0.6336442,0.61414695,0.5848136,0.54684746,0.5019409,0.452129,0.39962578,0.34665272,0.2952706,0.24722315,0.2038022,0.16574824,0.13320926,0.10578998,0.08271629,0.0630969,0.04620749,0.031713363,0.019842993,0.011759222,0.009459886,0.010672316,0.010943567,0.009149707,0.0078498395,0.013194334,0.02382801,0.036917523,0.051023204,0.06500409,0.077825464,0.08857852,0.09653717,0.10121704,0.10242797,0.10031956,0.09542344,0.08869501,0.08153696,0.07571215,0.07293207,0.0740472,0.078481,0.084632695,0.09073679,0.09537671,0.09760873,0.09693585,0.09326237,0.086867124,0.07840822,0.06897254,0.060164623,0.054072566,0.05257892,0.05593558,0.062468473,0.06997102,0.07671152,0.0815532,0.08380938,0.08311688,0.0793556,0.07259578,0.06305884,0.05108575,0.03711728,0.021732796,0.0067910133,0.013995472,0.030911142
71,0.14890133,0.14872178,0.14476737,0.13722274,0.1264585,0.11301707,0.09759456,0.08102323,0.06426582,0.0484491,0.034994207,0.025814421,0.022520171,0.02358943,0.02540152,0.025752736,0.02406489,0.020969633,0.018657899,0.020668663,0.027884254,0.03795453,0.048752178,0.058869537,0.06728857,0.0732503,0.07624153,0.076027304,0.07271262,0.06684978,0.05963766,0.05323209,0.050756183,0.054702565,0.06459622,0.07786955,0.09203965,0.10532488,0.11650781,0.12477812,0.12965219,0.13093656,0.12870967,0.12331166,0.11534187,0.10566809,0.095446095,0.086116605,0.07926162,0.07612931,0.076914646,0.08048796,0.08494412,0.08832905,0.089024246,0.08591636,0.07867301,0.06858381,0.060863253,0.06652728,0.09218185,0.13330738,0.18448856,0.24218224,0.30356267,0.3659049,0.42642203,0.48228994,0.5307519,0.56925976,0.59562737,0.6081804,0.6058898,0.5884795,0.556502,0.51138306,0.4554462,0.391949,0.3252014,0.26090416,0.20679963,0.1725637,0.16437976,0.17608333,0.1941677,0.20839757,0.21353017,0.2075936,0.19062395,0.16399626,0.13003902,0.091811895,0.053302888,0.0238452,0.03286639,0.05653484,0.074725084,0.085362084,0.09014695,0.09411351,0.10500166,0.12873116,0.16520372,0.21048984,0.2601601,0.31038764,0.3580954,0.40098965,0.43761498,0.46739948,0.49064574,0.50842965,0.522378,0.5343215,0.54586357,0.55796736,0.57069314,0.5831798,0.59386367,0.6008376,0.6022259,0.5964912,0.5826362,0.5603015,0.5297779,0.4919514,0.44820198,0.4002709,0.35011265,0.29974335,0.2510972,0.20589904,0.1655572,0.1310751,0.10297288,0.08121258,0.065155,0.053648178,0.04533744,0.039076123,0.0341574,0.03026548,0.027302267,0.02530235,0.024519812,0.025511697,0.028873337,0.034729566,0.04261482,0.051747296,0.06126173,0.07031343,0.07813456,0.08408379,0.0876958,0.08872825,0.08720484,0.08345571,0.078156136,0.07235141,0.06740706,0.06473587,0.06520703,0.068612926,0.073810056,0.07935706,0.08400242,0.08685313,0.08738289,0.08540324,0.08104103,0.07473469,0.0672565,0.05975838,0.053770978,0.050899222,0.051970933,0.056356072,0.0624815,0.06877744,0.07407837,0.07761844,0.0789389,0.077811725,0.07418674,0.06815323,0.059909243,0.049736116,0.037980422,0.025061838,0.0117049245,0.006360784
72,0.13902216,0.14190705,0.14097373,0.13623562,0.12789431,0.1163302,0.102087334,0.08585415,0.068446934,0.050818507,0.034182526,0.020708265,0.015752837,0.02108563,0.028558437,0.034398425,0.037818957,0.038963716,0.038532477,0.037710067,0.03795888,0.040390395,0.045056652,0.051014457,0.05697479,0.061764725,0.06448347,0.06454262,0.061701506,0.056148242,0.04870107,0.041288834,0.037597947,0.041507225,0.05256612,0.06731829,0.08294028,0.097608745,0.110079385,0.11947338,0.12520824,0.12698478,0.12479365,0.118931636,0.110031396,0.099118225,0.08770548,0.07787669,0.07205327,0.07190897,0.07698137,0.084928505,0.09303188,0.099052474,0.10134352,0.098817475,0.09108118,0.07904429,0.066862546,0.065529615,0.086356096,0.12619837,0.17777552,0.2365675,0.29941386,0.36348087,0.42594856,0.4839796,0.5347988,0.57582146,0.604801,0.6199786,0.62022096,0.60513544,0.57515734,0.53160745,0.4767301,0.4137387,0.34693176,0.28198907,0.22649153,0.18972237,0.17805135,0.18685469,0.20347738,0.21721368,0.22211884,0.21571793,0.19775991,0.1695221,0.13343874,0.09300934,0.05375253,0.03177619,0.048247654,0.07286959,0.09033051,0.097438954,0.0944184,0.085418455,0.08191633,0.09992114,0.14144583,0.19737579,0.2601102,0.32437906,0.38613194,0.44214785,0.4899999,0.52812153,0.5558726,0.57355785,0.58236945,0.58423036,0.58151984,0.57668364,0.5717727,0.5680171,0.56557834,0.56358176,0.56041527,0.55416733,0.543054,0.5257353,0.50149304,0.4702852,0.43270984,0.38990933,0.34344116,0.29513663,0.2469659,0.20092814,0.15898597,0.12305611,0.09500481,0.076344386,0.06708498,0.06462645,0.0651258,0.065787,0.06536522,0.063633315,0.06086697,0.057545017,0.054206382,0.05139705,0.049643524,0.04938642,0.05085031,0.053927094,0.05818277,0.06298326,0.06764195,0.071527526,0.07413187,0.075116016,0.07434637,0.071926504,0.06822579,0.06389831,0.05986151,0.05715725,0.056611378,0.05841074,0.06198558,0.066331804,0.07042378,0.07344347,0.0748469,0.07436474,0.0719907,0.06797688,0.06284193,0.057387844,0.05268696,0.049919795,0.049925834,0.052692868,0.057379786,0.06284496,0.06807612,0.072323084,0.075081155,0.076043315,0.07505791,0.07209554,0.06722249,0.060578264,0.052356258,0.04278754,0.032129183,0.020664841
73,0.12395858,0.13011725,0.13247561,0.13086523,0.12531114,0.11602879,0.10341443,0.08802846,0.07057472,0.051885992,0.032969777,0.0156241115,0.010685533,0.0232529,0.03605114,0.04636397,0.05367275,0.057909492,0.05931157,0.058401626,0.055972517,0.05302913,0.050617978,0.0494923,0.049745902,0.050748195,0.051471174,0.050900817,0.048297666,0.043339256,0.036305323,0.028640576,0.024463559,0.029346509,0.041903004,0.057620417,0.07385614,0.08902728,0.101975724,0.11180067,0.11783764,0.119678594,0.11720386,0.1106219,0.1005299,0.088030756,0.0749732,0.064317875,0.05992293,0.063961655,0.0743535,0.0870831,0.098872624,0.10747621,0.1113481,0.109473385,0.10143668,0.08787544,0.07204568,0.06405916,0.07925169,0.11730596,0.16884646,0.22815812,0.2917338,0.3566634,0.42013857,0.47936118,0.5315968,0.5742874,0.60519046,0.62252295,0.6250991,0.6124496,0.5849155,0.5437162,0.4909978,0.42988548,0.36459067,0.30065,0.24528222,0.20704,0.19198467,0.19692945,0.21075064,0.22286631,0.22684431,0.21974435,0.20100483,0.1717569,0.13448873,0.09314901,0.055133786,0.041411187,0.062534384,0.08844116,0.106175035,0.11182691,0.10432415,0.085555464,0.06537123,0.072851144,0.11954184,0.18556835,0.2596375,0.33578014,0.4095068,0.4770556,0.5353474,0.5820911,0.615899,0.636367,0.6440961,0.64064234,0.6283796,0.6102568,0.58943504,0.5688119,0.5504998,0.53540766,0.5231055,0.5120577,0.5001294,0.48515573,0.4653909,0.43976688,0.40797785,0.3704431,0.32819906,0.28276116,0.23598833,0.18998554,0.14710096,0.11011536,0.08265574,0.068730645,0.06840907,0.075374566,0.08329641,0.089106895,0.0918806,0.09169867,0.08908858,0.08475073,0.079411924,0.07374588,0.06833638,0.063665666,0.0601055,0.057889152,0.05706306,0.057452496,0.058683936,0.06026646,0.061693512,0.0625287,0.06246524,0.061364636,0.059282213,0.05648201,0.053433858,0.050767623,0.049141016,0.049006805,0.050390624,0.05287091,0.05577961,0.058441192,0.060319096,0.06107305,0.060573276,0.058902293,0.056355756,0.05343949,0.050839994,0.04931796,0.049481988,0.05152446,0.05514055,0.059706952,0.06453214,0.06900977,0.07266815,0.075168215,0.076285765,0.075891875,0.07393517,0.07042661,0.0654265,0.05903394,0.051378496,0.04261417
74,0.10482413,0.11426853,0.12001695,0.12170181,0.11916363,0.11245069,0.1018143,0.087696694,0.07071097,0.051615246,0.031295564,0.010974495,0.010713648,0.02908044,0.045623623,0.059378967,0.06983741,0.07672347,0.07999588,0.079853654,0.07673356,0.07129578,0.06439339,0.05701147,0.050140765,0.044536933,0.04039494,0.037180964,0.03387539,0.029470453,0.02341476,0.016249135,0.012476503,0.019761648,0.033369645,0.048938632,0.064737454,0.07955237,0.092323415,0.10212068,0.10818337,0.10997021,0.10720972,0.09995226,0.08864232,0.07427121,0.05879895,0.046286058,0.043640435,0.05355112,0.07002882,0.08739695,0.10249304,0.113365054,0.11864853,0.11741178,0.109224744,0.09450943,0.07576168,0.061752066,0.07082684,0.10683214,0.15803729,0.21733436,0.28090975,0.34583318,0.4093605,0.46878755,0.5214797,0.5649692,0.5970811,0.6160694,0.62074876,0.61061275,0.5859305,0.5478205,0.498305,0.4403645,0.37802708,0.31653795,0.26254743,0.22363916,0.2052876,0.20559318,0.21540408,0.22483757,0.22724882,0.21930428,0.20012282,0.17064737,0.13337055,0.09267954,0.05783284,0.05111864,0.074498676,0.10098644,0.1189372,0.12399294,0.11427274,0.089967646,0.056409724,0.049090654,0.10202955,0.17684199,0.25975695,0.34506354,0.4282205,0.505176,0.5724155,0.6271219,0.6673325,0.69205564,0.7013352,0.6962517,0.6788562,0.6520273,0.61923677,0.5841999,0.5503964,0.5204935,0.4958108,0.47605908,0.45953906,0.44374207,0.4260762,0.404441,0.37753814,0.34495142,0.3070796,0.26499957,0.22031714,0.1750628,0.13173383,0.09375664,0.06690867,0.0591369,0.068735674,0.08391911,0.09755757,0.10724094,0.11247698,0.11357076,0.11119929,0.10620342,0.09945813,0.0917824,0.083879344,0.0763059,0.069471076,0.06365521,0.05903425,0.055688564,0.05358761,0.052566633,0.05232867,0.052489806,0.05265254,0.05247819,0.05174037,0.05035713,0.048405375,0.046118785,0.043862414,0.04206753,0.041113134,0.041181054,0.04217241,0.043756492,0.04551197,0.04706241,0.048157077,0.04870443,0.0487785,0.04860735,0.04853898,0.04897276,0.05025441,0.052565817,0.055867683,0.059926104,0.06439334,0.068889655,0.07305741,0.076587275,0.079226606,0.080779105,0.08110094,0.08009604,0.07771181,0.07393565,0.06879252,0.062343296
75,0.083945364,0.09616315,0.10502203,0.10987469,0.1103418,0.10628887,0.097816356,0.08524837,0.06911463,0.050123528,0.029126495,0.0070746536,0.015032008,0.036194406,0.055472624,0.07203525,0.08520713,0.09450836,0.09968315,0.100716405,0.09783687,0.09150652,0.08239662,0.07135171,0.059342623,0.047406808,0.036561005,0.027634876,0.020937338,0.015857374,0.010995181,0.005128284,0.004533743,0.014642669,0.0271582,0.04107205,0.055469655,0.06933717,0.08162613,0.09133077,0.0975626,0.09961823,0.097037785,0.08965458,0.07764396,0.061609767,0.042905994,0.025612801,0.024726717,0.04312559,0.06541392,0.086425275,0.10398341,0.11655812,0.12294546,0.12226046,0.11403726,0.09850377,0.07749823,0.05822879,0.061020914,0.095110096,0.14588776,0.20472148,0.2676169,0.3317069,0.3943695,0.453047,0.5052597,0.54868853,0.58128726,0.60140485,0.60790783,0.6002913,0.5787738,0.5443708,0.49895132,0.44528756,0.38711953,0.3292513,0.27759206,0.23863107,0.21713907,0.21231149,0.21715996,0.22300416,0.22331443,0.21447958,0.19530958,0.16652396,0.13056354,0.092168696,0.06182036,0.059760034,0.083099686,0.10889197,0.12634426,0.13080911,0.119932055,0.092975885,0.05188679,0.029932523,0.09142972,0.17258134,0.26131848,0.3527727,0.44252393,0.5263836,0.60056335,0.6618825,0.70795375,0.7373257,0.7495721,0.7453214,0.7262261,0.69486886,0.65460294,0.6093114,0.5630613,0.51962036,0.48184794,0.45109096,0.4268672,0.40709683,0.38883704,0.3691543,0.34577212,0.317372,0.28362167,0.24505398,0.20289586,0.15892713,0.115497485,0.076166,0.048923273,0.04848334,0.06779804,0.08931431,0.107073575,0.1195834,0.12669878,0.12886304,0.12684086,0.121569045,0.11404318,0.10522126,0.09594242,0.08686642,0.07844298,0.070920326,0.06439369,0.058878407,0.054376792,0.05090612,0.04847266,0.047009826,0.046328496,0.046123143,0.04603414,0.045728825,0.0449661,0.04363295,0.041757803,0.03950781,0.037171554,0.035119314,0.033726133,0.033257972,0.033771727,0.035109587,0.036998753,0.03917649,0.041469894,0.043820024,0.046268247,0.048920676,0.05190135,0.05530498,0.059161246,0.06341934,0.06795311,0.07257965,0.07708241,0.08123217,0.084803425,0.08758604,0.089393325,0.09006765,0.0894846,0.08755627,0.08423382,0.07950942
76,0.066234566,0.07915163,0.08992923,0.09722704,0.100267544,0.098650694,0.09228406,0.08134995,0.066280216,0.04772877,0.026543513,0.004023728,0.019994123,0.04297188,0.06443133,0.08336535,0.09892701,0.11046005,0.11753439,0.11997096,0.117852524,0.11151923,0.10154866,0.08872086,0.07397015,0.058325507,0.042842343,0.028527074,0.016252996,0.0066548134,7.586224e-05,0.0044066957,0.008248859,0.013961902,0.022540176,0.03355841,0.046060774,0.058922585,0.070968,0.081047915,0.088113986,0.091289036,0.08992914,0.083672814,0.072473966,0.056616638,0.03671396,0.013742014,0.011735967,0.037332714,0.062225133,0.08478466,0.1035053,0.11699919,0.12406946,0.123791404,0.11561687,0.09957629,0.07691955,0.053182203,0.049784362,0.08270807,0.13321836,0.19124259,0.25286028,0.31537494,0.37634298,0.43339756,0.48425925,0.52680784,0.55917853,0.57986856,0.58784366,0.58263755,0.5644384,0.53415745,0.49348128,0.44491196,0.39180416,0.33839548,0.2897442,0.25122604,0.22689375,0.21680985,0.21610965,0.21769357,0.21550818,0.20583028,0.18719698,0.16007435,0.12676993,0.0921436,0.06666767,0.06652886,0.087545626,0.111035466,0.12688841,0.13026631,0.11853127,0.090473644,0.046367437,0.018540768,0.089521036,0.17360765,0.26499417,0.35952297,0.45292038,0.54096705,0.61973697,0.6858292,0.736569,0.77016634,0.7858217,0.78377503,0.765296,0.7326165,0.6888081,0.6376001,0.5831273,0.52957493,0.48068398,0.43911976,0.40585285,0.37988716,0.358627,0.3387739,0.31728128,0.29197192,0.26175082,0.22654447,0.1871178,0.1448755,0.10175836,0.060650025,0.030140158,0.037946314,0.06549139,0.091213346,0.111644566,0.12606752,0.13455337,0.13761398,0.13606043,0.13089675,0.12321809,0.11410736,0.10453184,0.09524744,0.086728536,0.07915005,0.07244193,0.0664073,0.06086177,0.05574257,0.05115456,0.047340274,0.04457306,0.04299904,0.042509694,0.042742755,0.043210417,0.043452475,0.043134186,0.042083032,0.04029123,0.03790693,0.035224542,0.032671608,0.030768624,0.030017668,0.030716335,0.03282969,0.03606421,0.04005884,0.044518847,0.049251948,0.054151393,0.05916381,0.06425794,0.06939967,0.07453509,0.07958165,0.08442656,0.08893057,0.09293532,0.096272506,0.09877342,0.100278385,0.10064522,0.09975676,0.097527206,0.093907066
77,0.060579576,0.06894716,0.078567006,0.08647269,0.09095332,0.091077015,0.08642292,0.07695608,0.0629621,0.045001954,0.023876447,0.0016848156,0.024084536,0.048501413,0.071733326,0.09266544,0.1103179,0.12389181,0.13281406,0.13677093,0.13572733,0.12993012,0.119894944,0.106376946,0.09032724,0.07283861,0.05508692,0.038284164,0.02369885,0.013001836,0.009101791,0.010798394,0.012613658,0.0141979065,0.018129876,0.026007405,0.037008286,0.049589746,0.062271353,0.07369685,0.08265005,0.08810283,0.08927748,0.08571144,0.07732667,0.06453637,0.048548736,0.032731876,0.027583482,0.04111736,0.062021572,0.08308387,0.10130455,0.11476922,0.122019745,0.12196207,0.1138992,0.09764551,0.073911875,0.04648523,0.03715599,0.07065447,0.12124381,0.17817952,0.23801531,0.2983335,0.35690966,0.41159508,0.46034008,0.50125885,0.5327096,0.5533819,0.5623832,0.5593207,0.5443737,0.51835155,0.48273683,0.43971255,0.39217463,0.3437144,0.29850316,0.2608662,0.2341791,0.21912561,0.21273443,0.20969225,0.20477726,0.19436963,0.17680062,0.15225314,0.12277135,0.09291566,0.07176529,0.07098422,0.0874579,0.10685269,0.119786896,0.12130375,0.108590715,0.08021205,0.03589981,0.023709077,0.09656557,0.18023096,0.27133048,0.36601648,0.4601664,0.5496264,0.63045776,0.69917035,0.752928,0.7897151,0.808454,0.80906814,0.7924891,0.76060796,0.7161745,0.6626473,0.6039907,0.54440224,0.48793563,0.4379776,0.396604,0.36402166,0.33848035,0.3168812,0.29580775,0.27243027,0.24497049,0.21276675,0.17611642,0.13603903,0.09404323,0.051997155,0.013806841,0.029248457,0.061898675,0.08968728,0.11150289,0.12704146,0.13645159,0.14025699,0.13928719,0.13459536,0.12736027,0.118771,0.10989483,0.10153827,0.094134346,0.087709144,0.08196564,0.076462,0.07080804,0.06481157,0.058554176,0.052409116,0.0470055,0.043094054,0.04124342,0.04146668,0.04314849,0.0453851,0.047358457,0.048496533,0.048483074,0.047223438,0.044813998,0.041529305,0.037831437,0.03439436,0.032086432,0.03176224,0.03382207,0.03798329,0.043589015,0.0500073,0.0567789,0.06360428,0.070295006,0.076731585,0.082832776,0.08853393,0.093772106,0.09847675,0.102565065,0.10594139,0.108499825,0.11012927,0.11071992,0.11017059,0.10839594,0.10533322
78,0.072234824,0.071360804,0.07541617,0.080859706,0.08479409,0.085394695,0.08167322,0.073235676,0.060134094,0.042775873,0.021858003,0.0017845283,0.02682099,0.052286137,0.07688999,0.09944692,0.118877456,0.13426979,0.1449332,0.15043956,0.15065043,0.14572763,0.13612673,0.1225735,0.10602528,0.08762106,0.06862768,0.050397675,0.034375817,0.022217097,0.015674893,0.014185258,0.013798177,0.012512007,0.012740826,0.018840702,0.030026939,0.043751173,0.058198795,0.07189397,0.08353233,0.091995865,0.096419185,0.09627038,0.09144385,0.08239098,0.070374824,0.05805823,0.05042402,0.05306838,0.0654032,0.08183126,0.09772299,0.11011629,0.11699798,0.116951026,0.109051034,0.0928741,0.06864701,0.03837263,0.023553586,0.060843825,0.11167488,0.16719978,0.22483292,0.28248295,0.33814692,0.38989347,0.43590853,0.47455588,0.50444186,0.5244802,0.53395534,0.532581,0.52055246,0.49858862,0.46796164,0.43051118,0.3886385,0.3452647,0.30370623,0.2673521,0.23896642,0.21961576,0.20786159,0.2001787,0.19246733,0.18146105,0.16538608,0.14411046,0.11922873,0.09448229,0.07659825,0.07321519,0.08316005,0.09658496,0.10515691,0.10389548,0.08989484,0.061731696,0.020851022,0.042230863,0.11172536,0.19248873,0.28082272,0.37305415,0.46526235,0.5534569,0.6338007,0.7028321,0.7576672,0.7961683,0.8170693,0.82005,0.8057579,0.77577615,0.73254156,0.67921585,0.6195121,0.55746746,0.4971396,0.44218323,0.3952827,0.357531,0.32806236,0.304308,0.28288144,0.2606112,0.23523062,0.20560463,0.17164347,0.13407972,0.09422143,0.053767215,0.015524493,0.02487437,0.0572972,0.085132346,0.10722433,0.12320181,0.13315405,0.137571,0.13728377,0.13338554,0.12712692,0.11977853,0.1124578,0.10593932,0.10051137,0.09596467,0.09174569,0.087203115,0.08181343,0.07532286,0.06781268,0.059727482,0.051898018,0.045529626,0.041954864,0.04188648,0.04473328,0.049034677,0.05337574,0.056770127,0.05863921,0.058714796,0.056968484,0.053575527,0.04891107,0.043585807,0.038527355,0.035037562,0.034504637,0.03752531,0.043452978,0.051126286,0.059577204,0.06816341,0.076483436,0.08429009,0.09143409,0.09782877,0.10342618,0.10819989,0.11213212,0.1152044,0.11739161,0.11865902,0.118962385,0.11825052,0.116469815,0.113570005
79,0.09444293,0.0854249,0.08211645,0.082501955,0.08369104,0.08319292,0.079360485,0.07131816,0.05879438,0.041995037,0.021578826,0.004849453,0.02813382,0.054110862,0.07964444,0.103427365,0.124294214,0.14124227,0.15348378,0.16049212,0.16203474,0.15818968,0.14934462,0.13617775,0.11962186,0.10081448,0.081038624,0.06166234,0.044088688,0.02972083,0.019812945,0.014524115,0.01147315,0.007904322,0.0067781154,0.015254068,0.028585743,0.044207454,0.060687106,0.07667925,0.09088884,0.10214835,0.109511934,0.11235034,0.11044583,0.10409825,0.09427174,0.082831666,0.072842725,0.06828203,0.071655944,0.08133205,0.09319816,0.10347675,0.10943397,0.109186634,0.10150544,0.08572004,0.06168828,0.02991977,0.012171038,0.056302924,0.106612206,0.16023873,0.21532974,0.27002484,0.32248563,0.37096015,0.41384578,0.44974536,0.47751588,0.49631077,0.50561625,0.50528294,0.49555254,0.47707862,0.45093971,0.41864103,0.38209906,0.34359637,0.30567843,0.27093628,0.24159595,0.2189005,0.20252661,0.19054006,0.18011913,0.16859625,0.15422602,0.13653949,0.1164855,0.09658164,0.08098219,0.074101456,0.07622731,0.08191885,0.08463916,0.07967832,0.06427225,0.03820469,0.023344312,0.068734005,0.13413109,0.21034655,0.29394677,0.38151792,0.46941838,0.5539093,0.63135105,0.6984095,0.75225025,0.79070556,0.81240386,0.8168534,0.804477,0.77659553,0.7353641,0.68366224,0.6249418,0.56302893,0.5018618,0.44512877,0.3957686,0.35536757,0.32367814,0.2986412,0.27708268,0.25574264,0.23209316,0.2046985,0.17321007,0.13818797,0.10090909,0.063389815,0.030279322,0.026269354,0.05213823,0.07819949,0.09965544,0.11552316,0.12570055,0.13060899,0.13107504,0.12823127,0.12339044,0.11787029,0.112765014,0.1087085,0.10573786,0.1033581,0.10078674,0.0972427,0.09216054,0.08530246,0.07680271,0.06719492,0.057467457,0.04914758,0.044177476,0.043942854,0.047893193,0.053996447,0.060289044,0.06545843,0.06874468,0.06977168,0.06844279,0.06488862,0.059452023,0.052714776,0.045591053,0.03950108,0.036404166,0.03791278,0.04380774,0.05246866,0.062354125,0.07245604,0.082166664,0.091121696,0.09910814,0.10601338,0.11179425,0.1164553,0.12003162,0.12257425,0.12413786,0.12477064,0.12450688,0.12336267,0.121334806,0.11840289
80,0.11925235,0.10487214,0.09551631,0.09048369,0.08778007,0.084995314,0.080119774,0.071852,0.05958227,0.04331329,0.023812033,0.0090000965,0.02822671,0.05398863,0.0799509,0.1045277,0.12645657,0.14465684,0.15826017,0.16665496,0.16952243,0.16685744,0.15897186,0.14647903,0.13025983,0.11141195,0.0911847,0.07090257,0.05187959,0.035319388,0.022165947,0.012774943,0.0062724752,0.001956441,0.008925862,0.020276165,0.03467514,0.05128971,0.06899102,0.08649365,0.10248228,0.11572699,0.12519099,0.13013047,0.13018657,0.12547292,0.11666925,0.105138764,0.093066625,0.08344944,0.079297796,0.08161151,0.08823647,0.09547966,0.10000009,0.09936899,0.091997996,0.07700864,0.054185156,0.024390712,0.01785507,0.059844702,0.10791627,0.15908965,0.21145509,0.26316088,0.312427,0.35761,0.3972647,0.43019313,0.4554787,0.47250676,0.48097467,0.48089364,0.47258654,0.45668277,0.43411127,0.40609008,0.37410772,0.33988824,0.30532408,0.2723512,0.24273151,0.21772553,0.19772284,0.18203796,0.16910101,0.15702493,0.14425126,0.13000129,0.11447948,0.0988906,0.085234575,0.07556216,0.07042744,0.06772934,0.06371607,0.0550884,0.041207593,0.03243175,0.05519196,0.102352224,0.16313624,0.23369274,0.3111026,0.39229882,0.47397685,0.55271006,0.6251237,0.6880846,0.7388846,0.7754035,0.7962396,0.8008006,0.78934944,0.7630025,0.7236822,0.6740258,0.61725247,0.5569873,0.49702418,0.44099626,0.3919097,0.35155338,0.31997296,0.29538423,0.2747643,0.2548551,0.23302966,0.20771627,0.17843986,0.14567351,0.11067515,0.075541176,0.0445023,0.031376835,0.046987344,0.069722764,0.0898351,0.10517398,0.11532143,0.12060774,0.12185987,0.12025621,0.11716034,0.113888286,0.111416325,0.110124595,0.10972823,0.109457925,0.10837665,0.105664514,0.10079197,0.09359637,0.08431032,0.07359152,0.062601134,0.053139996,0.047563378,0.047599386,0.052558992,0.059966482,0.06752176,0.0737306,0.0777353,0.07910528,0.07771654,0.07369152,0.06737824,0.059371617,0.050609738,0.042600997,0.037664976,0.038176484,0.04427881,0.053888354,0.06494833,0.076174825,0.08682866,0.09648043,0.104886964,0.11192918,0.11757708,0.12186624,0.12487891,0.12672721,0.12753715,0.12743372,0.12652723,0.124902286,0.12261003,0.1196649
81,0.14218011,0.124482885,0.11099151,0.10164944,0.095259145,0.089875914,0.08351251,0.0746511,0.06242898,0.04668008,0.02826494,0.014003271,0.02753444,0.05213108,0.077957146,0.10286351,0.12545072,0.14456339,0.15926515,0.1688719,0.17298715,0.1715254,0.16471893,0.15310563,0.13749777,0.11893235,0.09860459,0.07778685,0.05773462,0.039581355,0.024234643,0.012420276,0.0065329615,0.011017548,0.01982008,0.031370997,0.045734357,0.06240961,0.080412865,0.09850085,0.11534351,0.1296599,0.14033481,0.14652184,0.14773394,0.1439218,0.13554412,0.123637296,0.10988981,0.09667501,0.08679432,0.08240373,0.08334453,0.08692038,0.089607984,0.08848429,0.0816094,0.068038546,0.04815644,0.027337119,0.034909327,0.07135503,0.1162249,0.16475362,0.21453798,0.2635673,0.31002042,0.3522827,0.3889942,0.4190911,0.4418296,0.45679042,0.46386644,0.46323746,0.45533836,0.44082564,0.4205471,0.39551684,0.36689442,0.33596388,0.3041035,0.2727337,0.24322449,0.21674678,0.1940702,0.1753636,0.16011664,0.14729354,0.13569522,0.12436227,0.112847194,0.10128242,0.09023794,0.08037446,0.071968354,0.06461679,0.05765215,0.051772464,0.05192142,0.06634501,0.097421885,0.14223795,0.19794543,0.26217073,0.33247733,0.40616387,0.48027724,0.55172366,0.61742467,0.67449033,0.7203908,0.75311315,0.7712914,0.7743018,0.7623174,0.7363188,0.6980621,0.65000486,0.59519196,0.53709763,0.47940663,0.4256965,0.37896857,0.34103262,0.31193903,0.28986758,0.27173528,0.25423378,0.23470889,0.21157771,0.18435906,0.1535193,0.12030033,0.086706445,0.056199927,0.03730527,0.042410083,0.060639583,0.07890707,0.09342037,0.10333593,0.108885445,0.11091225,0.110650994,0.10949759,0.108699545,0.109009966,0.110468104,0.112457536,0.1140006,0.11409734,0.1119671,0.10717254,0.0996682,0.089821875,0.078452505,0.066925764,0.05729148,0.052085206,0.052896924,0.05868077,0.066757105,0.074760415,0.08116277,0.08508463,0.08608819,0.08405772,0.07913802,0.07171119,0.062417816,0.052264977,0.042912576,0.037071507,0.03765783,0.04465418,0.055316832,0.06725282,0.07909435,0.09009245,0.09982749,0.108074725,0.11474081,0.1198291,0.12341638,0.12563413,0.12665117,0.12665619,0.12584007,0.12437793,0.12241245,0.12003986,0.11730095
82,0.16065648,0.1410653,0.1250181,0.112755455,0.103581704,0.09600873,0.088257186,0.07878237,0.06658602,0.05137269,0.033950336,0.019553065,0.02666798,0.048921414,0.07398177,0.09872668,0.1215458,0.14120205,0.15670004,0.16729522,0.17252363,0.17222603,0.16655713,0.15597743,0.14122602,0.12327565,0.10327195,0.08246225,0.06212534,0.043538056,0.02812035,0.018253041,0.017496578,0.023827713,0.033126947,0.044668283,0.058610767,0.07472712,0.092258394,0.11008295,0.1269131,0.14145817,0.15255708,0.1592891,0.16106662,0.15771066,0.1495112,0.13727592,0.12237272,0.10675627,0.092885055,0.08321387,0.078914076,0.078678,0.07936822,0.07779835,0.0718004,0.060672216,0.046391446,0.03885485,0.05452321,0.088373296,0.13065307,0.17701429,0.22480218,0.2718503,0.316255,0.3563709,0.39085206,0.4186915,0.43924165,0.45221174,0.45764196,0.455859,0.44741985,0.433052,0.4135986,0.38997492,0.3631404,0.33408517,0.30382702,0.27340928,0.24388671,0.21628518,0.19151911,0.1702623,0.15279631,0.13890894,0.12793739,0.11898415,0.11120878,0.104048595,0.09728853,0.09100657,0.08549868,0.08133496,0.07967136,0.08266637,0.093270086,0.113885574,0.14527231,0.18683988,0.23731248,0.29500878,0.35789025,0.4235873,0.4894672,0.5527468,0.6106353,0.66049325,0.6999931,0.72726804,0.74104035,0.74071777,0.72645426,0.699171,0.66053694,0.61291134,0.5592483,0.5029586,0.4477059,0.39708585,0.35411382,0.32051754,0.29608944,0.27862024,0.26467717,0.25077525,0.23425403,0.21361521,0.18848129,0.15940091,0.12764928,0.09514563,0.06479202,0.04239924,0.038807206,0.051902093,0.06802716,0.08152273,0.091043726,0.09673459,0.099479854,0.100579165,0.101428084,0.10312237,0.10609761,0.11001864,0.113990165,0.116919845,0.11782801,0.11603028,0.111220285,0.103501625,0.09341007,0.081960775,0.07074345,0.06197911,0.058052294,0.059957337,0.06623513,0.074275516,0.081875294,0.087595,0.09060036,0.09049029,0.08719081,0.08089656,0.072048254,0.061359823,0.049957357,0.039779153,0.034157548,0.036300875,0.045045864,0.05681737,0.06923142,0.081075825,0.09171923,0.100827165,0.108244196,0.113939375,0.11797536,0.12048699,0.1216633,0.121730536,0.12093437,0.11952066,0.11771454,0.115699016,0.113595486,0.111449875
83,0.17306554,0.15267009,0.13531949,0.12139854,0.110508166,0.10149845,0.09282088,0.08299965,0.07098923,0.056398187,0.039874654,0.025244137,0.026272321,0.044880867,0.068483986,0.092557,0.115167074,0.13497755,0.15093985,0.16226101,0.16842234,0.16920172,0.16468504,0.15526238,0.14160706,0.12463951,0.10548052,0.085405566,0.065828666,0.048389096,0.035271402,0.029312462,0.03132128,0.038183983,0.047369942,0.058357608,0.071315005,0.08620282,0.10249572,0.11924582,0.13526088,0.14928353,0.16014142,0.16686893,0.16880503,0.16567008,0.15762256,0.14529862,0.12983876,0.11290202,0.0966336,0.08342245,0.07508683,0.07154363,0.07046294,0.068768814,0.064334795,0.057098385,0.050811946,0.054727297,0.075236,0.108559266,0.14951935,0.19464925,0.24134251,0.28736636,0.33074477,0.36977276,0.40306434,0.42959666,0.44873482,0.46023035,0.4641929,0.46103796,0.45141742,0.4361419,0.41610527,0.39222193,0.36538437,0.33644605,0.3062276,0.27554083,0.24521963,0.21614483,0.18924735,0.16546956,0.14565963,0.13038453,0.1197089,0.11309046,0.10954145,0.10799663,0.10765462,0.108149365,0.10958796,0.11255222,0.11810174,0.12771201,0.14303066,0.16545966,0.19578043,0.2340161,0.27949336,0.3309614,0.3866975,0.4446011,0.502296,0.5572504,0.60691583,0.6488765,0.6810007,0.7015827,0.7094659,0.70413923,0.6858,0.6553815,0.6145448,0.5656375,0.5116212,0.45596108,0.40244752,0.3548657,0.31638113,0.28861153,0.27080116,0.25990587,0.25179058,0.24265909,0.22987434,0.21212031,0.18922877,0.16192038,0.13157433,0.100098714,0.07007867,0.04589573,0.036276296,0.044383038,0.058270406,0.07063226,0.07961852,0.085319616,0.08868894,0.09108874,0.093861654,0.09786334,0.10315593,0.10906189,0.11450087,0.11835924,0.11974122,0.11809774,0.113281704,0.10557293,0.09570359,0.08490423,0.0749509,0.06802894,0.0659665,0.068934694,0.075220995,0.08250037,0.088868834,0.09306037,0.09434188,0.09238853,0.08719739,0.079035,0.0684179,0.05615414,0.043552514,0.033096887,0.02930806,0.034846168,0.04593314,0.05858644,0.07091895,0.082067214,0.09160634,0.09934282,0.105232924,0.10934215,0.11181958,0.11287804,0.11277691,0.11180535,0.11026425,0.108445585,0.10660833,0.104952306,0.10359389,0.10254951
84,0.17843537,0.15813202,0.14050911,0.12602086,0.11444019,0.10484305,0.09587062,0.08614204,0.07461413,0.060829144,0.045249473,0.030629152,0.02676867,0.040619276,0.062026348,0.08490576,0.106859446,0.12642236,0.14249583,0.15425104,0.16112995,0.16286324,0.15948345,0.151326,0.13901675,0.12344882,0.10575679,0.08730578,0.06972875,0.055039052,0.045612495,0.04309517,0.046491727,0.053212594,0.061605174,0.0713102,0.08253731,0.09541652,0.10966424,0.1245446,0.13900357,0.15185183,0.16193202,0.16825469,0.17010434,0.16711956,0.15935016,0.14729355,0.1319147,0.11465277,0.09740342,0.08239136,0.07166366,0.06596053,0.063855946,0.062733926,0.060818102,0.058761995,0.060681753,0.07249669,0.096450426,0.13037089,0.17114669,0.21602342,0.26256603,0.30855045,0.35195574,0.39101115,0.42425784,0.4506023,0.4693491,0.48020688,0.48326564,0.47894764,0.4679368,0.45109573,0.42937967,0.4037595,0.37516394,0.34444827,0.31239343,0.27973253,0.24719912,0.21558882,0.18582621,0.15902546,0.13650993,0.119687706,0.109616496,0.10632129,0.10853133,0.11432337,0.12201958,0.1306171,0.13980143,0.14983171,0.16142835,0.17565784,0.19376498,0.21692957,0.24599414,0.2812541,0.32236832,0.3683798,0.41780078,0.46872497,0.51895285,0.5661258,0.60786915,0.6419394,0.66636986,0.6796059,0.6806226,0.6690164,0.64506745,0.60976905,0.56482816,0.51264155,0.45625567,0.39930964,0.34592566,0.30040547,0.26643544,0.24563284,0.23627011,0.23378368,0.232909,0.22947478,0.22097576,0.20640932,0.1859224,0.16048601,0.13164555,0.101370454,0.07211086,0.047521744,0.034646366,0.038788896,0.050545115,0.061697345,0.07001624,0.075591765,0.079465106,0.08303629,0.08752345,0.093471274,0.100572586,0.107893854,0.114275225,0.118658744,0.12027773,0.118746705,0.114100926,0.10681784,0.09783683,0.08856959,0.08082052,0.076399826,0.07628669,0.07993879,0.08564105,0.09146074,0.0958448,0.09774976,0.09658646,0.09213856,0.0844959,0.07400777,0.06126608,0.047168255,0.033280004,0.023356672,0.02435803,0.03487913,0.04803231,0.06089265,0.07240148,0.08209569,0.08978094,0.09542996,0.09913745,0.10109176,0.10155246,0.10083096,0.0992727,0.09723945,0.09508948,0.09315313,0.091702744,0.09092021,0.0908699,0.09148722
85,0.17635244,0.15689683,0.13987152,0.12575603,0.11441438,0.10505899,0.096464396,0.08733743,0.076661766,0.0639423,0.04948137,0.03527159,0.02813354,0.036752984,0.055230632,0.076394394,0.09724516,0.116152845,0.13196968,0.14384475,0.15119912,0.15373702,0.1514597,0.14467202,0.13398002,0.12028294,0.10476882,0.0889262,0.0745676,0.06374934,0.058205884,0.058179565,0.062121812,0.06810512,0.07501967,0.08266453,0.09133833,0.10136483,0.112736896,0.124979764,0.1372207,0.14836454,0.15728135,0.16296315,0.16464321,0.16188283,0.15463093,0.14326085,0.128589,0.11188074,0.09484229,0.07955113,0.06812325,0.06179087,0.059867434,0.060313687,0.06179544,0.065235816,0.07384424,0.09099867,0.117727,0.15281627,0.19418025,0.2395629,0.28671876,0.33347282,0.3777837,0.41781917,0.45203185,0.47922242,0.498582,0.50970834,0.51259345,0.5075846,0.49532205,0.47666153,0.45258883,0.42413795,0.3923229,0.3580914,0.32230726,0.28576308,0.24922462,0.2135063,0.17958713,0.14878601,0.12300246,0.104840875,0.09685841,0.09941367,0.1097517,0.124215476,0.14019257,0.1563262,0.1721564,0.18783192,0.20394558,0.22141898,0.24136837,0.26491442,0.29294768,0.32590768,0.36364186,0.4053728,0.44975802,0.49500507,0.5390124,0.5795189,0.61425656,0.64109945,0.6582072,0.66415393,0.6580381,0.63956684,0.6091109,0.56773084,0.51717865,0.45988727,0.3989693,0.33825377,0.28236333,0.23665349,0.20627668,0.19338849,0.19444546,0.20207083,0.20941241,0.21209745,0.2080202,0.19667174,0.17861287,0.15511814,0.12793483,0.0991397,0.07116845,0.04736931,0.033742387,0.03561107,0.045520823,0.055395454,0.06291549,0.06823477,0.07247789,0.07702843,0.08290346,0.09030972,0.09863662,0.10680748,0.1136778,0.11830354,0.12008073,0.1188101,0.11472548,0.10850338,0.10124891,0.09441392,0.08954331,0.08776325,0.089216284,0.09296173,0.09746903,0.10121009,0.102981254,0.101985075,0.09780715,0.09036503,0.079855144,0.066706166,0.051552273,0.035289932,0.019691871,0.012842859,0.023604367,0.038183335,0.051967785,0.063965835,0.07377989,0.08125193,0.08638764,0.08932405,0.09030511,0.08965877,0.08777475,0.08508339,0.08203506,0.07907793,0.07663002,0.07504218,0.07455471,0.07526031,0.077090934,0.079837
86,0.1669416,0.14896394,0.1332697,0.12033196,0.1100452,0.101684466,0.09410191,0.08607391,0.07662535,0.06525412,0.052150868,0.038791474,0.02994545,0.033771787,0.048724297,0.06767119,0.08698036,0.10482329,0.120004565,0.13166694,0.13923292,0.14240633,0.1411861,0.13587831,0.12710309,0.11579886,0.1032247,0.090946764,0.08073456,0.074190505,0.0720381,0.07364032,0.07749013,0.082183935,0.086972594,0.09180175,0.09709244,0.10340219,0.111064546,0.11994511,0.12941152,0.13848363,0.14604972,0.1510613,0.15267773,0.15036538,0.14396182,0.13371433,0.120300494,0.10483903,0.08889762,0.07447076,0.063753,0.058314644,0.057943277,0.060990002,0.06636401,0.07481069,0.088519506,0.109578885,0.13870504,0.17521457,0.21759783,0.26395515,0.31221893,0.3602816,0.40609783,0.44778022,0.4836861,0.5124902,0.5332367,0.54536647,0.54871774,0.5435006,0.5302484,0.5097518,0.4829818,0.45101142,0.4149435,0.375854,0.3347571,0.2925978,0.25027868,0.20873208,0.1690729,0.13292353,0.10310035,0.08451416,0.0823011,0.09493597,0.11538775,0.13833952,0.16123347,0.18303971,0.2035237,0.2229475,0.24194591,0.2614443,0.28254935,0.3063803,0.3338503,0.36544675,0.40107664,0.44001627,0.48096225,0.5221506,0.56150895,0.5968188,0.62587464,0.64663607,0.6573669,0.6567572,0.644023,0.61897826,0.58207685,0.53442496,0.477769,0.4144752,0.34753576,0.28067896,0.2187477,0.16852811,0.13894948,0.13513009,0.14932805,0.16846433,0.18411128,0.19246443,0.19228424,0.1837439,0.16787535,0.14626527,0.120861374,0.09386317,0.067773044,0.045915138,0.03372034,0.03514098,0.043577816,0.05210675,0.058704227,0.06364762,0.06811026,0.073383644,0.08022818,0.088543445,0.097521104,0.10605181,0.11308225,0.11782669,0.11987081,0.11921637,0.11629079,0.11192082,0.107243486,0.10350304,0.10170305,0.10221588,0.104607195,0.10782806,0.11060835,0.111788586,0.11049255,0.106179714,0.09863655,0.087941445,0.07441837,0.058584858,0.041097153,0.0226957,0.004184097,0.013846692,0.030525856,0.045364488,0.057914447,0.0678809,0.075126365,0.079668604,0.081670605,0.08142399,0.079328015,0.075866304,0.07158285,0.06705714,0.06287423,0.05958122,0.05762279,0.05726652,0.058556873,0.06133542,0.06531526,0.070158616
87,0.15086487,0.13487431,0.1211202,0.11004001,0.1015023,0.094776355,0.08874064,0.082225405,0.0743131,0.06452996,0.05301172,0.040903635,0.031639826,0.03187882,0.04307,0.059367612,0.07671526,0.093084246,0.10723959,0.118337795,0.12583032,0.12945329,0.12923978,0.1255353,0.119009234,0.11065625,0.10176854,0.0938265,0.08821637,0.08575417,0.086290844,0.088824205,0.09206645,0.09498755,0.097082086,0.09841576,0.09953772,0.101271085,0.10438087,0.10921055,0.11547714,0.12234035,0.12865975,0.13327113,0.13518927,0.13373211,0.12859099,0.11986878,0.10810168,0.09427938,0.079881616,0.06692408,0.0578266,0.054523822,0.056978278,0.06351854,0.07300553,0.08587977,0.10365933,0.1278465,0.15910235,0.1970768,0.24064286,0.28818014,0.3377856,0.38742548,0.43505856,0.47874472,0.5167416,0.54758567,0.5701548,0.58370715,0.58789575,0.5827584,0.5686845,0.5463633,0.51671875,0.48083812,0.43990052,0.3951132,0.3476618,0.29868117,0.24925575,0.20046882,0.15356216,0.11043111,0.07533265,0.059088234,0.070686765,0.097359166,0.12733041,0.15656093,0.18377465,0.20865282,0.23135567,0.25238836,0.2725518,0.2928883,0.314577,0.3387626,0.3663363,0.39772388,0.4327458,0.47058484,0.509854,0.54873013,0.5851159,0.6168066,0.6416505,0.6576959,0.6633228,0.65735453,0.63914365,0.60862947,0.56636274,0.51349723,0.45175067,0.38334334,0.31093714,0.23763402,0.16724698,0.10581434,0.06844009,0.076823205,0.10856008,0.13893183,0.16104898,0.17324576,0.17555001,0.168852,0.15460312,0.13464306,0.11107831,0.086226635,0.06273013,0.044095475,0.035193205,0.037495054,0.044782728,0.051922806,0.05749681,0.061947506,0.06644412,0.072115965,0.07945555,0.08813225,0.09725302,0.10576743,0.11277126,0.117672086,0.12026329,0.12074216,0.11967995,0.11792982,0.11644882,0.1160343,0.11704832,0.11927146,0.1219781,0.12417373,0.12485163,0.12317518,0.118573114,0.11077178,0.099790394,0.08591659,0.069676146,0.051820993,0.033441626,0.017108288,0.014920626,0.028339924,0.042872712,0.055520006,0.06549856,0.07249512,0.076448634,0.07749736,0.075952224,0.07227441,0.06705429,0.060991965,0.054876182,0.04954341,0.045774598,0.044096936,0.04458748,0.046898894,0.050522976,0.055037737,0.0601857,0.06583051
88,0.12934174,0.11573848,0.10442843,0.09577509,0.089552246,0.084950015,0.08083085,0.076079644,0.06986741,0.061794106,0.05200156,0.041447315,0.032727007,0.030914739,0.038671143,0.05205117,0.06706109,0.08155115,0.09427503,0.10443268,0.11154066,0.11540941,0.11615189,0.11419648,0.11028804,0.10545419,0.10089484,0.09774447,0.09672065,0.09783282,0.100390434,0.10332118,0.105562896,0.10634019,0.10530671,0.102605276,0.098876975,0.09519684,0.09285581,0.09292063,0.095713094,0.100600034,0.10627848,0.11126484,0.11425849,0.11431875,0.11093058,0.10402575,0.09399467,0.081715405,0.068640515,0.05698162,0.04975708,0.049531087,0.055986654,0.06680598,0.08057773,0.09750889,0.11876276,0.1455972,0.17872278,0.2180535,0.26276672,0.311484,0.36245593,0.41372025,0.4632372,0.50900894,0.5491857,0.58215654,0.606623,0.62165064,0.6266987,0.6216249,0.6066682,0.58241117,0.54972667,0.5097131,0.4636248,0.4128024,0.3586095,0.30238035,0.2453849,0.18882361,0.1338971,0.08220139,0.038953714,0.036790542,0.072671376,0.110815175,0.14619903,0.17804469,0.2063122,0.23129685,0.2535656,0.27395064,0.2935336,0.31358248,0.33541813,0.36021137,0.38875255,0.42126188,0.45729977,0.49579194,0.5351422,0.57338935,0.60837585,0.63790965,0.6599139,0.6725614,0.67439216,0.6644099,0.64215314,0.6077376,0.5618655,0.50580114,0.44131324,0.37058645,0.29610762,0.22053328,0.14654799,0.07672779,0.013631711,0.04187293,0.0869954,0.12141546,0.14476041,0.15726271,0.15970029,0.1533311,0.13980967,0.121097304,0.099391915,0.07713216,0.05719274,0.043289185,0.03891127,0.04255785,0.048888285,0.054651063,0.05913429,0.062961616,0.06725346,0.0729431,0.08029105,0.08883094,0.097681575,0.105920196,0.112835325,0.11805237,0.12157258,0.12374716,0.12518552,0.12659167,0.12854645,0.13129868,0.13465641,0.13802916,0.1405865,0.14144975,0.13985121,0.13523826,0.12732811,0.116127744,0.101933844,0.08533116,0.06722734,0.04904914,0.03358003,0.02700439,0.03334407,0.045395207,0.057384986,0.067189746,0.07398169,0.0774669,0.07767561,0.07488986,0.06961181,0.06255333,0.054648824,0.04708961,0.041306447,0.03863013,0.039467335,0.042923372,0.04761077,0.05248455,0.057031415,0.061166104,0.065091416,0.06916127
89,0.10425346,0.093374066,0.08495786,0.07921881,0.07572672,0.07351146,0.0714079,0.06839761,0.06380035,0.057349563,0.04925727,0.04040675,0.032886457,0.030466745,0.035672173,0.046166245,0.05856224,0.07078756,0.08165552,0.09045975,0.0968343,0.10072218,0.1023756,0.102351196,0.10146808,0.10069027,0.10090593,0.10264317,0.105862215,0.109964564,0.114005096,0.11696331,0.11795851,0.11638514,0.11199454,0.104954675,0.09591294,0.08607354,0.07724356,0.071609564,0.0708203,0.074736014,0.08144066,0.08852001,0.09399001,0.0965123,0.09534262,0.09026069,0.08153658,0.06995482,0.05697238,0.045215894,0.039194036,0.04293427,0.05465407,0.070452794,0.088645406,0.10938054,0.13368987,0.1627717,0.19745602,0.23791079,0.2835921,0.33334586,0.38556376,0.43834212,0.4896277,0.5373493,0.57953566,0.61441904,0.64052075,0.65671784,0.6622867,0.65692323,0.6407398,0.61424005,0.5782748,0.53398323,0.48272339,0.42599803,0.36538017,0.30244333,0.23870069,0.17555764,0.11428842,0.056119464,0.008615547,0.050425187,0.095608376,0.13593985,0.17120871,0.20156278,0.22740844,0.24941814,0.2685493,0.2860467,0.3033978,0.32220936,0.34399432,0.3699042,0.40048873,0.43556747,0.47424406,0.51502985,0.55601794,0.59506094,0.62993467,0.65848213,0.6787423,0.6890641,0.68820405,0.67540526,0.6504524,0.6136998,0.5660709,0.50902754,0.44451484,0.37488943,0.30285403,0.23145525,0.16433185,0.106963255,0.071303084,0.07321864,0.09713011,0.121195875,0.13821664,0.14650299,0.14620002,0.13832882,0.124448955,0.10649592,0.08671447,0.06771767,0.05267251,0.04490787,0.045151785,0.049901057,0.055354387,0.059801307,0.06315636,0.066209994,0.0700151,0.07532144,0.082222655,0.090203576,0.09846669,0.10626571,0.1131123,0.11885888,0.123688325,0.12802546,0.13237976,0.13714863,0.14244293,0.14800376,0.15324004,0.1573559,0.15950787,0.15894437,0.1551076,0.14769766,0.13670689,0.122436084,0.105508834,0.08691702,0.06818008,0.051811147,0.042044636,0.042754605,0.05139317,0.062306363,0.07204662,0.0790116,0.08250383,0.08233354,0.078670114,0.07198795,0.06306759,0.053071264,0.043744754,0.037622303,0.03713737,0.0420774,0.049806256,0.057941195,0.06512099,0.070712335,0.074559495,0.07686687,0.078137375,0.07910543
90,0.07855572,0.070808694,0.06578736,0.06336472,0.06273425,0.06273502,0.062264957,0.060519036,0.057057694,0.051815085,0.04513588,0.037923966,0.031982526,0.030084938,0.03392076,0.04195775,0.05166246,0.06130133,0.06987633,0.07686226,0.08209573,0.08574294,0.08827908,0.09042797,0.09301821,0.09674662,0.101923145,0.1083345,0.11530188,0.121870324,0.12701479,0.12979807,0.12947473,0.12555772,0.11786417,0.106554136,0.09218319,0.07581864,0.05935952,0.046318255,0.04206465,0.048445337,0.060270905,0.07236979,0.08195325,0.08758146,0.08854209,0.08463211,0.07608843,0.06359333,0.04843454,0.033369865,0.026068911,0.035252333,0.053632777,0.07481661,0.09736312,0.12158356,0.14851819,0.17941153,0.21526572,0.25651535,0.30289105,0.35345134,0.40671015,0.4607966,0.5136149,0.5629929,0.60681677,0.6431502,0.67033607,0.6870777,0.69249743,0.68617076,0.66813487,0.6388737,0.5992802,0.5506012,0.49436867,0.43232515,0.3663511,0.29841065,0.23055007,0.16506922,0.10543815,0.0614989,0.061039004,0.095593475,0.13471393,0.17035466,0.2007817,0.22578664,0.24583317,0.2618688,0.27527747,0.28783423,0.3015822,0.31858033,0.34053665,0.36844265,0.40236583,0.44147223,0.48421794,0.528594,0.5723465,0.6131505,0.64874667,0.677056,0.6962805,0.7049929,0.7022136,0.6874704,0.6608376,0.62295073,0.5749961,0.51867783,0.456168,0.39005488,0.32331535,0.25936297,0.20224962,0.15699911,0.12913097,0.12066535,0.12553382,0.1342532,0.14038183,0.1410479,0.13557546,0.124538176,0.10927456,0.091660395,0.07405694,0.059375476,0.05075579,0.049559817,0.053448934,0.058797397,0.063393414,0.06660042,0.06880396,0.07092604,0.07395681,0.078506336,0.08457283,0.09166057,0.09910453,0.10636672,0.113198034,0.119668365,0.12609029,0.13286139,0.1402676,0.14831534,0.15665771,0.16463397,0.17138916,0.17602012,0.17770778,0.17581935,0.16997837,0.16010854,0.14645943,0.12962669,0.11058982,0.09081667,0.072524734,0.059074957,0.054292284,0.058646537,0.06793943,0.0777655,0.08551168,0.08985955,0.09024575,0.086604655,0.07926345,0.06892502,0.056762755,0.044772904,0.036540125,0.036558684,0.044725917,0.05654379,0.06862131,0.07922704,0.0874929,0.09303881,0.0958447,0.096214116,0.09477017,0.09245043
91,0.05763993,0.053735085,0.05258172,0.053362954,0.054883227,0.056037672,0.05603508,0.05442714,0.051082674,0.04617921,0.040247973,0.034308933,0.030048726,0.029440753,0.03305141,0.03940216,0.04664672,0.053538438,0.059411403,0.064051464,0.06764276,0.07073733,0.074167565,0.07883197,0.085371226,0.09389519,0.103933804,0.11459763,0.124798045,0.13342224,0.13944784,0.14201719,0.14048918,0.13447705,0.12387403,0.10886694,0.08993892,0.067871474,0.04380576,0.020018457,0.014377961,0.035145257,0.056079578,0.07365513,0.08662808,0.09421466,0.09597781,0.091825955,0.08201375,0.06713089,0.048102167,0.026438184,0.010608318,0.028897488,0.054516584,0.08074664,0.10719412,0.13439001,0.1634154,0.19560556,0.23216835,0.27382115,0.32057008,0.3716723,0.4257349,0.48088047,0.5349278,0.5855654,0.6305087,0.6676405,0.69513005,0.7115314,0.71585596,0.70761895,0.6868581,0.6541252,0.61045367,0.5573067,0.49651384,0.430209,0.36079416,0.29098073,0.22404741,0.16470407,0.121333554,0.106700584,0.1223971,0.1521889,0.18347414,0.21105751,0.23315248,0.24948718,0.26067233,0.2680079,0.27342558,0.27940905,0.28874987,0.30405238,0.327095,0.3583741,0.39708734,0.44147393,0.48923555,0.5378584,0.58481354,0.6276803,0.6642362,0.6925355,0.7109836,0.71840584,0.71410644,0.69791186,0.67019415,0.6318724,0.58439046,0.52967507,0.47007835,0.40831387,0.3473949,0.2905713,0.24120995,0.20242329,0.17610264,0.16149521,0.15485796,0.15124908,0.14667378,0.1388848,0.12719235,0.112054005,0.09476903,0.07735132,0.06255832,0.053621083,0.05231378,0.056642387,0.0628395,0.06831393,0.072040334,0.07406583,0.075094566,0.07613927,0.078143574,0.08163068,0.08656556,0.09251949,0.098989055,0.10566058,0.11252502,0.119842574,0.12798908,0.1372415,0.1475871,0.15863518,0.16965319,0.17968865,0.18771856,0.19278619,0.1941091,0.19115739,0.1837066,0.17187142,0.15612894,0.13734654,0.116842985,0.096533895,0.07918684,0.068394795,0.06674827,0.07275044,0.08201657,0.0907755,0.09677149,0.09883851,0.09651364,0.08984137,0.07929945,0.06583621,0.051149953,0.038667444,0.03487076,0.043171905,0.057906546,0.07382583,0.08844358,0.10051182,0.10935818,0.11468685,0.11652343,0.11520967,0.111422084,0.106202014
92,0.050729357,0.050768703,0.05247512,0.05464679,0.056266066,0.05663437,0.055361155,0.052327696,0.047670916,0.04180486,0.035503574,0.030057942,0.02726246,0.028370207,0.032641675,0.03820683,0.043557983,0.047840312,0.050744776,0.052473545,0.053775646,0.05591361,0.060335364,0.06801191,0.07894643,0.09230192,0.10683689,0.12122201,0.13418403,0.14456928,0.15138601,0.15384412,0.1513935,0.14375791,0.13096151,0.11334798,0.091602206,0.0668237,0.04096738,0.020918349,0.029385542,0.052497186,0.075014,0.09379183,0.1073928,0.114923604,0.11589446,0.110202745,0.098125316,0.08029549,0.057665374,0.03152227,0.0068057124,0.029054713,0.059141982,0.08909695,0.118587054,0.14804883,0.17852399,0.21143438,0.2482079,0.2898558,0.33665773,0.38804805,0.44268733,0.49863988,0.5535859,0.6050283,0.6504804,0.68763065,0.7144835,0.72947395,0.73155534,0.72025615,0.6957077,0.6586417,0.61036396,0.5527109,0.48800448,0.4190328,0.34910917,0.28231102,0.22404793,0.18174954,0.16321224,0.1691007,0.1899146,0.21499318,0.2378606,0.25545144,0.2666764,0.27165616,0.2714139,0.26780516,0.26353714,0.26209086,0.26726684,0.2821992,0.30827722,0.3448181,0.38965285,0.439955,0.49278623,0.54533225,0.59498304,0.6393697,0.67640376,0.704328,0.72177476,0.7278227,0.72204465,0.7045394,0.6759435,0.63741904,0.590619,0.5376301,0.48089543,0.4231188,0.3671418,0.31576875,0.2714808,0.23597169,0.20955478,0.1908063,0.17693673,0.16481732,0.15196007,0.1369729,0.11957457,0.10045195,0.081177995,0.06432124,0.053492308,0.051540762,0.05684244,0.0648396,0.072193,0.07742012,0.08024173,0.08111602,0.08094465,0.080795355,0.08158388,0.08379408,0.08740437,0.09208129,0.09749427,0.10355397,0.11047701,0.11867388,0.12851723,0.14009793,0.15308528,0.16673894,0.18003237,0.1918147,0.20096056,0.20649002,0.20765801,0.20401804,0.1954656,0.1822667,0.16508108,0.14499626,0.123602144,0.103142224,0.08667294,0.07760679,0.07749263,0.083988294,0.092829004,0.10055641,0.1050705,0.105279155,0.100783356,0.091712214,0.07867461,0.06286938,0.046656553,0.03550532,0.038027383,0.05268353,0.07132599,0.089721486,0.10594984,0.11895432,0.12812784,0.13320062,0.13421404,0.13152705,0.12584403,0.118263975
93,0.06093986,0.06260627,0.06462259,0.06601425,0.06607812,0.06438695,0.060764413,0.055267747,0.04819322,0.040126957,0.032098435,0.025894081,0.023923855,0.026844025,0.032328837,0.03790762,0.042142604,0.044335626,0.044350777,0.04270461,0.040869124,0.041459937,0.047154997,0.058535755,0.07413079,0.09201037,0.110458605,0.12799214,0.14330241,0.15524338,0.162855,0.16540371,0.16242878,0.15378943,0.13971579,0.12088274,0.09857424,0.075176455,0.05574642,0.05007629,0.06251867,0.083523236,0.10506273,0.12333911,0.13632625,0.14283012,0.14222655,0.13438803,0.11966015,0.098859355,0.07335051,0.04566941,0.02528714,0.038365837,0.068317905,0.10023526,0.1317106,0.16262975,0.19387412,0.22692612,0.26343486,0.3047087,0.35129124,0.40276426,0.45779252,0.5143229,0.56983864,0.6216095,0.6669155,0.7032398,0.7284323,0.74084246,0.7394207,0.7237877,0.69427085,0.651912,0.59845406,0.53632253,0.46862927,0.39924768,0.3330227,0.27610016,0.23578973,0.21802141,0.22206362,0.23978332,0.26175994,0.2814206,0.29515782,0.3014028,0.29994273,0.291575,0.27800688,0.261939,0.24723972,0.23888804,0.2420104,0.25980553,0.29204056,0.3358061,0.3873081,0.44294798,0.4995843,0.55447716,0.6052027,0.6496155,0.6858596,0.71241,0.7281285,0.7323198,0.7247764,0.70580626,0.6762378,0.63739944,0.5910733,0.5394243,0.48490283,0.43011823,0.37767166,0.32992497,0.2886839,0.25481814,0.22796047,0.20653562,0.18824607,0.17080085,0.15251094,0.13256918,0.111089975,0.08909501,0.0686662,0.053428955,0.04804017,0.0529984,0.06285418,0.07275029,0.08040321,0.08508998,0.08695633,0.08668983,0.08529986,0.08388161,0.083339736,0.08415667,0.086356096,0.08971163,0.094059974,0.0995197,0.10650393,0.115525946,0.12689908,0.1404981,0.1557005,0.17149249,0.18664536,0.1998862,0.21003477,0.21610674,0.21738997,0.21349944,0.20441511,0.1905076,0.17256092,0.15180804,0.13000579,0.109564535,0.09359858,0.08523137,0.085435264,0.09165113,0.099794894,0.10656077,0.10990137,0.108746134,0.10272615,0.09202682,0.077364564,0.060185395,0.043606356,0.035221145,0.043263335,0.061636552,0.08245636,0.102290295,0.11947059,0.13300985,0.14231813,0.14712866,0.14748396,0.14374703,0.13663396,0.12727492
94,0.07843892,0.08004687,0.081311606,0.08140945,0.07976211,0.07603783,0.07013774,0.062186405,0.052538976,0.04183342,0.031185508,0.02280214,0.02045982,0.024919966,0.031845096,0.038005024,0.041901052,0.042815402,0.040538277,0.035511576,0.029563613,0.027579315,0.035238616,0.0511141,0.071185105,0.09290455,0.11453701,0.13464095,0.15193067,0.16527303,0.1737293,0.17661296,0.17355312,0.16456467,0.15013817,0.13139091,0.11038517,0.09081526,0.07882601,0.08064559,0.09535586,0.11615384,0.137207,0.15491146,0.167053,0.17227937,0.16989428,0.1597877,0.14242147,0.118866816,0.09101619,0.062622644,0.04410397,0.053240173,0.08133232,0.11384565,0.14633694,0.17795226,0.20934406,0.2420364,0.27789572,0.31852132,0.36470136,0.41612622,0.47141033,0.528323,0.584096,0.63572437,0.6802293,0.7148821,0.73738974,0.7460471,0.7398529,0.71859336,0.682893,0.6342424,0.5750187,0.50852966,0.4391309,0.3724652,0.31571555,0.27703777,0.26224783,0.26967946,0.29052395,0.31495157,0.33590758,0.34930053,0.35319117,0.34713578,0.33180794,0.30884138,0.2808805,0.25187373,0.22753412,0.21521445,0.22139777,0.24743478,0.28921953,0.34104788,0.39814574,0.4569505,0.5147128,0.5691539,0.6182825,0.66033095,0.693763,0.7173209,0.730088,0.7315517,0.7216543,0.7008239,0.6699804,0.63051397,0.5842351,0.53329635,0.48008507,0.4270815,0.37667367,0.33091423,0.29121983,0.25806895,0.23084125,0.20796964,0.18742232,0.1673037,0.1463108,0.12394828,0.100585766,0.07755083,0.05758101,0.045714285,0.0466157,0.056622803,0.068733156,0.07916801,0.086489476,0.09040045,0.09126098,0.08986388,0.08725898,0.08454706,0.0826355,0.08203514,0.08283668,0.08492072,0.0882711,0.09318134,0.10021746,0.10994318,0.12257145,0.13776414,0.15466507,0.17207572,0.18865135,0.20306101,0.21410678,0.2208131,0.22249386,0.21880208,0.20976442,0.19580485,0.17776543,0.15693863,0.13513249,0.114769965,0.09887157,0.09032399,0.089941025,0.0953165,0.10258037,0.108499676,0.11101896,0.10905,0.102223046,0.090751104,0.07543138,0.05793681,0.04210109,0.03683745,0.04827284,0.06833906,0.09008952,0.11052372,0.12807882,0.14178748,0.15105703,0.15561168,0.15548395,0.15102838,0.14295751,0.13241164
95,0.09531823,0.09659282,0.097196214,0.09634854,0.093499534,0.088337146,0.08078075,0.070973046,0.059280608,0.04632574,0.033139564,0.021842884,0.017487017,0.022721263,0.031011768,0.038061902,0.042233802,0.042731423,0.039180428,0.031644206,0.021200607,0.014513835,0.025770713,0.04643832,0.07009778,0.09467673,0.11869866,0.1408061,0.1597285,0.17433031,0.18368043,0.187129,0.18438959,0.17563352,0.16161738,0.14389156,0.12516642,0.10978831,0.1033614,0.10938015,0.1256198,0.14658584,0.16736639,0.18452601,0.19578283,0.19970624,0.19557488,0.18332782,0.16357,0.13765426,0.10800662,0.07935569,0.062290065,0.070113584,0.09665596,0.12908146,0.1618905,0.19360857,0.22467548,0.25665924,0.29163706,0.33148152,0.37719297,0.42852396,0.48398426,0.54111385,0.5968515,0.6478892,0.69097626,0.7231713,0.74205124,0.74588054,0.7337453,0.7056541,0.66261363,0.6066975,0.5411428,0.47053993,0.40119058,0.34154275,0.30167952,0.28922138,0.30258465,0.33133638,0.363858,0.39180768,0.41022563,0.41658738,0.41007778,0.3911669,0.36139658,0.32335263,0.28090242,0.23987328,0.20906806,0.19938694,0.21679033,0.25649068,0.30924013,0.36788547,0.42798886,0.48674446,0.54217273,0.59269303,0.63692415,0.67361355,0.70164204,0.72007245,0.7282187,0.72571874,0.71259713,0.6893079,0.65675116,0.61626035,0.56955945,0.51868945,0.4659052,0.413538,0.3638177,0.31864285,0.27930406,0.24621247,0.21876281,0.19548097,0.17447159,0.15397722,0.13281159,0.11057903,0.08777298,0.06599715,0.048753444,0.04210737,0.048321456,0.06068436,0.07317541,0.08315368,0.08967167,0.09262885,0.092459135,0.08996942,0.086195156,0.08222217,0.07897027,0.07700428,0.07650102,0.07744326,0.079931475,0.08438567,0.09146567,0.10172835,0.11526009,0.1315408,0.14955966,0.16802627,0.18555918,0.2008246,0.21263808,0.22004287,0.2223712,0.21929067,0.21083696,0.19743581,0.17992087,0.15955986,0.13810575,0.11787116,0.10169596,0.09231785,0.090696454,0.09483217,0.10111983,0.10636173,0.10845295,0.10625519,0.099369064,0.0880057,0.07300942,0.056222327,0.04193469,0.039105564,0.051786914,0.07200926,0.0936578,0.11394304,0.13133827,0.14487448,0.15394643,0.15826096,0.15783049,0.15298827,0.14442757,0.13327941
96,0.108157486,0.109311424,0.10966684,0.10843271,0.10504024,0.099159405,0.09069709,0.07978977,0.066799,0.05232537,0.037303198,0.023502747,0.015908198,0.02048388,0.02974745,0.03775313,0.042588644,0.043368928,0.039614383,0.03114259,0.018075246,0.002608904,0.020848177,0.044743195,0.070488885,0.096831575,0.12245397,0.14601533,0.16622534,0.18192686,0.19218327,0.19636929,0.1942684,0.1861864,0.17310373,0.15690307,0.14068083,0.1288824,0.12623137,0.13472085,0.15185139,0.17285144,0.19328655,0.20982932,0.22016682,0.22282828,0.21709317,0.20296565,0.18120302,0.15344217,0.12261733,0.09425377,0.07890046,0.08691555,0.11269331,0.1448616,0.17760007,0.20905705,0.23953518,0.27066502,0.30472228,0.34381875,0.3891196,0.44038758,0.49598122,0.5531766,0.6085993,0.6586313,0.6997519,0.7288159,0.7432825,0.741402,0.72236794,0.6864412,0.63506407,0.5710028,0.4986007,0.4242822,0.35740277,0.31061417,0.29587314,0.3141715,0.35323477,0.39823616,0.43855792,0.46783018,0.4825892,0.4813619,0.46417055,0.43227524,0.38807857,0.33524355,0.27925092,0.22884004,0.19785284,0.20058693,0.23641491,0.29147795,0.35391295,0.41711444,0.47760308,0.5334469,0.58347464,0.6268792,0.66300917,0.6912681,0.711089,0.72196144,0.7234926,0.71548545,0.69801474,0.6714899,0.63669235,0.5947842,0.5472842,0.49601322,0.44300988,0.3904156,0.34032556,0.294595,0.2545949,0.22094119,0.19329578,0.1704031,0.15045393,0.13164896,0.11270152,0.09313659,0.073473014,0.055587064,0.043563996,0.0425893,0.051462654,0.0637672,0.075263895,0.08406208,0.08944269,0.091351256,0.0901939,0.08671687,0.0818896,0.07675719,0.072254226,0.069023915,0.06735519,0.067335375,0.0691486,0.073278874,0.080402285,0.09100386,0.10503068,0.121834934,0.14034323,0.15926534,0.1772548,0.19302289,0.20542523,0.21353227,0.21668705,0.21455018,0.20713176,0.19481228,0.1783577,0.15893878,0.1381692,0.11816486,0.10153537,0.09093138,0.08765369,0.09030676,0.09562279,0.10042146,0.10251345,0.10068056,0.09446624,0.08404821,0.07027074,0.055031117,0.04263,0.041048516,0.053213283,0.07235277,0.09300383,0.112468824,0.12922074,0.14227714,0.15101402,0.15511401,0.15455996,0.14965141,0.14104727,0.12985153
97,0.115585774,0.116925135,0.11748986,0.11644287,0.11316589,0.10728429,0.09866944,0.08743263,0.07391831,0.05870871,0.042682517,0.027345873,0.016693601,0.018709492,0.028125573,0.036902692,0.042553447,0.044061027,0.040906996,0.032936707,0.020523865,0.008109113,0.021706741,0.04542582,0.071658686,0.098737694,0.12522513,0.14971034,0.17085208,0.18745808,0.1985763,0.20359287,0.20233919,0.1952172,0.18336128,0.16885345,0.15493868,0.145885,0.14566539,0.15550114,0.17292978,0.19365165,0.21353093,0.22931919,0.23869202,0.24016096,0.23302065,0.2173453,0.19404127,0.1650171,0.13368022,0.1062293,0.09308141,0.10231464,0.12809707,0.16012852,0.19267641,0.22374785,0.2536023,0.28395423,0.31725293,0.3557954,0.4008489,0.4521334,0.5078245,0.56492496,0.61975455,0.6684024,0.70709795,0.73251116,0.7419973,0.7337998,0.70721954,0.6627657,0.6023219,0.5294078,0.44971758,0.37227666,0.3112577,0.28483915,0.30190992,0.3501716,0.4098045,0.46646634,0.5116896,0.54068,0.5509887,0.54188555,0.5140595,0.46948186,0.41142336,0.34477946,0.27718413,0.22179104,0.19926271,0.22261079,0.27842423,0.34711272,0.41732398,0.48351702,0.54296106,0.59435314,0.6371782,0.671354,0.69700193,0.7142941,0.72336626,0.7242904,0.7170995,0.7018502,0.67870474,0.64801365,0.61038303,0.56671536,0.5182188,0.46638373,0.41292906,0.35972252,0.3086755,0.2616085,0.22007246,0.18510824,0.15696391,0.13489673,0.117288426,0.102168255,0.08790022,0.073705025,0.059979927,0.048634764,0.04312544,0.045825034,0.054454897,0.06491911,0.07444598,0.08157365,0.08564655,0.08655011,0.08458,0.080352515,0.07471425,0.06862907,0.06303114,0.05866063,0.05596115,0.055154074,0.056487765,0.060436435,0.06759047,0.078288086,0.09234076,0.10904858,0.12737463,0.14611453,0.1640188,0.17988372,0.19262683,0.20135272,0.20540914,0.20443186,0.19837695,0.18754168,0.17257775,0.15450534,0.1347412,0.115150884,0.09808177,0.08611519,0.08099547,0.08209526,0.0865711,0.09124113,0.09379064,0.09289133,0.088003635,0.07923794,0.06737509,0.054205634,0.043579165,0.042048488,0.052342273,0.069387645,0.088284925,0.106361255,0.12206386,0.13438742,0.14268374,0.14660536,0.14609739,0.14141509,0.1331702,0.122425504
98,0.11730972,0.119075395,0.12023979,0.11989025,0.11733135,0.11211938,0.104068674,0.09324663,0.079966374,0.06478763,0.048558448,0.032644708,0.020128902,0.018339396,0.026494935,0.0355394,0.04190954,0.044323046,0.04221571,0.03555355,0.025296545,0.0169861,0.02590462,0.047254983,0.07275412,0.099711314,0.12640361,0.15130383,0.17300723,0.19028261,0.20215723,0.20801622,0.20771374,0.2017028,0.19119474,0.1783471,0.16638702,0.15930554,0.16052285,0.17088155,0.18807155,0.20815405,0.2272193,0.2420928,0.25045666,0.25082132,0.24250418,0.22564687,0.20129237,0.17159952,0.14041358,0.1145258,0.10416041,0.11540734,0.14186221,0.17402427,0.20646846,0.23724563,0.2666561,0.29650882,0.32938334,0.3676879,0.41271752,0.46410277,0.5198261,0.5766365,0.6305843,0.67750645,0.71342057,0.73484087,0.73903584,0.7242433,0.68985397,0.6365882,0.5667214,0.4845084,0.3971984,0.31748468,0.26711875,0.26935756,0.3202185,0.393409,0.4681442,0.5327627,0.5807009,0.60824335,0.6136225,0.59665424,0.5585791,0.50202173,0.43113294,0.35221687,0.27572194,0.22088599,0.21465597,0.26087493,0.33422777,0.41428617,0.49102604,0.55962086,0.61772686,0.6643958,0.69956297,0.7237312,0.7377295,0.74251425,0.7390151,0.72803193,0.7101922,0.6859648,0.6557212,0.61982304,0.5787166,0.53301257,0.48353982,0.4313647,0.3777777,0.32425222,0.27238378,0.22381873,0.18017644,0.14295015,0.11332582,0.09180154,0.07762869,0.06866347,0.062278204,0.056662988,0.051453628,0.047641076,0.046866924,0.049999747,0.05618677,0.06359767,0.07051831,0.07574341,0.078576244,0.07875635,0.07639284,0.07190262,0.06594344,0.059333898,0.05295335,0.047620364,0.04397649,0.042455055,0.043398146,0.04720057,0.054244567,0.06465219,0.0781344,0.09403383,0.111443646,0.12931459,0.14653997,0.16202961,0.17477855,0.18393055,0.18883389,0.18908699,0.1845721,0.17547737,0.1623099,0.14590669,0.12745574,0.10854497,0.09123597,0.078017265,0.07110395,0.07078122,0.0747177,0.07967648,0.08315379,0.0836818,0.08062006,0.07398167,0.06441623,0.053448223,0.044183362,0.04174945,0.049191598,0.06335566,0.07991616,0.096178964,0.11053809,0.12195352,0.12974715,0.13353673,0.1332241,0.12901323,0.12146064,0.11157966
99,0.113841,0.1161009,0.11810841,0.118844,0.11750403,0.1135488,0.10671267,0.09699923,0.08467353,0.07026155,0.054583322,0.03892036,0.025742505,0.02046684,0.025619045,0.03397944,0.04067692,0.04390879,0.04296984,0.037875213,0.029857993,0.023911033,0.030392637,0.0489392,0.072947636,0.09910847,0.1254248,0.15025632,0.1721423,0.18981864,0.20229213,0.20893693,0.20960596,0.20475933,0.19561495,0.18430622,0.17393719,0.16819996,0.17012076,0.18037768,0.19686668,0.21596329,0.2339601,0.2477662,0.25508884,0.25445098,0.245196,0.22752461,0.20259774,0.17279908,0.14238535,0.11870345,0.11173473,0.12566796,0.15337011,0.18600246,0.21857855,0.24932463,0.27864105,0.3084223,0.34131548,0.37975118,0.4249766,0.4765003,0.5321268,0.588399,0.64115846,0.6860506,0.71893287,0.73620206,0.735061,0.7137418,0.6716988,0.6098032,0.5306217,0.43902975,0.34393105,0.26315656,0.23003235,0.26716614,0.3479294,0.43953082,0.5246839,0.5943908,0.6434052,0.66870075,0.6689679,0.6444342,0.5968044,0.5293024,0.44696158,0.35765824,0.2753205,0.22643176,0.24050547,0.30740324,0.39525804,0.484942,0.5674593,0.63833565,0.69537246,0.7377818,0.76576704,0.7802432,0.7826,0.77448267,0.7575914,0.7335134,0.70360154,0.66891384,0.63021636,0.58804214,0.542788,0.4948261,0.44460392,0.39271826,0.33995116,0.2872695,0.2357949,0.1867587,0.14146669,0.10132712,0.0680887,0.044639785,0.035307787,0.038423866,0.04487959,0.04971613,0.052059554,0.052628674,0.05272605,0.05362396,0.05598924,0.05960898,0.06363966,0.06708458,0.069130346,0.06928121,0.06737817,0.063569635,0.058261756,0.052057512,0.04568791,0.039937317,0.035565775,0.033236645,0.033467427,0.03661081,0.04283488,0.052084334,0.06405729,0.0782198,0.093845725,0.110068485,0.12593974,0.14049219,0.1528035,0.1620578,0.16760118,0.1689882,0.1660174,0.15875551,0.14755169,0.13304721,0.116191916,0.098288715,0.0810957,0.06695549,0.058530163,0.057170402,0.061115257,0.06690868,0.07175559,0.074042104,0.07304038,0.068661295,0.061381817,0.05237236,0.043933794,0.03996421,0.043921933,0.054663375,0.06852915,0.082750425,0.09562466,0.10605948,0.113341026,0.117050566,0.117045976,0.113479115,0.106850654,0.098125786
100,0.10645065,0.10898341,0.111840345,0.11385844,0.11408451,0.11184778,0.10677444,0.09878105,0.08806433,0.075098336,0.06065942,0.0459426,0.032970067,0.025440095,0.026595676,0.03289807,0.039160613,0.042833306,0.042899355,0.039276082,0.033153124,0.028681053,0.033593547,0.04947703,0.07156267,0.096409135,0.121846765,0.14615898,0.16785151,0.18564168,0.19852096,0.20584674,0.2074506,0.20376202,0.19594736,0.18604127,0.17695938,0.1720983,0.17419733,0.18388893,0.19930476,0.21711946,0.23382798,0.24644007,0.25270733,0.2511763,0.24121606,0.22307397,0.19800667,0.168599,0.13951391,0.11867247,0.1157543,0.1329759,0.16242248,0.19589216,0.22892827,0.26001805,0.28969023,0.31989342,0.3532649,0.39216605,0.43773207,0.48933873,0.54465216,0.6000782,0.65132725,0.69392514,0.72362924,0.73676264,0.73048794,0.7030344,0.653894,0.5840226,0.49615142,0.39557263,0.2927724,0.21269721,0.20482866,0.27728906,0.38050967,0.48458737,0.57649887,0.6491217,0.69801855,0.7205864,0.71582466,0.6842748,0.62802976,0.55085313,0.45863616,0.36093456,0.27566665,0.23668735,0.27118632,0.35532898,0.45512524,0.5530244,0.64068466,0.7137793,0.7701318,0.8090034,0.8307367,0.83650696,0.82809883,0.8076872,0.7776203,0.74021506,0.6975797,0.65147954,0.603262,0.55384845,0.50379187,0.45338446,0.40279025,0.35217443,0.30180448,0.2521092,0.20369227,0.15730676,0.11380323,0.07407312,0.039064854,0.01120775,0.01839552,0.03640872,0.04943279,0.057350963,0.060801428,0.06078457,0.058589887,0.055698067,0.053543482,0.053080983,0.054389697,0.056742787,0.059103332,0.060577035,0.060607318,0.058996398,0.05585906,0.051556557,0.046623863,0.041693274,0.037417885,0.034405846,0.033183582,0.034189012,0.037748255,0.04400097,0.05283322,0.06387802,0.07656163,0.09015855,0.10384541,0.116755955,0.12803763,0.13690794,0.14270708,0.14494394,0.14333268,0.13781896,0.12859593,0.11611374,0.10109166,0.08455493,0.067946136,0.053393107,0.043971643,0.042350817,0.04725145,0.05453574,0.061029866,0.06508206,0.06597055,0.06355155,0.058143824,0.050575774,0.042446055,0.03662415,0.03678638,0.04383867,0.054956425,0.06718218,0.078633785,0.088141814,0.0949557,0.09862681,0.098977685,0.09611723,0.09050068,0.08306025
101,0.09720857,0.09936112,0.10271519,0.105931506,0.10784904,0.10761353,0.10470282,0.09891526,0.09035242,0.07940975,0.066788435,0.053561803,0.041369494,0.032722652,0.030235996,0.03324482,0.0379654,0.041379962,0.042012263,0.03951326,0.03480649,0.031203179,0.034826595,0.048227925,0.06814523,0.09128824,0.11542526,0.1388139,0.15995732,0.17757414,0.19065048,0.19852561,0.20099545,0.19842964,0.19189858,0.18328474,0.17527398,0.17097425,0.17290281,0.18171053,0.19578181,0.21208939,0.22734168,0.23866932,0.2438861,0.24157108,0.23111588,0.21279939,0.18795136,0.15934299,0.13207711,0.11474031,0.1165938,0.13764828,0.16925298,0.20391141,0.23776571,0.26960853,0.30009422,0.33117506,0.3653975,0.40497518,0.45089063,0.50240076,0.55709165,0.6113126,0.6607261,0.70081323,0.72729236,0.7364582,0.7254599,0.6925306,0.637182,0.5604005,0.4649636,0.35633892,0.24632771,0.16954316,0.19394131,0.2954211,0.41347116,0.52539784,0.6213244,0.69525045,0.74320066,0.7628249,0.75333077,0.7154973,0.651734,0.5662708,0.46579382,0.36154896,0.2756917,0.24865909,0.30158836,0.39976794,0.5093567,0.6141482,0.70622927,0.7813354,0.8372684,0.8732883,0.8898019,0.8881375,0.87033546,0.83893824,0.7967755,0.7467522,0.69164795,0.6339405,0.5756675,0.5183411,0.46292925,0.4099079,0.35937902,0.3112314,0.26531464,0.22159553,0.18028331,0.14193611,0.10760778,0.0791618,0.059747506,0.052668132,0.05610095,0.06340705,0.0697241,0.07299127,0.07267655,0.06905864,0.06295386,0.055637617,0.048828043,0.044481635,0.04394372,0.04686924,0.051566176,0.05629819,0.059910715,0.06182631,0.061903298,0.06031418,0.057448283,0.053823773,0.05000226,0.046512373,0.043803155,0.042251572,0.042215817,0.04406165,0.048079405,0.0543282,0.06254949,0.072207734,0.08259029,0.09289974,0.10232491,0.11009809,0.11554475,0.118127,0.11747945,0.11343595,0.10604664,0.09558694,0.08256486,0.067745246,0.052248843,0.037914775,0.028302033,0.02807037,0.03546791,0.044688284,0.052583635,0.057847857,0.059942,0.058749612,0.054485247,0.04770969,0.039476063,0.03176744,0.028101556,0.031513438,0.040307444,0.05099451,0.061348174,0.07011285,0.0765276,0.08014305,0.08077269,0.07850645,0.07377886,0.06752247
102,0.08896044,0.08954255,0.09253662,0.096461855,0.09988335,0.10168388,0.10113002,0.097855255,0.09182827,0.08332923,0.072942376,0.0615761,0.050525025,0.04152852,0.036436733,0.03580912,0.037881613,0.040068474,0.040557854,0.038621817,0.034767017,0.03150572,0.03384505,0.04488251,0.06250701,0.083678834,0.10618623,0.12831163,0.14859031,0.16576594,0.17883311,0.18711656,0.1903688,0.18887976,0.18359296,0.17620249,0.16913803,0.16522253,0.16678505,0.17452458,0.18708497,0.20174092,0.21542902,0.2254207,0.2296078,0.22660829,0.21583101,0.19757073,0.17321102,0.1457135,0.12072047,0.107665114,0.11510035,0.1404352,0.17448945,0.21061677,0.24560273,0.27855143,0.31021282,0.34248316,0.37774777,0.41802076,0.46412203,0.51522535,0.5689046,0.6215332,0.6688047,0.70622486,0.7295286,0.73502284,0.7198688,0.6823125,0.6218766,0.5395455,0.43806505,0.32288155,0.2067416,0.13691416,0.1953991,0.31638896,0.44324797,0.5596458,0.6575659,0.7316179,0.77807635,0.79473853,0.7809506,0.7376655,0.667538,0.5751762,0.46795166,0.35869792,0.27379438,0.25916356,0.3279544,0.43746963,0.5549338,0.66526103,0.7608742,0.8375616,0.89310795,0.9267651,0.9389733,0.9311519,0.9055016,0.8648029,0.81220984,0.75104487,0.68460095,0.615959,0.54782736,0.48241135,0.42132357,0.36554796,0.31547314,0.2710051,0.23175374,0.19726609,0.16725796,0.14178674,0.12129088,0.10638216,0.09729925,0.09327111,0.09245916,0.09264213,0.09194345,0.08913318,0.083625734,0.07539455,0.064916074,0.05321248,0.042110763,0.034734562,0.03453962,0.041006453,0.050270233,0.059417278,0.066977054,0.07228876,0.07515828,0.07570534,0.07427489,0.07136355,0.06754478,0.063391075,0.059403002,0.055964824,0.053348843,0.05177013,0.0514514,0.05262867,0.055459477,0.05988835,0.06557892,0.071957044,0.07831503,0.083915,0.0880676,0.09018815,0.089837044,0.08674783,0.08084458,0.07224955,0.061284453,0.04847756,0.034626137,0.021203939,0.013103634,0.018579457,0.029438645,0.039659232,0.04771338,0.052971803,0.055137493,0.054147538,0.050153702,0.043530535,0.03493512,0.025568571,0.018247396,0.018533608,0.026464324,0.03668317,0.04648677,0.05470249,0.060677357,0.0640336,0.0646241,0.06255657,0.05827943,0.052775946
103,0.08480577,0.08230044,0.08353136,0.08715511,0.0914763,0.09502148,0.09675154,0.09606437,0.0927426,0.086905636,0.07897731,0.06966836,0.059967972,0.051112235,0.04440516,0.040672973,0.039543685,0.039523315,0.038961798,0.03683827,0.033182554,0.029741466,0.030666048,0.039434038,0.05477044,0.07384523,0.094509535,0.11511746,0.1342736,0.15077382,0.16363901,0.17218803,0.17612922,0.17566277,0.17158738,0.16538753,0.15922152,0.15562782,0.15675938,0.16336869,0.17435512,0.18729746,0.19937404,0.20801431,0.21120118,0.20759557,0.19661765,0.17856383,0.15486062,0.12869784,0.10646772,0.09871205,0.11257862,0.14243168,0.1790353,0.21677257,0.25307778,0.28733572,0.32034367,0.35388538,0.39013886,0.43090102,0.47684866,0.5271224,0.5793512,0.6300046,0.674874,0.70954704,0.72982013,0.73204476,0.71341354,0.6721932,0.607915,0.5215497,0.41578627,0.29596868,0.17554496,0.11702374,0.20405397,0.33602846,0.46744168,0.5858793,0.68429637,0.7576114,0.8022273,0.8160252,0.7984399,0.7505441,0.6751661,0.5771897,0.46451896,0.3513639,0.26816702,0.26554334,0.34786886,0.4664771,0.5900263,0.7044542,0.802521,0.8801063,0.9350159,0.9665174,0.9750872,0.9622134,0.9302041,0.88199204,0.8209346,0.75061774,0.6746706,0.59659797,0.5196361,0.44663203,0.37994352,0.3213505,0.27196646,0.23214974,0.20145376,0.17870401,0.16227096,0.15046862,0.14187774,0.13544571,0.13038844,0.12602566,0.12166938,0.11661081,0.11018546,0.10186784,0.091357715,0.07864627,0.06408334,0.048536252,0.03400028,0.025639946,0.030004587,0.042472646,0.0564126,0.06915809,0.07960429,0.087243855,0.091918126,0.09373397,0.093014926,0.09025244,0.086047366,0.081039816,0.07583055,0.070904896,0.06658035,0.06300209,0.06019565,0.05815275,0.0568996,0.05650179,0.056996323,0.05829208,0.060107373,0.061985917,0.06337492,0.063720025,0.062544316,0.05950177,0.054407813,0.04725184,0.03819598,0.027564613,0.015841978,0.004080075,0.00946597,0.021022907,0.03145591,0.04010663,0.046500128,0.050295673,0.051298246,0.049468078,0.044922885,0.037933353,0.028917965,0.018471178,0.007849557,0.0077105346,0.018384542,0.029011605,0.03831542,0.045710985,0.05079187,0.053304154,0.05316741,0.050523907,0.045849495,0.0402175
104,0.08659252,0.07997071,0.077897295,0.07976446,0.08392457,0.08854538,0.0921784,0.093889974,0.09320674,0.09003593,0.0846026,0.077402525,0.06915971,0.06076915,0.053184126,0.04718416,0.043023795,0.040204536,0.037698843,0.034523394,0.030334864,0.026176324,0.025509585,0.032197557,0.045467924,0.0625126,0.081262685,0.10019786,0.118036635,0.13365968,0.14613697,0.15479591,0.15930755,0.15978256,0.15686986,0.15183753,0.1465683,0.14331657,0.1440568,0.14958107,0.15902698,0.1702724,0.1807457,0.18804742,0.19026123,0.18609387,0.17497179,0.15718365,0.13420293,0.10954407,0.090746686,0.0896775,0.11063119,0.1448607,0.1838523,0.22314228,0.2607601,0.29630938,0.3305796,0.36520135,0.4021297,0.44296,0.48826706,0.53721404,0.58754474,0.6358811,0.6781631,0.7101012,0.72758484,0.7270311,0.70567566,0.6618101,0.5949738,0.50612724,0.39792266,0.27566224,0.15363888,0.109688945,0.21493469,0.35179958,0.48479602,0.60346854,0.7012268,0.7731328,0.8156517,0.8267102,0.80579656,0.7540559,0.67442024,0.57193714,0.45485333,0.33845696,0.25710893,0.26600024,0.36011353,0.48593873,0.613852,0.73085135,0.8301007,0.9076416,0.96136236,0.9905934,0.99587655,0.97877645,0.9416922,0.8876629,0.8201702,0.7429469,0.6598017,0.5744703,0.4905019,0.41118887,0.3395359,0.27823827,0.22955744,0.19486783,0.17378339,0.16359024,0.1601098,0.15943864,0.15895455,0.15729167,0.15390924,0.14868113,0.14162098,0.1327383,0.12199632,0.10933882,0.09475588,0.07836731,0.060532413,0.042107023,0.025656892,0.020787088,0.0331126,0.05031519,0.067154594,0.082043506,0.094211675,0.10323984,0.10896892,0.111473575,0.11104126,0.108142205,0.10338586,0.0974623,0.091068126,0.08482013,0.07916881,0.07433729,0.0703165,0.06692839,0.06393109,0.061116625,0.05836197,0.055624034,0.052892838,0.050129797,0.047220968,0.043967366,0.040115952,0.035416067,0.029678581,0.022820758,0.0148904,0.0060729925,0.0033783522,0.012970078,0.02230637,0.030884033,0.038221646,0.04388468,0.047517173,0.048868082,0.047810532,0.044353295,0.038645,0.030974805,0.021787023,0.0118486,0.0053135487,0.012838865,0.022927316,0.032240942,0.040031746,0.04582167,0.04927249,0.050181895,0.048502017,0.044381913,0.038279727,0.0312994
105,0.093533345,0.08296874,0.07679749,0.07553427,0.07820792,0.08291556,0.08778682,0.09146421,0.0931393,0.09245383,0.08940248,0.084258765,0.07751377,0.069813095,0.061875295,0.054372396,0.047763593,0.042124365,0.037093554,0.032058045,0.026580706,0.02116491,0.0187985,0.023992695,0.035837572,0.051163413,0.06806356,0.08524301,0.101597995,0.11613545,0.12800321,0.1365579,0.1414484,0.14270677,0.14084087,0.1369107,0.13253224,0.12968062,0.13014108,0.134714,0.14273998,0.15237723,0.1613034,0.16729708,0.16854975,0.16381693,0.15253,0.134969,0.11268302,0.08971114,0.07543995,0.082730055,0.110758975,0.14872847,0.1896732,0.23024213,0.2689428,0.3055171,0.34069833,0.37594616,0.41300726,0.45331648,0.49740067,0.5444992,0.59251803,0.6382715,0.6778796,0.7072002,0.7222329,0.7194704,0.6961955,0.65072507,0.58260834,0.4928094,0.38399935,0.26162767,0.14147146,0.11225271,0.2251824,0.36272484,0.49507603,0.61252356,0.708637,0.77853006,0.8186946,0.8270811,0.803206,0.7482484,0.66517806,0.55908996,0.43835598,0.31897599,0.2392692,0.25974634,0.36457354,0.4959998,0.62657607,0.7445123,0.8434851,0.9197891,0.97147214,0.99799055,1.0,0.97917277,0.93800944,0.8796418,0.80763286,0.7257853,0.637969,0.54798275,0.45946515,0.37587598,0.30057573,0.23700804,0.18880598,0.15901215,0.14741127,0.14867137,0.15549375,0.16255122,0.16712727,0.16821668,0.16570479,0.1598721,0.15112074,0.13983345,0.12631789,0.11081007,0.093519755,0.07470861,0.054826714,0.03493626,0.019426875,0.023407144,0.04118668,0.060579754,0.07880384,0.09479304,0.107901216,0.11772299,0.124069236,0.1269659,0.1266486,0.12354609,0.11824996,0.11146943,0.103969134,0.09648747,0.08963774,0.08380765,0.07909336,0.07530929,0.07208151,0.068981424,0.065638945,0.06180146,0.05734124,0.052231483,0.04651213,0.040261988,0.033590756,0.02666996,0.0198581,0.014132784,0.012040671,0.015443747,0.021780146,0.028771542,0.035408556,0.04111128,0.045451622,0.04809452,0.04879626,0.04741723,0.043936785,0.03846871,0.03128687,0.022910824,0.014548423,0.0104840435,0.01587574,0.024971636,0.034119304,0.042159732,0.048468374,0.052619085,0.054325845,0.05343581,0.04993688,0.043982055,0.035969976,0.026860824
106,0.10292092,0.089439586,0.07952067,0.07453985,0.074616075,0.078335024,0.08361901,0.08866874,0.09227672,0.093771435,0.092892416,0.08968784,0.08443722,0.077585384,0.069675446,0.06127203,0.052870166,0.044796363,0.03713053,0.029707123,0.022282224,0.015122249,0.0113822855,0.017009098,0.028609602,0.04261088,0.057702757,0.07298423,0.08760288,0.10073448,0.11163532,0.119716465,0.124627165,0.12634297,0.12525366,0.122236066,0.11866425,0.11624859,0.11657173,0.12039416,0.12719966,0.13538578,0.14286351,0.14758892,0.14786607,0.14250472,0.13094646,0.11347476,0.09178063,0.0708158,0.06288064,0.07976455,0.11378239,0.15446413,0.19673854,0.23813753,0.27749276,0.31460536,0.35012138,0.38533697,0.42182934,0.4609299,0.50317603,0.5479316,0.59329855,0.6363062,0.6732691,0.7002011,0.713216,0.7088835,0.6845333,0.6385077,0.5703731,0.48112512,0.3735438,0.25352362,0.13924587,0.1219454,0.23416318,0.36911145,0.49889323,0.6137655,0.7072641,0.7744956,0.81195813,0.8176147,0.79099405,0.7332787,0.647418,0.5384387,0.41459823,0.29216808,0.21382055,0.24714074,0.36219102,0.4977086,0.6291988,0.74631536,0.8433754,0.91702497,0.96555483,0.9886187,0.98704547,0.9626608,0.9180954,0.8565827,0.78175205,0.6974318,0.6074739,0.5156154,0.42539653,0.34016716,0.2632453,0.19834113,0.15023525,0.1242609,0.12077869,0.13097502,0.14474697,0.15647447,0.16396603,0.16670105,0.16489463,0.15905634,0.14977178,0.13759229,0.12298857,0.10635004,0.088022925,0.06839341,0.048087947,0.028823039,0.018874912,0.03054834,0.05005139,0.07003979,0.088694416,0.10510992,0.118666165,0.12893702,0.1356869,0.13888001,0.13868457,0.1354664,0.12977038,0.122288994,0.11381558,0.10517801,0.09714601,0.09031305,0.08497699,0.08107626,0.0782349,0.07590706,0.0735448,0.070717864,0.067165285,0.062798925,0.057686802,0.052038193,0.046204314,0.040699415,0.036219064,0.03355601,0.033264022,0.03522944,0.038699303,0.04272945,0.04650087,0.049386278,0.050924353,0.05079221,0.048793256,0.044856932,0.03904725,0.031587843,0.02295589,0.014382079,0.010613185,0.016852407,0.026731232,0.03673933,0.045761243,0.05316297,0.058486573,0.061399586,0.061689805,0.05926884,0.054177634,0.046598952,0.036905285,0.025886804
107,0.111868754,0.09664197,0.08396886,0.07559665,0.07260081,0.07448876,0.07938886,0.0851802,0.09024017,0.09355351,0.09458915,0.09317034,0.08937916,0.08348521,0.07588454,0.06704076,0.057424042,0.047449164,0.037419204,0.02749292,0.017726216,0.008548464,0.006826041,0.016447136,0.028203925,0.040856604,0.053967502,0.06704255,0.07949528,0.09069458,0.10003396,0.10701001,0.111305535,0.11287565,0.112032376,0.10951428,0.10649866,0.10446182,0.104774095,0.10809245,0.11395291,0.12091856,0.12709527,0.13060492,0.12986681,0.1237546,0.11173433,0.094120204,0.072863765,0.054546703,0.055354483,0.08131321,0.11944655,0.16173813,0.20467612,0.24636391,0.2858134,0.32282677,0.35795557,0.39236227,0.42750993,0.46469185,0.50451404,0.5465051,0.5889848,0.6292043,0.6636713,0.68855107,0.7000665,0.6948604,0.6703089,0.624786,0.55789375,0.47070786,0.3662463,0.25121683,0.14680362,0.13755195,0.24283771,0.37219122,0.49747312,0.6083472,0.69815385,0.76194286,0.796205,0.7989116,0.76959646,0.70942485,0.62127644,0.5099993,0.38347483,0.25768134,0.18061467,0.22992107,0.3549249,0.49289277,0.62340647,0.7378046,0.8311602,0.90055954,0.944614,0.96324426,0.95751345,0.9294506,0.88185424,0.81808096,0.74182993,0.6569365,0.5671889,0.47618246,0.38722908,0.30335405,0.22745524,0.16283083,0.114509046,0.090338,0.09258035,0.10855889,0.1260265,0.1399192,0.14878483,0.1525297,0.1515723,0.14650786,0.13795632,0.12648949,0.11260365,0.0967278,0.07927061,0.06073728,0.04208533,0.026356943,0.023938619,0.038051628,0.05717944,0.07671887,0.095116496,0.111484095,0.12517704,0.13572297,0.14282203,0.14636049,0.14642072,0.14328274,0.13741566,0.12945862,0.12019073,0.110485695,0.10124108,0.09326781,0.08713767,0.08303275,0.080693446,0.07952996,0.07883975,0.07800457,0.07659703,0.074406505,0.07142259,0.06780459,0.06384888,0.059952226,0.05655817,0.05407029,0.05273372,0.052531123,0.053163964,0.054137275,0.054887734,0.05488707,0.053700328,0.051011585,0.046634328,0.040517617,0.032757767,0.023646096,0.013966287,0.007947201,0.014684065,0.025715016,0.036869925,0.047144197,0.05593207,0.06275791,0.067246616,0.069128186,0.06824662,0.06456684,0.058179315,0.049307782,0.03834339,0.026028452
108,0.11818736,0.10223311,0.087889075,0.07694405,0.071046256,0.07068698,0.074597925,0.08057559,0.08663058,0.09139944,0.09407832,0.09427224,0.09187884,0.087008454,0.079924576,0.07099339,0.060636643,0.049286697,0.037345998,0.02515961,0.013049662,0.0031961724,0.012079908,0.023857024,0.035676606,0.047391806,0.05884704,0.06979055,0.07987456,0.0886884,0.095812984,0.10088968,0.10369836,0.104240365,0.102821186,0.10011744,0.09718617,0.09532725,0.095702626,0.09879247,0.10406243,0.11012892,0.11522454,0.1176096,0.11581711,0.10879742,0.09606219,0.077992514,0.05696941,0.04238311,0.05353273,0.08609131,0.12655075,0.1695639,0.21257529,0.25399944,0.2929286,0.32913882,0.36310276,0.39589548,0.4289306,0.46353063,0.50042474,0.53933865,0.57881975,0.6163348,0.6485703,0.6718277,0.6824279,0.6770832,0.6532209,0.60926306,0.54488206,0.46130577,0.36194676,0.25466022,0.16321824,0.15878916,0.25289458,0.3736758,0.4923598,0.59763116,0.6824883,0.74187636,0.772269,0.7716483,0.73955435,0.6771249,0.58713335,0.47414958,0.3453951,0.215738,0.14047605,0.2115795,0.34564754,0.48397294,0.611373,0.7210008,0.80874676,0.87219644,0.91034055,0.9234223,0.91278905,0.8807166,0.8302059,0.76476145,0.6881647,0.604257,0.5167456,0.42904645,0.34417716,0.26472154,0.19291666,0.13104144,0.082821324,0.05732395,0.06209018,0.080741964,0.0990392,0.11304125,0.12210163,0.12647638,0.1266823,0.12328544,0.11681882,0.10775194,0.09649103,0.08340825,0.06891544,0.053645607,0.039002325,0.028949209,0.030841073,0.043885008,0.061227374,0.079451896,0.09702549,0.112994336,0.1266429,0.13741998,0.14493567,0.14897524,0.14951307,0.14671996,0.14096226,0.13279323,0.12293769,0.11226876,0.101769336,0.092455655,0.08522782,0.08063826,0.078679375,0.07878055,0.08006187,0.08165259,0.08288743,0.08336113,0.08290528,0.081540056,0.079423204,0.07680063,0.07395627,0.07115813,0.06860215,0.06636322,0.064368814,0.06240728,0.060169052,0.05730562,0.053487796,0.048451915,0.04203153,0.03417872,0.024987986,0.014795738,0.0056468784,0.011114862,0.022787461,0.03463482,0.045796856,0.05571259,0.06389946,0.06994491,0.07352055,0.074397504,0.072458655,0.0677067,0.060269337,0.05040801,0.038556036,0.025529075
109,0.12048068,0.10464312,0.08959354,0.077002294,0.06875374,0.06613439,0.06870588,0.07445466,0.081121504,0.087014794,0.09107054,0.09269162,0.09160806,0.087785855,0.08136625,0.07262019,0.061909407,0.049651165,0.036287647,0.022271337,0.008221465,0.007315046,0.020969337,0.034425374,0.04721948,0.05915815,0.07006775,0.079759076,0.08801766,0.094612665,0.09932442,0.10198959,0.10256164,0.10118271,0.09826017,0.09452895,0.09105046,0.08905135,0.08951849,0.0926842,0.097799994,0.10339362,0.10773,0.1091632,0.106329925,0.09826702,0.08454926,0.065642476,0.044499584,0.03477686,0.055382695,0.0918409,0.1334515,0.17659171,0.21920124,0.25984672,0.29765,0.3323611,0.36440656,0.394829,0.42505968,0.45651534,0.49009764,0.52575374,0.56225735,0.5972722,0.6276385,0.64977187,0.660079,0.6553415,0.6330517,0.59170884,0.5311065,0.4527104,0.3604731,0.2635191,0.18664873,0.18506409,0.26579878,0.37523174,0.48507297,0.5829475,0.66141367,0.7152764,0.74099016,0.7365583,0.7015388,0.6370447,0.5457261,0.43180326,0.3015595,0.16746208,0.09636222,0.19766873,0.33785996,0.4736824,0.5955119,0.6981849,0.7783765,0.8341833,0.8650014,0.87142587,0.8551148,0.81861323,0.7651425,0.6983694,0.6221691,0.5403979,0.45668936,0.37428585,0.29591528,0.22372192,0.15926467,0.10363179,0.057958525,0.026998786,0.029403709,0.04833691,0.06490609,0.077152245,0.08536599,0.09011213,0.091919445,0.091213495,0.088314146,0.0834588,0.07684136,0.06867087,0.059272103,0.049291845,0.04016675,0.034906004,0.037251968,0.04721087,0.061548498,0.07764253,0.09389503,0.10921183,0.12274628,0.13382101,0.14191811,0.14669137,0.14798187,0.14582916,0.14047565,0.13236491,0.12213661,0.110621564,0.09883743,0.08796889,0.0792755,0.07382437,0.0720453,0.07345004,0.076892346,0.0811242,0.085161746,0.08837012,0.09041365,0.09117925,0.09070883,0.08914479,0.0866848,0.08354208,0.07990951,0.07592856,0.0716663,0.06710527,0.062149484,0.056646362,0.05042017,0.043309856,0.035205305,0.026081214,0.01605281,0.00588842,0.008069727,0.019514222,0.031302888,0.042660814,0.053084247,0.06210885,0.06930885,0.07431569,0.07683801,0.076678924,0.073749416,0.06807785,0.05981794,0.049264643,0.03691675,0.023812206
110,0.118027985,0.103013694,0.088084,0.07471706,0.06480664,0.060177468,0.061283875,0.06654117,0.07353078,0.08026413,0.08544238,0.0882935,0.08840416,0.085614495,0.07995501,0.07160467,0.060858347,0.04809862,0.033772286,0.018389491,0.0033502232,0.014398279,0.030260092,0.04552874,0.059774023,0.072662726,0.08390893,0.093265496,0.10052371,0.10552102,0.108159125,0.10843471,0.10648429,0.102643095,0.09751341,0.09202097,0.08739528,0.08494706,0.08556242,0.08916424,0.09463965,0.10028047,0.10428454,0.10504757,0.101291016,0.09213767,0.07722369,0.05705102,0.03501966,0.03019793,0.057739396,0.09640993,0.13853985,0.18142292,0.22324584,0.2626496,0.29876998,0.33134818,0.36080456,0.38820544,0.41506344,0.4429495,0.47298017,0.50533956,0.5390162,0.57184035,0.600772,0.62231535,0.63295263,0.6295421,0.60966545,0.57194024,0.5163403,0.44464788,0.3614259,0.27683285,0.21462521,0.21492523,0.282009,0.3779565,0.4767689,0.5653695,0.63589686,0.68301815,0.7031846,0.69444585,0.6564034,0.5901702,0.4982926,0.3846478,0.25445917,0.116024494,0.06028229,0.19498754,0.3350818,0.46468133,0.578193,0.6716739,0.7424442,0.78906894,0.81133676,0.8101872,0.7875801,0.7463162,0.6898218,0.62191135,0.546546,0.46760222,0.3886652,0.3128586,0.24271822,0.18011518,0.12623046,0.08158489,0.046153557,0.019868046,0.009024468,0.018949967,0.0283643,0.035417825,0.04095055,0.04563048,0.049730767,0.053197272,0.05579615,0.057247765,0.0573178,0.055880852,0.052989524,0.048989236,0.044721056,0.04177627,0.0423497,0.047932193,0.058080886,0.071193874,0.08565679,0.10015017,0.113603674,0.12514031,0.13406013,0.13984706,0.14218281,0.14095876,0.13628212,0.12847643,0.118080266,0.10585158,0.09278933,0.08017998,0.06963163,0.06289759,0.061147034,0.06403656,0.06990483,0.07690446,0.08367497,0.08938758,0.093600854,0.09613069,0.09696192,0.09618914,0.09397439,0.09051446,0.086013995,0.080663,0.07461867,0.06799278,0.060846426,0.05319363,0.045014706,0.036279205,0.026980748,0.017211506,0.007654096,0.00704435,0.017107673,0.02811989,0.03897222,0.049194153,0.058368094,0.0660935,0.07199864,0.07576035,0.07712403,0.075921476,0.07208559,0.06566277,0.056827255,0.04591392,0.033542544,0.021270739
111,0.11066301,0.09706721,0.08296322,0.06959672,0.05871945,0.05245034,0.05211141,0.056746162,0.06386546,0.07120403,0.077261776,0.08113162,0.082290895,0.08047864,0.07563011,0.067838706,0.057329293,0.044435877,0.029581172,0.013266452,0.0042365147,0.021801682,0.039328683,0.056171913,0.07181691,0.085797206,0.09770216,0.10718728,0.113986164,0.117925785,0.11894734,0.117135555,0.112759866,0.10633115,0.098673664,0.090991184,0.08483841,0.081799254,0.08276047,0.0872661,0.093684845,0.09994871,0.104116544,0.1045876,0.10014999,0.090003885,0.07382588,0.052027177,0.027712528,0.02583736,0.0581997,0.09823339,0.1405142,0.18284285,0.22353935,0.26128697,0.2952372,0.325145,0.35146275,0.3753308,0.39839947,0.42244622,0.4488379,0.4780023,0.5091192,0.5401445,0.5681163,0.58960086,0.60115105,0.5997182,0.58300805,0.5498043,0.50031596,0.43668523,0.3640268,0.2929553,0.24443743,0.24621293,0.3006852,0.38201666,0.46798605,0.54555583,0.6066398,0.6458403,0.65965605,0.64623094,0.60526127,0.53792137,0.44675273,0.33550182,0.20892084,0.07279908,0.06976965,0.20829953,0.339922,0.45910323,0.561457,0.6436156,0.7033408,0.7395841,0.7524785,0.74326295,0.7141463,0.668123,0.60875446,0.539933,0.46564537,0.38975292,0.31580496,0.24690165,0.18562467,0.13405703,0.09389588,0.066463776,0.05168912,0.04585655,0.042949136,0.03895992,0.03258632,0.023971083,0.01387128,0.004335523,0.009821898,0.020197475,0.02983424,0.03811055,0.044661276,0.049227573,0.0516652,0.05200534,0.050568547,0.048143223,0.046185967,0.046736673,0.05148462,0.060554154,0.07267898,0.08622393,0.09972357,0.11197316,0.122011125,0.12910643,0.13275953,0.13270728,0.12892506,0.12162357,0.11124332,0.098455675,0.084190905,0.069734626,0.056947794,0.048470773,0.04683106,0.051845443,0.060626037,0.07041069,0.07955342,0.08719603,0.09292296,0.09657485,0.09815142,0.09775542,0.09555555,0.09175957,0.086593285,0.08028379,0.07304603,0.065072834,0.056529187,0.0475526,0.03826426,0.028804764,0.01946015,0.011334769,0.00961809,0.016665502,0.026083566,0.03578835,0.045162246,0.053810436,0.06137939,0.06753104,0.07195009,0.07436053,0.074544266,0.07235928,0.06775655,0.06079764,0.051681694,0.040815175,0.029079162,0.01915057
112,0.09867713,0.08699815,0.07432787,0.061650794,0.05045943,0.042934276,0.041215483,0.045194175,0.052345764,0.060101952,0.06680094,0.07145749,0.07348605,0.072557375,0.068532646,0.06143117,0.05141115,0.038755123,0.02386005,0.007309632,0.0109627,0.029430961,0.047968972,0.06588602,0.08255503,0.09739093,0.10986814,0.11954103,0.12606552,0.12922245,0.12894441,0.12534896,0.11878343,0.109888986,0.09969185,0.08970804,0.08194396,0.078451104,0.08020336,0.0862375,0.09423859,0.10170797,0.10655099,0.107167006,0.102408,0.091550194,0.07430396,0.050907668,0.023041578,0.019494453,0.05554503,0.09639523,0.13849106,0.17995858,0.21919692,0.25491735,0.28629208,0.3131082,0.33587992,0.3558608,0.37488478,0.3949805,0.41779363,0.44399342,0.47291544,0.5025876,0.530079,0.551993,0.564956,0.56603867,0.5531123,0.5251744,0.48270604,0.42819497,0.36710852,0.30977792,0.27341846,0.27645475,0.31995013,0.38659477,0.4585585,0.5237004,0.574071,0.6043702,0.61124563,0.5930208,0.5495793,0.4822893,0.3939464,0.28885677,0.17399676,0.07473851,0.12010228,0.2370085,0.3532239,0.4581558,0.54678494,0.61583567,0.6633404,0.6885553,0.6918944,0.6748249,0.6397138,0.5896349,0.52814806,0.45906833,0.38624305,0.31335938,0.24381079,0.18067507,0.12692568,0.08613798,0.06328861,0.059997644,0.066941574,0.07441725,0.07871661,0.079234935,0.07645179,0.071186714,0.06434981,0.05690468,0.04993632,0.044695392,0.042343285,0.043242056,0.046526607,0.05066611,0.054228026,0.056188572,0.055986267,0.053567577,0.049525287,0.045364078,0.043651503,0.046993967,0.055795997,0.068200596,0.08195176,0.095241316,0.10671924,0.11539305,0.12057417,0.12185681,0.119106635,0.11244795,0.102247104,0.0890978,0.07382799,0.057588264,0.042220943,0.03139867,0.0307264,0.039603684,0.05187355,0.064030275,0.07467818,0.083225764,0.08943363,0.09325684,0.09477411,0.09414629,0.09158711,0.08734113,0.081666976,0.07482532,0.06707106,0.05865033,0.04980431,0.040786825,0.031917546,0.023742903,0.017512716,0.015751,0.019539086,0.026360719,0.034155287,0.042024035,0.04950223,0.05625543,0.061987408,0.06641728,0.06928171,0.07034756,0.06942882,0.06640543,0.061243966,0.054024782,0.044994064,0.034713775,0.024638904,0.01918943
113,0.08273901,0.073393084,0.06269296,0.051339623,0.04045596,0.0320046,0.028873226,0.03222578,0.039428648,0.04745687,0.054545693,0.059720375,0.062396314,0.06221807,0.059000865,0.052710004,0.04345639,0.03151195,0.017453564,0.0059344927,0.019012224,0.037321817,0.056103993,0.074430265,0.09155402,0.1067869,0.11950432,0.12916882,0.13535781,0.13779366,0.13637641,0.13122249,0.122715704,0.11158392,0.09902239,0.086870946,0.077705,0.07424342,0.07755087,0.08589348,0.09611598,0.10531454,0.111301176,0.11251129,0.107878365,0.096771695,0.07897604,0.054686747,0.024518332,0.010908173,0.049608562,0.09057932,0.1320332,0.17226541,0.20970383,0.24307068,0.2715568,0.29498887,0.31395835,0.32985702,0.34473673,0.3609154,0.38034198,0.4039168,0.43108162,0.4598699,0.487329,0.51007956,0.5248337,0.5288167,0.5201104,0.4979648,0.46314168,0.41839513,0.36924666,0.32506847,0.29913455,0.30322543,0.3374402,0.3901518,0.44772834,0.49960643,0.53841555,0.5591982,0.5589116,0.5361968,0.4912854,0.425995,0.34392023,0.2514332,0.1629582,0.1244183,0.18104956,0.27635923,0.3738793,0.46194363,0.5349866,0.58976364,0.624541,0.6388495,0.63334143,0.60964316,0.57017726,0.5179554,0.45635244,0.38887635,0.31895217,0.24974011,0.18401955,0.12422265,0.0730183,0.037465755,0.038945947,0.06214152,0.08412152,0.10121239,0.11318719,0.120371796,0.12315968,0.12192949,0.11708475,0.10914005,0.098819226,0.0871475,0.075518705,0.06565976,0.05924876,0.05697273,0.05777985,0.05950943,0.06013209,0.058356542,0.053718034,0.0466322,0.03875447,0.03381314,0.03660175,0.04715029,0.0614036,0.07612844,0.08935477,0.09980157,0.106616825,0.109290265,0.107619606,0.1016863,0.0918266,0.07859635,0.06273606,0.045165293,0.027173026,0.012709595,0.017681187,0.03291232,0.047813825,0.060802206,0.071373224,0.07932383,0.08462697,0.08738407,0.08779144,0.08611051,0.08264123,0.07770007,0.07160404,0.0646621,0.057175245,0.049447797,0.041815422,0.034701884,0.028717237,0.024743969,0.023693027,0.025696428,0.029879872,0.035193764,0.040906552,0.046560306,0.051838245,0.05648237,0.060254868,0.06292538,0.06427318,0.06409827,0.062238157,0.058589015,0.053133324,0.04598511,0.037493113,0.028558623,0.021698872,0.022128958
114,0.06383531,0.05719217,0.04898356,0.03962147,0.029758936,0.020692425,0.01564276,0.018424235,0.0259205,0.034080975,0.041231476,0.046571463,0.04960348,0.049995847,0.047553975,0.042226627,0.034144677,0.023787772,0.013210483,0.013782897,0.027988635,0.04544324,0.063690916,0.08168759,0.09859545,0.11364659,0.1261387,0.13545848,0.14111312,0.14276548,0.14027216,0.13372748,0.12352194,0.110434726,0.09580091,0.08180233,0.07173603,0.06920226,0.07514626,0.0866135,0.09956738,0.110869035,0.118360065,0.12056819,0.11653287,0.10573888,0.08810304,0.063995995,0.034440476,0.0096236365,0.04135792,0.081036285,0.12114138,0.15966523,0.19495228,0.22569521,0.25108507,0.27097884,0.28604275,0.2978143,0.30858645,0.321002,0.33733934,0.35871297,0.38460436,0.41297004,0.4407798,0.46465927,0.48143035,0.48851553,0.4842503,0.4681611,0.44126517,0.40645215,0.36897245,0.33677736,0.31952706,0.32440767,0.35083774,0.3908642,0.43441486,0.47286338,0.49982825,0.51098627,0.50382376,0.4775073,0.43287915,0.37264523,0.3020878,0.2314684,0.1825182,0.18702488,0.24344875,0.32086426,0.39943257,0.4696082,0.526246,0.56644887,0.5888518,0.5933225,0.58076555,0.55293626,0.51223624,0.4614908,0.40371686,0.34189656,0.2787737,0.2166905,0.15748468,0.10247532,0.0526697,0.0129674105,0.035968542,0.07020226,0.10011335,0.12513956,0.14498305,0.15931945,0.16785082,0.17041142,0.16707335,0.15823136,0.14465944,0.12754524,0.10852008,0.08970587,0.07373015,0.06331329,0.059653006,0.06079492,0.06304262,0.06340453,0.060265765,0.053129703,0.042400394,0.029646052,0.019980393,0.024479413,0.039400134,0.056025457,0.0712212,0.08348808,0.09189785,0.095900744,0.09528003,0.090127036,0.08081001,0.067932405,0.052285,0.03481125,0.016746579,0.0064779883,0.021553462,0.037474886,0.051445447,0.06288346,0.0715074,0.077235945,0.080156304,0.08049536,0.0785877,0.07484169,0.06970667,0.06364449,0.05710867,0.05053373,0.04433574,0.03891994,0.03467921,0.031950664,0.03090975,0.031468447,0.033303503,0.036005598,0.039208103,0.042628657,0.046054985,0.049315616,0.052253895,0.054710396,0.056514222,0.057482734,0.057428878,0.056175098,0.053573214,0.049531553,0.044056192,0.037331235,0.029925367,0.023402559,0.021388294,0.026930634
115,0.043294758,0.039791666,0.034746055,0.028343929,0.020836854,0.012549394,0.004045215,0.0055418424,0.013865458,0.02154357,0.028034255,0.032923408,0.035857424,0.03656105,0.034871366,0.030803103,0.024731766,0.018126968,0.016047651,0.023815123,0.037512265,0.05362929,0.07065646,0.08760192,0.10360358,0.11785422,0.12960365,0.13818479,0.1430487,0.14380406,0.14025982,0.13247457,0.12082297,0.10610743,0.0897835,0.074423805,0.06429072,0.064046316,0.07384919,0.08902261,0.104920894,0.11846707,0.12766239,0.13116865,0.12813984,0.11817697,0.10133884,0.07821568,0.050311964,0.023969738,0.033660438,0.06862376,0.10623156,0.14245129,0.17524083,0.20316823,0.22537911,0.24172907,0.2529343,0.26066542,0.2674692,0.276355,0.28996915,0.30962104,0.33474225,0.36310908,0.3915567,0.41671664,0.43555808,0.4457482,0.44591245,0.43585852,0.41680372,0.39161533,0.3649913,0.34325412,0.33302417,0.33836842,0.35824406,0.38705772,0.41754553,0.44307643,0.45855528,0.46058702,0.44745803,0.4191539,0.37752053,0.32674927,0.27457052,0.23430115,0.22365846,0.25056738,0.30345532,0.36599103,0.4269683,0.4797117,0.5203042,0.54664433,0.55799395,0.5547101,0.5380258,0.50982827,0.47242168,0.42827925,0.37980217,0.32911006,0.2778965,0.22738728,0.17844996,0.1319544,0.0897981,0.058626678,0.055886503,0.0810305,0.1138227,0.14555404,0.17294875,0.19418158,0.20807317,0.21395877,0.21169165,0.20165837,0.18477537,0.1624676,0.13665104,0.10977038,0.0849825,0.06643144,0.05821882,0.059893794,0.0655907,0.06991509,0.07011285,0.065214455,0.055273592,0.040986113,0.023530884,0.005923178,0.017567256,0.036567874,0.053660452,0.067539245,0.07733316,0.08250967,0.0828788,0.078590736,0.07012376,0.058281455,0.044269696,0.030170137,0.021117447,0.02500289,0.036973953,0.049831714,0.061057612,0.06968266,0.075292,0.0777889,0.07731236,0.0741892,0.06889518,0.062021777,0.05425242,0.046354212,0.039183725,0.033663433,0.030585727,0.0301592,0.03177751,0.034476835,0.03748081,0.04034251,0.04286503,0.04499978,0.046772923,0.04823714,0.049440097,0.05040393,0.051112752,0.05150704,0.05148448,0.05090724,0.049615484,0.047446962,0.044263616,0.039989736,0.034678284,0.028660681,0.022952672,0.020101085,0.023324858,0.032125533
116,0.023404522,0.02392976,0.023275083,0.021544477,0.018946806,0.015853751,0.012930815,0.011288203,0.011933633,0.014447309,0.017568374,0.02033531,0.022155318,0.022679742,0.021803085,0.01982668,0.017924396,0.018669784,0.024306493,0.034279402,0.04707838,0.06156547,0.07685308,0.09212822,0.106591634,0.11945426,0.12995882,0.1374137,0.14123304,0.14098081,0.13641822,0.12755863,0.114742994,0.09877492,0.08122567,0.06516712,0.056225106,0.060014293,0.07457715,0.09350142,0.112174496,0.12786043,0.13878849,0.14375758,0.14201783,0.13325566,0.117622614,0.09581839,0.06939662,0.042498022,0.032262266,0.05503258,0.08811517,0.12126744,0.15124653,0.1762831,0.19538777,0.2083542,0.21589565,0.21977745,0.2228026,0.22840892,0.23968561,0.25812152,0.2829714,0.31169808,0.34094867,0.36738232,0.38816836,0.4012679,0.40562078,0.40129995,0.38964546,0.37334695,0.3563572,0.3433778,0.33862206,0.34407043,0.3583914,0.37752998,0.3963544,0.41009092,0.41509172,0.40915328,0.39167544,0.3638474,0.3289943,0.29317132,0.26563424,0.25712082,0.2734442,0.31045574,0.35842612,0.4083344,0.45378163,0.49067947,0.51670355,0.53091025,0.53346246,0.52538455,0.5083022,0.4841538,0.45488378,0.42215222,0.38711423,0.35032794,0.3118316,0.27138665,0.22884856,0.18465334,0.1406027,0.10181518,0.0811735,0.09248851,0.12488927,0.16205275,0.19617414,0.2235121,0.24198993,0.2505228,0.24882396,0.23732582,0.21711576,0.18986575,0.15777059,0.12355672,0.09074465,0.064604655,0.05292632,0.057840172,0.069326706,0.078925595,0.083241105,0.08130094,0.07327498,0.060000107,0.042764623,0.023291264,0.007051721,0.02025026,0.037957642,0.052823786,0.063647605,0.0698253,0.07118071,0.06795459,0.06082557,0.05100769,0.040587924,0.033290464,0.033748582,0.041787695,0.052885577,0.06370938,0.072535366,0.07847363,0.08110919,0.080359325,0.076401085,0.06962004,0.060567994,0.049934343,0.038558226,0.027580602,0.019077132,0.016872462,0.021558437,0.028627524,0.035470694,0.0412355,0.045682415,0.048820548,0.05078387,0.051771022,0.052005,0.051701266,0.05104187,0.050155822,0.049106985,0.047890592,0.0464386,0.04463293,0.042325135,0.039361723,0.035617426,0.031047279,0.025795305,0.020490339,0.017025234,0.01869326,0.02601473,0.036666386
117,0.0141421,0.018122772,0.021538625,0.024043808,0.0255058,0.025903422,0.02529528,0.023805333,0.021611087,0.018930418,0.016009225,0.013123819,0.010641407,0.009203335,0.00976947,0.012810879,0.018029489,0.025125861,0.033950567,0.04435324,0.056094274,0.06881609,0.082042955,0.095195696,0.10761612,0.11859904,0.1274305,0.13343084,0.13600157,0.13467492,0.12916704,0.11943919,0.1057841,0.08899075,0.070762776,0.05488654,0.04891615,0.058360778,0.077689044,0.09980736,0.12078256,0.13832475,0.15087797,0.15734696,0.15704034,0.14968166,0.13544497,0.115017876,0.089772224,0.062460337,0.040771175,0.04344137,0.068028264,0.097047664,0.123980224,0.14623101,0.16251135,0.17245491,0.17668256,0.1769767,0.17638087,0.1788692,0.18813951,0.20586362,0.23091921,0.26027304,0.29034615,0.31787995,0.34031355,0.3559473,0.36404353,0.36490345,0.35990173,0.35142183,0.34258178,0.33661878,0.3359301,0.34112972,0.35073635,0.36173534,0.37059298,0.37416664,0.3703049,0.35821742,0.33876243,0.31475726,0.29127085,0.27539963,0.27429092,0.29117557,0.32318357,0.36377373,0.40625748,0.445413,0.47771114,0.5011418,0.5150005,0.51967555,0.5164008,0.5069449,0.49322873,0.47690532,0.45898384,0.43961117,0.41809878,0.3931968,0.36352107,0.32800457,0.28628954,0.2390762,0.18862237,0.14007005,0.10525849,0.10329686,0.13327666,0.17445134,0.21403916,0.2462741,0.2682603,0.278584,0.27688184,0.26366365,0.24019265,0.20837194,0.17064144,0.12994689,0.09002598,0.057100575,0.04450337,0.05705,0.07595139,0.090856194,0.09887582,0.099422775,0.09291505,0.08038955,0.06332534,0.043590892,0.023933241,0.01381425,0.025235917,0.039849866,0.051354557,0.058495656,0.061006162,0.059226062,0.054108657,0.047395904,0.041912105,0.041131604,0.046484724,0.05587399,0.06631685,0.07566828,0.082603775,0.0863592,0.08657736,0.08322337,0.076524995,0.06691867,0.054995,0.041443214,0.026997276,0.012394675,0.0021282155,0.014919244,0.026461799,0.036187597,0.04391951,0.04962877,0.053416047,0.05548923,0.056135304,0.055687066,0.054486237,0.052845027,0.0510102,0.049135506,0.04726922,0.045360558,0.04328254,0.04086374,0.037920665,0.03428714,0.02984528,0.024577992,0.018720318,0.013367915,0.012229635,0.018199982,0.028155146,0.03994167
118,0.02708592,0.027844334,0.03005673,0.032664314,0.034861535,0.036136862,0.036197897,0.03490736,0.032242913,0.02827079,0.023126043,0.01700038,0.010174397,0.0037916405,0.0070762,0.015252104,0.024104822,0.03339948,0.043131195,0.05331823,0.063937016,0.07487716,0.08591234,0.096690156,0.10674075,0.11550185,0.1223562,0.12667784,0.1278841,0.12549148,0.11917566,0.1088409,0.09471997,0.07757843,0.059302006,0.044784665,0.043942567,0.059539355,0.082637906,0.10704688,0.12972133,0.14875221,0.16273926,0.17064874,0.17180625,0.16592583,0.15314583,0.13406892,0.109834254,0.08235441,0.055365592,0.038993835,0.047886238,0.07094196,0.09474668,0.11462195,0.12867293,0.13623205,0.13769265,0.13470405,0.13047297,0.12969777,0.13709328,0.15458514,0.18029496,0.21042204,0.24116762,0.26946175,0.2930974,0.3107473,0.32198164,0.32727343,0.3279439,0.32598332,0.32368055,0.32304808,0.3251779,0.3298249,0.33547306,0.33985287,0.34063828,0.33608055,0.3255058,0.3097214,0.29137787,0.27516365,0.26725474,0.27311936,0.29435068,0.32775775,0.36763948,0.4083194,0.4452987,0.47550267,0.49724284,0.51011944,0.5148834,0.5132174,0.5073896,0.4997609,0.49219432,0.48551762,0.4792503,0.47173026,0.46058458,0.44334066,0.41797706,0.3833185,0.3392833,0.28706834,0.22947188,0.17192942,0.12591104,0.11265141,0.13912725,0.18277854,0.22623715,0.26185146,0.28604534,0.2971737,0.2948521,0.27968863,0.25311553,0.21723841,0.1746938,0.1285663,0.08263042,0.043878365,0.03611658,0.06079178,0.086489275,0.10539944,0.115910426,0.11790035,0.11202056,0.099465,0.081825145,0.060986802,0.039170697,0.020038027,0.016256185,0.0287234,0.040926747,0.049320456,0.053395253,0.053584013,0.051089715,0.047952045,0.046860103,0.049936432,0.057111498,0.06650179,0.07598161,0.083910584,0.08918459,0.09115014,0.08953231,0.08438145,0.07602877,0.06504894,0.052245803,0.038725358,0.02632642,0.019177778,0.022116158,0.030820882,0.040028635,0.047880318,0.053770833,0.05756279,0.05937301,0.059489105,0.05831516,0.056319315,0.05397314,0.051680695,0.049706437,0.04812562,0.046823233,0.045545574,0.04397813,0.04181517,0.038802937,0.034758396,0.029575724,0.023239773,0.015906928,0.008564701,0.008219459,0.017417831,0.029039763,0.041683227
119,0.04346362,0.04128005,0.04103881,0.042094514,0.04357884,0.044701174,0.0448772,0.043738514,0.04110719,0.03697428,0.031499308,0.025065234,0.01853006,0.0141242435,0.015613468,0.022443684,0.031419538,0.041068077,0.05084561,0.060527995,0.07001479,0.07924003,0.08811057,0.09645904,0.10401483,0.11039754,0.11513344,0.11769197,0.117536694,0.11418593,0.10728059,0.09666417,0.0825002,0.06553017,0.04791992,0.03629047,0.04220622,0.0627457,0.088168755,0.11393855,0.13771799,0.1578553,0.17304309,0.18226947,0.18484342,0.18043521,0.1691123,0.15136455,0.12812434,0.1008144,0.071572304,0.04448502,0.031528007,0.044241507,0.06518359,0.0836828,0.09661935,0.10287988,0.10246871,0.09661778,0.08836326,0.08330786,0.08834038,0.10604123,0.1328368,0.16371156,0.19477735,0.22333513,0.24761792,0.26667663,0.2803447,0.28919318,0.2944102,0.2975537,0.30016422,0.30330378,0.30718336,0.31106326,0.31348994,0.31276864,0.30751017,0.2971535,0.28245494,0.26595566,0.25226957,0.24751915,0.25694397,0.28166378,0.31812185,0.36058423,0.40350094,0.4424626,0.474394,0.49755362,0.511508,0.51707566,0.516184,0.51156604,0.5062336,0.50274044,0.5024107,0.50485724,0.50805026,0.5088936,0.50400716,0.49041778,0.4660293,0.42988488,0.38229296,0.32491606,0.26100156,0.19626348,0.14197916,0.1200398,0.14270288,0.18726243,0.23277366,0.27004787,0.29500976,0.30588394,0.3023156,0.28502584,0.25560337,0.21632242,0.1699641,0.11966931,0.069028236,0.025482176,0.035451237,0.071106516,0.10082248,0.12173672,0.1331965,0.13539413,0.12914464,0.11575476,0.09689393,0.07446519,0.050507765,0.027330628,0.010909265,0.019507164,0.03331814,0.043578617,0.049668286,0.052130096,0.05225599,0.051968824,0.05337001,0.057742193,0.06480828,0.0731592,0.08115619,0.08743529,0.09103956,0.091417834,0.08839624,0.08214945,0.07318118,0.062332936,0.05086834,0.04070928,0.03463121,0.034869507,0.040215235,0.0474532,0.05427028,0.059497204,0.06264777,0.06364921,0.06271659,0.060285043,0.056957696,0.053441223,0.050439008,0.048483733,0.047756493,0.048019573,0.048735943,0.049279884,0.04909797,0.04777743,0.045052465,0.040785074,0.03494072,0.027568527,0.018799022,0.008975002,0.004538234,0.015655315,0.028487073,0.04192493
120,0.05757979,0.053194042,0.05072183,0.049952555,0.050247412,0.05078593,0.05081459,0.049775597,0.047341216,0.043415826,0.038150806,0.032020498,0.0260563,0.022292638,0.023269273,0.029079594,0.037549954,0.0469644,0.056418177,0.065448344,0.073826164,0.081455484,0.088303275,0.09433725,0.09946956,0.103515394,0.10617598,0.10705097,0.1056781,0.10159386,0.09440932,0.08390309,0.07016158,0.053908467,0.03774154,0.0306341,0.04300203,0.06635544,0.09278734,0.11912992,0.14349037,0.16437022,0.18050848,0.19088762,0.19477852,0.19178891,0.1819011,0.1654926,0.14333676,0.116586566,0.08675961,0.055821102,0.02723414,0.0183972,0.037809376,0.05712386,0.0708183,0.07753252,0.07688326,0.06934239,0.056731533,0.044187818,0.043711346,0.06201174,0.09033023,0.12162176,0.15239634,0.18058504,0.20490809,0.2247479,0.2401183,0.25159988,0.26018402,0.26700437,0.27298754,0.27852237,0.28328484,0.2863086,0.28628474,0.28199843,0.27281624,0.25920147,0.2432725,0.22930498,0.22354294,0.23200381,0.25669104,0.2943839,0.33926272,0.38557935,0.4286809,0.46518058,0.49295688,0.5111644,0.5202458,0.52188414,0.51881343,0.51439226,0.51188266,0.51353234,0.51979464,0.5291018,0.5383185,0.5435928,0.54119986,0.52815247,0.5025542,0.4637657,0.41246417,0.35068578,0.28201076,0.21235768,0.15285075,0.12520617,0.14435951,0.1883052,0.23394296,0.2710629,0.2952997,0.30484852,0.29943073,0.27989167,0.24796231,0.20605423,0.15705359,0.1041135,0.050484452,0.005116745,0.04807254,0.087357335,0.117948994,0.13882573,0.14968221,0.15086228,0.14328419,0.1283364,0.107749775,0.08345556,0.057441182,0.031626504,0.008075412,0.01393164,0.03058421,0.04292061,0.0509214,0.055240985,0.057095014,0.058120105,0.059980337,0.06371028,0.0692466,0.075617224,0.08152167,0.08578507,0.087562144,0.08639655,0.08222769,0.07538936,0.06662775,0.057168502,0.048829827,0.04390461,0.044008348,0.04844859,0.054897945,0.061227754,0.06609157,0.068780266,0.06903798,0.0669561,0.06292149,0.05759685,0.05191593,0.047042757,0.044155657,0.043932572,0.046086174,0.049568854,0.053193673,0.056013085,0.057385366,0.05692506,0.054442476,0.049895775,0.043354865,0.034974396,0.024977587,0.01368479,0.003111632,0.012997079,0.026792176,0.040992405
121,0.068211675,0.062124893,0.05774675,0.055208493,0.05417026,0.053926054,0.053660717,0.052674998,0.050499927,0.046937454,0.042089343,0.03643248,0.03100508,0.027641753,0.028407572,0.03357873,0.041495703,0.050465904,0.059410915,0.06770622,0.07501408,0.08119165,0.08622872,0.090186805,0.093131974,0.09506772,0.09588255,0.095327996,0.093035504,0.088570215,0.08151345,0.071571626,0.05874389,0.043738715,0.029728655,0.027882177,0.044398397,0.06866893,0.09512773,0.1214269,0.14592631,0.16721402,0.18404742,0.19538878,0.20046203,0.19880754,0.19032408,0.17529204,0.15437424,0.12859263,0.099281624,0.06802226,0.036577582,0.007385512,0.020692402,0.042476423,0.058317166,0.06719347,0.06858917,0.062460955,0.049251024,0.029957183,0.0083759,0.025103828,0.054925684,0.085507676,0.11500607,0.1420985,0.16588444,0.18593915,0.20232914,0.21554726,0.22634822,0.23549387,0.24346517,0.2502411,0.25524217,0.25747564,0.25584576,0.24956469,0.23863071,0.22438972,0.21017268,0.20163676,0.20549911,0.22573698,0.2607701,0.3052909,0.35345027,0.4003043,0.44207394,0.47613853,0.5010512,0.51658577,0.5237596,0.52475923,0.5226755,0.52095646,0.5225697,0.52908045,0.5400583,0.5531482,0.56473845,0.5708448,0.5678647,0.5530754,0.52490467,0.48304686,0.42849422,0.36356157,0.2920534,0.22001222,0.15840249,0.12818465,0.14453746,0.18644777,0.23028569,0.26544565,0.28749433,0.29469398,0.28688377,0.26504213,0.23103088,0.18738143,0.13709012,0.08344929,0.030389955,0.024763873,0.06933107,0.10741635,0.13650507,0.15560508,0.16447714,0.16354145,0.15379165,0.13668446,0.11400816,0.08773984,0.059906173,0.03249486,0.008336919,0.01685488,0.034597423,0.048076782,0.057108544,0.06223624,0.0644922,0.06524735,0.065926574,0.067566946,0.07042357,0.07394556,0.07713457,0.078971855,0.07869419,0.075919345,0.07069746,0.06355347,0.055568196,0.048494667,0.044615034,0.04556392,0.050748747,0.05796516,0.065096974,0.07070444,0.07393355,0.07436657,0.07193367,0.06687226,0.059724472,0.051388085,0.043254863,0.037366588,0.035915103,0.039360248,0.04583263,0.053082876,0.059569515,0.0643749,0.066974916,0.06710242,0.06467463,0.059749767,0.052496433,0.04317095,0.032107588,0.01976851,0.007603342,0.010780434,0.02477358,0.039491743
122,0.07487835,0.067499384,0.061535973,0.05738226,0.05500137,0.05388402,0.05323815,0.052268397,0.050376,0.047251154,0.04291934,0.03781266,0.032921202,0.029931933,0.030665897,0.035442658,0.04286091,0.051303446,0.0596317,0.06713674,0.07341293,0.07828305,0.08174901,0.083941035,0.085051775,0.08525505,0.084622756,0.083063655,0.08030759,0.075945176,0.06951641,0.06063872,0.049203366,0.03586938,0.02428375,0.026455648,0.044424187,0.06832893,0.09413735,0.11992842,0.14420159,0.1655938,0.1828676,0.19496201,0.20105639,0.20063059,0.19351228,0.17990701,0.16040912,0.1359961,0.10802155,0.07826634,0.049356,0.027686497,0.02949497,0.046558093,0.062499143,0.07314055,0.07720868,0.07436101,0.06487038,0.04960857,0.030504102,0.01627061,0.030849231,0.05661107,0.083242215,0.108505085,0.13132061,0.15117471,0.16801691,0.18216151,0.19412123,0.2043801,0.2131613,0.22027387,0.2251073,0.22679232,0.22449699,0.21782081,0.20728175,0.19491826,0.18489298,0.18333173,0.19586934,0.22381733,0.26369077,0.3101382,0.3581352,0.40361074,0.44350493,0.47577915,0.49946758,0.51473385,0.5228718,0.52617705,0.5276059,0.5301691,0.5361267,0.54624474,0.55946594,0.57316285,0.5838094,0.5877428,0.5817818,0.5636316,0.5321066,0.4872269,0.4302445,0.3636683,0.29143375,0.21963783,0.15905644,0.1293513,0.14375414,0.18232599,0.22253194,0.2540295,0.27253503,0.27646488,0.26581073,0.2416918,0.20609827,0.16169803,0.11172999,0.06046076,0.02371418,0.05280954,0.09409423,0.1290984,0.15511708,0.17111032,0.17688824,0.17294545,0.16035149,0.14063284,0.11564342,0.08743928,0.05821191,0.03063768,0.013894531,0.026983509,0.044374187,0.057967998,0.06702951,0.07187586,0.07333961,0.07258338,0.07089117,0.06936893,0.06860853,0.068508334,0.068408765,0.06744755,0.06490215,0.060406562,0.05408035,0.046669703,0.039797693,0.03610512,0.037922326,0.04467381,0.053706974,0.06268718,0.0700959,0.07499141,0.076828875,0.075377956,0.07068696,0.063071355,0.05313626,0.04189911,0.031247089,0.025074579,0.02775819,0.036976695,0.047985625,0.058337122,0.06687643,0.072977975,0.07629765,0.07668688,0.07415334,0.06883551,0.060982473,0.050940055,0.039157815,0.026293598,0.014074276,0.011920832,0.023775129,0.038243216
123,0.077454776,0.06914015,0.061898164,0.05631721,0.05264427,0.050618775,0.049542256,0.048563693,0.04696471,0.04431845,0.0405597,0.036054127,0.031730313,0.02917572,0.030061867,0.0346584,0.041662846,0.04954043,0.05717024,0.06382871,0.06909038,0.072770655,0.07489163,0.07564483,0.07533336,0.07428509,0.0727435,0.070763625,0.06815536,0.06450555,0.05927747,0.051964708,0.042308707,0.030798914,0.020931104,0.024249474,0.0416727,0.06443614,0.08915582,0.11410455,0.13785723,0.15908125,0.1765431,0.18916568,0.19609612,0.19676971,0.1909627,0.17883064,0.1609332,0.13825549,0.11225931,0.08507883,0.060262527,0.04484384,0.046891864,0.060597762,0.07549554,0.08673212,0.09237962,0.091737226,0.08484109,0.07233676,0.055565514,0.037345786,0.026311735,0.03610163,0.057275333,0.080167346,0.101879366,0.12134453,0.13822016,0.15259166,0.16477513,0.17510886,0.18375303,0.19055827,0.19505993,0.19661759,0.19468376,0.1891788,0.18096976,0.17243356,0.16783692,0.17258757,0.19050366,0.22130834,0.26144522,0.3064402,0.35222512,0.39549124,0.4337555,0.46541053,0.48978743,0.50719297,0.5188672,0.5268012,0.5333662,0.5407564,0.55035836,0.56226826,0.57516855,0.58661115,0.593558,0.59296423,0.58225965,0.5596808,0.52446586,0.47694838,0.41859126,0.35202706,0.2812486,0.2123548,0.1558644,0.12945409,0.14258553,0.17661995,0.2115343,0.2378529,0.25163707,0.25152868,0.23769748,0.2114111,0.17480506,0.1307825,0.08335396,0.041739106,0.0436479,0.081546135,0.119510315,0.1505815,0.1725578,0.1845368,0.1864406,0.17886512,0.16296875,0.14035693,0.1129668,0.08299058,0.053015903,0.027729014,0.023386378,0.040174346,0.057504173,0.07075531,0.079168856,0.08293942,0.0827611,0.079652965,0.07480582,0.06938908,0.064303786,0.059940062,0.056086134,0.052097213,0.04723759,0.041009456,0.03341422,0.025357623,0.019807367,0.021815527,0.030745735,0.04203651,0.053108852,0.06260359,0.06964411,0.073639154,0.07423732,0.07131641,0.064977236,0.05553672,0.043533955,0.029826302,0.016397994,0.012751488,0.02460592,0.03915734,0.05289239,0.06476517,0.07417631,0.080736615,0.08422232,0.08456004,0.08181542,0.07618092,0.067964375,0.05758579,0.045606144,0.03288501,0.021377742,0.017186305,0.025135662,0.03807233
124,0.0760849,0.067145415,0.058913846,0.05210392,0.04721249,0.04426706,0.042732652,0.041739523,0.040452186,0.0383197,0.035180204,0.031330638,0.027653003,0.025691612,0.026998721,0.031660467,0.038346298,0.045621876,0.0524565,0.058178283,0.06239152,0.064938486,0.06588229,0.06548565,0.06416489,0.06240057,0.060598847,0.058932178,0.057231773,0.055002075,0.051557098,0.04621572,0.038520116,0.028617376,0.018909348,0.019843914,0.03534292,0.056563817,0.07996305,0.10385556,0.12685856,0.14766781,0.16506425,0.17797188,0.18552668,0.18714249,0.18256819,0.17193389,0.1557904,0.13515867,0.11163831,0.08771157,0.06752123,0.057536557,0.061706394,0.07461749,0.08880068,0.100008234,0.10619466,0.10646654,0.100661196,0.08918385,0.07295623,0.05353496,0.03406598,0.024590904,0.03670632,0.057316557,0.07825907,0.09737327,0.11396561,0.1279397,0.13952331,0.14906742,0.15685534,0.1629571,0.16718413,0.16917916,0.16864026,0.1656578,0.16113782,0.15723461,0.1574779,0.16590719,0.18505225,0.21452415,0.25169957,0.29321814,0.33589378,0.3770481,0.41462943,0.44728586,0.47441673,0.49617794,0.5134041,0.52741414,0.539692,0.5514772,0.563365,0.575046,0.5852813,0.5921161,0.5932457,0.58641934,0.56979614,0.54221225,0.5033549,0.4538595,0.39536074,0.33056056,0.26345688,0.20010549,0.1505769,0.12956996,0.1416221,0.16999768,0.19819523,0.21807203,0.22619042,0.22146799,0.20426603,0.17601016,0.1390409,0.09682253,0.056166425,0.041740708,0.07110881,0.10941888,0.1437279,0.1704036,0.18780683,0.19527325,0.1928845,0.18135852,0.16195047,0.13635023,0.10659683,0.07510333,0.045301627,0.026458403,0.035042487,0.054584906,0.072069414,0.08479596,0.09218289,0.094402626,0.092078894,0.08614544,0.07773066,0.06803692,0.058198366,0.049103893,0.041197244,0.034344006,0.027914377,0.021103736,0.01330211,0.0045743454,0.0070514237,0.018092006,0.029599518,0.040690087,0.050597377,0.05861361,0.064135015,0.06670374,0.06603738,0.06204481,0.054828502,0.044675004,0.032037664,0.017534161,0.003018915,0.01513086,0.031196972,0.046435032,0.06013269,0.07171933,0.0807456,0.086893074,0.089981034,0.08996734,0.086944334,0.08113187,0.07287227,0.06263754,0.051077038,0.039196715,0.028963258,0.024485286,0.029099459,0.03944964
125,0.07113434,0.06183567,0.052887972,0.045049902,0.039011355,0.035124727,0.033115476,0.03213807,0.031220214,0.029665492,0.02721674,0.024127152,0.021294726,0.020305993,0.022500776,0.027513836,0.03392722,0.040495455,0.046364237,0.050974987,0.054006692,0.055363376,0.055178653,0.053815685,0.051837668,0.049911607,0.048610933,0.048154943,0.048246138,0.048148092,0.04693567,0.043742463,0.037934765,0.029289996,0.01865416,0.013107655,0.025150195,0.044802457,0.06686421,0.089596584,0.11166784,0.13182327,0.14888369,0.16180198,0.1697315,0.17209266,0.16863284,0.1594791,0.14519124,0.1268375,0.10615268,0.08590432,0.07050502,0.06538359,0.0718643,0.08478579,0.098390065,0.10914006,0.11513386,0.11544865,0.10983161,0.098555416,0.08233545,0.06229162,0.04009239,0.019811759,0.020664413,0.040577684,0.061482236,0.08027707,0.09619398,0.10912293,0.11934708,0.12738039,0.13378485,0.13898566,0.14314765,0.14617792,0.14787982,0.14823455,0.14775544,0.147823,0.15079398,0.1595269,0.17621629,0.20132723,0.23359159,0.27079582,0.3105206,0.3505464,0.38904074,0.42465085,0.4565459,0.48440894,0.50836617,0.5288448,0.54636925,0.5613284,0.5737646,0.5832455,0.5888547,0.5893062,0.5831497,0.569017,0.54586244,0.51316553,0.47108033,0.420536,0.36331123,0.3021399,0.24098514,0.1857651,0.14559935,0.13092816,0.14139053,0.1630559,0.18339418,0.19587085,0.19765554,0.18796653,0.16735427,0.13741837,0.100873835,0.06289154,0.04072767,0.06141591,0.09879998,0.13507225,0.1653568,0.18741731,0.20007561,0.20291632,0.19618753,0.18072537,0.15787125,0.12938797,0.09741988,0.0647015,0.03637902,0.02915316,0.04752438,0.06901587,0.08664273,0.09875478,0.10494814,0.10541372,0.10074752,0.091840535,0.07978495,0.06578863,0.051108334,0.0370366,0.025050247,0.017321635,0.016137851,0.019498631,0.023805609,0.027881207,0.031823553,0.035987586,0.040522434,0.04522393,0.049607094,0.053063862,0.05500329,0.05494502,0.052575268,0.04778268,0.040696464,0.031785473,0.022280835,0.016100952,0.02017377,0.031427745,0.044462375,0.057262342,0.068861395,0.078625135,0.08610113,0.090984546,0.093109354,0.09244403,0.08908699,0.08326223,0.07531966,0.06575057,0.05524349,0.044840183,0.036283888,0.032264028,0.03472119,0.042235732
126,0.063146226,0.05371723,0.044333663,0.03569286,0.02856184,0.02363837,0.02111967,0.020294264,0.019953018,0.019170277,0.01761544,0.015610086,0.014261491,0.0151833445,0.018883284,0.024309486,0.030243259,0.035805557,0.040381864,0.043557048,0.04510757,0.045022614,0.04353888,0.041177876,0.03875189,0.037238166,0.03738941,0.039233558,0.041994292,0.04451033,0.04565105,0.04450004,0.040404376,0.032992326,0.022223946,0.0089803655,0.011339056,0.030098379,0.050988887,0.072479285,0.093401544,0.11260577,0.12899247,0.14157826,0.14956586,0.15241092,0.14988326,0.14212462,0.12971348,0.113764815,0.09612977,0.0797842,0.069140844,0.06834967,0.07686139,0.08983358,0.10270554,0.11259826,0.11786202,0.11765093,0.11171095,0.1002696,0.083957836,0.063735805,0.04082342,0.016780771,0.0095752925,0.03203393,0.052958924,0.07092878,0.085480146,0.0966103,0.104742154,0.110643834,0.11525994,0.1194605,0.1237806,0.12827855,0.13260904,0.13629572,0.13910541,0.1414227,0.14452565,0.15058134,0.16210863,0.18095826,0.20751196,0.24073032,0.27876607,0.31954217,0.3610853,0.40168232,0.43994737,0.47483858,0.5056363,0.5318848,0.5533051,0.5696912,0.58081144,0.5863363,0.5858124,0.5786908,0.564408,0.5425032,0.51275337,0.47530642,0.43079737,0.38044792,0.32616362,0.27067816,0.21783999,0.1731146,0.14362726,0.13457765,0.1422516,0.15626372,0.16792081,0.17237562,0.16746166,0.15269655,0.1287973,0.09757297,0.062666185,0.03632331,0.050351758,0.08685586,0.12433905,0.15734002,0.18332884,0.20076744,0.20881657,0.20726936,0.19651045,0.17746255,0.15151791,0.120473556,0.086544015,0.05285636,0.027943008,0.035342883,0.05959423,0.082369596,0.10003767,0.11151528,0.1165205,0.11526309,0.108327165,0.09658516,0.08111572,0.06312621,0.04390008,0.024891267,0.009753997,0.015408445,0.028907595,0.04059472,0.049561985,0.05571071,0.059219044,0.06042498,0.059748944,0.057621464,0.054417875,0.050412167,0.04576527,0.04056118,0.034902573,0.029094433,0.023998305,0.021509757,0.02375921,0.030459102,0.03966937,0.04987596,0.06012135,0.06972857,0.07817038,0.08502791,0.08998243,0.0928172,0.09342082,0.09178919,0.08802622,0.082345165,0.07507527,0.06668192,0.05781568,0.049409214,0.042797167,0.03959204,0.040792372,0.045804143
127,0.05279565,0.043463856,0.034021765,0.024976999,0.016897194,0.010558289,0.0072948583,0.0076138303,0.0090293335,0.0098782955,0.010078359,0.010405603,0.011993332,0.015314697,0.019883199,0.024931418,0.029771574,0.033835948,0.036675464,0.03797444,0.037580717,0.0355523,0.032234587,0.028397432,0.02540855,0.025011059,0.027981644,0.033265878,0.03915396,0.04423376,0.04747374,0.048129857,0.04569911,0.03991571,0.030779388,0.018706884,0.0070755747,0.01717098,0.035622142,0.055126265,0.074274845,0.091946,0.107108116,0.11885069,0.12644218,0.12939055,0.12750201,0.12094091,0.11030389,0.096742675,0.08220237,0.06980238,0.06373509,0.066705845,0.07676215,0.08950137,0.10133698,0.10999428,0.11412208,0.11301568,0.106481746,0.0947649,0.07849095,0.05861169,0.036374617,0.013763292,0.01302524,0.033965476,0.05322617,0.069261864,0.0815536,0.090112805,0.09548024,0.09869554,0.10114039,0.104188465,0.10871772,0.114751235,0.12150059,0.1277742,0.13249283,0.1351507,0.13621993,0.13749173,0.14211512,0.15378375,0.175015,0.20595385,0.24481839,0.28902942,0.33594438,0.38313836,0.42848718,0.47019464,0.5068032,0.5371923,0.560561,0.5763949,0.58442074,0.58455753,0.5768724,0.5615524,0.5388972,0.50933695,0.4734729,0.4321363,0.38646063,0.33796564,0.28866208,0.2411931,0.1989988,0.16626626,0.14678793,0.14100811,0.14430743,0.14991976,0.15242289,0.14858197,0.13691403,0.11721393,0.09031707,0.05835316,0.028892325,0.03744138,0.07360495,0.11158615,0.14629823,0.17529374,0.19687127,0.2098823,0.21372116,0.20832714,0.19416803,0.17219976,0.14380881,0.11076026,0.07524657,0.0407245,0.02206494,0.042703982,0.07009716,0.09362522,0.111241356,0.12215081,0.12613064,0.12338912,0.11449373,0.100303926,0.08189848,0.06049863,0.037394103,0.0139212245,0.009350643,0.030238887,0.048630513,0.06374277,0.0751349,0.08259784,0.086132295,0.08592173,0.08229823,0.0757041,0.066652544,0.055691596,0.043377414,0.030274779,0.017097402,0.006877448,0.0133739775,0.025543602,0.037564028,0.048816286,0.05906415,0.06814969,0.075945005,0.08234049,0.08724416,0.09058574,0.09232316,0.092449754,0.09100138,0.08806311,0.08377622,0.07834672,0.072058104,0.06529169,0.058556803,0.05252229,0.0480043,0.045804325,0.046345226,0.04938188
128,0.040847838,0.031964213,0.023316918,0.015424206,0.00910621,0.006337897,0.008032623,0.010731727,0.0128202,0.014215125,0.015348615,0.016854553,0.019229902,0.022539085,0.026434543,0.030377772,0.0338097,0.036229167,0.03722897,0.03652063,0.033959482,0.02958006,0.023676021,0.017086431,0.012397408,0.0145477615,0.02220955,0.031226167,0.039764084,0.04685278,0.051808335,0.05413041,0.053506833,0.049854934,0.043408085,0.034946725,0.026573747,0.023511764,0.030481743,0.043718774,0.058768034,0.07337047,0.08615723,0.096135326,0.10257433,0.10500553,0.1032553,0.09749597,0.08832458,0.07690951,0.06527792,0.056674942,0.05488837,0.06099449,0.07199633,0.08408016,0.094524674,0.10161234,0.10430554,0.10207711,0.09483728,0.082899146,0.06696445,0.048171848,0.028571755,0.015779564,0.02598102,0.043864205,0.060432523,0.07375796,0.08314596,0.0885683,0.09064317,0.09065699,0.09045287,0.09197819,0.09645268,0.10368917,0.11222473,0.120058365,0.1253542,0.12691414,0.12459199,0.119869635,0.116622575,0.12111985,0.13903403,0.17129329,0.21474145,0.26528072,0.31923884,0.37348077,0.42530742,0.47240844,0.51286864,0.5451941,0.56833535,0.5816945,0.5851112,0.57882816,0.5634396,0.5398303,0.50911295,0.47257248,0.43162695,0.38780916,0.34277442,0.29833204,0.25648698,0.21944208,0.18942654,0.16812116,0.1556562,0.14995071,0.14736256,0.14413574,0.13737956,0.12530565,0.107119046,0.08286721,0.053427182,0.021965533,0.024725346,0.060754385,0.09807179,0.13307227,0.16369891,0.18828095,0.20550501,0.21446511,0.21470673,0.20624837,0.18957669,0.16561672,0.13568301,0.101430945,0.064896785,0.029520066,0.020145824,0.049159124,0.0780361,0.10191753,0.11944837,0.1299547,0.13321614,0.12941001,0.119068496,0.103026934,0.082361795,0.058321618,0.0322624,0.0058671352,0.020873329,0.045132443,0.06658337,0.084357694,0.097847484,0.106689066,0.11075814,0.11015598,0.105186895,0.09632999,0.08420966,0.06957459,0.053312246,0.03661571,0.022011045,0.017817203,0.028067278,0.042058133,0.05556674,0.06748489,0.0773871,0.08510175,0.09060504,0.09397904,0.09538561,0.09504504,0.09321618,0.09017817,0.08621418,0.08159867,0.07658954,0.07142669,0.06633771,0.0615499,0.05730415,0.05386146,0.051487003,0.05039987,0.050698332,0.052302856
129,0.028144384,0.020695765,0.015900973,0.015190851,0.017651135,0.020988042,0.023874598,0.025859775,0.026952062,0.027447134,0.027834276,0.028658483,0.030301398,0.032789513,0.03578767,0.03875489,0.041110214,0.042332593,0.04200764,0.039848994,0.03570887,0.029582432,0.021606382,0.012051353,0.0013176098,0.010145954,0.021739172,0.032884456,0.04298706,0.0514923,0.05792622,0.0619372,0.06333899,0.062158752,0.058699828,0.05363756,0.048164938,0.044102635,0.043504953,0.047297638,0.05444106,0.06297589,0.07114197,0.077642225,0.08158316,0.08241318,0.079906076,0.074183874,0.06578979,0.055865884,0.046542052,0.041319143,0.0434291,0.051981296,0.06326786,0.074233115,0.08294824,0.088199995,0.08925647,0.0857846,0.07783216,0.06584564,0.050765347,0.034493618,0.022459561,0.026274085,0.041342027,0.057632267,0.07174565,0.08227023,0.08856305,0.09060222,0.08905172,0.08537682,0.08186112,0.08114689,0.08494723,0.092806086,0.10242506,0.11097069,0.11596981,0.11568823,0.109441504,0.09828339,0.08675071,0.085321225,0.10494164,0.14436898,0.19615412,0.254534,0.31542447,0.37551835,0.43193448,0.48215428,0.5240624,0.5560143,0.57689744,0.58616996,0.5838703,0.57059497,0.5474477,0.51596296,0.4780128,0.43570322,0.3912692,0.346971,0.30498725,0.26728413,0.23542362,0.21028627,0.19177358,0.17869583,0.16903488,0.16048595,0.15096103,0.13885619,0.12311154,0.10317425,0.07894247,0.050726905,0.019363832,0.01584862,0.050799757,0.08596763,0.11956162,0.15003401,0.17592667,0.19594531,0.20904055,0.21447846,0.2118933,0.2013186,0.18319401,0.15834829,0.12796134,0.093515314,0.056785453,0.020577705,0.020842284,0.053317416,0.08266636,0.10663584,0.12413199,0.13449848,0.13747124,0.13316545,0.12205201,0.104918964,0.082820185,0.05701982,0.02898488,0.004723842,0.029640969,0.05639946,0.08034804,0.10043558,0.115916,0.12631261,0.13141945,0.1312976,0.12626433,0.116879426,0.103939064,0.088499956,0.07199093,0.056544933,0.04564055,0.043526683,0.0504366,0.061893474,0.07407618,0.085004255,0.09372327,0.099801555,0.10311814,0.103767216,0.10200535,0.09821439,0.09287016,0.086512275,0.079711765,0.073032446,0.066981144,0.061945714,0.058133412,0.055540726,0.053986166,0.053201653,0.05293677,0.053027928,0.05341489,0.054113332
130,0.015775526,0.0138068665,0.018799456,0.025620721,0.03181302,0.03663439,0.039884575,0.04163145,0.042145465,0.041871723,0.041381985,0.041265313,0.041947458,0.043515947,0.045681357,0.047901515,0.049558554,0.05008954,0.04905485,0.046168204,0.0413111,0.034549158,0.026186302,0.017048597,0.010474596,0.014697136,0.025241923,0.036694363,0.047591362,0.057219833,0.06509849,0.07090956,0.0745022,0.07590956,0.07536605,0.073317476,0.07041224,0.06744769,0.065232396,0.06435003,0.064915664,0.06650522,0.06832507,0.06948038,0.06918286,0.066861115,0.06221142,0.055234205,0.04630502,0.03638991,0.027721623,0.02478898,0.030358253,0.04059614,0.051481266,0.060895883,0.06761679,0.070859954,0.07016642,0.06539659,0.056774136,0.04502081,0.03189039,0.022585146,0.026942547,0.041488238,0.05797338,0.073055856,0.08507991,0.09302499,0.0963527,0.09505441,0.08977745,0.082023434,0.07437101,0.07027951,0.07241462,0.08024211,0.09044096,0.0992481,0.103621855,0.10140819,0.09142907,0.07405948,0.054109298,0.051250592,0.08322126,0.13473953,0.19525222,0.26007193,0.32579565,0.38934872,0.44786596,0.49876297,0.53985167,0.5694544,0.5864968,0.5905695,0.58195394,0.56160975,0.53112787,0.49265128,0.44877014,0.4023917,0.35657606,0.31430545,0.27813175,0.24967073,0.22908024,0.21490197,0.20455906,0.19525194,0.18468335,0.17134659,0.15448438,0.13391334,0.10983585,0.08268928,0.053044718,0.021552045,0.011082523,0.04408263,0.076608315,0.10773742,0.13648069,0.16181037,0.18270816,0.19822752,0.2075632,0.21011977,0.20557165,0.19390798,0.17545743,0.15089051,0.121199064,0.08765566,0.051766265,0.015422373,0.02131848,0.054380745,0.08359863,0.10752736,0.12512776,0.13569908,0.13889948,0.13475482,0.12364855,0.10629367,0.08369004,0.057078138,0.02796856,0.0062448303,0.03400269,0.06261755,0.08852311,0.11057224,0.12792811,0.14003654,0.14663596,0.147763,0.14375138,0.1352295,0.12312687,0.10870858,0.09366368,0.08024251,0.07120778,0.06885575,0.073143974,0.08160111,0.09134793,0.100305654,0.107225314,0.11144274,0.11269337,0.111001365,0.106611386,0.09994282,0.09155671,0.082132325,0.072450645,0.063375816,0.05580173,0.050496746,0.04781438,0.0474608,0.048631683,0.05042965,0.05217679,0.053497978,0.05428067,0.054603104
131,0.0074601914,0.017957276,0.029136358,0.03878631,0.046468504,0.052027274,0.055485472,0.057034593,0.057034206,0.056000967,0.05456801,0.05338917,0.052977055,0.05352572,0.054832242,0.05638221,0.057530116,0.05766209,0.05629397,0.053118233,0.048028514,0.041151702,0.03294382,0.024543649,0.018943131,0.020981,0.02976391,0.040990338,0.052477393,0.06321215,0.07261132,0.08031807,0.08614823,0.09007311,0.09220701,0.09278786,0.0921451,0.09065187,0.08866237,0.08644259,0.08411097,0.081610054,0.07872236,0.07512639,0.07047342,0.06446309,0.056903813,0.04775562,0.03716418,0.025526542,0.013886739,0.008288431,0.016866144,0.027870862,0.03767301,0.04522277,0.049838733,0.051042214,0.048573487,0.042453405,0.033134818,0.022153633,0.015895454,0.024756907,0.041094508,0.058607955,0.07502693,0.08890194,0.09910183,0.104787834,0.105478995,0.10114738,0.092347026,0.08042413,0.06789996,0.058887266,0.0578299,0.064941555,0.07553742,0.08457843,0.08845863,0.08473593,0.07185936,0.049287833,0.020573532,0.035724446,0.086547166,0.14650384,0.21197526,0.28011414,0.3479754,0.41256195,0.47097343,0.5205726,0.5591452,0.58504003,0.59727883,0.5956303,0.58064413,0.5536459,0.51669544,0.4725137,0.42437974,0.3759827,0.3311726,0.2934867,0.26533335,0.24702685,0.23643376,0.22982356,0.22333933,0.21403955,0.20020744,0.18121935,0.15727147,0.12910388,0.09776399,0.064418554,0.03023131,0.004711975,0.037209086,0.068662345,0.09795617,0.12461111,0.14817797,0.16817953,0.18408999,0.19534914,0.20140688,0.20178826,0.196166,0.18442822,0.1667309,0.14352833,0.11557807,0.08392006,0.0498323,0.014771765,0.019753126,0.05213164,0.080921665,0.10480969,0.12272292,0.13388525,0.13785781,0.13455954,0.124267004,0.10759451,0.08545753,0.059028305,0.02974283,0.0052565197,0.03328253,0.0629869,0.090228245,0.11381703,0.13286544,0.14677,0.15522887,0.15825371,0.15617403,0.14963728,0.13961156,0.12739658,0.1146382,0.10329336,0.09538312,0.09233207,0.0941631,0.09944765,0.10615953,0.112491064,0.11715132,0.11934964,0.11869908,0.11512694,0.10880642,0.10010567,0.08955122,0.07780702,0.06567735,0.054146677,0.044452112,0.03803784,0.035921235,0.037612855,0.04137122,0.045554984,0.049180068,0.051799066,0.05330757,0.05382024
132,0.012993401,0.02792321,0.04106113,0.05202965,0.06058257,0.06661646,0.07018548,0.071511604,0.07098741,0.06916562,0.06672259,0.064374916,0.06273354,0.062122833,0.062460933,0.063294716,0.06396824,0.06381293,0.06228016,0.059010394,0.05386821,0.046980236,0.038834248,0.030590294,0.024876896,0.025689993,0.033416055,0.044617627,0.05681726,0.06876354,0.07975656,0.0893691,0.097350635,0.10358761,0.10807823,0.11090786,0.11222121,0.112191334,0.11098809,0.108750045,0.10556441,0.10145878,0.0964065,0.09034439,0.083199486,0.07491965,0.06550338,0.055025227,0.04365488,0.031671595,0.019489082,0.00788985,0.005641587,0.014908179,0.022969805,0.028675498,0.031468444,0.030955974,0.02691797,0.019351525,0.00866123,0.0067381356,0.02249362,0.040186983,0.05838388,0.07590523,0.09156021,0.1042052,0.11282921,0.116644725,0.11517767,0.10835523,0.096600786,0.08097554,0.06350171,0.048029233,0.04120085,0.0466479,0.05786229,0.06748199,0.071295805,0.06681681,0.0525355,0.027932867,0.011941399,0.055870287,0.11084883,0.1731595,0.24029544,0.3094426,0.37756118,0.44154903,0.4984244,0.5455097,0.5806027,0.602125,0.60923785,0.6019206,0.5810086,0.54819244,0.5059832,0.45764896,0.40711537,0.3587804,0.31709912,0.2856985,0.26601958,0.2563477,0.25243974,0.2494128,0.243319,0.23171347,0.21356457,0.1889478,0.15872552,0.12426746,0.087226756,0.049443807,0.01459033,0.026956,0.05898476,0.088347025,0.11413116,0.13617904,0.15453552,0.16927874,0.18040778,0.18778172,0.19111826,0.19004628,0.18419479,0.1732944,0.15726972,0.13630782,0.11089468,0.08181802,0.050139114,0.017141156,0.015778815,0.04709263,0.07537904,0.099306524,0.117749706,0.12985264,0.13507745,0.13323289,0.124481626,0.10932654,0.0885788,0.063313335,0.034841947,0.005941857,0.027276548,0.05720042,0.08508045,0.10970717,0.1301753,0.14585638,0.15641819,0.16183846,0.16240886,0.1587304,0.15170209,0.14250027,0.13253509,0.123345725,0.11637197,0.112580575,0.112102844,0.11418678,0.11754671,0.12082738,0.12290663,0.12300174,0.120664254,0.11573482,0.10829106,0.09859953,0.08707545,0.074253686,0.060780697,0.04745482,0.035392307,0.02645648,0.023327127,0.02640725,0.032434452,0.03872023,0.04409414,0.04813442,0.050762452,0.052092038
133,0.02256743,0.038476795,0.052645925,0.06446418,0.073615886,0.079968914,0.08356667,0.08463095,0.08356129,0.080924086,0.07742102,0.0738191,0.07082299,0.06889692,0.06810828,0.06810194,0.06823678,0.067793265,0.066143535,0.06284895,0.057708196,0.05079783,0.042565983,0.034116182,0.027921231,0.027936343,0.035290312,0.046879355,0.06001068,0.07326329,0.08584285,0.09725383,0.107178465,0.11542678,0.12190846,0.12661062,0.12957643,0.13088438,0.13062893,0.12890458,0.1257945,0.12136503,0.115666404,0.10873915,0.10062533,0.0913832,0.081103496,0.06992573,0.058052618,0.04576141,0.03341227,0.021462075,0.010564571,0.0037175876,0.00889126,0.014281448,0.01719317,0.01732905,0.015109361,0.0128874425,0.016406208,0.02705672,0.04169499,0.05831599,0.07552476,0.09204211,0.106623664,0.11809672,0.12543291,0.12783097,0.124797314,0.116217114,0.10241296,0.08419952,0.06298367,0.041177217,0.024561247,0.025739744,0.0385216,0.049326792,0.053497713,0.049059354,0.035768297,0.021517416,0.041661613,0.08645771,0.14229973,0.20556593,0.27336007,0.3426369,0.410201,0.47284883,0.5275487,0.5716262,0.60293865,0.62002486,0.6222221,0.60974467,0.5837219,0.5461998,0.5001114,0.44921747,0.39799276,0.35135248,0.31396887,0.28892258,0.27612397,0.27200267,0.27117756,0.26861483,0.26078156,0.24580845,0.22322904,0.19363964,0.15839177,0.11934827,0.07878016,0.04009953,0.020861035,0.04628089,0.076562285,0.103181005,0.12515873,0.14255366,0.15581977,0.16554494,0.17224476,0.17620647,0.17741525,0.17557864,0.17023373,0.16089657,0.14721087,0.12906486,0.106662795,0.08055145,0.05161655,0.02117823,0.011547294,0.040994946,0.06864815,0.092608295,0.11166266,0.12487904,0.1316323,0.13163283,0.12493703,0.111937225,0.093333125,0.070089124,0.043395653,0.014882412,0.016467027,0.04551321,0.07325879,0.098337516,0.11984693,0.13715506,0.14990729,0.15803523,0.16175506,0.16155414,0.15816492,0.15252268,0.14569964,0.13880186,0.13281825,0.1284354,0.12588057,0.12488299,0.1247922,0.12478982,0.12408925,0.12206204,0.11828946,0.11256481,0.10487074,0.09534677,0.08425515,0.07194951,0.058850765,0.045439895,0.032302402,0.02039934,0.012553793,0.0144690955,0.02216542,0.030236362,0.03730295,0.04299667,0.047229134,0.05004967
134,0.031486124,0.04826241,0.0631982,0.07562699,0.085193016,0.0917388,0.09529085,0.09605919,0.09443524,0.09098172,0.08640682,0.08150834,0.077067465,0.07368357,0.07159277,0.070577115,0.070046335,0.069244966,0.06745963,0.064152665,0.059028525,0.052077334,0.04366189,0.034792576,0.02790736,0.027388725,0.034992903,0.047398724,0.061636828,0.07619227,0.09022658,0.10320377,0.114760004,0.124653555,0.13273947,0.13895118,0.1432836,0.14577626,0.14649706,0.1455275,0.14295049,0.13884212,0.13326785,0.12628426,0.11794598,0.10831759,0.09748918,0.08559368,0.072823815,0.0594465,0.045814097,0.03237913,0.019760517,0.0093260165,0.0076550166,0.014190412,0.020317812,0.024958992,0.028671117,0.032799922,0.03899397,0.04830517,0.06068004,0.075249575,0.09078217,0.10593287,0.11936059,0.12981047,0.13619432,0.13767199,0.13372728,0.12423052,0.10948076,0.09022143,0.067625806,0.043251265,0.018974002,0.0036500818,0.02133479,0.03312186,0.03717429,0.0329624,0.0245251,0.03316158,0.0672106,0.1153651,0.17318988,0.23784041,0.30641785,0.37579283,0.44269723,0.5038894,0.55634373,0.59744084,0.6251432,0.6381451,0.6359871,0.6191315,0.58899754,0.5479608,0.4993213,0.44723293,0.39654365,0.35237855,0.3191647,0.29901016,0.29037836,0.28860086,0.2880264,0.28393576,0.2732967,0.2547294,0.22820331,0.1947123,0.15600403,0.11442666,0.07319268,0.039405458,0.03703091,0.06287743,0.09037985,0.11358577,0.13145821,0.14420234,0.15259372,0.15765746,0.1603838,0.16146913,0.16114472,0.15915449,0.15488495,0.14758483,0.13659081,0.121502094,0.10228683,0.07933653,0.053539615,0.026914038,0.01478215,0.037573736,0.0636284,0.087150946,0.106504865,0.12062608,0.12880531,0.13067295,0.12619802,0.11567553,0.09969817,0.079116724,0.055005357,0.02875109,0.0074243774,0.02919756,0.055713426,0.08049649,0.10251413,0.12112778,0.13596213,0.14688821,0.15400955,0.15763901,0.15826473,0.15650451,0.15304902,0.14859466,0.14376953,0.13906129,0.13476178,0.13094507,0.12748846,0.12413018,0.12054413,0.116409294,0.111459464,0.10550974,0.09846396,0.090309456,0.08110551,0.070969865,0.060066357,0.04859559,0.036791846,0.024938416,0.013496506,0.0051897103,0.011244505,0.020768486,0.029626774,0.037338976,0.043701753,0.048613776
135,0.039343454,0.056912296,0.07241039,0.08523944,0.09504616,0.101662755,0.105101235,0.1055548,0.10339627,0.09916973,0.093570314,0.087401815,0.0814938,0.076559745,0.07300938,0.070799306,0.06943848,0.06816672,0.06619117,0.06286346,0.057772137,0.050790668,0.042152368,0.032712184,0.024882358,0.023979262,0.032475233,0.04605905,0.06144025,0.0771394,0.09235101,0.106542505,0.11933588,0.13046756,0.13976961,0.14715552,0.15260522,0.15614825,0.15784551,0.1577709,0.1559951,0.15257354,0.14754067,0.14091222,0.13269581,0.12290901,0.111602955,0.09888869,0.08496402,0.070141114,0.054884143,0.039900392,0.02648158,0.017834403,0.018940462,0.026371332,0.034458917,0.041470036,0.04732813,0.052730918,0.05880922,0.06668133,0.07693028,0.08934189,0.103031516,0.11673848,0.12908044,0.13872711,0.1445237,0.14558886,0.14139621,0.13183856,0.11727223,0.09854151,0.07699518,0.054551724,0.03407956,0.021101408,0.021600766,0.026382692,0.02631603,0.02012317,0.020842303,0.04655063,0.08778215,0.13990548,0.20053653,0.26717559,0.3369596,0.40673536,0.47321647,0.5331731,0.58363175,0.62206966,0.6465904,0.6560709,0.6502703,0.629899,0.5966464,0.55317134,0.50305575,0.45070422,0.40110835,0.35927692,0.32906836,0.3115927,0.3043643,0.30234596,0.30009565,0.2933444,0.27951568,0.2576236,0.22797997,0.19190209,0.15150371,0.1097125,0.07117638,0.046952054,0.05354799,0.07721625,0.101043314,0.120218374,0.13371417,0.14184874,0.145644,0.14648041,0.1457583,0.1445371,0.14324546,0.14159624,0.138756,0.13366966,0.12538573,0.11328795,0.09722813,0.07761901,0.05566493,0.034650523,0.02649502,0.041493285,0.06393094,0.085796,0.104532294,0.11880663,0.1278044,0.13109261,0.12857959,0.12048691,0.10731597,0.08980975,0.068925396,0.045894884,0.02306581,0.015511319,0.035288937,0.058152616,0.079719335,0.099000484,0.11552321,0.12905759,0.1395489,0.14707918,0.15183385,0.1540702,0.15408942,0.15221399,0.14877161,0.1440857,0.1384706,0.13222864,0.12564516,0.11897842,0.11244224,0.10618318,0.10025756,0.094617106,0.08911167,0.083512396,0.077551275,0.07096755,0.063550584,0.055172496,0.04580901,0.035552546,0.02463609,0.013594014,0.0057827136,0.012560344,0.022972187,0.032877225,0.04161225,0.048833624
136,0.04631512,0.064386964,0.08016239,0.093142174,0.102995954,0.109555215,0.11281966,0.11296205,0.11032814,0.10543007,0.09893077,0.09161287,0.08431816,0.07783638,0.07273349,0.069165766,0.066798925,0.06492104,0.06268494,0.059331983,0.05432077,0.047382355,0.0385706,0.028462635,0.019210177,0.01786923,0.028063193,0.043017164,0.05934617,0.075829685,0.09178515,0.10672921,0.1203017,0.13224477,0.14239301,0.15066276,0.15703718,0.16154657,0.16424564,0.16519015,0.16441654,0.1619284,0.157693,0.15164953,0.14372896,0.13388291,0.12211822,0.1085332,0.09335429,0.0769776,0.06004014,0.04361827,0.029928057,0.023892786,0.02872151,0.03855405,0.04853607,0.057060536,0.0638826,0.06948719,0.0748546,0.08116494,0.08934507,0.09964691,0.11153239,0.123880886,0.13530497,0.14441293,0.14999023,0.15112543,0.14730307,0.13847318,0.12510096,0.10820038,0.08936032,0.070763685,0.055089146,0.04469189,0.03928566,0.03481843,0.02651125,0.013009966,0.021421764,0.05657794,0.10336101,0.15968367,0.22361486,0.29272553,0.3641407,0.434689,0.5010887,0.56015056,0.6089836,0.6451897,0.667037,0.67359936,0.66485786,0.6417579,0.6062247,0.5611364,0.51025295,0.458069,0.4094981,0.36919442,0.34035015,0.3233216,0.3152091,0.3110856,0.3059308,0.2959406,0.27893478,0.25425214,0.2224885,0.18525033,0.14503628,0.105495825,0.07290025,0.05894221,0.0692478,0.089712664,0.1092029,0.123857774,0.13277453,0.13638781,0.13591282,0.13300855,0.12940899,0.1264662,0.124722734,0.123760484,0.12245135,0.11943719,0.11356382,0.10414719,0.09111364,0.07514174,0.058070675,0.044230558,0.041708823,0.053279236,0.071492925,0.09045309,0.10732401,0.120587654,0.12936729,0.13321467,0.13202657,0.12599386,0.11555607,0.10135842,0.08422225,0.06516882,0.04566321,0.028970918,0.02470923,0.03713772,0.055032033,0.073305115,0.09049742,0.10599782,0.11945852,0.1306425,0.13937345,0.14552149,0.14900666,0.14981264,0.14800538,0.14375287,0.13734244,0.12919267,0.11985689,0.11001282,0.10042687,0.09187365,0.08499097,0.08008646,0.07699003,0.07507775,0.07347766,0.0713227,0.06792433,0.06284445,0.055904303,0.047172617,0.036971983,0.026000101,0.016106466,0.013511965,0.021335132,0.03206921,0.042472295,0.051503323
137,0.05276215,0.07080065,0.086446404,0.09926263,0.1089374,0.11530132,0.1183403,0.118202366,0.11519847,0.10979713,0.102611884,0.09437841,0.08591221,0.078029074,0.07140733,0.066399984,0.062882446,0.060266964,0.057707354,0.05435774,0.049549207,0.042861614,0.034140315,0.02354611,0.012140569,0.0096331015,0.022749856,0.038795307,0.05550443,0.072161086,0.08825984,0.10339295,0.11723965,0.12956746,0.14023024,0.14915885,0.1563439,0.16181172,0.16559629,0.1677118,0.16813111,0.16677521,0.16351697,0.15819988,0.15066965,0.14081414,0.12860653,0.11414787,0.097708955,0.0797816,0.061183672,0.043395884,0.029801104,0.027226014,0.036139846,0.048524033,0.06015784,0.069686234,0.07687126,0.08214745,0.086473815,0.091126084,0.09730059,0.10562365,0.115866706,0.12705058,0.13779083,0.1466425,0.15234408,0.15397379,0.15105261,0.14361387,0.1322447,0.11809335,0.10281212,0.08834431,0.07636623,0.06730419,0.059571005,0.050055742,0.035531458,0.014587752,0.02204938,0.06313347,0.114904255,0.17551157,0.2430011,0.3148828,0.38822958,0.45984548,0.52646196,0.584946,0.63250625,0.66688555,0.686527,0.69070476,0.67961264,0.6544071,0.6172041,0.5710294,0.5197139,0.46769795,0.41965315,0.37976718,0.3506344,0.3321679,0.32145515,0.313948,0.30513465,0.29166183,0.27170163,0.24487525,0.21203391,0.17507276,0.13692792,0.10205684,0.07771136,0.07233652,0.083767064,0.10061515,0.11542577,0.1252849,0.12954718,0.12880206,0.124434195,0.11832138,0.1124548,0.10838536,0.10664085,0.10653335,0.10657729,0.10517607,0.10113713,0.093923405,0.08377932,0.07191335,0.060906485,0.0550361,0.058198545,0.069541276,0.08489509,0.100738086,0.11488552,0.12603624,0.1334546,0.1368132,0.13610289,0.13156451,0.12362599,0.11284345,0.0998535,0.085352324,0.070136584,0.055293795,0.042755216,0.036205783,0.03929587,0.050253224,0.06485213,0.08050906,0.095852785,0.10999213,0.12223297,0.13199832,0.13882253,0.14237124,0.14246775,0.13911758,0.13252847,0.12312616,0.11157008,0.09877493,0.08594053,0.07456021,0.06626828,0.062262416,0.0624389,0.06528156,0.06880003,0.07136265,0.07191428,0.06990216,0.06517076,0.05789724,0.048587963,0.03820129,0.028637165,0.02379559,0.027338821,0.03648087,0.04700334,0.056779686
138,0.059055798,0.07632245,0.09131481,0.10358775,0.11282516,0.11884765,0.121621504,0.12126403,0.11804382,0.112375624,0.1048096,0.096013494,0.086743034,0.07778852,0.06987734,0.06351714,0.058815077,0.055391654,0.052494954,0.049255904,0.04491754,0.03894993,0.031072957,0.021243913,0.009735379,0.0051471,0.01906997,0.03448704,0.05037954,0.06625899,0.08170458,0.09635879,0.10993891,0.122243606,0.1331504,0.14260286,0.15058804,0.15710688,0.16214238,0.16563194,0.16745006,0.16740687,0.16526376,0.1607645,0.15367757,0.14384317,0.1312199,0.115927294,0.09828578,0.07886848,0.058628064,0.039392926,0.026081484,0.028081864,0.041193318,0.055824894,0.06865831,0.07867319,0.085721776,0.09026608,0.093307115,0.09624165,0.10050911,0.10705471,0.1159094,0.12620158,0.1365323,0.14540368,0.15152384,0.15398757,0.1523806,0.14683631,0.13804685,0.1272037,0.115808316,0.10526594,0.09625513,0.08815534,0.07903085,0.06627881,0.047535155,0.02252021,0.02400063,0.06829887,0.124409564,0.18908505,0.26008183,0.3347637,0.41011924,0.48291847,0.54990757,0.6080158,0.65455884,0.68742496,0.70523167,0.7074445,0.69445056,0.6675837,0.62909997,0.5821009,0.5303951,0.4782612,0.43003786,0.38943657,0.35859206,0.33723867,0.3227068,0.31096828,0.29805562,0.2810516,0.25845402,0.23014495,0.19722793,0.16191612,0.12764433,0.09955382,0.08437854,0.08540735,0.09673792,0.1099517,0.12009293,0.12516667,0.12489477,0.120078,0.11227552,0.10355047,0.096083865,0.09150404,0.09013226,0.09083685,0.09175806,0.091212355,0.08820417,0.082607664,0.07526636,0.06813068,0.06418163,0.06621219,0.07459228,0.08713645,0.10111861,0.11443244,0.12569281,0.13408822,0.13925295,0.14117117,0.14008987,0.13642782,0.13067892,0.12331764,0.114722356,0.105136976,0.094689324,0.083479844,0.071754456,0.06020353,0.050466597,0.045581847,0.04851057,0.0586666,0.0728465,0.08824709,0.1029907,0.11577506,0.12564994,0.13193566,0.13420367,0.1322777,0.12623824,0.11642607,0.103448756,0.088206924,0.07198335,0.056692164,0.045343656,0.04162439,0.046061415,0.0546648,0.06354037,0.07053509,0.07460424,0.07531996,0.0726672,0.06697616,0.05893634,0.049715865,0.041258812,0.0365401,0.038138546,0.045211945,0.054708835,0.06419441
139,0.065422356,0.08108906,0.094831295,0.10613651,0.11465782,0.12019209,0.12267709,0.12219175,0.11895428,0.113316596,0.10575453,0.09685317,0.08728518,0.077775605,0.069038674,0.061666615,0.05596867,0.051827,0.048697185,0.045799308,0.042377025,0.037884045,0.032086175,0.025195526,0.018399283,0.0155845145,0.021114068,0.031993415,0.04492378,0.058578696,0.072300225,0.08567081,0.09840529,0.11031536,0.12128665,0.13125286,0.14016414,0.14795287,0.15450278,0.15962823,0.1630692,0.16450426,0.16358002,0.15995272,0.15333623,0.14355,0.13056254,0.11452734,0.09581229,0.07503664,0.05318013,0.03216742,0.019030517,0.027334634,0.04429871,0.060527604,0.07393236,0.083857834,0.09028165,0.09373128,0.09528269,0.09647097,0.09896925,0.10400299,0.11180115,0.121534884,0.13174917,0.14088738,0.14764936,0.15118094,0.15116364,0.14784147,0.141979,0.134712,0.12723751,0.120339274,0.11390413,0.106734894,0.09683719,0.08203591,0.06080633,0.03499807,0.032774918,0.075766414,0.1346577,0.20259303,0.276587,0.3537237,0.43085796,0.5047066,0.57202405,0.62979984,0.6754542,0.70701456,0.7232606,0.7238288,0.7092692,0.6810515,0.64151746,0.59377897,0.5415487,0.48887748,0.43974176,0.3974264,0.36375192,0.33846453,0.31928658,0.3027807,0.28553805,0.26506692,0.24017493,0.21099903,0.1789137,0.14650516,0.11773267,0.09792897,0.091545925,0.09705802,0.107708976,0.11754055,0.12334969,0.1239682,0.11953935,0.111125186,0.10048342,0.089856714,0.081557624,0.077122346,0.07639201,0.07761982,0.07865134,0.07794767,0.07498033,0.07033823,0.065793335,0.06408592,0.06767098,0.07684457,0.08973617,0.103927,0.11744046,0.12891786,0.13755812,0.14304365,0.14547312,0.14528264,0.14313802,0.13978958,0.13589807,0.13186629,0.12773436,0.12318868,0.117687486,0.11065471,0.101682715,0.09071924,0.07827195,0.065731645,0.055889525,0.05283093,0.058769956,0.071221136,0.08617904,0.100729875,0.113022655,0.12186049,0.12648858,0.1265069,0.12183114,0.11266782,0.099490896,0.08302165,0.064232774,0.04447774,0.026373934,0.018790754,0.02922488,0.044286247,0.057904955,0.0684979,0.07544679,0.07855667,0.07795868,0.07410512,0.06781041,0.060346376,0.053570088,0.04981079,0.05084051,0.056388218,0.06447925,0.072994515
140,0.07183198,0.08512908,0.09702533,0.106933326,0.1144622,0.11937397,0.12156852,0.12107752,0.11805972,0.11279472,0.1056741,0.09718946,0.08791645,0.078491665,0.069574006,0.06177425,0.055537287,0.05099538,0.04788363,0.045622185,0.043540075,0.041100364,0.038043097,0.034476843,0.03099008,0.028767768,0.029341241,0.033531893,0.040817764,0.050131757,0.060595453,0.07162807,0.08286148,0.09405898,0.10505535,0.11570816,0.12585625,0.13528685,0.14371555,0.1507825,0.1560655,0.15910822,0.15945938,0.156718,0.15057953,0.14087832,0.12762246,0.111018315,0.0914837,0.06965362,0.046406657,0.023168903,0.009573179,0.026783574,0.046278365,0.063077345,0.07625181,0.0854391,0.09073133,0.09272988,0.0925994,0.09202686,0.09292446,0.09677219,0.1039187,0.1134755,0.12386572,0.13346702,0.14100306,0.14571458,0.14741386,0.14646393,0.14366725,0.140025,0.13635403,0.13285339,0.12883374,0.1227959,0.11284046,0.09727823,0.07563196,0.052227657,0.050523274,0.08921391,0.14841282,0.21810612,0.29405805,0.3728815,0.45122266,0.525714,0.5931034,0.65043104,0.6952103,0.7255911,0.74049187,0.7396876,0.7238503,0.69453573,0.65411526,0.60565126,0.5527071,0.49907282,0.44837505,0.40354744,0.3662237,0.33628997,0.31194174,0.29036418,0.26871103,0.24490654,0.21805649,0.18855536,0.15808703,0.12968406,0.107747465,0.0968775,0.09801361,0.10647695,0.11618508,0.123053975,0.12512477,0.121919945,0.11399774,0.10270527,0.090025924,0.0783912,0.070169814,0.066544056,0.06654691,0.06775858,0.06792924,0.065893576,0.061821263,0.057379987,0.05572373,0.06007495,0.07095122,0.08607088,0.10262466,0.118394665,0.13183527,0.14198105,0.14839277,0.1511301,0.15071899,0.14808384,0.14441247,0.14092532,0.13855824,0.13765815,0.13785872,0.13822547,0.13757913,0.13482322,0.12917586,0.12030566,0.10842298,0.094396316,0.07998561,0.06821819,0.063190855,0.06731942,0.07845604,0.09238471,0.10579055,0.1165787,0.123476736,0.12576728,0.123156406,0.11570305,0.10376842,0.08796872,0.069125675,0.04821849,0.02637428,0.006036785,0.01758541,0.036249306,0.052361414,0.06514786,0.07420537,0.07940918,0.0809254,0.079237625,0.07518566,0.07001013,0.06534392,0.0629591,0.06406781,0.068586156,0.075254686,0.0824356
141,0.07796755,0.08831451,0.09785641,0.105985396,0.1122799,0.11646609,0.118399285,0.11805443,0.11551961,0.110989965,0.10476037,0.09721691,0.08882651,0.08012352,0.07168849,0.064107955,0.057897195,0.05337784,0.050552502,0.04907779,0.04839262,0.04792049,0.047222905,0.0460665,0.044436973,0.04253865,0.040794548,0.03982591,0.040348828,0.04294719,0.04784606,0.054896306,0.06374391,0.07398308,0.085210405,0.09701709,0.10896557,0.12057303,0.13130867,0.14060499,0.14788094,0.15257409,0.15417828,0.15228322,0.14661273,0.13705787,0.12370226,0.10683652,0.08696028,0.064771354,0.041148443,0.017208803,0.007692662,0.028997466,0.048302818,0.06425288,0.07622345,0.08394344,0.08756028,0.087730065,0.085704334,0.08333873,0.08281679,0.08586809,0.092850275,0.10265412,0.11349061,0.12367498,0.13200505,0.13787289,0.14126162,0.14266331,0.14289159,0.14276472,0.14270665,0.14242268,0.14083412,0.13632579,0.12721466,0.112403154,0.09261082,0.07402398,0.07526813,0.11003294,0.16731597,0.23689541,0.3133595,0.39274108,0.47141618,0.5459033,0.6129279,0.6695666,0.71340805,0.7427001,0.75646514,0.75457394,0.7377688,0.7076343,0.6665125,0.6173619,0.56355715,0.5086185,0.45585755,0.40793929,0.36641577,0.33139762,0.30159461,0.27482498,0.24880207,0.22185397,0.19337052,0.16400908,0.1358192,0.11235619,0.09816557,0.09589726,0.10282299,0.11303206,0.121695295,0.12611207,0.12520984,0.11905515,0.10857174,0.09538474,0.08171517,0.07016878,0.06300463,0.060683403,0.061234996,0.061765403,0.06015762,0.055680223,0.049254734,0.044092726,0.04554726,0.056321718,0.073512845,0.093154706,0.11242885,0.1294266,0.14286053,0.1519731,0.15653096,0.15684094,0.153755,0.14863257,0.14320305,0.13924673,0.13807167,0.13999155,0.14418992,0.14909649,0.15296073,0.15428503,0.1520425,0.14575833,0.13554107,0.122123316,0.10696313,0.09243635,0.08193083,0.07890466,0.08424995,0.09526412,0.10812651,0.11985395,0.12851946,0.13298315,0.1326772,0.127481,0.11764473,0.103736565,0.08660972,0.06741849,0.047821313,0.031036202,0.025014287,0.03389889,0.047693517,0.06062048,0.07089345,0.07792467,0.08167587,0.082511745,0.0811626,0.07869489,0.0764142,0.07560574,0.07709835,0.080897346,0.08622268,0.09189792
142,0.083271615,0.09035181,0.097196,0.10326838,0.10815848,0.111570194,0.11331275,0.113294415,0.1115179,0.10807642,0.10315004,0.097001985,0.089975245,0.08248884,0.075031064,0.06814138,0.062363643,0.05814944,0.0557178,0.054945562,0.05538919,0.056436688,0.057477206,0.058002755,0.057642043,0.056163296,0.053477705,0.049666516,0.04505798,0.040390994,0.037053175,0.03701998,0.041724652,0.050858792,0.063061245,0.076996535,0.09160048,0.10598876,0.11937094,0.13101508,0.1402467,0.14646663,0.14917831,0.14801888,0.14278927,0.13348036,0.12029319,0.103653565,0.08422766,0.062971205,0.04137956,0.023159178,0.021173112,0.03561642,0.05164691,0.06510506,0.07477196,0.08022449,0.081573464,0.079485066,0.07528018,0.07101361,0.06923653,0.071971744,0.079397,0.08991233,0.101410985,0.11218575,0.1211901,0.12803875,0.13293153,0.13650429,0.13956742,0.14273816,0.14607623,0.14890133,0.14990036,0.14747949,0.14026767,0.12782088,0.111941755,0.099528775,0.10468347,0.1370413,0.19128108,0.2590299,0.33442286,0.41302973,0.49096814,0.56464034,0.6307432,0.68637836,0.72918963,0.75749135,0.7703683,0.76773417,0.750342,0.7197416,0.6781841,0.62847424,0.57376903,0.5173233,0.4621796,0.4108137,0.3647813,0.32447433,0.28913516,0.25721362,0.22697541,0.1971369,0.16735029,0.13853793,0.113188125,0.09542583,0.08930204,0.094392896,0.10526004,0.11625714,0.12386389,0.12638457,0.12337547,0.11531045,0.1034065,0.08952882,0.07610095,0.06578251,0.06039929,0.059406854,0.060059015,0.059392136,0.055529013,0.04797486,0.03805104,0.03089681,0.03589981,0.052935656,0.07487937,0.097537965,0.11853774,0.1362502,0.14954403,0.15776895,0.16079631,0.15906978,0.1536491,0.14622098,0.13899867,0.13434832,0.13402374,0.1383359,0.1460053,0.1548555,0.16265821,0.16762398,0.16856983,0.16494395,0.15681802,0.14489608,0.1305658,0.115995444,0.10415226,0.09824355,0.10003121,0.10835885,0.12009316,0.13206261,0.14191552,0.14813466,0.14986524,0.14677341,0.13895138,0.12685199,0.11124483,0.093204275,0.07417699,0.056266807,0.04295908,0.03901357,0.044931952,0.05528239,0.06572251,0.07434044,0.080490775,0.08419667,0.08591807,0.08642265,0.086642444,0.087462805,0.08946248,0.09271707,0.09678889,0.10089853
143,0.08703783,0.09081309,0.094832174,0.09872431,0.102150016,0.1048181,0.106495254,0.1070115,0.10626393,0.10421999,0.100920945,0.09648631,0.09111949,0.08511475,0.07886355,0.07285368,0.067644246,0.06378899,0.0616903,0.061430164,0.06269763,0.06488264,0.067257605,0.069125004,0.069889925,0.06908142,0.066354476,0.061491672,0.054416303,0.04523791,0.034412358,0.02345486,0.018094156,0.026077043,0.041522957,0.059174597,0.07720157,0.094575524,0.11047087,0.12415084,0.13495837,0.14233577,0.1458534,0.14523962,0.14040902,0.13148694,0.11883173,0.103061296,0.085106276,0.066360176,0.049141336,0.037765816,0.03743099,0.046143454,0.057241853,0.06679713,0.0730976,0.07547852,0.07393897,0.06909164,0.062281396,0.05581317,0.052872796,0.05596368,0.06465533,0.07636821,0.08862163,0.099819325,0.10919623,0.116673924,0.12271886,0.12813142,0.1337178,0.1398985,0.14641775,0.1523136,0.15616085,0.15648331,0.15226933,0.14367811,0.13321401,0.12744278,0.13670896,0.16788505,0.2188163,0.28347006,0.35632533,0.43279848,0.508858,0.5808323,0.645404,0.69969654,0.74139005,0.76883173,0.7811216,0.77815855,0.7606408,0.73001695,0.6883869,0.6383555,0.5828417,0.52484775,0.46719566,0.41224393,0.36162007,0.31603435,0.27526534,0.23838584,0.2042057,0.17181234,0.14109074,0.11322375,0.09122872,0.07974247,0.08125048,0.0917881,0.1048438,0.115869045,0.12247618,0.12368849,0.11949907,0.11066518,0.09860735,0.08534589,0.07336746,0.06509246,0.0615712,0.06139531,0.061622836,0.0595693,0.053599805,0.043206822,0.029346336,0.01825401,0.027659653,0.0499144,0.07469596,0.09887597,0.12059129,0.1384211,0.15132871,0.15871508,0.16049016,0.15714687,0.14983769,0.14044169,0.13153885,0.1260434,0.12620263,0.13236801,0.14281482,0.15482485,0.16580208,0.1737698,0.17746371,0.176303,0.17035793,0.16034584,0.14766307,0.13443299,0.12344516,0.1176288,0.11875911,0.12626657,0.1376611,0.1500014,0.16084844,0.16848645,0.1718514,0.17041872,0.16411167,0.15323111,0.13840023,0.12052584,0.100791804,0.08073121,0.062483687,0.04929195,0.044977106,0.049724497,0.059057664,0.0690328,0.07776944,0.08463388,0.08965059,0.09321288,0.0958958,0.09828472,0.10080836,0.103611924,0.10651579,0.10907108
144,0.08851222,0.089196436,0.0904977,0.09227494,0.09432045,0.096381664,0.09818706,0.09947174,0.10000002,0.09958491,0.09810531,0.095522,0.09189376,0.08739417,0.08232833,0.07714443,0.07242443,0.06882253,0.06691635,0.066990525,0.068879366,0.07200131,0.07554946,0.07868736,0.080664806,0.08086362,0.07880952,0.07417363,0.066772915,0.056572862,0.043696877,0.028473886,0.0119638145,0.0110394955,0.030019693,0.050408967,0.07060594,0.08974947,0.10706347,0.12183373,0.13343292,0.14135362,0.14524129,0.14492491,0.14044388,0.13207208,0.12034259,0.10608271,0.09047907,0.075203024,0.06256712,0.055273812,0.054731753,0.059216544,0.06532919,0.07031095,0.072532915,0.07122889,0.066282235,0.058175206,0.048141513,0.038716957,0.034478158,0.039164532,0.05033026,0.063601986,0.0764113,0.087579064,0.096778005,0.10431604,0.11097444,0.11774587,0.12544295,0.13430353,0.14380477,0.15278679,0.1597977,0.1635289,0.16330706,0.15972349,0.15549666,0.15623888,0.16942182,0.20009334,0.24778815,0.30852658,0.37763268,0.45072594,0.5238045,0.593208,0.6556427,0.7082615,0.748766,0.7755036,0.7875409,0.7847026,0.7675673,0.7374179,0.6961476,0.6461237,0.59001464,0.5305891,0.47049525,0.4120355,0.35696012,0.30631742,0.2604128,0.21892624,0.18120411,0.1466931,0.11548045,0.08900402,0.07092054,0.06604268,0.07387519,0.08761278,0.10131909,0.11179471,0.11754081,0.11808149,0.11369263,0.10529192,0.09438025,0.082965545,0.07331916,0.06726526,0.06504084,0.06491002,0.064262725,0.060870655,0.05335215,0.04116089,0.024546023,0.0068465355,0.022084659,0.047187895,0.07278009,0.09705527,0.11849848,0.13582206,0.1480478,0.15459643,0.15537187,0.15084636,0.14215907,0.13123523,0.1208604,0.11440141,0.114629164,0.1220041,0.13440251,0.14864822,0.16189155,0.17206599,0.17789148,0.17879893,0.17488414,0.1669031,0.15629894,0.1452199,0.13638446,0.13249464,0.13508672,0.14363329,0.15593454,0.1692954,0.18135628,0.19035755,0.19513066,0.19502278,0.18982247,0.179696,0.16513175,0.14689219,0.12598008,0.10364068,0.0814594,0.06170208,0.04801562,0.04474082,0.051380556,0.06246592,0.07396833,0.08416803,0.09252344,0.099049345,0.10403009,0.10784784,0.110851176,0.11325393,0.115076646,0.11614176
145,0.08698626,0.08500123,0.083918296,0.08385295,0.084775016,0.0864976,0.088706054,0.09101265,0.09301543,0.09434793,0.09471622,0.0939267,0.09190894,0.08873741,0.08465368,0.08008629,0.07565461,0.07212255,0.07025016,0.070533305,0.07296007,0.07698379,0.081728086,0.08623859,0.08964479,0.09123006,0.090455905,0.086973995,0.08064383,0.07157233,0.060215823,0.04768162,0.036666173,0.03304133,0.041198853,0.05686495,0.075100206,0.09338121,0.11027495,0.12479002,0.13618809,0.1439404,0.14772913,0.14746179,0.14328824,0.13561699,0.12513156,0.11280852,0.099932894,0.088074744,0.07890575,0.07366205,0.07237513,0.073673695,0.07553289,0.07613431,0.074226685,0.06914176,0.060720004,0.04925761,0.035560533,0.021583308,0.014955674,0.024721663,0.039564073,0.05395464,0.06648236,0.07672268,0.08485648,0.09160695,0.09810977,0.10559182,0.11489338,0.12607713,0.13837846,0.15048818,0.16097046,0.1686834,0.1732048,0.17531991,0.17754644,0.18433143,0.20103899,0.2314777,0.2760634,0.33239716,0.39684203,0.465511,0.53462976,0.6006619,0.660393,0.711024,0.7502692,0.77644616,0.78854346,0.7862565,0.76998544,0.74079293,0.70032144,0.6506747,0.59426916,0.53366303,0.47137362,0.40969533,0.35053343,0.29527563,0.24472834,0.19915096,0.15841809,0.12233741,0.0911868,0.06668278,0.053248588,0.054874048,0.06686746,0.08155551,0.09465567,0.10420545,0.10935863,0.109963335,0.106432796,0.09969561,0.09114381,0.08250463,0.07550409,0.071215995,0.06939886,0.06853934,0.066648915,0.06202723,0.053586088,0.040887043,0.024118647,0.00538246,0.020397337,0.044680662,0.06914031,0.09219414,0.11243799,0.12865639,0.1399093,0.14561881,0.1456505,0.14039813,0.13089082,0.1189492,0.10736691,0.09981043,0.09960145,0.107435025,0.12086399,0.13633628,0.1508509,0.16233471,0.16954587,0.1719598,0.1697199,0.16364211,0.15524766,0.14675881,0.14088182,0.14010729,0.14560619,0.1566101,0.17095006,0.18608865,0.19978875,0.21033221,0.21652618,0.21765229,0.21341108,0.20387033,0.18941617,0.17070587,0.14862561,0.12426536,0.09894395,0.07438769,0.053380735,0.041227844,0.04326413,0.055136967,0.069528654,0.08307415,0.09461607,0.103857145,0.11087928,0.1159398,0.119350135,0.12138644,0.122225106,0.12190838
146,0.08187939,0.07780904,0.07487917,0.0734577,0.073711455,0.075520314,0.07849379,0.08207543,0.08566632,0.08871698,0.09078059,0.091542065,0.09083782,0.08867563,0.08525869,0.08101314,0.076607816,0.07292923,0.0709398,0.07136905,0.074365065,0.07939898,0.085504055,0.09160347,0.09672086,0.100067414,0.10107144,0.099396154,0.09496807,0.088032454,0.0792627,0.06996683,0.06237617,0.059544027,0.06370977,0.07424098,0.08855331,0.10413202,0.11913551,0.13227098,0.14263561,0.14963618,0.15295933,0.15256472,0.14868528,0.14182664,0.13275975,0.12249659,0.11222648,0.103169456,0.09630234,0.092002474,0.08983043,0.088677675,0.087189876,0.08416248,0.078748755,0.070514195,0.05941666,0.045762617,0.030175157,0.013780122,0.007172141,0.022174831,0.037246775,0.050324127,0.060855195,0.06878396,0.0745973,0.079370596,0.084640615,0.09196244,0.1022524,0.11537823,0.13030557,0.14557326,0.1597584,0.17184094,0.18152526,0.18956406,0.19802214,0.21022482,0.23000488,0.26028025,0.30189738,0.35360232,0.4127915,0.47625417,0.54061943,0.6025937,0.65910894,0.70744103,0.74531555,0.7709979,0.78336203,0.7819307,0.7668817,0.739019,0.69970834,0.6507812,0.59441197,0.53297573,0.4688962,0.40449294,0.3418391,0.28264245,0.22816429,0.1791959,0.13612251,0.099133104,0.06874077,0.04708834,0.039392408,0.046485532,0.059847824,0.07348653,0.085056566,0.09357065,0.0986228,0.10020953,0.09869791,0.09480702,0.08954768,0.084072575,0.079395205,0.07601642,0.07366404,0.07138033,0.06791258,0.062127657,0.053277165,0.041154195,0.026440438,0.013947652,0.02224871,0.042363033,0.063971095,0.08462616,0.10284198,0.117432766,0.12748447,0.13240711,0.13200082,0.12653048,0.116826825,0.10445394,0.091977336,0.08312671,0.08180169,0.08919273,0.102659,0.11832219,0.13309565,0.1449553,0.1527314,0.1559622,0.15485184,0.15029645,0.14393626,0.13813508,0.13565287,0.13876206,0.14814462,0.1626031,0.17984411,0.19741954,0.21322036,0.22561115,0.23342377,0.23591913,0.23274748,0.22391003,0.2097196,0.19075872,0.16783726,0.14195614,0.114296265,0.08629318,0.060030602,0.03990232,0.03537165,0.047516916,0.06479831,0.08149646,0.09589588,0.10749459,0.11625269,0.12235495,0.12609668,0.12780474,0.12777458,0.12622333
147,0.072820716,0.06737469,0.063320875,0.061259575,0.06153532,0.06403399,0.06820072,0.07325314,0.07839824,0.08295026,0.08637148,0.08828322,0.08847402,0.08691568,0.08379048,0.07953032,0.074859574,0.070804164,0.06856741,0.06915676,0.07288172,0.07917602,0.08692144,0.09489195,0.102009706,0.10743088,0.110565834,0.11109185,0.108978726,0.10453451,0.0984753,0.092007674,0.08684559,0.08493935,0.08770379,0.09518883,0.10612585,0.11871953,0.13128996,0.14250249,0.15138985,0.15732679,0.16000736,0.15942962,0.15588085,0.14991528,0.14231433,0.13401465,0.12598552,0.11904525,0.113645494,0.10971555,0.10667426,0.1036232,0.09961457,0.09387302,0.08592601,0.07566328,0.06337209,0.049822487,0.036596134,0.027137263,0.026770277,0.034684423,0.044918124,0.054127984,0.061014015,0.06528073,0.06742057,0.068746746,0.0713033,0.07724457,0.0877338,0.10238078,0.119750224,0.13815303,0.15613452,0.17272869,0.18764718,0.20145385,0.21566819,0.23265007,0.25510678,0.28527158,0.32415298,0.3712835,0.42497566,0.48276934,0.5418242,0.5991972,0.6520362,0.6977274,0.73401594,0.75910544,0.7717353,0.77123153,0.75752807,0.73115635,0.693203,0.6452375,0.58921504,0.5273582,0.46202716,0.39558488,0.33026603,0.2680596,0.21061449,0.15918139,0.114618465,0.077535845,0.048861086,0.031681444,0.030923598,0.040715333,0.05247307,0.06346193,0.07299011,0.08076912,0.08659697,0.09035673,0.092072,0.09194264,0.09033358,0.087708056,0.08450991,0.081022196,0.077255726,0.072927035,0.06754813,0.060595907,0.05171351,0.04096198,0.029408405,0.021409856,0.025829807,0.04027258,0.05763039,0.07486835,0.09036561,0.1029457,0.111708894,0.11603583,0.115631744,0.110585466,0.10145133,0.089394115,0.07647695,0.066092424,0.062636435,0.068356514,0.08075255,0.09559109,0.109674506,0.12102695,0.12854512,0.13181771,0.13110027,0.12738281,0.122491725,0.11906902,0.12006484,0.12751141,0.14141108,0.1599624,0.18066964,0.20115682,0.21945381,0.23403054,0.24376945,0.24793532,0.24614973,0.23836605,0.22484061,0.2060983,0.18289346,0.1561703,0.12703392,0.09676532,0.06701522,0.040916547,0.02849912,0.03999078,0.05996404,0.0794174,0.096217565,0.109761104,0.119940445,0.12689483,0.13090868,0.13234419,0.13158378,0.12897974
148,0.05976714,0.053772252,0.04953212,0.04785213,0.049143262,0.053091954,0.05882798,0.06534606,0.071761385,0.07736916,0.08163329,0.08417304,0.0847651,0.083362356,0.08012986,0.07550136,0.070256315,0.06558495,0.06300407,0.06388184,0.068668954,0.07662916,0.08637814,0.09650583,0.10584635,0.11352459,0.11894797,0.121805325,0.12208279,0.12009282,0.11650687,0.112367816,0.10902397,0.107891396,0.110011354,0.11561029,0.124020174,0.13401183,0.14422679,0.15346278,0.1607994,0.16563626,0.16769539,0.16700827,0.16389002,0.15889557,0.15274912,0.14623763,0.14006712,0.13470285,0.13024457,0.12639934,0.12257608,0.118062116,0.11221009,0.10458407,0.0950554,0.083868474,0.07171363,0.05985306,0.050280806,0.045446187,0.046514798,0.051769808,0.058237426,0.06363695,0.06668468,0.06692043,0.06468127,0.061289277,0.059301764,0.062052805,0.07160506,0.0872669,0.1068622,0.1282856,0.1499767,0.17096359,0.19088781,0.21005718,0.22946537,0.25068894,0.27558884,0.30583647,0.34242558,0.38538012,0.4337467,0.48579147,0.53926665,0.59166014,0.6404018,0.68303156,0.7173383,0.74147516,0.7540518,0.75420237,0.741626,0.71659774,0.6799489,0.6330184,0.57757604,0.5157246,0.44978338,0.3821631,0.31523845,0.25122705,0.1920859,0.13943915,0.09457371,0.058628645,0.03352612,0.024059543,0.028927416,0.037001673,0.044512823,0.051723517,0.059297316,0.06735041,0.07541903,0.08275615,0.08862623,0.09248365,0.09404561,0.093294784,0.090436116,0.08582275,0.07986408,0.072933145,0.065298826,0.057114433,0.048498426,0.039758947,0.031891346,0.027429042,0.029725336,0.038504735,0.05060515,0.063576125,0.07584771,0.08626721,0.093925945,0.09813673,0.0984634,0.09476766,0.08726891,0.0766398,0.064209945,0.05243221,0.04547081,0.047412742,0.057182953,0.07015789,0.08275351,0.092896305,0.09945353,0.10197765,0.100697674,0.096664734,0.09199689,0.0899586,0.0940877,0.106110156,0.12491468,0.14786993,0.17228927,0.19592318,0.21697399,0.23403405,0.24604581,0.25228393,0.25234562,0.24613957,0.23386832,0.21600206,0.19324476,0.16649519,0.13680993,0.10538663,0.07363905,0.043783963,0.023638558,0.03281079,0.055018365,0.076668575,0.095348835,0.11041827,0.12172589,0.12937321,0.13362895,0.13487312,0.13354641,0.1301009
149,0.04333835,0.03784808,0.034802634,0.03507116,0.038659167,0.04464577,0.051872436,0.059369747,0.06639201,0.072354816,0.07679469,0.07936049,0.07982676,0.07812387,0.07438681,0.06903335,0.06288877,0.057347443,0.054383095,0.05588124,0.062326945,0.07251692,0.084643565,0.09711912,0.10874388,0.1186564,0.12628525,0.13133492,0.13379414,0.133953,0.13241357,0.13007185,0.12803435,0.12742794,0.12910639,0.13336691,0.1398547,0.1477191,0.15589862,0.16337562,0.16933507,0.17324059,0.17485808,0.17424683,0.17172465,0.16780561,0.16310748,0.15823044,0.15362325,0.14947145,0.1456503,0.14176758,0.13728198,0.13165401,0.12448551,0.11562677,0.10525204,0.09391772,0.0826128,0.07276654,0.066039056,0.06360391,0.065200575,0.06913638,0.07330759,0.075996,0.07608003,0.07302416,0.06690992,0.058661222,0.050673153,0.047614202,0.054272924,0.07023298,0.09178173,0.115991406,0.14111172,0.16614294,0.19063908,0.21466061,0.23875414,0.2638808,0.2912467,0.3220347,0.35709435,0.3966894,0.44037777,0.4870387,0.5350021,0.58222497,0.6264739,0.66549575,0.6971697,0.71964,0.73142695,0.7315149,0.7194138,0.69519174,0.65947634,0.6134256,0.55866903,0.49722198,0.43137935,0.36359465,0.2963529,0.23204798,0.17287923,0.120796435,0.077576935,0.0453498,0.028138533,0.027429488,0.031926114,0.03461051,0.035885874,0.03872847,0.045546822,0.056076054,0.06832822,0.08024285,0.090243414,0.09727339,0.100750595,0.100520946,0.09680859,0.09015529,0.08134611,0.071322,0.061080158,0.051562246,0.04353527,0.037495874,0.03367886,0.032226704,0.0333511,0.037186343,0.0434697,0.051488236,0.060273822,0.06878942,0.07604183,0.08115792,0.08344871,0.08246742,0.07806329,0.07043963,0.06024637,0.048797075,0.03861381,0.033980984,0.0378698,0.047277883,0.057669267,0.066273175,0.07157661,0.07281613,0.069886364,0.063549556,0.056075137,0.0522874,0.058263976,0.07515053,0.09912799,0.12642165,0.15439256,0.18108495,0.20493348,0.22466232,0.23926565,0.24801482,0.250469,0.24647926,0.2361826,0.21998432,0.19852997,0.17266913,0.14341569,0.11191577,0.07946029,0.047754623,0.021795021,0.026096027,0.04978206,0.07298005,0.093013875,0.109219275,0.12140301,0.12962474,0.13412704,0.13528945,0.13358462,0.12953249
150,0.026679741,0.023774393,0.024463885,0.0284277,0.034504976,0.0416472,0.04912105,0.05637072,0.06291547,0.068313435,0.07216308,0.07412338,0.073945,0.07151168,0.066899136,0.06047325,0.053077202,0.046371263,0.043100826,0.04597516,0.055064358,0.068111695,0.082830206,0.09760179,0.11130944,0.12316824,0.13265668,0.13950403,0.1437,0.14550774,0.14546509,0.14435667,0.14313297,0.14275652,0.1439851,0.14716238,0.1521247,0.15827964,0.16480441,0.1708602,0.17575286,0.17902462,0.18048884,0.18022192,0.17851958,0.17582114,0.1726059,0.16927542,0.1660476,0.16289581,0.15955733,0.15561026,0.15059261,0.14412855,0.13603671,0.12641118,0.115677,0.10462157,0.094380654,0.0862999,0.081540465,0.080464445,0.08228703,0.085424446,0.08816395,0.08909513,0.08723735,0.082037054,0.073364675,0.061609343,0.04811355,0.036804788,0.036620837,0.051510543,0.074657395,0.10128689,0.12938009,0.15794812,0.18649592,0.2148924,0.2433343,0.27230445,0.30248412,0.33460826,0.36927944,0.40678132,0.44693887,0.4890583,0.53195095,0.5740246,0.61341476,0.6481349,0.6762275,0.69590735,0.7056886,0.7044915,0.69172275,0.66732705,0.631806,0.5862046,0.53206444,0.4713484,0.4063408,0.33953074,0.27348948,0.21075788,0.15377264,0.10490117,0.06677082,0.043022815,0.03584362,0.0371553,0.03712414,0.03294825,0.026677549,0.025368718,0.035070356,0.051229447,0.068699665,0.08470292,0.09754656,0.10615982,0.10997833,0.10890582,0.10328213,0.0938418,0.08166602,0.068141095,0.054938495,0.04397879,0.037071396,0.034706548,0.03521265,0.036279775,0.036658477,0.036453787,0.03684031,0.03936509,0.04477021,0.052414645,0.060877576,0.068688124,0.07463048,0.07782261,0.077744044,0.07426336,0.06768102,0.058814824,0.0491897,0.04134775,0.0385338,0.0419671,0.04903792,0.056245204,0.061133057,0.062183015,0.05850182,0.0496856,0.035840467,0.018280823,0.0137044005,0.03753263,0.06654755,0.097146414,0.12771732,0.15683623,0.18317987,0.2055608,0.22297601,0.2346502,0.24006785,0.23899174,0.23146708,0.2178118,0.19859394,0.17459884,0.14678952,0.116267666,0.08425635,0.052211788,0.023222718,0.019956322,0.043984126,0.06805185,0.088943474,0.105941035,0.11879615,0.12751609,0.13230392,0.13352026,0.13164544,0.1272382
151,0.024929063,0.02679358,0.030493312,0.03519674,0.040448036,0.045984767,0.051575948,0.056944065,0.06174771,0.065598294,0.06809296,0.068853855,0.06757005,0.064043544,0.058249056,0.050438944,0.041393504,0.03310642,0.029927071,0.03591897,0.048961647,0.0651618,0.08223528,0.09885622,0.11411636,0.12735182,0.13810661,0.14614019,0.15144597,0.15426591,0.15508956,0.15462478,0.15372455,0.15325832,0.15393804,0.15614821,0.15985659,0.16465443,0.16990381,0.1749196,0.17912118,0.18212683,0.18379058,0.18419029,0.18357556,0.18228349,0.18063538,0.17883606,0.1769037,0.17465357,0.1717427,0.16776034,0.16233814,0.15525457,0.14651921,0.13643192,0.12561505,0.11500687,0.10577637,0.09908505,0.09566495,0.0954049,0.09731339,0.09992031,0.101755455,0.10162215,0.098673195,0.09239455,0.08256957,0.06926649,0.05292511,0.034947395,0.021926437,0.0314279,0.055671778,0.084226616,0.114708446,0.14624725,0.17837042,0.21082403,0.24354039,0.27662212,0.3103065,0.34489712,0.38066328,0.41772157,0.45592353,0.49477467,0.5334036,0.57058686,0.6048236,0.6344458,0.65775037,0.6731365,0.679238,0.6750397,0.6599709,0.6339695,0.5975144,0.55162203,0.49781016,0.43803048,0.3745768,0.30997878,0.24689691,0.18804646,0.13620332,0.09437503,0.06597277,0.05291561,0.050170623,0.048571367,0.042827968,0.031751234,0.017233677,0.014569339,0.033597622,0.055966605,0.077303775,0.095630325,0.10954911,0.118125126,0.12089405,0.11786828,0.10952186,0.096757084,0.08086895,0.06354904,0.047035415,0.034554478,0.029916527,0.03265524,0.0373824,0.040260278,0.039914645,0.0364528,0.03132513,0.027925294,0.03071937,0.040009234,0.05230578,0.06468587,0.07530715,0.08298784,0.08703352,0.08721028,0.08377625,0.07755108,0.070022345,0.063409604,0.060281128,0.062150292,0.06813222,0.07570683,0.08231661,0.08603046,0.08557041,0.08023529,0.06989034,0.055135556,0.03824887,0.028130248,0.04011265,0.06569544,0.09499897,0.12453797,0.15236779,0.17700969,0.19726314,0.21218623,0.22110972,0.22365162,0.21972267,0.20951922,0.19350377,0.17237431,0.1470255,0.118507005,0.087992616,0.056820534,0.027157076,0.014950632,0.037386484,0.061629925,0.0829228,0.10041485,0.113779746,0.122958034,0.1280984,0.1295241,0.12770045,0.12319832
152,0.046052042,0.047645655,0.049632095,0.051741384,0.05390647,0.05615086,0.05847953,0.060799606,0.06288709,0.064399704,0.06492136,0.06401887,0.061297867,0.0564534,0.04932076,0.039952487,0.028846333,0.018155562,0.01690804,0.02952622,0.046878573,0.06545967,0.08397787,0.10157509,0.117557935,0.13136935,0.14260903,0.15106328,0.15673198,0.15984504,0.16086161,0.16044219,0.15938285,0.15850359,0.15849979,0.15979433,0.16245122,0.16619521,0.17052886,0.17489114,0.17879821,0.18193299,0.18417722,0.18559207,0.18635786,0.1866873,0.18673225,0.18650891,0.1858647,0.18449791,0.1820235,0.17806587,0.172356,0.16481632,0.1556247,0.14525321,0.1344751,0.12431865,0.11592388,0.11025619,0.10772717,0.10795141,0.1098635,0.11210623,0.113397166,0.11271863,0.10935956,0.102885075,0.09308306,0.079911835,0.06346369,0.043980617,0.022245381,0.011029417,0.03507149,0.064944126,0.09718229,0.13119677,0.16659844,0.20305517,0.2402844,0.27806103,0.31621695,0.35462204,0.39314348,0.43158615,0.46962497,0.50674295,0.5421914,0.57498366,0.6039273,0.6276936,0.6449147,0.65429837,0.6547473,0.64547026,0.62607634,0.5966433,0.5577552,0.51050645,0.45647356,0.39765808,0.33640924,0.27534133,0.21726935,0.16519688,0.122360975,0.09202085,0.07566617,0.06959886,0.06631801,0.060076598,0.04842954,0.0311179,0.0090829395,0.016144842,0.042624958,0.068426505,0.091681525,0.11076615,0.12441134,0.13178353,0.13253163,0.1268,0.11521031,0.09881979,0.07907587,0.057828736,0.037660897,0.023683513,0.024105987,0.033205196,0.041187108,0.04490087,0.04355873,0.03735634,0.027458716,0.017793108,0.02027411,0.03520181,0.05296966,0.07004456,0.084711045,0.09585201,0.10280292,0.10538036,0.10395226,0.09952732,0.093835615,0.08926252,0.088286504,0.09225618,0.10049255,0.11083183,0.120805316,0.128325,0.13186406,0.13045879,0.1236944,0.11172933,0.095420405,0.076746315,0.06010566,0.05424082,0.065593876,0.08820117,0.114400595,0.1400311,0.16276185,0.18108346,0.19397649,0.20080537,0.20127855,0.19542423,0.1835643,0.16628172,0.14438075,0.118843794,0.0907944,0.06150565,0.032743584,0.013137115,0.029967502,0.053580686,0.07483351,0.09255323,0.1062963,0.11591751,0.12149458,0.123295106,0.12174785,0.117411345
153,0.074728906,0.07397687,0.073091224,0.07197409,0.07067169,0.06931636,0.068047754,0.06692871,0.06587972,0.06465625,0.062876225,0.060083125,0.055819392,0.04969073,0.04141308,0.030842248,0.017989604,0.0030563828,0.0137775745,0.031900827,0.0508289,0.069930986,0.088543974,0.106012695,0.12173427,0.1352026,0.14605016,0.15408438,0.15931576,0.16197373,0.162505,0.1615472,0.15986866,0.15826811,0.15744139,0.15784618,0.1596172,0.16257475,0.1663247,0.17040204,0.17440078,0.17805447,0.18125775,0.1840362,0.18647933,0.18865733,0.19054607,0.19198339,0.19267093,0.19222017,0.19022922,0.18637091,0.18047573,0.17259899,0.1630665,0.15249416,0.14176996,0.13197306,0.124190055,0.1192155,0.1172355,0.117708884,0.11956319,0.121557124,0.12257655,0.12177182,0.11857252,0.11264049,0.103801586,0.09197766,0.07713081,0.059227146,0.038223747,0.01407976,0.013247987,0.043683827,0.07713227,0.11336661,0.15205747,0.19278099,0.23504081,0.2782948,0.32197887,0.36552194,0.40834698,0.44985837,0.489418,0.52631825,0.55976,0.5888463,0.6125979,0.62999374,0.6400356,0.64183027,0.63468057,0.6181757,0.5922704,0.55734444,0.5142376,0.46425584,0.40915138,0.35108215,0.29256403,0.23643579,0.18585332,0.14425294,0.11485196,0.09869588,0.09217819,0.08862055,0.08253627,0.07115476,0.05383285,0.031447925,0.009824988,0.028075071,0.056894746,0.084535494,0.10868378,0.12766965,0.14027709,0.14577723,0.14395778,0.13512336,0.12006402,0.099996224,0.076489985,0.051429678,0.02732461,0.012463871,0.023486635,0.03772265,0.04724599,0.050779354,0.04805165,0.039369635,0.02560997,0.009536571,0.016771551,0.038459472,0.06064662,0.081253715,0.09885859,0.112403244,0.12125614,0.12530795,0.12507646,0.12181293,0.1175589,0.114970125,0.11659089,0.123643376,0.13535075,0.14952093,0.16360028,0.17532338,0.18293177,0.18520753,0.18146133,0.17151897,0.15572192,0.1349674,0.110868976,0.08629189,0.06684692,0.0618481,0.07470117,0.09690334,0.120718226,0.14224431,0.15944639,0.17117101,0.17680505,0.17614594,0.16933659,0.15681745,0.13928089,0.11762515,0.092913836,0.06636813,0.039557416,0.016899629,0.022338366,0.043984875,0.06469452,0.082373515,0.09637207,0.10642856,0.11252978,0.11486863,0.11381681,0.109897904
154,0.10560371,0.10186283,0.09770591,0.09314888,0.088315286,0.08340227,0.07862514,0.07414577,0.07000025,0.06605148,0.061990563,0.057391174,0.051797945,0.044824757,0.036264222,0.026304256,0.01654079,0.014796363,0.02616764,0.04235836,0.060055044,0.078068845,0.09558458,0.111904114,0.12642185,0.13864666,0.14823373,0.15501478,0.15902172,0.16049892,0.15989971,0.15786041,0.15514389,0.15254654,0.15077393,0.15031205,0.15134361,0.15375207,0.15721464,0.16133793,0.16577785,0.17030644,0.1748176,0.17928346,0.18368275,0.18792793,0.19181538,0.19501545,0.19710463,0.19762984,0.19618838,0.19250788,0.18651487,0.17838575,0.16857606,0.15782195,0.14709996,0.13751802,0.13010713,0.12552793,0.12381567,0.124349445,0.1260909,0.12792294,0.12889713,0.12833178,0.12579915,0.12105527,0.113950305,0.104343995,0.09204439,0.076781936,0.058223665,0.036027655,0.010074978,0.020828256,0.05532748,0.093967326,0.13631944,0.18181472,0.2297222,0.2791816,0.32924268,0.37890294,0.42713824,0.47292477,0.5152521,0.5531304,0.58559626,0.61172265,0.6306373,0.6415532,0.64381254,0.63694024,0.620705,0.59517884,0.56079084,0.518367,0.46915323,0.41482154,0.35746354,0.29958618,0.244131,0.19452824,0.15466149,0.12808993,0.1154884,0.112362236,0.11163002,0.10779737,0.098044336,0.08159988,0.059164107,0.033298597,0.018893547,0.041780565,0.0724103,0.10137089,0.12594822,0.14441341,0.15561318,0.15894356,0.15435396,0.14233096,0.12385183,0.10030837,0.073406145,0.045048427,0.01724986,0.008724938,0.02996699,0.045951672,0.055523463,0.05813147,0.053714547,0.04268815,0.025905713,0.0045949947,0.019754093,0.04545141,0.070784554,0.09411597,0.11402043,0.12941122,0.13966303,0.14473395,0.14529072,0.14282592,0.13969252,0.13883533,0.14292759,0.15313075,0.16853654,0.18681788,0.20525886,0.22139454,0.23324601,0.23937,0.2388526,0.23128952,0.21676172,0.19580951,0.16941494,0.1390267,0.106742725,0.0760822,0.054664448,0.054782912,0.07346167,0.09699132,0.11866663,0.135852,0.14734954,0.15264447,0.15166982,0.14470677,0.13232231,0.115317665,0.09468437,0.071585104,0.047452,0.024955062,0.017103868,0.03335625,0.052723758,0.0700241,0.08413168,0.094602235,0.1013019,0.10432744,0.103973135,0.100706644
155,0.13660903,0.12955727,0.12191513,0.11380889,0.10544537,0.09708643,0.08900629,0.08143267,0.074480996,0.068102285,0.06207263,0.056043796,0.04965395,0.042693414,0.035371926,0.028879117,0.026266124,0.030883135,0.041829694,0.056227807,0.07215599,0.08842086,0.104136825,0.1185756,0.13113476,0.14134769,0.14890623,0.15368387,0.15575348,0.15539525,0.15309033,0.14949434,0.14538321,0.1415644,0.13875674,0.1374642,0.1378932,0.13995905,0.1433823,0.14782317,0.1529907,0.1586895,0.16480274,0.17123248,0.17782773,0.1843298,0.19035429,0.1954149,0.19898035,0.20054935,0.19972847,0.1963018,0.19028582,0.18196577,0.17191,0.16095525,0.15014763,0.14061297,0.13333586,0.12888113,0.12719211,0.12762228,0.12919906,0.13094315,0.13207896,0.13209695,0.13070759,0.12773831,0.12301521,0.11626335,0.10705266,0.09480236,0.07883953,0.058493085,0.03320876,0.0036079867,0.03388843,0.075375415,0.121819705,0.17247449,0.2263734,0.28235498,0.3391121,0.39524567,0.44931683,0.4998947,0.5455984,0.5851334,0.61732394,0.6411433,0.6557443,0.66049165,0.6549967,0.6391543,0.61317855,0.5776356,0.53346956,0.48202026,0.42503372,0.36467403,0.30355737,0.2448517,0.19250049,0.15146811,0.12689601,0.11987685,0.123898126,0.1298473,0.1315211,0.12597392,0.11238577,0.09133485,0.064664155,0.03715445,0.029580405,0.055217154,0.08733703,0.11722499,0.14190175,0.15960063,0.16924067,0.17035063,0.16304862,0.14801018,0.12641014,0.0998401,0.07021416,0.03973245,0.012138566,0.019575723,0.04079795,0.056610256,0.06547362,0.0668101,0.060615297,0.04741259,0.028262846,0.0064728386,0.02415146,0.052342463,0.080232225,0.105901875,0.12781347,0.14482184,0.15629233,0.16223253,0.16343094,0.16158374,0.15931511,0.1598437,0.1660165,0.17902121,0.1978733,0.2201141,0.242856,0.26343623,0.27966866,0.28990498,0.2930345,0.28846577,0.27609897,0.256289,0.22979839,0.19774358,0.16154492,0.12291392,0.084017605,0.048691552,0.030725796,0.047191456,0.07315134,0.09645396,0.11447317,0.12632917,0.13176888,0.13093254,0.1242675,0.112473756,0.09645941,0.07731248,0.056334622,0.03539518,0.019646233,0.023472471,0.039510194,0.055835627,0.06981824,0.080636956,0.08797671,0.09180796,0.09232551,0.08992101
156,0.16621938,0.15572283,0.14453217,0.1328855,0.12108098,0.10945301,0.09833498,0.08800916,0.07864999,0.07027852,0.06275604,0.055845525,0.04935526,0.043368973,0.03856187,0.03644294,0.038794547,0.04608852,0.05718628,0.07056758,0.08497047,0.099395856,0.11302011,0.12515423,0.13524096,0.1428696,0.1477964,0.14996307,0.14950933,0.14677611,0.14229581,0.1367644,0.13098799,0.12579525,0.121917024,0.119858384,0.119818486,0.12170997,0.12527254,0.13021341,0.13630025,0.1433756,0.1513069,0.1599096,0.16888295,0.17778426,0.18604858,0.19304417,0.19814731,0.2008211,0.20068732,0.19758503,0.19161268,0.18315136,0.17286588,0.1616761,0.15068302,0.14102556,0.13365574,0.12907882,0.12719513,0.12737632,0.12874518,0.13047905,0.13198769,0.1329366,0.13315742,0.13250262,0.13069966,0.12725419,0.12143249,0.11232446,0.09896449,0.08049006,0.056396667,0.02784047,0.022307808,0.062141746,0.11180101,0.16716346,0.22666308,0.28876594,0.35181126,0.4140353,0.47362766,0.5287946,0.5778214,0.61913115,0.65133816,0.67329633,0.68414193,0.6833313,0.6706728,0.64635277,0.6109543,0.5654675,0.5112915,0.45023143,0.38449833,0.3167399,0.25016898,0.18896587,0.13929054,0.11021215,0.107397765,0.12136257,0.13774572,0.14849493,0.1503556,0.14245628,0.12528665,0.10038356,0.07064048,0.04322963,0.040741917,0.06780294,0.10076853,0.13107328,0.15549886,0.17224103,0.18028645,0.17928924,0.1695273,0.15185724,0.12765265,0.09873737,0.06738215,0.036843274,0.01835718,0.032955673,0.053245768,0.068387136,0.07632896,0.07637837,0.06855063,0.053471822,0.032493874,0.011130237,0.027461147,0.0574013,0.08743099,0.11515259,0.1388845,0.15741102,0.17007115,0.17689136,0.17873368,0.17743184,0.17581002,0.17732005,0.18501683,0.20021552,0.2219551,0.24770315,0.27442956,0.29929382,0.3199201,0.33447096,0.34165287,0.34070146,0.33135653,0.31382644,0.28874055,0.25708893,0.22015184,0.17942084,0.13651636,0.09310756,0.05085646,0.011861459,0.025370497,0.05592906,0.08082277,0.09937652,0.11133995,0.11677417,0.11602154,0.10967446,0.09854033,0.08360957,0.066048495,0.047298767,0.029717159,0.01994621,0.026742442,0.040492013,0.05384363,0.06483658,0.072796434,0.07750656,0.07903172,0.07766604
157,0.193075,0.17916508,0.16451593,0.14947513,0.13443458,0.119805224,0.10598159,0.093296885,0.08197483,0.07209474,0.063598774,0.05637247,0.050412226,0.046047583,0.044080235,0.045531854,0.050911713,0.059783157,0.07113309,0.0838666,0.096996695,0.10966336,0.12112471,0.13076001,0.13808453,0.14276928,0.14466023,0.14379291,0.14039966,0.13490762,0.12792484,0.120209955,0.11261711,0.10600536,0.10111016,0.098406635,0.09803685,0.099864595,0.10363205,0.109111734,0.116165124,0.12469782,0.13456093,0.14546135,0.15692237,0.16830277,0.1788586,0.18782496,0.1945003,0.19832242,0.19893172,0.1962186,0.19035392,0.18180065,0.17130333,0.15984797,0.14857732,0.13864084,0.13097297,0.1260534,0.123783305,0.123593226,0.12473292,0.1265598,0.1286826,0.13093567,0.13323276,0.13537693,0.13690645,0.1370365,0.13471076,0.1287336,0.11794522,0.101435676,0.07892495,0.052230515,0.03544699,0.06049534,0.109359436,0.16756198,0.23132709,0.29837736,0.3666042,0.43387488,0.49804017,0.5569917,0.60873264,0.65144974,0.68358153,0.70387876,0.71145654,0.7058357,0.6869728,0.65527755,0.61161697,0.557306,0.4940857,0.4240942,0.34984353,0.274244,0.20081401,0.13463207,0.08630104,0.076738074,0.10137756,0.13131793,0.15422307,0.16648638,0.16722448,0.1568345,0.13663225,0.10887029,0.0774172,0.05144554,0.052169587,0.07930455,0.11221392,0.1422853,0.166051,0.18165529,0.18813708,0.18525757,0.17343351,0.15368347,0.12757361,0.0971999,0.0654022,0.037481293,0.029425958,0.046255782,0.065808564,0.080220684,0.08728594,0.08623756,0.07710405,0.060599286,0.038342472,0.016662976,0.029397983,0.06013873,0.09178329,0.12120811,0.14655042,0.16650876,0.18037334,0.1881501,0.19071251,0.18994687,0.1887827,0.19084032,0.19940048,0.21601021,0.23985748,0.26842728,0.298601,0.3273935,0.35226172,0.3711939,0.38272163,0.3859096,0.38033438,0.366054,0.3435653,0.3137494,0.2778072,0.23718692,0.19351108,0.14851454,0.10403318,0.06225243,0.028332228,0.028081855,0.052814167,0.075635195,0.09285897,0.10382949,0.10856574,0.10744562,0.101109006,0.09040237,0.07634145,0.060108155,0.04316739,0.02792082,0.02026268,0.025865259,0.036989067,0.04766629,0.05609771,0.06168716,0.064304106,0.06411426
158,0.21594688,0.19881062,0.18094432,0.1627979,0.14485268,0.12759385,0.11147479,0.096875355,0.08406066,0.07315765,0.06417813,0.057115808,0.052109946,0.04958174,0.050147165,0.054207005,0.061563987,0.071487,0.083027385,0.09523396,0.107228056,0.11822381,0.12754227,0.13463038,0.13908303,0.1406644,0.13932478,0.13521089,0.12866765,0.12023099,0.11060941,0.100650445,0.09128078,0.083402194,0.0777338,0.07464669,0.07411566,0.075875446,0.07967933,0.0854555,0.09326787,0.10314724,0.114922956,0.1281474,0.14212295,0.1559891,0.16882555,0.1797488,0.18799438,0.19298422,0.19437924,0.19211604,0.186427,0.17784178,0.16716692,0.15543668,0.14382192,0.13347964,0.1253408,0.119891986,0.11707841,0.116432205,0.11736636,0.11944499,0.122483395,0.1264564,0.13128601,0.1366233,0.14172928,0.14549711,0.14658381,0.14359409,0.13528356,0.1208075,0.10018621,0.07578341,0.058287766,0.07169554,0.115456864,0.17382322,0.23988745,0.31017575,0.3819879,0.45279726,0.52014196,0.5816487,0.6350976,0.6784982,0.71016407,0.7287809,0.7334626,0.7237939,0.6998574,0.66224235,0.6120363,0.55079746,0.48050982,0.4035229,0.32248363,0.24028328,0.16011514,0.08630769,0.035852686,0.06361339,0.10956469,0.14643483,0.17103034,0.1826557,0.18160026,0.16892567,0.14646079,0.11700456,0.085264005,0.061529867,0.063790865,0.08963827,0.12142195,0.15049665,0.17313752,0.18741758,0.19240639,0.18794659,0.17456517,0.15341574,0.12624528,0.09546274,0.0646888,0.041588627,0.041126903,0.058723312,0.07756435,0.091258846,0.09758208,0.09572619,0.085726514,0.06836155,0.045448318,0.023297256,0.030675199,0.060763203,0.093285784,0.12393701,0.1505955,0.17184854,0.18691055,0.19572347,0.19910452,0.19889843,0.19803073,0.20020328,0.20891613,0.22604284,0.25105956,0.28158298,0.31447783,0.34665698,0.37543657,0.39864618,0.4146492,0.42233688,0.42111233,0.41086528,0.39193645,0.36507067,0.3313599,0.29217976,0.24912602,0.20396335,0.15861763,0.11530741,0.0771853,0.050805666,0.047414467,0.062202975,0.07978462,0.09390776,0.10281518,0.106158316,0.104186125,0.097488105,0.086880535,0.07334302,0.057994667,0.042161893,0.027799064,0.019165168,0.02160413,0.030025207,0.03837937,0.04469908,0.04841523,0.049489666
159,0.23376907,0.21373738,0.19303674,0.17220762,0.15181097,0.13239771,0.1144724,0.098453216,0.08463616,0.07318163,0.064151235,0.0576124,0.05377171,0.05300079,0.055616826,0.061548878,0.0702434,0.080851935,0.09244171,0.10410455,0.11499957,0.12437724,0.13160323,0.13618407,0.13779213,0.13628627,0.13172634,0.12437938,0.1147176,0.103408106,0.09129376,0.079360135,0.0686676,0.0602006,0.054593384,0.051856972,0.051453732,0.05280908,0.055811036,0.06088676,0.06864662,0.079393275,0.092869334,0.10833213,0.12476184,0.14104143,0.15607816,0.16888782,0.17865968,0.18480922,0.18701896,0.18526556,0.17983097,0.1712952,0.16050774,0.1485318,0.1365509,0.1257243,0.116991475,0.110877685,0.1074181,0.10629578,0.10712992,0.10971631,0.11406318,0.12021395,0.12797922,0.13674305,0.14543785,0.15266469,0.15688023,0.15659527,0.15058073,0.13813595,0.11960471,0.097779244,0.08191269,0.0901229,0.12808983,0.18449244,0.2508427,0.3224714,0.39603946,0.46862993,0.53750694,0.6000898,0.6540013,0.6971393,0.7277526,0.74450964,0.7465559,0.73355454,0.7057086,0.6637634,0.60898703,0.54313034,0.468366,0.3872094,0.30242285,0.2169095,0.13360895,0.055502184,0.017587606,0.07732899,0.12669875,0.16334544,0.18655236,0.19629739,0.1932404,0.1787431,0.15494305,0.12503783,0.094317876,0.07310269,0.075525254,0.09880051,0.12830777,0.15554717,0.1765568,0.18931992,0.19291171,0.18722643,0.1728677,0.1510921,0.1238096,0.09376789,0.0654559,0.04804831,0.052293085,0.069852665,0.08784774,0.10080278,0.10652558,0.10418311,0.093806595,0.07621024,0.053327292,0.031074876,0.032497443,0.059956226,0.09235457,0.12359607,0.15116109,0.17348377,0.18967205,0.19956025,0.2038431,0.20423014,0.20352799,0.2054145,0.21357119,0.23026943,0.2554152,0.2868887,0.32162386,0.35648137,0.38866597,0.41586557,0.43628263,0.44863334,0.4521364,0.44649422,0.4318645,0.4088214,0.3783068,0.3415742,0.30013046,0.25568432,0.21012014,0.16553815,0.12446909,0.090513274,0.06935423,0.065977424,0.075598806,0.08857202,0.09939384,0.10594497,0.107629284,0.104569465,0.09728421,0.086534746,0.07323628,0.058406506,0.043164775,0.02888732,0.018015957,0.015485835,0.020746576,0.027063476,0.03171144,0.03406918
160,0.24568455,0.22321564,0.20018755,0.17721613,0.15492745,0.13392504,0.11475229,0.09785316,0.08354002,0.0719879,0.063281156,0.0575173,0.05489894,0.055671375,0.059871044,0.067122355,0.07669066,0.087669335,0.099120446,0.11014267,0.11990669,0.12768406,0.13287686,0.13504696,0.13394205,0.12951593,0.12194149,0.11161643,0.099163614,0.08543035,0.071492605,0.05865854,0.048397303,0.04193422,0.039343372,0.039152037,0.039454322,0.03918514,0.038631603,0.03952989,0.044354852,0.05441133,0.068992004,0.08647319,0.10521168,0.12375304,0.14083722,0.15540314,0.16661327,0.17388652,0.1769279,0.17574747,0.17066415,0.1622914,0.15150182,0.13936728,0.12706684,0.11575395,0.10638543,0.099556565,0.095444046,0.09394167,0.09492314,0.09842336,0.1045766,0.11335281,0.124297775,0.13645054,0.14844272,0.15868114,0.16553822,0.1675335,0.16353156,0.15302283,0.13666248,0.11755033,0.104030095,0.11045959,0.1438777,0.19721863,0.26216713,0.33330676,0.4067684,0.47930634,0.5479733,0.6100503,0.6630745,0.70490146,0.7337773,0.74840426,0.74799556,0.73231167,0.70167816,0.65698117,0.59964216,0.5315724,0.4551109,0.37295523,0.28810865,0.20393093,0.12475228,0.06113331,0.057895,0.103180766,0.14672269,0.17954202,0.19973506,0.2070407,0.20212768,0.18645982,0.16233854,0.13319583,0.104527,0.08571316,0.087232314,0.10682268,0.13291007,0.15744384,0.17629409,0.1873456,0.18965368,0.18313202,0.16842426,0.14685367,0.12046527,0.09232872,0.06764095,0.055588488,0.06237595,0.07924636,0.09614881,0.108282104,0.113512285,0.110988386,0.1007238,0.0835361,0.06139343,0.039672922,0.03596147,0.058727436,0.08972153,0.12074335,0.14867413,0.17173226,0.188884,0.19981557,0.20503981,0.20604596,0.2054108,0.20667005,0.21361344,0.22894414,0.25313047,0.28446123,0.3200388,0.3567268,0.39164925,0.42237043,0.44694102,0.4639033,0.47228506,0.47158694,0.46176198,0.44318536,0.41661423,0.3831396,0.3441331,0.3011959,0.25612032,0.21088633,0.16773728,0.12941974,0.0996307,0.08285599,0.08077444,0.088322006,0.09841202,0.10667059,0.111168765,0.111300625,0.10715694,0.09922454,0.08822677,0.07502433,0.06054605,0.045743395,0.03158576,0.019203672,0.010790747,0.010502431,0.014721989,0.018181825
161,0.25108892,0.22674671,0.20199879,0.17751841,0.15397948,0.13202173,0.112211965,0.09500449,0.080710515,0.069497205,0.061440602,0.05662506,0.055198826,0.057261597,0.06263546,0.07076459,0.08082292,0.091872916,0.10296781,0.11320522,0.12176329,0.12793443,0.13115889,0.13105646,0.12745383,0.120406136,0.110213675,0.09743802,0.08292986,0.06789592,0.054047715,0.04376072,0.039419163,0.040921863,0.04508678,0.048653185,0.04968771,0.04734061,0.041624073,0.033709254,0.0274325,0.03035163,0.04403995,0.063106,0.08393513,0.104511544,0.123417735,0.13954963,0.1520663,0.16040091,0.16428176,0.1637456,0.15913606,0.15108356,0.1404652,0.12834236,0.1158732,0.104196616,0.094293214,0.086859055,0.082269825,0.08069753,0.08230485,0.08730835,0.09579775,0.10746554,0.1214854,0.13658859,0.15123089,0.1637626,0.17258392,0.17630307,0.17392895,0.16516116,0.15092848,0.13451506,0.12351325,0.12966631,0.15975545,0.20957424,0.271804,0.34080625,0.41238862,0.4830861,0.5498253,0.6098277,0.6606193,0.7000831,0.72652245,0.73872215,0.7359965,0.7182211,0.6858444,0.6398791,0.5818741,0.5138712,0.43835685,0.35823244,0.2768738,0.19852455,0.13006555,0.08777285,0.09431855,0.12952395,0.1656394,0.19337021,0.20994122,0.21476558,0.20841654,0.19235699,0.16893049,0.1416037,0.11563746,0.0988533,0.098692335,0.11373456,0.13535708,0.15633146,0.17249498,0.18164518,0.18279584,0.17584698,0.1614435,0.14093344,0.11645046,0.09129353,0.07093091,0.06324659,0.07102288,0.08660224,0.10208703,0.113250755,0.11804086,0.115593575,0.10589037,0.08971867,0.06900516,0.048532695,0.0414001,0.058196694,0.08633389,0.11616421,0.14378782,0.16712932,0.18497473,0.1968266,0.20296772,0.20459674,0.20396242,0.204336,0.20950688,0.22259343,0.24473566,0.27478635,0.3101298,0.34769303,0.3845498,0.41815835,0.44642854,0.46773425,0.48091206,0.4852546,0.48049784,0.46679997,0.44471052,0.4151304,0.37926555,0.33857834,0.2947447,0.24963032,0.20531122,0.16418119,0.12918814,0.1040008,0.091878176,0.09214994,0.099406086,0.10797684,0.11446429,0.11733159,0.11611995,0.11097853,0.10241357,0.09114296,0.07799921,0.06385652,0.049571652,0.035934277,0.023625111,0.013184368,0.0050499304,0.0022550037
162,0.2496664,0.22409451,0.19830666,0.17301387,0.14891875,0.1266796,0.106870145,0.08993871,0.07617692,0.06572006,0.058604054,0.05486257,0.054561347,0.05766899,0.06386518,0.07249905,0.08270493,0.09353409,0.10403837,0.11332076,0.120575026,0.12512358,0.12645423,0.12425443,0.11844206,0.10919433,0.09698234,0.08263253,0.067469366,0.05364489,0.044553746,0.04354908,0.049724713,0.05865951,0.06676021,0.0719815,0.073215395,0.06992841,0.062024854,0.049830474,0.034282357,0.018650796,0.019439304,0.038824324,0.06148686,0.083802566,0.10423105,0.12167831,0.13532764,0.14463754,0.14936036,0.14955342,0.14557418,0.13805649,0.12786753,0.1160455,0.10371895,0.092010856,0.08193686,0.07432497,0.06980042,0.06884757,0.07185403,0.07900565,0.09008914,0.10440313,0.12083003,0.13797049,0.15427224,0.16814911,0.1781061,0.18288682,0.18166758,0.17435123,0.16208383,0.14821182,0.13961084,0.14602605,0.17348647,0.21952151,0.2779854,0.3434066,0.41149247,0.47869045,0.5418981,0.59835976,0.6456649,0.6817884,0.70514643,0.714648,0.7097364,0.6904139,0.6572477,0.61135805,0.5543906,0.4884809,0.416229,0.34072477,0.26573747,0.19640136,0.14123873,0.11460299,0.123804435,0.15188502,0.18118137,0.2038088,0.21684292,0.21953702,0.21237496,0.19675806,0.17495109,0.15022829,0.1272212,0.11197181,0.109609246,0.11953702,0.13583568,0.15246603,0.16543984,0.17251226,0.17264284,0.16568574,0.15224525,0.13364264,0.11202193,0.09071776,0.07486791,0.07037417,0.07799746,0.09171971,0.10540914,0.11539211,0.119727544,0.11754657,0.1087864,0.09417179,0.075519085,0.056996644,0.048295103,0.05923234,0.08320905,0.110785805,0.13731943,0.16038038,0.17853934,0.19108754,0.19804361,0.20026527,0.19959517,0.1989239,0.20190181,0.21198407,0.23105073,0.2586801,0.2926712,0.33008164,0.3679636,0.40368462,0.43502545,0.46020144,0.47786486,0.48710352,0.4874352,0.47879493,0.46151382,0.43628782,0.40413892,0.36637124,0.32452825,0.28036034,0.2358205,0.19311593,0.15485272,0.12422987,0.10474824,0.09810827,0.10150881,0.10937761,0.11716378,0.12234396,0.12383594,0.121405594,0.115316525,0.10613132,0.094587564,0.08151032,0.06774411,0.05409717,0.041295443,0.029948257,0.020539487,0.013505148
163,0.24141566,0.21530816,0.18920061,0.16382119,0.13988197,0.11804225,0.09886737,0.08278531,0.07005135,0.060745914,0.05483455,0.05226981,0.05302285,0.056959037,0.06367702,0.072489545,0.08252715,0.09284989,0.102523334,0.11067074,0.11651673,0.11942875,0.11895702,0.114873305,0.10721067,0.0963142,0.082930066,0.06840651,0.05515541,0.04722869,0.048562277,0.057945535,0.07061161,0.08287625,0.0925807,0.09843755,0.0996844,0.095951356,0.08720867,0.07373806,0.056108106,0.03516441,0.012350137,0.01426128,0.038575023,0.062241293,0.083797604,0.102241695,0.11680695,0.12698472,0.1325508,0.13357788,0.13042957,0.123735555,0.114348695,0.10328615,0.09165936,0.080599606,0.07119005,0.06441474,0.061117668,0.0619303,0.067143895,0.07661103,0.08976504,0.10570759,0.1232883,0.14117151,0.15791163,0.17204852,0.18222657,0.18734288,0.1867432,0.18051057,0.16994083,0.15832664,0.15181766,0.15851906,0.18358585,0.22556238,0.2793853,0.33998013,0.40314528,0.46537116,0.5236235,0.5752503,0.6179725,0.6499154,0.66965383,0.6762547,0.6693092,0.6489502,0.615853,0.57122016,0.51675695,0.45464674,0.38755098,0.31868795,0.25211713,0.19349396,0.15134111,0.1354269,0.1455335,0.16845497,0.1921181,0.210291,0.22034447,0.22154611,0.2143212,0.19995765,0.18051468,0.15885659,0.13872895,0.12449557,0.11963008,0.124187455,0.13456337,0.14618859,0.15551837,0.16035794,0.1596172,0.15307449,0.14124556,0.125355,0.10743119,0.09055399,0.078963935,0.07654522,0.083161786,0.09450775,0.10599371,0.11452646,0.11831948,0.11651278,0.10899074,0.09638586,0.08034381,0.064409845,0.055725243,0.06208569,0.08121741,0.105560094,0.1301744,0.15230656,0.17029986,0.18322091,0.1908075,0.19354904,0.19283046,0.19106288,0.1916002,0.19808726,0.21314749,0.23724464,0.2687539,0.30494368,0.34287035,0.37982064,0.41345674,0.4418484,0.46347782,0.4772409,0.482447,0.4788141,0.4664559,0.4458597,0.41785523,0.38357678,0.34442294,0.3020218,0.2582147,0.21508075,0.17503512,0.14100775,0.1164574,0.104225166,0.10372904,0.11036445,0.11895168,0.12607673,0.13002743,0.1301731,0.12652422,0.11947825,0.10966722,0.09785608,0.08486698,0.07151914,0.058580168,0.04672838,0.036529485,0.028435897
164,0.226667,0.20073716,0.17503615,0.15028869,0.12719756,0.10640769,0.08846439,0.07376597,0.06251976,0.05473143,0.05026804,0.04897605,0.05072841,0.055315398,0.062301394,0.07100471,0.080581754,0.09012406,0.09873169,0.10556839,0.109909184,0.11118528,0.10902865,0.1033197,0.094248466,0.082419,0.06907604,0.05662111,0.049304508,0.051557414,0.06264715,0.077923074,0.093612604,0.107411556,0.11785642,0.12398128,0.12519054,0.12121536,0.11209501,0.098160096,0.08000848,0.058473244,0.03459962,0.010000828,0.016779972,0.040751945,0.06280804,0.08181979,0.09702856,0.10794349,0.11435602,0.116348766,0.114288665,0.10880348,0.10074332,0.09113113,0.081106685,0.07186691,0.064593315,0.060336642,0.059840348,0.0633939,0.07086543,0.08185574,0.09578193,0.11186547,0.12911448,0.14635026,0.16227746,0.17558484,0.18506958,0.18978766,0.18924645,0.1836772,0.17445478,0.16471292,0.15985516,0.16657643,0.1891643,0.22674263,0.2751703,0.32988545,0.38692322,0.44293174,0.49503425,0.5407543,0.5780041,0.6051073,0.62083304,0.62442887,0.61564326,0.5947352,0.5624693,0.5200997,0.4693487,0.41239426,0.3518948,0.29110792,0.23420982,0.18689074,0.15649886,0.14843793,0.15916236,0.17847615,0.19785883,0.21258809,0.22052395,0.2210553,0.21456154,0.202158,0.18557762,0.16711518,0.14955129,0.13585775,0.12837508,0.12759987,0.13176489,0.13790067,0.14320406,0.14568426,0.14423499,0.13853212,0.12894139,0.11648809,0.10289911,0.09066291,0.082777426,0.08148828,0.086471684,0.09499085,0.10385653,0.11061782,0.11370501,0.112291954,0.10620769,0.09596677,0.082991496,0.07019648,0.0627689,0.06632835,0.08083626,0.101306036,0.12324685,0.14377697,0.16105728,0.17394336,0.18189783,0.18504007,0.18427667,0.18146932,0.17951745,0.18204121,0.19231452,0.21182519,0.23973022,0.27361703,0.3105699,0.34779498,0.38284075,0.41364577,0.4385421,0.45625547,0.4659074,0.4670156,0.45948845,0.4436107,0.42001995,0.3896752,0.3538209,0.3139526,0.27179593,0.22931698,0.18879509,0.15298392,0.12524875,0.10897731,0.105177306,0.110490836,0.11958288,0.12834264,0.13448885,0.1370186,0.1356993,0.13076383,0.12273197,0.11229595,0.10023825,0.08736742,0.07446596,0.062247947,0.051326405,0.042191666
165,0.20609583,0.18104486,0.15644766,0.13300508,0.11139336,0.09223125,0.07603936,0.063186966,0.053831413,0.047887906,0.04509638,0.045173798,0.04789405,0.052994877,0.060039364,0.06838257,0.07723401,0.08574223,0.09306647,0.098434635,0.10119435,0.10086214,0.09717577,0.09016029,0.08023564,0.06844079,0.056941226,0.04980643,0.051857207,0.063354775,0.080082126,0.09821834,0.1153352,0.1298295,0.14056996,0.14676626,0.14792979,0.14386415,0.13466033,0.12068611,0.10256692,0.08116217,0.057560362,0.033252086,0.012990441,0.021850443,0.042406235,0.06122576,0.07668652,0.0881649,0.09542582,0.09854901,0.09790554,0.094134204,0.08811044,0.080906495,0.07373604,0.06785749,0.06439285,0.06407452,0.06709643,0.07325023,0.08220001,0.093610086,0.10708597,0.12206551,0.13776395,0.15319371,0.16723908,0.17876293,0.18673415,0.19037643,0.18935144,0.18400632,0.17572808,0.1674026,0.16367218,0.16998632,0.189818,0.22261311,0.26499903,0.31297383,0.3629121,0.41171286,0.45673245,0.4957306,0.5268587,0.5486742,0.5601648,0.56077,0.5503942,0.5294087,0.49864215,0.45936334,0.41326484,0.36246324,0.30954537,0.25771287,0.2110789,0.17495789,0.1549838,0.15317805,0.1647213,0.18176626,0.1982537,0.21073332,0.21758582,0.21834962,0.21333775,0.20342776,0.18993568,0.17452121,0.15907672,0.1455292,0.13547234,0.12965828,0.12765542,0.12804152,0.12902993,0.12905757,0.12708198,0.122653335,0.11589645,0.10748078,0.09859168,0.09084099,0.0859481,0.085046515,0.087972894,0.093311876,0.099155284,0.103778966,0.10591996,0.10482993,0.10028918,0.09267191,0.08312703,0.073923156,0.06868425,0.07114635,0.08201291,0.09853642,0.11729424,0.13562207,0.15163068,0.16402246,0.17202017,0.17540023,0.17460409,0.1709137,0.16663963,0.16511299,0.17003256,0.1839814,0.20716536,0.23766099,0.27260965,0.30912048,0.34462136,0.37693077,0.4042542,0.42517614,0.4386597,0.4440488,0.4410678,0.42981365,0.41073933,0.3846288,0.35256606,0.3159037,0.27624062,0.23542593,0.19561729,0.15942894,0.13012469,0.11135201,0.10518164,0.10942581,0.11890308,0.12903659,0.13709272,0.14175686,0.14258401,0.13965467,0.13337615,0.12435923,0.11333192,0.101073384,0.0883601,0.07592151,0.064403825,0.054341793
166,0.18074757,0.15723608,0.13437732,0.11282725,0.09321942,0.076139435,0.062089957,0.051431105,0.044286482,0.04046785,0.039549198,0.041090347,0.04476687,0.050281532,0.05721806,0.06499118,0.07288842,0.08014196,0.085997105,0.089771554,0.09090975,0.08903821,0.084032334,0.07611926,0.06608188,0.055717733,0.04864311,0.049804207,0.06064674,0.07768193,0.09714087,0.1165289,0.13416366,0.14880802,0.15952921,0.16565949,0.16679245,0.1627874,0.15376985,0.14012358,0.122473024,0.10166033,0.07873097,0.05498825,0.032476887,0.01796829,0.025725376,0.041943815,0.056844648,0.06857509,0.07665362,0.08109913,0.08227668,0.08084668,0.07772651,0.0740329,0.07096824,0.06961342,0.070664905,0.07429346,0.080271706,0.088249296,0.097934686,0.10910134,0.12148915,0.13469796,0.14813198,0.16100971,0.17242764,0.181459,0.18727466,0.18928348,0.18730009,0.18176049,0.17400698,0.16660921,0.16344643,0.16885464,0.18556193,0.21318655,0.24899945,0.28956974,0.33168018,0.37255192,0.40983394,0.4415691,0.4661829,0.48249006,0.4897081,0.48746818,0.47581902,0.45522127,0.42653406,0.39099842,0.35022712,0.3062182,0.26142272,0.21890502,0.18257798,0.15712067,0.14634293,0.14985296,0.16257897,0.17854562,0.19348633,0.20496765,0.2118217,0.21369793,0.2107937,0.20369276,0.19325782,0.18054798,0.16674198,0.15304966,0.14059216,0.13023959,0.12243195,0.117068954,0.11356668,0.111082524,0.10879192,0.10609662,0.10272731,0.09876399,0.09460056,0.09085487,0.08820514,0.08715343,0.0877949,0.08973202,0.092195004,0.09427641,0.09514998,0.09422407,0.0912523,0.08644498,0.08061744,0.07535642,0.0729745,0.07570752,0.084253736,0.0973444,0.11280531,0.12852842,0.14277945,0.15421997,0.16190569,0.16532873,0.16451444,0.16018221,0.15397158,0.14865218,0.14796522,0.15549329,0.172815,0.19880001,0.2307094,0.26551336,0.30048767,0.33333153,0.3621467,0.38541016,0.40196273,0.41100872,0.4121174,0.4052198,0.3905982,0.36886707,0.3409476,0.3080405,0.27160537,0.2333623,0.19534342,0.16003318,0.13059033,0.11077276,0.10332392,0.1069822,0.11685859,0.12813734,0.13779034,0.14428213,0.14700352,0.14590485,0.14128707,0.13367489,0.12373033,0.11218722,0.0997981,0.08729015,0.075328805,0.064488105
167,0.15211082,0.13074015,0.110164925,0.09097133,0.07373081,0.058991157,0.04726193,0.03895566,0.034221936,0.032751083,0.033874348,0.0369558,0.04158179,0.047437973,0.054142557,0.06118465,0.06794971,0.07377834,0.07802856,0.08013444,0.07966365,0.07638312,0.07035337,0.062105004,0.053029533,0.046139162,0.046153273,0.055576954,0.071892805,0.09152944,0.112003356,0.13162467,0.14912139,0.16348574,0.17393099,0.17989008,0.18102619,0.17724206,0.16868243,0.15572682,0.1389728,0.11921238,0.09740966,0.07470393,0.052528013,0.033262957,0.022936387,0.028015021,0.03967568,0.05077628,0.05944717,0.06535735,0.06877377,0.07032899,0.070908085,0.071516424,0.073084906,0.07625041,0.08123305,0.08789948,0.09594937,0.105082005,0.11506408,0.12570615,0.1367928,0.14801127,0.15891014,0.16890188,0.17730816,0.18343852,0.1866931,0.18668465,0.18338333,0.17729399,0.16967115,0.16272302,0.15958136,0.16358441,0.17678922,0.19890095,0.22773935,0.26043934,0.2942362,0.32672524,0.35589248,0.38009763,0.39806274,0.40887114,0.41197017,0.40717158,0.39464596,0.3749106,0.3488129,0.31751576,0.28249532,0.24557188,0.2090034,0.1756662,0.14921458,0.13359654,0.1309074,0.13910893,0.1534068,0.16935186,0.18400632,0.19569778,0.20357932,0.20732804,0.20696712,0.20275992,0.19514433,0.18469033,0.17207295,0.15805535,0.14347726,0.12924023,0.1162725,0.10544406,0.09740525,0.09237763,0.090030126,0.08958135,0.09008702,0.09072185,0.0909331,0.09047322,0.08936267,0.087815724,0.086141385,0.084628604,0.08343836,0.082540885,0.08173071,0.08072193,0.079294816,0.07745728,0.075589545,0.0745206,0.07542132,0.07939084,0.0868803,0.09743016,0.10991145,0.12293146,0.13511041,0.14521864,0.1522546,0.15551737,0.15470047,0.15002875,0.14246683,0.13401376,0.12794916,0.12843128,0.13867337,0.15890396,0.18669751,0.21881135,0.25228742,0.28468096,0.3140058,0.33866557,0.3574193,0.36937118,0.3739699,0.37100834,0.36061734,0.34325236,0.319674,0.29092535,0.25831544,0.22342195,0.18814084,0.15482487,0.12652399,0.10702135,0.09944006,0.10312819,0.11349772,0.12570344,0.1366075,0.14456591,0.14886577,0.14935695,0.14624491,0.13996755,0.13111244,0.1203547,0.1084068,0.09597692,0.083734475,0.072281905
168,0.12233719,0.103662536,0.085828125,0.06931145,0.054582674,0.04212747,0.03249869,0.026326211,0.023996644,0.02503161,0.028316135,0.032967336,0.038517103,0.044657305,0.051047646,0.057256877,0.06278019,0.06708559,0.06966765,0.0701032,0.06811345,0.063648306,0.057034604,0.0492952,0.042810574,0.041764803,0.0493493,0.06413438,0.08291135,0.10329211,0.12364892,0.14274593,0.1595725,0.17329355,0.1832468,0.18895596,0.19014567,0.18675199,0.17892483,0.16702121,0.15158962,0.13334696,0.1131535,0.09199614,0.071009174,0.051619146,0.036064353,0.028262822,0.030538235,0.03814674,0.046350427,0.0534568,0.059228204,0.06403407,0.06850391,0.07330236,0.07894525,0.085688606,0.09352666,0.102276295,0.111683264,0.121497326,0.13149887,0.14148533,0.15123613,0.160476,0.16885304,0.17594178,0.1812741,0.18439586,0.1849445,0.18274455,0.17792094,0.17103212,0.16321617,0.15629865,0.15269819,0.15486242,0.16424817,0.18059647,0.20220424,0.22676127,0.2519855,0.27588463,0.29681468,0.31347588,0.32490015,0.33044198,0.3297701,0.32285663,0.30996224,0.29161704,0.26860145,0.24193409,0.2128805,0.18300751,0.15432058,0.12950043,0.11201518,0.105168216,0.109517045,0.12191736,0.1381377,0.15498416,0.1704816,0.18346255,0.19323914,0.1994183,0.20180683,0.20036602,0.19519347,0.18652004,0.17471555,0.16030082,0.14396632,0.12660177,0.109341994,0.093620166,0.08114641,0.073553205,0.071488954,0.0738997,0.07863591,0.08364288,0.08751473,0.08949025,0.08931055,0.08709918,0.083277,0.078490786,0.073529296,0.0691996,0.0661532,0.06471266,0.06481949,0.066178955,0.068514384,0.0717629,0.07611272,0.08187861,0.0892838,0.09826485,0.10839659,0.11894483,0.12898605,0.13753583,0.14366274,0.14658917,0.14579076,0.14111206,0.13292897,0.12240761,0.11190296,0.1052926,0.107188724,0.12007758,0.14248855,0.17090298,0.20194018,0.23292604,0.2617802,0.28686246,0.30689117,0.32091236,0.32829267,0.3287183,0.32219252,0.3090272,0.28982872,0.2654817,0.23713692,0.2062184,0.17447582,0.14412645,0.11811132,0.100186475,0.09361152,0.09798924,0.108965464,0.12186412,0.13363606,0.14265095,0.1481583,0.14994095,0.14812335,0.14305897,0.1352554,0.12531815,0.113905415,0.101690345,0.089330286,0.077442065
169,0.094855145,0.07949016,0.06486683,0.05128941,0.039034765,0.028395457,0.019847095,0.014498387,0.013980113,0.017609391,0.023089854,0.029252473,0.035657287,0.04202618,0.048059117,0.053400587,0.057657637,0.060436305,0.061386064,0.06025247,0.05694844,0.0516753,0.04517526,0.039270073,0.03744023,0.043087117,0.05580624,0.07290022,0.09215278,0.11205287,0.13145934,0.14942433,0.1651348,0.17790519,0.18718903,0.19259569,0.19390522,0.1910777,0.1842552,0.17375576,0.16005935,0.14378746,0.12567922,0.106569804,0.087382875,0.06916191,0.053189006,0.04121684,0.035344165,0.036155574,0.041327134,0.04819704,0.05545964,0.06279303,0.07031186,0.07824562,0.086767346,0.095921986,0.105624795,0.11569838,0.12591793,0.1360453,0.14584486,0.15508291,0.16351794,0.1708895,0.17691411,0.18129341,0.1837377,0.1840049,0.18195383,0.1776098,0.1712415,0.16344602,0.15522893,0.1480347,0.14362177,0.14364977,0.14903632,0.1595175,0.17380422,0.19012722,0.2067111,0.22201024,0.23478106,0.24408674,0.24928275,0.24999817,0.24611478,0.23774333,0.22519653,0.20896082,0.18967155,0.16810085,0.14517571,0.122062005,0.100382656,0.08263825,0.07247343,0.073007084,0.0833447,0.099491775,0.11792726,0.13646615,0.15376495,0.1689063,0.18119997,0.19010504,0.19520983,0.19623768,0.19306259,0.18572684,0.17445634,0.15967324,0.14200935,0.12233113,0.10180186,0.082035124,0.06540253,0.055192303,0.053912636,0.05994432,0.06897818,0.07766785,0.08420375,0.08773997,0.088003956,0.08511598,0.07951067,0.07191115,0.06334305,0.055177428,0.049104773,0.046711955,0.048512507,0.053553674,0.060355037,0.06782851,0.07546454,0.083174676,0.09107722,0.09929774,0.10781324,0.116367504,0.12446729,0.13144219,0.13653837,0.13902168,0.13827884,0.13391872,0.12588918,0.114647396,0.10146497,0.08898442,0.08179402,0.085095644,0.10020637,0.12370089,0.15136304,0.18003869,0.20748785,0.2320385,0.25240514,0.26761776,0.27700028,0.28016654,0.2770193,0.267746,0.2528106,0.23294298,0.20913376,0.1826476,0.15508284,0.12852372,0.1058125,0.090641424,0.0861619,0.09184385,0.10349186,0.11680557,0.12902181,0.13864197,0.14494187,0.14767101,0.14688899,0.1428698,0.13603835,0.12692235,0.11611346,0.10423498,0.09191594,0.07977154
170,0.07559784,0.06435031,0.053538915,0.04324566,0.033500634,0.024293445,0.015619117,0.0077387947,0.0046119825,0.010807948,0.018351028,0.025840282,0.032976855,0.039513048,0.045178108,0.04968301,0.05274199,0.05410184,0.05357962,0.05111673,0.04687233,0.041416217,0.036142834,0.03382153,0.03765752,0.048054986,0.06292218,0.08026716,0.09872161,0.1172731,0.13508414,0.15142328,0.16564953,0.17721856,0.18569675,0.19077611,0.19228658,0.19020346,0.18464883,0.17588656,0.16431107,0.1504309,0.13484922,0.1182445,0.10135774,0.08499578,0.07006456,0.05763582,0.04896178,0.04512145,0.04616558,0.05089575,0.05785915,0.066097856,0.07514699,0.0848066,0.094965644,0.10550813,0.116277054,0.12707102,0.13765514,0.14777498,0.15716775,0.16556987,0.17272201,0.17837454,0.18229605,0.18428716,0.18420099,0.18197027,0.17764072,0.17140914,0.16366415,0.15502349,0.14635415,0.13874196,0.13335653,0.1311718,0.13261421,0.13736066,0.14445397,0.15263347,0.16064888,0.16744232,0.17221737,0.17444675,0.1738534,0.17037962,0.16414838,0.15541838,0.14453462,0.13187781,0.11781996,0.10269679,0.08681506,0.0705319,0.054510713,0.040507406,0.033248883,0.038579844,0.053771697,0.07323101,0.0941407,0.11503884,0.13487919,0.15276092,0.16787262,0.17950247,0.18706816,0.19014935,0.18851528,0.18214415,0.17123286,0.1561984,0.13767435,0.11651299,0.09381982,0.07110415,0.05082205,0.037835468,0.03820599,0.04871804,0.06153805,0.07275237,0.080814786,0.085102595,0.085453585,0.08201332,0.075175546,0.06556398,0.054065634,0.042003434,0.031705976,0.02734352,0.03172141,0.04149642,0.052807245,0.063918576,0.07421508,0.08358186,0.09214414,0.10011071,0.107647195,0.11477667,0.12132448,0.12691754,0.13103177,0.13306943,0.13244773,0.12868713,0.121498175,0.11087989,0.097269,0.08184926,0.06727963,0.05887801,0.06294038,0.07929779,0.10244373,0.12794217,0.1531277,0.17625517,0.19605766,0.2115865,0.22216122,0.22735776,0.22700743,0.22119619,0.21026154,0.19478874,0.17561302,0.15384233,0.1309296,0.10884409,0.090358354,0.07905799,0.07766572,0.08511286,0.09737336,0.110753335,0.1229501,0.13269441,0.1393422,0.14263992,0.1425985,0.1394195,0.13344505,0.1251196,0.11495837,0.10352148,0.091393694,0.07917119
171,0.072055064,0.064819165,0.057242528,0.04928501,0.040927347,0.032182273,0.023103429,0.013794764,0.004478685,0.0051972107,0.014160373,0.022655092,0.030356305,0.03698992,0.042297754,0.046049677,0.04806196,0.04822185,0.04652487,0.043142144,0.03856103,0.033886068,0.031281248,0.033534285,0.041588057,0.053980518,0.06896348,0.08529994,0.10210567,0.11867287,0.13438965,0.14871301,0.16116568,0.17134316,0.17892405,0.18368068,0.18548748,0.18432623,0.1802872,0.17356595,0.16445597,0.15333763,0.14066519,0.12695378,0.112770066,0.09873149,0.085519604,0.07390793,0.06477756,0.059028696,0.05726885,0.059427463,0.06478055,0.07240637,0.081546724,0.09167636,0.10243183,0.11352939,0.124710396,0.13571343,0.1462648,0.15607962,0.16486876,0.17234898,0.17825522,0.1823545,0.18446168,0.18445687,0.18230416,0.178071,0.17194693,0.16425936,0.15548314,0.14623636,0.13724993,0.12929283,0.12303843,0.118888,0.11682318,0.11638428,0.11680423,0.1172228,0.11687848,0.11522899,0.11200649,0.1072303,0.10119218,0.0944158,0.08757725,0.08136487,0.07627117,0.07237272,0.06922744,0.06598262,0.061628282,0.05524439,0.046157684,0.0340266,0.019002834,0.00616341,0.022363234,0.04477106,0.06845365,0.09223034,0.11503507,0.13583769,0.1536812,0.16773017,0.17731526,0.18196915,0.18145129,0.17576036,0.16513412,0.15003806,0.13114521,0.10931344,0.085576594,0.061207514,0.038157713,0.021972286,0.025793595,0.04116911,0.0563871,0.06866606,0.07714535,0.08150573,0.08171718,0.077964015,0.07060613,0.060148485,0.04721623,0.032556463,0.017256103,0.0073779244,0.018883917,0.033980377,0.04841744,0.061603066,0.07334327,0.08363712,0.092616245,0.10048625,0.10745634,0.11366546,0.11912182,0.12367231,0.12700978,0.12871419,0.12831542,0.12536374,0.11949864,0.11051268,0.098416954,0.08353478,0.06671431,0.04999351,0.038628936,0.041323822,0.057267044,0.078499965,0.100615494,0.12151707,0.139927,0.15494075,0.16590618,0.17239387,0.17419319,0.17131382,0.16398767,0.15267186,0.1380604,0.12112032,0.103185676,0.08616115,0.072808005,0.0664858,0.068970405,0.07833595,0.09094576,0.10395142,0.11562971,0.1250017,0.13153993,0.13501145,0.13539365,0.13282385,0.12756392,0.11997229,0.11048051,0.09957396,0.087777786,0.075650685
172,0.084276564,0.078541026,0.07158863,0.0634808,0.054337837,0.044337537,0.033713516,0.022760684,0.011908192,0.0036219019,0.0104540745,0.019544398,0.027628873,0.034282092,0.039248765,0.042358644,0.043530352,0.042794522,0.04034046,0.036614783,0.032530002,0.029786631,0.030715918,0.036575705,0.046508316,0.059009362,0.07293032,0.08747746,0.10205626,0.11618104,0.1294349,0.14145435,0.15192544,0.160585,0.16722442,0.17169392,0.17390655,0.17384128,0.17154448,0.16712952,0.16077459,0.15271874,0.14325713,0.13273644,0.12155273,0.11015403,0.099050574,0.08883203,0.08018108,0.07384702,0.07051907,0.07058836,0.07395711,0.080100834,0.08832321,0.0979681,0.10849368,0.119459815,0.13049124,0.14124623,0.15139784,0.16062722,0.16862589,0.17510484,0.17980805,0.18252899,0.18312868,0.18155381,0.17785347,0.17219296,0.16486219,0.15627538,0.14695701,0.13750604,0.12852941,0.12054027,0.113833904,0.10838378,0.10381532,0.099486195,0.09464168,0.08857971,0.08077987,0.07099185,0.05931578,0.04636473,0.033812206,0.026087042,0.029447118,0.041194968,0.05511814,0.068148546,0.078713164,0.08578708,0.08865313,0.086851604,0.08017783,0.068688564,0.052708812,0.03286575,0.010770372,0.017401809,0.043527562,0.070143834,0.09570682,0.11903114,0.13907029,0.15494141,0.16596347,0.17168823,0.17191921,0.16671716,0.15639153,0.14147909,0.12271149,0.10097484,0.07726654,0.05266363,0.02838929,0.00807901,0.01925725,0.0376034,0.05313176,0.06503784,0.07300015,0.07692278,0.07689328,0.0731602,0.06611317,0.05626674,0.044263225,0.030963687,0.018104816,0.012860327,0.022354107,0.035968404,0.04960803,0.062346436,0.07384342,0.08398601,0.09280048,0.100402065,0.10694465,0.11256677,0.11734046,0.12123388,0.124096856,0.12567258,0.1256318,0.123620935,0.119314395,0.112463735,0.10293968,0.09076727,0.07616203,0.059597664,0.04204257,0.026184574,0.021578878,0.034028243,0.051852547,0.06975051,0.086024,0.09976448,0.11036054,0.117402256,0.120664105,0.12010624,0.115880504,0.108341426,0.0980707,0.08593632,0.07322793,0.061911136,0.05479953,0.054555513,0.061204854,0.07212053,0.08454686,0.09663896,0.1072767,0.11578248,0.1217599,0.12501155,0.12549411,0.12328978,0.118584946,0.11165221,0.10283485,0.09253408,0.08120093,0.06933701
173,0.10390389,0.097260356,0.08894799,0.079149894,0.06810852,0.056120288,0.043529116,0.030723242,0.0181613,0.006795629,0.0070421705,0.016341563,0.02464504,0.031229705,0.035858836,0.038435042,0.038986847,0.03769697,0.03496978,0.03157243,0.02886036,0.028763805,0.03270318,0.040380333,0.050549977,0.062107652,0.07428848,0.08656068,0.098534055,0.10990997,0.12045455,0.1299825,0.13834606,0.14542682,0.15112995,0.15538082,0.15812398,0.15932445,0.15897074,0.15707926,0.15369926,0.14891799,0.14286564,0.13572049,0.12771468,0.11914205,0.110369004,0.10184822,0.09412997,0.08785448,0.08369336,0.08221182,0.08368556,0.08799515,0.094691366,0.10316797,0.11281029,0.123064406,0.13344757,0.14353505,0.15294452,0.16132672,0.16836393,0.1737754,0.17732844,0.17885289,0.17825763,0.1755467,0.17083326,0.16434887,0.15644503,0.14758247,0.13830207,0.1291697,0.12069015,0.11319723,0.1067496,0.10108148,0.09564553,0.089739054,0.08266355,0.0738703,0.06308388,0.050460327,0.03702255,0.026392473,0.02729565,0.04072935,0.05877992,0.07744381,0.094857566,0.109765425,0.121173196,0.12828788,0.13052632,0.12753911,0.11923395,0.105794184,0.08769892,0.06578241,0.041570745,0.020518914,0.027117893,0.052312806,0.07878444,0.103330664,0.1245156,0.14134799,0.15312831,0.15943271,0.160114,0.15529698,0.14536183,0.13091534,0.11275135,0.09180286,0.069090605,0.045676626,0.022673652,0.0041630934,0.020051569,0.037065286,0.05099869,0.061431836,0.068210475,0.07137098,0.07111834,0.0678115,0.061958868,0.05424062,0.045596782,0.037457317,0.032087155,0.032032985,0.037547983,0.046401247,0.056513626,0.06670442,0.076364145,0.0851918,0.09306603,0.09997606,0.1059731,0.11112782,0.115491375,0.11906317,0.12177079,0.123465985,0.123937406,0.122937016,0.12021469,0.115554795,0.108809724,0.09992687,0.088967465,0.07611788,0.061697133,0.04617584,0.030281566,0.015811838,0.012178503,0.023512486,0.03656893,0.048251607,0.0577324,0.064583495,0.06857237,0.069632284,0.06786645,0.06356964,0.057279043,0.04989064,0.042894077,0.038605157,0.039448686,0.045771435,0.05566446,0.06704078,0.078468606,0.089026414,0.098099165,0.10526849,0.110260285,0.11291826,0.11318837,0.11110748,0.106793545,0.10043644,0.09228952,0.08266277,0.07191975,0.06048372
174,0.12416058,0.11551887,0.1050712,0.09309069,0.0799049,0.06588725,0.051446576,0.037016165,0.023050044,0.010100723,0.003666792,0.0129644945,0.021345688,0.027748644,0.03201071,0.034129567,0.034255274,0.03273411,0.030204237,0.027755091,0.026985463,0.029369008,0.035101894,0.043243382,0.052725643,0.06275988,0.07281277,0.08252917,0.091681495,0.100138664,0.10784287,0.114787914,0.12099729,0.1265028,0.13132572,0.13546304,0.13888046,0.14151323,0.14327365,0.14406396,0.14379194,0.14238735,0.13981743,0.1361009,0.13132034,0.12563361,0.11928523,0.11261773,0.10608072,0.10022927,0.095693715,0.0930972,0.092916325,0.09533571,0.10018983,0.107033804,0.1152828,0.12433208,0.1336218,0.1426575,0.15100954,0.15830703,0.16423416,0.16853128,0.17100073,0.17151651,0.17003618,0.16661303,0.16140644,0.1546876,0.14683688,0.13832787,0.12969133,0.12145257,0.11404152,0.10769123,0.10236279,0.09774307,0.09333585,0.08862311,0.083254166,0.07724209,0.07117666,0.06642696,0.06507035,0.068998,0.07854037,0.092342265,0.108434044,0.12497196,0.14040136,0.15342972,0.16299607,0.16826701,0.16864981,0.16381207,0.15370105,0.1385614,0.11895894,0.09584439,0.07079525,0.04711719,0.03440629,0.04465611,0.066665225,0.08981569,0.110534504,0.12723799,0.13903837,0.14546032,0.14636229,0.1419015,0.13250309,0.11882382,0.101708815,0.082147114,0.061241515,0.0402616,0.021282094,0.013216918,0.024261452,0.037771318,0.049087297,0.057424553,0.0626485,0.06491138,0.06456924,0.062149245,0.058336366,0.053971637,0.050038893,0.047570366,0.047381412,0.049726706,0.054232277,0.060202762,0.06695805,0.07397783,0.0809087,0.0875282,0.09370768,0.09938236,0.10452673,0.10913244,0.113187596,0.11665835,0.119475156,0.121526554,0.12266213,0.12270459,0.121469304,0.11878785,0.11453227,0.10863673,0.10111415,0.0920665,0.081688404,0.07026476,0.05816477,0.045838334,0.033832066,0.022888873,0.014399639,0.011370822,0.014273708,0.018464211,0.021535737,0.022830687,0.02227385,0.02016391,0.01734846,0.015731914,0.017907178,0.024227707,0.033048578,0.0430377,0.053373247,0.06347939,0.07290352,0.08127357,0.08828441,0.09369395,0.09732228,0.09905118,0.09882327,0.096640475,0.092561856,0.086700976,0.07922312,0.07034313,0.06032552,0.04949209
175,0.14157552,0.13064666,0.117951475,0.10383499,0.08868886,0.07293994,0.05703677,0.04143426,0.026577279,0.0128847025,0.0008485254,0.009618678,0.017860303,0.023895055,0.027695443,0.029370215,0.029199066,0.027700758,0.025750726,0.02467361,0.025914324,0.0300647,0.036529046,0.044312358,0.052588824,0.060781002,0.06850924,0.07554922,0.08180689,0.08730006,0.09213809,0.0964949,0.10057409,0.10456873,0.10862188,0.11279641,0.11706082,0.12129375,0.12530401,0.12885948,0.13171822,0.13365707,0.13449535,0.13411365,0.13246864,0.12960503,0.12566625,0.1209039,0.115685076,0.11049267,0.10590792,0.102557935,0.10101463,0.10165893,0.104569316,0.10950384,0.11598483,0.123425715,0.13123544,0.13887726,0.14589138,0.15189841,0.15659623,0.15975685,0.16122603,0.16092609,0.15886144,0.15512562,0.14990762,0.14349495,0.13626944,0.12869032,0.121258005,0.11445315,0.10865372,0.10405062,0.10060091,0.0980566,0.09607478,0.094376035,0.09290348,0.09194147,0.09214803,0.09443398,0.09965033,0.10820003,0.11983073,0.13372608,0.14874953,0.16365983,0.1772436,0.18839031,0.19614042,0.1997238,0.19859302,0.19245243,0.18128192,0.16535771,0.14527686,0.12201042,0.0970589,0.07294977,0.05465889,0.05036277,0.06159312,0.07956234,0.097688414,0.112985395,0.12403266,0.1301449,0.1310983,0.12702356,0.118345864,0.105736405,0.0900673,0.072377205,0.053882953,0.0361879,0.022434805,0.019799104,0.028036319,0.038120575,0.046604473,0.052661534,0.056238733,0.057654355,0.057474755,0.056438237,0.05535983,0.0549852,0.05581079,0.05796354,0.06123652,0.065252475,0.06963333,0.07409686,0.07848091,0.082725324,0.08683744,0.090856075,0.094821975,0.09875789,0.10265816,0.106485546,0.11017203,0.11362126,0.116711445,0.119299345,0.1212262,0.122326836,0.12244197,0.12143296,0.119197555,0.11568462,0.11090597,0.10494384,0.097952835,0.0901558,0.08183335,0.07330673,0.064913675,0.056976292,0.04976103,0.043434653,0.03802939,0.033441596,0.02948719,0.02601721,0.02307412,0.021048335,0.020683676,0.022634467,0.026864527,0.032770976,0.039678227,0.047036417,0.05441477,0.061465073,0.06789835,0.07347314,0.07798977,0.08128713,0.08324061,0.08376071,0.08279217,0.080313735,0.076338544,0.07091487,0.06412716,0.05609702,0.04698431,0.03698991
176,0.15441047,0.1413064,0.12658751,0.11065982,0.09396585,0.07697121,0.06014999,0.04397024,0.028884005,0.015348996,0.0044245357,0.007412403,0.014693571,0.019964779,0.023078695,0.024212854,0.023767062,0.022436604,0.021319095,0.021788383,0.024725176,0.029866315,0.03632186,0.04324865,0.05002497,0.056223948,0.061577644,0.06595987,0.06937983,0.07197756,0.07401319,0.0758418,0.077866584,0.08046914,0.08392962,0.08836353,0.09370061,0.09971043,0.10605643,0.1123543,0.11821959,0.12330151,0.12730551,0.13000903,0.1312737,0.13105592,0.12941672,0.12653083,0.12269357,0.11832216,0.11394408,0.11016068,0.1075729,0.106668524,0.107701555,0.110622756,0.11510378,0.120637484,0.12665573,0.13261828,0.13806108,0.1426137,0.146,0.14803213,0.14860375,0.14768541,0.14532281,0.1416382,0.13683288,0.13118899,0.12506595,0.11888623,0.11310342,0.10814812,0.10435601,0.10189956,0.100758456,0.10075612,0.10165666,0.10328518,0.10562681,0.108870685,0.1133786,0.1195744,0.12778172,0.13807242,0.15018988,0.16356611,0.17740224,0.19076805,0.20269366,0.21224529,0.21858723,0.22103323,0.2190892,0.21248859,0.20122033,0.18555138,0.16604914,0.14361809,0.11958624,0.095926575,0.07575293,0.06375425,0.063747,0.07335122,0.08656136,0.0990513,0.10854885,0.11395249,0.1148335,0.11121482,0.103461064,0.0922096,0.078321084,0.06285634,0.047128443,0.033007793,0.02384909,0.02365623,0.029868752,0.037094116,0.042973395,0.046889935,0.048971906,0.049777575,0.050143197,0.050995506,0.053070217,0.056644265,0.061486237,0.06705175,0.07273613,0.078038916,0.08263071,0.08636237,0.08924695,0.09142786,0.09313816,0.09465355,0.09624297,0.0981231,0.1004247,0.103177205,0.10631277,0.10968497,0.11309447,0.11631496,0.11911571,0.12128035,0.122622594,0.12299982,0.12232466,0.120574035,0.11779459,0.114102975,0.10967973,0.1047554,0.09958821,0.0944339,0.08951088,0.08496691,0.08085721,0.077143,0.07371425,0.07043159,0.06717548,0.06389053,0.060616497,0.057500746,0.05478727,0.052774474,0.051737864,0.05183435,0.053034015,0.055123042,0.057771713,0.060619105,0.06333407,0.06564364,0.067338176,0.06826462,0.068315454,0.06741749,0.0655226,0.06260159,0.058641367,0.053645562,0.047637764,0.040667024,0.03281568,0.024214245
177,0.16179593,0.14684427,0.13051122,0.11325519,0.09556022,0.07792192,0.06083459,0.044784263,0.030264014,0.017893415,0.009215106,0.008635609,0.013011804,0.016683357,0.018632643,0.018928386,0.018043775,0.016862754,0.01669515,0.01868326,0.022838628,0.028320493,0.034263365,0.040024877,0.045152504,0.049338706,0.05240177,0.054283474,0.055056382,0.054936983,0.054299913,0.05367977,0.053730536,0.05510546,0.058267064,0.063333265,0.07007508,0.07804326,0.08670855,0.095548764,0.10408664,0.111903295,0.118644565,0.12402758,0.12784985,0.13000023,0.13047092,0.12936841,0.12692177,0.123484805,0.11952695,0.11560502,0.11230592,0.11015639,0.109514296,0.11048185,0.11288679,0.11634351,0.12035934,0.124436244,0.12813927,0.13112906,0.13316882,0.13411745,0.13391735,0.13258246,0.13018951,0.12687396,0.12283004,0.11831277,0.11363766,0.10917169,0.105307944,0.10241922,0.10079539,0.100585066,0.101772144,0.10420651,0.10767927,0.11201031,0.117115065,0.12303096,0.12989733,0.13789406,0.14715528,0.15768392,0.16929352,0.18159202,0.19400537,0.20582819,0.21628636,0.22460122,0.23004977,0.23201853,0.23005009,0.2238817,0.2134761,0.19904503,0.18106839,0.16031606,0.1378873,0.11529659,0.09463975,0.07875112,0.07064921,0.071223885,0.07768782,0.08597507,0.093106404,0.09741302,0.09812289,0.09505122,0.0884272,0.07879371,0.0669468,0.053915735,0.041029852,0.030190889,0.024197642,0.02477982,0.029265564,0.03415807,0.03784399,0.039977644,0.040932763,0.041573662,0.043018658,0.04621005,0.051456664,0.058366165,0.06617113,0.0740672,0.08138371,0.08763658,0.09253368,0.09596493,0.097986355,0.09879933,0.09872402,0.09816445,0.097562514,0.09734002,0.097834006,0.09923969,0.101580046,0.10471341,0.10837401,0.112227716,0.11592551,0.119145714,0.121623866,0.123172976,0.12369651,0.12319535,0.121768,0.11960245,0.116957255,0.11412993,0.11141295,0.109042406,0.10715072,0.10573841,0.104676545,0.10374025,0.10266169,0.1011859,0.09911656,0.09634571,0.09286714,0.08877579,0.08425534,0.07955541,0.074958585,0.070737824,0.067108065,0.06418224,0.06194716,0.060271855,0.058946434,0.05773452,0.05641884,0.05482829,0.052845746,0.050402183,0.047464006,0.044019613,0.040069986,0.035627294,0.03072661,0.025462141,0.020085178,0.015289714
178,0.16338976,0.1470422,0.12961245,0.11160469,0.09353918,0.07593936,0.05932416,0.04421379,0.031171875,0.020941459,0.0146696335,0.013095637,0.01421964,0.015358086,0.015400193,0.014244932,0.012387578,0.01100849,0.01178514,0.0151581485,0.020026116,0.025333913,0.030415451,0.03483333,0.038285952,0.040573597,0.04158764,0.04130981,0.039820537,0.03732293,0.034197062,0.031101026,0.029080823,0.029427942,0.03296303,0.039463893,0.04810908,0.05808479,0.06874695,0.07957847,0.090135336,0.10001931,0.10887217,0.11638307,0.12230317,0.12646331,0.12879175,0.1293294,0.12824023,0.125814,0.12245781,0.11867116,0.11499878,0.1119581,0.10994917,0.10917242,0.10959047,0.110955775,0.112891264,0.11498604,0.11687183,0.11826647,0.11898752,0.11894594,0.11812994,0.11658673,0.11440788,0.11172149,0.10869195,0.10552533,0.10247502,0.09983964,0.097944036,0.09709783,0.09753735,0.09937154,0.10255993,0.10693732,0.11227474,0.11835014,0.12500459,0.13217087,0.13987088,0.14818454,0.15719692,0.16693652,0.17731977,0.18811643,0.19894296,0.20928307,0.21852829,0.22602972,0.2311532,0.23333259,0.23211804,0.22721726,0.21852866,0.20616616,0.19047649,0.17205171,0.15174237,0.13068098,0.11032543,0.092502475,0.07929035,0.072311185,0.07140927,0.07434709,0.078288876,0.0810914,0.081530444,0.07909865,0.0737984,0.06600365,0.056376714,0.04583459,0.035590235,0.027300384,0.02297081,0.02327317,0.026119426,0.029097592,0.031069914,0.031943176,0.032377116,0.033572633,0.036777113,0.042541668,0.050485283,0.059736475,0.069379926,0.0786364,0.08690006,0.09373787,0.0988833,0.10222952,0.103821374,0.103845656,0.10261886,0.10057054,0.09821737,0.09611954,0.094811216,0.094707966,0.09601599,0.098685354,0.10243383,0.10682729,0.11137637,0.11561714,0.11916588,0.121752255,0.1232382,0.1236267,0.12306088,0.12181059,0.12024175,0.118763916,0.117757015,0.11748881,0.11804764,0.11931696,0.12100299,0.1227023,0.123982415,0.124451675,0.123807624,0.1218634,0.11855612,0.11394225,0.108183436,0.10152548,0.09427187,0.08675314,0.07929285,0.07217202,0.06559565,0.05966773,0.054383345,0.049643822,0.04529322,0.041164998,0.037124272,0.033096015,0.029078446,0.025148772,0.02147362,0.018337088,0.016176151,0.015517162,0.016666377,0.019461202
179,0.15923119,0.14200948,0.1240611,0.105933145,0.08818316,0.07136975,0.056051023,0.042794608,0.03219056,0.024783883,0.02069326,0.019035282,0.018244065,0.017080668,0.014972475,0.011852376,0.00808515,0.0051447516,0.006677457,0.011288262,0.016354129,0.021068852,0.025053142,0.028068364,0.029965628,0.030669725,0.03016676,0.028489642,0.025701506,0.021880206,0.017111752,0.011524099,0.005669243,0.005319324,0.012772293,0.021946937,0.032067984,0.042902157,0.054223362,0.065758765,0.077187404,0.088154584,0.09829423,0.10725559,0.11473143,0.12048523,0.12437519,0.12637292,0.12657483,0.1252042,0.1226015,0.1192002,0.11548512,0.111932784,0.10893962,0.10675415,0.10543776,0.10487305,0.10481811,0.10498359,0.10510314,0.104978964,0.104498476,0.10362825,0.10239472,0.10086139,0.09911079,0.09723678,0.09534894,0.093585856,0.09212967,0.09121047,0.09108964,0.09201731,0.09417276,0.09761188,0.10224808,0.107877135,0.1142334,0.12105407,0.12813249,0.13535105,0.14269021,0.15021403,0.1580339,0.16625649,0.17492619,0.18397573,0.19319682,0.20223765,0.21062565,0.21780904,0.22320808,0.22626899,0.22651444,0.22358815,0.21729106,0.20760854,0.19472834,0.17904976,0.16118614,0.14196415,0.122424215,0.10382174,0.08760151,0.0752329,0.06769941,0.06474067,0.06472651,0.06556257,0.06559619,0.06388052,0.06007564,0.054292873,0.046976406,0.038833395,0.030816939,0.02415136,0.020175893,0.019378936,0.020519605,0.02190788,0.022708835,0.023073029,0.023989044,0.026836,0.03241416,0.040454887,0.050122492,0.06053187,0.07091344,0.08063205,0.08918343,0.096192844,0.10141554,0.10473637,0.10616804,0.10584857,0.104039215,0.10112281,0.097599566,0.09407102,0.091194786,0.089591146,0.089704536,0.09167189,0.09527875,0.10003472,0.105316326,0.110501684,0.115061775,0.11861193,0.12093899,0.122014575,0.12199758,0.12122195,0.12016143,0.11936119,0.11933361,0.120435,0.122764826,0.12613317,0.1301105,0.13413051,0.13760032,0.13998687,0.14087112,0.13997471,0.13716713,0.13245966,0.12599036,0.11800278,0.108820155,0.0988166,0.08838649,0.077913135,0.067738205,0.058133528,0.049278162,0.041245326,0.03400516,0.027448693,0.021435684,0.015872076,0.010869959,0.007288544,0.0074683023,0.01121597,0.016168153,0.021416245,0.026684936,0.031879324
180,0.14966217,0.13212141,0.11426199,0.096678436,0.07997806,0.06477476,0.05168095,0.04126815,0.033916328,0.02949377,0.027141953,0.025617952,0.023888005,0.021374313,0.017889647,0.013505544,0.008450571,0.003065121,0.0025701998,0.007670676,0.012224248,0.015955163,0.01870999,0.020436283,0.02118847,0.021128215,0.020513533,0.019667417,0.01891402,0.018485995,0.01845408,0.018757666,0.019347839,0.020358847,0.022191802,0.025401555,0.030408293,0.037289225,0.045810275,0.055559907,0.06604713,0.07675329,0.08716424,0.09679814,0.10523246,0.11212957,0.11725867,0.12051191,0.12191265,0.12161402,0.11988612,0.11709078,0.113642864,0.109960094,0.106406525,0.10324136,0.10058805,0.098436326,0.096677475,0.09515963,0.09374218,0.092332795,0.090899944,0.08946348,0.08807175,0.08677688,0.08561907,0.0846271,0.0838355,0.08331103,0.083175786,0.08361229,0.08483992,0.08706233,0.09040229,0.09485217,0.100264125,0.10638293,0.11290462,0.11953924,0.12606291,0.13235287,0.13840297,0.14431804,0.15028617,0.15652964,0.16324116,0.17051837,0.17831253,0.1864056,0.19441982,0.20185427,0.2081379,0.21268766,0.21496415,0.21452025,0.21104082,0.20437269,0.19454437,0.18177602,0.16647977,0.14925238,0.13086264,0.112237014,0.09444466,0.078667544,0.06609088,0.0575719,0.0530704,0.051395543,0.050807256,0.049849007,0.047682792,0.044031918,0.03902939,0.0330904,0.026824856,0.020981245,0.01637899,0.013655945,0.01271788,0.012747909,0.01322427,0.01456937,0.017769773,0.023351545,0.03104965,0.040259596,0.050342254,0.060698185,0.07078273,0.08011715,0.088300556,0.095019855,0.100056216,0.103287965,0.10469162,0.104343146,0.102422036,0.099219896,0.095153116,0.09077356,0.08676025,0.08386028,0.082746856,0.08381364,0.08701731,0.091891006,0.09771444,0.103714876,0.10920909,0.113679275,0.11680949,0.11850416,0.11889648,0.11834363,0.11739733,0.116732195,0.11701918,0.118757896,0.122125536,0.12691799,0.13261196,0.1385035,0.14385222,0.14798787,0.15037309,0.15063232,0.14855924,0.14411059,0.13739108,0.12863219,0.11816618,0.10639719,0.09377035,0.08074067,0.06774279,0.055163022,0.043314926,0.032419804,0.022594038,0.013845794,0.0060853185,0.0009233436,0.0072198203,0.013158707,0.018864566,0.024437875,0.029914128,0.035277184,0.04048206,0.04547853
181,0.13527106,0.117973655,0.10082286,0.08448004,0.069634065,0.056983665,0.047161337,0.04051399,0.03676783,0.034950215,0.033830892,0.03243585,0.030221228,0.027010702,0.02288727,0.018112632,0.013095794,0.008482503,0.0056619924,0.006362202,0.008789358,0.011017583,0.012581612,0.013597669,0.014518484,0.015972579,0.018439036,0.021959018,0.026188252,0.030629294,0.034791075,0.03826108,0.040747274,0.042120196,0.042465568,0.042147085,0.041854165,0.042547714,0.04517336,0.050208356,0.057448383,0.06622089,0.07571224,0.085159704,0.09392145,0.101496644,0.10753166,0.111822024,0.11430957,0.11507279,0.11430849,0.11230398,0.109400265,0.10594906,0.10226893,0.09860877,0.095127754,0.09189792,0.088928215,0.08620075,0.08370526,0.08145915,0.079507165,0.07790289,0.076682314,0.07584372,0.0753465,0.07513277,0.07516487,0.075463854,0.076132074,0.077346094,0.07931421,0.08220751,0.08608998,0.09087915,0.09635419,0.102203704,0.10809091,0.11371634,0.118868075,0.12345641,0.12753193,0.1312846,0.1350195,0.13910577,0.14390035,0.14965987,0.15646411,0.16417524,0.17244361,0.18075271,0.18848442,0.19498768,0.19964002,0.20189844,0.20133957,0.19768985,0.19084595,0.18088597,0.16807084,0.15283695,0.13578103,0.11764022,0.09927187,0.08163931,0.06580501,0.052899167,0.043920435,0.039150998,0.03757511,0.037361454,0.03694992,0.035492558,0.032732148,0.028784504,0.023971617,0.0187014,0.013372931,0.008303778,0.0037847483,0.00250347,0.006599118,0.011800539,0.01793619,0.02508195,0.03315875,0.04194277,0.05111532,0.060311873,0.06916212,0.07732006,0.08448469,0.09041228,0.09492207,0.09789745,0.099285886,0.09910094,0.097429514,0.09444715,0.09044229,0.08584714,0.08126367,0.0774547,0.07524628,0.075301774,0.07784555,0.08254436,0.08865202,0.095275916,0.101586826,0.10692863,0.11086571,0.113205604,0.11401315,0.113616,0.11258947,0.1116978,0.11176474,0.113471515,0.11714329,0.12263621,0.12939067,0.13660155,0.14340177,0.1489951,0.1527306,0.15413539,0.1529232,0.14898862,0.14239286,0.1333429,0.122166,0.1092805,0.095164485,0.08032354,0.06525919,0.050439328,0.03627216,0.023084966,0.011111037,0.0007559993,0.008888447,0.016926853,0.023877766,0.02995348,0.03538607,0.040386237,0.045112673,0.04965697,0.054046452,0.05826124
182,0.116842836,0.10034347,0.08453635,0.07019943,0.05816256,0.049201023,0.043718603,0.041322257,0.040837865,0.04091541,0.040551912,0.039203018,0.0366908,0.03309214,0.028656246,0.023749514,0.018821165,0.014385969,0.011001257,0.009111402,0.008649094,0.009068555,0.010109403,0.012079869,0.015404706,0.020159014,0.026067376,0.032691184,0.039539646,0.0461172,0.051954154,0.056636654,0.05983885,0.061357304,0.061148815,0.05937474,0.056455936,0.053133912,0.05049055,0.04978013,0.05192804,0.056994088,0.0642178,0.07253196,0.08095853,0.08874051,0.0953474,0.100450695,0.10389806,0.10568792,0.10594173,0.10487218,0.10274756,0.09985491,0.096466646,0.09281606,0.08908652,0.08541587,0.08191267,0.07867579,0.07580721,0.073409274,0.07156512,0.07031001,0.06960966,0.06936159,0.06942497,0.06967024,0.070030876,0.070539765,0.071335964,0.07263353,0.07465396,0.07754095,0.081292026,0.08573867,0.09058015,0.095450565,0.099991724,0.103915654,0.10705167,0.109379,0.11104551,0.11236911,0.1138134,0.11592626,0.119236976,0.124129415,0.13073416,0.13888486,0.14815038,0.15791547,0.167471,0.17609064,0.18308833,0.18786089,0.18992044,0.18891977,0.18467122,0.17715888,0.16654244,0.15315264,0.13747787,0.12014355,0.101887256,0.083536364,0.06599993,0.050296605,0.037634112,0.029384825,0.026222879,0.02666393,0.028106812,0.028838133,0.028200023,0.026136449,0.022898396,0.018905183,0.014714977,0.011152845,0.00957457,0.011029672,0.014717636,0.01957172,0.025170304,0.031376295,0.038088698,0.045160018,0.052387614,0.059534073,0.0663547,0.07262125,0.078137465,0.08274538,0.08632403,0.088783786,0.09006079,0.09011614,0.088944055,0.08659181,0.08319276,0.07901125,0.07449377,0.070306346,0.06730659,0.06636749,0.06803676,0.072241135,0.078315414,0.08530422,0.09225672,0.09838608,0.10313235,0.1061881,0.10751588,0.10736263,0.10626167,0.104998656,0.104503974,0.10564364,0.108948685,0.114420176,0.121537566,0.1294452,0.1371794,0.14383571,0.14865987,0.15108672,0.15075019,0.14747879,0.14128219,0.1323315,0.12093477,0.10750825,0.09254497,0.076581895,0.060166996,0.043827977,0.028044198,0.013225177,0.0007307564,0.012437743,0.02292893,0.031861242,0.039342325,0.04556248,0.05076424,0.055207606,0.059133623,0.06273322,0.06612847,0.06937061
183,0.0953123,0.08016206,0.0663997,0.055032365,0.047085,0.043122545,0.042610552,0.044056766,0.045908324,0.047103822,0.047090344,0.045681376,0.0429358,0.03907742,0.034439743,0.029423103,0.024456184,0.019956406,0.01628565,0.013709774,0.012404855,0.012547172,0.0143540865,0.017929934,0.02314813,0.029709326,0.037219632,0.04522816,0.05324996,0.060790356,0.06737305,0.072570324,0.07603349,0.077522345,0.07693344,0.07432849,0.06996691,0.064349435,0.05827754,0.052903973,0.04963989,0.04966221,0.053163256,0.059242845,0.06659575,0.07409232,0.08093548,0.08662516,0.09089359,0.093651205,0.0949429,0.09490945,0.09375221,0.0917017,0.08899291,0.085849956,0.08248132,0.07908343,0.075847104,0.072958276,0.07058543,0.06885171,0.06780045,0.06737234,0.067411944,0.06770748,0.06805124,0.06830091,0.06842538,0.06852396,0.06881063,0.069557935,0.07100666,0.073269114,0.07626922,0.07974868,0.08333052,0.086606085,0.089215554,0.0909096,0.091593474,0.09135814,0.09050065,0.08952753,0.08912218,0.09004718,0.09297003,0.098265,0.10590058,0.1154753,0.12634997,0.13778202,0.14901464,0.15932496,0.16805051,0.17460895,0.17851733,0.1794124,0.17706965,0.17141889,0.16255344,0.15073092,0.13636443,0.12000446,0.102312975,0.08403374,0.06596699,0.0489681,0.03402659,0.022584906,0.01699269,0.017888328,0.021291088,0.024120277,0.025474645,0.025367651,0.024202801,0.022606133,0.021327576,0.021060502,0.022155011,0.024495553,0.027725238,0.03152066,0.03568308,0.040104248,0.044705853,0.049397025,0.054060034,0.05855872,0.06275837,0.066545576,0.06983995,0.0725938,0.07478028,0.07637436,0.077334255,0.07759151,0.077056736,0.07564407,0.07331363,0.0701291,0.0663259,0.06238056,0.059048608,0.057285976,0.057944916,0.06132806,0.06699589,0.07401984,0.08136789,0.08814022,0.09365845,0.09749483,0.09949001,0.09977196,0.09877148,0.09721531,0.09605803,0.09630298,0.098707825,0.103498474,0.11028587,0.118233345,0.12632316,0.13356775,0.13912538,0.14234821,0.1427952,0.1402287,0.13460223,0.12604238,0.11482555,0.1013505,0.08610764,0.0696462,0.05254105,0.03536108,0.018645436,0.0030814763,0.011838314,0.02476504,0.03599121,0.045446426,0.05318895,0.05937663,0.06424361,0.068070665,0.0711499,0.07374788,0.07607377,0.078259826
184,0.07172342,0.05852705,0.04777506,0.040906917,0.03880658,0.040678307,0.04450823,0.048504133,0.05158665,0.053226497,0.05324044,0.05166719,0.048696358,0.04462238,0.039808765,0.034656376,0.029574541,0.024958545,0.021182775,0.01861877,0.017651584,0.018601066,0.02155557,0.026346028,0.032670952,0.040175453,0.04846159,0.057088196,0.06558208,0.07345956,0.08025346,0.08554195,0.08897655,0.09030769,0.08940681,0.08628514,0.081110895,0.0742294,0.06619489,0.057826664,0.050286558,0.04506771,0.04354099,0.045980614,0.051283985,0.057904102,0.06461981,0.07066081,0.07559985,0.07924419,0.08156059,0.082623675,0.082578376,0.08161255,0.07993878,0.07778462,0.07538875,0.07299767,0.07085551,0.069180235,0.068125784,0.067741565,0.067949645,0.06855677,0.06930115,0.069917895,0.07020328,0.07006433,0.06954683,0.06883593,0.06822189,0.06802562,0.06849331,0.06969579,0.07148278,0.07351667,0.075364254,0.07660158,0.07690137,0.07609617,0.07422415,0.07156645,0.0686766,0.06637937,0.065674245,0.06747296,0.07224627,0.07985852,0.089727916,0.101105586,0.11325441,0.12550496,0.13725129,0.14793432,0.15703285,0.16406725,0.1686146,0.1703313,0.16897872,0.16444701,0.15677299,0.1461491,0.1329212,0.117574945,0.1007112,0.083013155,0.06520951,0.048042934,0.032271948,0.018840704,0.010109964,0.011090075,0.016570318,0.021281991,0.024512505,0.026531544,0.027882151,0.02915475,0.030803923,0.033019096,0.03572649,0.038706955,0.041729208,0.04462844,0.047324512,0.049801376,0.052070487,0.054136686,0.055979725,0.057556845,0.058822874,0.05975739,0.06038626,0.06078653,0.061068404,0.061335705,0.06163657,0.061924547,0.062050093,0.061790608,0.06091197,0.05924721,0.05678127,0.053737108,0.05065376,0.048406687,0.048036754,0.050282404,0.05510947,0.06175509,0.069167346,0.07635726,0.08253969,0.08717118,0.089965336,0.090911165,0.0902949,0.08871298,0.08704587,0.086337015,0.0875288,0.09111721,0.09694302,0.10428067,0.112119235,0.11942382,0.12528725,0.12899348,0.13003546,0.12811342,0.12312405,0.11514403,0.10440859,0.0912858,0.076247096,0.059835337,0.042631835,0.025225073,0.008203585,0.00813727,0.02302876,0.036349982,0.047856905,0.057448234,0.0651415,0.071063116,0.07543204,0.07853564,0.08069803,0.082242616,0.08345357,0.08454315
185,0.047220197,0.03691818,0.031183744,0.031504147,0.036343094,0.042826813,0.049050707,0.054066733,0.05744064,0.059017662,0.058819428,0.056993537,0.053782374,0.04949859,0.04450308,0.039186,0.033954814,0.029237023,0.02550192,0.023274153,0.023042763,0.025028266,0.029073782,0.034821503,0.04189248,0.049920127,0.058524303,0.06729439,0.07579267,0.0835717,0.090198494,0.095280826,0.0984926,0.09959614,0.09846014,0.09507264,0.08954942,0.08213948,0.07323221,0.06337569,0.053324416,0.044140387,0.03730386,0.03443015,0.0360279,0.040785916,0.04686608,0.0529785,0.058417246,0.06284586,0.0661466,0.06833625,0.06951881,0.06985802,0.06956152,0.06887052,0.068048626,0.06736214,0.06704678,0.06726301,0.06805396,0.06932626,0.070866674,0.07239029,0.07360337,0.07426394,0.07423012,0.073491834,0.07218251,0.07056494,0.0689831,0.06777556,0.06716484,0.06716437,0.06755434,0.06794332,0.06788309,0.06698824,0.06503375,0.062031187,0.058297113,0.054518662,0.051771093,0.051330585,0.054138497,0.060268756,0.069026634,0.07947924,0.09081477,0.102425836,0.11387001,0.124805465,0.1349336,0.14395769,0.15156084,0.15740442,0.16114447,0.16246156,0.16109763,0.15689242,0.14981396,0.1399782,0.12765515,0.11326048,0.097333215,0.08050152,0.063439615,0.046820357,0.031271312,0.017363034,0.0060074837,0.0064566154,0.013947272,0.020167228,0.025153004,0.029380497,0.033335783,0.03734864,0.04151145,0.04570181,0.04967538,0.05316919,0.055977277,0.057989355,0.059197035,0.059675008,0.059545532,0.05893649,0.05794582,0.056624915,0.054988485,0.053048678,0.05086193,0.04857099,0.04642124,0.04472821,0.04378146,0.043708004,0.044375155,0.045410365,0.046325173,0.04666359,0.046121098,0.044633426,0.042455204,0.04023065,0.038981512,0.03981087,0.0432735,0.049000885,0.056028,0.06330408,0.069945544,0.07529995,0.07895825,0.08076725,0.0808499,0.07962671,0.077818796,0.076388754,0.076352656,0.07844823,0.08281786,0.08895635,0.09594627,0.10275859,0.10845203,0.11226234,0.11362975,0.112200394,0.10781728,0.10050561,0.09045345,0.07798803,0.06354822,0.047653966,0.030874062,0.013794766,0.0030557546,0.019058412,0.03384044,0.047020536,0.05834392,0.067672774,0.07498846,0.080387406,0.08406988,0.086320974,0.087483585,0.087923266,0.08798738,0.0879636
186,0.023286292,0.019034002,0.023238152,0.03163163,0.04055578,0.04860597,0.05519939,0.06006083,0.063077725,0.064252235,0.06368013,0.061536897,0.058065146,0.053562112,0.048368786,0.042864453,0.037473302,0.03268933,0.029107537,0.02738495,0.02800867,0.031002792,0.035979897,0.04244864,0.04998139,0.058210757,0.066784434,0.07533733,0.08348684,0.09084376,0.09703141,0.10170797,0.104588345,0.1054633,0.10421436,0.10082335,0.095376365,0.08806252,0.07916895,0.069075495,0.058256075,0.04730373,0.037017807,0.02861941,0.023942718,0.024324426,0.028517628,0.0341846,0.0398801,0.044962164,0.049192257,0.05253484,0.055071365,0.0569605,0.05841501,0.05968031,0.061005563,0.06260384,0.064606994,0.06702987,0.069759466,0.07257504,0.07519177,0.0773144,0.078689195,0.07914769,0.07863889,0.07724722,0.07519152,0.07279788,0.07043859,0.068437584,0.066963844,0.065959975,0.065150894,0.06413689,0.062531345,0.060099836,0.056885123,0.05332372,0.05033595,0.04925454,0.051333178,0.056976646,0.065550596,0.07594627,0.08711686,0.09826776,0.1088641,0.11858998,0.12729703,0.13494645,0.1415459,0.14708841,0.15150441,0.15463808,0.15625288,0.15606394,0.15378788,0.14919786,0.1421729,0.13273336,0.12105824,0.10748342,0.092481405,0.07662565,0.06054268,0.04485627,0.030128088,0.016800167,0.005159763,0.004893514,0.013284753,0.020536628,0.027108472,0.033444345,0.039817262,0.046257474,0.05257478,0.058442637,0.06349616,0.067414,0.069974236,0.07108405,0.07078578,0.06924142,0.06669815,0.06343896,0.05972602,0.055750106,0.05160289,0.047286503,0.04276374,0.03803934,0.033258457,0.02881023,0.025394201,0.023864606,0.024623647,0.027124852,0.030293783,0.033164248,0.035089985,0.0357445,0.035117123,0.03355302,0.031821914,0.031097086,0.032548603,0.036568675,0.042539477,0.049401097,0.056158878,0.062042426,0.066521406,0.069305286,0.07035393,0.06989605,0.068443686,0.06677532,0.065832734,0.06647406,0.06913442,0.073622905,0.07922853,0.08500889,0.09003678,0.093528636,0.09489054,0.09372678,0.08983382,0.08318803,0.07392877,0.062337656,0.048814733,0.033855524,0.018055605,0.0033531836,0.0148187755,0.029989712,0.0440715,0.056603704,0.06729283,0.075968154,0.08257989,0.08719689,0.08999906,0.091263145,0.091340736,0.09062743,0.08952305,0.0883852
187,0.008765578,0.019342449,0.030121258,0.040069107,0.048823643,0.05614653,0.061870858,0.065894604,0.06818103,0.06875908,0.06772205,0.06522433,0.06147676,0.05674237,0.05133543,0.045629278,0.040079843,0.035266507,0.031914137,0.030769482,0.03223684,0.03611289,0.041816566,0.04876108,0.05648794,0.06463731,0.07289252,0.080944985,0.088481754,0.09518872,0.10076303,0.1049297,0.10745909,0.10818259,0.10700483,0.10391138,0.0989711,0.09233325,0.08421972,0.07491337,0.064744465,0.054078333,0.043311104,0.032891404,0.02342628,0.01606703,0.013178923,0.015800307,0.020941883,0.026411207,0.031508967,0.036084812,0.04019321,0.04398242,0.047641184,0.051356252,0.05527076,0.059448034,0.063850015,0.068336844,0.07268668,0.07662959,0.07988785,0.08221684,0.08344249,0.083492406,0.08241751,0.08039971,0.077739365,0.07481472,0.07200813,0.06960696,0.067711115,0.0661973,0.064773485,0.06311136,0.06101341,0.058578588,0.056341,0.05531115,0.056740757,0.061514046,0.06960958,0.080206156,0.09217867,0.10445794,0.116169125,0.12666653,0.13553734,0.14259288,0.14784531,0.151465,0.15371667,0.1548801,0.15516867,0.15466577,0.153298,0.15085356,0.14703932,0.14155824,0.13418618,0.12483151,0.1135696,0.10064983,0.08647783,0.07157717,0.056535777,0.04194337,0.028330095,0.01614395,0.0061983014,0.006476533,0.0142260585,0.022087472,0.030003093,0.03819495,0.046674144,0.055206165,0.063379735,0.07070451,0.07670213,0.080978006,0.08327161,0.083486035,0.0816978,0.07814759,0.07321237,0.06735872,0.061077677,0.05480392,0.048830885,0.043247696,0.03793245,0.03261895,0.0270132,0.020910282,0.014284182,0.007446266,0.0035130922,0.008913813,0.015451054,0.021222211,0.025723731,0.028658843,0.029906297,0.029565,0.028030455,0.026103796,0.02503923,0.026148591,0.02984941,0.035400603,0.041672297,0.047702655,0.05280261,0.056535408,0.058701903,0.05934342,0.058751248,0.057465363,0.0562286,0.055843532,0.056910574,0.05956162,0.063398644,0.06767865,0.071566254,0.07430524,0.07529604,0.07411968,0.0705389,0.06449029,0.056072284,0.04553277,0.033268332,0.019914698,0.0078039905,0.012861199,0.026715787,0.04060105,0.053498153,0.06492649,0.074567094,0.082225345,0.087827094,0.09141732,0.09315548,0.09330565,0.09221997,0.09031368,0.088029385,0.08578955
188,0.02542761,0.034683567,0.04340979,0.051327445,0.058217023,0.06389931,0.068234615,0.071126334,0.07252505,0.07243186,0.070900686,0.06803948,0.06401143,0.059037935,0.053406887,0.04749225,0.041791607,0.036976404,0.033889733,0.033320997,0.035538454,0.040114403,0.04631407,0.05348546,0.061154857,0.06897895,0.07668414,0.084026895,0.09077451,0.09670025,0.10158778,0.10524072,0.107494526,0.10822815,0.107373714,0.10492295,0.10092957,0.09550734,0.08882382,0.08109058,0.072550535,0.06346385,0.054093946,0.04469572,0.035509955,0.026773127,0.018776422,0.012126608,0.00870696,0.010747996,0.015732085,0.021443186,0.02734847,0.033376016,0.03954957,0.045883697,0.05234273,0.058825094,0.065163665,0.07113827,0.07649731,0.080985345,0.08437417,0.086494364,0.08726469,0.0867157,0.08500361,0.08240844,0.07930923,0.07612862,0.073246576,0.07090189,0.06912501,0.06775153,0.06653086,0.06529749,0.06415109,0.06358897,0.06450245,0.06791546,0.07449225,0.084173284,0.09624631,0.10967458,0.12337449,0.13636395,0.14783277,0.15718117,0.1640435,0.16829789,0.17005795,0.1696412,0.1675106,0.16418971,0.16016024,0.15576142,0.15111947,0.14613321,0.14052325,0.13392776,0.1260123,0.11656285,0.105544284,0.09311993,0.0796367,0.06558312,0.051528867,0.03805615,0.025705455,0.015041464,0.0077048377,0.009277052,0.016304182,0.024475511,0.033427652,0.043135274,0.05336438,0.06365661,0.07341499,0.082002275,0.08882701,0.093411766,0.095443174,0.09480409,0.091588646,0.08610107,0.078839935,0.07046847,0.061768454,0.05356534,0.046596993,0.041305583,0.03762697,0.034985438,0.032584522,0.029771771,0.026254263,0.022185419,0.018259615,0.015817488,0.016207462,0.019098429,0.02289613,0.026308998,0.02859688,0.029401477,0.02866114,0.026611328,0.023855044,0.02148149,0.020955294,0.023170598,0.02757298,0.0329158,0.038153138,0.04259785,0.045855872,0.04777827,0.04844308,0.048145413,0.047371726,0.046725616,0.046774298,0.047838442,0.04984429,0.05235382,0.054734927,0.05633896,0.056612264,0.055147283,0.051700663,0.046198953,0.038747516,0.029676534,0.019794216,0.012082726,0.0150386,0.025912272,0.038331963,0.05056397,0.061881945,0.07182047,0.08005462,0.08637822,0.09070126,0.09304989,0.093564264,0.09249274,0.09018109,0.087054715,0.08359017,0.08027109
189,0.043969,0.05054464,0.056678616,0.062212672,0.06699509,0.07088227,0.07374412,0.075471394,0.07598377,0.0752378,0.073234536,0.070026614,0.06572593,0.06051351,0.054655828,0.04853374,0.042690605,0.037886206,0.035060313,0.03500229,0.037817482,0.042876914,0.04933105,0.056488477,0.06387494,0.07117306,0.07815955,0.084662825,0.090537935,0.095653675,0.099888064,0.10312963,0.10528236,0.10627247,0.10605528,0.10462084,0.101997145,0.09825049,0.0934826,0.087824784,0.08142986,0.07446259,0.067089885,0.05947237,0.05175926,0.04408973,0.03660711,0.029501218,0.02311886,0.01822197,0.01624798,0.01826921,0.023383986,0.030148381,0.0377247,0.0456701,0.053683043,0.06149666,0.0688441,0.075455405,0.08106993,0.08545726,0.08844234,0.08993166,0.08993691,0.08859236,0.08616089,0.08302163,0.07963072,0.07644881,0.0738424,0.071992055,0.07086292,0.07027667,0.07006988,0.07027774,0.07126828,0.07374486,0.07854225,0.08625504,0.09693163,0.11004775,0.12470093,0.1398345,0.154396,0.16743523,0.17816891,0.18602723,0.19068687,0.1920884,0.1904344,0.18616411,0.17990004,0.17236415,0.16426644,0.15617895,0.14842524,0.14102416,0.1337175,0.12607637,0.11764626,0.10808112,0.09723231,0.08518376,0.07223994,0.058879796,0.045690183,0.03329632,0.022334805,0.013675638,0.009621593,0.012525604,0.01909594,0.027338052,0.036977388,0.04781968,0.059427373,0.07115154,0.08223162,0.091893986,0.09943568,0.104291946,0.10608766,0.10467277,0.10014237,0.0928439,0.08337633,0.07258976,0.061594203,0.05176291,0.044602606,0.041174073,0.04118557,0.043046176,0.045016203,0.045947224,0.04533219,0.043161537,0.039806362,0.035942696,0.03246186,0.030247971,0.029743908,0.030620843,0.03201065,0.033021085,0.03302709,0.031725463,0.029116392,0.02550144,0.021544686,0.01840407,0.017573358,0.019641709,0.02356438,0.027972577,0.031977747,0.035119817,0.03723196,0.038368303,0.038758572,0.03875437,0.038743746,0.039031256,0.03972084,0.04066719,0.041526396,0.041866314,0.04127483,0.039437283,0.03618997,0.031577952,0.02598074,0.02048613,0.017715633,0.02075458,0.028624652,0.038639635,0.04923389,0.05954081,0.068981074,0.07712795,0.083669886,0.0884028,0.091230586,0.092166625,0.09133386,0.08896269,0.085386015,0.08103006,0.07639679,0.07202945
190,0.05961743,0.064001255,0.06792504,0.07136641,0.07427004,0.076550074,0.07809842,0.07879757,0.07853591,0.07722377,0.07480901,0.07129152,0.06673747,0.06129526,0.055217594,0.048896994,0.042920675,0.038123697,0.035514448,0.035848968,0.039067317,0.04437531,0.050845426,0.05776927,0.064685754,0.07131288,0.07748461,0.083106816,0.08812718,0.09251406,0.0962421,0.099283665,0.10160548,0.103169754,0.1039384,0.10387903,0.10297102,0.101210475,0.09861316,0.095214985,0.091070384,0.08624896,0.080831595,0.074907355,0.06857292,0.061937228,0.055134833,0.04835477,0.041895136,0.036253724,0.032223728,0.030796945,0.03258693,0.037269026,0.043918118,0.051626287,0.05969799,0.067604214,0.07491818,0.081282824,0.08640445,0.09006174,0.09212262,0.09256356,0.09148682,0.08913096,0.08586839,0.08218084,0.078602545,0.07562634,0.07359137,0.072605476,0.07256605,0.07329364,0.07472104,0.07704781,0.080778755,0.08659101,0.09505319,0.106344625,0.12014675,0.13572787,0.15211117,0.16822982,0.18304253,0.19561812,0.20520042,0.21125886,0.21352477,0.21201137,0.20701388,0.19908671,0.1889932,0.17762426,0.16588329,0.15454412,0.14410603,0.13469417,0.12605707,0.11767865,0.10896265,0.09941552,0.08877163,0.07704453,0.06451662,0.05168906,0.039215166,0.027850319,0.018508257,0.01265175,0.012159514,0.016053572,0.022248711,0.030318107,0.040274087,0.051855613,0.06446782,0.07729765,0.089437455,0.09998697,0.108136326,0.113233574,0.11483753,0.11275587,0.107069194,0.098144926,0.08665075,0.07358912,0.060394164,0.049120616,0.042417064,0.04204025,0.046613004,0.052988693,0.058768436,0.062681966,0.06421417,0.063335784,0.0603646,0.055887852,0.050702646,0.045733783,0.041865103,0.039639954,0.03897516,0.039204996,0.03945896,0.039012797,0.037428875,0.03455881,0.030506928,0.02560645,0.020448565,0.01602272,0.013828167,0.014825526,0.017955966,0.021644227,0.025020504,0.027745096,0.029761713,0.031170482,0.032144826,0.03285716,0.033413284,0.033812705,0.03395074,0.033661537,0.032786634,0.031255346,0.029178178,0.026966607,0.025456116,0.02581487,0.02889226,0.034561273,0.04202208,0.050406173,0.058991756,0.06719996,0.07456331,0.08070925,0.085356295,0.08831594,0.08949613,0.088904165,0.086648524,0.082939684,0.07809079,0.07251817,0.06673946,0.061358757
191,0.07164266,0.074258775,0.07642761,0.07821826,0.079647645,0.0806752,0.08120874,0.08112012,0.080267206,0.07851831,0.075775854,0.07199785,0.06721734,0.061562262,0.055280685,0.04877943,0.042681843,0.037876662,0.035408027,0.035976853,0.039377593,0.04469599,0.050960947,0.057466734,0.06377799,0.069657125,0.0750018,0.079799585,0.08409265,0.087947644,0.09142995,0.09458344,0.09741791,0.09990523,0.10198357,0.10356786,0.10456309,0.104877666,0.10443455,0.10317889,0.10108205,0.09814268,0.09438598,0.08986293,0.08465139,0.07886149,0.07264811,0.0662337,0.059944406,0.054256078,0.049823068,0.047408808,0.047619496,0.050548792,0.055702817,0.062281974,0.06947809,0.07659972,0.083086945,0.08849847,0.092504114,0.09488769,0.095557205,0.094557844,0.09208329,0.08848009,0.084237054,0.079947606,0.07623043,0.07360619,0.07236762,0.07252548,0.073894896,0.07629015,0.07971927,0.08447665,0.09107998,0.10006132,0.1117092,0.1259024,0.14210285,0.1594611,0.17695275,0.19350035,0.20807153,0.21975826,0.2278417,0.23184364,0.23156308,0.22709593,0.21883495,0.2074475,0.19382744,0.17901652,0.1640892,0.14999913,0.13740331,0.12651496,0.11706304,0.10840812,0.099775925,0.09050167,0.08019648,0.068812065,0.05662775,0.044197384,0.032299142,0.021967243,0.014779684,0.012791922,0.015320346,0.019729238,0.02546084,0.0330887,0.04298294,0.054907534,0.06815377,0.081765585,0.09470212,0.105947174,0.11459189,0.1199016,0.12136917,0.11875439,0.11211025,0.101800755,0.08852416,0.07337861,0.058065142,0.04539675,0.03959603,0.042987768,0.052135568,0.062495295,0.07149587,0.07793418,0.081329376,0.08164656,0.07917793,0.074478514,0.06831875,0.06163355,0.055436045,0.050640203,0.047766313,0.04668424,0.04668129,0.046840258,0.04638885,0.04484153,0.041996703,0.037883986,0.03270791,0.026805783,0.020638376,0.014871842,0.01070585,0.009974813,0.01253531,0.01623605,0.019894103,0.023133304,0.02586911,0.028116237,0.029912485,0.031286813,0.03225533,0.032839812,0.033102993,0.033191685,0.033372436,0.034031816,0.03560472,0.03842773,0.042599194,0.047950756,0.054127973,0.060694125,0.06720229,0.073234044,0.078419685,0.08245069,0.08508886,0.08617343,0.08562637,0.08345599,0.07975942,0.07472521,0.068638295,0.06189054,0.05500014,0.048635244
