0,0.0932085,0.08751232,0.079068325,0.068544984,0.056758713,0.044716917,0.033793636,0.026136434,0.024369227,0.028409092,0.03533628,0.04318961,0.051387213,0.059943665,0.068973176,0.07841859,0.08793361,0.09688368,0.10442024,0.109584056,0.11141072,0.10902718,0.10173698,0.08909662,0.07099666,0.047835805,0.021897132,0.021256305,0.054039214,0.09116277,0.12894264,0.16546893,0.19904214,0.22811602,0.2513676,0.267785,0.27675024,0.2781089,0.2722211,0.2599914,0.2428734,0.2228379,0.20227012,0.18371567,0.16936457,0.1603068,0.1560093,0.15461019,0.15392539,0.15244536,0.14990413,0.14744131,0.14733842,0.15211098,0.16308251,0.17946625,0.19874573,0.21771486,0.23327702,0.24284145,0.24450855,0.23719667,0.22079322,0.196424,0.16706376,0.13896371,0.12357532,0.1328403,0.1650042,0.20855969,0.25430825,0.2966215,0.33192256,0.35787725,0.3730844,0.3769518,0.36962125,0.35189155,0.32512212,0.29111415,0.25197563,0.20997997,0.16743489,0.12658896,0.08964003,0.05903783,0.038529713,0.03279482,0.037761476,0.044020757,0.0476813,0.048128784,0.0457933,0.041416537,0.035788946,0.029674137,0.023890192,0.019554863,0.018116063,0.020095352,0.024151573,0.028533751,0.031950954,0.03349133,0.032539736,0.028868765,0.023054495,0.018118141,0.0214682,0.03423768,0.05135319,0.06994645,0.08828275,0.10496353,0.11880013,0.12885591,0.13453099,0.13565716,0.13259447,0.12632641,0.11853024,0.11151677,0.107776836,0.10893529,0.11472873,0.12314628,0.13152878,0.13747887,0.13922574,0.13570344,0.12657104,0.11228879,0.0943878,0.07627054,0.0648112,0.06854462,0.08699115,0.11228081,0.13849755,0.16228552,0.18160334,0.19516446,0.20224363,0.20260513,0.19646361,0.18444733,0.16755664,0.14712054,0.124762304,0.10238992,0.08221089,0.06663687,0.057539877,0.054553412,0.05465774,0.05440979,0.051644675,0.045663532,0.037336085,0.030411484,0.03280194,0.047043215,0.06764831,0.09061869,0.113756336,0.1355369,0.15474702,0.17039554,0.18170159,0.18810302,0.18926795,0.18510443,0.17576894,0.16167876,0.1435424,0.122443266,0.100071,0.07933026,0.06547069,0.0650279,0.078161635,0.098394364,0.1204304,0.14143778,0.15989573,0.17495275,0.18618059,0.19348547,0.19707805,0.19746494,0.19544232,0.19207418
1,0.10252865,0.09303503,0.081038244,0.06725592,0.052591708,0.038281742,0.02647595,0.021407373,0.025469575,0.033787124,0.042463057,0.050316893,0.057279382,0.063736394,0.07020929,0.077093005,0.084453955,0.09195158,0.09889403,0.10437188,0.1074061,0.10707787,0.102636606,0.09359812,0.07986556,0.06199541,0.042274956,0.030362219,0.043669153,0.07213913,0.10464196,0.13740467,0.16829824,0.19566685,0.21815458,0.23472196,0.2447033,0.24786709,0.2444661,0.23527111,0.22158283,0.20520787,0.18836004,0.17340183,0.16232426,0.15603247,0.15389578,0.15406263,0.15435626,0.15310869,0.14962527,0.14436357,0.13892378,0.13573582,0.1371724,0.14422989,0.15581436,0.1693197,0.18172951,0.19036599,0.193215,0.18906538,0.177633,0.15978992,0.13808738,0.117875054,0.108325526,0.11792942,0.14492735,0.18083702,0.21856716,0.2535183,0.28266054,0.30397692,0.3162368,0.31890017,0.31205678,0.2963605,0.2729459,0.24332508,0.20926902,0.17268226,0.13548185,0.09949918,0.066449896,0.03818351,0.018841168,0.019599883,0.030232023,0.038563855,0.04294046,0.043561265,0.041042097,0.036154542,0.02980034,0.023205984,0.01851426,0.018738069,0.024006665,0.031479232,0.039074197,0.04561797,0.050325997,0.052641228,0.052250426,0.049195275,0.044105496,0.038672104,0.036215212,0.04032896,0.050978504,0.065240026,0.08042266,0.09464539,0.10659246,0.11538977,0.1206017,0.12227736,0.12100506,0.11793529,0.114696085,0.113071784,0.1143795,0.118817024,0.12532194,0.1320524,0.13702346,0.13853037,0.13534638,0.12680925,0.11289259,0.09436707,0.073337555,0.055124857,0.051261686,0.06768861,0.09443052,0.123291925,0.15038103,0.17348687,0.19116218,0.20247893,0.20696251,0.20456783,0.19565675,0.18096595,0.16156419,0.13880545,0.11429197,0.08987674,0.067758486,0.050669074,0.04142114,0.039950363,0.041759346,0.04228253,0.039175898,0.031727444,0.020617448,0.012244411,0.024233233,0.045689076,0.069676965,0.094265476,0.118104264,0.1400154,0.15896289,0.1740745,0.18466926,0.19028105,0.19067615,0.18586557,0.17611575,0.16196553,0.14426583,0.12427926,0.10391736,0.08621528,0.075704046,0.07652489,0.0879745,0.10536186,0.124481924,0.14276046,0.15872017,0.17153095,0.18079506,0.18645635,0.18876459,0.18826191,0.18577251,0.18237516
2,0.11303235,0.10008972,0.08478647,0.06787772,0.050314788,0.033495244,0.020601861,0.019357767,0.028687889,0.03967734,0.04934889,0.05707355,0.06297385,0.067584954,0.0716829,0.0760631,0.08126132,0.087331206,0.09380285,0.09982113,0.10435497,0.106384754,0.10504176,0.099714674,0.09015474,0.07664395,0.060438115,0.04529605,0.040889263,0.05477957,0.07932987,0.10717544,0.13480745,0.16012993,0.18162231,0.19815533,0.20898183,0.21377306,0.21266207,0.2062796,0.19577387,0.18279767,0.16941892,0.15786088,0.14996882,0.14649874,0.14671631,0.14874735,0.15041222,0.14993826,0.14632486,0.13947867,0.13026635,0.12052124,0.11285357,0.10987961,0.11277572,0.12035265,0.12980735,0.1381392,0.14296836,0.14278133,0.13700564,0.12614915,0.112162,0.09914722,0.09371294,0.10171641,0.12242129,0.15025383,0.17992632,0.2077034,0.23101237,0.24809556,0.25784898,0.2597494,0.25380546,0.24050364,0.22073933,0.19573098,0.16692124,0.13587141,0.10415757,0.07327934,0.044607185,0.019559396,0.0072862413,0.02153194,0.033729624,0.041545738,0.045073014,0.044716425,0.041057043,0.03485162,0.027192563,0.020176085,0.018227343,0.024055457,0.033879507,0.044448834,0.05422027,0.062276073,0.067972586,0.07088042,0.07081464,0.067906804,0.062720545,0.056433786,0.05105255,0.049221832,0.052737936,0.06090527,0.07143019,0.08213029,0.0914908,0.09863922,0.10327934,0.10566641,0.10657669,0.10719243,0.10881387,0.112391286,0.11807964,0.12512378,0.13213079,0.13748357,0.13967031,0.13748,0.13010724,0.11721496,0.09900157,0.07637978,0.05179147,0.03388093,0.042590216,0.07005155,0.101125985,0.13097899,0.15735582,0.17875756,0.19413078,0.20281671,0.2045476,0.19944265,0.18799073,0.17101783,0.14964187,0.12522227,0.0993205,0.07371472,0.050605737,0.03341231,0.02725408,0.031102432,0.036425114,0.03843693,0.03562088,0.027722605,0.015329344,0.0069801584,0.024847697,0.047704484,0.072113805,0.096730605,0.12035901,0.14190058,0.16038425,0.17500204,0.18513983,0.19040094,0.19062258,0.18588746,0.1765342,0.16317457,0.14673233,0.12853074,0.11046757,0.09526107,0.086366154,0.08646471,0.09506236,0.108937986,0.12472608,0.14006406,0.15349266,0.16417228,0.17170253,0.17603222,0.17741907,0.17641291,0.17384219,0.17078158
3,0.12288698,0.10722213,0.08927565,0.06981788,0.04979737,0.030621022,0.01632579,0.018963588,0.031859312,0.04452082,0.05490838,0.062624045,0.0678259,0.071070164,0.073241435,0.075408086,0.07853914,0.08314739,0.089071356,0.095547326,0.10147759,0.10570349,0.10719342,0.10515727,0.099126,0.089035906,0.0753845,0.05966287,0.045735694,0.042107027,0.05428415,0.07560532,0.09948662,0.122604795,0.14302309,0.15943581,0.17098072,0.1772179,0.17815495,0.17428179,0.16659929,0.15662228,0.14630756,0.13779779,0.13286057,0.1321445,0.13480744,0.13892967,0.14233226,0.14319794,0.14034519,0.13330027,0.12231007,0.10837621,0.093362294,0.08014614,0.072333,0.07231433,0.07876128,0.08777749,0.0957883,0.100533664,0.100959696,0.097089574,0.09012169,0.08275574,0.079321854,0.08413434,0.098003946,0.117961764,0.14021163,0.16168402,0.18013382,0.19397028,0.20214541,0.20409639,0.19970633,0.18926218,0.17340107,0.15304363,0.12931678,0.103471324,0.07680086,0.050573934,0.026029736,0.005869702,0.016361345,0.03111605,0.0419421,0.04852831,0.050927147,0.049406514,0.04443737,0.036754847,0.02764852,0.020151222,0.020594852,0.029907148,0.04245986,0.055174142,0.06662324,0.07592378,0.08247129,0.08589842,0.08609182,0.083227746,0.07781891,0.07077468,0.0634643,0.057682384,0.055207435,0.056787185,0.061544463,0.06775024,0.073895,0.079128064,0.083286956,0.086802244,0.09051268,0.0953425,0.10188111,0.110062785,0.11913512,0.12788093,0.13490842,0.13888244,0.13867536,0.13345942,0.12276249,0.10650077,0.08500321,0.05908486,0.030680232,0.015798293,0.042591307,0.07522328,0.10679153,0.13535282,0.15950803,0.17816508,0.1905422,0.1961937,0.19502597,0.18729697,0.17359759,0.15481675,0.13209444,0.10677034,0.08034724,0.054538168,0.03176853,0.018477606,0.02374193,0.034540933,0.042289324,0.04525315,0.043230522,0.03688176,0.028414436,0.02450009,0.03377707,0.052433014,0.07474055,0.09801944,0.120658986,0.14143188,0.15934041,0.17359093,0.18359977,0.18900487,0.18967585,0.18572137,0.17749597,0.16561228,0.15096776,0.13480027,0.11878149,0.10510118,0.096292235,0.09432279,0.09923863,0.10906595,0.12119796,0.1334811,0.14444995,0.1532151,0.1593302,0.1627084,0.16358012,0.16247392,0.16020112,0.15781817
4,0.13070387,0.11317918,0.09343512,0.07223786,0.050508928,0.029573923,0.01376774,0.019018045,0.0339742,0.047722783,0.058701508,0.066575676,0.07147056,0.0738937,0.07472427,0.07514699,0.07643244,0.079530224,0.084662564,0.09123863,0.09813318,0.104058474,0.10782378,0.10846923,0.10533079,0.09808037,0.08677014,0.07192668,0.05485679,0.038868386,0.032716937,0.043692436,0.063378386,0.08450372,0.10404406,0.120402426,0.13259393,0.14007854,0.14275043,0.14096862,0.1355973,0.12803404,0.12017121,0.11415546,0.11177575,0.11362417,0.11873225,0.125102,0.13056232,0.13331558,0.13212638,0.12633735,0.11583358,0.10100117,0.08270618,0.062362384,0.04239681,0.028427145,0.030114204,0.042894512,0.05649075,0.06708041,0.07339347,0.075213104,0.07316291,0.06885139,0.06510818,0.06561978,0.07287461,0.086186536,0.102847,0.12009555,0.13577126,0.14829318,0.15656294,0.15990381,0.1580239,0.1509839,0.13915949,0.12319536,0.103952505,0.08245526,0.05985587,0.0374971,0.017801307,0.013427612,0.026946917,0.04019373,0.050119232,0.056069426,0.0578706,0.0556372,0.04975899,0.040985055,0.03078766,0.022783305,0.024036704,0.034825213,0.048945732,0.06310958,0.07577549,0.08601072,0.09321051,0.097040564,0.09743266,0.094589785,0.08898802,0.08137151,0.07273689,0.06428979,0.057314295,0.052855488,0.05126137,0.052032977,0.054311454,0.057535328,0.061719988,0.067312025,0.07479098,0.084262796,0.095281795,0.106936336,0.118051,0.12737602,0.13372695,0.13608387,0.13366337,0.1259701,0.1128292,0.09440002,0.07117147,0.04394836,0.01399008,0.018804194,0.051002454,0.08234284,0.11130786,0.13660717,0.15714087,0.17204928,0.18075605,0.1829961,0.17882647,0.1686196,0.15304035,0.13300905,0.109655805,0.08427598,0.05832148,0.033624377,0.015079031,0.020082545,0.035064887,0.047347788,0.05516581,0.05818406,0.056680143,0.05161993,0.045142107,0.041432876,0.045703743,0.058830038,0.077403925,0.0982362,0.11922655,0.13891524,0.15620926,0.17027956,0.18052854,0.1865824,0.1882909,0.18572834,0.17919517,0.16922225,0.15658273,0.14231695,0.12777111,0.11461975,0.104757264,0.09984186,0.100493975,0.1058501,0.11408276,0.123286456,0.13196765,0.13913324,0.14423315,0.1470945,0.14788081,0.14707145,0.14544429,0.14403124
5,0.13551353,0.11701723,0.096374325,0.07432825,0.05176642,0.02993769,0.013020439,0.01888377,0.034755964,0.0491595,0.060627334,0.068802096,0.07374399,0.07587402,0.075988196,0.07524587,0.07503662,0.07662284,0.080629714,0.08675355,0.093950234,0.10087327,0.106220394,0.1089066,0.1081306,0.103397936,0.09452823,0.08165669,0.065240875,0.04612376,0.0260488,0.013927814,0.027930152,0.04834501,0.06764627,0.08411901,0.09682589,0.10521846,0.10912453,0.10879379,0.10496194,0.09892198,0.09255506,0.08814571,0.08768191,0.09177292,0.09925181,0.107962176,0.115737185,0.12086382,0.12217388,0.119015366,0.11120598,0.09898924,0.08299463,0.06421653,0.04409789,0.025309453,0.017099345,0.027645266,0.04183178,0.05347807,0.061054897,0.06408561,0.06273796,0.05790921,0.05158547,0.047374696,0.04970416,0.05990575,0.07521762,0.092289746,0.108679354,0.12269209,0.13313784,0.1392186,0.14048485,0.1368141,0.12839173,0.11568787,0.09943261,0.08060275,0.06046789,0.04089955,0.025931163,0.024348093,0.034803025,0.046931174,0.056686834,0.06275238,0.06464459,0.062326945,0.056144636,0.04690399,0.036248986,0.027942017,0.02865039,0.039212078,0.053778082,0.06862742,0.08195391,0.09271531,0.10027844,0.10432323,0.10481133,0.10196402,0.09623212,0.08825195,0.07878597,0.06865021,0.05863585,0.04944616,0.04169621,0.03604212,0.033399917,0.034820624,0.04068885,0.050347243,0.06266658,0.07648051,0.09064777,0.10403797,0.11554936,0.12415572,0.12896506,0.1292781,0.12463904,0.11487577,0.10013094,0.08090031,0.058158733,0.034150954,0.020040022,0.03700062,0.06372697,0.09039554,0.11462744,0.13507213,0.1507584,0.16101009,0.1654413,0.16395961,0.156761,0.14431375,0.12733087,0.106735446,0.08362765,0.0592854,0.035378866,0.016343057,0.020112561,0.036606263,0.05158101,0.06287049,0.069887295,0.07256523,0.0712786,0.06694486,0.06127576,0.057097916,0.05797269,0.06596583,0.080006376,0.0975532,0.11634148,0.13469653,0.15138662,0.1654944,0.17635238,0.1835153,0.18674906,0.18602593,0.18152227,0.17361763,0.16289754,0.15016182,0.1364403,0.12300617,0.111344926,0.102973945,0.09899993,0.09956577,0.103715375,0.10988832,0.11654947,0.122526646,0.12708516,0.12990215,0.13103117,0.13087913,0.1301839,0.12995848
6,0.13670462,0.11810401,0.09745572,0.07546134,0.052970026,0.0311968,0.0140598,0.018611683,0.034360167,0.048991527,0.060806505,0.06936265,0.074633956,0.07693225,0.076921254,0.07562946,0.0743876,0.074577786,0.07715405,0.08219765,0.08891178,0.09602366,0.10220482,0.10630691,0.10745234,0.10506056,0.098851904,0.08884285,0.075337,0.05892039,0.040508848,0.021839535,0.011972416,0.025268253,0.042374466,0.05761788,0.06967723,0.07787588,0.08191611,0.08188728,0.07833415,0.072375745,0.065871656,0.061451375,0.061741907,0.067564815,0.07730251,0.08840469,0.09867317,0.106545255,0.11102474,0.11160225,0.10821487,0.10123395,0.09147488,0.080232106,0.069323786,0.060988825,0.057157975,0.05800569,0.061553262,0.06514219,0.06669461,0.064978026,0.05953378,0.050710753,0.04014001,0.032423932,0.035588536,0.05020654,0.06992363,0.09067166,0.11022605,0.12708324,0.14012566,0.14854577,0.15183906,0.14981057,0.14257804,0.13056752,0.11450513,0.09542001,0.0747051,0.054395765,0.03817727,0.032672506,0.039659027,0.05110994,0.061377384,0.06824402,0.07086329,0.06906601,0.063194804,0.054153197,0.043738246,0.03556141,0.03522341,0.044255838,0.05807702,0.07271343,0.08601783,0.0967836,0.104320616,0.10830669,0.10872303,0.10580609,0.09999287,0.09185275,0.08200595,0.071034916,0.059402194,0.047399133,0.035168495,0.022929162,0.012414974,0.013671739,0.026533164,0.04210169,0.05838387,0.07444001,0.089395866,0.102363825,0.11248565,0.11899744,0.12129437,0.11898771,0.11195274,0.10037334,0.0848071,0.06636058,0.047363475,0.034071457,0.037872545,0.055787988,0.07745475,0.09841859,0.11670934,0.13116415,0.14103335,0.14587983,0.1455471,0.14014085,0.13000938,0.115720294,0.09803706,0.07791056,0.056540806,0.035799395,0.02099409,0.024782803,0.039885443,0.05529106,0.06825173,0.07786457,0.08377856,0.085988544,0.08482421,0.0810147,0.07581745,0.071166225,0.069564074,0.07318064,0.08249144,0.09618472,0.11231777,0.12913659,0.14525661,0.15961413,0.17140266,0.18003485,0.1851248,0.18648095,0.18410371,0.17818458,0.16910665,0.15744744,0.14398664,0.12971987,0.115870155,0.10385681,0.09511839,0.09067451,0.090579644,0.093813725,0.09881379,0.10411485,0.10867461,0.11193615,0.11380038,0.11459089,0.11501682,0.11609531
7,0.13397603,0.116091795,0.096296795,0.07523333,0.053709,0.032946248,0.016648727,0.018790325,0.033256862,0.04759671,0.05953301,0.068462156,0.074247815,0.07707546,0.07744679,0.07619371,0.07445554,0.07353478,0.074548334,0.0779704,0.08341889,0.089881904,0.096134424,0.10104492,0.10371856,0.10354722,0.100225605,0.09376025,0.084486134,0.07310991,0.060823016,0.04955223,0.042191934,0.041443676,0.046688624,0.054486774,0.061834235,0.066950135,0.068895705,0.06730004,0.06227007,0.054436564,0.04520249,0.037382912,0.03552148,0.042065226,0.054013412,0.06756122,0.08039333,0.09119195,0.099219136,0.10416514,0.10609907,0.10544192,0.10292191,0.099478796,0.096084125,0.093473755,0.09187367,0.09088044,0.089593,0.08690957,0.08182352,0.073636435,0.06212597,0.04784792,0.033343937,0.027702313,0.04047587,0.06284225,0.08770325,0.112217456,0.1346595,0.15369646,0.16826133,0.17755286,0.18106103,0.17859091,0.17027648,0.15658234,0.1382974,0.11653295,0.09276269,0.06902455,0.04867251,0.037950713,0.041630883,0.053021923,0.06447241,0.0727197,0.07657564,0.07579435,0.07076945,0.062533915,0.053004045,0.04549009,0.044372898,0.051337335,0.063393384,0.07686246,0.08936034,0.09950275,0.106522724,0.11008316,0.11017875,0.10706252,0.10117142,0.093043596,0.0832304,0.0722135,0.06034516,0.04783678,0.034839574,0.021807292,0.011970201,0.017180817,0.03157913,0.04765342,0.063715905,0.07879802,0.092022106,0.102562055,0.10968997,0.112837106,0.111651786,0.10605118,0.09627291,0.082953155,0.06731637,0.05175123,0.041269865,0.042839207,0.055706523,0.07300497,0.09035519,0.10558633,0.117483824,0.12533103,0.12875757,0.12767862,0.12225909,0.11288414,0.10013404,0.084773734,0.06779093,0.050597493,0.03580554,0.029016376,0.034655504,0.047104195,0.06068098,0.07307339,0.083291546,0.09084199,0.09549741,0.09723889,0.09626255,0.09302562,0.08832871,0.08341867,0.08001982,0.08004824,0.0848294,0.09436375,0.10748349,0.12258924,0.1381656,0.15294015,0.1658871,0.17620291,0.18329017,0.18675187,0.18639104,0.1822117,0.17441918,0.16341981,0.14982215,0.13444443,0.11833416,0.10279937,0.08941463,0.07985517,0.07531581,0.0756888,0.07948278,0.08474543,0.08991661,0.09409452,0.09699921,0.09888957,0.1004871,0.10285917
8,0.1273021,0.11088709,0.09274663,0.07345026,0.05376201,0.034930762,0.020400288,0.020190107,0.032160886,0.045536306,0.057246685,0.066424504,0.072787985,0.07637905,0.07752075,0.076817274,0.07514475,0.0735805,0.07320302,0.07475368,0.07833267,0.08338277,0.08896431,0.09407993,0.09788484,0.0997838,0.099468626,0.0969338,0.09248522,0.0867424,0.08061705,0.07521881,0.07160698,0.07037442,0.07130197,0.073425844,0.07546267,0.07621609,0.074779436,0.07058861,0.0634145,0.05334483,0.040792875,0.02667752,0.014122535,0.016383875,0.03099509,0.047043037,0.06224927,0.075799175,0.087287724,0.09658346,0.103787504,0.10918334,0.11315467,0.11607183,0.11816739,0.119437695,0.11960685,0.11816787,0.11448472,0.10792383,0.09798976,0.08446666,0.067631036,0.04886822,0.033454828,0.035862207,0.057206716,0.08500466,0.11396207,0.14169525,0.16655461,0.18720856,0.20258342,0.21188204,0.21461658,0.21063556,0.20013809,0.1836738,0.16213095,0.13672347,0.109007336,0.08102586,0.055946115,0.04005065,0.041055962,0.053282764,0.066557795,0.07660336,0.0820251,0.0825983,0.078827925,0.07189573,0.063790165,0.057457663,0.056194708,0.061378304,0.07121605,0.08276727,0.09370714,0.10256221,0.108508125,0.11119656,0.11063891,0.107113086,0.10107401,0.093063265,0.08362527,0.07324799,0.062358204,0.051421758,0.041248444,0.03365417,0.031866375,0.03766496,0.048717905,0.061979406,0.075439766,0.087721765,0.097747214,0.104642086,0.10774172,0.10662862,0.10117814,0.091610596,0.07857439,0.063352935,0.04849543,0.03930134,0.042270232,0.055394292,0.07194226,0.08794015,0.10140673,0.11124364,0.11685097,0.11799981,0.11477776,0.107552975,0.096944466,0.08380627,0.06925629,0.054829903,0.042904343,0.037058517,0.03967306,0.048328336,0.0592223,0.07017171,0.08018122,0.088792294,0.09577248,0.10097885,0.10430362,0.105669536,0.105062336,0.10259449,0.09859698,0.09373441,0.089117065,0.08630741,0.08700506,0.09232127,0.10216394,0.11538432,0.13040341,0.14567907,0.15988128,0.17192343,0.18095723,0.18636696,0.1877678,0.18500507,0.17815152,0.1675014,0.15356243,0.13704993,0.11889206,0.10026338,0.08267014,0.06807314,0.05876443,0.056215238,0.0593915,0.06545166,0.071905635,0.07738418,0.08146018,0.0844074,0.087043576,0.090555355
9,0.11690307,0.10262046,0.086854294,0.07009185,0.05304823,0.036972903,0.024872145,0.023173708,0.031877145,0.043501996,0.054500926,0.063665695,0.070527926,0.07496864,0.07712542,0.07737074,0.07630114,0.07470412,0.07346469,0.073380716,0.074920796,0.078063,0.082342364,0.087065026,0.09153649,0.09521146,0.09776433,0.09910865,0.099384576,0.09891728,0.0981418,0.09749213,0.09727034,0.09753572,0.09806277,0.098387584,0.09791656,0.09604871,0.09227534,0.08624436,0.0777926,0.06695354,0.05394944,0.039182253,0.02329432,0.008473773,0.013933036,0.030120341,0.046311364,0.061625466,0.07576796,0.08862948,0.10020614,0.1105333,0.119614035,0.12735344,0.13351548,0.13771452,0.13944463,0.13813972,0.1332539,0.1243527,0.11121613,0.09398074,0.07344846,0.052174993,0.038860176,0.048570864,0.07515539,0.10690833,0.13916811,0.16955422,0.19635113,0.21817686,0.23393527,0.2428361,0.24442671,0.2386168,0.22568907,0.20629351,0.18142731,0.15240926,0.12087392,0.08887216,0.05943299,0.038993184,0.038554657,0.052802525,0.068391226,0.08040663,0.08749958,0.08958421,0.08732882,0.082063876,0.07579337,0.07107829,0.07033613,0.074478306,0.08233241,0.09171104,0.10061325,0.107644126,0.11199916,0.11335493,0.11176113,0.107540086,0.101188615,0.09328458,0.084410936,0.07512098,0.06597758,0.057697114,0.051375654,0.0485464,0.050498623,0.057121906,0.066936225,0.07810949,0.08901911,0.09831866,0.10490504,0.10791529,0.10675264,0.10112461,0.09108545,0.07709629,0.0601782,0.04251114,0.029980086,0.0334872,0.049710248,0.06862304,0.08607454,0.100228675,0.11004316,0.11493818,0.114717774,0.10954458,0.09992444,0.0867014,0.071097694,0.05491344,0.04118966,0.035092127,0.039816976,0.050886963,0.06323907,0.07456675,0.0840499,0.09155659,0.09731122,0.10169976,0.10510972,0.107797414,0.1098089,0.11097885,0.11100716,0.10958844,0.10656475,0.10208458,0.09676177,0.09180781,0.089008406,0.0902679,0.09666871,0.10781784,0.12219539,0.13794185,0.15334395,0.16698304,0.17774688,0.18481505,0.18764655,0.18597075,0.17977723,0.16930167,0.15500695,0.13756157,0.1178215,0.09683053,0.07587864,0.056722913,0.042155646,0.036146384,0.039595917,0.047667373,0.056048196,0.06294527,0.06800015,0.07167183,0.074994214,0.079349995
10,0.10321508,0.09161463,0.07883317,0.065266915,0.051562708,0.038884923,0.029592859,0.027421754,0.032974858,0.042189233,0.05190134,0.060654994,0.06778407,0.073000975,0.07626217,0.07772427,0.07772598,0.07676962,0.075482786,0.07454064,0.0745399,0.07585294,0.07853621,0.08235567,0.086910866,0.09177821,0.09661145,0.10118459,0.10538924,0.10920206,0.11263599,0.11568778,0.118294336,0.120308764,0.12150127,0.121583015,0.1202453,0.11720413,0.112241745,0.10523939,0.09619915,0.085255794,0.07268491,0.05892539,0.044678714,0.03133718,0.022625124,0.024930226,0.036150564,0.05035679,0.06526324,0.08010672,0.09452485,0.10822802,0.12087745,0.13203607,0.14116144,0.14763,0.15078458,0.1499976,0.1447444,0.13468516,0.119766414,0.10038974,0.07784422,0.05588314,0.045747973,0.060318723,0.09015976,0.12460031,0.15915814,0.19136581,0.21942072,0.2418853,0.25764087,0.2659056,0.26626348,0.2586853,0.24353425,0.22155365,0.19383824,0.16179611,0.12712298,0.09186386,0.058914214,0.034971554,0.03519777,0.052721,0.0707443,0.08458294,0.09321666,0.09679196,0.09616588,0.092793874,0.08863289,0.08585223,0.08616838,0.09004638,0.09654735,0.104009986,0.110819876,0.115787126,0.11822074,0.117880665,0.11489327,0.1096551,0.10273263,0.09476715,0.08640186,0.078255445,0.0709636,0.06527578,0.06210475,0.06232594,0.06628289,0.07344734,0.0826193,0.09235484,0.101242185,0.10801572,0.11161062,0.1112082,0.106280036,0.096625954,0.08240327,0.06416006,0.042965427,0.021562772,0.017324196,0.03787635,0.060631417,0.08117271,0.09789628,0.1097489,0.116046906,0.11647122,0.11107791,0.100301415,0.08495851,0.06630188,0.046346877,0.029667271,0.027820194,0.042026952,0.059878632,0.07637139,0.08991223,0.09995079,0.1065031,0.11001577,0.1112711,0.11125293,0.110943586,0.11107044,0.111889884,0.11312756,0.11411744,0.11406213,0.11229973,0.10852052,0.10294213,0.09647198,0.09082724,0.08837839,0.09128258,0.100151174,0.11370779,0.12976143,0.14615454,0.16111103,0.17326644,0.18162839,0.1855418,0.18466479,0.1789481,0.16861197,0.15411724,0.13613048,0.11548499,0.09314298,0.07017462,0.047813334,0.027930107,0.01629312,0.022113796,0.03388828,0.04424792,0.05200507,0.05732424,0.06102934,0.0644647,0.06925906
11,0.086858004,0.078349896,0.06902168,0.059163988,0.049311623,0.040413752,0.03406734,0.032231234,0.035462547,0.042073544,0.049992446,0.05785384,0.06488025,0.07064434,0.07494507,0.07775436,0.079193644,0.07951981,0.07910946,0.07843203,0.078002766,0.07831078,0.07973236,0.08245977,0.086480655,0.09161585,0.09758822,0.10408571,0.11079893,0.11743363,0.12370831,0.12934716,0.13407569,0.1376228,0.13972998,0.14016615,0.13874586,0.1353475,0.12992868,0.12253675,0.113313004,0.1024915,0.09039582,0.07744376,0.06418398,0.051425904,0.040598948,0.034343652,0.035623744,0.044015527,0.056540303,0.07103082,0.08631979,0.10163714,0.116295926,0.1295779,0.14071196,0.14889856,0.15335861,0.15339631,0.14847054,0.13827647,0.12285398,0.102787495,0.079752505,0.05845688,0.051404245,0.06888931,0.10042535,0.13621928,0.17189227,0.20491067,0.23340775,0.25590622,0.27127364,0.27873906,0.2779193,0.26883644,0.2519188,0.22798254,0.19819525,0.16402698,0.12720704,0.089752026,0.05441583,0.028448226,0.032718327,0.05416713,0.07419395,0.089393735,0.09923815,0.10413795,0.10512891,0.10374569,0.10183341,0.10116843,0.10289792,0.10710969,0.112914756,0.11896052,0.12394808,0.12692012,0.12735032,0.12512685,0.12048727,0.11392981,0.10611365,0.09776065,0.0895768,0.08221597,0.07629774,0.072450124,0.07128467,0.07321085,0.07816534,0.08550094,0.09412942,0.10275934,0.11008316,0.114897005,0.11618413,0.11318157,0.10543342,0.092827424,0.075610705,0.054382164,0.030064816,0.004069141,0.023106009,0.049002778,0.072565116,0.09242174,0.10740733,0.11663259,0.11954566,0.1159732,0.10613946,0.09066861,0.07059487,0.04750801,0.024940956,0.02033652,0.04069458,0.06382137,0.08465144,0.10167238,0.11415997,0.12189795,0.12514152,0.12460582,0.12143026,0.117077194,0.11310591,0.11078518,0.110650994,0.112299554,0.11460895,0.11621973,0.11596869,0.11315589,0.1076991,0.100267395,0.09244141,0.0867797,0.08625922,0.09261966,0.10506764,0.121127106,0.13816509,0.15404573,0.16718075,0.1764468,0.18111725,0.18081859,0.17549828,0.16539326,0.15099409,0.13300239,0.11228226,0.08980709,0.06660437,0.04370324,0.022108847,0.0037746506,0.014867702,0.028357517,0.038547862,0.04551146,0.0498138,0.05255507,0.05537691,0.06016166
12,0.06860657,0.06343029,0.057842277,0.052000146,0.046258505,0.04123019,0.03779206,0.0368528,0.038803227,0.043193795,0.049100768,0.0556295,0.062103912,0.06805911,0.0731965,0.07735066,0.08047045,0.082608774,0.08391618,0.08463428,0.08508478,0.08564845,0.08672822,0.08869471,0.09182232,0.09623582,0.10188757,0.10857152,0.11596197,0.123658694,0.13122651,0.13822602,0.14423753,0.1488812,0.151835,0.15285113,0.15176986,0.14852962,0.14317188,0.13583942,0.12676755,0.11626854,0.10471198,0.09250678,0.08009706,0.06799594,0.056900848,0.047940064,0.0429175,0.04372536,0.05057868,0.06185296,0.07570565,0.09073524,0.105832495,0.11999379,0.13224354,0.14163111,0.14726718,0.14838055,0.14438695,0.13497116,0.120201826,0.10075486,0.07853731,0.05881555,0.05431689,0.073193714,0.105010875,0.14080332,0.17634629,0.20910105,0.2371794,0.25909126,0.27370492,0.28026384,0.2784118,0.26820764,0.2501229,0.22501868,0.19410321,0.15887438,0.121062584,0.082630545,0.046192553,0.020529998,0.033267215,0.057830606,0.07893571,0.094823584,0.10542619,0.11138933,0.11388805,0.11447563,0.11482348,0.11631638,0.119626194,0.124530934,0.13011941,0.13521187,0.1387336,0.13992894,0.13843825,0.13429028,0.12784688,0.119719714,0.110670716,0.101508856,0.09300032,0.085813545,0.080511406,0.07756872,0.07734834,0.07998322,0.08522236,0.09237687,0.10041283,0.10811378,0.11423383,0.11761904,0.11730404,0.112590946,0.10311239,0.08888071,0.07033746,0.048491567,0.02592189,0.01779126,0.037805863,0.061929516,0.0840204,0.10207985,0.1148007,0.12128711,0.12104514,0.11400062,0.10050665,0.081341065,0.057737306,0.03181273,0.014319393,0.03373629,0.060531534,0.08546472,0.10660586,0.1228751,0.13368043,0.1389016,0.13891035,0.13458745,0.1273223,0.118960485,0.11160444,0.107122146,0.10640061,0.10887332,0.11285741,0.11637785,0.11780695,0.11614339,0.111102365,0.10318493,0.09381834,0.08554316,0.08181551,0.085448846,0.09639499,0.11203013,0.12925714,0.14559564,0.15926829,0.16906078,0.17421186,0.17434771,0.1694383,0.15975931,0.1458526,0.12848277,0.10859266,0.08726589,0.065720625,0.045421127,0.028679745,0.02056126,0.024411412,0.03239173,0.03911949,0.043331686,0.045249436,0.045994103,0.04746673,0.05183976
13,0.049394432,0.04756716,0.045766845,0.04397376,0.042292405,0.040952727,0.04028053,0.04062072,0.042221013,0.045134805,0.049210545,0.054162625,0.059658978,0.065379925,0.07104519,0.07642292,0.08133261,0.08564782,0.08930122,0.0922919,0.09469386,0.0966627,0.09843572,0.100318596,0.10265206,0.105756685,0.10986444,0.115057305,0.121235356,0.1281248,0.13531822,0.14233018,0.14865294,0.15380427,0.15736575,0.15901177,0.15853024,0.15583517,0.15097068,0.14410575,0.13551918,0.12557456,0.11468694,0.103284664,0.09177507,0.08052938,0.069911614,0.060385592,0.052721504,0.048197705,0.048324335,0.05373306,0.06354642,0.07616261,0.09003201,0.10380796,0.116283536,0.12634936,0.13300109,0.13537996,0.13283354,0.12499451,0.1118963,0.09420436,0.0738661,0.05626039,0.053653747,0.072678946,0.10350035,0.13800336,0.17221239,0.20366098,0.23049091,0.25123176,0.26476997,0.27036816,0.26769033,0.2568158,0.23823452,0.21282148,0.18179025,0.14662997,0.10903861,0.07090342,0.034749117,0.014726149,0.037993908,0.06365138,0.08472853,0.10057543,0.11144842,0.11817028,0.1220008,0.124446206,0.12695007,0.1305105,0.13539343,0.14112224,0.14674056,0.15116873,0.15348835,0.15310355,0.14980012,0.14373715,0.135395,0.12549481,0.11489892,0.10450297,0.095134,0.08747556,0.082038626,0.07917183,0.07906343,0.08168349,0.0866885,0.093378805,0.10075785,0.1076584,0.11288048,0.115314774,0.11404779,0.10845124,0.098260395,0.083656736,0.065422274,0.04550103,0.029855497,0.032907337,0.051966295,0.07399814,0.09409917,0.110048175,0.12044633,0.12439577,0.12145291,0.11163002,0.095399104,0.073708385,0.048148956,0.022829214,0.023086881,0.04959714,0.07744919,0.102497175,0.12306906,0.13812292,0.14709811,0.14992245,0.14703842,0.13943104,0.12865664,0.11685155,0.10660861,0.10043538,0.09962919,0.103391685,0.109357335,0.11492248,0.118083104,0.117649354,0.11322964,0.10522239,0.09491007,0.08468184,0.07812331,0.078873076,0.087843455,0.10251457,0.11939573,0.13568899,0.14946009,0.1594365,0.1648504,0.16534965,0.16094288,0.15195657,0.13899454,0.12289821,0.10471346,0.08567808,0.067261636,0.051304933,0.04015918,0.03580392,0.037182085,0.040620063,0.043270405,0.043962806,0.042762283,0.040808477,0.040349327,0.044036135
14,0.030519651,0.031663742,0.033320352,0.035234585,0.03722607,0.039189845,0.041094627,0.042982906,0.04496925,0.047229245,0.04997178,0.05339377,0.05762784,0.06270203,0.06852652,0.07490818,0.08158229,0.08824968,0.09461244,0.10040622,0.10542929,0.10956816,0.11281857,0.11529873,0.1172492,0.119012386,0.12098488,0.123542435,0.1269505,0.13128759,0.13641047,0.14197357,0.14749075,0.15241502,0.15621407,0.15843104,0.15872765,0.15691118,0.15294687,0.14695702,0.13920662,0.13007541,0.120016456,0.10950252,0.09896591,0.08874453,0.07905617,0.07003109,0.061830893,0.054862894,0.050025333,0.048687678,0.051931545,0.05954415,0.07015617,0.08209358,0.09381886,0.103990465,0.11144501,0.115204506,0.11451535,0.1089141,0.098333545,0.08332098,0.065657675,0.05040883,0.049022317,0.06721693,0.095968015,0.12805358,0.15985808,0.1890702,0.21391617,0.23297955,0.24518359,0.24981552,0.24655354,0.23548123,0.21708263,0.19221582,0.16206503,0.12807561,0.09188332,0.055293966,0.021024853,0.018267296,0.04609351,0.070931874,0.09099492,0.10613838,0.11682423,0.1239954,0.12893945,0.13305281,0.13750821,0.14292713,0.14922449,0.15571405,0.16139245,0.16524415,0.16646488,0.1645848,0.15951149,0.15151715,0.14118715,0.12934104,0.1169337,0.104944535,0.09426559,0.085607894,0.07945154,0.07605269,0.07547657,0.07759312,0.08201766,0.0880634,0.09477224,0.101018466,0.10563978,0.10756404,0.10592184,0.10014667,0.09007302,0.076069415,0.059349597,0.043054186,0.035295356,0.044373978,0.06330585,0.08386049,0.10224046,0.116356686,0.12484846,0.12686545,0.122033715,0.11046386,0.092777595,0.07021531,0.045260713,0.026419664,0.036045138,0.062110845,0.089208454,0.11337962,0.13280737,0.14639692,0.15358157,0.15430686,0.14904802,0.13884027,0.125331,0.11085551,0.09843193,0.091231704,0.09098652,0.09652374,0.1046702,0.11225952,0.117062315,0.11782986,0.114150636,0.10637326,0.09565259,0.08415307,0.07529686,0.073146895,0.07964294,0.09272807,0.10867614,0.12441088,0.13786441,0.14772758,0.15324375,0.15409462,0.15033405,0.14234081,0.13077794,0.116556354,0.10080692,0.084866405,0.070268795,0.058656167,0.051344234,0.048404746,0.04825519,0.048684068,0.048022557,0.045492463,0.041206982,0.03634882,0.033612937,0.036515497
15,0.015591533,0.01759855,0.02128687,0.025906328,0.03082517,0.03558769,0.03987973,0.043515652,0.04644914,0.048794482,0.05084257,0.053048108,0.05595853,0.060073793,0.06568415,0.07277724,0.0810614,0.09006393,0.09923694,0.10803755,0.115982436,0.12268644,0.1278924,0.13149518,0.13355857,0.13432172,0.1341875,0.13368353,0.13338664,0.13381195,0.13528842,0.13786489,0.14128952,0.1450708,0.14858966,0.15121791,0.15241423,0.1517882,0.14913537,0.14444922,0.13791399,0.1298797,0.120819055,0.111265056,0.10172992,0.09261409,0.0841277,0.07626158,0.068843335,0.061689813,0.054837834,0.04882004,0.04487199,0.044630982,0.0489002,0.056767937,0.06637944,0.075912975,0.08386272,0.08902599,0.09048204,0.08761567,0.080192134,0.068535805,0.054062445,0.04115853,0.040411513,0.05716673,0.0830852,0.11188412,0.14043331,0.16666198,0.18893495,0.20592362,0.21660696,0.22030339,0.21670115,0.20587474,0.18828133,0.16473547,0.13636266,0.10453655,0.07081649,0.036997795,0.009045259,0.029307915,0.055924483,0.07870094,0.096993685,0.11089134,0.12099503,0.12832199,0.13413449,0.13966441,0.14578328,0.15275173,0.16018097,0.16721371,0.17280774,0.1759962,0.17606547,0.17264956,0.16575931,0.15576479,0.14334318,0.12940127,0.114978455,0.10113564,0.08883664,0.07883591,0.071602575,0.06731812,0.06594455,0.06728296,0.07094695,0.07629342,0.08241483,0.088223085,0.09258061,0.094434164,0.09293555,0.0875519,0.07818504,0.06536429,0.05075374,0.03875789,0.038166303,0.05151,0.070937544,0.090777,0.108111866,0.121120945,0.12856726,0.129692,0.12421633,0.11237687,0.09500639,0.07379474,0.052355304,0.04002865,0.048917416,0.071143426,0.09563966,0.117810994,0.13546014,0.14733836,0.15281653,0.15181364,0.14479125,0.13277833,0.11744049,0.10122494,0.08751139,0.080152415,0.081258334,0.08901386,0.09936088,0.108763576,0.11497413,0.11681337,0.11391788,0.10662194,0.095968194,0.08386619,0.073377244,0.06853559,0.07213427,0.08297008,0.09736492,0.112031415,0.12478187,0.13427892,0.13978319,0.14101206,0.138061,0.13135085,0.12158481,0.10970915,0.09687308,0.08437324,0.073534794,0.06543718,0.06046161,0.057973385,0.056588512,0.0548386,0.051655337,0.04653767,0.039633553,0.032062825,0.026903985,0.029121753
16,0.017886348,0.01336994,0.01232418,0.016325068,0.022864684,0.02987714,0.036405742,0.041947175,0.046247102,0.049276475,0.051262707,0.052728694,0.054485794,0.057497166,0.06257189,0.07004002,0.07966287,0.09080271,0.10265286,0.11439461,0.12527898,0.13467012,0.14207503,0.14716876,0.14981721,0.15009604,0.14830211,0.14495148,0.14075308,0.1365411,0.13314988,0.1312343,0.13108727,0.13254467,0.13503991,0.13777679,0.13992888,0.14079396,0.13988453,0.13696668,0.13206439,0.12544017,0.11755488,0.10900418,0.10042573,0.09237567,0.08519107,0.07888643,0.07314882,0.067459084,0.06129657,0.05435722,0.046761896,0.039307665,0.03377929,0.032636095,0.03672343,0.04402038,0.051875785,0.05834064,0.062098112,0.062277727,0.058408514,0.050505646,0.039452236,0.028666215,0.02830741,0.04372188,0.0665106,0.09150524,0.11623946,0.13897428,0.15826511,0.17290308,0.18194172,0.18473934,0.18099445,0.17076546,0.15447004,0.13286366,0.10699934,0.07818136,0.04797671,0.019100187,0.01737455,0.04249197,0.06605668,0.08600445,0.10197697,0.11420802,0.12340179,0.13061205,0.13702859,0.14367422,0.1511018,0.1592329,0.16741805,0.17466389,0.17990269,0.18221262,0.18095957,0.17586872,0.16704233,0.1549373,0.14031242,0.124152474,0.107574716,0.09172126,0.07763865,0.06614737,0.05772478,0.052469328,0.050210886,0.05068333,0.05355424,0.05828929,0.064057365,0.06979302,0.07434823,0.076646484,0.07581302,0.07129047,0.06297136,0.051447608,0.038783822,0.030986225,0.037049327,0.05408597,0.07450088,0.09439384,0.11157021,0.12450378,0.13211235,0.13374428,0.12921956,0.11889594,0.103789166,0.08586522,0.06879836,0.059108455,0.063170664,0.07857257,0.098059796,0.11664922,0.13158949,0.14133257,0.14509086,0.14268553,0.13450152,0.12149706,0.10528423,0.08834633,0.07438708,0.06796733,0.07134162,0.081611164,0.09392704,0.10473376,0.11199178,0.11469399,0.11256648,0.105945885,0.09577152,0.08369459,0.07231998,0.06527219,0.06577599,0.07373339,0.08593897,0.09903186,0.11071842,0.11962817,0.1250324,0.12667482,0.124677554,0.119480126,0.1117892,0.10252659,0.09276095,0.08359618,0.075979084,0.07042476,0.06678718,0.06429153,0.061857574,0.05847516,0.053431716,0.04639904,0.037503578,0.027641578,0.019978095,0.021861624
17,0.032013535,0.023576729,0.014775708,0.0090459185,0.013238489,0.021926554,0.030629935,0.03820085,0.044155248,0.0483092,0.050774243,0.052026607,0.052978773,0.05493575,0.0592546,0.06674881,0.077339366,0.09025859,0.10445622,0.11886263,0.1324967,0.1445062,0.15419126,0.16102691,0.1646867,0.16506542,0.1622997,0.15678397,0.14917919,0.14040557,0.13159849,0.12398782,0.118657775,0.1162146,0.116535336,0.11880865,0.12185492,0.12449524,0.12579341,0.12515724,0.12235506,0.11749385,0.11097827,0.10345135,0.095704526,0.08853727,0.08255917,0.077980675,0.07450902,0.071446285,0.06794193,0.06325068,0.05689704,0.048746876,0.039037567,0.028457927,0.018589348,0.013672399,0.017657012,0.02491221,0.031025724,0.034364387,0.034155123,0.030087253,0.022418037,0.013331187,0.0149190035,0.030546261,0.05027457,0.07121698,0.09182545,0.11076296,0.12680924,0.13889772,0.14617336,0.14804685,0.14423612,0.1347908,0.12009826,0.10087486,0.078159556,0.05339425,0.029226065,0.017822215,0.03418293,0.05572531,0.075441085,0.092045195,0.10530096,0.11554639,0.12355982,0.13039729,0.13713564,0.1445558,0.15288694,0.16173881,0.17024228,0.17730051,0.18183641,0.18297637,0.18016234,0.17320484,0.16229069,0.14795622,0.13103347,0.11257599,0.09377048,0.07583871,0.059928857,0.04698115,0.03754301,0.03158979,0.028629942,0.028229602,0.0303078,0.034696423,0.040677406,0.04709215,0.052661024,0.056196544,0.056724332,0.053574696,0.046486985,0.035834305,0.023643032,0.019034604,0.032076433,0.052427486,0.07408729,0.094698906,0.11265605,0.1266873,0.13584022,0.13953675,0.13764101,0.1305333,0.11920694,0.10542583,0.09196137,0.08263989,0.081080765,0.08777623,0.09952672,0.112292424,0.12302008,0.1297758,0.13149188,0.12778713,0.11888138,0.10558257,0.0893748,0.072722904,0.05969149,0.055603396,0.062207434,0.07497463,0.08873398,0.1003681,0.10822903,0.11153797,0.11012336,0.10432453,0.09497938,0.08349099,0.07199383,0.0634837,0.061087046,0.06572035,0.0751239,0.08613567,0.09640296,0.1045106,0.10972125,0.111783125,0.110817865,0.10724698,0.10172895,0.09508829,0.08821793,0.08193673,0.07680353,0.07294575,0.070012085,0.067306794,0.064027905,0.05947563,0.053167757,0.044881593,0.034682922,0.02310499,0.012737161,0.015190987
18,0.046755083,0.036998324,0.025770849,0.013749452,0.0035091657,0.011891824,0.022865338,0.032491215,0.040208787,0.045738798,0.049079172,0.05060371,0.051196393,0.052328106,0.05580682,0.06299879,0.07410914,0.088316396,0.10437448,0.12100907,0.13705285,0.15147856,0.16341403,0.1721611,0.1772186,0.17830625,0.17538685,0.1686858,0.15870877,0.14626013,0.13246243,0.118764356,0.10687887,0.09850964,0.09473973,0.09537877,0.09898963,0.10364726,0.107663974,0.10988522,0.109706745,0.1070095,0.102091625,0.0956086,0.08850316,0.08188321,0.07678729,0.07382956,0.07289789,0.07318309,0.07354591,0.072919995,0.070540175,0.066008076,0.05927614,0.050601665,0.040491216,0.029643185,0.018901411,0.009309358,0.0036901627,0.0066414806,0.009041973,0.008300917,0.004181758,0.0043428238,0.015075383,0.028617833,0.044006247,0.060273245,0.076362945,0.09118863,0.103703715,0.11297387,0.11824455,0.1189995,0.11500732,0.106356,0.09348244,0.077223755,0.058992118,0.04149478,0.031183988,0.036250357,0.051224787,0.06797287,0.08333747,0.09623925,0.10649879,0.114520416,0.12112582,0.12734166,0.13409989,0.14191973,0.15071356,0.15981182,0.16816579,0.17460638,0.17806463,0.17772233,0.17309901,0.164089,0.15096031,0.13432327,0.11507435,0.09432173,0.07330001,0.0532855,0.03553371,0.021297527,0.012041943,0.008792529,0.008144134,0.005963311,0.0026023882,0.00752302,0.016043339,0.025001273,0.03307091,0.039078988,0.042017605,0.04111535,0.035898685,0.026232433,0.012337859,0.005289143,0.025659805,0.047772594,0.070347324,0.09205851,0.111617535,0.1278732,0.1399072,0.14711894,0.14929688,0.14667588,0.13998239,0.13046655,0.11989965,0.11044884,0.10423602,0.10248041,0.10475088,0.10918594,0.11347211,0.11563601,0.11434197,0.10891671,0.09930716,0.086068794,0.07047359,0.05495491,0.04417968,0.044249225,0.054813147,0.06956272,0.0839761,0.09576625,0.1037571,0.107403025,0.1066248,0.101753846,0.0935236,0.08310436,0.072195746,0.06311888,0.058489732,0.059773445,0.06590581,0.07434025,0.08281223,0.08987014,0.094742246,0.09714796,0.097169794,0.09516468,0.09168626,0.087398075,0.08296373,0.07891357,0.075514175,0.07269593,0.07008585,0.067133486,0.06326379,0.05799482,0.050999615,0.042123094,0.031374734,0.018929768,0.005575035,0.011215886
19,0.060372185,0.05055189,0.03888955,0.026022013,0.012803725,0.0043583456,0.014630786,0.025607472,0.034779318,0.04164903,0.04606045,0.048236668,0.048932727,0.049602974,0.052308477,0.05892503,0.070058934,0.08496014,0.10227284,0.12058306,0.13859111,0.15513958,0.16922098,0.17999363,0.18680456,0.1892145,0.18702048,0.18027405,0.1692951,0.15468495,0.13734683,0.11853122,0.09992924,0.08380236,0.07288314,0.069249175,0.07234437,0.07914465,0.08647301,0.0922055,0.09522146,0.09512794,0.092080936,0.086699404,0.08002784,0.07348714,0.0686851,0.06690944,0.06843646,0.072345845,0.07711008,0.081280686,0.0838008,0.08404475,0.08176687,0.07703584,0.07016949,0.06166856,0.052146774,0.042259533,0.032644782,0.023928743,0.01698051,0.0137187475,0.016293788,0.023359342,0.032923996,0.044112783,0.056350518,0.06899593,0.08129312,0.09241829,0.10155218,0.10795635,0.11104542,0.11045208,0.106084935,0.09818474,0.08739581,0.07489352,0.06263754,0.053684812,0.051510803,0.056942947,0.06708518,0.0785604,0.0892681,0.098244935,0.105330445,0.110956244,0.1159552,0.12129788,0.12775078,0.13556615,0.1443585,0.15321667,0.16095273,0.16635618,0.1683852,0.16628762,0.15966626,0.14850275,0.13314876,0.11428992,0.0928868,0.07009771,0.047190472,0.025460586,0.0064229215,0.010691676,0.022673124,0.03039833,0.033776436,0.033290464,0.03005189,0.026091898,0.02450178,0.02747552,0.033620775,0.04007497,0.044693295,0.04613423,0.04367153,0.03720969,0.027737621,0.019897148,0.02543598,0.043045208,0.064750716,0.08732722,0.108977996,0.12833673,0.14432575,0.15617085,0.16344103,0.16608019,0.1644191,0.15916069,0.1513301,0.14217389,0.13298629,0.12485066,0.11834167,0.113328256,0.10902982,0.1043199,0.09809938,0.08957484,0.07840946,0.06481624,0.049755853,0.035722256,0.028948314,0.03554762,0.049899034,0.06554648,0.07968514,0.09096278,0.09863862,0.10236724,0.10213942,0.09826405,0.09136548,0.08239736,0.07267943,0.06392754,0.058091085,0.056619227,0.05941329,0.0648924,0.07117472,0.07686068,0.08113878,0.083665684,0.08444176,0.08371271,0.0818824,0.079421975,0.0767697,0.07423051,0.071901105,0.06965073,0.06716758,0.06404833,0.0598921,0.05437051,0.047266293,0.038488105,0.028080774,0.016313575,0.005588355,0.013936031
20,0.07274416,0.06387642,0.05289727,0.040501136,0.02767466,0.016417613,0.01290692,0.019857375,0.0288195,0.03641955,0.04179204,0.044831812,0.046044588,0.046692945,0.048837677,0.0546952,0.06534356,0.08027564,0.09815532,0.11751176,0.13697144,0.15529239,0.17136866,0.18424466,0.1931391,0.197472,0.19688931,0.19128162,0.18079516,0.16583516,0.147065,0.12541111,0.102100626,0.07880927,0.05813555,0.04461496,0.043338984,0.051980417,0.0634133,0.07339357,0.08015407,0.0830793,0.082202464,0.07806083,0.07169561,0.06472647,0.05936364,0.057902902,0.061371714,0.06872071,0.07783993,0.08680005,0.09423272,0.09927664,0.101466365,0.1006478,0.09691565,0.09056182,0.08203172,0.071895644,0.060857814,0.04985662,0.040357634,0.03478076,0.03571271,0.042994805,0.054112893,0.066955686,0.08024993,0.09313119,0.10488698,0.11487105,0.12250082,0.127292,0.1289081,0.12721373,0.12232675,0.11466849,0.10501461,0.094544746,0.08485474,0.07778993,0.07485269,0.07631426,0.080987856,0.08706112,0.09301163,0.09798488,0.101818234,0.10493468,0.108148046,0.11235449,0.11814936,0.12552918,0.1338419,0.14197855,0.14865448,0.15265077,0.15297614,0.14896202,0.14031105,0.127113,0.10983652,0.08930762,0.06670489,0.043709666,0.023810579,0.019404532,0.03277919,0.047470815,0.05894242,0.0661518,0.06898567,0.06794055,0.06409822,0.059138823,0.055196237,0.05416965,0.056517083,0.060876604,0.06510304,0.06731296,0.066265315,0.061451565,0.053270884,0.043686073,0.037907984,0.043392472,0.059991993,0.08204905,0.10567144,0.12855943,0.14914027,0.1662762,0.179193,0.18746766,0.1910211,0.19009668,0.18521708,0.17711727,0.1666536,0.15469329,0.1419937,0.1290913,0.11622936,0.103354186,0.09019156,0.07638429,0.061652202,0.0459562,0.029784264,0.015808761,0.016822847,0.031459734,0.047686305,0.062806845,0.07578948,0.085983165,0.09297153,0.09656186,0.096792296,0.09393739,0.08850998,0.08126263,0.073189765,0.06551176,0.059564386,0.056451466,0.056497693,0.05902861,0.0628288,0.06675783,0.07003517,0.07225494,0.0733108,0.07331009,0.0724916,0.07114476,0.06953055,0.06781304,0.06601693,0.06402356,0.061604924,0.058480244,0.054375194,0.04907087,0.042443,0.03451185,0.025587007,0.016962871,0.013964926,0.021937467
21,0.084146865,0.07703328,0.067493424,0.056170374,0.043934952,0.032074146,0.022900436,0.020196078,0.024392517,0.030864477,0.036558278,0.04042416,0.042461906,0.043544613,0.045461442,0.05049683,0.060181655,0.074449174,0.09216119,0.1118931,0.13225925,0.15197648,0.16987383,0.18490799,0.19618903,0.2030106,0.20487846,0.20153317,0.1929639,0.17941163,0.16136122,0.13952285,0.11480678,0.08830149,0.061296783,0.03560199,0.016860595,0.02329958,0.04029289,0.055150762,0.06590667,0.07204669,0.07357352,0.07090727,0.064941786,0.05723196,0.05033301,0.047784332,0.052094303,0.062211663,0.075147755,0.08837958,0.100236654,0.109645255,0.11593567,0.11874455,0.11796366,0.11370893,0.10630315,0.09627917,0.084427126,0.071937256,0.06071255,0.053710252,0.054076336,0.06224254,0.07559172,0.09128,0.10736998,0.122589275,0.13602859,0.14699501,0.1549626,0.15957026,0.16064079,0.15820746,0.15254027,0.14416657,0.133881,0.122733906,0.1119725,0.102883875,0.09649016,0.093164496,0.09244728,0.09329811,0.09461474,0.095662594,0.09626928,0.09681945,0.09808191,0.10087085,0.105623074,0.11210949,0.11945638,0.1264085,0.13163301,0.13394372,0.13243683,0.12656769,0.11619611,0.101621434,0.083645515,0.063785255,0.045115765,0.034821346,0.04081113,0.056540035,0.07344658,0.08793893,0.098496646,0.104505986,0.105981834,0.10351146,0.098248996,0.09188134,0.08643425,0.08371302,0.084423356,0.08769986,0.09162779,0.09416518,0.09372632,0.08940379,0.081092775,0.069772534,0.058309913,0.0527993,0.059946757,0.07867664,0.103246495,0.12944587,0.15469639,0.17726907,0.19594762,0.20991586,0.21871695,0.22222678,0.22062081,0.21432748,0.20396824,0.19028704,0.17407492,0.15609635,0.13702598,0.117403895,0.09761736,0.077912256,0.05843359,0.039292775,0.020705694,0.0051433234,0.016514381,0.03270521,0.047739584,0.06104119,0.07220354,0.08090516,0.086931214,0.090200335,0.090784885,0.08892211,0.085016884,0.07963646,0.07349523,0.06741814,0.062255267,0.05871312,0.057126015,0.05731836,0.058711737,0.06060157,0.062391672,0.063694105,0.06433072,0.06429108,0.06367621,0.06263898,0.061326887,0.059833672,0.05816867,0.056250256,0.053923734,0.050996702,0.047283113,0.042652734,0.03709824,0.030869916,0.024834426,0.021298777,0.023718165,0.032363128
22,0.09496174,0.09009485,0.08241662,0.072454795,0.060918957,0.048744567,0.037230786,0.02834689,0.024617815,0.02647422,0.030906763,0.035171323,0.038185515,0.040124875,0.042226646,0.04651828,0.0548463,0.067762315,0.08455657,0.10398345,0.1247103,0.14545017,0.16499256,0.18222436,0.1961587,0.20596868,0.21102093,0.21090451,0.20545165,0.19474803,0.1791315,0.15917835,0.13567834,0.10959982,0.08205081,0.054254916,0.027683169,0.008276075,0.02259878,0.040327545,0.054030195,0.06293742,0.066846706,0.065930225,0.06077479,0.052558854,0.04355429,0.038069345,0.041230626,0.05287578,0.06867729,0.085296795,0.100763716,0.11382241,0.12362559,0.12962523,0.1315352,0.12932083,0.12320484,0.1136969,0.10167262,0.08855471,0.076652005,0.06942427,0.07038716,0.08013161,0.09593137,0.114546955,0.13360853,0.15151598,0.16714995,0.1797071,0.18863049,0.19358835,0.19447374,0.19141091,0.18475963,0.17511222,0.16327775,0.15024588,0.13711761,0.124984,0.11473957,0.10686087,0.10126224,0.097367026,0.09440369,0.0917681,0.08928118,0.0872674,0.08642797,0.087497436,0.09078674,0.09589339,0.10178306,0.10711783,0.11057929,0.11107882,0.107878864,0.10067784,0.08971076,0.0759516,0.061628435,0.051309016,0.051442634,0.06318946,0.08095811,0.09975799,0.116706505,0.13011986,0.13903543,0.1430652,0.14237002,0.13767068,0.13025653,0.121939726,0.11483909,0.110828124,0.11070662,0.11370751,0.11789219,0.12102967,0.1212544,0.11735749,0.10891118,0.09644213,0.081903696,0.069781296,0.06765574,0.08035307,0.10401075,0.13256222,0.1619324,0.18955247,0.21367219,0.23306824,0.24693672,0.2548472,0.25671032,0.2527413,0.24341394,0.22940522,0.21153404,0.19069763,0.16781166,0.1437594,0.11935657,0.09534216,0.072416864,0.051403955,0.033844564,0.023941835,0.026979208,0.037540168,0.049232017,0.059922848,0.068908885,0.07590376,0.0807969,0.08359391,0.08440391,0.083437905,0.08100603,0.07750804,0.073413014,0.069222964,0.06541518,0.062364627,0.060265534,0.0590911,0.0586231,0.05854102,0.05852364,0.05832166,0.057789218,0.056882728,0.055639263,0.054143775,0.05249147,0.050751433,0.048938677,0.04700205,0.04483253,0.042292345,0.03926379,0.035723224,0.031864755,0.028324286,0.026475914,0.028196236,0.034382246,0.04433251
23,0.10548764,0.1029879,0.097272135,0.088731535,0.07792682,0.06559174,0.05266103,0.040368807,0.030481122,0.025312303,0.02576061,0.029352883,0.03327683,0.036424447,0.03915432,0.04292359,0.04964767,0.06058311,0.07572178,0.09417914,0.11474883,0.13616592,0.15719059,0.17664425,0.19344287,0.20663434,0.21543705,0.21927531,0.21780814,0.21094882,0.19887364,0.18201923,0.16106993,0.13693878,0.11075375,0.08388246,0.058124293,0.03665834,0.027081205,0.034015987,0.046087664,0.05608663,0.061897997,0.06291853,0.059212867,0.051400185,0.040927727,0.031272184,0.029979251,0.040993612,0.058335584,0.07719638,0.09522903,0.11101625,0.123562515,0.1321649,0.13638826,0.13607357,0.13136487,0.12276324,0.11123725,0.098443374,0.08708173,0.081015944,0.08380264,0.09575605,0.11398423,0.13512036,0.15661727,0.17669894,0.19410968,0.20796005,0.21765587,0.22286996,0.22353163,0.21982013,0.2121543,0.20117387,0.18770793,0.17272669,0.15727006,0.14234635,0.12879877,0.11715824,0.107538246,0.09965101,0.09298199,0.08706251,0.08172097,0.07721069,0.0741432,0.07317748,0.07454865,0.07775947,0.08169927,0.08503401,0.08655907,0.08541771,0.08125428,0.07440732,0.06626686,0.059840746,0.05962417,0.06848351,0.08474915,0.10475563,0.12541059,0.14447397,0.16031915,0.17180434,0.17824866,0.17945524,0.17575021,0.16802192,0.15774295,0.14692657,0.13789503,0.13268648,0.13216728,0.13549325,0.1405159,0.1447293,0.14599758,0.1428793,0.13474867,0.12192669,0.10602103,0.09074261,0.082888424,0.0896149,0.11074319,0.14019366,0.17255408,0.20429724,0.23307279,0.25723752,0.2756584,0.2876325,0.2928457,0.29133812,0.28346428,0.2698451,0.25131208,0.22884727,0.2035233,0.17644852,0.1487247,0.12142776,0.09563319,0.0725353,0.05375949,0.041805856,0.038992357,0.043650966,0.051364336,0.059218418,0.06598876,0.071255565,0.074944474,0.077140294,0.07800983,0.07776688,0.07665304,0.07492247,0.072825104,0.07058654,0.06838612,0.066337936,0.06448105,0.062784016,0.06116385,0.059514422,0.05773639,0.055761624,0.053568065,0.05118369,0.048679784,0.046154227,0.043706417,0.041407738,0.03927555,0.0372621,0.035269134,0.033194356,0.031013224,0.028903728,0.02741264,0.027549732,0.03045928,0.03667214,0.04590436,0.05753773
24,0.11579772,0.115426354,0.11150422,0.10427853,0.09417561,0.081792735,0.067894556,0.05343337,0.039649867,0.028393893,0.02249309,0.023394164,0.027842965,0.03246106,0.03624094,0.03982471,0.044902842,0.05335212,0.06613526,0.08299205,0.102937594,0.12473525,0.14710073,0.1687744,0.18856195,0.20537376,0.21826668,0.22648472,0.22949518,0.22701697,0.2190386,0.20582518,0.18791448,0.16610482,0.14144163,0.11521969,0.08904763,0.065105006,0.04686018,0.03930577,0.043048833,0.051104788,0.057817165,0.060780015,0.059169505,0.05296832,0.042806365,0.030403739,0.021370718,0.027283674,0.04432407,0.06409815,0.08350231,0.10094687,0.11531751,0.12579136,0.131819,0.13314891,0.12987418,0.12251139,0.11214529,0.10068957,0.09122702,0.08784551,0.093674645,0.10833905,0.12878452,0.15176494,0.17480028,0.19610931,0.21440892,0.22879048,0.23866089,0.2437159,0.24392523,0.23951788,0.23096165,0.21893296,0.20427458,0.18793905,0.17091562,0.1541397,0.13838843,0.12417778,0.11169525,0.10081223,0.09120076,0.08252854,0.07466079,0.06778989,0.062417936,0.059118245,0.05810101,0.05888237,0.060402695,0.061479077,0.061236173,0.059422545,0.05673788,0.055200625,0.057953775,0.06740877,0.08334515,0.103736535,0.12629734,0.14900395,0.17011774,0.18816428,0.20195344,0.21062852,0.21372716,0.21124405,0.203691,0.19215232,0.17832349,0.1644822,0.15324731,0.1469072,0.1463822,0.15060835,0.15706003,0.16287342,0.16565506,0.16380541,0.15661737,0.14438199,0.12867132,0.11297009,0.10339818,0.10701716,0.12573272,0.15492673,0.18888585,0.22340305,0.25558966,0.28340837,0.30542228,0.3206832,0.32867762,0.32928938,0.32276198,0.30965358,0.2907842,0.26717684,0.23999593,0.2104882,0.17993219,0.14960481,0.1207795,0.0947802,0.07311766,0.057621483,0.04992509,0.049585827,0.053572126,0.058807414,0.06359105,0.06727998,0.06978413,0.07126846,0.07199335,0.07222317,0.072172076,0.07197576,0.07168517,0.0712779,0.070680924,0.06979721,0.068530254,0.066803075,0.06457103,0.061829288,0.058615975,0.055012114,0.05113829,0.047147352,0.043211292,0.03950005,0.036151372,0.033236627,0.03073702,0.02855204,0.026557358,0.02471732,0.0232495,0.022798326,0.024386073,0.028841756,0.036259484,0.0462195,0.05820029,0.07171399
25,0.12566827,0.12691045,0.12442342,0.11829988,0.108833484,0.09650627,0.08197441,0.06605919,0.04976759,0.034436066,0.022362562,0.017957548,0.022019763,0.028285908,0.03346932,0.037260015,0.040887915,0.04655863,0.056355905,0.07101983,0.08993918,0.1118815,0.13546301,0.15930422,0.18207894,0.20254882,0.21960272,0.23229945,0.23990898,0.24194784,0.23820533,0.2287586,0.21397588,0.19450843,0.17127523,0.14544804,0.11845674,0.09206136,0.068598226,0.0514687,0.04452631,0.04715623,0.05330055,0.05801526,0.05901194,0.05548932,0.047454584,0.035545908,0.0215844,0.014380974,0.027187433,0.046403088,0.06592676,0.08387776,0.0990506,0.11054308,0.11773242,0.12031388,0.118367754,0.11246747,0.10386715,0.094802305,0.08873311,0.089646935,0.09962085,0.11729371,0.13957566,0.16357286,0.18707871,0.20846511,0.22653815,0.24045593,0.24968939,0.25400212,0.25343412,0.24828103,0.23906516,0.22649528,0.21141455,0.19473626,0.17736816,0.16012914,0.14366628,0.12838897,0.114443146,0.10174698,0.090091005,0.079277776,0.06925666,0.06020794,0.05253184,0.04668944,0.042883053,0.040770423,0.039576422,0.038648862,0.03813824,0.039497472,0.045116913,0.05657342,0.07358492,0.09484408,0.118838556,0.14406161,0.16902894,0.19229874,0.21252094,0.22850522,0.23929705,0.24425422,0.24311954,0.23608893,0.22387716,0.20778477,0.18976034,0.172405,0.15873747,0.15140025,0.15134695,0.15710682,0.16558084,0.17347918,0.17820266,0.1781093,0.17255892,0.16199319,0.14818482,0.13470592,0.12718764,0.13159454,0.1498924,0.17879339,0.21328351,0.24911898,0.28315592,0.31309426,0.3372687,0.35453793,0.36422706,0.3660893,0.36026943,0.34726098,0.32785547,0.3030844,0.27415702,0.2423982,0.2091915,0.17593497,0.14401972,0.114846446,0.08989167,0.070770845,0.058957826,0.05459262,0.0554987,0.05861202,0.061820712,0.06420988,0.06563076,0.066326946,0.066690974,0.06709664,0.06778354,0.06880076,0.07001681,0.071179956,0.07199564,0.072192244,0.07156338,0.069988385,0.06743776,0.06396949,0.059720572,0.054895423,0.049751155,0.044577453,0.03966634,0.0352661,0.031519756,0.028408015,0.025740365,0.023232456,0.020673554,0.018194778,0.016691033,0.017967984,0.023242729,0.03201324,0.04334045,0.05653642,0.07107948,0.086497545
26,0.13459407,0.13677673,0.13526228,0.12997568,0.12106988,0.108910516,0.0940575,0.07724462,0.05936511,0.041499168,0.025175054,0.0141351335,0.015954679,0.024000136,0.030829769,0.03519158,0.037775934,0.040694177,0.047004893,0.058913168,0.076468565,0.09837797,0.123045325,0.1489125,0.17450383,0.19843498,0.2194383,0.23640153,0.24841109,0.25479275,0.25514483,0.24936049,0.2376375,0.22047499,0.19865844,0.17323753,0.14550602,0.11700605,0.08961142,0.06581426,0.04925262,0.04364041,0.047171313,0.053227045,0.057213273,0.05719063,0.052582957,0.043531865,0.030670008,0.015336414,0.008441295,0.024904717,0.04340624,0.06073799,0.07564997,0.08721424,0.09478237,0.09804296,0.09711651,0.09270853,0.08636537,0.08080595,0.07983346,0.08667592,0.1016018,0.12227544,0.14585358,0.16998425,0.19287178,0.21315716,0.22983544,0.24221689,0.24990954,0.25280643,0.2510682,0.24509591,0.23549165,0.22300602,0.2084731,0.19273482,0.17656025,0.16056907,0.14517401,0.13056016,0.11671369,0.10349878,0.09076257,0.07843673,0.06660634,0.05552667,0.045576144,0.037137575,0.030432843,0.025471967,0.022474425,0.022799274,0.02859521,0.04044587,0.057491746,0.0787251,0.10316569,0.12974632,0.15727194,0.18444283,0.2099105,0.23234993,0.25053898,0.26343882,0.27027118,0.27058983,0.2643449,0.2519434,0.23431195,0.21297333,0.19014344,0.16880384,0.15251602,0.14444685,0.14553744,0.15358585,0.16464578,0.17497413,0.18190351,0.18394664,0.18074511,0.1731157,0.163246,0.15491426,0.15312597,0.16215898,0.18288419,0.21262352,0.24736634,0.28339592,0.3177177,0.34801647,0.37255546,0.3901072,0.39991203,0.4016466,0.39539203,0.38159436,0.36101687,0.33468434,0.30382165,0.26979113,0.23403278,0.19801417,0.16319865,0.13104331,0.10303738,0.0807491,0.06565567,0.058249522,0.056877464,0.058486182,0.060602114,0.0620298,0.06253617,0.06243374,0.06226951,0.062576056,0.06366989,0.06554533,0.06790407,0.0702829,0.072194725,0.073227614,0.07309456,0.07164961,0.06888594,0.064925544,0.060004946,0.0544576,0.048690297,0.043145243,0.038233038,0.034224775,0.031127816,0.028631836,0.026202045,0.023279956,0.019509058,0.015095162,0.011998608,0.01489853,0.024067268,0.03664782,0.05130276,0.06734301,0.0842166,0.10138706
27,0.1418735,0.14427935,0.14324535,0.13852201,0.13011168,0.11825317,0.10340249,0.0862086,0.06748559,0.048190784,0.029461954,0.0132459,0.009791128,0.019795489,0.028349843,0.033529513,0.035585854,0.036164407,0.038743082,0.047344577,0.06323724,0.08496959,0.110544614,0.13816185,0.16620028,0.1931567,0.2176397,0.2383985,0.25436607,0.26470375,0.2688403,0.26650116,0.25772431,0.24286216,0.22256935,0.19777825,0.1696676,0.13963516,0.10930224,0.08062726,0.056350157,0.040977154,0.03881009,0.045376193,0.052668795,0.05679892,0.05649582,0.051591586,0.042482745,0.029923614,0.014943766,0.002864133,0.018419718,0.033952788,0.04745302,0.057986725,0.064905204,0.067924716,0.06727167,0.06394021,0.060119618,0.05946761,0.06577034,0.079964146,0.10000597,0.12322316,0.14740397,0.17082821,0.19214456,0.21030533,0.22454803,0.23439538,0.23965698,0.24042249,0.23704149,0.23008664,0.2202983,0.2085105,0.19556043,0.18218876,0.16894585,0.15612707,0.14376144,0.13166557,0.1195504,0.10714687,0.09431254,0.08109301,0.0677298,0.054619335,0.042237855,0.03107824,0.021784134,0.016135162,0.018023683,0.027662244,0.04240962,0.061265796,0.08379391,0.10941921,0.13729654,0.16633344,0.19525628,0.22269125,0.24725077,0.26762104,0.2826467,0.29140896,0.29329488,0.28805587,0.2758568,0.2573207,0.2335804,0.2063605,0.17812298,0.15227516,0.13316543,0.1248601,0.12817751,0.13948478,0.15357466,0.16635859,0.175414,0.17974491,0.17959838,0.17645605,0.17307849,0.17326725,0.18083166,0.1978665,0.22379225,0.25608122,0.2915746,0.3272855,0.36066765,0.38965577,0.41265073,0.4285015,0.43648967,0.4363123,0.42805752,0.4121715,0.38941523,0.36081252,0.32759246,0.29112852,0.25288004,0.21434084,0.17700388,0.14235185,0.111885324,0.087169096,0.06972117,0.06025811,0.05742505,0.058127202,0.059587177,0.06037259,0.060173698,0.059360135,0.05862671,0.058677945,0.059931915,0.062347677,0.065476656,0.068670675,0.07128825,0.072817564,0.07292568,0.07146765,0.068479165,0.064163335,0.058874946,0.05309983,0.04741828,0.04242669,0.038583923,0.03600047,0.03431421,0.03280379,0.0306597,0.027211284,0.022062998,0.015343668,0.009504531,0.01392428,0.026628615,0.04236798,0.05982665,0.07829794,0.09714878,0.115746945
28,0.14673045,0.14868459,0.14766482,0.14325461,0.1353007,0.123903364,0.10939998,0.09234143,0.07346131,0.053638857,0.033861008,0.015236599,0.00365591,0.016048467,0.026128702,0.032179408,0.034184787,0.03316246,0.032219615,0.036987703,0.0508909,0.07227915,0.098478325,0.12740086,0.15731807,0.18665771,0.21395199,0.23785464,0.25718334,0.270968,0.27849534,0.27934408,0.27340704,0.2608985,0.24234574,0.21856575,0.19062945,0.15981886,0.1275893,0.09556979,0.065718785,0.041144107,0.028833013,0.03382718,0.044791788,0.053639296,0.05820877,0.05814892,0.05381821,0.04601815,0.035963193,0.025534824,0.018322058,0.019111129,0.025397161,0.03167953,0.035473935,0.03587051,0.032916136,0.028111843,0.026185952,0.033728853,0.050262917,0.07179877,0.09574787,0.12038722,0.14432593,0.16636437,0.18548667,0.2008915,0.21202922,0.21863273,0.22073522,0.21867064,0.21305259,0.20472692,0.19469215,0.18398207,0.17351314,0.16391839,0.1554183,0.14779149,0.14047483,0.13275719,0.12398649,0.11372252,0.10180999,0.088379085,0.07379264,0.05856106,0.04325798,0.028556608,0.016197508,0.014577412,0.026868168,0.04412813,0.06451373,0.08791427,0.114139855,0.14265016,0.17255047,0.20266367,0.23162778,0.25800124,0.2803679,0.2974363,0.30812958,0.31166238,0.3076018,0.29591215,0.2769842,0.2516559,0.22123969,0.18759231,0.15330753,0.1221753,0.09981438,0.0923427,0.10006265,0.11595697,0.133076,0.14758272,0.15797034,0.16430387,0.16793093,0.17133534,0.1777526,0.1902435,0.21048461,0.23818645,0.27154234,0.3080727,0.3452314,0.38068902,0.41243657,0.43882185,0.45856452,0.47076342,0.4748972,0.4708163,0.45872504,0.43915287,0.412916,0.3810704,0.34485894,0.30565578,0.26491192,0.2241075,0.18471813,0.14820565,0.116045564,0.089779265,0.07093867,0.06035229,0.056786574,0.05705563,0.058167942,0.058551736,0.05786709,0.056538828,0.05537893,0.055225965,0.05656919,0.059319627,0.062894166,0.06650337,0.06940694,0.071045,0.071079865,0.06939874,0.06610417,0.06150265,0.056091543,0.050534416,0.045591824,0.041947413,0.039911564,0.039182406,0.03893556,0.038174853,0.036028292,0.03187465,0.025393939,0.016761541,0.008830615,0.015141802,0.030653516,0.048894964,0.06859477,0.088972166,0.10929484,0.12883538
29,0.14844409,0.14936724,0.1479555,0.14365086,0.13614818,0.1254005,0.111610614,0.09521252,0.076843865,0.057310406,0.03754453,0.018571742,0.0023505203,0.013479639,0.024366125,0.0310976,0.03336371,0.03158533,0.027932609,0.028520714,0.039950207,0.06071068,0.08709278,0.116705894,0.14777514,0.17871708,0.20803726,0.23433778,0.25636002,0.27303657,0.28354043,0.28732574,0.2841557,0.2741154,0.25760838,0.23533654,0.20826496,0.17757362,0.14460073,0.11078676,0.077645436,0.046889808,0.021871105,0.018310634,0.03372303,0.047753457,0.05737674,0.062376726,0.06321637,0.060773626,0.05626059,0.051127538,0.046818342,0.044255707,0.043288033,0.04274086,0.041101184,0.037142847,0.030259255,0.021043606,0.015022825,0.024541585,0.04371047,0.06635113,0.09036461,0.114342734,0.13703841,0.15732147,0.17421933,0.1869738,0.19509588,0.19841175,0.19709611,0.19169015,0.18309928,0.17255957,0.16154777,0.1515935,0.14396179,0.13926543,0.13722001,0.13675423,0.13642181,0.1348416,0.130972,0.12420758,0.11436328,0.1016011,0.08632868,0.06908514,0.050433517,0.030932609,0.012092186,0.015024209,0.036597714,0.0608213,0.08712181,0.11545437,0.14554186,0.17676738,0.20818332,0.23857757,0.26657113,0.2907301,0.30968,0.32221392,0.32738715,0.32459393,0.31362185,0.2946823,0.26841745,0.23588759,0.19854994,0.15826054,0.11740012,0.07953252,0.0522353,0.049614526,0.06763168,0.08907706,0.10722919,0.12060035,0.12979957,0.13689862,0.1451397,0.15816489,0.17864121,0.2072089,0.2426406,0.282724,0.32499158,0.3670772,0.4068499,0.44246355,0.4723814,0.4953937,0.5106293,0.51756126,0.51600367,0.5060987,0.48829487,0.46331584,0.43212137,0.39586264,0.35583323,0.3134192,0.2700514,0.22716464,0.18617046,0.1484537,0.11540535,0.08848484,0.06916819,0.058274496,0.054540273,0.054668546,0.055583198,0.055710033,0.05475528,0.0532132,0.05197221,0.05191853,0.053511173,0.05655221,0.060336873,0.063999414,0.06677685,0.068125166,0.06774915,0.06560156,0.06187698,0.057008088,0.05165962,0.046691258,0.043010175,0.041225027,0.04124245,0.042236805,0.043061674,0.04265847,0.04022934,0.035268832,0.027592367,0.017610572,0.009564416,0.01848071,0.03596748,0.055995315,0.07725209,0.098859414,0.119993426,0.13984995
30,0.14647071,0.14590211,0.14376599,0.13940708,0.1323831,0.12249599,0.109799564,0.09459111,0.07739214,0.0589238,0.040092617,0.022086008,0.008153621,0.013071463,0.023360709,0.030336047,0.032953277,0.03111514,0.025993794,0.022645762,0.030789047,0.05038869,0.07633279,0.10589392,0.13730206,0.1690095,0.19953716,0.2274744,0.2515224,0.27054834,0.2836388,0.2901447,0.28971475,0.28231385,0.26822558,0.24803725,0.22260912,0.19302812,0.16054921,0.12652677,0.092340216,0.059317183,0.028659154,0.0014427649,0.021821504,0.040445764,0.054423817,0.064021304,0.06986304,0.07288951,0.0742466,0.07507459,0.07620787,0.07790683,0.079802394,0.081100844,0.08090955,0.07853463,0.07372347,0.06693108,0.059741158,0.055369962,0.05791592,0.06889842,0.08600436,0.105987065,0.12626876,0.1449341,0.16052784,0.17196508,0.17851907,0.17984231,0.17599975,0.16750775,0.15538101,0.14119044,0.12710543,0.115779765,0.10973954,0.11013113,0.11585755,0.12428984,0.13266204,0.138832,0.14139982,0.13959883,0.13315889,0.122182585,0.10703134,0.08821641,0.06629651,0.041790683,0.015127569,0.013505747,0.043744545,0.07555315,0.108717814,0.14289747,0.17753737,0.21183325,0.24474055,0.27502456,0.30134296,0.3223479,0.33679634,0.3436571,0.34220564,0.33209857,0.31342322,0.2867181,0.2529633,0.21354194,0.17017555,0.12484088,0.07968948,0.037130486,0.009275693,0.036960263,0.062280003,0.07989963,0.08971827,0.09312132,0.09361282,0.097418316,0.111662745,0.13950533,0.17898148,0.22632883,0.27802023,0.33106294,0.38289484,0.43130603,0.47441673,0.5106841,0.53891647,0.55828506,0.56832546,0.56892943,0.5603252,0.54304796,0.5179019,0.48591644,0.44829753,0.40637758,0.36156526,0.31529796,0.26899976,0.22404833,0.18175666,0.1433789,0.11015283,0.083374344,0.064364046,0.053797442,0.05025157,0.050338,0.051058512,0.05099523,0.04999638,0.04865523,0.047887724,0.04848944,0.050714597,0.05415722,0.058011897,0.061423093,0.06369592,0.064373046,0.06325087,0.060380414,0.05607129,0.050903738,0.045735158,0.04163071,0.03955686,0.039809726,0.041709743,0.044001836,0.04543778,0.045044612,0.042162754,0.03643879,0.027895458,0.017506598,0.012221842,0.023824869,0.042443663,0.06342729,0.08540585,0.10741285,0.12855683,0.14798602
31,0.14055508,0.1381506,0.13502455,0.13048868,0.123990946,0.11518457,0.10396214,0.09046474,0.07507657,0.058417745,0.041368872,0.025296463,0.013710089,0.015128119,0.02343547,0.030059665,0.03292107,0.031445876,0.02605584,0.01997931,0.023744402,0.041206874,0.065916896,0.09461908,0.125542,0.15719622,0.18814792,0.21700594,0.24246272,0.26334915,0.27868992,0.28775242,0.29008484,0.2855406,0.27428728,0.25679868,0.23383099,0.20638387,0.17564932,0.14295365,0.10970383,0.077372804,0.047689535,0.024320202,0.0211189,0.03582658,0.051011726,0.06352953,0.07343446,0.081498876,0.08868322,0.095790766,0.10319441,0.110723116,0.117744446,0.1233708,0.1266861,0.12693638,0.123680405,0.116925396,0.10728941,0.096244276,0.08643363,0.08162125,0.08501172,0.09651397,0.11302301,0.13097091,0.14754206,0.16070755,0.16905989,0.17171699,0.16829202,0.15890297,0.14421792,0.12556952,0.10523646,0.08703919,0.07678315,0.079401076,0.093100786,0.11169949,0.13020732,0.14562592,0.15620187,0.16093765,0.15935776,0.1513831,0.1372433,0.1174043,0.092516266,0.06344011,0.031899586,0.016811885,0.049207337,0.088607244,0.1294717,0.17049935,0.21060847,0.24866079,0.28342828,0.31362158,0.33795235,0.35521707,0.36439213,0.3647297,0.35584572,0.3377917,0.31110728,0.2768536,0.23664038,0.19268379,0.14800924,0.10714679,0.07796878,0.07086548,0.083085455,0.09967089,0.11123233,0.113803476,0.105919465,0.08785673,0.06295911,0.047007214,0.07116209,0.12249422,0.18410675,0.2501694,0.31727847,0.38265997,0.4438698,0.4987733,0.545583,0.5829009,0.60974866,0.62558097,0.63027936,0.62412924,0.6077814,0.58220124,0.54860973,0.508419,0.4631667,0.4144523,0.36387753,0.3129946,0.26326424,0.21602671,0.17249048,0.13374677,0.10082156,0.0747623,0.056621164,0.046788767,0.04356757,0.04352597,0.043929417,0.043696888,0.042941675,0.042396728,0.04290965,0.044946566,0.048321508,0.052346405,0.056180757,0.059083413,0.06051703,0.060175847,0.057991255,0.054139245,0.049061324,0.043504257,0.038550474,0.035479728,0.03516952,0.03733233,0.040670592,0.043718982,0.045316502,0.044663124,0.041280355,0.0350222,0.026283305,0.01730503,0.017409943,0.030993715,0.049917903,0.070924886,0.092657134,0.11410148,0.13433765,0.15250528
32,0.13083848,0.12634967,0.122005366,0.11717476,0.11124214,0.10372259,0.094336726,0.08304911,0.07008423,0.055941567,0.041457955,0.028091379,0.018999483,0.01887834,0.024790365,0.030517822,0.03340841,0.0324773,0.027645543,0.020616004,0.01948922,0.033087097,0.055537574,0.08253865,0.112184666,0.14302859,0.17369635,0.20284024,0.22916989,0.2515044,0.26882783,0.2803408,0.2855031,0.28406397,0.27607837,0.26190716,0.24220197,0.2178753,0.19005944,0.16006044,0.12932105,0.09942847,0.07226889,0.05061306,0.039123315,0.04090937,0.050639804,0.062403824,0.07425766,0.086175226,0.09862801,0.111919574,0.12589532,0.13991517,0.15298723,0.16395546,0.17167677,0.17516689,0.17371853,0.16700353,0.15517792,0.13902587,0.120219685,0.10182264,0.088902235,0.087339625,0.09853932,0.117702335,0.13903643,0.1584408,0.17326099,0.18178408,0.1829887,0.176451,0.16232143,0.14135124,0.11502592,0.08609598,0.06072465,0.05324158,0.07134007,0.10045744,0.13019945,0.1562667,0.17640325,0.1892184,0.19387892,0.19001,0.17764868,0.15721576,0.12952226,0.095924996,0.059383813,0.033981755,0.05646403,0.101426885,0.15025428,0.1989785,0.24553491,0.2882432,0.32557118,0.35611022,0.3786114,0.3920483,0.39569297,0.38919652,0.37266946,0.34676027,0.3127398,0.27261794,0.22935699,0.1873044,0.1528595,0.13403328,0.13493252,0.14960769,0.16766128,0.18125762,0.18573941,0.17851454,0.1583431,0.12500903,0.07923026,0.024106046,0.048008148,0.12142568,0.20022906,0.2810052,0.36079603,0.43678913,0.5063963,0.56735194,0.6177982,0.65634745,0.6821196,0.6947537,0.6943941,0.68165433,0.65756184,0.6234882,0.58106893,0.53211856,0.47854498,0.42226774,0.36514443,0.30890775,0.25511676,0.20512523,0.16007054,0.120890774,0.08838035,0.06328293,0.046287294,0.03735905,0.0343846,0.033925973,0.033736654,0.033336923,0.03331886,0.03456465,0.037521783,0.041879915,0.046838835,0.0515229,0.05520088,0.057346497,0.057642557,0.055976316,0.05244076,0.047349736,0.041280195,0.03515924,0.0303544,0.028404256,0.029865135,0.033577442,0.037753385,0.040975414,0.042310186,0.041195557,0.037395924,0.031104546,0.023495257,0.018950539,0.02500497,0.039699633,0.05815584,0.078217715,0.09865542,0.11848243,0.13680705,0.15281212
33,0.11798409,0.111225784,0.105414055,0.100108676,0.09471331,0.088631876,0.081402674,0.0727869,0.06281966,0.05185102,0.04063012,0.030542614,0.02402234,0.023478555,0.027397556,0.031961124,0.034685407,0.034346387,0.030531276,0.023988275,0.019258583,0.026578717,0.045200564,0.06953004,0.09711513,0.12645155,0.15620975,0.1850951,0.21185161,0.23530456,0.25441343,0.2683247,0.2764184,0.2783445,0.27404675,0.2637716,0.24806188,0.22773528,0.20384943,0.17765728,0.15055925,0.12406399,0.0997756,0.07942014,0.06483283,0.05752645,0.057597615,0.06351341,0.0736388,0.08713535,0.10358805,0.122460075,0.14285883,0.16355292,0.18309398,0.1999586,0.21268108,0.21997224,0.22082454,0.21460679,0.20115441,0.18087348,0.15491371,0.1255792,0.09747498,0.079922624,0.084222384,0.107631385,0.13817328,0.16800022,0.1929119,0.21038543,0.21883573,0.21739115,0.20583235,0.18458322,0.15474068,0.118238084,0.0787245,0.047317583,0.055070415,0.09270818,0.13420048,0.17203556,0.20303442,0.22519699,0.23719531,0.23827745,0.2282519,0.20749623,0.177011,0.13866027,0.09631536,0.062284365,0.07013775,0.116085716,0.17216529,0.22905624,0.28293043,0.33126554,0.37207225,0.40373814,0.4250202,0.43508378,0.43356135,0.42062247,0.39705694,0.36438346,0.32501414,0.282529,0.24209201,0.21069151,0.19564974,0.19970727,0.21765955,0.24047321,0.26033565,0.2718913,0.2717889,0.25819921,0.23060787,0.18995355,0.13972494,0.09215917,0.08944281,0.14895923,0.23145299,0.3201342,0.4085392,0.492532,0.5688531,0.63484615,0.6884289,0.7281133,0.7530241,0.76289713,0.75805485,0.7393574,0.7081335,0.66609484,0.6152384,0.5577445,0.49587262,0.4318639,0.3678517,0.30578604,0.24737467,0.1940435,0.14692044,0.10684819,0.07443642,0.05015458,0.034326434,0.026360882,0.023382146,0.021838631,0.020343801,0.019765928,0.021796321,0.026802491,0.033579174,0.04073095,0.04721562,0.052313037,0.055548403,0.056650348,0.055530313,0.052272316,0.047131445,0.040549282,0.03321298,0.026221283,0.02136905,0.020665873,0.023883192,0.028629938,0.032938197,0.035704564,0.036338363,0.034598604,0.030635066,0.025335146,0.021432247,0.024041861,0.03449333,0.04955681,0.0668697,0.085073926,0.10316874,0.12028797,0.13564631,0.14853984
34,0.10335699,0.09419081,0.08655256,0.080396414,0.075319014,0.07069148,0.06586166,0.060336918,0.05390418,0.04670397,0.039305087,0.032808486,0.028799953,0.028448705,0.031049365,0.03453446,0.03702561,0.037294824,0.034720294,0.029457327,0.023539836,0.023726448,0.03582159,0.055997387,0.080588415,0.10770955,0.13597986,0.1641336,0.1909485,0.21526287,0.23601955,0.2523173,0.2634602,0.26899976,0.26876643,0.2628869,0.2517859,0.23617023,0.21699445,0.19540708,0.17267582,0.150091,0.12884896,0.109931186,0.09403137,0.08163544,0.073354304,0.070351094,0.0741675,0.08555819,0.10373462,0.12693049,0.15311395,0.1802362,0.20627293,0.22925696,0.24734287,0.2588942,0.2625797,0.25746888,0.24312249,0.21968366,0.18800105,0.1499064,0.10916566,0.07542515,0.07154732,0.102716304,0.14561449,0.18776979,0.22394808,0.2511185,0.26727232,0.27117077,0.26230666,0.24091524,0.20800261,0.16544189,0.11644692,0.06862493,0.05279767,0.09185885,0.14430116,0.19431786,0.23691215,0.26919466,0.28921542,0.2957797,0.28843614,0.26750898,0.23418675,0.1908125,0.14200734,0.09949589,0.0929051,0.13453971,0.19608867,0.26108128,0.32288238,0.37772897,0.42298976,0.45675233,0.47773656,0.48530346,0.47949985,0.4611262,0.43183687,0.39429712,0.35243163,0.31174392,0.27936286,0.26264316,0.26525745,0.28396612,0.310814,0.33760417,0.3579993,0.36765718,0.36390832,0.34554458,0.3128384,0.2679548,0.21639976,0.17145772,0.16037603,0.2018148,0.27782297,0.36757022,0.46001205,0.5488052,0.6295846,0.6990871,0.75488466,0.79530615,0.81940883,0.8269527,0.8183597,0.7946522,0.7573722,0.7084828,0.65025914,0.5851718,0.51577055,0.44457266,0.37396142,0.3060994,0.24285983,0.18577975,0.13603991,0.09447876,0.061659966,0.038018543,0.02388766,0.017968317,0.01530432,0.011506672,0.0055238595,0.004704059,0.014105931,0.024500698,0.034565244,0.04347151,0.050580032,0.05543478,0.05776664,0.05749039,0.05469488,0.04962862,0.04268529,0.03439986,0.02549095,0.017100917,0.0117784925,0.013050653,0.018185908,0.023256566,0.026818898,0.028337292,0.02767086,0.025070837,0.021516843,0.01957125,0.02300192,0.032319516,0.04526914,0.06011597,0.075758316,0.0913521,0.10616306,0.11952853,0.13085894,0.13965458
35,0.08928788,0.07772532,0.06773369,0.059908096,0.054431703,0.050931294,0.048602335,0.04656384,0.04418581,0.041250985,0.03799507,0.035073902,0.033380833,0.033566993,0.035488226,0.038215965,0.0405561,0.041462507,0.040215116,0.03657518,0.031220935,0.02705853,0.0302374,0.043476906,0.06352025,0.08749154,0.113636024,0.14059697,0.16714178,0.19210555,0.21440847,0.23309857,0.24740072,0.25676328,0.26089627,0.25979635,0.25375515,0.24334665,0.22938968,0.21288136,0.1948978,0.17646317,0.15840188,0.14121507,0.12505694,0.10990612,0.09602232,0.08473739,0.07928127,0.0839227,0.10018907,0.12555721,0.15630406,0.18915771,0.22133294,0.25033733,0.27390397,0.29002395,0.2970272,0.29367936,0.27927837,0.2537462,0.21773122,0.17280145,0.12213145,0.07434203,0.061903667,0.1032964,0.15909095,0.21326378,0.26023445,0.29663092,0.32005742,0.32891652,0.32242414,0.30065852,0.26461896,0.21634905,0.15941271,0.101440705,0.0691025,0.101909146,0.16269842,0.22425205,0.27839825,0.32097018,0.34924352,0.36150566,0.35700208,0.33597523,0.29977527,0.2511778,0.19545673,0.14426798,0.12443564,0.15783678,0.22232102,0.29477802,0.36474833,0.42676502,0.47734535,0.5141716,0.53587663,0.54200894,0.53306365,0.51055264,0.47712436,0.43675157,0.39496613,0.3589003,0.3363437,0.33281544,0.34801707,0.3758276,0.4079377,0.43690833,0.45715737,0.4649192,0.45803887,0.43588394,0.39946803,0.35194916,0.29993454,0.25619084,0.24112943,0.2702505,0.33643422,0.4221853,0.51429236,0.60441726,0.68698937,0.7580473,0.81475645,0.85521436,0.878362,0.8839252,0.87235445,0.84475094,0.8027763,0.74854624,0.6845137,0.6133443,0.5377921,0.4605791,0.38428605,0.3112577,0.24352884,0.18277708,0.1303131,0.08713815,0.05415368,0.03266787,0.023882227,0.02324702,0.023048157,0.020725312,0.017731704,0.018127346,0.024153441,0.03326428,0.042805206,0.051231816,0.057614405,0.061397243,0.062312655,0.060339004,0.055667512,0.04866784,0.03985056,0.029827802,0.019277379,0.008947867,0.0022508285,0.009460772,0.015764613,0.019856738,0.021458613,0.0205212,0.017326336,0.013039697,0.011792799,0.018207697,0.02937073,0.042593703,0.056698203,0.07090336,0.084549956,0.09704881,0.10788127,0.11661425,0.12292064,0.1266029
36,0.07921261,0.06587325,0.05322271,0.04234201,0.034504045,0.03071744,0.03065039,0.032573916,0.034789667,0.03639996,0.037215102,0.037518878,0.03785433,0.03876458,0.0404982,0.042838503,0.045178335,0.04674464,0.04681629,0.04490104,0.040956162,0.03586202,0.032464363,0.035801813,0.0481906,0.067245826,0.090278484,0.11545461,0.14136162,0.16675714,0.19050324,0.21157745,0.2291118,0.24243928,0.2511363,0.2550541,0.254332,0.24938758,0.24087594,0.22961454,0.2164708,0.20222104,0.18740655,0.17223442,0.1565844,0.14017706,0.122948706,0.10572421,0.091362216,0.08583501,0.09535159,0.11950356,0.15283893,0.19021748,0.2277702,0.26235977,0.2912558,0.31206167,0.32276133,0.3218122,0.3082485,0.2817803,0.24289319,0.19300367,0.13498226,0.076490544,0.0563715,0.10788032,0.17504875,0.2398356,0.29647958,0.34124613,0.3713303,0.38476327,0.38048008,0.35841113,0.31958705,0.26633325,0.2028999,0.13825125,0.098640665,0.1249886,0.19087829,0.26235956,0.3272398,0.37967265,0.41598806,0.43386742,0.43219653,0.41109034,0.3720136,0.31810987,0.25521496,0.19512649,0.16290778,0.18577933,0.25039646,0.32916945,0.40713426,0.476654,0.5331743,0.5738607,0.5972003,0.60290426,0.5919188,0.5664944,0.53031075,0.48864418,0.44844761,0.41786292,0.4042833,0.41095713,0.4349153,0.4687788,0.5042821,0.5344385,0.55412245,0.5600046,0.55040544,0.5252587,0.48626548,0.4373651,0.3857395,0.34329295,0.3262753,0.34711343,0.40340877,0.48207575,0.5701258,0.6581453,0.739621,0.8099674,0.86596376,0.90547353,0.9272992,0.93108946,0.91726005,0.88690907,0.8417212,0.7838585,0.7158418,0.6404252,0.5604689,0.47881758,0.39818734,0.32107005,0.24966183,0.18583,0.1311502,0.08710128,0.05560756,0.039377216,0.037102416,0.03982759,0.041410293,0.04089718,0.03974073,0.040177688,0.043664876,0.04979085,0.056941397,0.06346866,0.068156414,0.0702469,0.06937562,0.06550831,0.058887012,0.04998065,0.039440963,0.02807925,0.016958263,0.008434748,0.009391866,0.015479495,0.020243436,0.022389203,0.021527912,0.017576851,0.01067515,0.0016459035,0.010935236,0.024394704,0.03889848,0.053720485,0.0681392,0.081457675,0.09303651,0.10232679,0.10890149,0.112486705,0.112995416,0.11057034
37,0.076644294,0.06325757,0.04922865,0.03526697,0.022380492,0.013017088,0.013128091,0.020033345,0.02723114,0.0330885,0.03737873,0.0403202,0.042367935,0.0440785,0.045934938,0.04815737,0.05059805,0.052786514,0.054083806,0.053862765,0.051683456,0.04751215,0.042133138,0.037981678,0.03958033,0.0500403,0.06783314,0.0901273,0.114814274,0.14032632,0.1653542,0.18874897,0.20951761,0.22685497,0.24018411,0.2491907,0.25384095,0.25437453,0.25126502,0.24514318,0.23668313,0.22646518,0.21484318,0.20186149,0.18726753,0.17065285,0.15174411,0.13090393,0.11005785,0.09438031,0.092927106,0.11112943,0.14406046,0.18414004,0.22586659,0.26524895,0.29903078,0.324414,0.33903623,0.34104607,0.32921016,0.30302197,0.26280975,0.20988826,0.14702836,0.081529975,0.055588145,0.114276454,0.190323,0.26389983,0.3288471,0.38099557,0.417112,0.4348535,0.43287766,0.41097906,0.37025476,0.313407,0.24561803,0.17778811,0.13712403,0.160461,0.22908434,0.3083509,0.38252026,0.4438554,0.48760074,0.51074666,0.51175696,0.49056196,0.44867688,0.38952994,0.31941128,0.2503027,0.20613238,0.21713988,0.27914023,0.36266315,0.4480214,0.5249953,0.58774394,0.63280386,0.6584498,0.66451234,0.6523584,0.6249509,0.58695704,0.5448441,0.5067091,0.48121485,0.47497317,0.48933646,0.5196358,0.5578115,0.59562784,0.62636715,0.6452425,0.64932525,0.6374194,0.6100325,0.5695101,0.5204103,0.47016817,0.42970675,0.41223338,0.42749688,0.4749107,0.54492575,0.62604964,0.70882183,0.7862915,0.8534831,0.90690315,0.94423264,0.96414536,0.96618885,0.95069,0.9186645,0.87172127,0.81195706,0.74184376,0.66410893,0.5816146,0.49723947,0.4137702,0.3338106,0.25972205,0.19362138,0.13749936,0.093597546,0.06501961,0.05408269,0.055595264,0.06016783,0.063129306,0.06388969,0.0636072,0.0639053,0.06593675,0.069771275,0.0744874,0.078766026,0.08140769,0.081565835,0.078796655,0.073036894,0.064562,0.053947262,0.042059496,0.030165404,0.020459803,0.016905185,0.020459771,0.025935562,0.029941212,0.031249408,0.029517788,0.025023902,0.019117285,0.016221892,0.022351256,0.034836236,0.049608774,0.06472833,0.07897063,0.091362834,0.101092674,0.10750667,0.11013178,0.108705886,0.10322031,0.093994655
38,0.08229656,0.070509315,0.05719939,0.04293639,0.028343098,0.014141175,0.00364712,0.012869122,0.0233075,0.031992406,0.038744766,0.043681614,0.04713954,0.04962653,0.051721677,0.053911697,0.05641218,0.059069205,0.06140129,0.062747024,0.06244295,0.05999679,0.055289347,0.04892672,0.042986907,0.041888773,0.0500321,0.066848055,0.08907531,0.11410332,0.14010312,0.16564694,0.18954471,0.21081287,0.2286932,0.2426825,0.25255287,0.25834942,0.2603565,0.25902647,0.25487325,0.24834321,0.23969097,0.22889863,0.21567687,0.19957282,0.1801964,0.15759684,0.13293116,0.10983856,0.096660525,0.10407254,0.13240574,0.17258154,0.21677189,0.2597697,0.2976787,0.3272757,0.3458538,0.35125762,0.34198454,0.31730327,0.27737787,0.22344205,0.15831025,0.08955849,0.059976704,0.12090053,0.2028233,0.28310472,0.35481128,0.41326505,0.45480025,0.4767116,0.47739378,0.45652547,0.41530958,0.3569153,0.28763813,0.22046879,0.18309268,0.2064314,0.27638867,0.36113197,0.44269416,0.511532,0.56174356,0.58956677,0.59298563,0.571683,0.52714795,0.4629924,0.38583043,0.3077638,0.2518694,0.25010076,0.3068789,0.39324474,0.48498186,0.56895876,0.6378511,0.6874596,0.71577656,0.7226939,0.70994383,0.6811376,0.64184284,0.5995766,0.56335783,0.54213023,0.5417302,0.5620512,0.59723216,0.6387088,0.67820704,0.7091846,0.72715276,0.7295906,0.71581286,0.686918,0.64586604,0.5977112,0.5499271,0.5123886,0.49580494,0.50754833,0.54742074,0.60828465,0.68052465,0.75542164,0.8261668,0.8877436,0.93658817,0.9703113,0.98750716,0.9876222,0.970854,0.9380623,0.89068174,0.8306296,0.7602075,0.68199784,0.59875613,0.5133048,0.42843494,0.3468258,0.27100402,0.20338237,0.14646983,0.10337409,0.07798691,0.07116532,0.07536982,0.08166263,0.08601382,0.08785318,0.08810871,0.08812825,0.08896706,0.09092599,0.09349035,0.09564901,0.096317865,0.094639264,0.0901212,0.08267376,0.07260144,0.060596466,0.047791798,0.03599842,0.028177701,0.027334293,0.031974446,0.037774835,0.0420195,0.043557156,0.04214319,0.03831421,0.03371194,0.03165379,0.035827104,0.04623423,0.060053717,0.0747736,0.08862398,0.10027494,0.10867593,0.11300715,0.112675,0.10732134,0.09683759,0.08139093
39,0.093098424,0.08305928,0.07081191,0.056993093,0.04240753,0.028221939,0.017065905,0.015763912,0.023808904,0.033255126,0.041475065,0.047868557,0.05245174,0.055580363,0.057832103,0.05986106,0.062191088,0.06500775,0.068063006,0.07074771,0.07227242,0.07186343,0.068937324,0.06328779,0.055401746,0.047188777,0.043268993,0.049557116,0.06635804,0.08958922,0.11594618,0.14329271,0.1700713,0.19504553,0.21723628,0.23592529,0.25067112,0.26131216,0.267942,0.27085012,0.27042705,0.26704502,0.26093704,0.2521079,0.24031246,0.22512639,0.2061205,0.18315484,0.15687095,0.12966137,0.1076858,0.10238007,0.1214147,0.1581955,0.20255302,0.24756867,0.28850895,0.32167527,0.34401488,0.3530764,0.3470917,0.3251004,0.2870961,0.23424736,0.16953127,0.10127119,0.07010952,0.1274481,0.21168526,0.296281,0.37301752,0.4366099,0.48295683,0.50900984,0.51292294,0.49428377,0.45443833,0.3970856,0.32968578,0.26697633,0.23576394,0.260772,0.33102804,0.41892156,0.5056729,0.58026373,0.635684,0.66739506,0.6728562,0.6514401,0.6045248,0.53579044,0.45202312,0.3653075,0.29791477,0.2826459,0.33171242,0.4187197,0.51543075,0.6055627,0.6801361,0.7341196,0.7651546,0.77312976,0.7600712,0.7301562,0.68975264,0.64730716,0.612632,0.59488887,0.5992681,0.62450224,0.66376305,0.70801216,0.74887913,0.7799529,0.7970388,0.7980483,0.7828417,0.7531313,0.7124733,0.6663294,0.622064,0.5884601,0.5740313,0.5839884,0.61778986,0.6697669,0.73206145,0.79713947,0.85884243,0.9125064,0.9547675,0.983338,0.9968276,0.9946133,0.9767431,0.94385916,0.897129,0.8381781,0.7690179,0.6919678,0.60957074,0.52450573,0.43950492,0.3572884,0.28054464,0.21201585,0.15480189,0.11292565,0.090810195,0.08775292,0.09466692,0.10289283,0.10869338,0.11147402,0.1120392,0.11163913,0.1113558,0.11168853,0.112416744,0.112773545,0.111789204,0.108610645,0.10270296,0.093942486,0.08265073,0.06962516,0.0562394,0.04469293,0.038084682,0.038450535,0.043740254,0.05011899,0.055012282,0.05720737,0.05642242,0.053185113,0.0489841,0.046467215,0.048706938,0.056820814,0.0691413,0.08312866,0.09661892,0.1079416,0.11580602,0.11923165,0.11752476,0.11027685,0.09737247,0.07901427
40,0.10490977,0.095958374,0.08421424,0.07035955,0.055298187,0.04032951,0.027825663,0.022641655,0.027476355,0.036664438,0.04575981,0.053211913,0.058617122,0.0621276,0.06426815,0.06580357,0.06753704,0.07002904,0.07335073,0.077029236,0.08020787,0.08189397,0.08117788,0.07740255,0.07033648,0.06048261,0.049877737,0.043861583,0.05001279,0.06857347,0.09409071,0.12263756,0.15187702,0.18017542,0.20627488,0.22921316,0.2483182,0.26321244,0.27379957,0.2802203,0.2827734,0.28180724,0.27759978,0.2702553,0.2596523,0.24547166,0.22732197,0.20497362,0.17874321,0.15018912,0.123555295,0.108044185,0.11504706,0.14451602,0.18616328,0.23115829,0.27368042,0.309471,0.33512,0.34788975,0.34575617,0.32753298,0.2930451,0.24341685,0.18188024,0.117618546,0.08661885,0.13505325,0.2173253,0.30344057,0.38325614,0.4507147,0.5012561,0.5315031,0.53939056,0.52443504,0.48814204,0.43473303,0.37266934,0.31761742,0.294072,0.32121944,0.3906808,0.47940144,0.56894046,0.6472756,0.706419,0.74107456,0.7481506,0.7266522,0.6777579,0.6050908,0.51543987,0.4206874,0.34218282,0.31284732,0.35178772,0.43696457,0.5368822,0.63194907,0.71138334,0.76924014,0.8027477,0.81172615,0.79841846,0.7674794,0.72598404,0.68322325,0.6497544,0.63498646,0.6435881,0.67327964,0.7163276,0.7631948,0.80537367,0.8365697,0.8528961,0.8527277,0.83650666,0.8065854,0.767111,0.72389466,0.6840958,0.6553874,0.6442853,0.6540066,0.6832809,0.72720444,0.77933365,0.83344954,0.8843873,0.92819464,0.9620061,0.98385566,0.9925115,0.98735327,0.96828896,0.93570143,0.8904119,0.8336509,0.7670267,0.69248545,0.6122592,0.5288047,0.4447394,0.3627928,0.28581107,0.21689449,0.15981087,0.11961183,0.10121297,0.102278486,0.11228263,0.12267156,0.1299248,0.13348417,0.13414238,0.13317785,0.13179086,0.13069575,0.12992361,0.12890133,0.12674017,0.122569434,0.115790226,0.10622189,0.09417644,0.080519676,0.066786535,0.055360287,0.049222164,0.04992881,0.055499017,0.062388014,0.06797208,0.07087038,0.0706529,0.06770738,0.06330242,0.059703257,0.05978966,0.06543328,0.07600294,0.0892004,0.10259764,0.11421216,0.12252649,0.12642789,0.1251838,0.11846063,0.10640185,0.08985664
41,0.11449467,0.10596894,0.094247244,0.080047145,0.064359866,0.048636943,0.03539781,0.029194506,0.032945927,0.04213437,0.051883053,0.060056426,0.06591541,0.06942458,0.07103641,0.07158533,0.072126746,0.07363353,0.07659996,0.08079072,0.08532729,0.089006096,0.09061484,0.089146875,0.08394672,0.074873015,0.062650755,0.04992827,0.043792605,0.053140756,0.07567699,0.10449317,0.13559477,0.16668236,0.19613689,0.22272246,0.24552295,0.2639386,0.2776829,0.2867562,0.2913857,0.29193175,0.28877023,0.28217462,0.2722292,0.25880775,0.2416447,0.22051504,0.19554803,0.1677634,0.14009114,0.119184546,0.11570286,0.13527285,0.17118658,0.21377909,0.25610408,0.29327166,0.32150087,0.33777976,0.339844,0.3262927,0.29679048,0.25243247,0.19671461,0.1392865,0.10980308,0.14602506,0.22148843,0.30583695,0.3865054,0.45641732,0.51048714,0.5450032,0.55768836,0.5479863,0.51752967,0.47093692,0.4172533,0.37199667,0.35640162,0.38527334,0.45264226,0.5398719,0.6296927,0.70959705,0.770823,0.80737954,0.8156195,0.7941325,0.7438098,0.66808724,0.57357943,0.47175163,0.3828128,0.3390792,0.36555213,0.44616833,0.54719234,0.6456393,0.728796,0.7897367,0.8252242,0.8349486,0.8212934,0.7893053,0.74668616,0.70352364,0.67113066,0.6592289,0.6720332,0.70626456,0.7532444,0.80289024,0.84653735,0.878015,0.8937677,0.8926654,0.87576556,0.8460881,0.8083789,0.768772,0.73417497,0.71116483,0.70441836,0.7153071,0.7416368,0.77876973,0.8212717,0.8641394,0.90334386,0.9358985,0.9597094,0.9733744,0.9760058,0.9671038,0.946487,0.914269,0.8708684,0.81703496,0.7538753,0.68286467,0.6058387,0.5249632,0.44269192,0.3617341,0.28508335,0.21621774,0.15966415,0.12171575,0.107838705,0.11371147,0.12721951,0.13990407,0.14852263,0.152651,0.15317412,0.15149733,0.14901422,0.14668518,0.1447797,0.14287932,0.14013015,0.13559937,0.12858388,0.11880914,0.1065399,0.09265932,0.07877303,0.06729957,0.061061565,0.06148123,0.06689444,0.07400505,0.08007689,0.08349729,0.083618425,0.08062727,0.07556887,0.070459194,0.068150096,0.07118759,0.079962455,0.09256385,0.1063565,0.11903824,0.12885652,0.13457216,0.13543282,0.13120812,0.122314386,0.1101084
42,0.11971814,0.111188084,0.09928348,0.08476766,0.068751365,0.052938413,0.04027987,0.035385437,0.040113404,0.04989473,0.060154773,0.06866498,0.074521035,0.07755065,0.07812666,0.0771071,0.07574922,0.075454354,0.07726385,0.08132859,0.08680759,0.0922618,0.09614228,0.09710172,0.09415024,0.08676376,0.07506375,0.060336124,0.04680803,0.04490235,0.061585333,0.08944348,0.1216683,0.15488113,0.18700317,0.21650183,0.24221167,0.26330876,0.27931502,0.29009074,0.2957972,0.29682282,0.29367563,0.2868559,0.27673617,0.2634848,0.2470716,0.22738516,0.20448746,0.17905563,0.15314995,0.13149223,0.12229515,0.13280232,0.16107959,0.19899653,0.23917899,0.27623338,0.30604684,0.32536379,0.33170566,0.3234744,0.30018005,0.2628687,0.21515754,0.1663825,0.13944896,0.16302095,0.22714356,0.30600548,0.38497552,0.4557269,0.5125361,0.551316,0.56955355,0.5665751,0.5440312,0.50667185,0.46351752,0.42892691,0.42059398,0.45017308,0.5139602,0.5974113,0.6849935,0.7642221,0.82581526,0.8631888,0.872159,0.8508636,0.79982513,0.722164,0.6241421,0.5165843,0.41828555,0.36019084,0.3719848,0.44505814,0.5447796,0.64476186,0.7302357,0.7932372,0.8300218,0.8400948,0.8259092,0.79282457,0.7491078,0.7056319,0.6745217,0.66587967,0.6834441,0.7228171,0.7742628,0.82710963,0.87254506,0.9045515,0.91993535,0.91808903,0.90071166,0.8715163,0.8358672,0.8002278,0.7712566,0.7544889,0.75291556,0.7662086,0.7911665,0.82307774,0.85713434,0.8893123,0.9166744,0.93730277,0.9500656,0.95434636,0.94980973,0.9362405,0.91346776,0.8813709,0.83994526,0.78940123,0.73026586,0.6634637,0.5903619,0.5127767,0.43295208,0.3535409,0.27765587,0.209146,0.15339042,0.11826921,0.109918974,0.121336415,0.13863407,0.1536016,0.16340014,0.16783972,0.16798434,0.16544458,0.16187161,0.15851006,0.1558695,0.15365326,0.15098739,0.14681709,0.14028138,0.13096668,0.1190475,0.10537106,0.09153434,0.07989955,0.07314605,0.07274757,0.07748673,0.084364034,0.09054474,0.09416039,0.09430607,0.09093585,0.08487162,0.07793846,0.073037624,0.073411815,0.080551155,0.09300429,0.10787414,0.12246437,0.13474593,0.1433266,0.14739472,0.14673561,0.14183395,0.13408183
43,0.11931392,0.110610954,0.0986113,0.08416527,0.06858986,0.05402107,0.044022605,0.042679764,0.04965713,0.06027766,0.070760354,0.07912404,0.08444834,0.086476736,0.08549634,0.0823305,0.078345634,0.075327046,0.074986264,0.0780986,0.08398203,0.09091221,0.09691641,0.10026928,0.09967204,0.09431882,0.08399149,0.0693477,0.052971117,0.04289369,0.05203806,0.07774511,0.110321954,0.14491099,0.1789037,0.21047099,0.23820776,0.2610722,0.27839443,0.28988764,0.29563636,0.29604924,0.29177243,0.28356692,0.27216682,0.2581493,0.2418618,0.22345497,0.20306398,0.1811783,0.15925947,0.14063665,0.13108,0.13656782,0.15786053,0.18987519,0.226247,0.26165608,0.29187396,0.31350043,0.32389653,0.3212924,0.30503517,0.27604377,0.23776789,0.1984408,0.17490382,0.18787566,0.23792715,0.30760378,0.38204136,0.45175174,0.51027566,0.55307657,0.5773376,0.58216625,0.56903696,0.54245615,0.51077724,0.48651463,0.4840666,0.51296604,0.5715728,0.6490439,0.7319454,0.80828196,0.8685365,0.9056658,0.91499084,0.8941763,0.8433033,0.76505655,0.66517746,0.55363584,0.447531,0.3756447,0.3708098,0.43310994,0.52882063,0.62824696,0.7144235,0.7782905,0.81556183,0.8255116,0.8105981,0.7764265,0.73178965,0.6883762,0.65922,0.6548466,0.67835855,0.7239734,0.78074175,0.83739585,0.8850318,0.9178415,0.93302906,0.9305277,0.91269046,0.883941,0.85029066,0.8185706,0.7952457,0.784911,0.7890384,0.80575204,0.83083016,0.8592658,0.8865534,0.90935713,0.92564815,0.9345234,0.9358754,0.93002284,0.91737723,0.8982006,0.8724859,0.8399698,0.80025333,0.7529872,0.69807005,0.6358166,0.5670678,0.4932385,0.41631463,0.33884037,0.26398373,0.1958981,0.14086908,0.108918406,0.107131906,0.124697685,0.14585452,0.16293275,0.1736378,0.17809351,0.17760473,0.17404588,0.16938281,0.16518988,0.16223153,0.16030346,0.15844744,0.15541312,0.15011877,0.14196347,0.13098972,0.117960654,0.10440207,0.09256296,0.08499297,0.08329952,0.08678881,0.09285623,0.0986414,0.10203329,0.101852834,0.09780105,0.0904692,0.08150558,0.07389162,0.07164935,0.0775451,0.0905688,0.10733507,0.12461019,0.14004692,0.15208094,0.15979807,0.16290464,0.16178292,0.1576122
44,0.11273348,0.10396644,0.09229968,0.078769796,0.06507618,0.053987645,0.049250286,0.052827295,0.062209107,0.07340809,0.08363671,0.09129305,0.09553168,0.096055746,0.09306408,0.08728324,0.08005244,0.07338522,0.06970665,0.07078457,0.07639161,0.08445227,0.09239421,0.098028526,0.09975181,0.096536234,0.08794869,0.07432387,0.057461284,0.04339511,0.046204966,0.069264494,0.10155325,0.13673814,0.17172405,0.20443025,0.23324452,0.25692663,0.27461985,0.28587964,0.2906878,0.2894373,0.28287864,0.27202392,0.25801045,0.24193926,0.2247236,0.20700562,0.18921463,0.17182969,0.15586786,0.14349666,0.13826247,0.14381519,0.16120856,0.18794794,0.21977445,0.25235105,0.28181234,0.3048493,0.3187792,0.32170692,0.31279823,0.2927224,0.26443624,0.23459819,0.21520582,0.22089355,0.2569828,0.31478053,0.3818748,0.4484076,0.5072703,0.55341905,0.58363515,0.596654,0.5935236,0.57811064,0.55759126,0.5423491,0.5439848,0.57063633,0.6224621,0.691913,0.76786506,0.83922094,0.8965252,0.9324353,0.9418382,0.9219194,0.8722591,0.7950003,0.6952145,0.581831,0.47000694,0.38560876,0.36268938,0.4107543,0.4994224,0.59598494,0.68109643,0.7445253,0.7814103,0.7907546,0.77496785,0.73985004,0.6947134,0.6521475,0.62623554,0.62789226,0.65920705,0.7125864,0.7757267,0.83684725,0.88708174,0.9209197,0.9359999,0.9327978,0.91430885,0.8856659,0.8535547,0.82524115,0.8071046,0.8029551,0.8129384,0.8337933,0.86030936,0.88704723,0.90955126,0.9248862,0.9316753,0.92984885,0.920245,0.9041503,0.8828525,0.85727686,0.8277722,0.7940854,0.75551414,0.71118087,0.6603448,0.60267675,0.53844935,0.46862912,0.39488953,0.31959233,0.24584517,0.17792566,0.12291485,0.093844295,0.09954296,0.123590276,0.14841557,0.16728379,0.17855844,0.1827181,0.18133785,0.17659271,0.17081584,0.16597018,0.16310762,0.1620904,0.16179857,0.16069722,0.15741472,0.15111701,0.1416794,0.1297424,0.11671403,0.104691766,0.0960943,0.09267992,0.09431661,0.098917045,0.10371828,0.10641694,0.10556122,0.100583725,0.0918263,0.080739014,0.07037375,0.065679595,0.071026556,0.085635796,0.1051462,0.1256463,0.14451201,0.16005178,0.17125413,0.1777108,0.17963737,0.17794679
45,0.10010623,0.09173973,0.08134074,0.07033004,0.060992047,0.056376312,0.058632616,0.066799045,0.0778608,0.08904297,0.09843384,0.10480696,0.10743948,0.1060345,0.10071351,0.092061706,0.081241,0.070199944,0.061856437,0.059404265,0.06382684,0.072681,0.08241017,0.090188116,0.09410939,0.09298998,0.086275384,0.0741369,0.058010533,0.042904478,0.042454153,0.06353608,0.095156774,0.13017075,0.16522266,0.19808334,0.22699428,0.25055435,0.26773652,0.27793106,0.28098232,0.27720428,0.26736772,0.25265282,0.23456272,0.21479322,0.19505873,0.17689106,0.16146758,0.14957476,0.14180116,0.13889085,0.14192544,0.15196432,0.16928005,0.19288334,0.22068857,0.24998109,0.27782798,0.3013752,0.3180991,0.32607037,0.32427013,0.3130071,0.29451528,0.27378196,0.25919095,0.26102594,0.2857173,0.3309614,0.38858265,0.44976047,0.50720805,0.5554487,0.5907892,0.61143553,0.61776716,0.61269337,0.6019253,0.593737,0.5974554,0.6202656,0.66381884,0.7234544,0.7904547,0.8549638,0.90788263,0.94174486,0.95108247,0.93261,0.8853624,0.8108536,0.7133637,0.6006405,0.4857301,0.3909747,0.3493833,0.3795997,0.45778733,0.5489549,0.63112265,0.6927596,0.7283839,0.73669195,0.72000265,0.68428546,0.639417,0.59905475,0.5785071,0.58885247,0.6304385,0.69331104,0.76381487,0.8299094,0.8829842,0.91794115,0.93288136,0.928796,0.9092743,0.88012147,0.84870756,0.82281363,0.8088909,0.8101778,0.82572305,0.85105836,0.88004464,0.9067324,0.9265292,0.93665206,0.93610716,0.9254075,0.9061441,0.8804737,0.8505789,0.81817526,0.7841601,0.74849004,0.7103166,0.6683281,0.62118155,0.5679025,0.5081713,0.44246796,0.37209782,0.29915163,0.22651364,0.15824269,0.10162087,0.07372378,0.08757623,0.118059054,0.14609328,0.16631791,0.17780244,0.18136756,0.1788474,0.17272848,0.16576114,0.16038069,0.15799123,0.15850134,0.1605295,0.16214602,0.16161673,0.15783729,0.15049267,0.14007469,0.12784097,0.1157097,0.105953805,0.10045674,0.09964767,0.102081425,0.10525999,0.1067789,0.10493341,0.098873965,0.08866019,0.07548391,0.062400687,0.055543993,0.061507314,0.07901708,0.10193841,0.125767,0.14781898,0.16640052,0.18045583,0.18947594,0.19351035,0.1932239
46,0.08232205,0.075432934,0.06818423,0.062555164,0.060907587,0.06468391,0.07321552,0.084414035,0.09610967,0.10657831,0.11454672,0.119114615,0.11971053,0.1160818,0.10830654,0.09682766,0.082532726,0.066959456,0.05280804,0.044600014,0.04635917,0.05579665,0.06733878,0.07714165,0.08304591,0.08382893,0.07892476,0.06846224,0.053758595,0.03955261,0.03929352,0.05996803,0.090776145,0.12488495,0.15905872,0.19107336,0.21911329,0.24167691,0.25760323,0.26612535,0.26692092,0.2601486,0.24646741,0.22704063,0.20353298,0.1781139,0.15346985,0.13275026,0.11913549,0.11460654,0.118668556,0.12898573,0.14334726,0.16066387,0.18071881,0.20348696,0.22855596,0.254857,0.28070465,0.30403453,0.32272717,0.33495837,0.33956665,0.3364564,0.32706282,0.31485114,0.30557612,0.30646467,0.3234071,0.35756624,0.40495235,0.45900762,0.5130791,0.56157416,0.60037524,0.62707555,0.6412287,0.6446142,0.641403,0.63794476,0.6417259,0.659206,0.6932074,0.74156064,0.7979593,0.85406446,0.9014134,0.93259984,0.9418912,0.92555237,0.8820441,0.81218576,0.7193789,0.610105,0.49524102,0.39326027,0.33381087,0.34270808,0.40641284,0.48934722,0.5665873,0.62506986,0.65861064,0.6655593,0.64811856,0.61244327,0.5691055,0.5331195,0.52116555,0.54380244,0.59841746,0.6722444,0.75064784,0.8218057,0.87765265,0.91361564,0.9282579,0.923019,0.9019838,0.8715402,0.8397078,0.81485176,0.803683,0.8091399,0.8294504,0.8591411,0.8912266,0.919209,0.93822753,0.94545436,0.9400398,0.9228207,0.89589196,0.8620827,0.8243683,0.7852762,0.7463898,0.70808023,0.6695584,0.6292352,0.58525836,0.5360474,0.48069292,0.4191677,0.3523681,0.28204364,0.2107111,0.14180255,0.081362955,0.04978987,0.07200608,0.10839282,0.13893394,0.16003126,0.17140359,0.17413497,0.17025733,0.16254398,0.15420872,0.14828847,0.14666761,0.1492922,0.15437607,0.15945068,0.1623469,0.16167055,0.15691097,0.1483996,0.13722365,0.1251014,0.11413634,0.10628175,0.10248347,0.102042794,0.10293338,0.10279241,0.09970658,0.09253143,0.08099507,0.06592037,0.05018351,0.041596685,0.05024749,0.072095744,0.09853407,0.12516373,0.14961667,0.17034297,0.18630178,0.19691084,0.20207311,0.2022336
47,0.06145989,0.058481712,0.057941075,0.06133715,0.06894428,0.07973655,0.092151076,0.104675114,0.116021544,0.12513563,0.13118027,0.13353428,0.13180181,0.1258262,0.115703486,0.10179519,0.084748186,0.06555714,0.045827005,0.029055139,0.024383085,0.034772523,0.048657622,0.06034366,0.06778661,0.069987975,0.06652418,0.057598192,0.044605218,0.032778364,0.036161263,0.058079526,0.087966084,0.12045962,0.15283024,0.1830301,0.20929947,0.23012438,0.24427763,0.25087702,0.24943909,0.23991936,0.2227368,0.19878754,0.16946855,0.1367787,0.103716865,0.07566239,0.06286382,0.072654665,0.09579216,0.12227755,0.14823532,0.17276143,0.19618057,0.21925226,0.24263264,0.26648244,0.29028085,0.3128776,0.3327363,0.3482849,0.3583062,0.3623381,0.36106938,0.35668865,0.35302693,0.3551232,0.3677999,0.3935831,0.43145695,0.47746864,0.5263499,0.572906,0.61283237,0.64317375,0.6626434,0.6718773,0.67358404,0.67242867,0.67437553,0.6852471,0.7087193,0.74472487,0.78929853,0.8358249,0.87673366,0.90486175,0.9143075,0.90091604,0.8625593,0.7993195,0.7136689,0.6108001,0.49948722,0.3943501,0.31985372,0.30492774,0.34941706,0.4207438,0.49089274,0.544852,0.5755706,0.5809943,0.5632069,0.5286364,0.48882812,0.46059027,0.4618223,0.5009156,0.5707426,0.6559535,0.7418709,0.81752545,0.87566614,0.9123052,0.92641765,0.9197774,0.89681435,0.8643449,0.8309338,0.80554473,0.7953294,0.80323946,0.82701397,0.8604151,0.8957194,0.9258736,0.94565874,0.95205563,0.9441688,0.92293495,0.89070946,0.85075766,0.80666107,0.7616706,0.7180947,0.67687064,0.6374763,0.5982413,0.5569458,0.5114846,0.46039343,0.40314347,0.3402142,0.27300408,0.20365523,0.13490103,0.07041052,0.02474901,0.05401051,0.09510812,0.12727591,0.1488093,0.15987386,0.16166256,0.15628149,0.146709,0.1366498,0.12995012,0.12924063,0.13452229,0.14336711,0.15256348,0.15944538,0.16234028,0.16056089,0.15428232,0.14441225,0.13245505,0.12031729,0.10994698,0.10271206,0.098714344,0.09663469,0.09436859,0.08988227,0.08173109,0.0692486,0.05271459,0.034343544,0.02476914,0.040138222,0.06689754,0.095847584,0.12400221,0.14958055,0.17123884,0.18797381,0.199145,0.20452408,0.20435512
48,0.042718243,0.04850176,0.05824859,0.07086293,0.08505905,0.09967229,0.113683105,0.12619178,0.13640907,0.14366464,0.14742535,0.14731658,0.14314204,0.13489902,0.12278643,0.10720468,0.08874591,0.068174645,0.046399154,0.024435682,0.0034398541,0.015822632,0.03194436,0.04415083,0.051672954,0.05397971,0.050864752,0.042648844,0.030981248,0.023085365,0.033717446,0.057606976,0.08624428,0.11641862,0.14612058,0.17362536,0.19735862,0.21591578,0.22811726,0.23306838,0.2302118,0.21936531,0.2007407,0.1749399,0.1429279,0.105982885,0.06563964,0.023844229,0.020304622,0.060888533,0.09941352,0.13459049,0.16599093,0.19374749,0.21849042,0.24119352,0.2629108,0.28445327,0.30610955,0.32752198,0.3477688,0.36562198,0.37990475,0.389878,0.3956064,0.39825326,0.40021133,0.40489364,0.41598758,0.436223,0.46622393,0.50419265,0.5465516,0.5889904,0.62739074,0.65847814,0.6802672,0.6923768,0.69622636,0.6950395,0.69348633,0.6967649,0.7091026,0.73215437,0.7641626,0.8003743,0.8343361,0.85930103,0.8692914,0.8597648,0.82799935,0.7733188,0.6972508,0.60373443,0.4996215,0.39606056,0.3116223,0.2730408,0.29313833,0.34850574,0.40897682,0.45695347,0.48418826,0.4881204,0.470747,0.43898496,0.405861,0.39042446,0.41050997,0.46933028,0.5545255,0.64976305,0.74162483,0.8205093,0.880095,0.9169409,0.9303277,0.92221236,0.89718235,0.86227393,0.8264098,0.7990697,0.78795815,0.7963496,0.82187474,0.8578282,0.89589936,0.9285061,0.95001835,0.9571222,0.9487368,0.9257274,0.89051104,0.8465733,0.7978952,0.7482957,0.7007499,0.6568217,0.6164105,0.5779507,0.5390155,0.49708217,0.45018953,0.397334,0.33859533,0.2750585,0.20861113,0.1416795,0.0769472,0.017096667,0.03554162,0.078921,0.1117708,0.1334986,0.14432019,0.14530566,0.13843714,0.12671457,0.11427571,0.106092244,0.10614364,0.114585906,0.12787645,0.14174622,0.1530098,0.15978189,0.16124776,0.15744486,0.14910139,0.1374997,0.12432401,0.111432485,0.100468524,0.09229675,0.08653827,0.08167784,0.075749755,0.067043155,0.054458063,0.03758641,0.016883628,0.010541204,0.036897913,0.065694004,0.094691135,0.1224058,0.14746714,0.16865869,0.18498793,0.19575185,0.20059595,0.19957107
49,0.038920384,0.054692477,0.071678266,0.08903751,0.10600765,0.121854804,0.13587944,0.14743908,0.15597607,0.16104548,0.16234033,0.15971264,0.15318881,0.14297912,0.12948182,0.1132842,0.09516784,0.07613708,0.057526734,0.04134541,0.030970134,0.029715618,0.034787975,0.040445205,0.04348545,0.04252737,0.03703243,0.027058128,0.014097071,0.013595192,0.033642426,0.058432903,0.08512746,0.11227956,0.13855138,0.16263308,0.18327594,0.19934797,0.20989504,0.21420226,0.21185362,0.20279172,0.187386,0.16653602,0.14188144,0.11630439,0.09502549,0.08628368,0.0956459,0.11851073,0.14705034,0.17635378,0.20400088,0.22900847,0.2513088,0.27145767,0.29036695,0.3089962,0.3280333,0.34765285,0.36744168,0.38652024,0.4038162,0.41841114,0.42988482,0.43859655,0.44583756,0.45376325,0.4650052,0.48194826,0.50588,0.5364178,0.5715182,0.60800666,0.642318,0.67118794,0.69219875,0.70418465,0.7075099,0.7041931,0.6977845,0.6928382,0.6938563,0.70384455,0.72306514,0.7487016,0.77560514,0.79759955,0.8087102,0.8040312,0.7802459,0.7359154,0.6716386,0.5901824,0.49673274,0.39960334,0.31206658,0.25470766,0.24692005,0.28064758,0.3278932,0.36806723,0.39113966,0.393841,0.37816882,0.35195518,0.3304235,0.3344341,0.37793115,0.4561723,0.5537335,0.6558034,0.7511089,0.831517,0.89153653,0.92814153,0.9407775,0.93142575,0.90464044,0.8674476,0.8288787,0.79873216,0.7852418,0.7922307,0.81760734,0.85455537,0.8943919,0.92908347,0.9525768,0.9612006,0.9535937,0.93043035,0.8940455,0.8479806,0.7964403,0.7436493,0.6931395,0.64708054,0.6058657,0.5681649,0.53147733,0.49296245,0.4502188,0.40179217,0.34737128,0.2877431,0.22460373,0.16031161,0.09768809,0.040538065,0.021622214,0.06070783,0.093425356,0.11553047,0.12663527,0.12740546,0.119439505,0.105412215,0.08952897,0.07815544,0.078134,0.090264395,0.10870899,0.1276302,0.14343119,0.15416822,0.1589788,0.15778981,0.15115449,0.14013067,0.12616229,0.11093832,0.096190065,0.08336535,0.07316485,0.065160155,0.057918586,0.04968468,0.039130446,0.02604024,0.014611069,0.023057343,0.044776663,0.06976764,0.09552002,0.12044562,0.14315833,0.16242892,0.17722665,0.1867715,0.19058187,0.18851773
50,0.055421904,0.073841415,0.0926238,0.1110385,0.12835437,0.14386158,0.15690394,0.1669131,0.17344151,0.17619121,0.17503771,0.1700474,0.16148867,0.14983721,0.13577756,0.12020332,0.104217395,0.08912043,0.076331414,0.06709595,0.0618717,0.05979699,0.05900517,0.057532854,0.05390851,0.04725724,0.037230853,0.024038734,0.010135984,0.016790526,0.037432335,0.06042842,0.084162034,0.107609525,0.12984109,0.14999314,0.1672928,0.18109454,0.19092268,0.19652027,0.1979065,0.19544524,0.1899252,0.18264072,0.17542773,0.17053975,0.17019881,0.17583238,0.18746416,0.20381065,0.22295302,0.24301015,0.26252633,0.2806251,0.2970355,0.31203777,0.3263295,0.34080657,0.35628277,0.37321657,0.39153996,0.41065818,0.42962134,0.44740757,0.46323746,0.47684878,0.48867434,0.4998669,0.51211536,0.5272301,0.5465676,0.5704887,0.5980864,0.62730294,0.65536106,0.6793326,0.69669354,0.7057922,0.70621026,0.6989992,0.6867415,0.67332584,0.6632821,0.6606061,0.667346,0.6826358,0.7027806,0.72230005,0.7352727,0.7364323,0.72186196,0.689369,0.6386668,0.5714633,0.49156043,0.40513662,0.321549,0.25481987,0.22218981,0.22911888,0.2581061,0.28774428,0.3056934,0.30764267,0.29574272,0.27933487,0.27591974,0.30459172,0.37038282,0.46264055,0.567144,0.67200863,0.768041,0.84828484,0.9078491,0.9439585,0.9560906,0.94611806,0.91840255,0.87975395,0.8390501,0.80612665,0.789562,0.7937844,0.8172848,0.8535179,0.89371514,0.9295401,0.9545601,0.9647287,0.95835245,0.93583935,0.89934874,0.8523665,0.7991951,0.744336,0.69176865,0.64420944,0.6025541,0.5657695,0.53135955,0.4962266,0.4575606,0.4134614,0.36321253,0.3072757,0.24711685,0.18496221,0.12358681,0.066488184,0.023915138,0.041459754,0.0737313,0.0971629,0.109787926,0.111654356,0.103777416,0.08808104,0.06781993,0.049524453,0.046285473,0.06292575,0.08731082,0.1113121,0.13142829,0.14592312,0.153972,0.15540905,0.15061273,0.1404171,0.12602091,0.10889001,0.090655275,0.07300419,0.05754142,0.04553536,0.037463848,0.03270483,0.030286178,0.030463247,0.03503437,0.045196787,0.06020145,0.07843345,0.09825215,0.11813695,0.13669007,0.15265542,0.1649552,0.17273003,0.17537445,0.17256476
51,0.07922507,0.0970248,0.11526295,0.13300529,0.1493975,0.1636644,0.17513162,0.18325616,0.1876589,0.18815455,0.18477684,0.17779762,0.16773872,0.15537597,0.1417301,0.12802996,0.11560964,0.10567792,0.09893761,0.09522057,0.09346982,0.09215518,0.089794315,0.08527617,0.077974,0.06777121,0.05513948,0.041540936,0.031018686,0.031758297,0.044924237,0.06334292,0.082964025,0.10208885,0.11987018,0.13588223,0.14999454,0.16231535,0.17314345,0.18291214,0.19212437,0.20128496,0.21083899,0.22112463,0.23234455,0.24455447,0.2576646,0.27145007,0.28557122,0.2996062,0.31310067,0.32563478,0.33690447,0.34680572,0.35550553,0.36347574,0.37146384,0.38037923,0.39109826,0.40422922,0.41991764,0.43777364,0.45695746,0.4763939,0.49504662,0.51218015,0.52755487,0.54151183,0.55491424,0.5689255,0.5846455,0.60269046,0.6228575,0.6440073,0.66421366,0.6811239,0.6924206,0.6962871,0.69181806,0.6793429,0.6606296,0.6388958,0.61848694,0.6040412,0.59912217,0.6047747,0.618869,0.63670427,0.6524109,0.6603262,0.65591604,0.6362597,0.60025793,0.5486988,0.48427117,0.41161782,0.33755475,0.27152643,0.22532764,0.20779175,0.21441418,0.22982576,0.24106759,0.24279325,0.23742178,0.23564002,0.25421232,0.30472985,0.38450986,0.48286617,0.588772,0.69285554,0.7873829,0.86617994,0.9247332,0.960387,0.9725577,0.9629226,0.93554515,0.8968676,0.85539097,0.8206895,0.8013841,0.8023644,0.8228355,0.85684717,0.89587426,0.9315003,0.95702666,0.96806943,0.9625951,0.9407106,0.90434605,0.85686344,0.80258274,0.74619544,0.69204974,0.64335597,0.60149944,0.56576437,0.53368783,0.501932,0.46727732,0.42736307,0.38104418,0.32842588,0.27070048,0.20989223,0.14858763,0.08976607,0.037601624,0.022256648,0.05508756,0.08184565,0.097944185,0.10296112,0.09744781,0.08263365,0.060328342,0.033136714,0.012332011,0.035821915,0.06639556,0.094529696,0.1180817,0.13571885,0.14664657,0.15057383,0.14768417,0.13858674,0.12424689,0.10590186,0.084973834,0.06300813,0.041742243,0.023920612,0.017378734,0.025925884,0.037663706,0.048505902,0.058352083,0.06798375,0.07826751,0.08971852,0.10229569,0.11544112,0.12826161,0.13972683,0.14882343,0.15465827,0.15652305,0.15393126
52,0.10253216,0.119080454,0.13599361,0.152303,0.16712202,0.17965999,0.1892493,0.1953803,0.19773826,0.19623916,0.19106156,0.18267286,0.17184648,0.15966098,0.14745708,0.1367012,0.12869133,0.12412086,0.12272799,0.123345174,0.12434578,0.12414976,0.12153897,0.11578112,0.10665885,0.094485916,0.08018202,0.06551939,0.053671878,0.04926161,0.054696236,0.06681213,0.081276506,0.0955861,0.10875885,0.12080144,0.13241792,0.14475368,0.15905403,0.1762695,0.19676018,0.22022818,0.24585979,0.27255508,0.29914057,0.32452357,0.3477889,0.3682504,0.38546917,0.39924848,0.40961504,0.41679567,0.42119786,0.42339945,0.42414585,0.4243438,0.4250316,0.42730212,0.43216518,0.4403646,0.45220274,0.46744362,0.48534498,0.5048152,0.5246449,0.54374933,0.5613682,0.577188,0.591362,0.60441387,0.61702836,0.6297631,0.64275473,0.6555141,0.6668892,0.6752182,0.67863584,0.6754611,0.66460013,0.6459152,0.620527,0.5910041,0.5613344,0.536469,0.52118677,0.518363,0.52750975,0.5447278,0.5641115,0.5795054,0.58573633,0.57921654,0.5581576,0.5226014,0.47437698,0.41703522,0.35579556,0.29746407,0.24992533,0.2199257,0.20846519,0.20883827,0.21209762,0.21360096,0.21588695,0.22862576,0.2635044,0.3251568,0.40912876,0.5070684,0.61038494,0.71125585,0.8028417,0.87946373,0.9368446,0.97237515,0.98536724,0.9772636,0.9517766,0.9148909,0.8745734,0.83988345,0.8191528,0.8174432,0.83459914,0.86544526,0.90199816,0.9360291,0.96075165,0.9715415,0.9660649,0.9441304,0.90741736,0.8591252,0.80354166,0.74549574,0.6896604,0.6397191,0.5975547,0.56279075,0.53300935,0.50462043,0.4739662,0.4381946,0.39570686,0.34623417,0.2906854,0.2308838,0.16926706,0.10859248,0.051700603,0.004965466,0.041875083,0.074008316,0.09521533,0.105153844,0.10422011,0.09346567,0.07455223,0.049878526,0.024554947,0.024609473,0.051584117,0.07993022,0.10485423,0.12444989,0.13759035,0.14370248,0.1427097,0.13498436,0.12128513,0.102677986,0.080444425,0.055984743,0.0307364,0.006555979,0.017776392,0.0383251,0.055895355,0.07017013,0.08127317,0.08968241,0.09615097,0.10156847,0.106760755,0.11227347,0.11822538,0.124298975,0.12985827,0.1341214,0.13631782,0.13579932
53,0.12215006,0.13731542,0.15263017,0.16718152,0.18013036,0.1907324,0.19837089,0.20259681,0.20317252,0.20011568,0.19374098,0.18469597,0.17398183,0.16293463,0.15311286,0.1460148,0.14261356,0.14291495,0.14589055,0.14986968,0.15307716,0.15401515,0.1516409,0.14542173,0.13534406,0.121920116,0.106223084,0.0899852,0.07575084,0.066729486,0.06526061,0.07045719,0.079044074,0.0882507,0.09697057,0.10569681,0.11617047,0.13070278,0.15115844,0.17816098,0.21103768,0.24827442,0.2879893,0.328238,0.3671887,0.4032303,0.4350479,0.46167484,0.48252308,0.49739078,0.506448,0.51020366,0.5094599,0.505259,0.49882784,0.4915206,0.48475102,0.4799024,0.47820383,0.48057696,0.48748508,0.49883762,0.5139964,0.53189254,0.55122006,0.5706543,0.5890476,0.6055713,0.61978525,0.6316247,0.64130217,0.6491343,0.6553284,0.65978116,0.6619538,0.6608728,0.6552714,0.64384925,0.6256044,0.60019183,0.5682726,0.53182346,0.49434695,0.4608011,0.43686143,0.42712852,0.4328087,0.4507247,0.47470093,0.49792385,0.5145932,0.52060163,0.51368046,0.4933538,0.46083543,0.41889697,0.3716907,0.32445115,0.282856,0.2516601,0.23264961,0.22361019,0.22036147,0.22067977,0.22714522,0.24692762,0.28731778,0.35026708,0.4319073,0.52558094,0.62406033,0.7204138,0.8083669,0.88258404,0.93896025,0.97491235,0.98964417,0.98436326,0.96241856,0.9292973,0.8923393,0.859908,0.8397604,0.8367988,0.85128033,0.87880677,0.91212946,0.94345784,0.96612984,0.9754239,0.96878767,0.94576734,0.9077932,0.85788083,0.80024976,0.73982906,0.6815958,0.6297235,0.58664954,0.55240744,0.52466196,0.49955633,0.4729463,0.44143763,0.4029426,0.35680205,0.3036427,0.24511091,0.1835689,0.121806666,0.06288155,0.0131982975,0.039993178,0.07629732,0.102417156,0.11745827,0.121560775,0.11563055,0.101322204,0.08120665,0.059629206,0.045649637,0.051208552,0.071049176,0.09352795,0.11316646,0.12749913,0.13530383,0.13610515,0.13000318,0.11758172,0.09984204,0.07817709,0.054524727,0.03259009,0.02444191,0.038648266,0.05845161,0.07670095,0.09154664,0.10236659,0.10911713,0.112191215,0.11235993,0.110708706,0.10852004,0.10705924,0.10726439,0.109458074,0.11327208,0.11784412,0.1221345
54,0.13648313,0.15026084,0.16392548,0.17664565,0.18767259,0.1963546,0.20216677,0.2047519,0.20396818,0.19994016,0.19310895,0.18427435,0.1746093,0.16560182,0.15884799,0.155641,0.1564675,0.1607408,0.16700484,0.17343469,0.17829275,0.18019241,0.17820849,0.17191166,0.16137429,0.14717004,0.13037808,0.112597845,0.095949456,0.08290053,0.07550305,0.07400438,0.07649567,0.08063039,0.085456945,0.0921112,0.1034513,0.12253445,0.15081626,0.18775052,0.23158173,0.28008983,0.33094522,0.38186228,0.4306964,0.4755323,0.5147676,0.547185,0.57200545,0.58891684,0.59807545,0.60008067,0.5959252,0.58692694,0.57464606,0.56079257,0.54712373,0.53532755,0.52688926,0.522945,0.52414435,0.5305614,0.54168886,0.55652845,0.57375354,0.59190273,0.6095641,0.62552446,0.63886875,0.64902216,0.6557304,0.6589803,0.6588706,0.65546024,0.6486296,0.63799983,0.6229439,0.60270464,0.5766104,0.5443631,0.5063733,0.46412656,0.42056358,0.38037556,0.3498096,0.3350931,0.33916783,0.3593037,0.3885842,0.41934633,0.4453195,0.46218953,0.46753034,0.46062678,0.44230834,0.41477647,0.38137165,0.34619856,0.31349474,0.2866732,0.2672972,0.25478995,0.24760479,0.24544673,0.25112838,0.27037847,0.30866364,0.36740118,0.4434245,0.531014,0.6236841,0.71504587,0.7992225,0.87115514,0.9268984,0.9639094,0.98130965,0.9800969,0.9632724,0.9358203,0.9044073,0.87658936,0.859343,0.85712165,0.87031746,0.8951755,0.9252389,0.9533307,0.9731085,0.9799126,0.971079,0.94594824,0.90571725,0.85319966,0.7925066,0.7286204,0.6667994,0.6117445,0.5665664,0.53186965,0.50552046,0.4834152,0.46086612,0.43385932,0.39975703,0.35747463,0.3073437,0.25084165,0.1902979,0.12868075,0.06990388,0.026700601,0.048644632,0.08637666,0.11609794,0.13531922,0.1436701,0.14175282,0.13097866,0.1135894,0.09292262,0.07419419,0.06510056,0.07065319,0.0858731,0.102939494,0.11708433,0.12589803,0.1282832,0.12399642,0.11346374,0.09772656,0.078550436,0.058997545,0.045209195,0.04607072,0.06035299,0.07893825,0.09652997,0.11076385,0.12051175,0.12532833,0.12528743,0.120941155,0.11333583,0.104067855,0.09532837,0.08971584,0.08940592,0.09488114,0.10466453,0.11643651
55,0.1448877,0.15735212,0.16946855,0.18047874,0.18973805,0.1967136,0.20100243,0.20236596,0.20077598,0.196467,0.18998861,0.1822435,0.1744795,0.16817652,0.1647591,0.16514908,0.16936713,0.17647369,0.18489084,0.19285206,0.19874598,0.20130421,0.19968522,0.19350673,0.1828554,0.16828392,0.1507987,0.13183431,0.11319479,0.09688817,0.08469069,0.07737262,0.074209146,0.07379682,0.07581667,0.08223166,0.09660531,0.121562675,0.15726446,0.20218374,0.25416762,0.3108711,0.36988127,0.428789,0.4852748,0.53720975,0.5827588,0.62047434,0.6493714,0.66897565,0.6793421,0.6810415,0.6751163,0.66300946,0.64647055,0.62744385,0.6079423,0.5899089,0.57506806,0.56477535,0.55988353,0.5606555,0.5667505,0.5772947,0.5910169,0.60641736,0.6219367,0.6361025,0.647645,0.6555741,0.6592149,0.6581994,0.65241367,0.64190906,0.6267948,0.60713667,0.5828925,0.55391407,0.5200308,0.48122215,0.43787515,0.3911329,0.34336206,0.29875806,0.26382554,0.24639183,0.25117317,0.2751693,0.30991635,0.3469075,0.37990394,0.4049143,0.4197568,0.4237494,0.41751024,0.4027747,0.3821474,0.35872328,0.3355403,0.31492597,0.29799616,0.2847142,0.2747531,0.26892057,0.27040562,0.28465137,0.3168875,0.36883888,0.43790653,0.51885474,0.60557836,0.6920264,0.7726295,0.8425851,0.89812696,0.9367921,0.95766675,0.9615834,0.9512297,0.9311013,0.9071769,0.8861445,0.87407345,0.8747629,0.88849306,0.9119628,0.9394544,0.96448135,0.98115957,0.9850302,0.97342354,0.9455366,0.9023501,0.8464506,0.78177875,0.71328735,0.64644784,0.5865007,0.5373859,0.5005629,0.47437313,0.45458627,0.43592933,0.41365692,0.38447687,0.34680676,0.30063868,0.24725601,0.1889512,0.12891944,0.072207,0.037067536,0.060753614,0.09937008,0.13163094,0.15401486,0.16567075,0.16686988,0.1587289,0.14314032,0.12282355,0.10157333,0.0846521,0.07789186,0.08289239,0.09463248,0.10695264,0.1159234,0.11956659,0.11718532,0.10902792,0.09621231,0.080918066,0.06699078,0.06037347,0.06552856,0.07973758,0.09713114,0.1135453,0.1265649,0.13480926,0.13757792,0.13471617,0.12658104,0.11408378,0.09885571,0.08365197,0.07291974,0.071894296,0.0820137,0.099376135,0.11933252
56,0.14762707,0.15892693,0.16973431,0.1793334,0.18717246,0.19284151,0.19607283,0.19676147,0.19500111,0.19112864,0.1857667,0.1798434,0.1745503,0.1711839,0.1708404,0.17404155,0.1804975,0.18917009,0.19857553,0.20712695,0.21338573,0.21620731,0.21481703,0.20884825,0.19835871,0.18383028,0.16615152,0.14657809,0.12665723,0.10808344,0.092424914,0.08070338,0.07309079,0.0693538,0.07022125,0.07834052,0.09686733,0.12701884,0.16795966,0.21796584,0.2750067,0.3368677,0.4011904,0.4655401,0.5275051,0.5848129,0.63544977,0.6777708,0.71059144,0.73325306,0.7456568,0.7482638,0.742061,0.72849476,0.70937514,0.68675715,0.66280234,0.6396266,0.61914086,0.6028946,0.59194076,0.5867464,0.5871702,0.5925138,0.6016335,0.61308354,0.62526596,0.6365688,0.6454863,0.65071714,0.65123755,0.64634454,0.6356651,0.61912924,0.5969114,0.569349,0.53685737,0.49986163,0.4587716,0.4140235,0.36621046,0.3163353,0.26626074,0.21952441,0.1826236,0.16520452,0.1737128,0.20301346,0.2421496,0.2825932,0.3191455,0.34877524,0.36988696,0.3819982,0.38557243,0.38186094,0.3726774,0.3600717,0.34592462,0.331564,0.31758615,0.30407184,0.29126942,0.2806244,0.27576184,0.2825031,0.30672872,0.35092422,0.41290164,0.4875211,0.5687533,0.6507283,0.7281363,0.7964475,0.85212475,0.89284986,0.9177412,0.9275266,0.9246269,0.9130761,0.89816725,0.8856945,0.88075626,0.8863784,0.9025558,0.92626345,0.9524165,0.97521335,0.989297,0.99050426,0.9762442,0.9456231,0.89941627,0.8399462,0.7708943,0.6970465,0.623929,0.55722255,0.50179344,0.460336,0.4321851,0.4133332,0.39796564,0.38046217,0.3567046,0.3244808,0.2833527,0.23434322,0.17965363,0.12267065,0.06965883,0.04382608,0.07170241,0.11138269,0.14543732,0.17013356,0.1843191,0.18798818,0.18198484,0.16789724,0.14802374,0.12543114,0.10412977,0.08902331,0.08409677,0.08862121,0.097480305,0.10564877,0.110113,0.10959044,0.104082204,0.09471668,0.083878584,0.075440206,0.073975444,0.08147654,0.095406994,0.11156223,0.126543,0.13805026,0.14461364,0.14539549,0.14009911,0.12894383,0.11271092,0.09295377,0.07270319,0.05832136,0.059358697,0.07660128,0.10145189,0.12775995
57,0.14597258,0.15631524,0.166175,0.17482664,0.18177393,0.18670705,0.18948163,0.19011895,0.18882248,0.18600291,0.18229815,0.17856549,0.17581181,0.17503017,0.17695042,0.18179117,0.18914631,0.19807108,0.20730259,0.2154979,0.22141865,0.22405244,0.22268786,0.21695982,0.20687413,0.19281362,0.17552434,0.15607774,0.13580117,0.116163895,0.09860432,0.08431812,0.07416147,0.06900122,0.07052953,0.08132991,0.10326978,0.13645212,0.17986128,0.23203042,0.29121223,0.35539556,0.42234156,0.4896625,0.55493057,0.6158029,0.6701491,0.71617186,0.7525103,0.77831846,0.793314,0.79779184,0.7926026,0.7790957,0.75902975,0.7344547,0.7075719,0.68057734,0.65549743,0.63403034,0.6174088,0.60630614,0.600803,0.6004196,0.604202,0.61084,0.61879534,0.6264261,0.6321043,0.6343241,0.6317985,0.62353927,0.6089122,0.58766276,0.5599068,0.5260887,0.48691106,0.44324797,0.39605904,0.34632683,0.29504895,0.24333528,0.19272383,0.14604765,0.10970875,0.09628467,0.11281397,0.14734279,0.18736088,0.22675304,0.2625149,0.29297277,0.31722236,0.33495694,0.34638378,0.352121,0.35303855,0.35004747,0.34388125,0.33494836,0.32334933,0.30913407,0.2928385,0.2762954,0.263566,0.26125765,0.27660096,0.31322452,0.3690402,0.43844727,0.51513463,0.59329104,0.6678789,0.7347139,0.79058284,0.8334106,0.8624383,0.8783656,0.88340205,0.88115233,0.8762343,0.8735427,0.87718564,0.8893689,0.90970707,0.93532294,0.96165335,0.9835309,0.9961371,0.99565244,0.97961843,0.9470877,0.8986352,0.8362792,0.76334274,0.68426955,0.6043819,0.5295065,0.4652831,0.4159136,0.38249114,0.36203444,0.34851986,0.33533153,0.31725624,0.29122147,0.2561973,0.21282764,0.16311547,0.110521816,0.062485993,0.0469048,0.07946751,0.120055735,0.1552087,0.18147397,0.19756341,0.20325874,0.19916187,0.18658864,0.16750287,0.14449377,0.12082633,0.10050193,0.08773714,0.08462802,0.088731684,0.09512205,0.09987712,0.10101349,0.09817156,0.09234516,0.08582499,0.08199416,0.08408406,0.092916414,0.10637679,0.12125717,0.13472071,0.14464845,0.1495803,0.1486269,0.14141932,0.12809719,0.109356724,0.08668093,0.0632832,0.047555655,0.053460475,0.07750318,0.10731189,0.13717014
58,0.14228928,0.15189171,0.16124094,0.16952944,0.17624936,0.181134,0.18411508,0.18529849,0.18495466,0.18351577,0.18156768,0.1798191,0.17902811,0.17987548,0.18280375,0.18787731,0.1947287,0.20261541,0.2105541,0.21747525,0.2223583,0.2243348,0.22276261,0.2172774,0.20782548,0.1946788,0.1784306,0.15996948,0.14042856,0.12110849,0.10337987,0.08859869,0.0781256,0.073542796,0.07682475,0.089806035,0.11330335,0.14710186,0.19043155,0.24218008,0.3009036,0.36482626,0.43188336,0.49980423,0.56622213,0.62879944,0.68535703,0.73399854,0.7732209,0.80200297,0.819866,0.82690126,0.82376224,0.8116207,0.7920887,0.76710916,0.7388219,0.709411,0.6809432,0.65521073,0.63359433,0.61696404,0.6056337,0.5993725,0.5974657,0.5988059,0.60199773,0.6054654,0.607562,0.6066796,0.60135925,0.59039426,0.572919,0.5484737,0.517038,0.47902834,0.4352597,0.3868733,0.33523932,0.28184593,0.22819601,0.175751,0.12603311,0.08136288,0.048958115,0.049335495,0.07739105,0.11142084,0.1454176,0.17793156,0.20836371,0.23627613,0.261259,0.28292608,0.30093226,0.3149755,0.32477573,0.33003935,0.33043426,0.32560632,0.31527397,0.29944235,0.2787967,0.25537327,0.2335892,0.2211715,0.22764602,0.25830662,0.31031668,0.37656182,0.4500367,0.52500564,0.5968603,0.66193897,0.71751535,0.7618984,0.79456824,0.816285,0.8291063,0.83623725,0.8416289,0.8492786,0.86231285,0.8821216,0.907911,0.9368797,0.9648989,0.98737276,1.0,0.99931717,0.983025,0.9501456,0.9010582,0.8374506,0.76221216,0.6792905,0.5935242,0.51043636,0.4358872,0.37530604,0.33212903,0.3057879,0.29116732,0.2808415,0.2681408,0.24872768,0.22069249,0.18410201,0.14059104,0.09348419,0.05122935,0.046603873,0.08324743,0.1241351,0.15962212,0.18675473,0.20421433,0.21161696,0.2093429,0.19844969,0.18059933,0.15800071,0.13339166,0.11007158,0.09181049,0.08185603,0.08048415,0.08418594,0.0886296,0.091081806,0.09068277,0.08812004,0.08535055,0.08509315,0.0895855,0.09912153,0.11197933,0.12561825,0.13764217,0.14613532,0.14970747,0.14747612,0.13905147,0.124541774,0.104613855,0.08075865,0.056481835,0.042188954,0.053394787,0.08113246,0.11282368,0.14370783
59,0.13985635,0.14885458,0.15809724,0.16660911,0.1737752,0.17927878,0.18304108,0.18517432,0.18594617,0.18575072,0.18507813,0.18447402,0.1844805,0.1855568,0.18799001,0.19182044,0.19680817,0.20245469,0.20807086,0.21286918,0.21605845,0.21692836,0.21491934,0.20967746,0.20109433,0.18933207,0.17483173,0.15830454,0.14070539,0.12319219,0.10708087,0.09381679,0.084981225,0.08227942,0.087329514,0.10124483,0.12444904,0.15685704,0.19803779,0.24722217,0.30326957,0.36466774,0.42957705,0.49590945,0.5614321,0.623886,0.68111074,0.73116803,0.77245444,0.8037962,0.8245199,0.8344925,0.83412856,0.82436156,0.80658126,0.78253907,0.7542265,0.7237334,0.6930959,0.6641453,0.63837314,0.61682826,0.6000579,0.58809793,0.58050716,0.5764313,0.5746833,0.57383233,0.5723008,0.568471,0.5608,0.54793715,0.52883464,0.5028403,0.4697625,0.42990088,0.38403824,0.33339417,0.2795433,0.22430429,0.16961104,0.11738897,0.069530495,0.028930632,0.020296153,0.047108505,0.07224028,0.093944915,0.1137184,0.13341561,0.15449278,0.17755137,0.20224436,0.22748601,0.25177246,0.27346292,0.29097423,0.30290073,0.3080874,0.30568525,0.2952182,0.27670172,0.25088763,0.219805,0.18796921,0.16456896,0.16352974,0.19275075,0.24567664,0.31170377,0.383174,0.45495415,0.5233118,0.58542866,0.63929933,0.6837928,0.7187596,0.7451106,0.7648017,0.78065276,0.79594046,0.8137612,0.83627915,0.86410445,0.89605296,0.9293754,0.96032345,0.98481834,0.99904376,0.99988425,0.98520803,0.9540195,0.9065106,0.84403425,0.7690192,0.68484545,0.5957003,0.5064333,0.4224056,0.34923306,0.2920612,0.2537682,0.2325181,0.22157408,0.21271914,0.19968238,0.17912368,0.1501804,0.11385427,0.07299538,0.03669395,0.04368862,0.08295836,0.123167455,0.15813853,0.1854514,0.2038017,0.21266313,0.21220198,0.20321813,0.1870784,0.16564627,0.14122765,0.11655958,0.094824664,0.07939004,0.0723946,0.072580084,0.076035306,0.079344004,0.080989614,0.081189126,0.08142961,0.08379198,0.08984969,0.09967789,0.11188624,0.12442117,0.1352485,0.14265981,0.14536852,0.14253682,0.13379006,0.11924401,0.099592865,0.07644381,0.053750016,0.042810958,0.056426287,0.084124714,0.1150266,0.14485411
60,0.14199303,0.15035772,0.15971072,0.16884364,0.1769317,0.18349583,0.18833883,0.19148424,0.1931239,0.19357188,0.19322184,0.19250412,0.19183995,0.19159211,0.19201536,0.19321355,0.19511384,0.1974654,0.19986509,0.20180422,0.20272848,0.20210123,0.19946426,0.19449186,0.18703556,0.17715828,0.16515602,0.15156646,0.13716446,0.12294594,0.110102065,0.0999804,0.09401335,0.09357832,0.09980562,0.113462314,0.134988,0.16455837,0.20206638,0.2470588,0.298694,0.35574326,0.4166308,0.4795036,0.54232335,0.60297334,0.6593746,0.7096026,0.7519987,0.7852678,0.8085561,0.82150257,0.8242609,0.8174875,0.8022976,0.78018886,0.7529379,0.722475,0.69074595,0.6595716,0.6305176,0.6047882,0.58315456,0.5659243,0.5529484,0.5436582,0.53712094,0.53210956,0.52718574,0.520799,0.51140094,0.49756956,0.47813293,0.4522801,0.41964865,0.38037944,0.33513364,0.2850701,0.23178542,0.17722474,0.123584986,0.073305994,0.030147843,0.021023093,0.047430817,0.06868027,0.08176539,0.08760543,0.08901904,0.09085786,0.09890813,0.116451986,0.14226827,0.17269823,0.2039228,0.23268308,0.25633252,0.27279374,0.28053448,0.2785608,0.26641977,0.24422163,0.21272859,0.1736735,0.13095,0.09528843,0.09260121,0.1329122,0.19370389,0.26125604,0.329924,0.39652956,0.4588306,0.5151805,0.56451136,0.6064126,0.64122224,0.670074,0.694845,0.71795005,0.74195033,0.7690139,0.80035686,0.8358578,0.87398756,0.91205984,0.9466825,0.97425723,0.9914227,0.9953964,0.98421085,0.95685726,0.9133474,0.8547081,0.7829182,0.70080054,0.61188406,0.520256,0.43042815,0.34723422,0.27570587,0.22059713,0.18469831,0.1658667,0.15653941,0.14807926,0.13465811,0.1137534,0.0852773,0.051073294,0.019895399,0.039587628,0.079122305,0.1173856,0.15092182,0.17773674,0.1965314,0.20663773,0.20800452,0.20116663,0.18719053,0.16760343,0.1443214,0.119601615,0.09604851,0.07663468,0.06429506,0.060140517,0.061776932,0.06538644,0.068596356,0.07097788,0.0734846,0.07766345,0.084674425,0.094537646,0.106149845,0.11783978,0.12788114,0.13476777,0.13733344,0.13480781,0.12685558,0.11362896,0.09589312,0.075426,0.056415368,0.048586335,0.060520798,0.084776185,0.11248153,0.13938734
61,0.1504695,0.15802856,0.16744472,0.17727464,0.18641587,0.19413386,0.20001851,0.20392397,0.20591047,0.20619135,0.20508455,0.20296761,0.20023538,0.19726038,0.19435686,0.19174996,0.18955277,0.18775448,0.1862224,0.18471873,0.182931,0.18051282,0.17713034,0.1725103,0.16648549,0.1590346,0.15031338,0.14067505,0.1306768,0.12106929,0.11276391,0.10677209,0.10411857,0.10575351,0.11250664,0.1250943,0.14412208,0.17002791,0.20298414,0.24281447,0.28895506,0.34045768,0.39602453,0.4540664,0.51277965,0.5702381,0.62449545,0.6736918,0.7161599,0.7505214,0.7757696,0.79133,0.7970959,0.7934344,0.7811612,0.7614863,0.7359311,0.70622325,0.6741763,0.64156187,0.6099867,0.5807846,0.5549334,0.5330045,0.51514393,0.50108266,0.49016827,0.48141533,0.47357392,0.4652191,0.45486093,0.44106928,0.42260394,0.39853707,0.36835593,0.33203697,0.29008514,0.24353826,0.19394554,0.14335476,0.09446088,0.05189742,0.03163266,0.048617534,0.070904456,0.08586061,0.0910334,0.08613053,0.072277196,0.05310904,0.040724106,0.055694733,0.089558184,0.12843366,0.16646706,0.20018336,0.22696503,0.24479078,0.25221658,0.24839313,0.2330692,0.20656751,0.16973703,0.1239042,0.07097741,0.018220738,0.055504154,0.11953916,0.1845056,0.24809758,0.30874896,0.36524352,0.41670823,0.46265152,0.50301385,0.5382168,0.569192,0.59735894,0.62451506,0.6526075,0.6833921,0.718042,0.7568189,0.79891527,0.8425132,0.88502127,0.923404,0.9545266,0.97546357,0.98375154,0.97758037,0.9559244,0.9186145,0.8663556,0.800691,0.7239211,0.63898313,0.5493057,0.45865354,0.370986,0.2903563,0.22085947,0.16647953,0.13009524,0.11057925,0.10087241,0.09214683,0.07868593,0.058359094,0.03135341,0.002567141,0.03662947,0.07292488,0.10772185,0.1388466,0.16448878,0.18329589,0.19443785,0.19763355,0.19314179,0.18172036,0.16456133,0.14321308,0.119507454,0.095522486,0.07362774,0.056595296,0.047168083,0.045724448,0.0489388,0.053265005,0.057316672,0.06145383,0.066810794,0.074331604,0.084094234,0.09526401,0.10649054,0.11631613,0.12342564,0.1267767,0.1256744,0.11982956,0.10943124,0.09528859,0.079185165,0.06474792,0.05841891,0.06557334,0.08328676,0.10529262,0.12735012
62,0.16445619,0.17101394,0.18027008,0.19061138,0.2006503,0.20935099,0.21603322,0.22033003,0.22213395,0.22154416,0.21881612,0.21431413,0.20846641,0.20172343,0.19452058,0.1872462,0.18021625,0.17365645,0.16769269,0.1623507,0.15756516,0.15319864,0.14906925,0.144985,0.14078182,0.13636062,0.13171947,0.12697615,0.122376904,0.11828983,0.115183935,0.113602914,0.11414818,0.11748297,0.12434813,0.13555174,0.151895,0.17404154,0.20238447,0.236962,0.2774306,0.32307774,0.37285614,0.42543188,0.47924563,0.5325864,0.5836767,0.63076544,0.6722235,0.7066367,0.7328884,0.75022763,0.7583158,0.7572491,0.7475532,0.73014987,0.70629686,0.67750436,0.64543325,0.6117824,0.5781735,0.54604375,0.51655316,0.49051684,0.46836287,0.45011744,0.4354142,0.423526,0.41341898,0.40383157,0.39337674,0.38066363,0.36442834,0.3436616,0.3177224,0.28642815,0.25011802,0.20969464,0.16667166,0.123329386,0.083388515,0.054750755,0.051163632,0.06734492,0.08494493,0.0961122,0.0982093,0.090484515,0.073350206,0.048607755,0.024085222,0.036979444,0.07443894,0.11448397,0.15220234,0.18454406,0.2090514,0.22380215,0.22747894,0.21943721,0.19975072,0.16925228,0.12967551,0.084525995,0.04651752,0.061147682,0.11297392,0.17046313,0.2269102,0.27973533,0.32751104,0.36953515,0.40573508,0.43661878,0.4632151,0.48698553,0.5096947,0.5332308,0.55937696,0.5895553,0.62459284,0.6645631,0.7087413,0.7556684,0.80329597,0.8491717,0.8906381,0.92502826,0.9498508,0.9629582,0.9626932,0.9480063,0.9185378,0.87466013,0.81747556,0.7487711,0.67093223,0.5868227,0.4996391,0.41275412,0.32956412,0.25336236,0.18725768,0.13411492,0.09621959,0.07366108,0.06165838,0.052247204,0.03982483,0.02354893,0.016344199,0.03756813,0.066369236,0.09593881,0.12359749,0.14736636,0.16573341,0.17766583,0.182633,0.18060575,0.17202717,0.15775707,0.13899665,0.11720295,0.09401003,0.07119178,0.050754894,0.03533828,0.028332664,0.029948847,0.03520085,0.04070474,0.046042062,0.052083325,0.05976662,0.069355525,0.08029946,0.091533296,0.10183283,0.11005137,0.11525456,0.11680395,0.11442242,0.108264014,0.09901668,0.088081904,0.07784983,0.07176204,0.073006555,0.08183077,0.09539914,0.11030663
63,0.18113902,0.18654944,0.19538888,0.2059629,0.21663564,0.22606745,0.23328692,0.23768026,0.23895073,0.23707044,0.2322313,0.22479606,0.21524988,0.20415302,0.1920959,0.17965893,0.1673786,0.1557222,0.14507161,0.13571537,0.12784666,0.121564135,0.11687382,0.113693535,0.11186341,0.11116643,0.111358605,0.112205036,0.11351653,0.11518384,0.11721024,0.119745806,0.12312455,0.12789765,0.13484107,0.14490463,0.15908201,0.17822778,0.20289299,0.23324002,0.2690387,0.3097059,0.35435474,0.40184185,0.45081574,0.49977154,0.54711574,0.59124064,0.63060516,0.66381836,0.68971866,0.70744395,0.7164868,0.71672964,0.70845664,0.6923404,0.66940314,0.6409541,0.6085064,0.57368,0.5380953,0.503268,0.4705109,0.4408519,0.41497275,0.3931727,0.3753575,0.36105382,0.34944993,0.33946267,0.32983023,0.31922588,0.30638424,0.29022905,0.26999238,0.24531777,0.2163455,0.18379076,0.14905488,0.114496276,0.08420907,0.06545659,0.065201476,0.07800349,0.09288093,0.1037443,0.10823094,0.10607417,0.098821744,0.09030673,0.08697659,0.09501232,0.11449992,0.14024432,0.16667818,0.1895001,0.20553936,0.21255004,0.20916098,0.19492923,0.17050526,0.13812369,0.10338596,0.08121519,0.09452712,0.1371761,0.1899412,0.24353103,0.29351434,0.33734533,0.37361103,0.40185806,0.42255247,0.4370427,0.4474679,0.456563,0.46732306,0.48253047,0.5042455,0.53344333,0.56994444,0.61262107,0.6597243,0.7091751,0.7587544,0.80620486,0.84928864,0.8858375,0.913818,0.93141615,0.93713677,0.92990524,0.9091591,0.87491643,0.82781196,0.76909465,0.70058525,0.6245951,0.54381317,0.46116823,0.37967902,0.3023044,0.23180875,0.17065626,0.12092744,0.08414049,0.0605069,0.047323838,0.039352536,0.03359552,0.03327522,0.043524414,0.062281348,0.08485315,0.107878774,0.12897255,0.14634681,0.15871228,0.1652633,0.16567154,0.1600637,0.14897695,0.13329305,0.11415494,0.0928721,0.070822336,0.049364258,0.029809687,0.013850523,0.008627796,0.01628413,0.02384818,0.0300872,0.036165804,0.043416932,0.052532986,0.063314185,0.07494315,0.08636574,0.096543744,0.104592554,0.10986147,0.11198946,0.11095006,0.10709181,0.10117571,0.09439482,0.088311814,0.08456623,0.084243745,0.08723497,0.09224302
64,0.19711488,0.20127767,0.20948747,0.22004503,0.23111646,0.24107856,0.24867003,0.25302267,0.25363967,0.25035548,0.24328971,0.23279849,0.21942352,0.20383957,0.1868017,0.16909476,0.15148824,0.13470119,0.11938026,0.106092475,0.095325045,0.08747251,0.082785435,0.08128231,0.082685806,0.086456224,0.09191348,0.098369755,0.105222166,0.11200883,0.1184511,0.1244968,0.1303669,0.13659465,0.14403057,0.15377448,0.16700777,0.18475498,0.20767042,0.23594037,0.26930863,0.30716306,0.34862277,0.39260274,0.43786037,0.48303652,0.52669996,0.5674003,0.60372907,0.63438755,0.6582554,0.6744564,0.6824153,0.6818999,0.6730454,0.6563568,0.63268787,0.6031972,0.56928295,0.5324997,0.49446303,0.4567482,0.42079005,0.3877917,0.35864905,0.333897,0.313681,0.29775628,0.28551483,0.2760402,0.26818785,0.26068708,0.25225765,0.24173255,0.22817838,0.21100646,0.19007334,0.16578065,0.13920927,0.11238373,0.088842906,0.07423131,0.07362529,0.08468862,0.1001942,0.114964284,0.12666847,0.13485973,0.14041482,0.14514442,0.15120068,0.16017869,0.17229068,0.18618843,0.19947332,0.20941058,0.21348569,0.2097645,0.19715938,0.17574094,0.14737634,0.117523715,0.099488586,0.11148622,0.15160817,0.20453948,0.26033142,0.31344742,0.36033377,0.3986183,0.42693216,0.44491795,0.45328236,0.45383584,0.4494722,0.44400865,0.44176176,0.44676736,0.46179244,0.48763433,0.5231695,0.56604844,0.6135059,0.6628965,0.7119031,0.75853485,0.8010401,0.83781415,0.86734295,0.8881994,0.899088,0.8989272,0.886948,0.8627919,0.8265894,0.77900696,0.7212543,0.6550506,0.5825509,0.5062403,0.42880434,0.3529872,0.28145283,0.21666251,0.16078497,0.11563827,0.082569726,0.061888378,0.051629093,0.047898874,0.04824549,0.053106435,0.06339275,0.07826302,0.09557727,0.113028005,0.12862708,0.14082102,0.14851454,0.15107302,0.14830963,0.14045416,0.12810299,0.11215262,0.09372234,0.07407518,0.05455648,0.036608424,0.02210476,0.014631744,0.016442554,0.021175306,0.025092231,0.028381858,0.03259182,0.03921306,0.04863822,0.06019226,0.072761714,0.08521414,0.09655597,0.105989225,0.11294083,0.11708138,0.11833389,0.1168697,0.11308781,0.10757218,0.1010191,0.09412548,0.08743851,0.081194796
65,0.20933779,0.21218438,0.21961907,0.22999302,0.24131837,0.2517136,0.25963905,0.26397547,0.2640241,0.25947604,0.25036997,0.23704466,0.22008686,0.20027524,0.17852156,0.15581173,0.1331512,0.11152244,0.09186532,0.07509332,0.062136486,0.0539077,0.050960243,0.052951172,0.05872407,0.06700955,0.07681812,0.087407745,0.098176226,0.10862578,0.11839625,0.12733628,0.13558756,0.143658,0.15244853,0.16318397,0.1772113,0.19569828,0.21935706,0.24832252,0.28220287,0.3202176,0.3613335,0.40436202,0.4480214,0.4909779,0.5318811,0.56940025,0.6022669,0.6293224,0.6495703,0.6622282,0.66677725,0.6630021,0.65101844,0.63128394,0.6045889,0.5720268,0.534943,0.49486598,0.45342237,0.4122424,0.37286168,0.33662537,0.304603,0.27752018,0.25571314,0.23911211,0.22725485,0.21933046,0.21424946,0.21073504,0.20742981,0.20301229,0.19631676,0.18645127,0.17291148,0.15569857,0.13547236,0.11382363,0.09382301,0.08069647,0.08020208,0.09257175,0.11222788,0.13393906,0.15472795,0.17320658,0.18895337,0.20212498,0.21313694,0.22234933,0.22978932,0.23498529,0.2369694,0.23444566,0.22607294,0.21081275,0.1883533,0.15978101,0.12911765,0.10701771,0.111538045,0.14712784,0.19996154,0.25864768,0.31665584,0.369684,0.41459063,0.44913834,0.4720044,0.48287046,0.48252803,0.47297457,0.4574698,0.440472,0.42726678,0.42303625,0.43139872,0.45318794,0.48647857,0.52779275,0.5734478,0.6203359,0.66613567,0.7092095,0.74838465,0.7827254,0.8113518,0.8333324,0.84765965,0.85329986,0.8492974,0.8349048,0.80971164,0.77374965,0.7275585,0.67220503,0.6092547,0.54070073,0.46885866,0.3962391,0.3254121,0.2588808,0.19898534,0.14786339,0.10747305,0.07950178,0.06441805,0.059623037,0.060509406,0.06422266,0.07038579,0.0793861,0.09096092,0.10395554,0.11677297,0.12783463,0.13583876,0.13987288,0.13945144,0.13451475,0.12540391,0.1128209,0.097783655,0.0815909,0.06581545,0.05231582,0.043049995,0.039062507,0.039100535,0.040489245,0.04125181,0.040819436,0.03994613,0.040494442,0.04457149,0.05295862,0.064730704,0.078309245,0.09222001,0.10526387,0.11650424,0.12524197,0.13100055,0.13351461,0.13271485,0.12870558,0.12173437,0.11215446,0.10038317,0.08686212
66,0.21549013,0.2169903,0.22358562,0.23371366,0.2452615,0.25610876,0.2644511,0.26892838,0.26864612,0.26315337,0.25240394,0.23671012,0.21669051,0.19321199,0.1673274,0.1402123,0.11310828,0.08729129,0.06411051,0.04521562,0.03305936,0.030092523,0.03447175,0.04184476,0.050197303,0.059294973,0.0693607,0.080461696,0.09235339,0.1045686,0.116599835,0.12808807,0.13898551,0.14967656,0.16102684,0.17430931,0.19096784,0.2122585,0.23891793,0.27101332,0.30799937,0.34888554,0.3924092,0.43716747,0.48170555,0.52457607,0.56438226,0.59981394,0.6296815,0.65295047,0.66877604,0.6765386,0.6758768,0.66671556,0.64928657,0.6241363,0.59212005,0.55437857,0.5122971,0.4674469,0.42151177,0.3762022,0.33316246,0.29387417,0.25956124,0.23109998,0.20894252,0.19306906,0.18299013,0.17780872,0.17632402,0.17714307,0.17878088,0.17975575,0.17869195,0.17443532,0.1661806,0.15361694,0.1371241,0.11811583,0.09972645,0.0877545,0.089214996,0.10548175,0.1310637,0.16017346,0.18909125,0.21558319,0.23830481,0.2564853,0.26973528,0.27788863,0.28085712,0.2785094,0.27060223,0.25679135,0.23674436,0.21038264,0.17834698,0.14305617,0.11160664,0.10087643,0.12558904,0.17507792,0.23458159,0.29603264,0.35455537,0.40656024,0.44924122,0.48053125,0.4991982,0.5049794,0.49872127,0.48251382,0.45980108,0.43539494,0.41517207,0.40507123,0.40926608,0.42847577,0.45997158,0.49927068,0.5419448,0.5845679,0.6249112,0.66176593,0.6946324,0.72338086,0.74794155,0.76806897,0.7832133,0.79251176,0.79488534,0.78920597,0.77449024,0.75007856,0.7157739,0.6719228,0.6194377,0.5597619,0.49478984,0.42675322,0.35808977,0.2913136,0.2289121,0.17331009,0.12696065,0.09255886,0.072674125,0.06687183,0.06962906,0.07526191,0.081450135,0.08813493,0.095837995,0.104672834,0.114063255,0.122948125,0.13013674,0.13459404,0.13560724,0.13286309,0.12647153,0.11696071,0.10525845,0.09266594,0.080798425,0.07138307,0.06571377,0.063860565,0.06448237,0.06567027,0.06589259,0.06439996,0.061319765,0.057734083,0.055705447,0.05769866,0.06501235,0.076863945,0.0913572,0.10660778,0.121092,0.13363637,0.1433611,0.14964435,0.15210332,0.15058328,0.14514963,0.13608435,0.123895116,0.10935789
67,0.21408494,0.21426953,0.22006468,0.23001094,0.24187721,0.2533105,0.2622537,0.2671213,0.26683784,0.2608205,0.24894196,0.2314848,0.20909002,0.18269905,0.15349177,0.12282729,0.092209555,0.06335758,0.038763862,0.024410116,0.027934933,0.03908611,0.04906439,0.056232754,0.061106816,0.06509689,0.06995444,0.077095784,0.08701309,0.09925379,0.11289948,0.12708376,0.14132681,0.15570824,0.17091522,0.18814704,0.20884708,0.23430738,0.2652964,0.30186975,0.3434003,0.3887411,0.43641546,0.48477742,0.5321318,0.57682145,0.6172922,0.652143,0.6801654,0.70037603,0.7120431,0.7147079,0.7082019,0.69265825,0.66851723,0.63652325,0.59771186,0.55338436,0.5050702,0.45447528,0.40341836,0.35375643,0.30729985,0.26571444,0.23040178,0.20234689,0.18194592,0.16888937,0.16221902,0.16057716,0.16248757,0.1664984,0.17118712,0.17513716,0.17696957,0.17544463,0.16961494,0.15902008,0.14395328,0.12591282,0.10845617,0.09822626,0.10290571,0.123695254,0.1547377,0.18985943,0.22481917,0.25678122,0.2837837,0.3044834,0.31802917,0.32397184,0.32217634,0.31273064,0.2958647,0.27190283,0.2412843,0.20471634,0.16364123,0.12172993,0.090072945,0.09284429,0.13360424,0.1910622,0.25327557,0.31467104,0.3715583,0.4209725,0.4604767,0.48823062,0.5031385,0.5050183,0.49477512,0.474575,0.44800785,0.4201601,0.39733255,0.3858932,0.39006573,0.40994477,0.44175634,0.4800827,0.51993805,0.5577138,0.59131676,0.6199638,0.64384997,0.66375625,0.68063253,0.6952045,0.70767856,0.7176066,0.7239355,0.72520715,0.71984005,0.7064169,0.68392247,0.6519047,0.610553,0.5607017,0.5037718,0.44166785,0.37664852,0.31119066,0.2478763,0.18935157,0.13846031,0.09872651,0.07480411,0.06913484,0.07549499,0.085144795,0.09398387,0.10130534,0.1077027,0.1139287,0.12031735,0.12661254,0.13210861,0.13593444,0.1373241,0.13580419,0.13129893,0.12417607,0.11525254,0.10575518,0.09718756,0.09100194,0.08804256,0.08806339,0.08981958,0.09168955,0.09227935,0.0907344,0.08686148,0.08122328,0.07528022,0.07144701,0.07248126,0.07981083,0.092500664,0.10829139,0.124926955,0.14060366,0.15396373,0.16402182,0.17011943,0.17190753,0.16934738,0.16272746,0.1527019,0.14036505
68,0.20448442,0.20347974,0.20865464,0.21864262,0.23106827,0.24333254,0.25313446,0.2586864,0.25875807,0.25265652,0.24018683,0.22160685,0.19757685,0.16910459,0.13749035,0.10429189,0.071395114,0.041692052,0.023987677,0.03276136,0.050261863,0.06497897,0.07479221,0.07952482,0.07992248,0.07758864,0.075037025,0.07536973,0.0810126,0.09228028,0.10766964,0.12532134,0.14395314,0.16311933,0.18319166,0.20520213,0.23054108,0.26053873,0.29605588,0.33723614,0.38347876,0.4335712,0.48588234,0.5385481,0.5896245,0.63720775,0.6795273,0.7150173,0.7423715,0.76058215,0.76896703,0.76718444,0.755239,0.73347855,0.70258355,0.66354907,0.6176596,0.56645614,0.51169574,0.45530367,0.39931852,0.3458294,0.29689798,0.25444382,0.22004983,0.19465025,0.17818077,0.16948074,0.16669,0.16789968,0.17155673,0.17645787,0.18153477,0.18567085,0.18766215,0.18631972,0.18066676,0.170199,0.15523382,0.1374653,0.12090629,0.112701446,0.12034958,0.1445261,0.17932151,0.21842267,0.257209,0.29238448,0.32153574,0.34292516,0.35540402,0.35836038,0.3516622,0.33558306,0.31071496,0.2778832,0.23809427,0.19258155,0.1431587,0.09395538,0.061218724,0.08083407,0.13385949,0.19464174,0.2559078,0.31424308,0.36702302,0.4119244,0.44693035,0.47047108,0.48161033,0.48024955,0.467344,0.4451328,0.41737494,0.38948837,0.36822712,0.3601991,0.36910453,0.39371586,0.428888,0.46836358,0.5068085,0.5405355,0.5675407,0.58731836,0.6005979,0.60900456,0.61462176,0.6194661,0.62495655,0.63151735,0.6384524,0.64412457,0.6463525,0.64287204,0.63173455,0.61158407,0.5818041,0.54255664,0.49473858,0.4398818,0.38001817,0.3175332,0.2550371,0.19530812,0.14144331,0.09758731,0.07055462,0.066648364,0.07833592,0.09316694,0.105813935,0.11527995,0.12214043,0.12739637,0.13189632,0.13602859,0.13965853,0.14227739,0.14325826,0.1421068,0.13864613,0.1331247,0.12625282,0.119155325,0.11319013,0.109572135,0.108869,0.11068088,0.11379591,0.11668585,0.11797217,0.11669648,0.11245081,0.10547271,0.09678438,0.088394985,0.083334535,0.08473029,0.0937052,0.10858185,0.1264968,0.14486116,0.16171405,0.17564744,0.18570718,0.1913434,0.19239962,0.18912803,0.18222576,0.17288981
69,0.18689325,0.18497264,0.1899112,0.2003775,0.21377216,0.22721209,0.23816477,0.24467917,0.24541387,0.23960245,0.227008,0.20787728,0.18289329,0.15312687,0.11999939,0.08531516,0.05170756,0.026579857,0.032258876,0.05460067,0.07511617,0.09025452,0.09903139,0.101346575,0.097810954,0.08986645,0.08013197,0.07286832,0.07327921,0.08380069,0.10211018,0.12453725,0.1486069,0.17325667,0.19854008,0.2253364,0.25501102,0.28898454,0.32828912,0.3732529,0.42339948,0.47753653,0.53394455,0.590585,0.6452875,0.69590443,0.7404338,0.7771159,0.8045055,0.8215234,0.82748777,0.8221288,0.80558735,0.7784014,0.7414812,0.6960771,0.6437408,0.5862819,0.52572304,0.46425247,0.4041762,0.347863,0.29766083,0.2557285,0.22369206,0.2021099,0.19004796,0.18530442,0.18530409,0.1879418,0.19184491,0.19615929,0.20019051,0.20313594,0.20400357,0.20171241,0.19532113,0.18434238,0.16915685,0.15162696,0.13600463,0.12939619,0.13870071,0.16438168,0.2008622,0.24183998,0.28239897,0.31887478,0.34851035,0.3692862,0.37985826,0.3795282,0.36820468,0.34633845,0.31482813,0.27490392,0.22800565,0.1756855,0.11962432,0.062380206,0.024810743,0.07026328,0.129495,0.18832517,0.24450012,0.2963525,0.34221792,0.3804212,0.40939164,0.42783985,0.43497303,0.43073913,0.41610202,0.39336056,0.36650482,0.34145665,0.32560608,0.3256221,0.34390378,0.37712425,0.41863957,0.4616579,0.50079197,0.5323827,0.55442333,0.5664261,0.5692859,0.5650966,0.55685145,0.5479553,0.54152757,0.53961116,0.5425791,0.54904383,0.55631965,0.56117445,0.56053674,0.5519783,0.53395855,0.5058921,0.46810246,0.42170826,0.368472,0.31063464,0.25076377,0.19166732,0.13652273,0.08977894,0.060438544,0.060302038,0.078693666,0.09889128,0.115390606,0.12736224,0.13544866,0.14076252,0.14440294,0.14714561,0.14929081,0.15069596,0.15096109,0.14967912,0.14666444,0.1421113,0.1366621,0.13136046,0.12744232,0.12594065,0.12722509,0.13076854,0.13532594,0.13936478,0.14146295,0.1405549,0.1360626,0.1279883,0.11703874,0.10484579,0.094270706,0.089305885,0.09328989,0.10614419,0.12475326,0.14558008,0.16589151,0.18377522,0.19794865,0.20764072,0.2125467,0.21282573,0.2091213,0.20258957
70,0.16234432,0.16002023,0.16542399,0.17709933,0.19205748,0.2070779,0.2194357,0.22708906,0.22865528,0.22334929,0.21092963,0.19165324,0.16623306,0.13579999,0.10189535,0.06664708,0.034426596,0.025814936,0.049370073,0.07523599,0.09642815,0.111096196,0.11844222,0.1183094,0.11117301,0.09828821,0.08214262,0.067644656,0.06328182,0.07502453,0.09846228,0.12698223,0.15697773,0.18702653,0.2170341,0.24782237,0.28079286,0.31751052,0.35923913,0.4065603,0.45919392,0.5160348,0.5753309,0.63491285,0.6924154,0.7454673,0.7918453,0.82959557,0.8571245,0.8732634,0.8773068,0.8690281,0.84867465,0.8169455,0.7749553,0.72418827,0.6664468,0.60379744,0.5385186,0.47305274,0.40996143,0.3518712,0.30136764,0.26074058,0.23146273,0.21349645,0.20500652,0.20303233,0.20468013,0.20789553,0.21153136,0.21500981,0.21790855,0.21966122,0.21945299,0.21631308,0.209357,0.19813043,0.18305469,0.16604124,0.15128405,0.14545079,0.15482269,0.180054,0.21618418,0.25705814,0.2975571,0.3337365,0.3625873,0.3818976,0.39020726,0.3867923,0.3716391,0.34538788,0.30923927,0.2648273,0.21407112,0.15903509,0.101894096,0.045882463,0.026117543,0.07558974,0.12796049,0.17765516,0.22354987,0.264792,0.3004463,0.3294413,0.35063827,0.36299044,0.36577457,0.35888478,0.3431978,0.32104054,0.29676652,0.27717263,0.2706186,0.2833091,0.31499553,0.35961768,0.40947104,0.45786378,0.49973652,0.53158593,0.5513384,0.55828923,0.55308264,0.5376882,0.51532453,0.49024585,0.46724546,0.4507255,0.4434158,0.44534305,0.45383382,0.46459615,0.4730915,0.47549868,0.4691458,0.45259073,0.42553023,0.3886378,0.3433742,0.29179123,0.23634893,0.17978437,0.12516487,0.07677158,0.045514602,0.05172353,0.07734818,0.102084,0.121678635,0.13578728,0.14517099,0.15099351,0.15445745,0.15653169,0.15777615,0.15831241,0.15794843,0.15640229,0.15354128,0.14956793,0.14510973,0.14117226,0.13890995,0.13921757,0.14230049,0.14750011,0.1534942,0.1586966,0.16161661,0.16108641,0.15638804,0.14734031,0.13440573,0.118891776,0.10334308,0.09202193,0.09017419,0.10017767,0.11916142,0.14239733,0.16615288,0.18793686,0.20612928,0.2197401,0.22830753,0.23186967,0.23096779,0.2266568
71,0.13271016,0.13092719,0.13801849,0.15200861,0.16925076,0.1861877,0.20002751,0.20876874,0.2110883,0.20625177,0.19405708,0.1747948,0.14921354,0.11849289,0.08426958,0.049052406,0.021642925,0.035507426,0.065036625,0.09176057,0.11261968,0.1262088,0.13176562,0.12907825,0.118522726,0.101202585,0.07942902,0.05857828,0.051629197,0.06883888,0.099704556,0.13468876,0.17008565,0.20458314,0.23811796,0.27152798,0.3062876,0.3441347,0.38659832,0.4345564,0.4879737,0.54587847,0.6065259,0.667648,0.7267113,0.78114325,0.8285184,0.86670315,0.89396554,0.9090508,0.91122717,0.90030247,0.87661606,0.84100866,0.7947757,0.73960847,0.6775295,0.61082757,0.5419976,0.47369018,0.4086671,0.34974504,0.2996611,0.26072598,0.23414592,0.2192638,0.21351446,0.21347706,0.21617667,0.21970609,0.22313726,0.22611152,0.22840355,0.22961092,0.22904025,0.22579606,0.2190284,0.20828678,0.19396514,0.1778735,0.16389558,0.15805013,0.16610217,0.18916857,0.22312254,0.2621246,0.30097845,0.3355616,0.36270517,0.3800897,0.38621268,0.38038474,0.36271793,0.3340866,0.2960585,0.25081208,0.20109664,0.15041888,0.10414778,0.07365993,0.07608976,0.10383712,0.13791102,0.17082421,0.20041025,0.22603135,0.24738313,0.26404276,0.27533036,0.28038338,0.2783974,0.26900294,0.25278947,0.23205785,0.21187413,0.20080799,0.20850928,0.2386514,0.2862287,0.34294373,0.40140337,0.455838,0.5018322,0.5361198,0.5565343,0.56203854,0.5527808,0.5301489,0.49681786,0.45678276,0.41532186,0.37867564,0.35296875,0.3420463,0.34532937,0.35798204,0.37342164,0.38571954,0.39062127,0.3856218,0.36971804,0.34311575,0.30695817,0.263081,0.21379031,0.16167717,0.10954174,0.060909595,0.027238877,0.043513905,0.07517688,0.102672465,0.12405711,0.13949856,0.14984441,0.15625213,0.15992928,0.16189957,0.16283116,0.1629841,0.16230181,0.16061087,0.15785494,0.15428868,0.15057385,0.14772455,0.14685456,0.14875303,0.15347753,0.16023089,0.1675907,0.17389761,0.17758933,0.17741111,0.17253438,0.1626345,0.14797798,0.12958813,0.10962818,0.09220042,0.08393115,0.09041372,0.10969273,0.13540928,0.16253187,0.18796434,0.20979565,0.22685954,0.23856099,0.2448215,0.24607004,0.24324508
72,0.1008614,0.10142869,0.11221032,0.12986071,0.14990196,0.16870943,0.18370399,0.19310755,0.19576448,0.19105425,0.1788501,0.1594929,0.13376552,0.102870606,0.06846658,0.033321366,0.016967034,0.045864217,0.07687119,0.10325635,0.1230764,0.13508716,0.13853869,0.13318901,0.11935494,0.09803258,0.07137847,0.04544978,0.04144139,0.06958487,0.10818485,0.14851175,0.18787995,0.22529072,0.26075095,0.29512447,0.32996565,0.3671964,0.40863064,0.4554713,0.5079595,0.5652838,0.625725,0.6869293,0.7462062,0.80079573,0.848086,0.88578236,0.9120327,0.9255136,0.92548037,0.9117838,0.88485795,0.8456815,0.7957196,0.73685193,0.67129415,0.6015209,0.5301968,0.4601222,0.39419106,0.3353346,0.28636485,0.24954365,0.22576307,0.21376298,0.21036744,0.21186827,0.21535,0.21913415,0.22254686,0.22544894,0.22778274,0.22925913,0.2292467,0.22686827,0.22125657,0.21190783,0.1991052,0.18442468,0.17127234,0.16492623,0.1707022,0.1902965,0.22058244,0.25623524,0.2921398,0.3241162,0.34893677,0.3642628,0.36862686,0.36144313,0.34301692,0.3145403,0.27808347,0.23662119,0.19418499,0.15624636,0.12992623,0.121394716,0.12930371,0.14531972,0.16200246,0.17554928,0.18478955,0.19002286,0.19218084,0.19215445,0.19028232,0.18613331,0.17868754,0.16689526,0.15058354,0.13194863,0.11811824,0.1220779,0.15205093,0.20257379,0.26444504,0.33063763,0.39581347,0.4555401,0.5060433,0.5442266,0.5677818,0.5753122,0.56643474,0.54185075,0.503391,0.45406124,0.3981338,0.34133863,0.29106817,0.2558233,0.24196763,0.24843366,0.26674086,0.28711963,0.30249295,0.30878237,0.30414388,0.2883011,0.26208985,0.22713025,0.18556193,0.13981327,0.092403546,0.045847915,0.00734234,0.039181918,0.072948426,0.100717016,0.12226265,0.13799527,0.14874788,0.1556037,0.15969361,0.16198753,0.16313529,0.16341552,0.1628191,0.16123751,0.15868787,0.15550172,0.15241359,0.15048717,0.15083103,0.15415251,0.16037072,0.16854689,0.17715187,0.18445371,0.18883152,0.1889683,0.18395746,0.17336883,0.15731412,0.13656808,0.11288237,0.08985758,0.07475045,0.07706153,0.096807756,0.1251619,0.15543063,0.18400213,0.20879763,0.22855847,0.24260622,0.25077242,0.25338522,0.25127077
73,0.07139299,0.07770123,0.094554916,0.11644819,0.13882788,0.15867446,0.17393088,0.18316379,0.1854345,0.18025939,0.16759877,0.14784743,0.12181609,0.09070348,0.05608951,0.02044285,0.019742656,0.0534187,0.084151745,0.10943112,0.12767532,0.13771515,0.13881974,0.13074689,0.1137935,0.0888937,0.058106,0.029363217,0.040193196,0.08004928,0.12407844,0.16776088,0.20931473,0.24792364,0.28361225,0.3172558,0.35049155,0.38543865,0.4242173,0.46838105,0.51846737,0.57383126,0.6327716,0.6928341,0.75115925,0.80479515,0.8509492,0.8871797,0.91153437,0.922644,0.91977465,0.9028421,0.87239337,0.8295584,0.77597886,0.71372193,0.64518625,0.5730111,0.49999794,0.42905262,0.36314833,0.30527845,0.2582872,0.22434497,0.20394824,0.19512236,0.19404843,0.19682992,0.20076977,0.20456652,0.2079117,0.21094981,0.21380344,0.21626112,0.21768582,0.21714093,0.21366842,0.20664243,0.1961598,0.18347171,0.17141958,0.16450782,0.16760081,0.18295108,0.20852849,0.23972769,0.27169886,0.30034402,0.32248893,0.3358719,0.33914623,0.33191025,0.31474784,0.28927395,0.25819644,0.22539853,0.19592696,0.17532443,0.16730532,0.17076851,0.18028128,0.18976223,0.19487342,0.1933579,0.1846854,0.16966832,0.15013166,0.12856247,0.10760834,0.089262165,0.07380677,0.059371345,0.043378767,0.02834568,0.0381344,0.07660898,0.12890224,0.19020122,0.25726247,0.32667175,0.39476234,0.4577957,0.5121966,0.55478966,0.5830125,0.59509087,0.5901637,0.5683552,0.53079444,0.47959483,0.41782174,0.34951288,0.27989906,0.21613629,0.16869299,0.14975694,0.16019094,0.18486214,0.20941405,0.22641812,0.23280524,0.22780845,0.21200804,0.18685113,0.15434724,0.11683817,0.07683709,0.037206206,0.0124988705,0.040990498,0.07110406,0.096398205,0.11636046,0.13124599,0.14174797,0.14880514,0.1533974,0.15634605,0.15817146,0.15906154,0.15896818,0.15779677,0.15562275,0.15286668,0.15036409,0.14926143,0.15069027,0.15529251,0.16285403,0.17229599,0.18198828,0.19014105,0.19509916,0.19551508,0.19044077,0.17938006,0.16233173,0.13986343,0.113321304,0.08555389,0.063416556,0.060734108,0.08146007,0.11263934,0.14559583,0.17650163,0.20330949,0.2247758,0.24019934,0.24935716,0.252497,0.25034323
74,0.052614387,0.06828442,0.0909981,0.115416184,0.1383918,0.15782657,0.17217147,0.18028331,0.1814012,0.17515692,0.16158806,0.14114021,0.11465294,0.083326474,0.048669282,0.012434014,0.023525001,0.057203073,0.0867346,0.11038109,0.12666662,0.13446684,0.13308409,0.12230442,0.10244156,0.07441411,0.040298354,0.01726387,0.05282869,0.09881028,0.14553554,0.19067101,0.23273802,0.2709423,0.30528575,0.3366563,0.3667933,0.39804214,0.43286368,0.47319198,0.51987225,0.5724088,0.6290778,0.6872761,0.74393374,0.7958807,0.8401342,0.8741103,0.8957726,0.9037289,0.8972831,0.87644476,0.8419027,0.7949652,0.7374751,0.67170733,0.6002586,0.5259419,0.45169792,0.38053644,0.3155123,0.25970015,0.21600755,0.1864642,0.17086568,0.16604376,0.16731293,0.17074984,0.17418921,0.17700177,0.17947923,0.18221128,0.18556924,0.18938838,0.19292372,0.19505432,0.1946227,0.19080053,0.18343952,0.17342208,0.16300447,0.1559224,0.15653606,0.16751234,0.18790872,0.21401006,0.24142537,0.26629403,0.2856197,0.29732305,0.3002719,0.2943364,0.28046337,0.26075748,0.23852889,0.21814108,0.2042234,0.19982812,0.20447126,0.21428509,0.22421244,0.2299127,0.22847278,0.21844168,0.19967204,0.1731363,0.1407531,0.10526595,0.07038788,0.042347763,0.03412999,0.04631593,0.061814338,0.07637541,0.09370705,0.11973447,0.15809038,0.20850821,0.26822853,0.33345807,0.4000505,0.46382686,0.5208078,0.5674271,0.6007277,0.6185265,0.61953485,0.60342425,0.5708351,0.52332884,0.46329013,0.39379776,0.31849462,0.24154158,0.1679371,0.105460905,0.07220808,0.08520149,0.11625509,0.14318086,0.15999548,0.16546428,0.16005729,0.14515302,0.12272147,0.09517933,0.06552787,0.03892733,0.03034054,0.047199365,0.06964373,0.09002511,0.10673428,0.119636185,0.1291998,0.13616428,0.14129135,0.1451632,0.14806555,0.14999507,0.15078677,0.15031347,0.1486923,0.14643915,0.14451131,0.14416409,0.14657286,0.15232334,0.16107003,0.17159902,0.18219389,0.19103114,0.19645302,0.19711772,0.19207494,0.18080403,0.16323678,0.13978781,0.111452736,0.08023421,0.051373433,0.042364307,0.065175265,0.099244274,0.13406818,0.16619168,0.19382608,0.21584031,0.23156331,0.24075104,0.24359202,0.24072048
75,0.05322487,0.075275995,0.09997646,0.12429449,0.14620407,0.16412222,0.17677465,0.18318889,0.18272221,0.17509344,0.1604059,0.13915525,0.11222024,0.08083886,0.046599783,0.012179533,0.025100458,0.057043422,0.084830225,0.106509656,0.12060844,0.12603754,0.12214647,0.1087733,0.08628053,0.055620875,0.019341297,0.02845457,0.07431825,0.12240224,0.16997212,0.21508685,0.25628173,0.2927248,0.32439733,0.352227,0.37809607,0.40462673,0.43467352,0.47058937,0.513528,0.5630959,0.6174661,0.6737998,0.7287462,0.7788716,0.82098174,0.8523476,0.8708588,0.8751194,0.8644954,0.8391186,0.7998501,0.74820983,0.68627757,0.6165754,0.54194313,0.465421,0.3901587,0.31937158,0.25635758,0.20451865,0.16705048,0.14554107,0.13778785,0.13814059,0.14098062,0.14300254,0.14318456,0.14203776,0.14088225,0.14115603,0.14374043,0.1485199,0.15442125,0.15985475,0.16324195,0.16342652,0.15996467,0.15336967,0.145351,0.13892265,0.13787982,0.14507484,0.1605016,0.18141487,0.20405768,0.22497159,0.24147464,0.25178406,0.25508,0.2515856,0.24265598,0.23081966,0.21961108,0.21287405,0.2133289,0.22109127,0.23354223,0.24667045,0.25655144,0.2601629,0.25566834,0.24248055,0.22127771,0.19406046,0.16433217,0.13741988,0.12020979,0.117723405,0.12771702,0.14288259,0.15733919,0.16888657,0.17888016,0.19166741,0.21296716,0.24688059,0.2937011,0.3504025,0.41238433,0.4747244,0.532763,0.5823746,0.62013716,0.6434617,0.6506857,0.64112353,0.61506504,0.57372123,0.5191182,0.45394683,0.38137823,0.3048586,0.22789942,0.1538872,0.085987575,0.028138421,0.027797254,0.06430788,0.090433635,0.10523143,0.10947841,0.104650386,0.092776075,0.07645212,0.059182912,0.046371054,0.044736326,0.0542574,0.0682152,0.082073666,0.09410103,0.1039385,0.11187157,0.11842979,0.12409868,0.12912443,0.13344802,0.13677944,0.13877204,0.139232,0.13830753,0.13661532,0.1352503,0.13559651,0.13888735,0.14565444,0.15541908,0.16683982,0.17813472,0.18747678,0.19324058,0.1941277,0.18922494,0.17802948,0.16045563,0.1368329,0.10791573,0.07500142,0.04093198,0.023121133,0.05031348,0.086726815,0.122085534,0.15401852,0.18113162,0.20245256,0.21737002,0.22564283,0.22741899,0.22325376
76,0.065928616,0.089189894,0.11340942,0.13649774,0.15681492,0.17298406,0.18386908,0.18860316,0.18662906,0.1777358,0.16208383,0.14021522,0.11304868,0.08186984,0.048391577,0.016228994,0.023688849,0.05316422,0.0789214,0.09846958,0.110303216,0.1133702,0.10707887,0.091336295,0.06657986,0.033875447,0.008898565,0.05158743,0.09917607,0.14769398,0.19491464,0.23889203,0.27811664,0.31172505,0.33970883,0.36308172,0.3839295,0.40522385,0.43028623,0.4619332,0.5016081,0.54893,0.60184044,0.6571441,0.71112186,0.76002717,0.80043465,0.8294703,0.84496135,0.84552586,0.8306138,0.8005032,0.7562561,0.6996386,0.6330126,0.5592105,0.48140857,0.4030214,0.32765087,0.2591354,0.20170827,0.15993905,0.13707703,0.13108148,0.13418883,0.13857788,0.13976882,0.13618965,0.12811099,0.11702459,0.105368204,0.09624605,0.09253951,0.09522497,0.10259054,0.111583605,0.1194507,0.12437185,0.12552994,0.12311322,0.11838844,0.113759525,0.112442516,0.11721077,0.12867567,0.14497297,0.16308674,0.1801208,0.19385439,0.20292263,0.20691322,0.20645906,0.20328934,0.20009911,0.1999904,0.20535322,0.2166784,0.23227134,0.24906433,0.26372015,0.27339417,0.27612314,0.2710199,0.25840285,0.23992127,0.21867803,0.19919759,0.1866878,0.184859,0.19336559,0.20803726,0.22374478,0.23670627,0.24537724,0.25073078,0.25629002,0.26750016,0.28977442,0.32579124,0.37427735,0.43110397,0.49105343,0.5489636,0.6002436,0.6410925,0.66861224,0.68087447,0.6769485,0.65688664,0.62166256,0.5730643,0.51354617,0.44604975,0.3738056,0.30013007,0.22823456,0.16107397,0.10130964,0.051838264,0.022301894,0.034202565,0.052488074,0.06361605,0.06747791,0.065731056,0.060777683,0.055534348,0.052910544,0.054493364,0.05960682,0.06637588,0.07326433,0.07957868,0.08532444,0.090887815,0.09668906,0.10289494,0.10928812,0.115328476,0.1203452,0.123764716,0.12531295,0.12516983,0.124059506,0.12322639,0.1241976,0.12827183,0.13592154,0.14652917,0.1586354,0.17041795,0.18007901,0.1860603,0.18714195,0.18248439,0.1716426,0.1545632,0.1315667,0.10331615,0.070776194,0.035193767,0.0046144915,0.04041888,0.07692246,0.110907584,0.14104643,0.16623893,0.18563932,0.19869603,0.20518355,0.20522544,0.19931062
77,0.07807542,0.10091375,0.124169566,0.1460184,0.16496314,0.17973092,0.18927245,0.19279572,0.18980752,0.18014987,0.16402513,0.1420062,0.115032345,0.08440106,0.05182673,0.020517416,0.019348906,0.04606388,0.069707885,0.08710309,0.09672539,0.0975715,0.08911853,0.071355216,0.04483022,0.011386718,0.03134947,0.076491766,0.124267645,0.17226142,0.21823293,0.26019043,0.29659206,0.32657358,0.35018075,0.36857212,0.38411388,0.4002208,0.4207708,0.44908145,0.48682407,0.5334777,0.58657545,0.642429,0.69687665,0.74583626,0.78565896,0.81334877,0.82669854,0.8243699,0.8059267,0.7718267,0.7233737,0.6626373,0.5923493,0.5157961,0.43673325,0.35936788,0.28846404,0.22953947,0.18854062,0.16910547,0.16785651,0.17550452,0.18346164,0.18674752,0.18327439,0.17270593,0.15573259,0.13367422,0.1082886,0.08178878,0.057330646,0.040729787,0.039870802,0.051048767,0.06416552,0.07460024,0.080958314,0.08327924,0.082625054,0.08102488,0.081219606,0.08566246,0.09507165,0.10811133,0.122474454,0.13595507,0.1469415,0.15460838,0.15903707,0.16129765,0.16338713,0.16781157,0.17668352,0.19070086,0.20877922,0.22856748,0.2472857,0.2623771,0.2719,0.27476788,0.2709263,0.26149973,0.24888247,0.23663504,0.22886695,0.22881286,0.23715658,0.25162485,0.26830766,0.2833822,0.29422486,0.29997247,0.30184996,0.303313,0.30964425,0.32641342,0.3569979,0.40095532,0.45459825,0.5127318,0.57003236,0.6217312,0.66388965,0.6935104,0.7085861,0.7081082,0.6920376,0.66123396,0.6173441,0.5626536,0.4999115,0.43213683,0.3624219,0.29374418,0.22880247,0.16989452,0.11886762,0.07722832,0.046703752,0.030601107,0.030083071,0.03600151,0.04182754,0.046642117,0.050961375,0.055119406,0.05894615,0.061992157,0.06389689,0.0646782,0.064876586,0.0655072,0.06772948,0.07226995,0.07898798,0.086969554,0.09497785,0.101866364,0.10682482,0.10951623,0.110166654,0.10961481,0.10926046,0.11078112,0.11554026,0.123937674,0.13520849,0.14778833,0.15984339,0.16963753,0.17571044,0.17695008,0.17262006,0.16236661,0.1462128,0.12454244,0.098080926,0.06790903,0.035810824,0.0133461915,0.038692165,0.07108986,0.10153573,0.1283113,0.15029581,0.16668117,0.17695588,0.1809166,0.1786786,0.1706821
78,0.08365087,0.105737135,0.12808654,0.14897516,0.16698201,0.18090029,0.18973851,0.19275343,0.18949062,0.17982018,0.16396128,0.14249149,0.1163402,0.08677116,0.05538935,0.024550645,0.012595853,0.036456995,0.058055203,0.07337549,0.08094026,0.0798184,0.06956892,0.05029048,0.022892177,0.01503544,0.05523034,0.10040293,0.1475194,0.19419624,0.23815463,0.27737513,0.31031317,0.33614227,0.35501274,0.3682957,0.37872875,0.39027897,0.4074717,0.43412316,0.47198647,0.5201647,0.57557636,0.63393325,0.69061685,0.7412477,0.78201294,0.8098565,0.82259536,0.8189897,0.79877234,0.7626421,0.71222365,0.65000296,0.57925457,0.50398684,0.42893663,0.35961628,0.30223402,0.26276422,0.24412848,0.24310641,0.25171077,0.26190922,0.26825958,0.26792046,0.25990146,0.24441254,0.22241738,0.19533037,0.16480179,0.13256167,0.1003095,0.069655575,0.042183727,0.020252867,0.013365569,0.022938149,0.03180923,0.03715749,0.03975633,0.04157327,0.04511881,0.052099474,0.062338624,0.0743295,0.08631751,0.09686399,0.105067655,0.11071778,0.11444399,0.11778471,0.12295899,0.13211338,0.146275,0.1648277,0.18589322,0.2070838,0.22609293,0.24105075,0.25075296,0.25484052,0.25394863,0.24978946,0.24505846,0.24296227,0.2462256,0.25590008,0.2708298,0.28822786,0.3048213,0.31784508,0.32569033,0.32833695,0.327676,0.32762048,0.3335942,0.35089839,0.38236552,0.42706558,0.48107642,0.5391806,0.5961447,0.64734316,0.6890042,0.7183027,0.7333934,0.7334052,0.7183998,0.6892908,0.64772475,0.59592897,0.5365343,0.47238258,0.4063309,0.3410638,0.2789249,0.2217782,0.17091034,0.12698919,0.090106405,0.059971392,0.036497965,0.021898912,0.022309907,0.03222599,0.042961854,0.051910743,0.05814781,0.061213523,0.060998816,0.057837244,0.052677702,0.04732932,0.04451078,0.046672966,0.053798195,0.0636493,0.07382705,0.082636036,0.08909564,0.09286755,0.09425006,0.094197676,0.09426003,0.09626117,0.10161722,0.110632084,0.12238469,0.13522524,0.1473411,0.157088,0.16312721,0.16447385,0.16051328,0.15100488,0.13607918,0.11623663,0.09237717,0.06599235,0.04033893,0.027715456,0.04344546,0.069054104,0.09437823,0.116630234,0.13445367,0.14701107,0.15381701,0.15469939,0.14978589,0.13949427
79,0.08036842,0.10158705,0.12313288,0.14334506,0.16085981,0.17451683,0.18335861,0.18666336,0.18398578,0.17519337,0.16049133,0.14043191,0.11590572,0.08811543,0.058538355,0.02893829,0.005179357,0.025265304,0.04494938,0.058304235,0.064017005,0.061259735,0.04970312,0.029721199,0.008392403,0.036729906,0.07728498,0.12165127,0.16734609,0.21197891,0.2532567,0.28916374,0.31818888,0.3395867,0.35366756,0.36209077,0.368067,0.37622967,0.39181086,0.419025,0.45942757,0.511437,0.5711843,0.63377124,0.69420785,0.74793255,0.7910795,0.8206294,0.8345072,0.8316453,0.8120161,0.77663356,0.72752786,0.6677022,0.6010837,0.5324725,0.467444,0.4120137,0.37163803,0.34924954,0.34337014,0.34852138,0.35791895,0.3658865,0.36870864,0.36448628,0.35271004,0.33385146,0.30903262,0.27976578,0.247747,0.21469103,0.182199,0.15164891,0.124097094,0.10017972,0.080017455,0.0631658,0.048694413,0.03544454,0.022380965,0.008888464,0.005508941,0.019915719,0.034129642,0.047272913,0.058506496,0.067131564,0.07277434,0.07561187,0.076635815,0.07784712,0.08198269,0.091312796,0.10625064,0.12534402,0.14632562,0.16694224,0.18532571,0.20017146,0.21087797,0.21767111,0.22167051,0.22480176,0.22941795,0.23757128,0.250172,0.2665488,0.2847081,0.30204818,0.31610966,0.32517105,0.32871526,0.32783347,0.32553464,0.32669106,0.33705908,0.36111975,0.39993978,0.4509119,0.50925004,0.5696069,0.6269981,0.67718416,0.7168107,0.7434636,0.7556854,0.75295955,0.73565763,0.70494765,0.66266525,0.6111517,0.55306876,0.49119923,0.42824486,0.36663356,0.30834892,0.2547984,0.2067414,0.16430345,0.12709898,0.094467245,0.06581076,0.041131116,0.02282214,0.020635359,0.03211659,0.044219494,0.053225726,0.058079887,0.058447167,0.054448865,0.04666411,0.036301427,0.02596452,0.02181852,0.02877264,0.041006,0.053429592,0.06395132,0.07165582,0.07630829,0.07829874,0.078678645,0.07912074,0.08157153,0.087467454,0.096981674,0.109034866,0.121925004,0.13389906,0.14343072,0.14931628,0.1507042,0.14710541,0.13839749,0.12482898,0.10703857,0.0861408,0.06407394,0.044987153,0.03833875,0.04969446,0.06912743,0.089051954,0.10640709,0.119697936,0.1280758,0.13109355,0.12862796,0.120844625,0.108173385
80,0.06772765,0.087972224,0.10880036,0.12860273,0.14606526,0.16005762,0.16963194,0.1740584,0.17286873,0.16589521,0.15329774,0.13557503,0.113556996,0.08837738,0.06142648,0.03428676,0.008676974,0.0138633065,0.031485386,0.042889822,0.046940792,0.04291942,0.030702949,0.012477332,0.022477983,0.05639083,0.09612616,0.13895068,0.18251315,0.22444388,0.26247227,0.29462433,0.31946307,0.33637163,0.34588066,0.35002002,0.3525804,0.3589574,0.37506244,0.40523815,0.45041883,0.5080384,0.5734011,0.64113396,0.7060589,0.7635998,0.8099733,0.8423039,0.8587085,0.8583585,0.841516,0.8095415,0.7648721,0.71096945,0.65222794,0.59379303,0.5411724,0.49943995,0.47195408,0.45906514,0.45785892,0.46338153,0.4704364,0.4748316,0.4738195,0.46603277,0.4512275,0.42998976,0.40346116,0.37309644,0.34045523,0.30702806,0.27409747,0.24263689,0.21325214,0.18617192,0.16129196,0.1382706,0.11666223,0.096067704,0.07628886,0.05751359,0.04068809,0.028567523,0.026283257,0.03326409,0.042675197,0.050597843,0.055463575,0.05672741,0.054632936,0.050460424,0.04705873,0.048666447,0.057867035,0.07316879,0.0915044,0.1103818,0.12815373,0.14392906,0.15755196,0.16958651,0.18118861,0.19377218,0.20848435,0.22568457,0.24470115,0.26397628,0.28147468,0.29516932,0.30350968,0.30587363,0.3030423,0.29769307,0.29469553,0.3005358,0.3210793,0.35858816,0.41081896,0.4727567,0.5386792,0.60324734,0.66187704,0.7108461,0.7473387,0.7694738,0.7763151,0.7678498,0.74492836,0.709163,0.66278625,0.60847574,0.5491525,0.4877614,0.42704216,0.3693027,0.31621337,0.26865634,0.22668363,0.18963745,0.15644258,0.12600087,0.097571254,0.07108064,0.047547977,0.030521223,0.027601631,0.036678433,0.047146786,0.054508276,0.05738308,0.0554497,0.048946504,0.03850665,0.025057033,0.009733161,0.006376945,0.021825358,0.035681866,0.04704682,0.05537057,0.06053586,0.06297105,0.06375759,0.0646278,0.067588925,0.074027784,0.08394062,0.09611051,0.10884099,0.12048478,0.12965402,0.13528168,0.13664052,0.133353,0.12539941,0.11313085,0.09730724,0.07922494,0.06112974,0.047322087,0.04445499,0.05392211,0.069086045,0.0845236,0.09752276,0.10665949,0.11114376,0.11059545,0.10495914,0.0944614,0.07958288
81,0.046639014,0.065733664,0.08595213,0.10566012,0.12356175,0.13852628,0.14958279,0.1559597,0.15713292,0.15286867,0.14325397,0.12871107,0.10999336,0.08816281,0.06455329,0.04074313,0.018744525,0.0073536164,0.0190376,0.028068062,0.030532518,0.025617102,0.013912992,0.013124658,0.038998704,0.07257275,0.11073686,0.15134075,0.1921287,0.23078685,0.26510626,0.29319474,0.3137328,0.32628182,0.33165705,0.33234608,0.3328217,0.33928406,0.35813832,0.39337534,0.44482496,0.50879085,0.57991314,0.6526029,0.7217234,0.7828567,0.8324298,0.8678053,0.8873603,0.8905478,0.87793165,0.8511865,0.8130553,0.7672481,0.718249,0.67096376,0.6301181,0.5993808,0.58042246,0.5724137,0.57238674,0.57629776,0.5801689,0.58083874,0.5762523,0.56544024,0.54834497,0.5255909,0.49824762,0.46760878,0.4349996,0.4016219,0.36844382,0.3361383,0.30507144,0.27533475,0.2468115,0.2192625,0.19241868,0.16607074,0.1401542,0.11483758,0.09064314,0.068680145,0.051150523,0.041763447,0.04269401,0.049877692,0.057788476,0.063362196,0.06527242,0.063144736,0.057314966,0.048926547,0.040462956,0.036593527,0.041840922,0.054897312,0.071905084,0.09062727,0.11023472,0.13060193,0.15184338,0.17395806,0.19656819,0.21879648,0.23929863,0.25642666,0.26848385,0.27404737,0.272368,0.2638987,0.25104177,0.23909192,0.23657183,0.2526142,0.29118514,0.34895092,0.41906258,0.49463162,0.5697439,0.63946617,0.69974744,0.74739605,0.78011024,0.7965188,0.79620254,0.77967846,0.74834055,0.7043557,0.65051806,0.5900673,0.526475,0.46319827,0.40339375,0.34958398,0.30329484,0.26476002,0.2328847,0.20562463,0.18068908,0.156238,0.13130066,0.10589875,0.081052616,0.058966782,0.04366652,0.03986502,0.045537222,0.05333292,0.058747586,0.060090452,0.05702169,0.049942706,0.03978744,0.028085161,0.017885495,0.016243206,0.023964971,0.03321624,0.040794432,0.045865137,0.048572678,0.04985653,0.051381215,0.055079382,0.06215104,0.07237186,0.084460616,0.09682046,0.10796356,0.11665456,0.12195269,0.123231165,0.12019221,0.11288133,0.1017081,0.087497324,0.071638964,0.056506824,0.046236917,0.04569126,0.05443767,0.06711828,0.079533085,0.08940107,0.0954699,0.09705587,0.0938684,0.08594093,0.073606476,0.057526805
82,0.021641387,0.03800568,0.057528526,0.07749289,0.09638342,0.11297354,0.12621336,0.13525052,0.13947555,0.13856545,0.13251609,0.12165872,0.10665843,0.08849437,0.06842614,0.04796342,0.028920459,0.014139617,0.01060324,0.014804025,0.015407832,0.010029726,0.0074030524,0.025897264,0.05246012,0.08455069,0.12045406,0.15821284,0.19566481,0.23058075,0.2608476,0.28469202,0.30095273,0.30941904,0.3112571,0.30950144,0.30939072,0.31787187,0.34143984,0.38309282,0.44119316,0.511032,0.58691317,0.66332877,0.73539305,0.7989911,0.85086435,0.8886916,0.91116506,0.918047,0.9101936,0.88953197,0.8589747,0.8222478,0.7835931,0.74730283,0.71707857,0.69531894,0.68259555,0.6776095,0.67769974,0.6796537,0.6804601,0.6777891,0.6701822,0.6570332,0.63844895,0.615058,0.58780646,0.5577686,0.5259889,0.49336633,0.46058547,0.4280917,0.3961025,0.36464337,0.33359694,0.3027586,0.2718961,0.24081531,0.20943525,0.17787781,0.14658763,0.116529584,0.089592956,0.06935914,0.061023284,0.06602177,0.07837004,0.0917229,0.102650866,0.10961761,0.11213869,0.11046273,0.10549389,0.09883196,0.092839785,0.090458766,0.094272606,0.10512627,0.12192995,0.14277932,0.16582197,0.18941443,0.21198986,0.23192936,0.24752235,0.257025,0.25880942,0.25160697,0.23489317,0.20958911,0.17960821,0.15526198,0.155613,0.19342783,0.2601799,0.3424415,0.4310546,0.5196804,0.6033025,0.6776968,0.7393352,0.7854417,0.81408644,0.8242665,0.8159511,0.7900802,0.74851537,0.6939461,0.62976056,0.5598881,0.48862085,0.42039457,0.35946783,0.3093601,0.27194333,0.24649785,0.22966763,0.2168168,0.2038091,0.1880125,0.16841955,0.14536192,0.12018704,0.09507422,0.07308708,0.058221955,0.053547785,0.056899365,0.06255483,0.06641859,0.066734806,0.06316488,0.05619562,0.04687229,0.036738124,0.027992336,0.023488995,0.024465894,0.028327264,0.03219071,0.034988545,0.03708631,0.03980211,0.0446999,0.052568015,0.06298038,0.074755445,0.086525425,0.09701742,0.10515552,0.11010607,0.11130848,0.10849967,0.10173501,0.0914135,0.0783323,0.0638403,0.05025833,0.041583966,0.042078536,0.050615598,0.062149562,0.073017985,0.081246994,0.08575655,0.08598564,0.081761666,0.07327573,0.06115538,0.04681016
83,0.027638076,0.02378229,0.034753148,0.052763183,0.0720355,0.090141356,0.10560735,0.117366046,0.12466178,0.12705234,0.12442666,0.117015526,0.10538687,0.090422645,0.07327701,0.05531812,0.038059987,0.023098467,0.012060182,0.0060969414,0.0029914745,0.0056624,0.018205434,0.037328836,0.062306188,0.0920377,0.1250006,0.1593364,0.19297355,0.22378324,0.24977064,0.26930824,0.28142604,0.2861861,0.28517208,0.28205568,0.28289106,0.29516453,0.32482824,0.37324712,0.4372462,0.51146084,0.5902317,0.6683807,0.74142754,0.8056668,0.858238,0.8972048,0.92162776,0.9316094,0.92829555,0.9138157,0.8911408,0.8638358,0.83568263,0.81017727,0.7899644,0.7763634,0.76917964,0.76690614,0.76723623,0.7676718,0.76602185,0.76069754,0.75080913,0.73611766,0.7169014,0.6937851,0.66756743,0.6390736,0.6090469,0.5780851,0.5466175,0.5149088,0.48307684,0.45111185,0.4188944,0.3862171,0.35282078,0.31845593,0.2829737,0.24645059,0.20935455,0.17279278,0.13894613,0.11180201,0.09735193,0.09957033,0.11453385,0.13457605,0.15421347,0.17052373,0.18217511,0.18886387,0.19106905,0.1899324,0.18715265,0.18480355,0.18498735,0.18931389,0.19840176,0.21171632,0.22782047,0.24478365,0.26049072,0.2727959,0.27959037,0.27885604,0.26874492,0.24769697,0.2146063,0.16909638,0.11235683,0.05424016,0.070032954,0.15356857,0.2505312,0.35212845,0.45370588,0.55105877,0.6401616,0.7172837,0.77917355,0.82324225,0.84772,0.85177004,0.83555245,0.800235,0.74795455,0.68173873,0.6054047,0.52346426,0.44107023,0.36402977,0.29877487,0.25166625,0.2263331,0.21991448,0.22378668,0.22902973,0.22982408,0.22348383,0.20951557,0.1888377,0.16328321,0.13531911,0.10795365,0.08480057,0.06981683,0.06507541,0.0677265,0.07239336,0.07528594,0.074751094,0.07049775,0.06301862,0.053267572,0.042480182,0.032100197,0.023813067,0.01938764,0.019267198,0.02174156,0.025423074,0.030347282,0.03708732,0.04585623,0.056245074,0.06741749,0.0783643,0.0880724,0.09562711,0.10028096,0.10150387,0.099019885,0.09283395,0.083256215,0.07094508,0.057031833,0.043514516,0.034209546,0.03411496,0.042493444,0.053801354,0.064353645,0.07234061,0.07682813,0.07738389,0.073986754,0.0670719,0.057748042,0.048393577
84,0.06298156,0.052413464,0.047999367,0.053463165,0.06645673,0.08222888,0.09744134,0.11008109,0.11890453,0.123185486,0.12262408,0.117309615,0.10769311,0.09455134,0.07893543,0.062101994,0.04542838,0.030324027,0.018211046,0.010973081,0.011228277,0.017826488,0.02946119,0.046484966,0.06870054,0.0951855,0.12450347,0.15486714,0.18428537,0.2107276,0.23232089,0.24759275,0.25578246,0.25725985,0.25409243,0.2506831,0.2539031,0.27138045,0.30773196,0.36226356,0.4305333,0.50697726,0.58627766,0.66374695,0.7354045,0.7980266,0.8492189,0.8874967,0.9123501,0.9242697,0.9247141,0.9159992,0.90108836,0.88327014,0.8657293,0.8510634,0.84085715,0.83545715,0.8340434,0.8349725,0.83625656,0.8360134,0.83278084,0.82566446,0.81434,0.7989561,0.7799836,0.75805247,0.7338104,0.70782405,0.68053174,0.6522411,0.6231524,0.5933858,0.56299376,0.5319527,0.5001427,0.4673353,0.4332125,0.3974341,0.35975975,0.32022133,0.27934816,0.2384705,0.20016651,0.16883716,0.1506063,0.15012047,0.16547602,0.18966296,0.21606229,0.24040504,0.26035914,0.2749382,0.28414497,0.28875378,0.29012632,0.28999254,0.29015777,0.2921422,0.2968273,0.30423456,0.31352553,0.32319233,0.3313221,0.33583122,0.3346357,0.32577676,0.30753753,0.2785875,0.23821154,0.18682472,0.12789981,0.07989485,0.102968216,0.18462911,0.28343147,0.38768104,0.49164957,0.5906895,0.6805377,0.75730777,0.81763333,0.85883814,0.8790889,0.87751013,0.85425,0.8104925,0.74841994,0.6711357,0.5825723,0.4874338,0.39128363,0.30102885,0.22624893,0.18050975,0.17365317,0.1948932,0.22375244,0.24763831,0.26130506,0.2632501,0.25390783,0.23484582,0.20835455,0.17721206,0.14457524,0.11401863,0.08965816,0.075544104,0.07259944,0.076410376,0.08124763,0.08361792,0.08215572,0.076749615,0.067972556,0.056752566,0.044160508,0.031265214,0.01909168,0.009213464,0.008245354,0.015652684,0.024115345,0.03295855,0.0423718,0.05235401,0.062577635,0.07245345,0.08125244,0.08822459,0.09269557,0.09413951,0.09223052,0.08687672,0.0782418,0.06676625,0.053223472,0.03894404,0.02675633,0.023039684,0.030588724,0.042264502,0.05342068,0.062263772,0.06798059,0.07025301,0.06918695,0.065391414,0.060188815,0.05592066
85,0.10115333,0.09097395,0.08383867,0.08243607,0.0874683,0.09706539,0.108297884,0.11859989,0.12615249,0.12981421,0.12900384,0.12361747,0.11396858,0.10073347,0.08489264,0.06766889,0.050481163,0.03498834,0.023448715,0.019071411,0.022277726,0.029536754,0.039801482,0.05389585,0.072311714,0.09458588,0.1194904,0.14533189,0.17018513,0.19209416,0.20928498,0.22042227,0.22494762,0.22355695,0.2188703,0.21613325,0.22297798,0.2465609,0.28935587,0.3485632,0.41898322,0.49526003,0.5726011,0.6468802,0.7146565,0.77322966,0.8207244,0.856173,0.8795678,0.8918599,0.89487934,0.8911564,0.8836276,0.8752345,0.8684621,0.86492133,0.86510664,0.8684214,0.87346274,0.87845254,0.8816681,0.8817642,0.8779412,0.86996686,0.8580851,0.8428554,0.8249688,0.8050818,0.7837022,0.7611452,0.73755467,0.7129669,0.6873814,0.66080564,0.6332548,0.6047095,0.575053,0.5440252,0.51122874,0.4762091,0.4386133,0.39841345,0.356185,0.31344306,0.27304974,0.2395752,0.21892114,0.21578078,0.22978035,0.25541365,0.28596473,0.31620264,0.34280133,0.3639927,0.37920538,0.38879296,0.3938,0.3957141,0.39617935,0.39667705,0.39822197,0.40114722,0.40504116,0.40884376,0.41104716,0.40992692,0.40375564,0.39099574,0.3705057,0.34182957,0.30571038,0.26514542,0.22759351,0.20791134,0.22376047,0.27771342,0.3571018,0.4492069,0.54515827,0.63842785,0.7237032,0.79647315,0.85295975,0.8901853,0.90607584,0.8995528,0.87058854,0.8202129,0.75046813,0.6643178,0.56552535,0.45854357,0.34852636,0.2418835,0.14947346,0.101044126,0.12861903,0.18507002,0.23682074,0.27536175,0.29851735,0.30629492,0.29989064,0.2813086,0.25313237,0.21835837,0.18029273,0.14256583,0.109350294,0.085601054,0.075485244,0.07737207,0.084137104,0.08985844,0.09175684,0.089048766,0.08199469,0.07139787,0.058322303,0.043910574,0.029274704,0.015592894,0.0067402637,0.013210224,0.023235988,0.03287831,0.04212153,0.051175058,0.06008202,0.06863016,0.07638312,0.0827715,0.08719791,0.0891297,0.08816982,0.084104545,0.07693054,0.06686567,0.0543524,0.04008321,0.025204835,0.013134232,0.015814811,0.02819589,0.040600292,0.051027652,0.05878872,0.06363974,0.06571454,0.0655871,0.064376764,0.06379497
86,0.13715063,0.12840521,0.12174839,0.11895357,0.1206535,0.1259812,0.13304237,0.13972673,0.14424904,0.14534432,0.14228655,0.1348511,0.123264186,0.108149186,0.09047325,0.071509145,0.052866932,0.036774993,0.02684397,0.02652996,0.03274461,0.040816214,0.049740914,0.060484827,0.07420937,0.09124391,0.11086448,0.13159065,0.15156578,0.1688632,0.18174914,0.18896696,0.19011353,0.18620074,0.18048027,0.17920712,0.19065623,0.22066326,0.26892263,0.33090755,0.40124202,0.47505057,0.5481269,0.6169,0.67845803,0.73063046,0.77209157,0.80244714,0.82227445,0.83308613,0.83718807,0.8374061,0.83667827,0.8375555,0.84172344,0.8496983,0.86081725,0.873526,0.8858429,0.8958394,0.90201014,0.9034823,0.900062,0.8921478,0.8805491,0.86625546,0.85020727,0.8331159,0.81537336,0.79706454,0.7780612,0.7581556,0.7371769,0.71504974,0.6917763,0.6673542,0.6416709,0.6144236,0.585115,0.5531506,0.518034,0.47963756,0.43851855,0.39626083,0.35581023,0.32165027,0.29930127,0.29335198,0.30457848,0.3291502,0.36100253,0.3944862,0.42547026,0.4514077,0.4710972,0.48441708,0.49206954,0.49531487,0.4956818,0.49466097,0.49341723,0.49257407,0.4921206,0.4914578,0.4895555,0.48516718,0.47705555,0.46421573,0.44611594,0.42300636,0.39636368,0.3695177,0.3482998,0.34086245,0.35507286,0.3940001,0.45427075,0.5288982,0.6103979,0.692024,0.76793,0.8331012,0.88333493,0.9152891,0.92656326,0.9157775,0.8826227,0.82786655,0.7533078,0.6616775,0.5564906,0.4418593,0.3222844,0.20247373,0.08758079,0.029226817,0.119849496,0.20055993,0.26487708,0.3113615,0.33969906,0.3505002,0.34519273,0.32589996,0.29530066,0.25648797,0.21285783,0.16809098,0.12637131,0.09306165,0.074960254,0.07469481,0.084286645,0.09442938,0.10058844,0.10133571,0.09671272,0.08749725,0.074861065,0.060191978,0.045045048,0.031363063,0.022361325,0.0220781,0.028470127,0.03664081,0.044690963,0.05229826,0.059553374,0.06651696,0.073052414,0.07880893,0.08329167,0.085963815,0.08634279,0.084073514,0.07897516,0.0710635,0.060552344,0.04783805,0.033471104,0.0181241,0.002844391,0.012875744,0.02687825,0.03917912,0.04931925,0.057071935,0.06248157,0.06591817,0.06812,0.07017737
87,0.16779292,0.16080445,0.1555873,0.1533342,0.15432099,0.15778401,0.16222793,0.16592713,0.1673304,0.16527738,0.15907691,0.14851351,0.13382158,0.11564621,0.09500627,0.0732956,0.052444965,0.035659853,0.028664954,0.033528917,0.042945366,0.052001137,0.05978406,0.067162275,0.07565845,0.08649532,0.099856466,0.11477942,0.1295617,0.14225404,0.15105693,0.1546719,0.15273552,0.1465097,0.13998331,0.14074337,0.15751812,0.19368027,0.24587744,0.308599,0.37680298,0.44621405,0.5131727,0.57459015,0.62801844,0.67177445,0.70507157,0.7281208,0.74216706,0.7494188,0.7528254,0.75566626,0.76096725,0.7708608,0.7861046,0.8059672,0.8285277,0.85124344,0.8715602,0.887395,0.897428,0.9012049,0.89908254,0.8920512,0.8814718,0.86877424,0.85517424,0.8414713,0.82797563,0.8145743,0.8009005,0.7865361,0.7711725,0.7546788,0.73706156,0.7183422,0.698405,0.67688686,0.65316445,0.6264696,0.59612006,0.5618277,0.5240377,0.48425728,0.44531995,0.41144085,0.3877137,0.3786093,0.3857969,0.4070365,0.43735218,0.47120744,0.5039747,0.53243434,0.55475885,0.5703206,0.5794499,0.5831665,0.58288926,0.5801346,0.57623214,0.57210326,0.56814325,0.5642287,0.55983496,0.55422145,0.54664075,0.5365447,0.52378863,0.5088495,0.49306697,0.47886974,0.4698408,0.47033834,0.48442027,0.5143342,0.5595147,0.61677754,0.6813257,0.7477572,0.8107145,0.8652379,0.9069753,0.9323362,0.93862164,0.92412853,0.88821965,0.8313485,0.75503415,0.6617864,0.5549908,0.43878412,0.3180178,0.19881153,0.09443761,0.07901463,0.15820721,0.23825753,0.3040866,0.35234174,0.38200244,0.39330053,0.38743034,0.36637524,0.33274728,0.2896289,0.24043627,0.18885928,0.13903324,0.096414246,0.06997013,0.06841855,0.08292345,0.098991066,0.11029601,0.11505956,0.11328714,0.10582458,0.09398932,0.07939456,0.06388882,0.049637098,0.039298095,0.03540073,0.037737105,0.04322999,0.0493542,0.055128664,0.060469493,0.06560342,0.070702836,0.075697206,0.08024419,0.08381448,0.08581982,0.08572981,0.083154775,0.0778936,0.06995301,0.059546083,0.047078993,0.03314771,0.01867507,0.007440741,0.015041186,0.028139735,0.040330913,0.0508083,0.059335575,0.065980695,0.07109297,0.07528185
88,0.19045809,0.18534836,0.18200631,0.18118145,0.18278594,0.18591873,0.18916097,0.19096057,0.18993926,0.18507281,0.17577143,0.1618993,0.14376126,0.12207418,0.097944446,0.07291149,0.049297873,0.031883508,0.029726073,0.040503964,0.053066213,0.063181214,0.070096016,0.07445906,0.07775908,0.08181214,0.087945186,0.09623974,0.10546602,0.113660134,0.11879587,0.11931133,0.11463765,0.10608143,0.098510005,0.10163022,0.12429435,0.1657699,0.22001977,0.2815422,0.3459841,0.40965787,0.46933624,0.5222808,0.5663795,0.60032326,0.62378114,0.6375408,0.6435715,0.6449443,0.6455196,0.6493234,0.65965563,0.67820466,0.70459384,0.736607,0.7709304,0.8040186,0.832784,0.8550185,0.8695767,0.87637824,0.8762711,0.87078536,0.8618033,0.8511923,0.8404641,0.8305414,0.8216935,0.8136524,0.8058539,0.7977079,0.78880024,0.7789667,0.76822823,0.75662535,0.7440229,0.7299705,0.7136859,0.69418854,0.6705616,0.6422888,0.60960495,0.57380694,0.5374646,0.504419,0.47934133,0.46659604,0.46856505,0.48444217,0.51056045,0.5419373,0.5738042,0.60245264,0.62548864,0.6417767,0.6512506,0.65466404,0.65330756,0.6487114,0.64236283,0.63547444,0.62884206,0.6228137,0.61736184,0.61222476,0.607072,0.60166055,0.59596854,0.5903097,0.58543295,0.582591,0.58352786,0.5903112,0.6049511,0.62884873,0.66225946,0.70400506,0.75154334,0.8013116,0.8491744,0.8908487,0.92225933,0.9398243,0.94067955,0.92285275,0.8853853,0.82840365,0.7531425,0.66193193,0.5581851,0.44649175,0.33317146,0.22870027,0.15702939,0.1585949,0.21756352,0.287266,0.34839734,0.39428627,0.42241663,0.43223956,0.42448843,0.4008616,0.36380157,0.3163023,0.2617399,0.20376338,0.14638393,0.094852924,0.059863795,0.05956226,0.08225933,0.1055392,0.12236598,0.13121262,0.13226394,0.12650552,0.11540679,0.10076259,0.08461144,0.06921597,0.057015352,0.050115675,0.048893813,0.05142156,0.055254206,0.058966827,0.062218543,0.0653077,0.068714604,0.07272658,0.0772307,0.08172616,0.08548826,0.08776027,0.087897435,0.08545043,0.08020326,0.072182395,0.06165207,0.04911628,0.03539358,0.022125829,0.014819602,0.021322368,0.033562195,0.045918886,0.056999564,0.06637289,0.07399675,0.08009945
89,0.20310168,0.19988719,0.19865438,0.19977383,0.2028054,0.20663166,0.20977391,0.21072674,0.2082055,0.2012898,0.18948919,0.17276002,0.15149334,0.12648782,0.098931,0.07046532,0.04374067,0.025976932,0.031126974,0.047697686,0.063026406,0.074131615,0.08042624,0.08232664,0.08103709,0.07843746,0.0767081,0.077441916,0.0806366,0.08460724,0.08690774,0.08531782,0.078560725,0.06734734,0.057354163,0.062929496,0.09214889,0.13740224,0.19155985,0.25020108,0.30980706,0.36716178,0.41930428,0.46366608,0.49827635,0.5219923,0.53473425,0.53770465,0.5335503,0.52636814,0.5213563,0.5238692,0.5378982,0.5646505,0.6022095,0.6464709,0.69256526,0.7359881,0.77322906,0.8020322,0.8214395,0.83170325,0.8340938,0.83061075,0.82360846,0.8153728,0.8077239,0.801742,0.79770213,0.79523027,0.7936115,0.79212344,0.79027545,0.7878853,0.7849878,0.7816274,0.7776228,0.7724035,0.76499295,0.754161,0.7387118,0.7178412,0.6914917,0.66064787,0.6275167,0.5955124,0.5689019,0.5519507,0.5476177,0.5563674,0.57593155,0.60221756,0.6306676,0.6573124,0.6792936,0.6949893,0.70391864,0.70653456,0.70396173,0.6977088,0.68938714,0.6804697,0.6721228,0.66513425,0.6599328,0.65667087,0.6553295,0.6558104,0.6580024,0.66183007,0.66730297,0.6745723,0.68398434,0.6960971,0.71161646,0.7312254,0.7553188,0.783711,0.8154114,0.84855235,0.88049245,0.90806043,0.92787606,0.9366854,0.93166965,0.91070473,0.87256294,0.8170576,0.7451399,0.65897405,0.56205684,0.45954588,0.35923606,0.27415225,0.22593394,0.23252775,0.27936852,0.33832258,0.3924175,0.43365836,0.45841065,0.46538705,0.45483053,0.42810968,0.3874503,0.3357121,0.27618775,0.2124422,0.14828704,0.088422805,0.044401877,0.051037256,0.08514187,0.11570495,0.1375834,0.15000668,0.1534361,0.14900689,0.13831937,0.12330874,0.10615088,0.0891895,0.07481173,0.065028176,0.06053742,0.060102284,0.061507434,0.06305708,0.0641318,0.065012686,0.06646121,0.06920222,0.07345999,0.07879754,0.084311865,0.0889576,0.09179192,0.09210127,0.08945025,0.08369175,0.074961774,0.06367825,0.05058511,0.036988895,0.025775364,0.023282558,0.03158807,0.044039294,0.056683876,0.06811366,0.077796824,0.08561052
90,0.20437342,0.2029873,0.20398177,0.2073832,0.21240513,0.21768142,0.22161314,0.22267644,0.21962745,0.21161343,0.19822076,0.17948353,0.1558671,0.12823647,0.09782762,0.06629429,0.036342885,0.018932037,0.033795644,0.0550315,0.072487555,0.084368445,0.09019696,0.09019877,0.08525037,0.076921344,0.06752028,0.059904817,0.056396507,0.056832116,0.05830031,0.057186633,0.050695088,0.037383378,0.019692333,0.027129712,0.06361063,0.10958518,0.16112667,0.2154884,0.2698157,0.32114995,0.36659962,0.40356117,0.42996365,0.44453117,0.4470675,0.438776,0.4226213,0.40366194,0.38901338,0.38663185,0.40234214,0.43682018,0.485643,0.5420531,0.59947425,0.652634,0.69782704,0.7328839,0.7570633,0.7709034,0.77601063,0.77476156,0.7699094,0.7641217,0.7595287,0.75740135,0.75806934,0.76110595,0.76569384,0.7710165,0.7765299,0.7820403,0.78758574,0.7931902,0.79859394,0.80307305,0.8054265,0.80414695,0.79772896,0.78503895,0.765671,0.7402318,0.7105094,0.6794712,0.6510002,0.62926126,0.61768425,0.61785656,0.62892467,0.64792925,0.6708423,0.693676,0.7132333,0.72744054,0.7353832,0.7371695,0.7337028,0.7264116,0.7169727,0.70706075,0.69815445,0.6914201,0.6876719,0.68738806,0.69074774,0.69766396,0.70780563,0.7206263,0.73542225,0.7514326,0.76796997,0.78454983,0.8009768,0.8173466,0.83394146,0.85102624,0.8685868,0.88608646,0.90231866,0.91541,0.9229771,0.9223998,0.9111482,0.8871094,0.84887695,0.79598606,0.72910243,0.6501969,0.56278145,0.47236925,0.38742772,0.32076856,0.2882409,0.297238,0.33609873,0.38579613,0.4324182,0.46799153,0.48833632,0.49164477,0.4777487,0.44770882,0.40353,0.34792116,0.2840717,0.21544464,0.14562227,0.0784516,0.023761969,0.04878798,0.09380464,0.13006394,0.15578824,0.17087099,0.17596957,0.1723179,0.16160554,0.1458674,0.12738104,0.10856459,0.09182348,0.079188816,0.07159831,0.06827951,0.06724694,0.066628166,0.06551933,0.06409796,0.06334752,0.06449974,0.06826177,0.074315675,0.081518196,0.08845839,0.09386282,0.09676147,0.09652777,0.09287576,0.08584812,0.07581277,0.0634985,0.05016085,0.03814275,0.031927545,0.03563741,0.046412688,0.059379227,0.07199073,0.083117545,0.09227813
91,0.19371511,0.19400619,0.19725572,0.20316269,0.21058995,0.21790522,0.22336437,0.2253967,0.22277102,0.21467625,0.20075141,0.18108542,0.15619533,0.12698826,0.09471514,0.06095579,0.028022097,0.013044687,0.03797504,0.062139064,0.08093665,0.09326271,0.098664954,0.09722334,0.08956004,0.07687604,0.06106194,0.045084585,0.033933993,0.033024836,0.03929743,0.04500136,0.045620415,0.039260026,0.026685089,0.021298263,0.04566715,0.08435955,0.12978077,0.17862083,0.22786047,0.27441913,0.31524822,0.34751904,0.36884332,0.37751237,0.3727629,0.35510814,0.32683343,0.29284284,0.26194957,0.24724002,0.26059407,0.30250895,0.36306626,0.43124056,0.4988486,0.56038105,0.6123265,0.652777,0.681228,0.6984318,0.7062162,0.70721364,0.70447695,0.7009983,0.6992088,0.7005996,0.7056063,0.71380436,0.72432137,0.7362793,0.74909705,0.76256645,0.7767106,0.7915047,0.8065792,0.8210307,0.83341604,0.84193885,0.84477156,0.8404315,0.8281348,0.808077,0.78160346,0.75123465,0.7204889,0.6934258,0.6738623,0.66438216,0.6655262,0.67564046,0.69150114,0.70933557,0.7257343,0.7382026,0.7453627,0.74691707,0.74347293,0.736298,0.72705126,0.71752435,0.70942193,0.7041998,0.7029645,0.70642096,0.71484804,0.7280867,0.7455444,0.7662341,0.78886503,0.81198823,0.8341799,0.8542301,0.87129956,0.88500947,0.89543694,0.9030027,0.90825987,0.911621,0.91308826,0.912066,0.90731835,0.8970936,0.87938726,0.85228443,0.8143178,0.7647988,0.7041077,0.6339669,0.55775994,0.4809946,0.4119205,0.36158234,0.34064245,0.35150665,0.38486198,0.42693296,0.4664763,0.49615213,0.5116794,0.5109676,0.4935576,0.4602606,0.41288653,0.35400483,0.28671414,0.21441524,0.14059146,0.06861011,0.0029711858,0.058324613,0.10854228,0.14799678,0.17603074,0.19268523,0.19864692,0.1951725,0.18399224,0.1672011,0.14714576,0.1263045,0.10712225,0.091689184,0.08114232,0.07505855,0.07165916,0.06894442,0.06572267,0.0619854,0.05884853,0.05810524,0.061150122,0.06786156,0.07673818,0.08589451,0.09370813,0.09898772,0.100965716,0.09926593,0.09388102,0.085168555,0.0738879,0.061341558,0.049754873,0.042784546,0.044072125,0.052864026,0.06521871,0.078121655,0.089957066,0.0999207
92,0.17141862,0.17313267,0.17858204,0.18713196,0.19726834,0.20707707,0.21466462,0.2184109,0.21708979,0.20991768,0.1965665,0.17715643,0.1522316,0.12271932,0.08987255,0.0551984,0.020403992,0.013193876,0.04316406,0.068483874,0.08779509,0.10016454,0.10508287,0.102510735,0.09290375,0.07721599,0.05690473,0.03409783,0.014205884,0.021144614,0.039913174,0.05517028,0.06424503,0.06606466,0.06092923,0.052019443,0.049351208,0.06586047,0.09914974,0.14096716,0.18586805,0.2298186,0.26928002,0.30104217,0.32230195,0.33081612,0.32507455,0.30448705,0.26963013,0.22275372,0.16937093,0.12420865,0.1208507,0.17097357,0.24475022,0.32340595,0.39873236,0.46615422,0.5228372,0.56725097,0.5990735,0.6191418,0.62934655,0.6324204,0.6315892,0.6300912,0.6306378,0.63496774,0.64367497,0.65639293,0.67223775,0.69029677,0.709959,0.7309933,0.75338703,0.7770403,0.80145204,0.8255267,0.84757745,0.8655242,0.87722254,0.88084024,0.87520933,0.86010617,0.83643323,0.8062778,0.77281445,0.73999435,0.7119584,0.6921848,0.68257695,0.6829122,0.6910023,0.70349514,0.71687007,0.7282127,0.7356218,0.73830515,0.73647535,0.73113793,0.7238311,0.7163589,0.7105456,0.70803064,0.7101116,0.71763307,0.7309123,0.7497011,0.77318865,0.8000592,0.8286113,0.8569314,0.8831027,0.90542036,0.92258286,0.9338308,0.9390085,0.93852884,0.9332342,0.92415994,0.91223794,0.89800155,0.8813746,0.8616146,0.8374411,0.80732495,0.7698743,0.7242467,0.6705425,0.6101713,0.54621863,0.48381945,0.43033743,0.39449084,0.38299134,0.3957678,0.42529714,0.46120062,0.49441034,0.5184425,0.52919686,0.52449757,0.50371647,0.46748903,0.4174772,0.3561504,0.28657526,0.21223366,0.13698293,0.066159956,0.031186048,0.07799668,0.12787001,0.16809852,0.19691728,0.21406327,0.2201009,0.21623866,0.20420155,0.18610696,0.1643385,0.1414127,0.11980991,0.10168447,0.088345475,0.079657026,0.074029826,0.06936528,0.06417987,0.058200568,0.05255763,0.049651507,0.051892024,0.059443384,0.07016775,0.081542425,0.09161758,0.099058874,0.10303256,0.103132404,0.09934858,0.092067204,0.082111485,0.070865385,0.060523406,0.05422279,0.054820795,0.06219793,0.07352885,0.08600359,0.09781314,0.107944384
93,0.13865687,0.14137758,0.14888786,0.1601579,0.17321663,0.18584274,0.19600889,0.2020682,0.20281175,0.19748116,0.18576725,0.16779988,0.14412713,0.115681574,0.083736666,0.049885336,0.016592974,0.019458596,0.048500974,0.07348928,0.092522345,0.10451145,0.10882792,0.1053189,0.09432734,0.07668813,0.05369512,0.02704497,0.0021551007,0.029326,0.05454766,0.07504896,0.08903703,0.095215715,0.09304202,0.08322853,0.069125704,0.060402285,0.07201012,0.10392707,0.14561693,0.18985878,0.23190717,0.26798788,0.2948995,0.31000042,0.3113022,0.2975756,0.26843184,0.22436076,0.1667165,0.097648375,0.020003848,0.06303806,0.14771271,0.23045965,0.30784565,0.37689894,0.43533322,0.48173803,0.51571643,0.53795135,0.55017823,0.5550372,0.55577266,0.555772,0.5579955,0.56445545,0.5759608,0.5922598,0.612498,0.6357473,0.66136885,0.68909734,0.7188668,0.7504867,0.7833161,0.8160713,0.8468359,0.8732653,0.8929169,0.9036238,0.9038449,0.8929496,0.87141466,0.8409201,0.80432254,0.7654682,0.7287792,0.69855535,0.67804164,0.668555,0.66914195,0.6770296,0.68862355,0.700519,0.7101685,0.71615314,0.7181676,0.716842,0.7134868,0.70981365,0.70766336,0.7087625,0.7145204,0.7258716,0.74316806,0.7661227,0.79381317,0.8247499,0.8570064,0.8884031,0.9167231,0.93993723,0.95641446,0.9650913,0.9655806,0.9581977,0.9438905,0.9240645,0.90031505,0.874099,0.84641534,0.8175811,0.78718555,0.75425875,0.7176257,0.67636853,0.63031346,0.58048433,0.5294896,0.48175898,0.44333044,0.42053282,0.4171972,0.43202427,0.4589167,0.48989052,0.51763827,0.53656965,0.54292053,0.5345712,0.51082903,0.47222918,0.4203464,0.3576166,0.28718555,0.21287885,0.13973688,0.0781291,0.063370146,0.10309807,0.1496478,0.18868265,0.21692467,0.23358208,0.23899367,0.23426218,0.22106643,0.20151104,0.17798439,0.15301476,0.12910102,0.108450994,0.09252414,0.08143934,0.073791705,0.06740385,0.060493864,0.05244588,0.04424699,0.03895214,0.04064122,0.04976881,0.06283045,0.07651278,0.08869653,0.0980539,0.10378414,0.10551645,0.103284106,0.097532935,0.08916463,0.07963073,0.07105023,0.066070035,0.06680623,0.07324464,0.08338513,0.09489193,0.10602333,0.11570079
94,0.097594,0.1005237,0.10985894,0.12392597,0.14005706,0.15567829,0.16868263,0.17745672,0.18084382,0.17812002,0.16898552,0.15355982,0.13237303,0.10635399,0.07684211,0.045817107,0.019052664,0.027137248,0.053125598,0.07664468,0.09469942,0.105910875,0.10949241,0.105168864,0.09318368,0.07431029,0.049890567,0.022386659,0.014921265,0.043141156,0.07124943,0.09506842,0.11238343,0.121506974,0.121336766,0.11155845,0.09309211,0.06963218,0.053905245,0.06893349,0.10854436,0.15622419,0.20436767,0.2484591,0.28497535,0.3110211,0.32434976,0.32347187,0.3077751,0.2776503,0.23468663,0.1822228,0.12762126,0.09203582,0.1112488,0.16897725,0.23531568,0.29898968,0.35512006,0.40113023,0.43589243,0.45953277,0.47334406,0.47964913,0.4815381,0.48243472,0.48550892,0.49307397,0.50621766,0.52486545,0.5482316,0.5753878,0.60566556,0.6387571,0.674535,0.7127159,0.7525275,0.7925153,0.8305582,0.8640745,0.89035,0.9069082,0.91186,0.90419483,0.8839969,0.85257554,0.81250304,0.76753473,0.7223545,0.68204725,0.6512152,0.63284403,0.62739706,0.6327609,0.64516556,0.6604985,0.6753375,0.6874558,0.6959028,0.70084447,0.7032942,0.70481014,0.7071934,0.7122117,0.7213612,0.7356756,0.7555921,0.7808797,0.81063473,0.8433454,0.8770198,0.90936655,0.93800956,0.96071744,0.9756251,0.9814264,0.9775175,0.9640713,0.94202685,0.91298044,0.87897104,0.842172,0.8045252,0.7673922,0.7313275,0.69607073,0.66079843,0.62458605,0.5869686,0.54847646,0.5110306,0.4780458,0.4539657,0.44291842,0.4467317,0.4636099,0.4886664,0.51571685,0.538883,0.5534161,0.555953,0.54451656,0.51842767,0.47818732,0.4253472,0.3623886,0.292667,0.22061165,0.15291715,0.10343941,0.09736046,0.13029805,0.17183888,0.20811333,0.234612,0.24994054,0.2541444,0.24817286,0.23362093,0.21254683,0.18731217,0.16042846,0.13439013,0.11144076,0.093173236,0.07995058,0.07056474,0.06277895,0.054502845,0.04469473,0.03396029,0.026031561,0.0284013,0.04089257,0.056937717,0.07287881,0.08687328,0.097799055,0.10497911,0.10812659,0.10734574,0.103152364,0.09651032,0.0888782,0.08219995,0.0786159,0.079637,0.08524467,0.09402108,0.10413235,0.114051074,0.12275442
95,0.052488353,0.053142108,0.06386495,0.08102829,0.10035967,0.11892624,0.13473156,0.14632918,0.15267578,0.15309617,0.14728814,0.13533673,0.11772891,0.09537968,0.06974098,0.043435037,0.02498263,0.034053273,0.05634922,0.07757986,0.094087906,0.104195155,0.10693985,0.10190852,0.08922751,0.06959179,0.044410355,0.01776049,0.02435855,0.05526028,0.08573119,0.112120725,0.13203977,0.14355062,0.14520775,0.13617927,0.116413556,0.08703052,0.052440904,0.038098715,0.075638294,0.12926479,0.18507716,0.23815636,0.28489706,0.32225776,0.3477687,0.3596599,0.35700268,0.339846,0.3093702,0.26814866,0.22078402,0.17559282,0.14752075,0.1530255,0.18875755,0.23728225,0.2862649,0.32940114,0.3636684,0.38805556,0.4030748,0.4105009,0.41309726,0.41420698,0.41716352,0.4246103,0.43798873,0.45747545,0.48239675,0.51183766,0.5450992,0.58182836,0.62184,0.66477054,0.70973563,0.7551363,0.798675,0.83756256,0.8688435,0.88976395,0.89812225,0.8925692,0.87284184,0.83992743,0.79615736,0.74522406,0.69208163,0.6426159,0.6028789,0.577731,0.56923056,0.57582754,0.59317356,0.61596686,0.6395623,0.660757,0.6779145,0.69075775,0.70004433,0.7072178,0.71407306,0.7224506,0.73397213,0.7498258,0.7706104,0.79624575,0.8259536,0.85831016,0.8913647,0.92281246,0.95020723,0.9711928,0.98373437,0.9863296,0.9781785,0.95929646,0.9305525,0.8936195,0.8508229,0.80488145,0.75854635,0.7141803,0.6733658,0.63667953,0.6037596,0.57369715,0.54564506,0.51944333,0.49605024,0.47758597,0.4668182,0.46606725,0.47593057,0.49461046,0.5182945,0.54220355,0.5616146,0.57252204,0.57196337,0.5581404,0.5304323,0.48935127,0.43647233,0.37437502,0.30668247,0.23842564,0.17735107,0.13677889,0.13199042,0.15749721,0.1927559,0.22497714,0.24875104,0.2620652,0.2646187,0.2571619,0.24116851,0.21861729,0.19181222,0.16321945,0.13530378,0.11032422,0.08999584,0.07493874,0.06418369,0.055465244,0.046375476,0.035375316,0.022303175,0.011179662,0.019291421,0.03709184,0.055753097,0.07326994,0.08844496,0.10041521,0.10863295,0.112893716,0.11336511,0.11061073,0.105607234,0.09973624,0.094685,0.0921279,0.093147226,0.097739145,0.10491432,0.113287434,0.12160611,0.12898682
96,0.027887665,0.009650787,0.014835545,0.03667778,0.058725223,0.079299174,0.09712656,0.11109678,0.120297715,0.124071576,0.12206786,0.11428972,0.10113931,0.08349022,0.06290509,0.042570695,0.031086795,0.039317533,0.057709124,0.076110214,0.090663925,0.09944959,0.10133104,0.09574089,0.08265568,0.0626239,0.036943972,0.011585377,0.031267144,0.06462017,0.09693297,0.1252777,0.147264,0.1608246,0.16431014,0.15660636,0.13723902,0.1064735,0.06554595,0.020445956,0.04757516,0.10779144,0.17018531,0.23058401,0.28555578,0.33198383,0.3671933,0.38912243,0.39648217,0.38889217,0.3669973,0.3325946,0.2888532,0.24082527,0.19658747,0.16844162,0.1681443,0.19353326,0.23104428,0.2693551,0.30226403,0.32698616,0.34294456,0.35118672,0.3540161,0.35459045,0.35635248,0.36229712,0.37430236,0.39288646,0.4175425,0.44738567,0.48168764,0.52005416,0.56225646,0.6078721,0.6559309,0.7047147,0.7517756,0.7941443,0.8286554,0.8523153,0.86265546,0.85804075,0.8379197,0.8030169,0.7554775,0.6989771,0.63878775,0.58169717,0.53545403,0.5071671,0.5006123,0.5142283,0.54206085,0.5768234,0.6123684,0.6445993,0.6714154,0.69232833,0.7080325,0.7200044,0.73014116,0.7404388,0.7527129,0.76836795,0.7882247,0.81241304,0.84033656,0.8707112,0.90167266,0.930944,0.95604616,0.9745338,0.9842365,0.9834849,0.9713038,0.9475545,0.9130139,0.869375,0.8191579,0.76551336,0.7119049,0.66166264,0.61745274,0.58079284,0.5518329,0.5295856,0.5125734,0.49961516,0.49040157,0.48561996,0.48655835,0.49430978,0.508919,0.5289117,0.5514269,0.5727915,0.5891991,0.5972611,0.5943683,0.5788935,0.550281,0.50906444,0.45684665,0.39628747,0.33118567,0.26682928,0.21087486,0.1741571,0.16619621,0.18327516,0.21110925,0.23817119,0.25840694,0.26918006,0.26978907,0.26073524,0.24333063,0.21944024,0.19128032,0.16124386,0.13174011,0.10502156,0.08292024,0.066359945,0.054716785,0.045773562,0.036829945,0.025960872,0.012523062,0.005814976,0.02318012,0.0424244,0.061568506,0.07941358,0.09493816,0.10735015,0.11614663,0.121158436,0.122578256,0.12097212,0.1172691,0.11270927,0.108704925,0.10656286,0.10709982,0.11036329,0.11569653,0.12210011,0.12861457,0.13454893
97,0.06610292,0.053141177,0.03945915,0.03016477,0.032905765,0.04565663,0.061031763,0.07518425,0.08621854,0.09301438,0.09492587,0.091727786,0.08364003,0.07141847,0.056626048,0.04252001,0.0358817,0.042504,0.05697944,0.07225671,0.08462787,0.092015155,0.093124196,0.087227814,0.07412799,0.05416045,0.02824039,0.0050706393,0.0369243,0.07154025,0.1048552,0.13442525,0.15790823,0.17317945,0.1784732,0.17251383,0.154624,0.124801576,0.083760336,0.032965362,0.02596525,0.08960367,0.15542953,0.22006163,0.28013948,0.33245647,0.37416095,0.40294856,0.417232,0.41627976,0.40032205,0.37063518,0.3296402,0.2811095,0.23069057,0.18701129,0.16216868,0.16499867,0.18968326,0.22261459,0.25399077,0.27889377,0.29554242,0.30422103,0.3067301,0.30597058,0.30542338,0.30842093,0.3173461,0.33316278,0.35560396,0.38384098,0.4171207,0.45501667,0.49727607,0.54344314,0.5924848,0.64258355,0.6911597,0.7350867,0.77102137,0.7957739,0.806664,0.80183476,0.78051597,0.74324006,0.6920342,0.6306285,0.5647247,0.5022758,0.45329612,0.42780852,0.43098348,0.45935246,0.5034429,0.55341876,0.6020504,0.64500475,0.68026555,0.70751745,0.7276442,0.7423172,0.7536404,0.7638337,0.7749541,0.7886583,0.80601734,0.82739216,0.85238063,0.87984127,0.9079917,0.93457335,0.9570651,0.9729274,0.97985554,0.9760216,0.96028733,0.93237233,0.892965,0.84376717,0.78746074,0.7275816,0.6682658,0.6138164,0.5680475,0.53347653,0.51067984,0.49827677,0.49370858,0.49439198,0.49860904,0.50579304,0.5162364,0.5304391,0.54839414,0.5691085,0.59052944,0.6098388,0.62393135,0.6298963,0.62539834,0.60893625,0.5799898,0.5390848,0.48780686,0.42880705,0.36586455,0.30410045,0.25036603,0.2131102,0.19908778,0.20667611,0.22601932,0.2469543,0.2629881,0.2708493,0.26937097,0.25874555,0.2400763,0.21507812,0.18584923,0.15468223,0.12390357,0.095731534,0.072109275,0.05436572,0.04250184,0.034603056,0.027846389,0.020840283,0.016690549,0.023020955,0.037573047,0.055193096,0.07344052,0.09079037,0.10609578,0.11851583,0.12753037,0.13296302,0.13499269,0.13414623,0.1312643,0.12742499,0.12380237,0.12144731,0.121032536,0.12268415,0.12601976,0.13037737,0.13509287,0.13970025
98,0.114100486,0.103247315,0.08908015,0.073027164,0.057220433,0.045047667,0.040858045,0.045421973,0.054039583,0.062218763,0.0675629,0.068994336,0.066256896,0.059801992,0.050948244,0.04240959,0.038763184,0.043467868,0.054164246,0.066243455,0.076391086,0.08246718,0.08305108,0.07727337,0.06478495,0.045778543,0.021177752,0.011018778,0.042770237,0.07680104,0.10996516,0.13986029,0.1641572,0.1807062,0.18767853,0.1837031,0.167987,0.14041884,0.10169209,0.053863164,0.019516233,0.07267213,0.13778721,0.20321155,0.2650782,0.32002053,0.36504978,0.3976971,0.416173,0.41950485,0.4076404,0.38151988,0.3431365,0.29564354,0.24365498,0.19404972,0.15734395,0.14579879,0.16094066,0.1899131,0.22021225,0.24514405,0.261997,0.27047274,0.2719453,0.26903328,0.26515907,0.26390368,0.26815775,0.27942213,0.2977635,0.32245284,0.3527241,0.38813165,0.4284213,0.47312748,0.5211699,0.5706403,0.61883646,0.6624934,0.6981244,0.72239393,0.73247445,0.7263627,0.70315,0.66325825,0.60868216,0.5433208,0.47354645,0.40910396,0.3635554,0.35067797,0.37447587,0.42513663,0.48834157,0.5530508,0.61252177,0.66318417,0.70364314,0.73403186,0.75556326,0.77017343,0.7802047,0.7881145,0.7962084,0.80640304,0.8200289,0.83768487,0.8591613,0.8834433,0.90879893,0.93294513,0.95327204,0.9671033,0.97196764,0.9658606,0.9474777,0.91640526,0.8732594,0.819767,0.7587851,0.6942442,0.6309721,0.5742909,0.5292165,0.49921015,0.4849453,0.48408195,0.49248776,0.50603825,0.52184623,0.5385727,0.556077,0.5747496,0.5948029,0.61574304,0.6361661,0.65389246,0.6663273,0.67089725,0.6654449,0.6485265,0.6196024,0.57913524,0.5286231,0.4706006,0.40865406,0.34749216,0.29303035,0.25203088,0.23000832,0.22714841,0.23702657,0.25097716,0.26227248,0.26699576,0.263436,0.2514025,0.2317339,0.20595431,0.17601311,0.14407533,0.11235289,0.08298439,0.057986367,0.039274152,0.028355293,0.024514468,0.024283914,0.025905268,0.030852776,0.040628243,0.05461168,0.071121715,0.0884646,0.10518622,0.12011097,0.13236615,0.14140682,0.14703192,0.14938442,0.14893025,0.14640988,0.14275455,0.13895847,0.13591084,0.1342221,0.1341154,0.13544849,0.13786368,0.14098822,0.14459498
99,0.15823624,0.14852181,0.13426864,0.116423555,0.09619847,0.07510432,0.05513432,0.03934277,0.032254085,0.03503555,0.041746702,0.04735147,0.049898457,0.049084846,0.045677766,0.041529115,0.039550275,0.04229598,0.049478706,0.05847507,0.0665407,0.07157071,0.07206747,0.06707743,0.05622844,0.039997976,0.02181137,0.023480209,0.049841635,0.081288904,0.11294834,0.14211756,0.16641662,0.18368022,0.19204989,0.1900985,0.17695333,0.15241522,0.11712382,0.07317362,0.03159471,0.056377955,0.11608887,0.17901263,0.23956703,0.29411408,0.33957466,0.373404,0.39371374,0.39939916,0.3902409,0.36697477,0.33134413,0.28618154,0.23564811,0.18594213,0.14684168,0.13135731,0.14371008,0.17145689,0.20110685,0.22544667,0.24150284,0.24873726,0.24825466,0.24240638,0.23444691,0.2280315,0.22644211,0.23173854,0.24441715,0.26391628,0.28948396,0.32067674,0.35726628,0.39879766,0.44414803,0.491313,0.5374674,0.579225,0.6129939,0.6353522,0.64340043,0.63507414,0.60941654,0.5668343,0.5094046,0.44140327,0.37043354,0.30962464,0.27882,0.2939158,0.34847718,0.42291364,0.5018479,0.5763701,0.64165515,0.69536495,0.7368515,0.7667111,0.78646374,0.79827243,0.80467594,0.8083303,0.8117634,0.8171444,0.82607514,0.8394153,0.8571662,0.8784383,0.90152174,0.9240548,0.94326913,0.95627946,0.9603853,0.9533603,0.93370897,0.9008804,0.85543203,0.79914296,0.7350809,0.66761374,0.60231227,0.54556566,0.50356543,0.48044854,0.476405,0.48755196,0.5080294,0.53248507,0.5573796,0.58110493,0.60348296,0.62504494,0.64630985,0.667223,0.68687624,0.70354694,0.71498674,0.7188297,0.7129982,0.6960312,0.66730785,0.6271704,0.5769672,0.5190429,0.45670858,0.39421436,0.33669305,0.28982517,0.2585642,0.24452297,0.24409428,0.2502939,0.25641215,0.25789657,0.2524018,0.23926276,0.21898597,0.19285941,0.16265318,0.13037997,0.09810257,0.067800455,0.041390005,0.021528734,0.015391333,0.022461114,0.030670857,0.038222943,0.046703454,0.057640057,0.071386695,0.087208785,0.103863746,0.12004488,0.13460533,0.14666255,0.15564857,0.16132998,0.16380376,0.16346909,0.16097364,0.15713151,0.15281287,0.14881444,0.14573668,0.14391038,0.1434103,0.14415574,0.14605112,0.14909984
100,0.19485167,0.18618372,0.17224884,0.15384175,0.13198626,0.107890554,0.082909785,0.058557592,0.036754273,0.021306098,0.019895226,0.027877677,0.035244025,0.039440103,0.040481925,0.039473344,0.03834385,0.03928174,0.043320373,0.049495995,0.05578316,0.060209837,0.061263535,0.058005333,0.050262317,0.039343033,0.030893927,0.03715866,0.058335923,0.085709155,0.114530735,0.14185525,0.16524288,0.18252683,0.19184692,0.19175032,0.18130557,0.1602194,0.12899177,0.08936561,0.047551353,0.04266755,0.09093333,0.14832509,0.20484912,0.2563682,0.2997483,0.33245617,0.35260502,0.35906124,0.35154128,0.3306845,0.2981148,0.2565419,0.21004775,0.1649128,0.1312996,0.12192807,0.1382478,0.16670625,0.19520588,0.21760027,0.23134382,0.23597679,0.23249012,0.22301036,0.21054402,0.19862027,0.19068298,0.18924506,0.19527878,0.20846839,0.2281226,0.25383803,0.28545147,0.32253805,0.36392224,0.40748113,0.45025733,0.48876128,0.51934344,0.53856605,0.543544,0.53224677,0.5037717,0.45862818,0.39916143,0.33049253,0.263027,0.2177786,0.22305773,0.28016132,0.3634763,0.45345756,0.53991985,0.61738104,0.682842,0.73494613,0.77360046,0.79972947,0.81505424,0.8218699,0.8228217,0.8206857,0.8181573,0.817641,0.8210357,0.82952136,0.84337807,0.8618889,0.88337004,0.905339,0.9247931,0.9385478,0.943587,0.937393,0.91823316,0.88539773,0.8393863,0.7820499,0.7167003,0.6481836,0.58284694,0.5281287,0.49120894,0.4764238,0.48289227,0.50499105,0.53548175,0.5683417,0.5998436,0.6284168,0.654026,0.67742485,0.6994321,0.72034895,0.73963034,0.7558625,0.76700586,0.7707883,0.76512325,0.74846464,0.72005785,0.6800827,0.62970287,0.5710471,0.50714725,0.44185498,0.37972686,0.32575834,0.28461978,0.25898203,0.2475925,0.24535398,0.24591577,0.24415499,0.23699886,0.22319826,0.20284744,0.17695016,0.14707442,0.11507532,0.08286614,0.052225657,0.024639381,0.0016507292,0.01792503,0.03250763,0.043658387,0.052953333,0.062297054,0.07325659,0.086464785,0.10154971,0.117510065,0.13314138,0.14731784,0.15914151,0.16801333,0.1736588,0.17612311,0.17574053,0.17307992,0.16886824,0.1638956,0.15891272,0.15454037,0.15121791,0.14921251,0.14868684,0.1497904,0.15272206
101,0.22169697,0.21417521,0.20096165,0.18276298,0.16052148,0.1353649,0.10854794,0.08138956,0.055219892,0.031402938,0.012219819,0.011492362,0.022634419,0.030758606,0.035044428,0.036158938,0.035474572,0.034904554,0.03623586,0.03993522,0.044865597,0.04928052,0.051692337,0.051243782,0.04802868,0.043781787,0.04289125,0.05068433,0.06766957,0.09036685,0.11532145,0.13975659,0.16128641,0.1777954,0.18746226,0.18884318,0.18097265,0.16346717,0.13664834,0.10181372,0.06258177,0.03683689,0.06452476,0.113372386,0.1635891,0.2099188,0.2491594,0.27886397,0.29724127,0.3032271,0.29657438,0.27793646,0.2489608,0.21246931,0.17292957,0.137604,0.11766294,0.12201906,0.1448957,0.17349659,0.1992677,0.21792974,0.22768095,0.22830936,0.22080211,0.2071215,0.1900087,0.17272805,0.15863551,0.15047233,0.14962316,0.15606073,0.16920517,0.18875551,0.2146792,0.24660155,0.28325936,0.32236362,0.36080712,0.39502317,0.4213668,0.43646982,0.4375601,0.4227492,0.39131138,0.34403822,0.28395823,0.21850462,0.1666269,0.1658641,0.22632913,0.3157803,0.41252217,0.5066154,0.5925997,0.66711825,0.728231,0.77516824,0.8081788,0.828377,0.8375684,0.8380616,0.8324836,0.82361066,0.81421244,0.80688894,0.8038692,0.8067565,0.8162514,0.83193725,0.8522256,0.8745074,0.8954783,0.9115548,0.9193025,0.9158238,0.8990843,0.8681758,0.8235227,0.7670479,0.7023162,0.6346563,0.57116085,0.5201804,0.4895403,0.48327106,0.49915832,0.53013796,0.5681765,0.60704714,0.643093,0.67490214,0.70263433,0.7272721,0.7498961,0.771084,0.790543,0.8070461,0.8186476,0.82307243,0.81815076,0.80219764,0.7742884,0.73441786,0.68355656,0.62362534,0.5574136,0.48846418,0.42093143,0.35936704,0.30825952,0.27099985,0.24825351,0.23697203,0.23161098,0.22664922,0.21821262,0.2043411,0.1846239,0.15973736,0.13105372,0.10034028,0.069560304,0.040927447,0.01886344,0.019809345,0.03485454,0.048398484,0.05912748,0.06805493,0.07678837,0.08680783,0.09887552,0.11283151,0.12782678,0.14271519,0.15636593,0.16784628,0.17651054,0.1820322,0.1844,0.18388702,0.18099748,0.17639576,0.17082305,0.16501242,0.1596179,0.15517597,0.1521114,0.15078083,0.15152343,0.15467456
102,0.23738317,0.23114888,0.21904363,0.20169777,0.17998055,0.15495463,0.12782055,0.09985318,0.07233324,0.04647916,0.023398459,0.0045648487,0.012015882,0.022766516,0.029228456,0.031809486,0.0314821,0.02981791,0.028897516,0.030443663,0.034471296,0.039524406,0.044056773,0.047184154,0.048959557,0.05060312,0.054459035,0.06293945,0.07684925,0.09509903,0.11568989,0.13644116,0.15524136,0.17013964,0.17942409,0.18171139,0.17604043,0.16196233,0.13963188,0.10995219,0.075086325,0.041982472,0.04124109,0.07735494,0.11935831,0.15885082,0.19239835,0.21768771,0.23310985,0.23777066,0.23157744,0.21535267,0.1910142,0.16195546,0.13387516,0.115705244,0.116337545,0.13477592,0.16140014,0.18777691,0.20892659,0.22221833,0.22656558,0.22205147,0.20972796,0.1914594,0.16975911,0.14758661,0.1280431,0.11384966,0.10662829,0.10658435,0.11325824,0.1265502,0.14668703,0.173359,0.20511699,0.23941207,0.2729684,0.30219227,0.3235325,0.33379748,0.33044475,0.31186074,0.27768865,0.22942947,0.17232428,0.12325724,0.12576988,0.19159105,0.28343338,0.38197246,0.47891966,0.5692664,0.6495103,0.7172663,0.771171,0.81082344,0.83669394,0.8499895,0.85249037,0.84638274,0.8341137,0.81828773,0.8015964,0.78674376,0.7763008,0.7724283,0.77647614,0.7885753,0.80741084,0.8303089,0.8536195,0.8732566,0.8852482,0.8862117,0.8737308,0.84664315,0.80526197,0.7515565,0.68931824,0.62430865,0.5642518,0.51816493,0.49412194,0.49552336,0.51895535,0.55645424,0.5997012,0.6425416,0.6814971,0.71535087,0.7444649,0.7700372,0.7933714,0.8152518,0.83554435,0.8531047,0.8659823,0.8718175,0.8682967,0.8535568,0.82648164,0.78687525,0.73552305,0.6741627,0.6053895,0.5325207,0.45943677,0.39039272,0.329726,0.28125218,0.24709225,0.22627519,0.21458906,0.20645998,0.1972,0.18399948,0.16583773,0.14303689,0.11684361,0.08917145,0.06267441,0.041781683,0.0344768,0.04231119,0.05484216,0.066229895,0.07530152,0.08267597,0.089712515,0.0978452,0.10798021,0.120166995,0.13369901,0.14747022,0.16032073,0.1712589,0.17957267,0.1848704,0.18707898,0.18641333,0.18332471,0.17843331,0.17245208,0.16611129,0.16009746,0.15501976,0.15141106,0.14975324,0.1504973,0.15404105
103,0.24134059,0.23653226,0.22590227,0.21000136,0.18961284,0.16571365,0.13942559,0.111957766,0.08454357,0.058375593,0.03454484,0.014020147,0.003589004,0.01538194,0.023258876,0.026968237,0.02711817,0.024858553,0.022127545,0.021649778,0.025086857,0.03128981,0.038310442,0.04498968,0.05105588,0.057004746,0.063901,0.07293305,0.08480709,0.09937636,0.115710296,0.13239232,0.14779998,0.16030319,0.16840702,0.17086636,0.1667839,0.15569304,0.13762785,0.113197334,0.08375496,0.052249294,0.029994214,0.044523533,0.07624455,0.107729845,0.13456464,0.15454577,0.16632967,0.1693213,0.1637734,0.15099573,0.13375184,0.116943374,0.107896835,0.113052696,0.13161051,0.15696995,0.18273364,0.20452294,0.21959823,0.22643724,0.22452082,0.21421549,0.19667368,0.17371637,0.14768709,0.12127342,0.09727499,0.07823415,0.06580549,0.0602076,0.06093633,0.06832096,0.083234146,0.105359785,0.13272561,0.16234954,0.1908192,0.21463777,0.23049098,0.23550749,0.22753373,0.20546962,0.16988647,0.12507236,0.08883688,0.10683542,0.17703591,0.26647374,0.36208555,0.45754045,0.5483477,0.630973,0.7027241,0.7617774,0.8071917,0.8388681,0.8574468,0.86415666,0.8606436,0.848816,0.83074325,0.80863196,0.78487045,0.76208985,0.7431385,0.73084605,0.7275106,0.7342133,0.7502674,0.7731213,0.79878527,0.8225628,0.83980274,0.84651023,0.83978945,0.8181541,0.78175336,0.73255455,0.6745144,0.613728,0.558371,0.51783067,0.5000871,0.50781363,0.53674513,0.5785371,0.6249369,0.6700149,0.71052414,0.7454612,0.77539676,0.8017358,0.8259731,0.84904075,0.8708807,0.8903382,0.9053697,0.9134597,0.9121016,0.8992266,0.87351716,0.83459085,0.7830644,0.72052133,0.64940727,0.57288015,0.49463636,0.41872737,0.3493496,0.2905051,0.24528962,0.21462564,0.19613808,0.18478072,0.17517869,0.16353442,0.14809148,0.12880377,0.106917344,0.08478945,0.066093326,0.05581726,0.056827717,0.06535453,0.07568588,0.08469017,0.09147988,0.096496,0.10093596,0.10623928,0.11351415,0.12309108,0.13446228,0.14657871,0.1582363,0.16835712,0.17613706,0.18110116,0.18310554,0.18230717,0.17911223,0.17411005,0.16799879,0.16151218,0.15535873,0.15018502,0.14656849,0.14503004,0.14603846,0.14997624
104,0.233811,0.23055916,0.22176185,0.20787963,0.18959013,0.16775697,0.14338899,0.11759109,0.091510214,0.06628064,0.042980008,0.022653023,0.007299671,0.009947613,0.018059677,0.022573298,0.023357859,0.02105577,0.017027892,0.0142450845,0.016864574,0.024301214,0.0335232,0.04299693,0.052188907,0.061118737,0.070162006,0.079845995,0.09059429,0.10249522,0.1151912,0.12791364,0.13961168,0.14910953,0.15525454,0.15704401,0.15372926,0.14489737,0.13053118,0.11105221,0.087367915,0.06103287,0.0352846,0.022948956,0.038877092,0.061289877,0.080900766,0.09527589,0.10343032,0.10532087,0.102011375,0.09609494,0.092093706,0.09549728,0.10910555,0.13084078,0.15632558,0.18146408,0.20306501,0.21878634,0.22705667,0.2270488,0.21866906,0.20253018,0.17989144,0.15256067,0.1227615,0.09297583,0.065773934,0.043613438,0.02835644,0.019762,0.0148902135,0.015142883,0.026757438,0.04667904,0.07082948,0.09606334,0.119277656,0.13739015,0.1475516,0.14743963,0.13567463,0.11270797,0.08407826,0.07292121,0.10987553,0.17861733,0.2614015,0.35061574,0.4413477,0.52953565,0.6116906,0.6849502,0.7471831,0.7970583,0.83404654,0.8583462,0.8707409,0.8724139,0.8647594,0.84923893,0.82732844,0.8005832,0.7708121,0.740303,0.7119797,0.68931437,0.67581123,0.6740378,0.6845509,0.70534897,0.7322269,0.7597795,0.7824977,0.79560846,0.79561317,0.7806153,0.7505335,0.70726734,0.65485436,0.59959155,0.54989606,0.51523155,0.503232,0.5158832,0.54843444,0.5925579,0.6403034,0.6860728,0.72690177,0.7620333,0.79226816,0.81922424,0.8445676,0.86932766,0.8934463,0.9156701,0.9337796,0.94503874,0.94670707,0.93649054,0.9128685,0.875282,0.82419795,0.761072,0.688236,0.6087362,0.52614576,0.44437438,0.36748704,0.29950422,0.24404712,0.2035152,0.17767295,0.16281989,0.15328956,0.1441831,0.13281973,0.118714176,0.10311737,0.08864817,0.078781866,0.076229036,0.08054749,0.08848976,0.09673439,0.10328085,0.10744353,0.109554335,0.110677674,0.1122661,0.11567334,0.121623695,0.12993914,0.13970195,0.14966838,0.15864167,0.16568694,0.17021573,0.17199531,0.17111823,0.16794875,0.16305444,0.15712877,0.15091185,0.14511988,0.14039545,0.13728787,0.13625935,0.1376955,0.14189002
105,0.21581125,0.2142628,0.20767929,0.19641177,0.18100628,0.1621813,0.14079642,0.117814116,0.094257936,0.071173936,0.04961314,0.030707426,0.01627074,0.011342558,0.015747238,0.019982109,0.021280045,0.019438026,0.014996274,0.009653356,0.009631135,0.01767379,0.028300526,0.03956761,0.050835576,0.061850034,0.072571315,0.08308054,0.09347566,0.10376298,0.11377268,0.12312406,0.13124746,0.13745147,0.14101495,0.14128481,0.13776602,0.13019566,0.11859656,0.10330859,0.085001186,0.064683825,0.043795567,0.024899822,0.016292293,0.025132874,0.03709335,0.04642542,0.05249664,0.056493808,0.061140385,0.069881484,0.08483266,0.10557608,0.13005789,0.15577067,0.1802742,0.20136723,0.21718289,0.22627765,0.22771296,0.2211171,0.20671545,0.18532246,0.158293,0.12743728,0.094915435,0.063166425,0.03516347,0.017345866,0.021052888,0.030075327,0.034005124,0.032314945,0.027895695,0.02784419,0.03761841,0.052945442,0.06816501,0.07946149,0.084257446,0.081397705,0.072673425,0.06734485,0.08365288,0.12710188,0.18917301,0.26301536,0.3439481,0.42799717,0.51148444,0.5910454,0.6637714,0.72736335,0.7802438,0.82159877,0.8513342,0.86994696,0.8783276,0.8775313,0.86857086,0.8522921,0.82938063,0.80052197,0.76669794,0.7295594,0.6917716,0.6571614,0.63040674,0.6160051,0.6166203,0.63165087,0.6571022,0.68684393,0.7142871,0.7336501,0.7406629,0.7329072,0.70999074,0.67367,0.6279668,0.5792388,0.5359334,0.5073271,0.50052017,0.5168789,0.5514514,0.5962048,0.6436649,0.6886668,0.72859865,0.7630068,0.7929672,0.8203349,0.84694123,0.87386984,0.9009882,0.9268555,0.9489941,0.96438634,0.9700225,0.96337086,0.94271076,0.90732,0.85753405,0.7947025,0.72106904,0.6395996,0.5537829,0.46742797,0.38448298,0.30888867,0.24443536,0.19442685,0.16067006,0.14171436,0.13244219,0.12682632,0.12090883,0.11348621,0.105483286,0.099059284,0.096443675,0.098526716,0.10422542,0.11131238,0.11764551,0.12180717,0.12323406,0.12215888,0.1194959,0.11665581,0.11520976,0.116374016,0.120513424,0.1270248,0.13468419,0.14214127,0.14826573,0.1522986,0.15388,0.15301801,0.15002991,0.14546736,0.14002989,0.13447088,0.12950456,0.12573053,0.123595625,0.12340359,0.12535742,0.12959622
106,0.18906729,0.1894508,0.18555823,0.17759447,0.16593416,0.1511081,0.13378254,0.114733174,0.094817415,0.07495133,0.05610775,0.039379947,0.026229713,0.01885779,0.018173171,0.0203303,0.021537852,0.020385314,0.016610099,0.010523907,0.004392206,0.010308848,0.021406189,0.033585813,0.04614518,0.058653273,0.07078643,0.08229445,0.09297208,0.102626994,0.1110497,0.11799337,0.12317038,0.12626797,0.12698135,0.12505831,0.120348096,0.112846516,0.10273064,0.09037815,0.076368704,0.061468367,0.046606798,0.032885775,0.021765871,0.015681097,0.016752698,0.022699822,0.031632606,0.04390937,0.06006537,0.079971716,0.102845885,0.1274495,0.15226215,0.17562374,0.19586523,0.2114353,0.22102083,0.2236545,0.21880153,0.20641863,0.18697955,0.16146596,0.13132878,0.098444745,0.06517875,0.035307165,0.021775054,0.035940684,0.053388827,0.06592516,0.07235551,0.07311477,0.06967085,0.064374186,0.060045123,0.058777463,0.06050818,0.063447304,0.06640879,0.071119174,0.08303384,0.108133495,0.14833322,0.20201774,0.26640683,0.3384233,0.41484484,0.49240276,0.5679407,0.638607,0.7020433,0.7565341,0.8010903,0.8354435,0.8599416,0.87535214,0.88260084,0.8825004,0.87553924,0.8617991,0.84104425,0.8129822,0.7776562,0.73590547,0.68982,0.64308625,0.6010213,0.5699026,0.5551818,0.5589674,0.57854843,0.6073906,0.637625,0.6621436,0.6756601,0.6750804,0.6596022,0.6307557,0.59245145,0.5509717,0.51460046,0.49219528,0.49016118,0.50927556,0.5445634,0.58847237,0.63414407,0.6769543,0.71473676,0.7474244,0.7764396,0.80392253,0.8318789,0.8614086,0.89222634,0.9226086,0.94973373,0.9702428,0.9808267,0.9787099,0.9619804,0.92976826,0.88229483,0.8208207,0.7475178,0.6652897,0.5775622,0.4880691,0.40065828,0.3191494,0.24727286,0.18866582,0.14660439,0.122487806,0.11317515,0.111745946,0.1123136,0.112389445,0.11210267,0.11275361,0.11552475,0.12061026,0.12709038,0.13344316,0.13816892,0.1401886,0.13901046,0.13476706,0.12819241,0.12055373,0.11349391,0.10868677,0.10726964,0.10932261,0.11386506,0.119392596,0.12446852,0.12804693,0.12955731,0.12887466,0.12624864,0.12221623,0.117499985,0.11288873,0.10910481,0.1066823,0.10590122,0.10681425,0.109351814,0.113438636
107,0.1559517,0.15871866,0.15823002,0.15446542,0.14755484,0.1377728,0.12552829,0.11135087,0.09587498,0.07982629,0.064018324,0.049374603,0.03699418,0.028185759,0.023920773,0.02331728,0.023823826,0.023343384,0.020841932,0.01597042,0.008785531,0.0019283155,0.012103602,0.024534909,0.037823115,0.05141229,0.06477581,0.07741554,0.08887393,0.09874475,0.10668176,0.11240611,0.11571389,0.116484486,0.11469037,0.11040753,0.10382541,0.095254146,0.08512652,0.0739917,0.062497973,0.051361684,0.041322093,0.03309189,0.02734653,0.02481977,0.026358016,0.032534543,0.04330076,0.058204174,0.076580875,0.09755991,0.12005389,0.14278916,0.16436861,0.18335578,0.19837101,0.20819165,0.21184835,0.20870966,0.19854818,0.181583,0.15849727,0.13043842,0.099037945,0.06662949,0.037858915,0.028586786,0.046362806,0.068272576,0.086425595,0.09901273,0.10573163,0.10711794,0.104361966,0.099145874,0.09338805,0.088876486,0.08695624,0.08864527,0.09529735,0.10910239,0.13250996,0.16700919,0.21258733,0.2680083,0.33123916,0.39974964,0.47073555,0.54133224,0.6088339,0.6709062,0.7257691,0.7723219,0.81018364,0.83962864,0.86140877,0.87647974,0.8856773,0.8894208,0.88753116,0.8792293,0.86333346,0.8386181,0.8042663,0.7603466,0.7082679,0.6511788,0.5942406,0.544515,0.5098372,0.49603832,0.5035622,0.5266896,0.5564026,0.58391213,0.6025648,0.60836726,0.5999757,0.57860374,0.5479601,0.5141324,0.4850717,0.46900928,0.47149038,0.49267283,0.5276399,0.5694337,0.611925,0.6511415,0.6854729,0.7153492,0.7426409,0.7698496,0.7991814,0.83171433,0.866919,0.90267885,0.9357344,0.9623272,0.97882617,0.9822144,0.9704041,0.94239676,0.8983169,0.83934927,0.7676033,0.6859271,0.59769195,0.50656796,0.41631615,0.3306288,0.2530686,0.18718758,0.1368613,0.106103584,0.095599525,0.09849525,0.105976306,0.1135348,0.120295905,0.12684847,0.13383782,0.14129238,0.14854111,0.154501,0.15805462,0.15833975,0.1549138,0.14782275,0.13761444,0.12532419,0.11243897,0.10079631,0.09227863,0.08815131,0.08833033,0.091392584,0.09542566,0.09883256,0.100635074,0.10046095,0.09843881,0.095082395,0.0911672,0.08757695,0.085105054,0.08424552,0.08507555,0.087320276,0.090561256,0.0944509
108,0.11953092,0.12565278,0.1297411,0.1313731,0.1303036,0.12645803,0.11992613,0.110954665,0.099938564,0.08741174,0.074041106,0.06063149,0.048151784,0.03777101,0.030737223,0.027623141,0.027296418,0.02756945,0.026682526,0.023676518,0.01816631,0.010131414,0.00020794293,0.012432984,0.026028614,0.04037236,0.054799505,0.06863601,0.08123499,0.09201085,0.100469775,0.10623563,0.109070204,0.108887166,0.10575926,0.099918395,0.09174877,0.08177317,0.070633054,0.059063245,0.04786289,0.037863452,0.029888682,0.024678987,0.022746855,0.024300547,0.029438015,0.038254328,0.050661977,0.066268936,0.084392935,0.104113795,0.1243291,0.14381538,0.16129816,0.1755299,0.18537265,0.18987997,0.1883727,0.18050344,0.16630529,0.14622526,0.1211529,0.09249513,0.06255143,0.036858298,0.03303671,0.053586934,0.07805418,0.09967473,0.11646657,0.12774031,0.1335395,0.13450187,0.1317702,0.1268784,0.12159916,0.11777621,0.11720486,0.121620566,0.13272947,0.15208115,0.1807357,0.21896693,0.2661933,0.3210837,0.38172492,0.44580746,0.5108272,0.5743024,0.63399523,0.6881165,0.735488,0.77563196,0.8087581,0.8356281,0.85729593,0.87475723,0.8885825,0.8986342,0.9039628,0.90292335,0.89348876,0.87368375,0.8420543,0.79810834,0.7427005,0.6783661,0.6096163,0.5431359,0.48751962,0.45157075,0.4403566,0.45141256,0.47578618,0.50293905,0.5244347,0.5350619,0.5327541,0.5183026,0.49513194,0.46903676,0.44749114,0.43790597,0.44478375,0.46757382,0.5014235,0.540025,0.57806176,0.61231714,0.6418582,0.6677479,0.6924451,0.7189254,0.7496396,0.7855944,0.8258956,0.8678958,0.9077926,0.94137514,0.9646808,0.97446764,0.96849835,0.94567096,0.9060322,0.8507021,0.78173137,0.701912,0.6145581,0.5232762,0.43174636,0.34354147,0.262032,0.19047965,0.13257068,0.09364044,0.07952623,0.086017035,0.10021499,0.114731096,0.12772992,0.13936268,0.15003467,0.15975663,0.16804105,0.17407738,0.1769932,0.17608078,0.17094603,0.1615826,0.14839181,0.13217197,0.11410239,0.095748805,0.079098515,0.06649559,0.059948694,0.059524268,0.0628674,0.06707294,0.07017834,0.07129304,0.07031725,0.06771392,0.0643534,0.061346073,0.059762362,0.060234614,0.062683344,0.066446096,0.07068192,0.07470821
109,0.084109396,0.09558594,0.10594814,0.114137754,0.1194837,0.12160077,0.12034134,0.11577171,0.10815779,0.097954035,0.08579533,0.072497584,0.059080414,0.04682858,0.037340473,0.032144077,0.03128233,0.032645546,0.033737868,0.03295347,0.029514289,0.023176698,0.014064648,0.0029937497,0.011389746,0.026099348,0.04137749,0.056388315,0.07035275,0.082559,0.09240047,0.09941085,0.10329166,0.103930384,0.10140781,0.09599413,0.08813355,0.07841756,0.06754685,0.056281283,0.045375943,0.035502627,0.027173651,0.020762274,0.016875885,0.01696941,0.02218362,0.03182393,0.044796858,0.060240768,0.07730923,0.09505503,0.11242797,0.12831867,0.14162062,0.15129946,0.15646335,0.15642965,0.15078412,0.1394298,0.12262726,0.10104046,0.07585696,0.049370598,0.028944043,0.035055425,0.059341982,0.08534396,0.10879694,0.12808424,0.14242281,0.15158986,0.15586732,0.15600875,0.15318707,0.14891432,0.14493617,0.14311032,0.14527859,0.15313314,0.16806999,0.19103786,0.22241808,0.2619684,0.3088343,0.3616158,0.41848075,0.47731942,0.5359333,0.59224445,0.6445059,0.69148904,0.7326152,0.7679991,0.79837155,0.8248629,0.84866047,0.87060094,0.8908012,0.90844554,0.9218029,0.9284728,0.92578995,0.9112897,0.8831534,0.84058553,0.7841109,0.715806,0.6395007,0.5609808,0.4881138,0.43036926,0.39637068,0.38891193,0.40191326,0.42414838,0.4452204,0.45832765,0.46043614,0.45178542,0.43543997,0.41682684,0.40282008,0.39981562,0.41106415,0.4351757,0.4673187,0.5018433,0.53429,0.56227946,0.58567715,0.60634345,0.6275167,0.65281165,0.684984,0.72488624,0.7710778,0.8201983,0.86778784,0.9091454,0.93999314,0.9569031,0.9575302,0.9407032,0.9064137,0.8557274,0.7906371,0.713872,0.6286789,0.5385915,0.44720566,0.35798302,0.27411756,0.19854651,0.13435939,0.086472064,0.06489067,0.0730021,0.09332809,0.11417772,0.13278955,0.14905237,0.16324672,0.17538273,0.18508658,0.19172059,0.19458067,0.19308142,0.18688811,0.17598835,0.1607116,0.14170991,0.119915456,0.09649534,0.07284318,0.05072853,0.03304822,0.025474953,0.03015607,0.038788043,0.045944437,0.050077356,0.05101051,0.04920362,0.0455855,0.04153586,0.03878569,0.03884347,0.042000175,0.047196496,0.052978575,0.058197897
110,0.0576034,0.07692265,0.0942493,0.10850716,0.119058356,0.12552275,0.12773778,0.1257513,0.11982052,0.11040984,0.09818863,0.084036104,0.06907218,0.054750625,0.0430296,0.03624512,0.03541681,0.038367607,0.041780982,0.04344172,0.04225079,0.037789512,0.030070113,0.019433388,0.0068154894,0.009641445,0.025249543,0.04130715,0.05674478,0.070757665,0.08267144,0.09196644,0.098306194,0.101556964,0.10179461,0.09929697,0.09452002,0.08805564,0.08056801,0.07270608,0.06499581,0.05773431,0.050935846,0.044393618,0.037900764,0.031668447,0.02703396,0.026908807,0.03323281,0.044419743,0.058037657,0.072321676,0.085938714,0.09775535,0.10677321,0.112139165,0.11318136,0.10945102,0.10076164,0.08722533,0.069303714,0.047978684,0.025973834,0.019548528,0.04096523,0.06743737,0.09327799,0.116717905,0.1366661,0.15242042,0.16365556,0.1704428,0.17325695,0.17295855,0.17074639,0.16807926,0.16656928,0.16785327,0.17345655,0.18466818,0.2024411,0.22731629,0.25936574,0.29815936,0.3427713,0.39183643,0.44365883,0.4963651,0.54809064,0.59718174,0.6423915,0.6830415,0.71911454,0.7512408,0.78054535,0.8083495,0.8357615,0.8632534,0.8903483,0.91552615,0.93637717,0.9499509,0.953203,0.9434465,0.91874427,0.8782167,0.82225955,0.7526874,0.67283154,0.58763504,0.5037701,0.4296409,0.3745269,0.34528723,0.3411732,0.3530848,0.36953503,0.38198075,0.38616306,0.38162017,0.3709896,0.35928145,0.3526586,0.3562843,0.3719148,0.39717475,0.4271943,0.45695174,0.48284045,0.50335705,0.5192727,0.53344184,0.5501539,0.57391,0.60784036,0.6524713,0.70551914,0.7626655,0.81868446,0.8683904,0.90725094,0.9317255,0.93942386,0.9291508,0.90086937,0.8556024,0.79528314,0.7225675,0.64061946,0.5528838,0.46286145,0.37390456,0.28905594,0.21098222,0.14215852,0.08603704,0.052628715,0.058310498,0.08404901,0.11073568,0.13454632,0.15520792,0.1729219,0.18768907,0.19920175,0.20693605,0.21031126,0.20884605,0.20227687,0.19062792,0.17423478,0.15373005,0.13000043,0.10412603,0.07731481,0.050861746,0.02630883,0.009304932,0.020130226,0.034878116,0.04597533,0.052803442,0.05541433,0.05420621,0.04989038,0.04354327,0.036777373,0.031975295,0.031689763,0.03628204,0.043608773,0.051464
111,0.053458005,0.07751289,0.098459475,0.11563397,0.12851965,0.13676365,0.1401999,0.13886718,0.13302022,0.12313444,0.10990852,0.09427483,0.07744269,0.06103118,0.04736612,0.039578974,0.039487313,0.04451085,0.05045079,0.05461936,0.05570903,0.053184547,0.046973653,0.037326932,0.024748513,0.010061168,0.0074339625,0.024192056,0.04115234,0.057230994,0.07171891,0.08407593,0.09394545,0.10116865,0.10578422,0.108009644,0.108201906,0.10679795,0.104239434,0.1008932,0.096986815,0.092581436,0.08759643,0.081883505,0.075333215,0.06799512,0.060204137,0.052712973,0.046777,0.043913174,0.044950493,0.049131215,0.054639395,0.059662737,0.062807634,0.06309215,0.059876814,0.05282612,0.041904464,0.027451204,0.011231892,0.014951096,0.036465477,0.05997243,0.08366599,0.10643485,0.12732609,0.14555128,0.16053835,0.17198285,0.1798866,0.18457583,0.1866932,0.18715833,0.18709445,0.18772636,0.19026649,0.1958187,0.20532477,0.21954955,0.23906726,0.26421115,0.29498926,0.33100724,0.3714433,0.4150947,0.4604906,0.5060534,0.5502884,0.5919808,0.63037515,0.66530544,0.6972406,0.72720367,0.7565416,0.7865557,0.8180642,0.85101914,0.88430345,0.91577554,0.94253594,0.9613296,0.968985,0.9628181,0.94096154,0.9026072,0.84816104,0.77932274,0.6991071,0.6118393,0.52315617,0.4400094,0.37042052,0.32206032,0.29846093,0.29525346,0.30236933,0.31029046,0.3135197,0.31079528,0.3042979,0.29860958,0.2990631,0.309303,0.32930404,0.3555828,0.3831947,0.40769306,0.4262586,0.43823436,0.44536588,0.45174068,0.46311337,0.48526642,0.5217498,0.57237345,0.63350165,0.69955707,0.76450306,0.8227676,0.8696977,0.9017565,0.916594,0.91304517,0.8910743,0.85167164,0.7967075,0.72875136,0.6508656,0.5663859,0.47870192,0.39105162,0.30634758,0.2270605,0.15523188,0.09294867,0.045976475,0.04130493,0.071757264,0.103956446,0.13265175,0.15753022,0.17875546,0.19631758,0.20994884,0.21920446,0.22359838,0.22273946,0.21644023,0.20478761,0.18817624,0.1673124,0.14320251,0.11715279,0.09084086,0.066628836,0.048469484,0.042165745,0.0482026,0.059015352,0.068960264,0.07572385,0.07851586,0.07727065,0.07238205,0.06463661,0.055281032,0.04626766,0.04054486,0.041070707,0.04782266,0.05802305
112,0.070159316,0.093020745,0.11363779,0.13072602,0.14351265,0.15151721,0.15450229,0.15246561,0.14564116,0.1345002,0.11975373,0.10236708,0.08361792,0.06527751,0.050057296,0.04192529,0.043270588,0.05069723,0.059181552,0.06576518,0.06904717,0.068428785,0.06377773,0.05528288,0.0433739,0.02866076,0.011882423,0.0062449016,0.024753984,0.0429974,0.060283374,0.076071955,0.08998129,0.10179665,0.11146279,0.11905852,0.12475567,0.12876795,0.1312988,0.13249928,0.13244638,0.13114667,0.1285637,0.12466063,0.11944616,0.11301225,0.10555478,0.09737076,0.088828295,0.08030799,0.07212037,0.06441774,0.057137813,0.0500266,0.04277734,0.035324182,0.028451808,0.024970457,0.029002128,0.04035958,0.05596082,0.073712274,0.09234255,0.11089794,0.12857734,0.14470896,0.15877396,0.1704426,0.17960818,0.18640944,0.19123302,0.19468796,0.19754642,0.20065176,0.20481008,0.2106978,0.21882212,0.22955039,0.24318448,0.26002684,0.28038713,0.30451214,0.33246624,0.3640166,0.39857554,0.43522632,0.47282764,0.5101752,0.5461917,0.5801166,0.6116672,0.6411333,0.66936785,0.6976369,0.7273188,0.7594944,0.7945312,0.8317941,0.8695793,0.9052826,0.9357339,0.95760286,0.967796,0.9637989,0.94394255,0.9075894,0.8552402,0.7885683,0.71039194,0.6246023,0.53606945,0.4505353,0.3744192,0.31417006,0.27436435,0.2545954,0.24853711,0.24778543,0.24640164,0.24254614,0.2380786,0.23724255,0.24437596,0.26115242,0.28542036,0.31255123,0.33755997,0.35651323,0.36724228,0.36980113,0.36689308,0.36413032,0.36943635,0.39057627,0.43139893,0.49005708,0.56072897,0.63634235,0.7102131,0.77664727,0.8310958,0.8701815,0.8916917,0.8945471,0.8787399,0.84523463,0.79583216,0.7329998,0.65967757,0.57907,0.49443638,0.4088915,0.3252302,0.24579069,0.17238137,0.106356755,0.04954379,0.02232893,0.0565969,0.09406361,0.1272577,0.15606308,0.18066019,0.20103616,0.21695036,0.22801554,0.23381887,0.23404428,0.22857447,0.21756373,0.20148252,0.18114218,0.15771832,0.13280565,0.10856112,0.08797024,0.07485108,0.07198015,0.07771932,0.087229185,0.09640282,0.10288532,0.105554074,0.104055226,0.09857342,0.089751236,0.07872937,0.06734367,0.05845597,0.05567528,0.06089679,0.07231362
113,0.091867745,0.11293178,0.13206935,0.14783832,0.15935385,0.16607073,0.16771509,0.16426463,0.15594329,0.14321956,0.12680934,0.10769543,0.0872026,0.06723646,0.050912384,0.043091673,0.046439648,0.056375824,0.067244135,0.07602518,0.08132061,0.08251171,0.07942756,0.07220901,0.061237793,0.04709437,0.030574784,0.013318523,0.011768839,0.030084088,0.049570173,0.068456836,0.08616615,0.10236121,0.11685094,0.12955132,0.14045042,0.1495742,0.15695731,0.16262388,0.16658129,0.16882665,0.16936217,0.16821375,0.1654468,0.16117387,0.15555228,0.14877222,0.14104006,0.13256493,0.123559065,0.11426288,0.10500415,0.09629256,0.08892813,0.08403922,0.0828756,0.08626232,0.094085716,0.105361775,0.11873829,0.13290362,0.14675246,0.15942428,0.17031121,0.17906848,0.18562862,0.19021162,0.19331872,0.1956949,0.19824447,0.20189421,0.20742328,0.21531451,0.2256926,0.23837987,0.25303942,0.2693387,0.28707343,0.30621946,0.32690644,0.3493266,0.37360868,0.3996985,0.4272877,0.4558171,0.48455814,0.5127559,0.5398044,0.56542087,0.58978033,0.6135708,0.6379263,0.6642114,0.6936711,0.72702,0.7640975,0.8037051,0.84367317,0.8811172,0.9127943,0.9354784,0.9462993,0.94302166,0.9242538,0.88958675,0.83966243,0.77617586,0.70181555,0.6201516,0.5354819,0.45263728,0.37670934,0.31255576,0.2637807,0.23110574,0.21133403,0.19885758,0.18898438,0.18030241,0.17506284,0.17763773,0.19108948,0.21427186,0.24251385,0.2701997,0.29245594,0.3058067,0.30852145,0.30107367,0.28691456,0.273506,0.27233085,0.29456434,0.34341446,0.41307992,0.49456114,0.5795896,0.6614332,0.73473793,0.7953403,0.8401799,0.8672645,0.87564063,0.8653434,0.83731073,0.7932624,0.7355455,0.6669559,0.5905444,0.50942034,0.42656347,0.34465575,0.26594463,0.19214787,0.124412104,0.06335516,0.010186676,0.03988597,0.08199814,0.11897275,0.1511523,0.1787507,0.20174783,0.21991761,0.2329122,0.24037185,0.24203636,0.23784153,0.227994,0.21302444,0.19382836,0.17171057,0.1484584,0.12645741,0.10874342,0.098471895,0.09711791,0.102873236,0.11193146,0.12081925,0.12723206,0.12988667,0.12824658,0.12234921,0.11274038,0.10051553,0.08750493,0.07659827,0.07167454,0.0756329,0.08769802
114,0.11119802,0.13115354,0.14883079,0.16299164,0.17283419,0.17785777,0.17781739,0.17271005,0.1627713,0.14847481,0.13053708,0.10994254,0.088036075,0.0668247,0.049827266,0.04286011,0.048544977,0.0608723,0.073824525,0.084497415,0.09156752,0.09443097,0.092897356,0.08707019,0.07728936,0.064106144,0.048324063,0.03136262,0.018097619,0.023412911,0.041508883,0.06189314,0.082275845,0.10188098,0.12029543,0.1372611,0.15260848,0.16622305,0.1780247,0.18795648,0.19598061,0.20207992,0.20626181,0.20856163,0.20904317,0.20779595,0.20493047,0.20057538,0.19488132,0.18803623,0.18029553,0.17202598,0.16375533,0.15620685,0.15028036,0.14692816,0.14690506,0.15047503,0.15725549,0.16631153,0.17641835,0.18632904,0.19496235,0.20151448,0.20552714,0.20693572,0.20610526,0.20384628,0.20138364,0.20023157,0.20192918,0.20766139,0.21792173,0.23242156,0.25029245,0.270426,0.29176998,0.3135049,0.33511114,0.35635814,0.3772413,0.3978856,0.4184357,0.4389572,0.45937526,0.47946957,0.4989341,0.5174906,0.5350345,0.5517769,0.56834346,0.58578146,0.60543454,0.62867147,0.65651,0.68924266,0.7261939,0.7656915,0.8052442,0.8418481,0.87233543,0.89370275,0.9033904,0.89950234,0.8809652,0.8476267,0.8002928,0.7407044,0.67145663,0.59586275,0.5177649,0.44128454,0.3704815,0.30885437,0.25861442,0.2198717,0.19036864,0.16652998,0.14561942,0.12792026,0.1179306,0.12210792,0.14178707,0.1711558,0.20273273,0.2304458,0.24982119,0.25780016,0.25282502,0.23529914,0.20876695,0.18264265,0.17534111,0.20482491,0.26845878,0.3519566,0.44385538,0.53637254,0.623751,0.7014548,0.76591223,0.8144643,0.8453713,0.85781443,0.85186744,0.8284303,0.7891252,0.7361591,0.6721614,0.60000753,0.52263725,0.44288132,0.36330625,0.28608847,0.21292928,0.14502585,0.08314703,0.028486388,0.026434092,0.0696073,0.10884245,0.14341189,0.17332974,0.19850059,0.21868095,0.23353814,0.24274214,0.24606422,0.24346733,0.23518045,0.2217573,0.20412548,0.1836389,0.16214518,0.14204963,0.126224,0.11734566,0.1164468,0.12194384,0.13062546,0.1393468,0.1458163,0.14862692,0.14709319,0.14112279,0.131167,0.11826683,0.10423373,0.09196861,0.08549525,0.08833158,0.100569144
115,0.12623945,0.14540608,0.16170642,0.17420371,0.18226627,0.18550122,0.18373555,0.17701295,0.16559495,0.14996281,0.13082437,0.10914301,0.08624294,0.06416834,0.0467917,0.040971607,0.04905103,0.0634664,0.07810787,0.09031479,0.09889011,0.1032725,0.103268676,0.09895403,0.09062847,0.07880388,0.064249754,0.048238564,0.03364148,0.0282296,0.038545206,0.057135366,0.07815828,0.09959069,0.12056398,0.14058763,0.1593382,0.17658654,0.19216612,0.2059574,0.21787882,0.22788088,0.23594084,0.24205703,0.24624318,0.24852462,0.24893902,0.24754505,0.24444114,0.23979512,0.23388173,0.22712092,0.22010337,0.21358229,0.2084052,0.20536746,0.20500512,0.20740019,0.21209867,0.21819079,0.22450893,0.22985491,0.23319334,0.23379606,0.23134995,0.22604588,0.21865755,0.21059649,0.20388064,0.20088616,0.20376258,0.21366669,0.23034362,0.2524002,0.27796158,0.30521742,0.3326923,0.35931894,0.3844161,0.40762606,0.4288338,0.44807842,0.4654669,0.48110387,0.49505195,0.5073348,0.5179873,0.52714664,0.5351658,0.5427194,0.5508587,0.5609674,0.5745793,0.593058,0.61720854,0.64695454,0.681202,0.71793264,0.75446695,0.7877992,0.81492525,0.8331243,0.8401831,0.8345651,0.815526,0.78317726,0.7384959,0.6832815,0.6200586,0.5519241,0.48233414,0.41481617,0.35257852,0.2979944,0.2520156,0.213776,0.1808154,0.15011857,0.11965898,0.09034476,0.0696796,0.07271305,0.09926901,0.13425103,0.16792572,0.19483307,0.2112429,0.21450126,0.20301443,0.17654246,0.13722052,0.094456255,0.08489205,0.13944593,0.2241313,0.3193105,0.41722116,0.5127196,0.6015481,0.6800616,0.74525005,0.7948154,0.8272378,0.84180766,0.8386177,0.81851166,0.78299576,0.7341174,0.6743193,0.60628057,0.53275186,0.45639864,0.37966108,0.30464438,0.23305346,0.1662052,0.10524455,0.052577753,0.028689688,0.05993544,0.09832462,0.13368364,0.16486955,0.19149286,0.2132161,0.2296818,0.24055931,0.24562214,0.24482803,0.23839004,0.22683632,0.21106221,0.19238216,0.17258522,0.15396348,0.13917321,0.13062565,0.1293223,0.13406892,0.1421328,0.15059602,0.15715656,0.16028959,0.15916662,0.15356132,0.14381179,0.13086797,0.116463736,0.10342491,0.09577699,0.097425126,0.109235145
116,0.1370999,0.15532485,0.17013346,0.18088295,0.18712851,0.18860464,0.18522552,0.17709038,0.16448809,0.14790039,0.12800893,0.10572352,0.08228808,0.05966968,0.04193622,0.037145514,0.047401883,0.063473165,0.079357095,0.09272041,0.10252757,0.1082809,0.10979785,0.10713276,0.100545,0.09049441,0.07768242,0.06321713,0.049154375,0.03986529,0.041712515,0.054844774,0.07379692,0.09500423,0.11683347,0.13844563,0.15933368,0.17915599,0.19766864,0.21469258,0.23009361,0.24376777,0.25562882,0.26559865,0.27360156,0.2795651,0.2834296,0.2851679,0.28481457,0.28250167,0.2784957,0.27322596,0.26729083,0.26142606,0.25641868,0.25296396,0.25149024,0.25201017,0.25406566,0.25679815,0.25911695,0.2599055,0.25821596,0.2534323,0.24540815,0.2345961,0.2221803,0.21018717,0.20144728,0.19912766,0.205652,0.22157441,0.24547608,0.27489832,0.30731386,0.34060386,0.3731634,0.40385824,0.43194437,0.45698416,0.47876614,0.49723077,0.5124076,0.5243708,0.5332222,0.53910756,0.54226726,0.54311544,0.54233235,0.54094183,0.54033417,0.5421839,0.5482244,0.5598866,0.57789385,0.60196835,0.6307724,0.66209507,0.6931832,0.721101,0.7430434,0.7565807,0.75983965,0.75162977,0.7315222,0.69988215,0.6578561,0.60731065,0.5507206,0.49100053,0.43126738,0.3745119,0.3231605,0.27855685,0.2405269,0.20733443,0.1762383,0.14445779,0.11009227,0.07286353,0.03652028,0.031502612,0.0670735,0.10570976,0.13936539,0.16436428,0.17788373,0.17774136,0.16246763,0.1313918,0.08470188,0.023680152,0.051241264,0.1356526,0.22745451,0.3231121,0.41895527,0.5113061,0.59666115,0.6718632,0.73425037,0.7817722,0.8130686,0.827508,0.8251831,0.8068686,0.77394235,0.728278,0.6721155,0.6079188,0.5382297,0.46552795,0.39210826,0.31998646,0.25085318,0.18611602,0.12717302,0.07667534,0.045570422,0.05672336,0.08917714,0.12297495,0.15398318,0.18107104,0.20366217,0.22131054,0.23364532,0.2404086,0.24151765,0.23712836,0.22769246,0.21400815,0.19726865,0.17910762,0.1616148,0.147213,0.13817368,0.13568014,0.13905601,0.14607137,0.15403357,0.16063029,0.16421825,0.16382006,0.15906031,0.1501354,0.13785616,0.12380274,0.11060932,0.10212723,0.10242891,0.11309235
117,0.14479278,0.16154368,0.17453462,0.1833614,0.18774392,0.18753432,0.18272793,0.17347261,0.16007428,0.14299946,0.12287959,0.10053151,0.077044114,0.054133028,0.035677765,0.031131623,0.04309441,0.060317956,0.07698256,0.091132924,0.10191757,0.10891715,0.11196933,0.11111129,0.106558174,0.098702535,0.08814525,0.075798295,0.06315969,0.052906252,0.04926138,0.05531877,0.069400065,0.08797999,0.1086813,0.13020152,0.15179087,0.17297289,0.19341633,0.21287145,0.23113288,0.24801505,0.26333526,0.27690423,0.28852537,0.29800394,0.30516657,0.30989033,0.3121385,0.31199804,0.3097121,0.30569816,0.30054048,0.29494482,0.28964695,0.28527847,0.28221554,0.28045753,0.27958637,0.27883002,0.2772123,0.2737448,0.2676196,0.25838536,0.24611104,0.2315569,0.21636328,0.20320003,0.19562465,0.19718541,0.20979859,0.23277211,0.26354498,0.2990955,0.3367767,0.37452865,0.41082945,0.44459242,0.47506985,0.50177217,0.5243992,0.5427837,0.55684906,0.56658745,0.57206064,0.573428,0.570999,0.5653058,0.55718106,0.54782003,0.5387909,0.5319458,0.5291901,0.5321093,0.5415421,0.5572685,0.5779598,0.6014047,0.6248908,0.6455972,0.6609146,0.66867465,0.6673031,0.6559146,0.6343617,0.6032423,0.5638661,0.518178,0.4686308,0.41799492,0.36907977,0.3243401,0.28537452,0.2524411,0.2242735,0.19844805,0.17220087,0.14326619,0.11039073,0.07349341,0.033729225,0.011128789,0.049762115,0.08664042,0.11738652,0.1393782,0.15049021,0.14929613,0.13545828,0.110756606,0.0831771,0.07916234,0.121360205,0.1906778,0.27204695,0.35866103,0.44596466,0.53012925,0.607764,0.67591894,0.73215574,0.7746217,0.8021034,0.81404996,0.81056374,0.7923583,0.7606869,0.7172472,0.66406715,0.6033805,0.5374995,0.46869338,0.3990826,0.33056033,0.26475966,0.20310652,0.14707597,0.09910655,0.06587205,0.061488688,0.083083235,0.1123537,0.14138207,0.1677162,0.1903275,0.2085909,0.22204584,0.23036622,0.23339358,0.23118733,0.22407566,0.21270245,0.19807088,0.18158281,0.16505583,0.15064645,0.14051834,0.13612427,0.13742068,0.14279668,0.14986418,0.15633118,0.1604369,0.16104238,0.15760149,0.15013589,0.1392667,0.12634203,0.11368167,0.10476963,0.10359299,0.1123436
118,0.1506521,0.16516519,0.1758754,0.18253998,0.18500133,0.18320265,0.17720087,0.16717508,0.15343054,0.13639866,0.11663604,0.094831415,0.07185212,0.048971437,0.029146679,0.022820706,0.035746854,0.053603575,0.070602536,0.08520108,0.09674522,0.10490191,0.10953324,0.110658474,0.10844061,0.10318615,0.09536308,0.08565471,0.07508698,0.065278634,0.05872609,0.058361504,0.065518245,0.07885289,0.09613231,0.11566286,0.13638453,0.15762836,0.17893414,0.19994523,0.22034808,0.2398369,0.25809494,0.2747894,0.28957886,0.30213237,0.31215835,0.3194399,0.3238732,0.32550272,0.3245469,0.32140622,0.31664488,0.31093764,0.30497825,0.29935628,0.2944263,0.29020756,0.28635466,0.28221753,0.27697852,0.26983267,0.26017883,0.247807,0.23308964,0.21719548,0.20231473,0.19174059,0.18935354,0.19810246,0.21839227,0.24816063,0.28434774,0.3240718,0.36501944,0.40543297,0.44399968,0.47974673,0.5119575,0.540106,0.5638053,0.58276993,0.59679437,0.6057493,0.6095982,0.6084329,0.60252655,0.5923978,0.5788765,0.5631537,0.5467909,0.531649,0.5196959,0.51267457,0.51168597,0.5168331,0.5270988,0.5405226,0.5545857,0.5666389,0.57425666,0.5754822,0.568977,0.5541005,0.53094,0.50029933,0.46365044,0.42304164,0.38094932,0.34004226,0.30281517,0.27106884,0.24534167,0.22460237,0.20653138,0.18832771,0.16757952,0.14282118,0.11376012,0.081436925,0.049252752,0.03093259,0.047680557,0.07584501,0.10111756,0.11955334,0.12949875,0.13088217,0.12593126,0.120819576,0.12661767,0.1533625,0.20128472,0.2643787,0.33663025,0.41320735,0.4900776,0.5637286,0.6310855,0.68952644,0.7369302,0.7717237,0.7929141,0.8000971,0.79343957,0.77363676,0.74184686,0.6996068,0.6487343,0.5912224,0.5291324,0.46449286,0.3992115,0.3350119,0.27340952,0.2157598,0.16345978,0.11854035,0.08523474,0.07162438,0.08092011,0.1027769,0.1278166,0.15201867,0.1736814,0.19189222,0.20604315,0.21570161,0.22060055,0.2206689,0.21607272,0.20725657,0.19498183,0.18036173,0.16488418,0.15038428,0.1388636,0.13201053,0.1304777,0.13345507,0.13903826,0.14504232,0.14960216,0.15139945,0.14968885,0.14428107,0.13555896,0.124568366,0.11320578,0.104404084,0.101776734,0.107926585
119,0.155825,0.16731782,0.17527895,0.17955619,0.18006958,0.17682181,0.16990617,0.15951134,0.14592206,0.12951615,0.11075843,0.090194866,0.06845711,0.046324644,0.025193697,0.012740922,0.02516543,0.043180846,0.060101423,0.074851215,0.0869815,0.096245624,0.10252737,0.10582117,0.1062244,0.10393526,0.099258125,0.09262317,0.084633425,0.07615959,0.06849349,0.06346692,0.06314207,0.06873597,0.07984687,0.09512941,0.113266595,0.13327982,0.15445982,0.17624442,0.19813184,0.21963213,0.24024676,0.25946876,0.27679825,0.29176924,0.30398378,0.31314933,0.3191147,0.32189918,0.3217092,0.31893608,0.3141287,0.3079352,0.30101487,0.29392722,0.28702134,0.2803562,0.27368414,0.2665123,0.25823244,0.24829446,0.23639864,0.22269906,0.20802476,0.19411445,0.18375795,0.1804857,0.18736057,0.20538642,0.2331718,0.26809105,0.30747324,0.3490918,0.39120737,0.43247733,0.47185683,0.50851923,0.541795,0.571126,0.59603363,0.61610246,0.6309779,0.6403811,0.64413756,0.64221925,0.63479537,0.62228733,0.60542107,0.5852647,0.56323546,0.54105085,0.52059054,0.5036462,0.49157187,0.4849245,0.48324436,0.48509896,0.48838112,0.4907305,0.48993033,0.48419994,0.4723743,0.45399493,0.4293385,0.39940065,0.36583933,0.33086702,0.2970544,0.2669747,0.24262305,0.22470173,0.21217866,0.20258015,0.19291446,0.18060787,0.16403651,0.14268644,0.117162146,0.08931073,0.0630458,0.047119252,0.05186891,0.069684476,0.08867232,0.104121946,0.11517848,0.123576105,0.1335473,0.15090883,0.18034112,0.22302757,0.27712768,0.33949897,0.4067405,0.47555152,0.54284275,0.6057999,0.66194654,0.7092053,0.7459503,0.7710427,0.7838472,0.784226,0.7725125,0.7494658,0.71620953,0.67415816,0.6249356,0.5702905,0.5120116,0.45185003,0.3914521,0.33231187,0.27575412,0.22297047,0.17515673,0.13386114,0.10172809,0.08326449,0.08214546,0.094855614,0.11399815,0.13464038,0.15433146,0.17177357,0.18615095,0.19688623,0.20357487,0.20598876,0.20410433,0.19813678,0.18857339,0.17620413,0.16214721,0.14785558,0.13505484,0.12550281,0.12046991,0.12012009,0.12334217,0.12826847,0.13299067,0.13599348,0.13629213,0.13344258,0.12754245,0.119278684,0.110045545,0.10208512,0.09835185,0.101504795
120,0.16085713,0.16876549,0.17366292,0.17544723,0.17408442,0.16961,0.16213033,0.1518229,0.13893403,0.12377405,0.10670973,0.088154286,0.06855571,0.048385646,0.028139077,0.008533853,0.011528444,0.029304298,0.04572494,0.060349315,0.07292412,0.08327351,0.09128871,0.096923515,0.1001899,0.101153515,0.09993089,0.096691206,0.09166792,0.0851898,0.0777484,0.070128135,0.06361049,0.060116325,0.06177019,0.06963178,0.08307451,0.100674585,0.12108947,0.14325084,0.16627946,0.18939264,0.21185616,0.23297283,0.25209433,0.26864666,0.28216213,0.29231232,0.29893702,0.30206385,0.30191424,0.2988904,0.2935396,0.28649333,0.27838385,0.26974824,0.26093936,0.25207025,0.24301635,0.23348638,0.22315502,0.21183902,0.19969979,0.18746285,0.17662649,0.16953972,0.16905127,0.1774887,0.19552372,0.22204924,0.25505117,0.2924561,0.332496,0.37375388,0.41510144,0.45562142,0.49454066,0.53117734,0.5649024,0.5951154,0.6212347,0.6427031,0.659006,0.66970235,0.6744638,0.6731202,0.6657068,0.65251017,0.63410723,0.6113907,0.5855719,0.55814475,0.5307928,0.50521857,0.4828913,0.4647474,0.45093584,0.44072598,0.43264672,0.42481425,0.41532615,0.4026058,0.3856433,0.36413282,0.33853194,0.31006348,0.28066048,0.2528118,0.22919723,0.211978,0.20184797,0.19747932,0.19599546,0.1941335,0.1892146,0.17956771,0.16458079,0.14461504,0.12092356,0.095692255,0.07242424,0.05676982,0.054671533,0.064135216,0.07788464,0.09225587,0.10762079,0.12672648,0.15293925,0.18848997,0.23369484,0.287309,0.34720194,0.41084194,0.47557122,0.53877383,0.59799725,0.6510504,0.696082,0.73163855,0.7566995,0.77068985,0.773471,0.7653122,0.74684596,0.7190118,0.6829923,0.6401458,0.591939,0.53988266,0.485473,0.43014017,0.37520775,0.32186523,0.2711611,0.22402848,0.18136735,0.14422941,0.11415909,0.09356028,0.08505399,0.088636205,0.1005059,0.116266824,0.1329878,0.14895552,0.16309358,0.17464235,0.18303445,0.1878656,0.18890645,0.18612845,0.17973244,0.17017506,0.1581924,0.14481913,0.13138984,0.11947599,0.11065476,0.10602044,0.10562541,0.10837293,0.11254008,0.116437554,0.11878401,0.1188141,0.116283126,0.11147191,0.10523066,0.09904787,0.09501773,0.09539676
121,0.16552137,0.16966231,0.17145936,0.1708528,0.16784082,0.16247502,0.15485704,0.14513567,0.1335031,0.12019027,0.10546138,0.08960742,0.072940044,0.055788126,0.038507234,0.02157238,0.007150689,0.013889737,0.0284945,0.042496704,0.055301584,0.06667849,0.076471716,0.084559545,0.090840295,0.09522436,0.097629346,0.097978786,0.09620628,0.09226785,0.08616812,0.07801243,0.06811696,0.057266355,0.047339495,0.042337287,0.04702158,0.06126869,0.08137656,0.104520135,0.12901407,0.15369171,0.17760575,0.19992879,0.2199354,0.23701619,0.25070307,0.2606953,0.2668799,0.26934084,0.26835406,0.26436403,0.25794083,0.24971777,0.24031541,0.23026286,0.21993548,0.20953073,0.19910088,0.18864928,0.17828223,0.16839646,0.15986629,0.15414992,0.15315227,0.1586849,0.1717097,0.19198355,0.2183888,0.24951372,0.28403535,0.3208523,0.35908186,0.39800897,0.43702555,0.4755736,0.51309866,0.54901725,0.58270043,0.6134743,0.6406357,0.663481,0.68134296,0.6936337,0.6998886,0.69981045,0.69330955,0.68053967,0.6619253,0.6381786,0.61029726,0.57953846,0.54735404,0.5152772,0.4847526,0.45691916,0.43238866,0.4110949,0.39229342,0.37474293,0.35702002,0.33787054,0.31651193,0.2928486,0.2676005,0.24234642,0.2194308,0.20157062,0.19095115,0.18801498,0.19092762,0.19638045,0.2009379,0.20191051,0.19762923,0.18741977,0.17148873,0.15079896,0.12696059,0.10216921,0.0792589,0.06188457,0.053985503,0.05665418,0.06708362,0.083401754,0.106418446,0.13776349,0.17825773,0.2274985,0.28411153,0.34609663,0.41109356,0.47657987,0.540033,0.59906924,0.6515633,0.6957436,0.7302614,0.75423,0.76723474,0.7693139,0.76091594,0.7428368,0.71614414,0.6820962,0.64206046,0.59743977,0.54960954,0.49986866,0.4494061,0.39928102,0.35041597,0.3035999,0.25950208,0.21869902,0.1817243,0.14915869,0.12178224,0.10076561,0.08765479,0.08354932,0.08769221,0.09755136,0.11041661,0.12428062,0.13777652,0.14992306,0.1599638,0.16730373,0.17150064,0.1722813,0.16956538,0.16348904,0.15442526,0.14300174,0.13011706,0.11695061,0.10493471,0.095599465,0.09016094,0.0889256,0.091029756,0.09488412,0.09887967,0.10181014,0.1029844,0.10221322,0.09978447,0.096454345,0.0934216,0.09218507
122,0.16896096,0.16954929,0.16851571,0.16584983,0.1615787,0.15576021,0.148478,0.13983732,0.12996155,0.118989,0.107070245,0.09436623,0.08104789,0.06729973,0.053334035,0.03944041,0.026189113,0.015550811,0.014600015,0.023951458,0.03580083,0.04775215,0.05913574,0.069601595,0.078868784,0.08666508,0.09271096,0.0967193,0.0984034,0.097490616,0.093740135,0.08696376,0.07704865,0.063983224,0.047896095,0.029189112,0.010352765,0.019535763,0.04396265,0.070049524,0.09645587,0.1222966,0.14675319,0.16906384,0.1885542,0.20467414,0.21703164,0.22541884,0.22982709,0.23044795,0.22765803,0.22198687,0.21406847,0.20458065,0.19418038,0.18344949,0.17286879,0.16283947,0.15376046,0.14614952,0.14076276,0.13862462,0.1408652,0.14836065,0.16138902,0.17957357,0.20211881,0.22811264,0.2567301,0.28732106,0.31942114,0.35271895,0.38699922,0.42207438,0.45771673,0.49360248,0.5292772,0.5641466,0.59749234,0.6285068,0.65633994,0.6801508,0.69915724,0.7126806,0.7201839,0.72130406,0.71587795,0.70396435,0.6858612,0.6621157,0.6335248,0.60111827,0.5661177,0.52986306,0.49369934,0.458827,0.42613256,0.3960414,0.36845034,0.34279144,0.31823736,0.29400536,0.26968747,0.24554165,0.22269253,0.20315214,0.18944651,0.18360107,0.1858062,0.19395812,0.20461072,0.21429643,0.22027975,0.22076838,0.21488963,0.20260191,0.18458712,0.16212593,0.13694976,0.11107018,0.086609885,0.06574448,0.05107995,0.04649913,0.055431984,0.0772985,0.11028774,0.15335096,0.20547763,0.26520878,0.33058164,0.39923486,0.46856344,0.5358853,0.59860504,0.6543643,0.7011696,0.7374924,0.7623338,0.7752537,0.77636236,0.76627696,0.7460485,0.71706426,0.680935,0.63937604,0.5940911,0.54667044,0.49851003,0.4507603,0.4043068,0.35978252,0.3176058,0.27803472,0.2412268,0.20729516,0.17635788,0.14858684,0.1242707,0.10390957,0.08832246,0.07860755,0.075615436,0.07905808,0.0873876,0.09867047,0.11126221,0.123903915,0.13561063,0.14557974,0.15315533,0.15782928,0.15925923,0.15729031,0.15197432,0.14358446,0.13262726,0.11985654,0.10629473,0.093256816,0.08232279,0.0750884,0.07250645,0.07419224,0.07860155,0.08394482,0.08884334,0.09248056,0.094537556,0.09510414,0.09460863,0.093749985
123,0.17004399,0.16758306,0.16421929,0.15999354,0.15495764,0.1491677,0.14267929,0.13554381,0.12780634,0.119504616,0.11066893,0.10132325,0.09148785,0.08118428,0.07044494,0.05933201,0.047979888,0.036708567,0.02639124,0.019639498,0.02106082,0.029721517,0.041178197,0.053296696,0.06513243,0.07607352,0.08560403,0.09324557,0.098552816,0.10112947,0.10065432,0.09691453,0.08984921,0.07961709,0.06673769,0.052482992,0.040114496,0.03696246,0.04792183,0.06739706,0.08989981,0.11277141,0.13450184,0.15403856,0.17059626,0.18361431,0.19275558,0.19791204,0.19920443,0.1969703,0.191738,0.18418767,0.17510219,0.16531476,0.15566328,0.14696269,0.14000176,0.1355533,0.13436289,0.13707297,0.1440838,0.15542878,0.17075631,0.18942823,0.21066964,0.23370941,0.25788867,0.282737,0.30801645,0.33372927,0.36008275,0.387411,0.41606277,0.4462778,0.47807992,0.5112137,0.5451358,0.57905716,0.61201954,0.6429855,0.6709246,0.69488424,0.7140403,0.7277275,0.735454,0.7369048,0.73194134,0.72060144,0.7031035,0.6798537,0.65145373,0.6187017,0.5825783,0.54420936,0.5047973,0.46552068,0.42740893,0.391216,0.3573319,0.3257791,0.29632938,0.26874143,0.24307847,0.22002696,0.20108329,0.18836541,0.18376034,0.18762323,0.19814667,0.2120826,0.22596107,0.2368609,0.24267411,0.24213542,0.23477946,0.22087134,0.20130837,0.17748027,0.15107389,0.12381398,0.09715876,0.07208716,0.049594868,0.034702133,0.042849597,0.07360504,0.1171152,0.17036188,0.23186368,0.2998915,0.3722339,0.44628507,0.5192126,0.5881445,0.6503523,0.7034187,0.74537826,0.7748252,0.7909817,0.7937248,0.78357047,0.76161885,0.7294632,0.6890703,0.6426389,0.59244555,0.54068613,0.4893245,0.43996072,0.3937343,0.35128087,0.31275618,0.2779308,0.2463373,0.21743466,0.19074872,0.16596074,0.14294063,0.12174433,0.102611855,0.08600944,0.07274159,0.06403774,0.06121137,0.06461979,0.073097356,0.08478843,0.098028734,0.11152375,0.12424313,0.13533,0.14406914,0.14989151,0.15239348,0.1513573,0.14676715,0.13881901,0.12792695,0.11473279,0.10013281,0.085343234,0.07201627,0.0622886,0.058228035,0.06029323,0.06668424,0.074890256,0.08302719,0.08999515,0.09525564,0.09864429,0.10025855
124,0.16775556,0.16288106,0.15778443,0.15254827,0.14724083,0.14191066,0.13658306,0.13125794,0.12590857,0.12048117,0.11489524,0.10904522,0.1028046,0.09603328,0.08858949,0.08034733,0.07122218,0.061210193,0.050461803,0.039458387,0.029532617,0.024116397,0.02746978,0.03772542,0.05066871,0.06407346,0.07677579,0.08798609,0.097089,0.103605606,0.107210964,0.10777742,0.10543861,0.100680314,0.09446659,0.08838028,0.08462202,0.08547587,0.09212313,0.103913486,0.119003996,0.13537762,0.15133081,0.1655579,0.17712128,0.18541841,0.19016133,0.19136111,0.18930879,0.1845476,0.17783412,0.17008838,0.16233364,0.15562704,0.15098163,0.14928164,0.15119901,0.15712813,0.16715562,0.18106936,0.19839494,0.21844722,0.24039353,0.26333073,0.28637713,0.30877545,0.32999718,0.34983495,0.36846402,0.38645023,0.40468198,0.4242156,0.44604906,0.47087586,0.49889493,0.52973735,0.5625242,0.59601843,0.62881434,0.65951324,0.68685865,0.7098202,0.7276302,0.73977995,0.745988,0.7461543,0.7403124,0.7285932,0.7112068,0.6884465,0.66070974,0.6285275,0.5925895,0.5537503,0.5130073,0.47144312,0.4301361,0.3900528,0.3519511,0.31633464,0.28350112,0.25371122,0.22746164,0.20577487,0.19029532,0.18285581,0.1843928,0.19395031,0.20882668,0.22562528,0.24117227,0.2529326,0.25912172,0.25871083,0.25139824,0.23755138,0.21810587,0.19440553,0.16796945,0.14018394,0.11195211,0.083418615,0.054095678,0.025561597,0.029792609,0.07141896,0.12438741,0.18607405,0.2551969,0.3299538,0.4079681,0.48643997,0.56234396,0.63263625,0.6944548,0.7453006,0.7831898,0.8067692,0.81538975,0.8091347,0.7888035,0.75585294,0.7123015,0.66060334,0.6034985,0.5438458,0.4844419,0.42782816,0.37608388,0.33061832,0.29199868,0.25989166,0.23320061,0.21040277,0.18996839,0.1706946,0.15185834,0.13320133,0.11481777,0.0970201,0.0802481,0.06509036,0.052508693,0.04426606,0.042733807,0.04863735,0.059955273,0.07421287,0.089673504,0.10511848,0.1195687,0.13217618,0.14220874,0.14906965,0.15232496,0.1517268,0.14722855,0.13899167,0.12738745,0.11300246,0.09666624,0.079545274,0.063401565,0.051107347,0.046558857,0.05125114,0.0618418,0.07432701,0.08635018,0.096708566,0.104789354,0.11030454
125,0.1615181,0.15485872,0.14858633,0.14280885,0.13760486,0.13302135,0.12907138,0.12572993,0.122927666,0.12054366,0.11840002,0.1162617,0.113843955,0.110828355,0.10688605,0.10170622,0.095027596,0.08667229,0.07658511,0.06489063,0.052012812,0.03902415,0.028796535,0.02744308,0.03686606,0.051265575,0.06671634,0.08147529,0.09458445,0.10544345,0.113719895,0.11935689,0.122609094,0.12407751,0.124710806,0.12572266,0.12836955,0.13359937,0.14172389,0.1523266,0.16444938,0.1768981,0.18850313,0.19828308,0.20553216,0.20986138,0.21121122,0.20984262,0.20630677,0.20139205,0.19604748,0.19128536,0.1880746,0.18724632,0.18943714,0.19508037,0.20442529,0.21754618,0.23431763,0.25436893,0.27705252,0.30145678,0.32647178,0.35089934,0.37359214,0.39360687,0.4103567,0.4237481,0.43427974,0.44307068,0.4517749,0.4623411,0.47661883,0.49589777,0.52054995,0.5499283,0.5825474,0.61643326,0.649494,0.67981637,0.70585525,0.7265246,0.74120665,0.7497003,0.75212514,0.7488027,0.74013615,0.72651124,0.70823705,0.6855365,0.65858424,0.62757796,0.59282094,0.5547912,0.5141775,0.47186992,0.42890358,0.3863659,0.34529018,0.30657226,0.27095538,0.23912515,0.21192321,0.19059768,0.17683776,0.17220783,0.1770127,0.18960913,0.2069635,0.22573508,0.24297182,0.25635618,0.2642565,0.26572773,0.2604904,0.24887657,0.23172283,0.21019438,0.1855335,0.1587476,0.13029163,0.099851176,0.06635167,0.028330157,0.01734808,0.06913352,0.12959185,0.19807987,0.27343038,0.35372314,0.43642095,0.5185586,0.59695417,0.66842586,0.73000145,0.77910775,0.8137302,0.8325339,0.83494073,0.8211592,0.7921678,0.7496556,0.6959256,0.6337704,0.5663296,0.49693742,0.42896622,0.36565548,0.30989194,0.2638726,0.22860691,0.20342553,0.1859771,0.17302416,0.16157073,0.14957921,0.13608713,0.120979615,0.10467277,0.0878265,0.071126245,0.055164553,0.040514026,0.02832612,0.022231936,0.027026236,0.039574504,0.055398434,0.07261995,0.090204336,0.10726976,0.12295743,0.13644513,0.1469933,0.15399216,0.15699981,0.15576787,0.150255,0.14063023,0.12727089,0.11076472,0.091940746,0.072001025,0.0529993,0.039333496,0.038349573,0.050046578,0.06668551,0.08368028,0.09911996,0.11207543,0.12202846
126,0.15142572,0.14350502,0.13646086,0.13041188,0.12545669,0.12167649,0.119127624,0.11782095,0.117691584,0.11856971,0.120165445,0.122075446,0.123810045,0.12483346,0.12460812,0.12263748,0.11850424,0.111903824,0.10267396,0.09082418,0.07657624,0.060456093,0.043610405,0.02920257,0.026118668,0.03819368,0.055951204,0.07437722,0.091725186,0.1071884,0.1203932,0.1312993,0.14017913,0.1475906,0.15430506,0.16117041,0.16891934,0.17797565,0.1883365,0.19958135,0.21099256,0.2217281,0.23098883,0.23815054,0.24285291,0.24504745,0.24500592,0.24328887,0.24067366,0.23804587,0.23627082,0.23607804,0.23800077,0.24239554,0.249526,0.25965208,0.2730561,0.2899708,0.31043187,0.33412436,0.36029586,0.38777417,0.41508052,0.44060558,0.462815,0.480461,0.49278688,0.49971116,0.5019732,0.50120366,0.49985468,0.50090307,0.5072707,0.5210554,0.54288036,0.57170933,0.60520613,0.64038706,0.6742491,0.70421255,0.7283649,0.7455508,0.75535303,0.75799054,0.7541557,0.74480927,0.73096067,0.7134696,0.6929071,0.66950494,0.6432035,0.61377937,0.58101374,0.5448557,0.50554085,0.4636431,0.42005455,0.37590352,0.33243406,0.2908817,0.25239128,0.2180311,0.18894097,0.16656809,0.15272093,0.14894395,0.1552542,0.1695871,0.18869455,0.20930307,0.22864863,0.2445829,0.2555691,0.26067346,0.25954878,0.2523826,0.23978728,0.2226192,0.20173366,0.17770915,0.150611,0.11988608,0.08446482,0.04317445,0.010684335,0.064734206,0.13043697,0.20424893,0.2846535,0.36950582,0.4560931,0.54130465,0.6218357,0.69440305,0.7559555,0.8038668,0.83609813,0.85132205,0.8490007,0.8294158,0.7936507,0.7435273,0.6815068,0.6105631,0.5340435,0.4555345,0.37875295,0.30748352,0.24555074,0.19666602,0.16360472,0.14619216,0.13993217,0.1382775,0.13609107,0.13071951,0.12141668,0.10857391,0.0931653,0.07637612,0.059338197,0.042929195,0.027634216,0.013573195,0.004112102,0.015405961,0.029993905,0.04596831,0.06317537,0.08117877,0.09927942,0.11661902,0.1322839,0.14539337,0.15516989,0.16099122,0.16242607,0.1592545,0.15147541,0.13930382,0.1231637,0.10368799,0.08175991,0.05873256,0.037557296,0.027843205,0.039678182,0.06055217,0.08224482,0.10234767,0.1198053,0.13398966
127,0.13843201,0.1296153,0.121965446,0.115605876,0.11069753,0.107447624,0.10607676,0.10673945,0.109424345,0.113884345,0.11963335,0.12600361,0.13222872,0.13752115,0.14113331,0.14240323,0.1407898,0.13590094,0.12751606,0.11560376,0.10033679,0.08211451,0.06163558,0.040260952,0.022607906,0.025347985,0.04510719,0.067508936,0.089239776,0.109289624,0.12725407,0.14308418,0.15701863,0.16952083,0.1811815,0.1925848,0.20416242,0.21607842,0.22818448,0.24005966,0.2511168,0.26074076,0.2684245,0.27388075,0.27711475,0.27844968,0.2784966,0.27806488,0.27802062,0.27912146,0.28188235,0.28653136,0.29308453,0.30151075,0.31191134,0.32462636,0.34020403,0.35922062,0.38200483,0.40837514,0.43749946,0.46792507,0.497753,0.52489394,0.5473496,0.5634878,0.57229817,0.57362217,0.56834686,0.55852866,0.54737145,0.538922,0.5373342,0.5457379,0.56515706,0.59414315,0.6293464,0.6665721,0.701736,0.7314675,0.753399,0.7662497,0.7697819,0.76466596,0.7522671,0.73436373,0.71281743,0.6892366,0.6646966,0.63958824,0.6136418,0.5861185,0.55610603,0.5228275,0.48588353,0.44538677,0.40198147,0.35676757,0.3111585,0.2667113,0.22497371,0.18740772,0.15546082,0.13081339,0.11556307,0.111557394,0.11865758,0.13421088,0.15466988,0.17692238,0.19852339,0.21757849,0.2326698,0.24284509,0.24761458,0.24691078,0.24098738,0.23025417,0.2150681,0.19552663,0.17132851,0.14176518,0.105891116,0.06305187,0.019436868,0.056234024,0.12497598,0.20279934,0.28721893,0.37577352,0.46556732,0.5533639,0.63576716,0.709427,0.7712458,0.8185697,0.84935075,0.86227083,0.8568197,0.83332384,0.79292554,0.73751605,0.66962934,0.5923065,0.50894517,0.42315444,0.3386464,0.25923058,0.18906024,0.13342883,0.099699974,0.09218384,0.1009966,0.11202819,0.118317,0.117910765,0.11102904,0.098835856,0.08290285,0.06491617,0.046480373,0.028984722,0.013670151,0.0056545455,0.014338463,0.024798665,0.03576868,0.048135247,0.06239013,0.07838812,0.09547552,0.11270331,0.1290057,0.14332663,0.15470697,0.16234484,0.16563582,0.16419673,0.15787555,0.1467494,0.1311141,0.111470364,0.08852128,0.06323647,0.03734756,0.018650947,0.03142552,0.056910723,0.082689196,0.106623575,0.12775172,0.14542247
128,0.12452643,0.11502742,0.10665644,0.09953545,0.093970485,0.090481885,0.08970585,0.09213846,0.09784294,0.10633927,0.11673719,0.12795828,0.13890311,0.14853993,0.15594801,0.16034438,0.16110626,0.15779175,0.15015735,0.1381698,0.12201083,0.102075264,0.07897029,0.053561684,0.027478322,0.013336272,0.035088878,0.061816834,0.08776227,0.11197503,0.13408849,0.15404928,0.17205003,0.18845847,0.20371781,0.21822715,0.2322293,0.24573882,0.25853375,0.27021456,0.28031287,0.28842288,0.29432797,0.29809922,0.30014524,0.30119467,0.3021958,0.3041349,0.30780932,0.31363297,0.32156613,0.33121553,0.34207168,0.35379252,0.36643288,0.3805394,0.3970586,0.4170494,0.4412677,0.46977055,0.50170165,0.53533125,0.5683054,0.597999,0.62188566,0.6378803,0.6446451,0.64186025,0.6304601,0.6128104,0.5927515,0.5753347,0.5659973,0.5690803,0.5862116,0.61562276,0.6529136,0.69258714,0.72938716,0.75907147,0.77873534,0.7868831,0.78336763,0.7692427,0.7465326,0.71791214,0.6862916,0.6543294,0.6239438,0.59595245,0.56997997,0.5446928,0.5182775,0.48898223,0.45555225,0.417477,0.37504992,0.32928437,0.28173763,0.23429,0.18892285,0.14754938,0.11199154,0.08426735,0.06718127,0.06355263,0.072336614,0.08895308,0.109692074,0.13234816,0.15532713,0.17722791,0.1967977,0.21300009,0.22507308,0.2325304,0.23509605,0.23258461,0.22475822,0.2112044,0.19127971,0.16415189,0.1289612,0.08520918,0.03533438,0.042047918,0.11173159,0.19246535,0.2799618,0.37141973,0.4637813,0.5537139,0.63776296,0.71254474,0.77494603,0.82231045,0.85259783,0.8645066,0.8575503,0.83208513,0.7892872,0.7310827,0.660036,0.5792058,0.49197853,0.40189412,0.3124825,0.22714543,0.14919545,0.08267828,0.03972395,0.050534513,0.07923535,0.100676976,0.11204792,0.11381544,0.107341975,0.09439187,0.07690597,0.056837317,0.036009844,0.015991887,0.0020210845,0.017302508,0.029708952,0.0397304,0.04846802,0.057383742,0.0677883,0.08031658,0.09476156,0.11028757,0.12575004,0.13993794,0.15171908,0.16012245,0.1643855,0.16397992,0.15862228,0.14827228,0.13312067,0.11356972,0.090210006,0.06380742,0.035391245,0.009198656,0.027735647,0.057301056,0.085940406,0.112473965,0.1360946,0.15614973
129,0.1128021,0.10279715,0.09338778,0.08463357,0.07704124,0.07173283,0.070316605,0.07411775,0.08320171,0.0963609,0.11190276,0.12820822,0.14387456,0.15770173,0.16866793,0.17592525,0.17881094,0.176865,0.16984682,0.15774587,0.1407826,0.11939801,0.09423083,0.06608448,0.035901338,0.005563606,0.027445279,0.0582114,0.0876495,0.115167014,0.14045265,0.16343753,0.18426044,0.20320076,0.22058254,0.23666847,0.25157082,0.26520744,0.27731892,0.287546,0.29555044,0.3011544,0.30447054,0.3059938,0.30662173,0.3075672,0.31014037,0.31542537,0.3239574,0.335556,0.34941196,0.36439458,0.3794495,0.39396232,0.40800682,0.42242408,0.43868092,0.45848018,0.48318365,0.5132385,0.5478498,0.5850245,0.6219165,0.65530485,0.68206966,0.69960696,0.70618147,0.70123065,0.68563217,0.6619257,0.6344226,0.60901713,0.5923533,0.59007484,0.60464233,0.63418704,0.67337644,0.71544564,0.7539605,0.783774,0.80138034,0.8049704,0.7943568,0.7708273,0.7369292,0.69616425,0.65255904,0.6100787,0.5719043,0.53972006,0.51330507,0.4907013,0.46893758,0.44496134,0.4163922,0.38192445,0.3414111,0.29573974,0.246597,0.19618902,0.14696103,0.101363644,0.061793126,0.031494096,0.02053322,0.030968307,0.04370562,0.055596575,0.06871888,0.08498859,0.104784995,0.12713672,0.1504548,0.17307454,0.19350296,0.21048382,0.22296707,0.23003286,0.23080595,0.22439237,0.20986295,0.18629736,0.15289311,0.109164976,0.055646747,0.02186711,0.08993728,0.17280506,0.2625185,0.3560807,0.45034507,0.5419302,0.62736106,0.7032535,0.7665071,0.81448513,0.84517056,0.85728467,0.8503623,0.8247786,0.781726,0.7231448,0.6516115,0.5701939,0.4822826,0.39141065,0.3010737,0.21456765,0.13487872,0.06484408,0.015224459,0.047491632,0.082050614,0.104997665,0.11652804,0.11777398,0.11033635,0.09611491,0.07717933,0.055683576,0.03397213,0.01631653,0.017400077,0.030995151,0.04362827,0.05363366,0.061456643,0.0682873,0.075587384,0.08454392,0.09559567,0.108333826,0.12175971,0.13462743,0.14569262,0.153852,0.15821357,0.15812987,0.15321034,0.14331995,0.12856723,0.10928364,0.08599636,0.05939688,0.030315503,0.0020491835,0.031897623,0.0629275,0.092733674,0.12042142,0.14519383,0.16636609
130,0.1068965,0.09674583,0.08614052,0.074900344,0.06349035,0.053606816,0.04885309,0.0531818,0.06639924,0.0850371,0.10603521,0.12732321,0.14738075,0.16497274,0.17905685,0.18876874,0.19343646,0.19260332,0.18604816,0.17379777,0.15612774,0.13355055,0.10679094,0.07675373,0.044520546,0.012194218,0.024459599,0.057205357,0.08883863,0.11847818,0.14572819,0.17045546,0.19272879,0.21274279,0.23072137,0.2468195,0.26104972,0.27325806,0.28316277,0.29045337,0.29493368,0.29668513,0.2962191,0.2945766,0.2933127,0.29428986,0.29924148,0.30921245,0.3241535,0.34292305,0.363684,0.38446346,0.40366286,0.4204372,0.43493238,0.44835803,0.46282688,0.48088282,0.5047374,0.5354469,0.5724028,0.6133641,0.654937,0.693225,0.72443724,0.7453823,0.7538598,0.74898547,0.7314765,0.70390165,0.6708464,0.63881236,0.61545247,0.6076893,0.6190334,0.6478539,0.688165,0.7320959,0.77210635,0.80215585,0.8180993,0.817727,0.8006734,0.7682719,0.72336644,0.6700619,0.6133682,0.5586505,0.51077414,0.47294807,0.4456492,0.42638427,0.4106811,0.39371955,0.37165242,0.34221545,0.30477816,0.26011088,0.21004997,0.15715314,0.10440949,0.055239413,0.018022208,0.033267606,0.059137244,0.076303676,0.08374963,0.082335554,0.07444983,0.06493161,0.062243003,0.07373917,0.09711762,0.12596029,0.1556516,0.18322325,0.20654853,0.22394168,0.23397271,0.23538052,0.22704673,0.2080177,0.17756581,0.13527873,0.08117031,0.016164953,0.06048906,0.14490692,0.23586184,0.3305782,0.4259278,0.5185338,0.60493815,0.6817863,0.7460141,0.79502267,0.8268278,0.84017605,0.8346172,0.8105313,0.76910716,0.71227616,0.6426064,0.56316614,0.4773696,0.38882184,0.30119666,0.21822584,0.14409153,0.085606225,0.05977172,0.07461557,0.09922148,0.11758313,0.12649809,0.12603544,0.1173991,0.10235731,0.08303732,0.061940446,0.042476933,0.030839136,0.03357034,0.044650007,0.056239244,0.06572585,0.07281495,0.078228,0.08320187,0.08903863,0.09660358,0.105986916,0.116529696,0.12711778,0.13650072,0.14350715,0.14715885,0.14672254,0.14172882,0.13197337,0.117507465,0.09862318,0.07584363,0.049968302,0.022724884,0.015216687,0.04319475,0.07356306,0.10308643,0.13062489,0.15529874,0.17637545
131,0.10910794,0.09939026,0.08800664,0.07446463,0.058733318,0.04175007,0.027898857,0.030241087,0.049430523,0.07427881,0.10046015,0.12608403,0.14980182,0.1704573,0.18703489,0.19867639,0.20471412,0.204704,0.19845177,0.18602814,0.16777147,0.14427811,0.11638566,0.08517444,0.052140135,0.02160692,0.026984774,0.058569945,0.09084143,0.12128626,0.14920397,0.1743354,0.19666286,0.21629998,0.23338541,0.24798535,0.26002806,0.2692939,0.27547345,0.27829227,0.2776901,0.27403417,0.26833495,0.26240024,0.25878888,0.26035967,0.26934266,0.28635266,0.31008518,0.33788946,0.3666749,0.3936418,0.41674453,0.434989,0.4486388,0.45931488,0.4698806,0.48394597,0.50490826,0.5347675,0.5732957,0.618018,0.6648936,0.70922685,0.74645317,0.772716,0.7852835,0.78287613,0.76595074,0.7369603,0.7005537,0.6635595,0.63434523,0.6209633,0.628137,0.6548932,0.6950222,0.73983115,0.7808165,0.8110947,0.8258702,0.82246935,0.80023026,0.7603499,0.7057116,0.6406939,0.5709407,0.50301266,0.4436934,0.39856946,0.36986822,0.3549287,0.34724197,0.3394601,0.3258329,0.30304596,0.27006388,0.22766793,0.17800356,0.12429859,0.071351595,0.03375258,0.051791653,0.08792692,0.11757273,0.1366842,0.14407624,0.13973151,0.124508865,0.10010127,0.06944647,0.040300217,0.04143651,0.075561434,0.11584061,0.15464775,0.18890613,0.21649088,0.23567638,0.24501121,0.2432941,0.22959436,0.20330411,0.16422406,0.11273877,0.050900787,0.034206264,0.11358088,0.20342076,0.29764372,0.39279,0.4854137,0.57206124,0.6494128,0.7144499,0.76461774,0.7979673,0.8132647,0.8100617,0.7887219,0.7504021,0.69699067,0.63101053,0.5554947,0.47385132,0.38974178,0.30702043,0.22984748,0.1632733,0.11481536,0.09443343,0.10086777,0.11692236,0.13019168,0.13624243,0.13426986,0.12503675,0.11012556,0.091676764,0.07242541,0.056096453,0.047578663,0.04948661,0.057958055,0.06773732,0.07609043,0.08220732,0.08635901,0.089442,0.09261571,0.096888185,0.10272113,0.10985678,0.11745114,0.124369375,0.1294543,0.13169448,0.13030754,0.12477358,0.1148434,0.10053645,0.08214379,0.06028349,0.036315624,0.017283004,0.030662162,0.058486797,0.08772628,0.11617402,0.14267054,0.16630994,0.18634118
132,0.118488535,0.10966002,0.09821964,0.083602965,0.06554679,0.044085316,0.019575452,0.008267694,0.03695782,0.06688423,0.096722685,0.12533766,0.15158731,0.17436828,0.19267035,0.20562978,0.21257791,0.21308143,0.20697239,0.19436549,0.17566274,0.151548,0.12298337,0.09125759,0.058361948,0.030224824,0.03272395,0.06138993,0.09288192,0.12285185,0.15016404,0.1743964,0.19544087,0.21334201,0.22817203,0.2399261,0.24845643,0.25346833,0.25459272,0.25153843,0.24432263,0.23357987,0.22094552,0.20943496,0.20345545,0.20767152,0.22458288,0.25295004,0.28883907,0.32762247,0.3651482,0.39814302,0.42437395,0.44281083,0.4538313,0.45941424,0.463178,0.4699967,0.4849059,0.511401,0.5499898,0.59798634,0.6505176,0.7018748,0.7465653,0.77997214,0.79876715,0.80121046,0.7874095,0.75956476,0.72218186,0.6821211,0.64811015,0.62906706,0.6309915,0.6540088,0.69223595,0.736558,0.77771866,0.8080775,0.8222025,0.8169193,0.7911845,0.74591357,0.68380183,0.60915625,0.52776444,0.4468172,0.3747535,0.32033524,0.28946555,0.2803828,0.28349194,0.287509,0.28430617,0.26967937,0.24250713,0.2039048,0.15676707,0.1061677,0.06389369,0.06162855,0.09739352,0.13729481,0.17002855,0.19178867,0.20094232,0.19705872,0.18061802,0.15283765,0.115513854,0.0708628,0.021385873,0.030480195,0.08191404,0.13056298,0.1741042,0.21044949,0.23776577,0.2545005,0.25941208,0.25161502,0.23065403,0.19664666,0.15067276,0.096598156,0.05643196,0.09407207,0.1735683,0.26321316,0.35558707,0.44638076,0.5318973,0.60875875,0.6739528,0.7249488,0.7598168,0.7773251,0.77700424,0.7591716,0.72491395,0.6760315,0.6149479,0.54459804,0.46830773,0.38969216,0.31261912,0.24132697,0.18084452,0.13756822,0.117470674,0.118270114,0.12836717,0.13776994,0.14181639,0.13919872,0.13033712,0.11662578,0.10013307,0.083553255,0.07022962,0.06351763,0.064492315,0.07061619,0.07826897,0.08502671,0.08984521,0.09265228,0.09400846,0.09482589,0.09605858,0.09835981,0.10182295,0.105946146,0.10981887,0.11238581,0.112658545,0.10983941,0.10337919,0.0929992,0.07870409,0.0608267,0.040292077,0.020929195,0.023635155,0.04768903,0.07546907,0.10356688,0.13061802,0.15561113,0.17768721,0.19611518
133,0.13162294,0.12386773,0.112911224,0.09832919,0.080063954,0.058547,0.035449922,0.020676428,0.036997933,0.06569783,0.09613798,0.12579833,0.15316607,0.17698197,0.19615352,0.2097718,0.21714795,0.21784943,0.21172826,0.19893812,0.17994025,0.15550283,0.12671244,0.095071785,0.06305238,0.037554037,0.03906833,0.06447293,0.09408835,0.122437604,0.14796807,0.17009988,0.18865271,0.20363037,0.21507181,0.2229301,0.22699426,0.22687733,0.22208828,0.21219718,0.19711147,0.17752677,0.15572767,0.1369715,0.13044737,0.1446276,0.17850938,0.22436978,0.27494103,0.3248758,0.37015152,0.40769827,0.43537375,0.45213753,0.4583384,0.45606095,0.4494278,0.44456586,0.44865668,0.4676442,0.50355184,0.5536021,0.6117399,0.6708447,0.7242376,0.76641357,0.7933852,0.8029023,0.79465115,0.7704625,0.73451144,0.69340813,0.65586764,0.63132036,0.62697107,0.6444283,0.6787593,0.72093624,0.76123244,0.7913723,0.80532295,0.79939604,0.7721136,0.72401386,0.65744466,0.57637256,0.48625833,0.3941239,0.30902842,0.24286202,0.20837204,0.20769916,0.22549567,0.24384356,0.25226614,0.24645075,0.22578482,0.19211501,0.14953452,0.105946794,0.07965015,0.09384901,0.1332798,0.17535086,0.21069624,0.23516339,0.24670582,0.24457945,0.2290629,0.20130418,0.16323079,0.11765041,0.06955672,0.03935264,0.06893965,0.118307844,0.16647701,0.20862107,0.24214068,0.26516724,0.27633458,0.2747658,0.26014593,0.23290643,0.19470797,0.15000865,0.11191523,0.11197837,0.16259998,0.23818699,0.32242543,0.40784457,0.48967096,0.56412864,0.62805474,0.67886025,0.71458316,0.73395455,0.73644644,0.7222896,0.6924553,0.648602,0.592992,0.52838695,0.4579366,0.38508412,0.3135243,0.24727668,0.19092928,0.1497915,0.12826669,0.12480554,0.13084686,0.1378242,0.14103241,0.13883843,0.13139203,0.11989487,0.10625554,0.09291683,0.08259535,0.07749005,0.077974476,0.08228432,0.08790239,0.092875205,0.09615611,0.09747131,0.09711165,0.095732816,0.09413878,0.093028404,0.0927457,0.0931373,0.09359635,0.09325368,0.09119837,0.08664144,0.07900725,0.06797627,0.053516883,0.03600614,0.017397737,0.016437858,0.039061364,0.06539606,0.09254856,0.1193532,0.1448532,0.16817358,0.18851918,0.2051933
134,0.14485207,0.1382606,0.12815443,0.11429768,0.096910864,0.076917715,0.05684567,0.043832254,0.049575716,0.071443886,0.099213794,0.12784517,0.15485276,0.17858142,0.19775398,0.21136913,0.21869442,0.2192847,0.2130026,0.20003256,0.18088666,0.1564084,0.12779853,0.09675571,0.0661502,0.04329378,0.044484545,0.066715196,0.093653396,0.119405724,0.14211789,0.16109757,0.17613786,0.18725893,0.19453275,0.19793704,0.19724943,0.19200684,0.1815471,0.16513528,0.1421776,0.11259795,0.07792146,0.047536045,0.057703666,0.10588753,0.16495186,0.22700806,0.2880554,0.3447247,0.39390782,0.4328604,0.45943588,0.47238457,0.47171643,0.45915043,0.43866828,0.41704684,0.4037187,0.40850437,0.43683743,0.4865008,0.5496332,0.6168966,0.67995393,0.7322239,0.76900357,0.78750706,0.78695637,0.7687243,0.7365015,0.69640434,0.656783,0.62717676,0.6157746,0.62591344,0.6542397,0.69241995,0.73062044,0.76009136,0.7742537,0.7689076,0.74211276,0.6939761,0.626414,0.54291147,0.44831988,0.34882438,0.25252208,0.17209962,0.13069344,0.1432538,0.18024917,0.21350566,0.23256062,0.23448606,0.21968864,0.1908155,0.15294048,0.11563709,0.09770103,0.11540532,0.15503797,0.19812989,0.2354432,0.26238677,0.2765486,0.27691978,0.2636124,0.2377276,0.20132793,0.15767649,0.1125355,0.07968266,0.08461773,0.122486144,0.16887718,0.21299362,0.25026956,0.27811238,0.29487386,0.2996098,0.29208356,0.27292743,0.24405506,0.20965262,0.17839417,0.16582528,0.1865233,0.2373627,0.3050423,0.37914392,0.45294505,0.5217131,0.58182687,0.63046557,0.6655292,0.6856385,0.69014925,0.67915314,0.6534532,0.6145095,0.5643602,0.5055214,0.44088107,0.3736039,0.30707687,0.24494112,0.1912488,0.15057114,0.12693647,0.120090716,0.123532794,0.12945922,0.13302319,0.13231252,0.12724803,0.11883949,0.10877946,0.09915412,0.09203639,0.08879722,0.08943277,0.092638016,0.096635275,0.099933684,0.101619884,0.10134817,0.09923291,0.09572092,0.09145015,0.08708303,0.08311651,0.07971091,0.07661386,0.07322717,0.06877834,0.062505215,0.053787958,0.04221675,0.027612539,0.010020967,0.010308953,0.032947507,0.057320885,0.08273972,0.10843458,0.13359033,0.15738027,0.17899917,0.19769445,0.21279459
135,0.15540606,0.15011422,0.14118971,0.12855937,0.11265236,0.09465595,0.077176735,0.06549913,0.06674691,0.082042664,0.1054077,0.13141088,0.15677604,0.17939827,0.19776739,0.21076111,0.21758674,0.21777551,0.21119145,0.19804023,0.1788739,0.1545975,0.12650624,0.09645577,0.067587756,0.047164578,0.048113715,0.06725943,0.09093559,0.11328814,0.1323082,0.14726898,0.15802032,0.16470906,0.16758478,0.16682662,0.16240384,0.1540068,0.14108406,0.12301487,0.09949921,0.07167836,0.047587607,0.055765104,0.09834371,0.15402046,0.21522366,0.27809492,0.33927882,0.39545324,0.44337162,0.48004636,0.50298953,0.5104913,0.5019436,0.47824937,0.44241405,0.40046334,0.36262485,0.3432357,0.35510987,0.39961553,0.46629804,0.5418121,0.6152021,0.6785157,0.72629774,0.75524604,0.7641167,0.7537772,0.727325,0.6901932,0.65006775,0.6161887,0.5973697,0.5987109,0.61898255,0.6512271,0.68596244,0.7141747,0.7288095,0.7251662,0.7008263,0.6554376,0.5904539,0.5088534,0.4148474,0.31363112,0.2113947,0.1170426,0.06043972,0.096531734,0.15339677,0.19747941,0.22344723,0.2304742,0.21978693,0.19438916,0.15953624,0.12468338,0.10712343,0.12224484,0.15999377,0.20302385,0.24157207,0.27059945,0.28739882,0.29075572,0.28064716,0.2581249,0.22533035,0.18578842,0.14550187,0.11579302,0.11315811,0.14004561,0.18105555,0.22403851,0.26279494,0.29394656,0.3155053,0.3264063,0.3264059,0.31616387,0.29749572,0.2738555,0.25105056,0.23757334,0.242404,0.26939481,0.31470492,0.37088192,0.43090844,0.48926002,0.54171175,0.5850501,0.61691105,0.6357102,0.64061254,0.631508,0.60897315,0.5742138,0.5289853,0.47549644,0.41630492,0.35421997,0.29223546,0.2335325,0.18160592,0.14048165,0.11434028,0.10465101,0.106711775,0.11291201,0.11798076,0.119701475,0.117810726,0.11315565,0.1072038,0.10166216,0.09802633,0.097067684,0.09854803,0.101434246,0.10442949,0.106417015,0.106659845,0.10482784,0.10094889,0.095334254,0.088492595,0.08103127,0.073538505,0.066448055,0.05991178,0.053736318,0.047438134,0.040417586,0.03222226,0.023053376,0.015886717,0.02005661,0.034902543,0.05417568,0.075769976,0.09866662,0.122028984,0.14504507,0.16690966,0.18683949,0.20409746,0.21801823
136,0.1615287,0.15774103,0.15034239,0.13938092,0.12541474,0.109727226,0.09474939,0.084545895,0.08393618,0.09462183,0.11346989,0.13602652,0.15885478,0.17956854,0.1964638,0.2083044,0.21423653,0.21376377,0.20674548,0.1933999,0.17430697,0.15041625,0.12308994,0.09428532,0.06726579,0.048906375,0.049441338,0.065525755,0.085514754,0.103832506,0.11846044,0.12874804,0.13474888,0.13696474,0.13616946,0.13323572,0.12897933,0.12409593,0.1193005,0.11574827,0.115627855,0.122333474,0.13930146,0.1680713,0.20777433,0.25609705,0.3101194,0.3666225,0.42218557,0.4732791,0.5164066,0.5482912,0.56609297,0.5676456,0.5517125,0.51828325,0.4689861,0.40782446,0.34273615,0.2885976,0.2683398,0.29744825,0.36469898,0.44832698,0.5324807,0.6073546,0.66677576,0.70702636,0.72645724,0.7254331,0.70640194,0.6739883,0.63498783,0.59796965,0.5719139,0.5634647,0.5738717,0.5982629,0.6280787,0.65431744,0.6695376,0.668547,0.64843136,0.60835564,0.5492983,0.4737567,0.38542718,0.28886038,0.18910082,0.091323964,0.001310784,0.07905447,0.1436311,0.19072478,0.21896444,0.22826336,0.21988367,0.19655883,0.16293487,0.1271305,0.104452044,0.11276464,0.14692442,0.18898574,0.228074,0.25872254,0.27804098,0.28470334,0.27861154,0.26079234,0.2334494,0.2002799,0.167336,0.1443264,0.14253157,0.16423963,0.20025943,0.240745,0.27944282,0.31267127,0.33825147,0.35501733,0.3626466,0.36165443,0.3534872,0.34068,0.32699397,0.3172878,0.31667355,0.32876614,0.35402247,0.38971663,0.43140608,0.47440973,0.51457375,0.54851234,0.57363737,0.58813524,0.5909358,0.5816776,0.5606617,0.5287902,0.4874871,0.43860435,0.3843187,0.32703122,0.2692865,0.21374619,0.16328311,0.12130535,0.09217248,0.07970329,0.08153857,0.089463055,0.09715448,0.10205723,0.10384547,0.10330284,0.10172249,0.100466534,0.10054108,0.1022684,0.105239496,0.108569995,0.11125852,0.11245241,0.111573756,0.10834804,0.102783225,0.095128015,0.08582229,0.075445324,0.06466401,0.05418177,0.044687796,0.036806844,0.031057322,0.02784691,0.027531158,0.030448385,0.0368071,0.046566606,0.059461385,0.07507232,0.09286727,0.112222046,0.1324394,0.15277158,0.17244624,0.19069427,0.20677821,0.22001968
137,0.16233917,0.16030352,0.15477763,0.14589141,0.13426755,0.121183224,0.108812764,0.100348115,0.09923159,0.106997244,0.12201047,0.140994,0.16083483,0.17911828,0.1940512,0.20432635,0.20904586,0.2076914,0.2001165,0.18654583,0.1675758,0.14418188,0.117761135,0.09030848,0.06506219,0.048305474,0.048177723,0.06120652,0.07722158,0.091029756,0.10073993,0.1059409,0.107179575,0.1058566,0.104174875,0.10484598,0.11028307,0.1216092,0.138492,0.1599689,0.18531053,0.21435896,0.24742495,0.28495392,0.32712856,0.37354326,0.4230328,0.47366643,0.5228685,0.567615,0.60466754,0.6308221,0.6431584,0.6392802,0.61754346,0.5772727,0.5189906,0.4447481,0.35885718,0.2701381,0.1993756,0.18809703,0.24846615,0.34017318,0.43544737,0.5218763,0.59284556,0.64447707,0.67486024,0.6839145,0.67343336,0.64717036,0.61088437,0.57217187,0.53967875,0.5211195,0.5202785,0.53502584,0.558425,0.5818619,0.59761816,0.60000783,0.58558655,0.5529972,0.50271255,0.43675205,0.35839263,0.27190438,0.18245703,0.09726537,0.04392947,0.08488635,0.14107512,0.18477759,0.21196371,0.22171696,0.21469565,0.19292033,0.15992028,0.12167116,0.09019459,0.0870529,0.11617123,0.1568977,0.19608444,0.22792794,0.24956737,0.2597263,0.2583394,0.2464747,0.22642218,0.20199735,0.17908286,0.16570912,0.16917011,0.19029427,0.223309,0.26133767,0.29926568,0.33374795,0.36269233,0.384916,0.39997953,0.40812546,0.4102687,0.4079975,0.40353197,0.39956322,0.39888674,0.4038125,0.41551733,0.4336672,0.45653176,0.48148394,0.50558406,0.52603316,0.5404491,0.5470085,0.54450595,0.5323637,0.510608,0.47982058,0.44106856,0.39581737,0.34583223,0.29307532,0.23961054,0.1875363,0.13899715,0.09642709,0.06351422,0.04704426,0.050230216,0.06203384,0.07339647,0.08176851,0.08718397,0.09059963,0.093246445,0.09619947,0.10004382,0.10473393,0.10970316,0.11412248,0.117151275,0.118100256,0.116508186,0.11216263,0.105090395,0.09553395,0.08392423,0.070860855,0.057121973,0.043762546,0.032456502,0.026102422,0.027294975,0.0340327,0.04280997,0.052031215,0.061398357,0.07118548,0.08186947,0.093890704,0.10749023,0.12263455,0.13902251,0.156142,0.17334203,0.1898999,0.20507716,0.21816456
138,0.15770417,0.15767968,0.15435004,0.14789324,0.13894708,0.12871884,0.119101405,0.11261725,0.11178843,0.11784012,0.12988539,0.14559548,0.1623768,0.17798872,0.19066897,0.19910127,0.20237485,0.19996376,0.19172026,0.17787287,0.15902525,0.13616093,0.11067922,0.08454935,0.06086145,0.04522629,0.044228747,0.05426586,0.066160195,0.07513092,0.079556555,0.07955093,0.0768707,0.075359225,0.080500565,0.096102715,0.1215987,0.15416299,0.19118053,0.23083434,0.27202013,0.31420293,0.35727096,0.4013508,0.4465741,0.49282473,0.53951883,0.58547,0.6288678,0.6673667,0.6982605,0.71870935,0.7259871,0.7177266,0.6921441,0.64823145,0.5859097,0.50615233,0.41111875,0.30449578,0.1931933,0.10115521,0.1216934,0.2228179,0.32964852,0.4267139,0.5080266,0.5700443,0.61080855,0.62988293,0.6284337,0.60932875,0.577214,0.5384968,0.50100815,0.47285137,0.46000195,0.46354008,0.4789942,0.4986763,0.5147422,0.52098465,0.5133597,0.4899173,0.45055586,0.39675048,0.3313035,0.25818315,0.18271321,0.11350391,0.073103204,0.091840655,0.13447315,0.17198072,0.19672714,0.20648576,0.20108984,0.1817031,0.15060695,0.11133924,0.07031296,0.047343347,0.07017495,0.110866636,0.1502603,0.18294007,0.20659965,0.22029977,0.22417869,0.2194468,0.2085031,0.19513445,0.18457468,0.18265532,0.19330816,0.21626374,0.2479454,0.284057,0.3210351,0.35629413,0.3880749,0.41527244,0.43731862,0.45411113,0.46596855,0.47359002,0.47799882,0.48044786,0.48227152,0.48468363,0.48854962,0.49419144,0.5012904,0.50892574,0.5157348,0.52013874,0.5205735,0.5156829,0.50445616,0.4863104,0.461123,0.4292247,0.39136025,0.34862393,0.3023769,0.25415295,0.20555878,0.1581753,0.11346841,0.07272364,0.037090607,0.009736549,0.020824421,0.039405886,0.05356338,0.06382138,0.07135485,0.077516265,0.08352095,0.09013362,0.09749389,0.105176955,0.11241896,0.11835986,0.12221755,0.12338495,0.121473074,0.11632217,0.107995495,0.096764974,0.083098,0.06766385,0.05141655,0.035981372,0.025171472,0.025783766,0.036137573,0.049133796,0.06182014,0.07331111,0.083460905,0.09251669,0.10098824,0.109535456,0.118826106,0.1293764,0.14142272,0.15487027,0.16932522,0.18417887,0.19870426,0.21214046
139,0.14815298,0.15038371,0.14952472,0.14577419,0.13974771,0.13254228,0.12576765,0.12141177,0.121342316,0.1264932,0.13635284,0.14926879,0.16317151,0.17610057,0.18641838,0.1928608,0.19453992,0.19094184,0.18192665,0.16772814,0.14895152,0.12657373,0.10196783,0.07702317,0.05459367,0.039638735,0.037707362,0.044971384,0.05275518,0.056675367,0.055550076,0.050707687,0.04763771,0.05625306,0.08054367,0.11627608,0.15933271,0.20707196,0.25759628,0.30943072,0.36144927,0.41286716,0.46322003,0.5122964,0.5600132,0.6062466,0.6506477,0.69248366,0.73054427,0.7631369,0.78817356,0.803332,0.806266,0.79483426,0.76732194,0.722636,0.66045713,0.58134013,0.48675424,0.37906218,0.26143926,0.13774279,0.012872026,0.110576026,0.22583507,0.32942927,0.41756454,0.48724663,0.5364865,0.5644822,0.5717642,0.5603058,0.533608,0.4967526,0.4563474,0.42008328,0.39531928,0.38640603,0.39229298,0.40705895,0.42298743,0.4332756,0.43314442,0.4199334,0.39285848,0.3527235,0.3016708,0.24302948,0.18145691,0.124173746,0.085847184,0.08735072,0.11637978,0.14737158,0.16994867,0.18063742,0.17852226,0.16406877,0.13869342,0.10450678,0.06410765,0.020616286,0.02504944,0.067162864,0.10512688,0.13691169,0.1613183,0.1779155,0.18711695,0.1902631,0.18968374,0.18864414,0.1909355,0.19988059,0.21711317,0.24214824,0.27308214,0.3075979,0.34357846,0.37930736,0.41346735,0.44507894,0.47343853,0.49807265,0.51870936,0.5352611,0.5478108,0.5565914,0.5619515,0.5643032,0.5640541,0.56153107,0.5569125,0.5501824,0.5411226,0.52934575,0.51436543,0.4956892,0.47291622,0.44582433,0.414434,0.37904316,0.34023222,0.29884174,0.25592893,0.21271054,0.17050397,0.13068587,0.09471474,0.06435408,0.042462222,0.033608917,0.037210874,0.04487664,0.05184728,0.057409268,0.06239774,0.068042204,0.07525026,0.08419124,0.094312735,0.10464414,0.114107326,0.12171082,0.12664454,0.12831955,0.12638102,0.12070779,0.11140412,0.098789394,0.083394766,0.06599613,0.04779702,0.03132398,0.023854416,0.032314505,0.0478042,0.06388982,0.07860178,0.09122181,0.10153125,0.10965209,0.116005994,0.12128173,0.12636438,0.13219887,0.13959303,0.14901955,0.16050558,0.17365615,0.1877768,0.20202252
140,0.1348236,0.1395171,0.1413293,0.14045717,0.13746715,0.13332286,0.1293643,0.12714924,0.12807006,0.13282827,0.1411099,0.15172704,0.16305749,0.17344536,0.18142922,0.18584166,0.18584909,0.18096985,0.17108369,0.15643479,0.13762872,0.11562686,0.09175508,0.06778314,0.046273913,0.031637613,0.029006042,0.034046005,0.037942912,0.036645398,0.029568452,0.02235981,0.034251343,0.06525028,0.106559075,0.1551312,0.2091242,0.2668692,0.32675394,0.3872715,0.44709885,0.5051651,0.5606878,0.6131632,0.6623045,0.70793146,0.7498261,0.7875828,0.82048523,0.8474408,0.8669913,0.87740135,0.8768119,0.8634331,0.8357527,0.7927337,0.7339847,0.65989137,0.5717111,0.4716547,0.36305442,0.2510766,0.1469468,0.09645815,0.15509064,0.24513415,0.33013886,0.4013464,0.45503417,0.48942596,0.5041688,0.50024104,0.47995272,0.4469766,0.40639395,0.36468336,0.3293205,0.30721045,0.3015951,0.30977154,0.32473367,0.33893296,0.34657753,0.34410378,0.3299152,0.304015,0.26769692,0.22332272,0.17425501,0.12525459,0.08456298,0.06825938,0.08314013,0.10884623,0.13121453,0.14538498,0.14992376,0.14499936,0.13190015,0.11299331,0.09210419,0.075505584,0.07152245,0.08272979,0.1023684,0.12356116,0.14268291,0.1582743,0.17021248,0.17934082,0.18722908,0.19587654,0.20728181,0.22295341,0.24357808,0.2690152,0.2985524,0.3312136,0.36597204,0.40184477,0.43790767,0.4732774,0.507092,0.53850657,0.56670785,0.5909451,0.61056817,0.62506515,0.63409036,0.6374777,0.635236,0.6275283,0.6146377,0.59692705,0.5747998,0.5486686,0.51893914,0.48600954,0.45028675,0.41221446,0.37230697,0.3311821,0.28958878,0.24842702,0.20876339,0.17184766,0.13913172,0.11224873,0.0927633,0.081347816,0.07669101,0.07576577,0.075581625,0.074376024,0.07174099,0.06841954,0.06606962,0.066726126,0.07169943,0.08069701,0.092193216,0.104364075,0.11561177,0.12468445,0.13065988,0.1329128,0.13109048,0.12509474,0.11506729,0.101379156,0.084634714,0.06573212,0.04616636,0.029576078,0.026280804,0.039533056,0.057693347,0.075572304,0.09149223,0.10470546,0.11488474,0.12202374,0.12642951,0.12873511,0.12989798,0.13114229,0.13379352,0.13898866,0.14735556,0.15884627,0.17282206,0.1882958
141,0.11943239,0.12672861,0.13130438,0.13334255,0.13334474,0.13213456,0.13081025,0.13059172,0.13253114,0.13716231,0.14428501,0.15302831,0.162121,0.17018582,0.17594944,0.17836359,0.17667012,0.17043644,0.15957448,0.1443473,0.12536478,0.10357111,0.080234654,0.05698074,0.036042135,0.021458989,0.019174673,0.023382504,0.024185544,0.01790628,0.0031637147,0.02069543,0.053602897,0.09516714,0.1445466,0.20055144,0.26171887,0.32640597,0.39289474,0.45950118,0.52467966,0.5871107,0.6457618,0.69991004,0.74912,0.7931748,0.8319673,0.86536777,0.8930924,0.9146014,0.92905116,0.93531525,0.93207407,0.91796,0.8917362,0.8524853,0.79978776,0.73387617,0.6557663,0.5673844,0.47176194,0.37350637,0.28020185,0.20642139,0.1778665,0.20560086,0.26189888,0.32103148,0.37120527,0.40721408,0.4268286,0.42960933,0.41649765,0.38966274,0.3524667,0.30953485,0.2669198,0.23205759,0.21228583,0.21064559,0.22276889,0.24021053,0.25548124,0.2637321,0.26242197,0.25070757,0.2289887,0.19859076,0.16153193,0.1203834,0.07843711,0.041932017,0.03371256,0.05855065,0.08599071,0.108457446,0.12460298,0.13461739,0.13956079,0.14112842,0.141393,0.14239863,0.14563131,0.15160982,0.15989493,0.16950963,0.17945743,0.18907958,0.19820254,0.20712873,0.21652696,0.22726233,0.2402066,0.25607732,0.27534685,0.29822952,0.32471785,0.35462445,0.3876011,0.4231324,0.46051875,0.49886832,0.537111,0.57403827,0.6083657,0.6388088,0.6641621,0.68337375,0.69560605,0.7002792,0.6970944,0.68603754,0.6673643,0.6415711,0.60935634,0.57157725,0.52920765,0.4833019,0.4349685,0.38535672,0.33565968,0.28713676,0.24116129,0.19929804,0.16339268,0.13554583,0.11758007,0.10966235,0.109275036,0.11238803,0.115485966,0.11637242,0.11402878,0.10832291,0.09984571,0.089900546,0.08059301,0.07474428,0.07490698,0.08152825,0.09262429,0.1054469,0.11770069,0.12774484,0.13446617,0.1371562,0.13543664,0.12921643,0.11866551,0.104200296,0.08649188,0.06654992,0.046133,0.029822929,0.029362794,0.044913746,0.06446852,0.08335313,0.09992079,0.113351434,0.12321759,0.12939972,0.1320882,0.13181719,0.12951183,0.12652136,0.12456621,0.12547618,0.13066784,0.14061545,0.15475109,0.17183883
142,0.104238756,0.1141352,0.12139532,0.12618423,0.12893502,0.13034096,0.13130009,0.13278075,0.13560165,0.14018539,0.14640339,0.15359925,0.1607611,0.16674015,0.1704349,0.17091806,0.16751608,0.15985714,0.14789748,0.13193059,0.11258101,0.090783484,0.06775215,0.044958483,0.02424064,0.00958541,0.012434101,0.018710833,0.019679647,0.017318036,0.024546757,0.048688654,0.084931694,0.13087815,0.18507826,0.2460553,0.3121506,0.38155162,0.45237377,0.52276146,0.59099114,0.6555652,0.71528465,0.7692912,0.8170717,0.858418,0.8933473,0.9219885,0.94445246,0.9607104,0.970503,0.973304,0.96834666,0.954713,0.93146974,0.89783263,0.85333425,0.79798025,0.7323831,0.6578761,0.57662827,0.49181026,0.40791503,0.3313901,0.2714608,0.2390068,0.23873769,0.26169804,0.2930613,0.32173878,0.34148088,0.34924832,0.34402722,0.3262161,0.29731983,0.2598162,0.2171985,0.1743383,0.1383721,0.11891546,0.12167841,0.1398366,0.16193505,0.18049869,0.1918062,0.1942735,0.18758866,0.17229696,0.14956759,0.12104872,0.08884804,0.056061152,0.03135131,0.03877563,0.06618775,0.09501931,0.12153993,0.14489879,0.16504477,0.1822893,0.19710197,0.20996411,0.22126739,0.23126724,0.24009438,0.24781086,0.25448674,0.26027116,0.26543915,0.2704069,0.27571732,0.28200692,0.28996605,0.3003013,0.3136999,0.33078688,0.35206547,0.377839,0.40812868,0.44260916,0.4805818,0.52099204,0.56248677,0.6034988,0.64234656,0.67733794,0.7068696,0.72951674,0.7441069,0.74977607,0.7460048,0.73263353,0.70985824,0.6782095,0.638517,0.5918654,0.53954554,0.48300737,0.42382175,0.3636596,0.30430552,0.24773522,0.19631536,0.15319881,0.12270236,0.108982034,0.11121355,0.12240393,0.13540044,0.14596866,0.15211056,0.15309381,0.14893869,0.14019991,0.12790537,0.11360362,0.09950148,0.0885512,0.08388599,0.08696917,0.09624028,0.10850097,0.12083292,0.13116908,0.13816378,0.14099629,0.13924384,0.13280919,0.12187884,0.106901675,0.088597305,0.06805342,0.04719587,0.031069214,0.03158884,0.047797885,0.06784202,0.087089606,0.10382726,0.11716025,0.12657978,0.131873,0.13312203,0.13074201,0.12555331,0.11888767,0.11268799,0.1094242,0.11149184,0.12012439,0.13481002,0.15386978
143,0.09186314,0.10406487,0.11366618,0.12080482,0.12584502,0.12936841,0.13212012,0.13489287,0.13835278,0.142852,0.14830655,0.1541989,0.15969566,0.16381785,0.16560337,0.16423276,0.15911642,0.14995031,0.13674708,0.119846545,0.09990686,0.07787664,0.05494758,0.032486662,0.011946955,0.0053272815,0.018085495,0.025948249,0.030156784,0.035655234,0.05026651,0.07762783,0.11677971,0.16601327,0.22368748,0.2880936,0.35738012,0.42957404,0.5026522,0.5746361,0.6436925,0.70822835,0.76696956,0.81901324,0.8638473,0.90133065,0.9316337,0.9551417,0.9723324,0.9836443,0.9893577,0.989511,0.98387,0.9719566,0.95313346,0.9267279,0.8921752,0.8491599,0.7977397,0.73844194,0.6723331,0.60106695,0.52692914,0.45290297,0.38277912,0.32126918,0.27379054,0.2449886,0.23551266,0.24017034,0.2508152,0.26037166,0.26425335,0.26004454,0.24689017,0.22504026,0.195559,0.16015778,0.12118924,0.08215024,0.050736547,0.046515238,0.069660954,0.097513095,0.121658064,0.13956238,0.15034583,0.15396282,0.15101622,0.14273739,0.13106658,0.118825726,0.10980849,0.10807538,0.115846165,0.13205063,0.15376347,0.17820883,0.20341513,0.22809902,0.25143138,0.2728625,0.29201415,0.30862138,0.32250926,0.33359325,0.3418933,0.3475528,0.35085773,0.3522515,0.35234705,0.35193533,0.35198864,0.35364875,0.35818094,0.3668717,0.38086292,0.40095073,0.42741215,0.4599208,0.49757105,0.5389807,0.5824271,0.6259822,0.6676363,0.7054056,0.73742896,0.76205224,0.77790034,0.78393495,0.77949476,0.7643176,0.7385431,0.70269793,0.65766436,0.60463655,0.54506946,0.48062515,0.41312772,0.34453994,0.27699664,0.21298099,0.155896,0.1116518,0.090473175,0.097279266,0.11919706,0.14301379,0.16289432,0.17667824,0.18370129,0.18403727,0.1782309,0.16720454,0.15224807,0.13507523,0.117944345,0.10375056,0.09564984,0.09555281,0.10249857,0.11338279,0.12498928,0.13493957,0.14168687,0.1443043,0.14232269,0.13563271,0.12442775,0.10917427,0.09061664,0.06987581,0.048919193,0.03272474,0.032636613,0.048242487,0.06799585,0.087025896,0.10350136,0.1164601,0.12533243,0.12983334,0.12995097,0.12597774,0.11858558,0.10897202,0.09910344,0.091944516,0.09105399,0.09876109,0.1145122,0.13584699
144,0.08459278,0.09839805,0.10971187,0.11858921,0.12530921,0.13035606,0.13436249,0.1380038,0.1418481,0.1461998,0.1509949,0.15579413,0.15987249,0.16236241,0.16240202,0.15925886,0.15242097,0.1416571,0.12705079,0.10901183,0.08826814,0.06584388,0.043050863,0.02171449,0.008893565,0.019246005,0.030945515,0.03923587,0.04576853,0.055307318,0.07373964,0.10401669,0.14583077,0.19769265,0.25784856,0.3244097,0.3953597,0.4685932,0.54198897,0.6135025,0.68126494,0.74367595,0.7994821,0.84783167,0.8882997,0.9208779,0.9459269,0.964093,0.9761931,0.9830813,0.98551303,0.9840272,0.9788653,0.9699432,0.9568776,0.93906134,0.91577166,0.8862917,0.85002863,0.80661505,0.7559882,0.69844544,0.63468057,0.5658073,0.49338374,0.41946095,0.3467022,0.2786622,0.22033599,0.17864585,0.16032007,0.16456822,0.18123236,0.19961746,0.21315566,0.21857736,0.21456632,0.2010098,0.17862745,0.14878292,0.11343564,0.07548176,0.04173179,0.038181014,0.06793816,0.1020002,0.1328345,0.15829696,0.17753398,0.19041994,0.19745155,0.19972691,0.19893114,0.19727054,0.1972617,0.2012805,0.21093708,0.22662348,0.24756707,0.2722885,0.29908857,0.32634676,0.35264346,0.37678978,0.3978274,0.41502726,0.4278954,0.43618634,0.43992144,0.4394105,0.4352751,0.4284728,0.42031628,0.4124725,0.40690866,0.4057385,0.41093603,0.42395562,0.44539768,0.47487977,0.51115644,0.5523838,0.5963904,0.6408833,0.6835833,0.72231746,0.7550892,0.78014123,0.79601187,0.801585,0.7961299,0.7793259,0.7512716,0.7124758,0.6638314,0.6065751,0.54223454,0.4725714,0.39952686,0.3251881,0.25181824,0.18209313,0.12014841,0.07614476,0.07183932,0.10050617,0.13473651,0.16452818,0.187131,0.20177987,0.20849916,0.20777483,0.20044252,0.18765007,0.1708636,0.1519178,0.13310711,0.11723284,0.107257575,0.10506229,0.10999929,0.11926181,0.12966204,0.13871615,0.14477666,0.14685649,0.14445987,0.13747096,0.12608592,0.11077604,0.09228737,0.071730286,0.05100117,0.03461405,0.032782886,0.046671074,0.06540296,0.08367978,0.09950338,0.11184806,0.12010055,0.12392358,0.12322874,0.11819404,0.10932628,0.09760969,0.08483922,0.07423121,0.07066872,0.07807575,0.09554004,0.119297415
145,0.08306538,0.09761672,0.10994575,0.11993574,0.12775438,0.13379748,0.13861682,0.1428109,0.14688283,0.1510969,0.15538318,0.15932915,0.16225804,0.16336066,0.1618371,0.15702014,0.14846884,0.13603213,0.119885914,0.10054992,0.078896426,0.056195922,0.03444599,0.018833702,0.021667494,0.034174655,0.045329303,0.053745788,0.061478537,0.07315915,0.09395674,0.12645872,0.17038628,0.22418045,0.28590533,0.35347608,0.42471296,0.49739504,0.5693375,0.63848424,0.7030039,0.7613776,0.8124715,0.85558563,0.8904743,0.9173346,0.93676066,0.9496653,0.9571717,0.96048176,0.9607346,0.9588671,0.95549786,0.9508487,0.9447163,0.9364968,0.92525655,0.90983593,0.8889724,0.861428,0.82611275,0.7821965,0.72920644,0.6671046,0.5963448,0.5179074,0.43331417,0.34464523,0.2546297,0.1671781,0.09098331,0.0638443,0.109261595,0.165319,0.21285369,0.24756083,0.26786545,0.27338168,0.26461634,0.2428926,0.21036431,0.17021881,0.12755366,0.092619866,0.085170925,0.111350104,0.15149853,0.1923348,0.22842704,0.2573297,0.2780044,0.2903688,0.2951572,0.29387918,0.28879955,0.28286475,0.27944475,0.28174216,0.2919221,0.310426,0.33598968,0.36628762,0.39866638,0.43061814,0.45999137,0.4850586,0.5045321,0.5175691,0.52378076,0.52324605,0.5165299,0.504705,0.48937106,0.47265944,0.45718437,0.4458738,0.44160172,0.44662523,0.46201676,0.48740643,0.5211821,0.56096923,0.60409945,0.6479149,0.68991786,0.72783226,0.7596318,0.78356546,0.7981871,0.8023899,0.7954395,0.77699953,0.7471458,0.7063639,0.65553105,0.5958803,0.52895147,0.4565321,0.38059646,0.3032579,0.22677642,0.15378858,0.088768706,0.04906554,0.06980614,0.112238415,0.15136997,0.18288031,0.20573263,0.21980624,0.22546074,0.22340874,0.21466501,0.2005275,0.18258521,0.16275725,0.14335269,0.12705806,0.11655609,0.11344284,0.117082745,0.12492704,0.13399796,0.14189716,0.14700161,0.14833465,0.14541069,0.13812338,0.12667407,0.11153075,0.09342266,0.07341506,0.053256694,0.03678858,0.032619704,0.043762896,0.06075472,0.077780254,0.092606455,0.10413506,0.11171914,0.114984885,0.11378493,0.10819918,0.09857562,0.085651934,0.07089912,0.0574609,0.051650263,0.0597262,0.079561174,0.10553202
146,0.08562463,0.10045769,0.113387786,0.12410159,0.13265954,0.13939135,0.1447993,0.14943622,0.15375929,0.15798983,0.16202477,0.16543294,0.16753554,0.16753718,0.16466814,0.15830947,0.14808941,0.1339509,0.116195805,0.09552002,0.073082075,0.05077519,0.032493856,0.027105017,0.036485404,0.049126558,0.05971525,0.067785405,0.07569134,0.088128045,0.110084854,0.14396584,0.18931195,0.24431042,0.30675033,0.37430686,0.44462,0.5153577,0.5842971,0.6494179,0.7089942,0.7616758,0.8065487,0.8431699,0.87157243,0.8922388,0.9060447,0.9141745,0.91801226,0.9190148,0.9185725,0.9178679,0.91774327,0.9185928,0.92029244,0.9221808,0.92309463,0.9214569,0.9154069,0.9029588,0.8821752,0.8513404,0.80912304,0.7547172,0.6879522,0.60936517,0.52023184,0.42255864,0.3190588,0.21322037,0.11034303,0.04045215,0.1031581,0.18332571,0.25202632,0.3051287,0.34069157,0.35790744,0.35700038,0.33924213,0.30702895,0.2641192,0.21634653,0.17346592,0.1512644,0.16282667,0.20069002,0.2483963,0.29518256,0.3353904,0.36606324,0.38584796,0.394574,0.3931016,0.3832919,0.3680391,0.35129037,0.33786374,0.33271995,0.33951086,0.3591068,0.38939902,0.42650563,0.46618575,0.5046547,0.538858,0.5665,0.5860095,0.5965075,0.5977905,0.59032583,0.57525665,0.5544089,0.53029054,0.50604707,0.48529798,0.47173995,0.4684552,0.47710514,0.49746424,0.52762765,0.56470627,0.6055338,0.6471047,0.6867486,0.7221576,0.7513633,0.77271366,0.7848671,0.78680295,0.77784276,0.7576738,0.72636664,0.6843814,0.63255787,0.57208914,0.5044787,0.4314839,0.355053,0.27726686,0.20032239,0.12672403,0.061151903,0.03611438,0.07912746,0.1258762,0.16540007,0.19610213,0.21762677,0.23014122,0.23418476,0.2306106,0.22055411,0.20541756,0.18687443,0.16689639,0.1477811,0.13207492,0.122130126,0.119128615,0.122253485,0.12911491,0.13700622,0.143738,0.14781788,0.14835033,0.14490144,0.13739541,0.12604538,0.111312225,0.09389578,0.07479376,0.05556961,0.039349057,0.032865267,0.04041922,0.054936294,0.07023283,0.083753,0.09429565,0.10117745,0.103996314,0.102560125,0.096870124,0.087138586,0.07386881,0.05813694,0.04267517,0.035245515,0.045385994,0.06783926,0.0952599
147,0.08948561,0.10471875,0.11824234,0.1296125,0.13883151,0.14620559,0.15222387,0.15741916,0.16221179,0.16676895,0.17092465,0.17418887,0.1758393,0.1750604,0.17109019,0.16334869,0.1515381,0.13571613,0.116354175,0.094411254,0.07152208,0.050643403,0.037797943,0.039716862,0.05121921,0.06361883,0.07344288,0.080608726,0.08768588,0.09959181,0.12150683,0.155836,0.2018495,0.2573401,0.31972668,0.38639104,0.45476726,0.52240807,0.5870695,0.64680517,0.70005625,0.7457237,0.7832138,0.81245095,0.833855,0.84828436,0.85695034,0.86130846,0.86293775,0.86341494,0.86419064,0.86647093,0.87110525,0.87848437,0.8884566,0.9002767,0.91260415,0.9235617,0.93085647,0.93195385,0.92428666,0.90547997,0.87357205,0.8272154,0.7658465,0.6898201,0.60051745,0.5004714,0.39365894,0.28652936,0.19223122,0.14428006,0.17585607,0.24682169,0.3193197,0.37986597,0.4230233,0.4463864,0.44938534,0.43298414,0.39966705,0.35365808,0.30156603,0.25374806,0.22527261,0.22964115,0.264742,0.31589824,0.36984143,0.4182982,0.45648032,0.48178205,0.49314559,0.4907875,0.47610924,0.45173156,0.42163298,0.3913181,0.3676939,0.35789618,0.36658582,0.39344507,0.43369147,0.4808599,0.528972,0.5732884,0.6103277,0.6377157,0.6540546,0.658844,0.652437,0.6360173,0.61158675,0.58194923,0.5506617,0.52187747,0.49995118,0.48868763,0.49035734,0.5050013,0.5305613,0.56373143,0.6009054,0.638773,0.6745384,0.70592076,0.73107946,0.74853766,0.7571325,0.7559954,0.7445562,0.7225599,0.6900876,0.64757043,0.5957914,0.5358706,0.46923205,0.39755458,0.32271123,0.24670753,0.17165078,0.09992472,0.037029535,0.041163642,0.09202157,0.13782306,0.17522432,0.2035206,0.22262773,0.23286287,0.23487929,0.22962806,0.21833032,0.20246087,0.18374838,0.16419059,0.14604993,0.13170685,0.12314469,0.12106227,0.12435984,0.13073096,0.13774537,0.14348346,0.14665173,0.14648858,0.1426457,0.13509618,0.12407166,0.11002426,0.09361679,0.075767905,0.057848293,0.042334948,0.034137923,0.03772347,0.049035102,0.062113896,0.07403113,0.08342904,0.08956778,0.092014,0.090538174,0.08508019,0.075747125,0.062854126,0.047112707,0.03062895,0.022636171,0.036343515,0.060637068,0.08830518
148,0.09226547,0.10834212,0.12269753,0.1348639,0.1448582,0.1530157,0.1598483,0.16588643,0.17151128,0.17681518,0.18153621,0.18508868,0.18667416,0.1854332,0.18059857,0.17162728,0.15830435,0.14082398,0.11986796,0.09673465,0.07367635,0.05482011,0.04692944,0.052814547,0.0652407,0.07728964,0.0861486,0.09187054,0.097152814,0.10724614,0.12786369,0.16165513,0.20758298,0.26291317,0.3245954,0.38966212,0.4553136,0.5189793,0.5784039,0.6317448,0.6776622,0.71538484,0.7447391,0.76613355,0.7804955,0.78916353,0.79374385,0.7959507,0.79745144,0.7997398,0.80404925,0.81130403,0.82208675,0.8365975,0.8545892,0.8752883,0.89733183,0.91875976,0.9370893,0.9494756,0.9529402,0.9446403,0.9221469,0.8837096,0.8284925,0.7567815,0.670187,0.5719224,0.46738464,0.36565474,0.28312242,0.2461732,0.26974857,0.3311956,0.40121308,0.46328437,0.5092065,0.53495973,0.53910226,0.522226,0.48684454,0.4375806,0.38175568,0.3304517,0.29873034,0.29987872,0.33377895,0.38738543,0.4464857,0.50105083,0.54480845,0.5740586,0.58694375,0.58308357,0.5634184,0.53020114,0.4871456,0.4397708,0.39586383,0.36538026,0.35794365,0.3773947,0.41900378,0.47342744,0.53166705,0.58686584,0.6342209,0.6705474,0.69395834,0.7036822,0.69996554,0.6840183,0.6579777,0.6248733,0.5885642,0.5535811,0.5247413,0.5063897,0.5013222,0.50990814,0.53009087,0.5583054,0.59061986,0.62349397,0.65406084,0.68011737,0.7000049,0.71248007,0.71661806,0.7117565,0.6974763,0.6736089,0.64025706,0.59781814,0.5469987,0.48881412,0.4245693,0.3558206,0.28432226,0.21196857,0.14076577,0.07307711,0.019282322,0.054875538,0.104381055,0.14671385,0.18048847,0.20530611,0.22121951,0.22864428,0.22831684,0.22126032,0.20875636,0.19232754,0.17373496,0.15498397,0.13828744,0.12584311,0.119236425,0.11864393,0.122640036,0.12896474,0.13545558,0.14048381,0.1429868,0.14236501,0.13837475,0.13104784,0.12063718,0.10758406,0.09250979,0.076250345,0.059994597,0.045683607,0.036724586,0.036755204,0.044331618,0.054684423,0.06467219,0.072735295,0.078042164,0.080112495,0.07867766,0.07362726,0.064991795,0.052957345,0.037980106,0.02161268,0.015052549,0.032497052,0.056978267,0.08377094
149,0.092588075,0.10995562,0.12539193,0.13852258,0.14945635,0.15860818,0.16654044,0.17378604,0.18067056,0.18718012,0.1929201,0.19717604,0.19904909,0.19762155,0.1921159,0.18202858,0.16723645,0.14808609,0.125495,0.10114062,0.07793299,0.0609739,0.056737754,0.065069675,0.0781652,0.089897454,0.09766774,0.10150206,0.104108624,0.11110551,0.12908755,0.1613095,0.2064337,0.26104733,0.32151857,0.38447404,0.44685516,0.50596035,0.55952865,0.6058431,0.64382565,0.6731018,0.694017,0.70758975,0.71539354,0.7193676,0.72157377,0.72393715,0.7280287,0.7349459,0.7453194,0.75941813,0.7772808,0.7987902,0.8236391,0.8511965,0.8803341,0.9092969,0.93568677,0.9565833,0.96878433,0.96912277,0.95481145,0.9237806,0.874987,0.80869865,0.72678983,0.6331444,0.5343881,0.44132546,0.37085867,0.34333503,0.36594996,0.42210224,0.4887477,0.54969734,0.5955183,0.62113005,0.6244337,0.6057369,0.56760657,0.5150375,0.45598936,0.40219572,0.36879757,0.36866844,0.40235505,0.45784697,0.5206116,0.57950234,0.62713504,0.65892804,0.67235583,0.66652346,0.64194816,0.600489,0.5454377,0.4818678,0.41740742,0.36336285,0.33434856,0.34152922,0.382544,0.44422624,0.513167,0.5798436,0.6380807,0.6839795,0.715267,0.73097235,0.73126966,0.7173943,0.6915865,0.6570376,0.6178093,0.5786652,0.5446921,0.52056056,0.50943494,0.51199776,0.5263212,0.54876393,0.57522565,0.6020416,0.62634003,0.64604175,0.6597105,0.6663788,0.66540295,0.6563677,0.63903856,0.6133541,0.5794456,0.53766835,0.48863146,0.4332148,0.37256736,0.30808353,0.241362,0.17415917,0.108394034,0.046770953,0.022152646,0.06979168,0.11480441,0.15234481,0.18155944,0.20219514,0.21439674,0.21865433,0.21576665,0.20680694,0.19309421,0.17617625,0.15782887,0.14005761,0.12503101,0.114769086,0.11044345,0.11168196,0.116721325,0.12334185,0.12964272,0.13428615,0.13644572,0.1356894,0.13188052,0.12510866,0.11564462,0.10391486,0.09049643,0.07614436,0.06188497,0.04923735,0.040507715,0.038159247,0.042098958,0.049337607,0.05703016,0.063486904,0.06776623,0.06932242,0.06784095,0.06316725,0.055278473,0.044287562,0.030538198,0.015488078,0.013284654,0.0321453,0.05544398,0.08069604
150,0.090094745,0.10895664,0.12553766,0.13967419,0.15163638,0.16195855,0.17126681,0.18008412,0.18864767,0.19679546,0.20396137,0.2092739,0.21171786,0.21031156,0.20426798,0.1931278,0.17686643,0.15599029,0.13166054,0.10594205,0.08239475,0.0669402,0.06553094,0.075881064,0.08975812,0.1013252,0.107999064,0.10965961,0.10886966,0.111523755,0.12542547,0.15498886,0.19865362,0.25212336,0.31104234,0.3715741,0.4303836,0.48463562,0.53206944,0.57110935,0.60097224,0.6217421,0.6343824,0.64066076,0.64295816,0.64395237,0.64619863,0.6516978,0.6615929,0.6761222,0.694847,0.7170368,0.74202913,0.76941687,0.799004,0.83056426,0.86350447,0.89656824,0.92769426,0.9540816,0.97244346,0.9793839,0.9718239,0.9474226,0.90496665,0.8447313,0.76885706,0.68183684,0.59127194,0.5089413,0.4510492,0.43321425,0.458246,0.51220185,0.5760502,0.6348498,0.6789478,0.70277566,0.7038777,0.68243265,0.6411267,0.58531934,0.52352464,0.46798256,0.43379903,0.4332714,0.46701792,0.5236756,0.5886799,0.6502144,0.7001162,0.7331449,0.74626064,0.7381616,0.7090117,0.660302,0.5948497,0.51702875,0.43349943,0.35498896,0.29911968,0.28755593,0.32574603,0.39531884,0.47579896,0.5543398,0.62355757,0.6791021,0.71851075,0.74073225,0.74592555,0.73536056,0.71135235,0.6771928,0.6370523,0.5957942,0.5585967,0.530243,0.5140751,0.5110099,0.5193235,0.53547066,0.5553586,0.5753272,0.59257835,0.6052022,0.6120154,0.61235297,0.6058807,0.59245795,0.5720573,0.54473794,0.51066005,0.47012454,0.4236195,0.37185863,0.3158004,0.25664392,0.19580501,0.13489537,0.075844295,0.02374894,0.03892069,0.083609566,0.1229625,0.1550305,0.17918621,0.1952744,0.20351061,0.20444018,0.19890247,0.1879959,0.17304942,0.15560985,0.13745041,0.12058253,0.107169725,0.09910502,0.097151145,0.10035501,0.10661034,0.113749824,0.12013431,0.12470717,0.12686612,0.1263345,0.12307089,0.1172116,0.1090365,0.09895183,0.08748987,0.07533082,0.06336019,0.05276791,0.04509473,0.04179856,0.043045156,0.047262043,0.052398957,0.056911364,0.0598238,0.06054243,0.058715824,0.054161217,0.04683419,0.036844656,0.024636053,0.012698767,0.01619306,0.03399125,0.055420633,0.07878931
151,0.085362665,0.105442315,0.12288601,0.13782693,0.15074168,0.16230321,0.17319338,0.18389095,0.19449398,0.20464118,0.21355651,0.22019035,0.22340411,0.22215377,0.21564837,0.20347856,0.18572193,0.16304438,0.13684596,0.10957354,0.08544713,0.0712399,0.07246806,0.084967464,0.09992293,0.111569345,0.11726503,0.11666701,0.112012744,0.109209284,0.117458574,0.14317602,0.1848091,0.23686843,0.2940741,0.35206866,0.40723625,0.4566163,0.49795783,0.5298392,0.55179805,0.5644308,0.5694202,0.56943995,0.5678672,0.56825423,0.57360274,0.58566296,0.60459787,0.6292116,0.6576098,0.6879431,0.7189408,0.7501129,0.7816224,0.81390387,0.8471503,0.88083446,0.9134226,0.94237334,0.96440625,0.9759521,0.9736763,0.95499545,0.9185503,0.8646406,0.79566723,0.71666104,0.63596094,0.56576735,0.5210061,0.5134407,0.54291093,0.59680194,0.6587426,0.7151657,0.7567367,0.7778317,0.77591705,0.75120604,0.70657855,0.6477522,0.5836987,0.5269836,0.49249324,0.49180558,0.5253356,0.58218044,0.6479317,0.7104397,0.7610538,0.7940924,0.80616504,0.7956875,0.7625658,0.7079938,0.6343532,0.54526955,0.44603792,0.34511703,0.2587636,0.21896687,0.2513829,0.3309108,0.42415905,0.51452607,0.59410435,0.65859884,0.7056459,0.7342654,0.7446673,0.73816687,0.71712345,0.68486655,0.6455819,0.6041083,0.56555384,0.53462076,0.5146365,0.5066366,0.50912136,0.5187759,0.53168464,0.5443305,0.55407643,0.55922824,0.5588785,0.5526789,0.54061866,0.52284676,0.4995554,0.47092932,0.43715167,0.3984509,0.3551667,0.3078138,0.25712746,0.20408374,0.1499014,0.09608069,0.044988032,0.01863172,0.05636294,0.09547056,0.12881543,0.15523537,0.1742503,0.18578239,0.19009992,0.1877822,0.17968275,0.16689251,0.15071201,0.1326456,0.11443183,0.09809683,0.08589368,0.07974161,0.080043666,0.08518893,0.092695385,0.10046738,0.10713423,0.1119065,0.11438295,0.11441784,0.11204264,0.107422814,0.100836106,0.09266535,0.08340285,0.073666096,0.064222075,0.055997554,0.049991865,0.04694721,0.04684632,0.04879299,0.051508527,0.05385148,0.05499414,0.054394603,0.051730625,0.046854272,0.039786696,0.030810343,0.021005869,0.015270675,0.022708885,0.038521625,0.057669654,0.07880555
152,0.07987628,0.10012661,0.11765416,0.13286334,0.14642994,0.15915115,0.17172654,0.18452807,0.19744383,0.20985483,0.22074066,0.22886157,0.23295808,0.23193234,0.22499846,0.21180287,0.19252546,0.16798422,0.13980323,0.110801116,0.08591459,0.07299027,0.0771954,0.092276126,0.108689025,0.12071063,0.12565431,0.12293022,0.11429015,0.1052161,0.10612769,0.12662354,0.16575436,0.21633458,0.27185532,0.32738337,0.3790398,0.42376408,0.45933324,0.4844929,0.49912116,0.504375,0.5027621,0.49804032,0.49478823,0.4975078,0.5093813,0.53126705,0.5616175,0.59736204,0.635128,0.6722003,0.7070245,0.7392995,0.76974344,0.79959977,0.8299825,0.8612259,0.892443,0.9214392,0.9449929,0.95938927,0.96105605,0.9471857,0.9162942,0.8687232,0.80712956,0.7370166,0.66725606,0.6100628,0.5787833,0.5819135,0.61706495,0.6723445,0.7332417,0.7874655,0.8262572,0.8442228,0.83896744,0.8108755,0.763081,0.7016397,0.6358688,0.5784615,0.5438822,0.5428752,0.575541,0.6313845,0.6963194,0.7581389,0.80796164,0.8398726,0.8502963,0.8375022,0.8012537,0.74255496,0.6634679,0.56700957,0.45721516,0.33972856,0.22476357,0.14299755,0.16389489,0.25871682,0.36590528,0.46691066,0.5550057,0.62666947,0.6799415,0.7140434,0.72928196,0.72701186,0.7095945,0.6803262,0.64331263,0.6032475,0.5650237,0.5330932,0.510597,0.49856326,0.4956931,0.49898782,0.5048486,0.51003194,0.5121511,0.5097739,0.5022864,0.48966148,0.47221357,0.45038503,0.4245918,0.3951421,0.3622291,0.32598364,0.28656238,0.2442432,0.19950368,0.15307231,0.10596997,0.059704285,0.019681731,0.03468906,0.07156689,0.104779385,0.13231528,0.15337083,0.16757843,0.17492115,0.17570208,0.17051168,0.16018797,0.14577484,0.12848997,0.109721996,0.091087975,0.07458085,0.06268873,0.0577708,0.060068637,0.067075774,0.075799815,0.08424233,0.09132151,0.09650127,0.099551,0.10042254,0.099191666,0.09603368,0.09121713,0.085107274,0.07817338,0.07099284,0.06423766,0.058612045,0.054700516,0.052738946,0.052457985,0.05317035,0.05403978,0.054315433,0.0534367,0.051049273,0.04699388,0.041311108,0.034318358,0.02692817,0.021673962,0.023292117,0.032829702,0.04700006,0.06376292,0.082286105
153,0.075921215,0.09425512,0.11045522,0.12498419,0.13863485,0.15226837,0.1665213,0.1815581,0.19696245,0.21179436,0.22476259,0.23443703,0.23944959,0.23866345,0.23130915,0.21709394,0.196296,0.16987012,0.13963771,0.10877085,0.08303348,0.071773745,0.07972627,0.09795179,0.116185606,0.12886901,0.13335031,0.12882693,0.11648212,0.1008717,0.0927849,0.106321305,0.14259893,0.19187929,0.24593282,0.29921722,0.34764603,0.38810825,0.4184395,0.43756887,0.44573063,0.44468522,0.43787435,0.43033323,0.4280197,0.4362627,0.45776376,0.49156147,0.5338402,0.57973784,0.6248714,0.6661588,0.7021115,0.7327985,0.75955564,0.784448,0.80952644,0.836028,0.863766,0.8909365,0.91439813,0.9302972,0.9348295,0.92497665,0.8991515,0.8577577,0.8037087,0.74292487,0.6846401,0.6407853,0.6229783,0.6368856,0.6783648,0.73595583,0.79652405,0.8489108,0.885037,0.89990705,0.8914106,0.8601978,0.80968934,0.74623734,0.6793772,0.6217266,0.587134,0.5854294,0.61637914,0.66992575,0.7324693,0.7919874,0.8395992,0.869352,0.8776488,0.8627532,0.82441515,0.7635828,0.6821697,0.5828615,0.46896216,0.34430632,0.21344405,0.08492074,0.073806465,0.19452554,0.31317142,0.42060462,0.5132862,0.58883756,0.6457732,0.68351763,0.7024475,0.70391005,0.69020325,0.66450584,0.63074136,0.5933405,0.55684847,0.5253236,0.5015776,0.48651567,0.47899112,0.4763587,0.47543323,0.47335142,0.46805742,0.45842448,0.44414517,0.42551,0.40315133,0.37780118,0.35009757,0.320466,0.28909063,0.25596973,0.2210302,0.1842634,0.1458459,0.10622818,0.066229396,0.027725957,0.01813645,0.051302254,0.08332504,0.1110236,0.13336216,0.14972615,0.15982854,0.16369648,0.16165252,0.15428098,0.14238173,0.12691833,0.1089711,0.08971436,0.07046047,0.0528784,0.039586153,0.034419775,0.038485706,0.04747363,0.05742644,0.066545516,0.074107155,0.07982139,0.08359079,0.08542399,0.08541045,0.08372193,0.08062489,0.076493844,0.07181525,0.06716728,0.0631532,0.06027064,0.05874216,0.05840461,0.058754355,0.05912251,0.058860675,0.05745913,0.054599356,0.050175644,0.044324223,0.03751429,0.030818434,0.026474845,0.027603453,0.03490521,0.04623912,0.059794128,0.07469629,0.090581916
154,0.07596608,0.089441285,0.10223821,0.114664644,0.12752701,0.14165178,0.15747392,0.17479411,0.19276777,0.21006967,0.22512412,0.23632486,0.24221775,0.2416472,0.2338733,0.21866727,0.1963965,0.16812758,0.13583517,0.103004254,0.0763951,0.067593105,0.08041472,0.10230619,0.12260031,0.13615063,0.14045925,0.13459326,0.11920111,0.09757367,0.07929015,0.083467565,0.11668219,0.16516127,0.21813168,0.26948842,0.3150557,0.35175112,0.37751234,0.3914713,0.39423007,0.38818756,0.37782404,0.36962885,0.370982,0.38752112,0.42039403,0.46604732,0.518526,0.57185835,0.6213248,0.66390824,0.6983845,0.72523224,0.7463566,0.76456696,0.7827908,0.8031447,0.82614636,0.85038614,0.87279385,0.8893615,0.89604527,0.889625,0.8684313,0.8329517,0.78636014,0.73494816,0.6881746,0.65747464,0.6526922,0.6770356,0.7249683,0.7853374,0.8460844,0.89704627,0.93084586,0.94297016,0.93167466,0.8979239,0.84542394,0.7807579,0.7135391,0.6561118,0.62153834,0.6186859,0.64701694,0.6969845,0.75563765,0.8113552,0.85546684,0.88216394,0.88798463,0.871327,0.8320618,0.7712281,0.6907864,0.59342164,0.48239788,0.36151242,0.23541592,0.11297924,0.06806781,0.17013626,0.28294858,0.3867978,0.47716737,0.55150235,0.60826486,0.6468313,0.6675019,0.6715089,0.66098803,0.6388991,0.6088739,0.5749635,0.54124415,0.51126176,0.48738652,0.4703069,0.45897138,0.45108733,0.4439336,0.43509936,0.42292142,0.40661323,0.38618135,0.3622242,0.3356791,0.3075609,0.27872938,0.24972351,0.22069626,0.19146502,0.1616586,0.13090952,0.099031866,0.066144876,0.03277675,0.005108148,0.03381446,0.06390942,0.09094377,0.11387234,0.13190645,0.14451912,0.15147214,0.15282261,0.148906,0.1402982,0.12776162,0.112181455,0.09449912,0.075651795,0.05653257,0.03801385,0.02128898,0.011108086,0.017759234,0.029602343,0.04074836,0.050389305,0.05833713,0.06452435,0.06892365,0.071545854,0.07246423,0.07184831,0.06999643,0.06735541,0.0645093,0.062109187,0.060720716,0.06062008,0.06165722,0.06329866,0.06481555,0.06548362,0.064714506,0.06212172,0.057555683,0.051144708,0.04339537,0.03547294,0.029817907,0.030042859,0.03722051,0.0487216,0.06209762,0.076069966,0.09004818,0.10383285
155,0.08131331,0.087282486,0.094220966,0.102637455,0.11348446,0.12750001,0.14470673,0.16429742,0.18483646,0.20455384,0.22159591,0.23421155,0.24089342,0.24049202,0.23231058,0.21618523,0.19255781,0.16256998,0.12828001,0.09339398,0.065898895,0.06092807,0.07995118,0.10576826,0.12812726,0.14259851,0.14695607,0.14024153,0.12270851,0.09641018,0.0680872,0.05948604,0.08959192,0.13817382,0.19052507,0.24025862,0.2833166,0.31674966,0.33864754,0.34836286,0.34686816,0.33721802,0.32500568,0.31826264,0.32553688,0.35178906,0.39557967,0.45078698,0.5101579,0.56743497,0.61804605,0.6592424,0.6901045,0.7114725,0.7257278,0.7363185,0.7469618,0.7606013,0.7784293,0.79939836,0.8204636,0.8374174,0.845951,0.84264207,0.8257562,0.7958845,0.7564641,0.7141189,0.6784261,0.6601903,0.6675216,0.701519,0.755561,0.8187661,0.8799658,0.9298764,0.9618025,0.9717395,0.95833766,0.9228817,0.86932874,0.8044056,0.7376563,0.68096834,0.64648014,0.64207685,0.6669709,0.7122116,0.7656487,0.8162558,0.8557619,0.8786679,0.8817928,0.86380243,0.82482,0.76611847,0.6898887,0.5990956,0.49748138,0.3899226,0.28392106,0.19539085,0.16214812,0.20761901,0.28940058,0.3755837,0.45445836,0.5209975,0.5726788,0.6083946,0.6281318,0.63285214,0.62440646,0.60542184,0.57912546,0.5490748,0.5187684,0.49114275,0.46804452,0.4498764,0.43562868,0.42333567,0.41074967,0.3959459,0.37768942,0.35555425,0.32986018,0.30149856,0.27169606,0.24174847,0.21275204,0.18537393,0.15971996,0.13535845,0.111511625,0.087347664,0.062263317,0.036087953,0.009677868,0.019512746,0.04620673,0.071526796,0.09423722,0.113359936,0.12812924,0.13804044,0.14288002,0.14272922,0.13794203,0.12910154,0.11696027,0.10237087,0.086215146,0.06934056,0.05251841,0.036458943,0.022048362,0.012039631,0.014219312,0.0235349,0.033224974,0.041997854,0.04949705,0.05551845,0.05990541,0.06256226,0.06350003,0.062890716,0.06111736,0.058802202,0.056771923,0.05589122,0.0567419,0.05931731,0.063005954,0.06686485,0.06992355,0.07136441,0.070598595,0.06729863,0.061430473,0.05332727,0.04390066,0.03523914,0.031540487,0.036661427,0.04865864,0.0636408,0.079299405,0.094428405,0.108382724,0.12089137
156,0.0912415,0.08873514,0.08776348,0.08992234,0.09708679,0.11018406,0.12855002,0.15037024,0.17339937,0.19538002,0.21421634,0.22806357,0.23540363,0.23512125,0.22657652,0.20966889,0.18489498,0.15342365,0.11729363,0.080233864,0.051716987,0.052949812,0.07932502,0.108809195,0.1329148,0.14815956,0.15266325,0.1455368,0.12682846,0.09773068,0.06181728,0.03631851,0.06335846,0.1133319,0.16536601,0.21360058,0.2543692,0.28495437,0.30363598,0.3099921,0.30534786,0.29339242,0.28082722,0.27712238,0.29136047,0.32671952,0.37889087,0.4400428,0.50257415,0.5604609,0.60946506,0.64713484,0.6728164,0.6876386,0.69436723,0.69699556,0.69995475,0.7069682,0.71986246,0.7378892,0.7579399,0.77552307,0.78601366,0.78577393,0.77301425,0.7484415,0.715752,0.68186444,0.656397,0.6494606,0.6675487,0.70999885,0.7693876,0.83512217,0.89680755,0.9459444,0.97647715,0.98489684,0.97023696,0.9340725,0.88054943,0.81643426,0.7510547,0.69568187,0.6614298,0.65520924,0.67604196,0.71565104,0.7628148,0.80726767,0.84130156,0.85987294,0.86021143,0.8413712,0.8038463,0.7492668,0.68018615,0.5999903,0.51300746,0.42500174,0.34439927,0.2842597,0.26097974,0.2806641,0.3297229,0.3900422,0.44968587,0.5020307,0.54348636,0.57228786,0.5879635,0.5910868,0.58311826,0.5662498,0.54320014,0.51693076,0.49026906,0.46546674,0.4437921,0.42531753,0.40903145,0.3932564,0.37619665,0.35641113,0.33309984,0.30619836,0.2763277,0.24465063,0.21266903,0.18197607,0.15396556,0.12951036,0.10868218,0.090675995,0.07408759,0.057476297,0.03999771,0.02253114,0.015704457,0.031624045,0.053002276,0.07428195,0.09369855,0.11009751,0.122651875,0.1308469,0.13448602,0.13368094,0.12882015,0.12051822,0.109551266,0.09678645,0.083115704,0.069408014,0.056501742,0.045266587,0.036739897,0.03212536,0.032063074,0.035685893,0.041295815,0.04748557,0.053312607,0.0581213,0.06143574,0.0629437,0.06252963,0.060332473,0.056819893,0.0528659,0.0497573,0.04891073,0.051142123,0.056063753,0.06238082,0.06861183,0.073496334,0.07609296,0.075779706,0.0722546,0.06556953,0.056243956,0.045611665,0.03678948,0.035535436,0.04482297,0.060583588,0.07862171,0.09665323,0.113369204,0.12795913,0.13997771
157,0.10377308,0.0936551,0.08409835,0.07791799,0.07916719,0.09021991,0.109525084,0.13354793,0.15893047,0.18292663,0.20327665,0.21811445,0.22596157,0.22576697,0.21696062,0.19950302,0.173925,0.14137132,0.10372994,0.0643631,0.034275766,0.045984272,0.07968293,0.111848965,0.13702516,0.15267657,0.15726684,0.15003619,0.13100034,0.10098478,0.061763145,0.018912496,0.041365042,0.09352121,0.1448745,0.19134815,0.22980724,0.25778818,0.27375826,0.27749625,0.27062562,0.257381,0.24543138,0.24533816,0.26591283,0.3079684,0.36494428,0.4283218,0.4907224,0.54652566,0.59183264,0.62444425,0.6439114,0.651581,0.65052634,0.6452171,0.6407597,0.6416475,0.65032154,0.66624945,0.6861205,0.7050241,0.7179372,0.7209793,0.7123066,0.6927425,0.6662248,0.63992584,0.62345296,0.6262292,0.6533194,0.702653,0.76627046,0.83391243,0.8958853,0.9443962,0.9739769,0.98157626,0.96657044,0.9307678,0.8784205,0.8162207,0.7531419,0.69970936,0.66595334,0.6578412,0.67426026,0.70766115,0.7478439,0.78543365,0.81341875,0.82733196,0.8249215,0.8057316,0.7707236,0.72197074,0.6624411,0.5958936,0.5269189,0.4611306,0.40534836,0.367096,0.35220692,0.36106464,0.38778096,0.42384052,0.46171254,0.49600288,0.52325517,0.54152596,0.5500674,0.54911757,0.53973645,0.52363455,0.5029547,0.47998673,0.45681715,0.43496165,0.41507998,0.39689127,0.37935024,0.361025,0.34053007,0.31687748,0.28968114,0.25921786,0.22638305,0.1925809,0.15957864,0.12932974,0.10371818,0.084090255,0.070499636,0.061207972,0.053413596,0.044800952,0.034685686,0.0253719,0.024878886,0.03704923,0.05474617,0.0733681,0.09073014,0.10547927,0.116719835,0.12393521,0.12696272,0.12596586,0.121390946,0.113907546,0.104337335,0.093578026,0.08253176,0.072048075,0.06289,0.055718627,0.051062264,0.04921654,0.05009763,0.053201184,0.057742693,0.062846705,0.06766612,0.071440816,0.073539115,0.07350245,0.071097516,0.066380024,0.05978588,0.0522843,0.04560615,0.042235434,0.044115137,0.050656125,0.059430193,0.06811125,0.07504683,0.07913696,0.079704314,0.076452434,0.069501236,0.059542753,0.048322048,0.039891683,0.040936008,0.053321477,0.07199188,0.09267609,0.11299655,0.13147648,0.14711061,0.15925159
158,0.11687427,0.10099002,0.08392263,0.06850261,0.06102807,0.068247266,0.08833787,0.114600524,0.14213225,0.16779265,0.18929365,0.20483942,0.21304512,0.21295348,0.20407742,0.1864392,0.1605933,0.12763183,0.08919776,0.047743127,0.014414492,0.043756064,0.08203157,0.11516561,0.14041686,0.15590627,0.16036293,0.15317188,0.13443127,0.10498339,0.066437386,0.021729548,0.030930797,0.08157644,0.13070767,0.17468807,0.21055807,0.23598789,0.24957058,0.25122187,0.24276066,0.22878897,0.21764645,0.22049749,0.24534656,0.2908573,0.3491536,0.41167945,0.47146,0.52326256,0.5634686,0.59006864,0.6027535,0.6030158,0.5941636,0.5810948,0.5696011,0.5650142,0.5704311,0.58544844,0.6063489,0.6276021,0.64367217,0.65040135,0.64588845,0.6310617,0.61006397,0.59026915,0.58124363,0.5917934,0.6258057,0.68015933,0.7466059,0.8152759,0.87713087,0.92501956,0.95400417,0.96143776,0.9469795,0.9125959,0.86255026,0.8033452,0.74347764,0.69263315,0.6597403,0.64987665,0.66184336,0.6888421,0.7217438,0.7521499,0.7738412,0.78301555,0.7780204,0.758965,0.72734445,0.6857123,0.6374085,0.58633876,0.53677416,0.49308762,0.4592839,0.43821874,0.43072075,0.43522757,0.44835642,0.4660255,0.4844083,0.5004205,0.5118576,0.51737833,0.51644206,0.5092321,0.4965563,0.47970524,0.46025187,0.4397892,0.41963035,0.40053383,0.38254485,0.36502555,0.34687698,0.32687122,0.30398083,0.27762103,0.24777617,0.21502344,0.1804881,0.14577124,0.11290202,0.0843717,0.063169055,0.051837448,0.04918915,0.049789537,0.048874214,0.044448026,0.03676838,0.028649608,0.02722571,0.037318945,0.05364261,0.07130071,0.087821476,0.10176317,0.112236716,0.11877851,0.12130184,0.12005544,0.11557066,0.10859449,0.10001145,0.090759896,0.08174975,0.07378955,0.067530155,0.06342819,0.061723616,0.062420998,0.065276705,0.06981028,0.07535087,0.08110793,0.086249076,0.08997545,0.09159149,0.09056839,0.08660134,0.07966509,0.070083246,0.058657616,0.046984106,0.038126122,0.0364683,0.04307473,0.053890698,0.06501282,0.07417395,0.08006383,0.08193078,0.07946886,0.07285004,0.06291724,0.05176725,0.044107065,0.046895303,0.061307367,0.08208725,0.10492328,0.12728381,0.1475041,0.16438413,0.17707764
159,0.1289908,0.109401785,0.0871167,0.06381071,0.045154493,0.045034803,0.0659178,0.09456496,0.12392307,0.15076397,0.17297158,0.18891935,0.19736582,0.19747353,0.18885283,0.17159906,0.1463102,0.11408075,0.07647751,0.035589013,0.00970217,0.049197607,0.08687516,0.11883721,0.14295405,0.15755807,0.16152036,0.15434836,0.13627146,0.108345225,0.07280657,0.036194295,0.036945697,0.07840604,0.12315566,0.16371204,0.19659518,0.21940924,0.23077737,0.23066002,0.22092597,0.20628765,0.19535473,0.1994816,0.22587848,0.27175367,0.32861683,0.3881098,0.4436401,0.4902896,0.5246508,0.5448376,0.5506042,0.5434973,0.52696484,0.50627923,0.48798,0.47843707,0.48158294,0.49706805,0.5204588,0.54530615,0.565418,0.5763348,0.5761053,0.5657433,0.54953814,0.53499335,0.53161967,0.54773515,0.586354,0.64365965,0.7113382,0.7799659,0.8411266,0.8882549,0.91688466,0.9247117,0.91160685,0.8796099,0.83289546,0.77766794,0.7218476,0.6742244,0.64264756,0.63137805,0.63917255,0.6599759,0.6857315,0.7090526,0.72456336,0.7291763,0.7218842,0.70340335,0.67579126,0.64206505,0.60580707,0.57073265,0.54019916,0.5166849,0.5013606,0.49394587,0.4929548,0.4962172,0.50142163,0.5064918,0.509766,0.5100453,0.50658596,0.4990807,0.48764047,0.47276625,0.4552903,0.436268,0.4168094,0.3978623,0.37998918,0.36320898,0.34697333,0.3303016,0.31203207,0.2911041,0.26679295,0.23885645,0.2075908,0.17381555,0.138821,0.10433361,0.07263773,0.04729272,0.03466662,0.03745679,0.045383915,0.050566137,0.050631393,0.04543984,0.03617866,0.026262391,0.02455283,0.036284834,0.053767104,0.07184294,0.088240534,0.10167474,0.11138756,0.11703821,0.11865856,0.11661025,0.111529395,0.10425736,0.095761165,0.087048,0.0790783,0.072680965,0.06847672,0.06682252,0.06779353,0.07120427,0.07664709,0.08352873,0.0911075,0.09854218,0.10495475,0.109501116,0.11144196,0.11020762,0.10545341,0.09710542,0.08540316,0.070963986,0.05495641,0.039708186,0.030464368,0.033703957,0.04562865,0.05906802,0.07057513,0.07853558,0.08210362,0.08095045,0.07528071,0.06605035,0.055595655,0.04890503,0.052760784,0.06819627,0.090264365,0.11465244,0.1386604,0.16043793,0.1786026,0.19212449
160,0.13910864,0.1177508,0.09289384,0.065160684,0.03673067,0.021710573,0.043668248,0.07486136,0.10543251,0.13277179,0.15515427,0.17119645,0.17983142,0.18035957,0.17250614,0.15647024,0.13296854,0.103311315,0.06972843,0.037768736,0.03243458,0.06126723,0.09404256,0.122737765,0.14443886,0.15734339,0.16034552,0.15303084,0.13575602,0.109834105,0.07822417,0.049383853,0.04925729,0.08148626,0.12074299,0.15727527,0.18689752,0.20704778,0.21630864,0.2145937,0.2036605,0.18804112,0.1762007,0.17948271,0.20479053,0.2486295,0.3022251,0.35740662,0.40787682,0.44895682,0.47738594,0.4913291,0.49050614,0.47638267,0.45238343,0.4240342,0.3987069,0.3842322,0.38586667,0.40328568,0.43080395,0.4605841,0.4856238,0.50119025,0.5053263,0.49911478,0.4869077,0.4762387,0.47654969,0.49584833,0.5366227,0.59470564,0.66191137,0.7293073,0.78907186,0.83517444,0.8635632,0.872211,0.86112475,0.8323301,0.7898163,0.73939365,0.6883322,0.64450866,0.6147508,0.6025943,0.60678774,0.62198454,0.6411571,0.65791345,0.6677213,0.66821223,0.6590285,0.64149535,0.6182201,0.59261554,0.5683202,0.54851216,0.5352279,0.5289235,0.5285092,0.53184944,0.5364532,0.5400487,0.5409036,0.5379188,0.53058517,0.51888573,0.5031916,0.48417372,0.46273044,0.43991753,0.41685945,0.39462364,0.37405476,0.35559517,0.3391505,0.32406753,0.30925706,0.29342845,0.27535978,0.25412792,0.22925812,0.20078808,0.16926108,0.13567084,0.10138802,0.06813785,0.038380127,0.019202277,0.025706016,0.039783433,0.049526203,0.05311808,0.050471123,0.04227816,0.030186964,0.019124992,0.023068784,0.040153358,0.05977064,0.078455105,0.094596565,0.10719805,0.11568456,0.11986206,0.11989076,0.116246544,0.109666705,0.10108362,0.09155252,0.08217897,0.0740458,0.068124615,0.06514987,0.065474495,0.06900718,0.07529886,0.083689414,0.0934,0.103567764,0.113271765,0.12157645,0.12759183,0.1305401,0.12981895,0.12505509,0.11614481,0.10328187,0.086981684,0.06813423,0.0482269,0.030490754,0.024158143,0.03471094,0.050155204,0.06407021,0.07432561,0.079959415,0.08060823,0.07648554,0.06860584,0.05939805,0.05377398,0.058080416,0.07362326,0.09612832,0.1213764,0.14652237,0.16954784,0.1889077,0.20340897
161,0.14668453,0.12527125,0.100237876,0.07191835,0.0409511,0.008272739,0.025056554,0.05760347,0.08800676,0.114841826,0.13676956,0.15262508,0.16150536,0.16285026,0.15651715,0.1428565,0.122820966,0.09822514,0.072611205,0.05412115,0.056186546,0.076923214,0.102837056,0.12658541,0.14465712,0.1550255,0.15653868,0.14881332,0.13229673,0.108515814,0.080975465,0.058689456,0.060188018,0.08669527,0.120890364,0.15340537,0.17977363,0.19733742,0.20462753,0.20144571,0.18929586,0.17225903,0.15828095,0.15865946,0.18074681,0.2209994,0.2704023,0.32084394,0.36622927,0.40206042,0.4251706,0.43370232,0.42722136,0.4069165,0.37589526,0.3396011,0.3061716,0.28565618,0.28593558,0.30685413,0.34033832,0.3763558,0.40700933,0.42746323,0.4358766,0.4333986,0.42433316,0.41610137,0.41804475,0.43806785,0.4785126,0.5351902,0.60020125,0.66513145,0.7227236,0.76743376,0.7955679,0.8053117,0.79673314,0.7717598,0.73410845,0.6891176,0.64336234,0.60382384,0.576397,0.5639972,0.56539845,0.5759088,0.58944744,0.6005508,0.6054795,0.6025388,0.59197575,0.5756812,0.5567554,0.5389025,0.52562135,0.5192962,0.52051234,0.52796817,0.539035,0.5506094,0.5598391,0.564541,0.563343,0.555658,0.5415779,0.52174234,0.49720904,0.46933514,0.43966502,0.4098115,0.38131133,0.3554405,0.33300138,0.3141372,0.2982627,0.28417766,0.2703417,0.25520855,0.23751187,0.21644606,0.19174191,0.16366106,0.13293597,0.10067571,0.068253435,0.037201803,0.009482289,0.015946336,0.034516253,0.047137342,0.053216238,0.05272371,0.046110444,0.034409303,0.020125099,0.015397646,0.031481743,0.05245846,0.07316807,0.09176837,0.107074715,0.118297935,0.12501544,0.12716322,0.12501435,0.11913899,0.1103483,0.099630386,0.088090144,0.07690784,0.067322664,0.060599282,0.05784087,0.059575774,0.06549035,0.074697725,0.08616843,0.09890204,0.11191525,0.124215774,0.13481721,0.14278728,0.14731047,0.14775059,0.1437041,0.13503894,0.121916875,0.104800835,0.084456295,0.061982576,0.039069746,0.020194642,0.02167239,0.038300466,0.05463156,0.06734892,0.07535219,0.07823798,0.07620278,0.07025488,0.06276269,0.058280926,0.062573925,0.07742758,0.09951675,0.12487103,0.1505597,0.17442755,0.19479235,0.21032216
162,0.15156507,0.13155943,0.10824199,0.08208557,0.054119784,0.027465556,0.022032684,0.04605747,0.07319063,0.09802856,0.118768215,0.13422231,0.14356461,0.14634234,0.14254098,0.13268016,0.11797537,0.10066538,0.08464993,0.07592,0.079546064,0.093768895,0.11234301,0.1300196,0.14342618,0.15046239,0.14993621,0.14146306,0.12553059,0.103798896,0.08010778,0.063390635,0.06731927,0.09082151,0.12106454,0.15001188,0.17339061,0.18859564,0.19413865,0.18967852,0.17636538,0.15761611,0.14051805,0.13629256,0.15364292,0.1896085,0.2347611,0.28084627,0.32189545,0.3535651,0.37275735,0.37754208,0.36722475,0.34249726,0.30570868,0.26142925,0.21765624,0.18735397,0.1848286,0.21125157,0.25295034,0.29623446,0.33263886,0.35771498,0.3699714,0.37062788,0.3637911,0.35656345,0.35809967,0.37640956,0.41409752,0.46727,0.5284328,0.5896912,0.64431405,0.68719584,0.7149466,0.7259039,0.72012764,0.6993722,0.66700876,0.6278481,0.58775467,0.55286336,0.5282482,0.5163184,0.5159053,0.5229043,0.5320714,0.5387639,0.539938,0.534477,0.5231371,0.5082803,0.49340218,0.4823771,0.47841418,0.48300627,0.49542162,0.5130643,0.5324136,0.5499604,0.56280595,0.5689157,0.5671537,0.5572073,0.5394688,0.5149057,0.4849327,0.45129013,0.41592085,0.38083202,0.34791753,0.31872323,0.29416883,0.27431116,0.25828755,0.2445288,0.23117283,0.21649684,0.19922183,0.17865394,0.1547005,0.12781225,0.098889805,0.06918461,0.040267985,0.014953419,0.015151337,0.03273226,0.04607644,0.053444456,0.05445657,0.049285725,0.038655903,0.024324397,0.014287001,0.026945768,0.048479553,0.0707797,0.09158597,0.10950279,0.1235301,0.13301964,0.1376772,0.13755563,0.13302778,0.12473886,0.113542736,0.10043175,0.086477034,0.072809815,0.060690053,0.051676303,0.047623146,0.049791105,0.05768046,0.06964295,0.08410366,0.09982194,0.115717925,0.1307489,0.14388897,0.15416726,0.1607291,0.1628991,0.16023561,0.15256993,0.14002779,0.12303201,0.102288224,0.07876015,0.05366163,0.028659495,0.0103657,0.023690553,0.042429175,0.057707466,0.068292946,0.07375555,0.0742517,0.07071772,0.065327175,0.062092375,0.06610414,0.07964096,0.10051071,0.12519678,0.15078096,0.17501773,0.1961193,0.21264164
163,0.15390728,0.13649158,0.116216116,0.093664564,0.07006753,0.04828295,0.03615698,0.043531436,0.06253028,0.083319224,0.102061026,0.11702207,0.12725013,0.13229664,0.1321932,0.1275113,0.1194704,0.11007174,0.10212272,0.09870817,0.101680115,0.110270135,0.1216713,0.13267945,0.14063542,0.14363798,0.14053719,0.13094352,0.115337,0.09542454,0.075221725,0.0633665,0.07001967,0.09213327,0.11947625,0.14543964,0.16622286,0.17940307,0.1835184,0.17808136,0.16383897,0.14340787,0.12269657,0.112628505,0.1242808,0.15609916,0.19779982,0.2406925,0.27890077,0.30826488,0.32578832,0.32949036,0.31841487,0.29268873,0.25361666,0.20391786,0.14863224,0.09931547,0.0857729,0.12201549,0.17478527,0.2251335,0.2660973,0.2945678,0.30964825,0.3125656,0.30700517,0.2994494,0.29866862,0.31293675,0.3455655,0.3932848,0.4490865,0.5055612,0.5564497,0.5970343,0.6241786,0.636317,0.63344127,0.6170704,0.59017444,0.5570035,0.5227234,0.49269822,0.47130963,0.46057907,0.45942405,0.46425197,0.47052726,0.47429177,0.47306305,0.4661637,0.45471334,0.4413994,0.4299789,0.42438447,0.42747685,0.43994322,0.46005678,0.48443133,0.50914854,0.53062814,0.546071,0.5535962,0.5522194,0.54176426,0.52274936,0.49626932,0.4638761,0.42746213,0.38913965,0.351102,0.315443,0.28390706,0.2575729,0.23655961,0.21993583,0.20597021,0.19264172,0.17815557,0.16127174,0.1414225,0.11869201,0.09374069,0.06775658,0.042657524,0.023047691,0.022424469,0.03592219,0.048427302,0.056190547,0.05819459,0.054279298,0.044934183,0.031648066,0.019798197,0.025528297,0.045572758,0.06864208,0.09124329,0.11160513,0.12848458,0.14100607,0.14864704,0.15123759,0.14894564,0.14224078,0.13183665,0.118615836,0.10354502,0.08759603,0.07170531,0.056845747,0.0443738,0.036778163,0.03734921,0.046303608,0.06061062,0.07775716,0.09622417,0.1148627,0.13260008,0.14838028,0.16119628,0.17015184,0.17452633,0.17383046,0.16784716,0.15665403,0.14062656,0.1204222,0.09694654,0.07130492,0.044745285,0.018634696,0.0066770073,0.02797284,0.045783453,0.059012014,0.06724433,0.0705747,0.06980637,0.06681613,0.06497616,0.06864732,0.08046393,0.09942695,0.12270006,0.14751746,0.17160942,0.19312134,0.21052675
164,0.15409172,0.1401213,0.1236546,0.10518791,0.08570679,0.06708287,0.052971985,0.048979454,0.05691517,0.07148589,0.08746095,0.10203496,0.11378741,0.12204105,0.12664667,0.1279279,0.12666671,0.12405916,0.1215641,0.12056777,0.12189525,0.12542148,0.13008226,0.13426411,0.13627408,0.13468046,0.12851556,0.11742007,0.10183434,0.08343942,0.06635116,0.058939103,0.06846718,0.0900547,0.115222566,0.13869952,0.15728019,0.16880606,0.17188063,0.16588499,0.1511624,0.12948272,0.10529781,0.08863274,0.09403475,0.12276437,0.16266334,0.20418875,0.24162862,0.2711226,0.2898796,0.2959838,0.28838295,0.26691204,0.23229805,0.18612473,0.13075316,0.06923803,0.008306807,0.05981434,0.11895041,0.1705359,0.21173756,0.24068111,0.25668752,0.26062995,0.25539967,0.24642718,0.24170764,0.24978976,0.2751931,0.3156862,0.36480206,0.41552874,0.46199775,0.49982086,0.5260681,0.5392242,0.53916425,0.52712476,0.5056385,0.47838446,0.44986615,0.42477387,0.40693668,0.39810577,0.39730716,0.40137708,0.40634897,0.4087974,0.40664575,0.3994876,0.3886199,0.37686414,0.36807638,0.3661654,0.37370247,0.39081827,0.41520625,0.44313774,0.47063574,0.49423128,0.5112834,0.5200459,0.51962364,0.50988734,0.49137372,0.46517915,0.43285158,0.39627957,0.3575757,0.31894314,0.2825048,0.250066,0.22280179,0.20093952,0.18362565,0.16915889,0.155534,0.14100824,0.12445442,0.105477475,0.08440373,0.06230215,0.04140959,0.027356198,0.029427508,0.04161873,0.05364115,0.061824437,0.06485277,0.062326953,0.054539338,0.04272228,0.03052868,0.028431268,0.043014467,0.065019384,0.08847692,0.11076706,0.1302738,0.1458596,0.15676518,0.16259341,0.1633,0.15916917,0.15076865,0.1388825,0.12442468,0.108338505,0.091493115,0.074600205,0.058203027,0.04287635,0.030118056,0.024878375,0.03246929,0.048311092,0.06763225,0.08844786,0.1095441,0.1298283,0.148219,0.16367435,0.17525527,0.18219152,0.1839386,0.18021987,0.17105092,0.15674515,0.13790083,0.11537088,0.09021848,0.06366487,0.03705611,0.012245207,0.013331429,0.032556657,0.04809151,0.059026476,0.06528524,0.06746246,0.067065306,0.066795126,0.070258625,0.08022148,0.09678466,0.1179904,0.14140435,0.16482471,0.18637921,0.20449173
165,0.15262209,0.14257596,0.13016617,0.115648665,0.09960477,0.08310511,0.068054415,0.057665486,0.055731397,0.06289748,0.075643584,0.09020398,0.1042351,0.116446845,0.12618643,0.13323787,0.13772498,0.14003776,0.14074042,0.14044245,0.13963757,0.13854705,0.13702445,0.13456833,0.13044351,0.12386849,0.11422166,0.10125384,0.0853647,0.06816874,0.05393418,0.050961062,0.06350077,0.084881596,0.10820474,0.12948461,0.14615504,0.15636173,0.15879959,0.15274236,0.13816893,0.116052926,0.089248106,0.06580227,0.06457696,0.09245447,0.13286518,0.17506501,0.21385275,0.24586734,0.26863796,0.2804175,0.28020662,0.26781893,0.243954,0.21030155,0.16980508,0.12755232,0.093704775,0.08613877,0.10873631,0.14258832,0.1744463,0.19855857,0.21248883,0.21582751,0.2100881,0.1990812,0.18935612,0.18937962,0.20542154,0.23700231,0.27828866,0.3224827,0.3639654,0.3986029,0.42362615,0.4375332,0.44004747,0.43209237,0.41574496,0.39412335,0.3711252,0.35088152,0.33681804,0.33052987,0.33115992,0.33587527,0.3411301,0.3438771,0.34228793,0.33605164,0.326437,0.31617722,0.30904472,0.30887878,0.31813183,0.3367442,0.3622605,0.3909596,0.41901252,0.44314653,0.46088865,0.47059885,0.4714231,0.4632191,0.44647104,0.42219728,0.39185184,0.3572196,0.32030287,0.28319246,0.2479074,0.21617974,0.18917167,0.16717708,0.14947434,0.13452272,0.12048408,0.10579422,0.089534566,0.07159056,0.052800763,0.03567795,0.027004825,0.03336851,0.046676695,0.059392843,0.06864232,0.07316225,0.07244026,0.066587664,0.056506976,0.044613548,0.03695996,0.042454436,0.060005203,0.08244377,0.10553841,0.12697841,0.14525586,0.15933824,0.1685859,0.17272912,0.17184934,0.16634639,0.1568852,0.14432052,0.12959994,0.11364917,0.097248636,0.0809227,0.064880475,0.04907414,0.033531785,0.019933611,0.018563844,0.033794966,0.054513574,0.07713563,0.100283846,0.12283199,0.1436717,0.16172819,0.17602146,0.18573147,0.1902549,0.18924776,0.18265153,0.17070179,0.15391937,0.1330861,0.10920888,0.08348206,0.057283636,0.032422688,0.014306208,0.021186827,0.03684587,0.049799133,0.05873026,0.063792184,0.06603695,0.06749811,0.07103384,0.07929536,0.09323837,0.11188604,0.13333322,0.15557021,0.17677218,0.1953517
166,0.15001304,0.14396514,0.13541591,0.124343455,0.1109737,0.09588105,0.08019637,0.06604292,0.05709156,0.057418447,0.06714455,0.082327306,0.09924908,0.11562572,0.13011453,0.1419194,0.1506116,0.15604728,0.15831397,0.15767592,0.15450692,0.14920995,0.14213225,0.13349421,0.123353854,0.111627914,0.098180994,0.082995065,0.06648061,0.050218705,0.03898026,0.04123984,0.056794096,0.077701986,0.09904642,0.11811787,0.13298333,0.14209686,0.14425327,0.13864224,0.124941126,0.10346655,0.07560406,0.046167433,0.03773028,0.06862169,0.111562,0.15570849,0.19709808,0.23302267,0.2613336,0.2804054,0.28921378,0.2874292,0.27550358,0.25475505,0.2274772,0.19711538,0.16850026,0.14768343,0.13982652,0.14493218,0.15724117,0.16985185,0.17785653,0.1787017,0.17190869,0.15908818,0.14441171,0.13508609,0.1393149,0.15994824,0.19227302,0.22930959,0.26538026,0.29647893,0.31994778,0.33427143,0.33900043,0.3347288,0.3230747,0.30661935,0.2887275,0.27310398,0.26293716,0.25977728,0.26286218,0.26955605,0.27657178,0.28109577,0.28141448,0.27716118,0.26938525,0.26050535,0.25401384,0.25364956,0.2619859,0.27920315,0.30310366,0.33022508,0.35699096,0.38034338,0.3979585,0.40827,0.4104275,0.40423465,0.39007825,0.3688484,0.3418498,0.31070265,0.2772328,0.24334571,0.21087435,0.18138398,0.1559255,0.13477986,0.11733204,0.10224588,0.08793956,0.0731271,0.05721561,0.040667184,0.026256926,0.022980567,0.034308337,0.049651805,0.06375318,0.074577235,0.08102251,0.082513794,0.078979835,0.07097455,0.060034722,0.04963654,0.046381462,0.055531528,0.07386565,0.09583174,0.11792535,0.13803157,0.15475513,0.16717933,0.17479008,0.17744604,0.17535172,0.16901736,0.15919834,0.1468113,0.13282514,0.11812957,0.10339328,0.08894165,0.074703485,0.060276177,0.045135505,0.029089347,0.014642858,0.019328805,0.03969042,0.06334919,0.08800099,0.11239038,0.13536565,0.15582056,0.1727398,0.18525831,0.19271523,0.19469595,0.19105951,0.18195006,0.16779245,0.14927392,0.12731504,0.103039145,0.07776458,0.053116117,0.03177375,0.021208212,0.02844273,0.04093334,0.051588807,0.059104614,0.063832015,0.067112654,0.07107357,0.07803883,0.08946967,0.10531478,0.12436457,0.14495407,0.16539432,0.18413512
167,0.14667878,0.14431442,0.13909388,0.13077243,0.11934496,0.10513186,0.088944614,0.07247221,0.059133068,0.05459932,0.062395647,0.07892199,0.09888153,0.1189395,0.1371657,0.15234965,0.16371581,0.17081983,0.17350598,0.17187773,0.16626288,0.15716596,0.145206,0.13104372,0.115305975,0.098523445,0.0811065,0.06340518,0.045981426,0.030676996,0.02428503,0.033779796,0.051236443,0.07047389,0.089085445,0.10551547,0.11839127,0.12644005,0.12854013,0.123805605,0.11167457,0.09199392,0.06513288,0.032542475,0.016013196,0.05471909,0.09983126,0.14553563,0.18936548,0.22912122,0.262826,0.28882977,0.3059253,0.31345075,0.3113699,0.30032608,0.28167006,0.25746292,0.23044394,0.2039105,0.18134317,0.16550408,0.15709126,0.15406781,0.15269397,0.14931817,0.14151001,0.12845637,0.111229844,0.093541116,0.08299949,0.08841836,0.1096535,0.13883151,0.16918308,0.1964813,0.21809678,0.2324809,0.23900181,0.23791659,0.2303854,0.21847983,0.20511544,0.19373997,0.18752168,0.18808149,0.19464752,0.2045537,0.21458618,0.22206151,0.22531244,0.22383372,0.21832441,0.21069714,0.20395635,0.20166193,0.20672646,0.2200215,0.24000432,0.2636557,0.28767914,0.30919892,0.32599854,0.33654958,0.3399759,0.33600107,0.32488826,0.30737123,0.28457415,0.25791925,0.22902082,0.19956309,0.17115441,0.1451477,0.12242462,0.10318482,0.08685846,0.07228312,0.058139637,0.043458723,0.02815307,0.015099091,0.0181667,0.03383405,0.050720833,0.06603608,0.0783993,0.08683315,0.09069254,0.08971739,0.08413195,0.07483443,0.06382913,0.055082057,0.054500304,0.06493246,0.08286022,0.10364437,0.12419339,0.14256243,0.15748344,0.16816749,0.17423077,0.17565885,0.17277311,0.16618416,0.15672404,0.1453511,0.13302433,0.12055021,0.10842446,0.09671873,0.0850747,0.072836466,0.059287746,0.043952677,0.0272038,0.014791075,0.026114995,0.048967466,0.074200846,0.09976021,0.124337085,0.14677218,0.16601548,0.18116221,0.191498,0.19653787,0.19605356,0.19008751,0.17895277,0.16322015,0.14369535,0.12139225,0.097517304,0.07350823,0.051278885,0.034203537,0.028506657,0.03495686,0.045024328,0.053960864,0.060704935,0.06574329,0.07045917,0.07669294,0.08604277,0.09915707,0.11558279,0.13415167,0.15342475,0.17195505
168,0.14284495,0.14353605,0.14091009,0.13459265,0.124469824,0.110771425,0.09422724,0.07644587,0.06088433,0.05413665,0.061741523,0.08008181,0.10262725,0.12537694,0.14606859,0.16325925,0.17597969,0.18362315,0.18590981,0.18286918,0.17481884,0.16233096,0.14618355,0.12729733,0.10666064,0.08525053,0.063966244,0.043629892,0.025342867,0.013737739,0.02047954,0.03518086,0.050733555,0.065998346,0.080390684,0.093187906,0.10346462,0.110161744,0.11219807,0.10859102,0.09857021,0.08167526,0.057839356,0.027543012,0.010749246,0.05085133,0.09510293,0.14082092,0.18596222,0.22846624,0.2663496,0.29782972,0.321445,0.33616084,0.34145364,0.33736703,0.32453814,0.30419272,0.2781098,0.24855457,0.2181646,0.18973747,0.16580763,0.14791358,0.1358011,0.12732683,0.11943544,0.109427296,0.09568986,0.07793267,0.057509158,0.039317686,0.036669414,0.054151233,0.07819792,0.10150092,0.121038884,0.1351839,0.1431104,0.1447187,0.1406854,0.13256714,0.122916564,0.11521162,0.11303529,0.11820156,0.12948605,0.1437061,0.15757051,0.16858178,0.17520152,0.17682466,0.1737727,0.16733636,0.15981469,0.15435852,0.15423971,0.16143814,0.17555551,0.19422518,0.21440315,0.23330396,0.24874435,0.25918922,0.2637124,0.26194343,0.25401133,0.24048258,0.22228824,0.20063849,0.17692281,0.15259348,0.12902759,0.1073603,0.08829156,0.0719083,0.057631582,0.04440705,0.03111381,0.017053438,0.0048648273,0.016882382,0.03391292,0.050861176,0.06653052,0.07985631,0.08989804,0.09592069,0.09747837,0.094500065,0.087401025,0.07728277,0.06635143,0.05855569,0.058922336,0.06912057,0.08578213,0.10480276,0.12336887,0.13969809,0.15266207,0.16160825,0.16628465,0.16679892,0.16357948,0.15732293,0.14891729,0.13933143,0.12946618,0.119977936,0.1111189,0.10266664,0.0939993,0.08429889,0.072803676,0.05905387,0.043231256,0.027456246,0.022353528,0.037867714,0.061411012,0.08686248,0.112112604,0.13579412,0.15677917,0.1741123,0.18702382,0.1949573,0.19759366,0.19486582,0.18696241,0.17432018,0.15760688,0.13769883,0.11566141,0.092753716,0.07051314,0.05107464,0.03791024,0.03502953,0.04077389,0.049225617,0.057084065,0.06357958,0.06924951,0.07533437,0.08325962,0.09404142,0.107884206,0.124206826,0.14194292,0.15983634
169,0.13850875,0.14143872,0.140609,0.13560292,0.12629125,0.1129218,0.09629084,0.07816645,0.06238304,0.056217305,0.065349095,0.08547104,0.10971991,0.13397585,0.15586574,0.17383489,0.18681213,0.19410752,0.19538392,0.19064586,0.18022442,0.16474962,0.14510776,0.12238442,0.09779737,0.07263145,0.048219346,0.026248394,0.01261871,0.020767538,0.034571115,0.04698025,0.05765145,0.06701713,0.075499356,0.08319355,0.08973486,0.094335355,0.09593901,0.093418874,0.08576745,0.07227572,0.0527888,0.028903138,0.020389564,0.05157924,0.092505924,0.13674717,0.18186712,0.2257231,0.26624516,0.30149677,0.3297796,0.34973878,0.36045438,0.3615098,0.35303313,0.33570912,0.3107641,0.27992812,0.24538355,0.20970803,0.17580298,0.14672257,0.125137,0.11213124,0.10604339,0.10311149,0.09955873,0.09290923,0.08210459,0.067179106,0.048937924,0.028788133,0.009910298,0.015542852,0.03239521,0.046272993,0.055609006,0.05976982,0.05874681,0.053318784,0.045562733,0.039967693,0.042890403,0.05555907,0.07334565,0.09210499,0.10923121,0.12301529,0.13234848,0.1366596,0.13594358,0.13083647,0.122731715,0.11390884,0.107479274,0.10661877,0.11287504,0.12512134,0.1405589,0.15627551,0.16995907,0.17999063,0.18536791,0.18562292,0.18075433,0.17116478,0.15759307,0.14103602,0.1226573,0.10368111,0.08526632,0.0683545,0.053492244,0.040667012,0.029267455,0.018288782,0.006735442,0.0060733994,0.020203117,0.035364136,0.0508686,0.06582367,0.07925371,0.090213,0.09788386,0.10166154,0.10122928,0.09663315,0.0883803,0.07761716,0.066490285,0.05863586,0.058441505,0.0672343,0.081924826,0.098713286,0.11497273,0.12907182,0.1400271,0.14732563,0.15084463,0.15080573,0.14773145,0.1423863,0.13568725,0.12857121,0.12181788,0.115859605,0.11065267,0.1056893,0.10016111,0.09319846,0.084096566,0.07250347,0.05865372,0.04399724,0.033407997,0.036629643,0.053692568,0.07649691,0.10079138,0.12451225,0.1462873,0.16504881,0.17994754,0.1903448,0.19582349,0.19619945,0.19152676,0.18209459,0.16841596,0.15121013,0.13138397,0.11002264,0.08841494,0.06817123,0.05153292,0.04163282,0.040620353,0.04604299,0.053590905,0.06091564,0.06750337,0.07388121,0.08108199,0.09015839,0.10173557,0.11578646,0.13170208,0.14851457
170,0.13346003,0.13776925,0.13799495,0.13374344,0.12493847,0.111928605,0.09569975,0.078391515,0.064478144,0.06138282,0.073055714,0.09448039,0.119411424,0.14401609,0.1659549,0.18363929,0.19595656,0.20218572,0.20197585,0.19533892,0.18263781,0.16456246,0.14209262,0.11645165,0.089067735,0.061605997,0.03642951,0.020192191,0.02619453,0.041131414,0.054375518,0.06417819,0.07058234,0.07429179,0.07633258,0.07772155,0.07907368,0.08030179,0.08060081,0.078716576,0.07332094,0.063367404,0.048548684,0.031049447,0.02642678,0.05102095,0.08777891,0.12950285,0.17340831,0.21726646,0.25893837,0.29637405,0.3276999,0.35132286,0.3660277,0.37105697,0.36616704,0.35165763,0.32837558,0.2976979,0.26150742,0.2221857,0.1826683,0.14661634,0.118581645,0.103108585,0.101100266,0.10754372,0.11578715,0.12140189,0.12231185,0.11797104,0.10879083,0.095820814,0.080569655,0.06491539,0.05106763,0.041338272,0.03696197,0.036449835,0.03671264,0.035603378,0.03274559,0.029722182,0.030144634,0.036893312,0.048726305,0.06277003,0.07673486,0.0889599,0.098218925,0.10365751,0.104799405,0.10157917,0.09439407,0.08419788,0.07269083,0.06262486,0.057708964,0.060503494,0.069676414,0.08161561,0.09324728,0.10260825,0.10855881,0.11053975,0.10844014,0.10251617,0.09332357,0.08164734,0.06842235,0.054642823,0.041258078,0.029048698,0.0184756,0.009515781,0.001660697,0.0065055173,0.015477297,0.025992034,0.038007904,0.051044974,0.06434021,0.076988794,0.08805916,0.09668802,0.102160364,0.10397694,0.101912156,0.096069805,0.08695545,0.075610325,0.063895375,0.05493529,0.052747775,0.05901722,0.07109277,0.08528087,0.09902808,0.110823475,0.11982315,0.12565069,0.12830608,0.1281144,0.12567776,0.12180717,0.11741352,0.11334398,0.110178754,0.10805673,0.10662655,0.10516358,0.102789715,0.098693766,0.09229881,0.0833911,0.07228108,0.060153265,0.049895972,0.046876624,0.055123374,0.072004445,0.09293133,0.11490689,0.13608,0.15515153,0.1711358,0.18328387,0.19106543,0.19416906,0.1925052,0.18620569,0.17561738,0.16129018,0.14396161,0.12454413,0.104127735,0.084024705,0.06590597,0.052029748,0.04498874,0.04554142,0.051021878,0.05817685,0.06532546,0.072160736,0.079175815,0.08720604,0.09701643,0.10897535,0.12292555,0.13825905
171,0.12735482,0.13227113,0.13296063,0.12910116,0.12072804,0.1083726,0.09334113,0.07833265,0.06842129,0.070000924,0.084327914,0.106385805,0.13105597,0.15499152,0.17598498,0.19247746,0.20336442,0.20793463,0.20585613,0.19717199,0.18229154,0.16197164,0.13729112,0.10963495,0.08075057,0.05316053,0.0324524,0.031255465,0.04597075,0.062045615,0.07476454,0.082945466,0.08653099,0.086112425,0.08277843,0.07796896,0.07319373,0.06953602,0.06710348,0.06488433,0.061216276,0.054502815,0.043924034,0.031050978,0.027033614,0.046183188,0.078507565,0.1169673,0.15864605,0.2013083,0.2428076,0.28104615,0.31405026,0.34007254,0.3576934,0.36590922,0.36420003,0.35257372,0.3315861,0.3023422,0.26649323,0.2262613,0.18456702,0.14541553,0.114659324,0.09970403,0.10335795,0.11852604,0.13614352,0.15086278,0.1602916,0.16369167,0.16132191,0.15412591,0.14354931,0.13138424,0.11956413,0.1098237,0.10320678,0.09965426,0.09808058,0.09697108,0.095034905,0.091569304,0.08655862,0.0806404,0.07498274,0.07098748,0.069708236,0.07120584,0.07445482,0.0779105,0.08012566,0.08004717,0.07707488,0.07103083,0.062107436,0.050818514,0.03797965,0.024841573,0.014213703,0.013798569,0.021983955,0.030390656,0.03664025,0.040061563,0.040509365,0.03816111,0.033455573,0.027066795,0.019939028,0.013567184,0.010729751,0.013029227,0.017385269,0.021681553,0.025695313,0.030062754,0.03567396,0.043110136,0.05233461,0.0627803,0.073595665,0.08384059,0.09260674,0.099095404,0.102675214,0.102927506,0.099682644,0.09305116,0.083461024,0.07173018,0.05924449,0.048351154,0.042644817,0.044933558,0.053621743,0.064898886,0.07604377,0.08558146,0.092784405,0.09740373,0.09955418,0.09965445,0.09837191,0.09653744,0.095002666,0.09443715,0.095124274,0.096865445,0.09905775,0.10089091,0.101553604,0.10038483,0.096971914,0.09122836,0.08349622,0.074729234,0.066794634,0.06264455,0.06528292,0.07534683,0.090793826,0.10898703,0.12782282,0.14575425,0.16161723,0.1745218,0.18380521,0.18901688,0.18991569,0.1864696,0.17885293,0.16743936,0.15279107,0.13564725,0.11691866,0.09770285,0.07934633,0.06357711,0.052573327,0.048225984,0.05021395,0.05593348,0.062926315,0.07001705,0.07706561,0.084527336,0.09307112,0.1032441,0.115235314,0.12880215
172,0.11981478,0.12474396,0.12551199,0.12191477,0.11416436,0.10307138,0.090394326,0.07943337,0.07522372,0.08185926,0.0983575,0.12040451,0.14405052,0.16648887,0.18571675,0.20026514,0.20908462,0.2115103,0.20725636,0.1964158,0.17945595,0.15720886,0.13086873,0.10204122,0.07302043,0.048067857,0.03720012,0.047139045,0.064996615,0.08163179,0.094050854,0.10124201,0.1030586,0.09994376,0.0928411,0.08314413,0.07261996,0.063191354,0.05635858,0.05228082,0.04941205,0.04541174,0.038464185,0.02866893,0.022937374,0.03626568,0.06390421,0.09851903,0.13713016,0.17757484,0.21776867,0.25563562,0.2891753,0.31656313,0.3362538,0.34707463,0.3483023,0.33971846,0.32164457,0.2949612,0.2611275,0.2222407,0.18123357,0.1424382,0.1127461,0.10127565,0.110767804,0.13225256,0.15601398,0.17672576,0.19197527,0.20091844,0.20367956,0.2010743,0.19443576,0.18544488,0.17590548,0.16742742,0.16104828,0.15694302,0.15441953,0.15223771,0.14906015,0.14381275,0.13587679,0.12515032,0.1120456,0.09747734,0.08287804,0.07022106,0.06179913,0.059161544,0.061634433,0.06671226,0.07188596,0.07551758,0.07678123,0.07542444,0.07158495,0.06566444,0.058235817,0.049973827,0.041613128,0.033947553,0.02787174,0.024343885,0.023933107,0.026210032,0.03010902,0.034695353,0.039338328,0.04359336,0.047122885,0.049696494,0.05123982,0.051904414,0.05213023,0.05264901,0.054341435,0.057905227,0.06350348,0.07068568,0.07860407,0.086286806,0.09281713,0.09742312,0.09952135,0.09874027,0.094932966,0.08818208,0.07880093,0.06734108,0.054635923,0.041967224,0.031562936,0.027109599,0.030552348,0.038422026,0.046977114,0.054444008,0.06013704,0.06392205,0.06602753,0.06696435,0.06745055,0.068283856,0.0701406,0.07335798,0.07782573,0.08305684,0.08836725,0.09304947,0.09648786,0.09822502,0.098005384,0.09581807,0.091954574,0.08709034,0.08237428,0.079426035,0.08000407,0.0852339,0.09498001,0.10806346,0.12294187,0.13815957,0.15248518,0.16491663,0.17466295,0.18113278,0.18393143,0.1828617,0.17792413,0.16931443,0.15741715,0.14279695,0.1261914,0.10851348,0.09087829,0.07467153,0.061629724,0.053651806,0.05175003,0.054855026,0.06067611,0.06742586,0.07432727,0.08136959,0.08896713,0.097647205,0.107784346,0.119431324
173,0.11052297,0.115092,0.11578582,0.11257686,0.10593549,0.0970546,0.088195086,0.08291398,0.08509255,0.096191026,0.11417791,0.13568847,0.15775016,0.17807192,0.19490398,0.20692101,0.21317318,0.213076,0.20641404,0.19334589,0.1744059,0.15050896,0.12298532,0.09374344,0.06594228,0.04642637,0.04639407,0.06253902,0.082068555,0.099057116,0.11127123,0.1178131,0.11849446,0.113655664,0.10409603,0.091036715,0.07610245,0.06131831,0.049024478,0.041229405,0.037891563,0.036191363,0.032738727,0.025665147,0.016956726,0.02177876,0.044312738,0.07467474,0.10956354,0.14695637,0.18490015,0.2214068,0.25451612,0.28239483,0.30344024,0.31637698,0.32033986,0.31493923,0.30030957,0.27714697,0.24675517,0.21114773,0.17332606,0.13799375,0.11278415,0.10685171,0.12114819,0.14623326,0.17324679,0.19732428,0.21612632,0.22872736,0.23512088,0.2359825,0.23250793,0.22624242,0.21885489,0.21184038,0.20619035,0.202146,0.19916895,0.19616152,0.19182165,0.18497388,0.17478845,0.1608858,0.14336476,0.12280156,0.100279294,0.07757078,0.057785325,0.046567764,0.049083535,0.061295044,0.075987056,0.08932918,0.099704586,0.10649333,0.10961305,0.1093389,0.10621272,0.10098244,0.09455043,0.08791435,0.082074806,0.07787938,0.075813584,0.075846694,0.077471554,0.07992684,0.08244022,0.08437709,0.08529758,0.08496993,0.08337532,0.08071734,0.0774322,0.07417844,0.07176212,0.070945844,0.07216124,0.075292505,0.079712406,0.084525116,0.08881822,0.091814876,0.09293722,0.091822654,0.088319175,0.08247047,0.074493654,0.06475107,0.053717747,0.041948486,0.030056031,0.01875199,0.009365384,0.0074201077,0.013266449,0.019290123,0.024122,0.027787808,0.030691514,0.033444915,0.036713358,0.041007802,0.04652051,0.05311256,0.06042454,0.06800328,0.07538704,0.08215152,0.08793598,0.09246373,0.09556475,0.09720374,0.09751456,0.096837796,0.09574956,0.09505268,0.09568183,0.098487176,0.103952415,0.11201372,0.12210072,0.13333441,0.1447332,0.15535031,0.16434704,0.17102951,0.17486885,0.17551363,0.17279737,0.16674156,0.15755399,0.14562342,0.13151298,0.11595685,0.09986822,0.08436818,0.0708275,0.060819514,0.05567612,0.055551935,0.05911495,0.06458862,0.070753604,0.07713698,0.08381437,0.09114849,0.099538624,0.10921478
174,0.099295035,0.10335549,0.10405883,0.101632446,0.09689648,0.091475144,0.08792128,0.08924107,0.09737573,0.111921124,0.13074134,0.15131961,0.17142314,0.18921463,0.20321888,0.21229438,0.21562895,0.21274853,0.20352958,0.18820938,0.16739613,0.14209308,0.11378788,0.08479025,0.05950068,0.047465034,0.056345295,0.076101154,0.096620105,0.11375934,0.12574606,0.1317874,0.13168779,0.12572485,0.11459165,0.09935555,0.0814296,0.0625845,0.045085974,0.032043997,0.026710974,0.027570441,0.028595774,0.02571397,0.017382031,0.0063564307,0.020878937,0.046899714,0.077608466,0.11128373,0.14619124,0.18049377,0.21233039,0.23991866,0.26165912,0.27623332,0.2826912,0.28052467,0.2697289,0.2508598,0.22511007,0.1944616,0.16204411,0.13290721,0.11478816,0.11508447,0.13259585,0.15891819,0.18678819,0.21199788,0.23235354,0.24688946,0.25549272,0.25870758,0.2575873,0.25352722,0.24804315,0.24249084,0.23776822,0.23409848,0.23099676,0.22744465,0.22218946,0.21404466,0.20211062,0.18589814,0.16537575,0.1409749,0.11360107,0.08476554,0.057300434,0.03864281,0.0422921,0.06199404,0.08430348,0.10448747,0.12092181,0.13298267,0.14056513,0.14393751,0.1436709,0.14058223,0.13566934,0.13002302,0.12470143,0.120563835,0.11809825,0.117321335,0.11782016,0.118920326,0.119888864,0.12008941,0.119066544,0.11657686,0.11259214,0.10729162,0.10105012,0.0944192,0.088086925,0.08279013,0.07915457,0.0774881,0.07764023,0.07904744,0.080938876,0.08255805,0.08330116,0.08276882,0.080766454,0.077281624,0.072452426,0.06653234,0.059854005,0.052793354,0.045735978,0.03904739,0.033048842,0.027999638,0.024085619,0.021413,0.020009074,0.019835867,0.020818887,0.022877883,0.025943026,0.02995464,0.034853943,0.040569853,0.047004506,0.054020453,0.06143335,0.06901295,0.07649377,0.08359503,0.090048395,0.095631205,0.10020242,0.103737585,0.106357716,0.10834379,0.11012488,0.11222584,0.11516767,0.11933614,0.12486384,0.13157776,0.13903226,0.14660141,0.15358628,0.1593067,0.16316758,0.16470245,0.16360039,0.1597206,0.1530984,0.14394456,0.13264051,0.119732566,0.10592895,0.09210384,0.07930433,0.068722256,0.0615132,0.05833391,0.058864318,0.061978072,0.06646991,0.07156756,0.07701042,0.08291334,0.08957075,0.09725995
175,0.0861191,0.089723684,0.09074954,0.089774,0.08802206,0.08740263,0.09015915,0.09793984,0.110914946,0.12787081,0.14696938,0.16632989,0.18425561,0.19928923,0.21022716,0.21613386,0.21636117,0.21056876,0.19874199,0.18120697,0.15864964,0.13216397,0.10341451,0.075227894,0.053659186,0.04999984,0.06539088,0.08731043,0.10830705,0.12534495,0.13698742,0.14254653,0.14184158,0.13511404,0.12298057,0.10639084,0.08658463,0.0650628,0.043647084,0.025057774,0.016052745,0.021428687,0.028673215,0.03158476,0.028630069,0.019531693,0.006537291,0.01905303,0.044405494,0.07350382,0.104544036,0.13580409,0.1655386,0.19205306,0.21379839,0.22946554,0.2380738,0.2390505,0.2323044,0.21830332,0.19818309,0.17394811,0.14887094,0.12810048,0.11844087,0.124426,0.14353564,0.16924237,0.19605109,0.22051124,0.24066333,0.255567,0.26504636,0.26953772,0.26995772,0.26754278,0.2636359,0.25942332,0.2556665,0.25251508,0.24948183,0.24559505,0.2396601,0.23052947,0.21731211,0.19950014,0.17702551,0.15027204,0.12008358,0.08787159,0.05631685,0.033913333,0.040850073,0.066197366,0.09308378,0.11719044,0.137082,0.15217437,0.16236477,0.16792755,0.16945864,0.16781968,0.16406447,0.15933497,0.1547189,0.15107761,0.14888614,0.14815503,0.14848123,0.14920649,0.14960615,0.14903945,0.1470367,0.14333303,0.13786858,0.13077204,0.12233756,0.112999946,0.10330837,0.09389423,0.08542144,0.078501515,0.07356521,0.070727356,0.069736145,0.0700698,0.071123585,0.072369486,0.07343027,0.07408332,0.074230306,0.07385865,0.0730078,0.07174535,0.070153624,0.06832421,0.06635568,0.06434886,0.062395096,0.060557097,0.058847517,0.05721554,0.05555267,0.05372382,0.051622994,0.049248226,0.04678933,0.044711404,0.04377339,0.04485292,0.0485323,0.054761976,0.062952235,0.07230362,0.0820415,0.091506384,0.10017918,0.107691355,0.113834225,0.118566185,0.122012764,0.12445253,0.12628162,0.1279519,0.12988493,0.132377,0.13552345,0.13918981,0.1430394,0.146603,0.14936347,0.15083274,0.15061006,0.14842021,0.14413501,0.1377823,0.12954609,0.11976124,0.10890504,0.09758736,0.0865372,0.076573074,0.06852406,0.063054286,0.060411014,0.06028757,0.06199935,0.0648492,0.06839156,0.07249504,0.077266864,0.08291405
176,0.07116644,0.07453239,0.07641892,0.077831306,0.08029223,0.08549659,0.094639555,0.10787989,0.12440378,0.14287126,0.1617969,0.1797414,0.1953909,0.20759678,0.21540691,0.21809544,0.21519077,0.20649977,0.19212715,0.17249328,0.14836161,0.1209141,0.09200758,0.065129526,0.048430193,0.053015187,0.07285505,0.09593603,0.11692793,0.1335607,0.14467104,0.1496781,0.14843187,0.14115584,0.12841025,0.11105339,0.0901948,0.067141995,0.043357354,0.02056855,0.006520755,0.020605464,0.033697452,0.041785944,0.04419294,0.040849973,0.03250099,0.022369944,0.022754828,0.040332306,0.06484039,0.09146196,0.1178672,0.14226684,0.16312402,0.17915392,0.18938306,0.19322316,0.19055109,0.1818039,0.16811466,0.15153348,0.13535003,0.12422444,0.1229674,0.1333443,0.15265694,0.17638384,0.2006655,0.22285238,0.2413127,0.25521138,0.2643653,0.26913562,0.2703144,0.26897404,0.26626614,0.26317972,0.2603061,0.2576854,0.25479844,0.25070864,0.24429344,0.23448358,0.22045195,0.20173311,0.17828153,0.15049006,0.119208016,0.08587408,0.053375263,0.032042366,0.043785304,0.071798444,0.10038789,0.12590656,0.1470544,0.1632787,0.17448804,0.18097046,0.18334462,0.18250391,0.17953707,0.17561376,0.17183033,0.16903107,0.16765356,0.16766508,0.168627,0.16985625,0.17060928,0.17022577,0.16821122,0.16426715,0.15828735,0.15033646,0.14062157,0.12946385,0.1172751,0.10454366,0.091834374,0.07980611,0.069241464,0.061046522,0.056104623,0.05488252,0.057052884,0.061640836,0.06754612,0.07388519,0.08004804,0.08564164,0.0904283,0.09428403,0.09717219,0.09912376,0.10021688,0.10055244,0.10022535,0.09929521,0.0977627,0.09555891,0.09255243,0.08857508,0.083463654,0.07711414,0.06954988,0.061017934,0.052154116,0.044282064,0.039718397,0.0409683,0.04824427,0.05940764,0.072264984,0.085345775,0.09770466,0.1087153,0.11797366,0.12525997,0.13052309,0.1338699,0.1355499,0.13592984,0.13545379,0.1345874,0.13374913,0.1332399,0.1331894,0.13353749,0.13405779,0.13441455,0.134233,0.13316432,0.13093482,0.12737687,0.12244401,0.11621435,0.10888562,0.100764334,0.09224979,0.08381159,0.07595592,0.069172524,0.063856974,0.060222324,0.058248185,0.057721283,0.058361955,0.059960403,0.06244769,0.065879576
177,0.054780476,0.058252793,0.06178424,0.06674381,0.07447152,0.08571659,0.10038057,0.117703125,0.13658741,0.15582629,0.17421624,0.19061568,0.20398495,0.21342197,0.21819648,0.2177816,0.21188109,0.20045131,0.18371844,0.16219603,0.13671872,0.10854542,0.07973306,0.054626685,0.043923043,0.055857267,0.07846756,0.10188593,0.12238777,0.1382746,0.14861985,0.15295295,0.15116702,0.1434814,0.13041393,0.11274836,0.091492794,0.067828774,0.04305471,0.018550344,0.005140831,0.025050988,0.041538484,0.05344606,0.060232136,0.061730746,0.058241468,0.050755978,0.041617215,0.036060955,0.04099812,0.05589351,0.07520672,0.09514356,0.11345067,0.12860833,0.13957077,0.14573003,0.14696084,0.14370908,0.13712071,0.12919667,0.12284317,0.12140475,0.12727454,0.140469,0.15887286,0.17967644,0.2003906,0.21915483,0.23474215,0.24650332,0.2543088,0.2584821,0.25970656,0.2588888,0.2569748,0.25473565,0.25257105,0.25039437,0.24764594,0.2434293,0.23671532,0.22654822,0.21220852,0.19331858,0.16989805,0.14239094,0.111711435,0.079472296,0.04929848,0.034074247,0.049811188,0.07752978,0.105327375,0.13007684,0.15055887,0.1662502,0.17707993,0.18335506,0.18571396,0.18507046,0.18253157,0.17927614,0.17639044,0.17468195,0.1745267,0.17582,0.17805819,0.18050992,0.18239766,0.18303303,0.1818902,0.17862956,0.17308994,0.16526507,0.15527432,0.14333412,0.12973483,0.11482716,0.09902465,0.08283607,0.066962406,0.052545223,0.041689258,0.03764427,0.041950777,0.051878553,0.06407947,0.07665759,0.08866688,0.09960559,0.10919669,0.11729871,0.123864196,0.12891321,0.13250928,0.13473412,0.13566162,0.1353343,0.1337469,0.13084094,0.12651223,0.120631166,0.11307261,0.10375206,0.09266621,0.079942465,0.06591944,0.05133975,0.037946194,0.03005838,0.033418853,0.04580147,0.06151989,0.07772029,0.093099676,0.10692107,0.11871251,0.12817737,0.13516599,0.13966478,0.14178933,0.14177604,0.13996986,0.13680626,0.13278487,0.12843159,0.124247216,0.12064495,0.1178874,0.11604299,0.114981055,0.114411235,0.113952786,0.113209695,0.1118323,0.10955771,0.1062306,0.10180923,0.096361764,0.09005602,0.08314473,0.075946905,0.06882509,0.062157422,0.056303047,0.051561948,0.048137806,0.04612249,0.04551881,0.046291936
178,0.03745631,0.041490868,0.047781188,0.057473462,0.07081888,0.08731462,0.10608278,0.12611079,0.14634962,0.16575564,0.18332087,0.19810413,0.2092647,0.21609588,0.21805653,0.21479844,0.20618826,0.19232363,0.1735452,0.15045075,0.123931386,0.09529914,0.0668024,0.043940764,0.040331434,0.05814804,0.08212327,0.10514014,0.12466818,0.13945566,0.14878811,0.15230818,0.14996225,0.1419767,0.12883714,0.11126298,0.09017668,0.06667548,0.04205063,0.018350212,0.012274509,0.031474527,0.049768224,0.06446303,0.07479766,0.08044474,0.081428684,0.07814912,0.07145215,0.062785365,0.054476585,0.04982758,0.051648963,0.059525233,0.07050873,0.081817955,0.091668144,0.09911281,0.10388274,0.10634073,0.107479155,0.10884839,0.11226108,0.119198844,0.1301933,0.14466912,0.16131738,0.1786003,0.19509579,0.20966737,0.22153606,0.23030536,0.23595673,0.23881426,0.23947103,0.23867022,0.23714466,0.23543796,0.2337523,0.23187594,0.22921932,0.2249452,0.218145,0.20800945,0.19396253,0.17575023,0.1534942,0.12773706,0.09955068,0.07097513,0.0470293,0.040882878,0.05777743,0.08267859,0.10752378,0.12960055,0.14775077,0.161481,0.17074272,0.1758583,0.17747498,0.17651063,0.17407195,0.17132898,0.16934147,0.16886288,0.17018816,0.17312056,0.17707601,0.18126708,0.18488163,0.18720548,0.18768306,0.18593234,0.18173364,0.17500639,0.16578276,0.15418284,0.14039417,0.124657474,0.107260026,0.08854131,0.0689263,0.04905601,0.030424569,0.019268772,0.027318176,0.04465124,0.06326056,0.0813263,0.098193094,0.11350246,0.12702797,0.13863114,0.14824267,0.15584801,0.16147113,0.16515628,0.16694936,0.16688171,0.16495918,0.16115904,0.15543567,0.14773428,0.13801086,0.12625512,0.11251443,0.09691768,0.07970451,0.061284028,0.042440847,0.02544656,0.019768007,0.032409478,0.05062848,0.069195405,0.08671037,0.10249893,0.11611835,0.12725751,0.13571253,0.14138106,0.14426166,0.14445494,0.14216569,0.13770583,0.1314984,0.124081016,0.11610459,0.10831623,0.101505995,0.09639238,0.093447044,0.09272803,0.093839675,0.09606467,0.09857822,0.10062402,0.10160738,0.101124406,0.09895797,0.09506065,0.08953282,0.082599044,0.07458311,0.06588242,0.05694243,0.0482333,0.040231436,0.033408217,0.028219674,0.025064947
179,0.019860236,0.025093438,0.035751868,0.050777182,0.06891813,0.089134015,0.11047162,0.13199106,0.1527523,0.17183083,0.18834601,0.20149402,0.2105813,0.21505561,0.21453281,0.20881797,0.19792026,0.18206169,0.16168189,0.1374458,0.11027611,0.08149488,0.05349556,0.0334219,0.03782838,0.059639685,0.083766066,0.10570568,0.12379955,0.13715301,0.14524423,0.14783049,0.14491916,0.13675189,0.12378882,0.10668972,0.08629697,0.06364193,0.040100127,0.018983709,0.018560998,0.037448544,0.0567496,0.07343787,0.08658473,0.09572659,0.100684114,0.10152776,0.09856563,0.09233507,0.08359883,0.07335571,0.06287985,0.053775277,0.047873545,0.046540014,0.049630348,0.05572721,0.06345451,0.072120704,0.08161855,0.0921283,0.103842594,0.1167762,0.13068648,0.14509368,0.15936226,0.17280282,0.18476991,0.19474417,0.20239465,0.20761849,0.21055382,0.21156017,0.21116047,0.20994264,0.20842952,0.2069426,0.20550029,0.2037883,0.20121588,0.19703662,0.19049421,0.18095706,0.16802323,0.15159515,0.13193971,0.10977312,0.08648033,0.064804345,0.050595224,0.051820792,0.06676305,0.08680222,0.10684899,0.12462898,0.1390597,0.14967462,0.1564361,0.15966277,0.15998597,0.15830074,0.15568896,0.15329365,0.15213573,0.15290394,0.15580054,0.16052742,0.16641901,0.17264038,0.17835873,0.18284799,0.1855324,0.18599169,0.1839471,0.17924106,0.1718165,0.16169927,0.14898457,0.13382722,0.11643514,0.09706475,0.07601726,0.053634457,0.030293211,0.006403338,0.01764235,0.041381903,0.06441507,0.08634614,0.10681638,0.12551466,0.14218569,0.15663454,0.16872625,0.17838104,0.18556547,0.19028084,0.19255061,0.19240901,0.18989271,0.1850371,0.17787781,0.1684572,0.1568345,0.14309801,0.12737702,0.109852195,0.090763934,0.07042192,0.049233753,0.02788202,0.010097779,0.02019242,0.04037116,0.06027334,0.078880064,0.095705464,0.11038255,0.12261308,0.13216041,0.13885175,0.14258377,0.14333068,0.14115435,0.13621728,0.12879917,0.11931955,0.10837049,0.09676448,0.085594535,0.07626035,0.07029526,0.06876636,0.071522996,0.07721682,0.08411277,0.09073392,0.09603072,0.0993315,0.10026252,0.09868679,0.09466074,0.088400304,0.080250196,0.070652686,0.060114548,0.04917148,0.038350012,0.028126756,0.018886583,0.010894651
180,0.0044826167,0.011383364,0.027755352,0.04682987,0.0678195,0.0899732,0.112475365,0.13446319,0.15505882,0.17340542,0.18870379,0.2002474,0.20745441,0.20989473,0.20731154,0.19963591,0.18699446,0.16971052,0.1483006,0.12347267,0.09614661,0.067585394,0.040193,0.023634689,0.036389094,0.0601003,0.08332423,0.10358394,0.11983743,0.13147661,0.13815399,0.13974017,0.13630739,0.12811704,0.11560616,0.09937425,0.080180146,0.058988485,0.03728821,0.01968402,0.023174688,0.04178136,0.06150021,0.07948683,0.09474965,0.1067272,0.11507802,0.11963126,0.12036727,0.11740299,0.110976204,0.10142823,0.089187205,0.074759096,0.05874807,0.041994557,0.026335483,0.018672055,0.027859606,0.04437846,0.062257346,0.08003249,0.097133584,0.11320917,0.12797914,0.14119552,0.152638,0.1621259,0.16953915,0.17484316,0.1781117,0.17954192,0.17945455,0.1782721,0.17646948,0.17449717,0.17268756,0.1711684,0.16981399,0.16825579,0.16595136,0.16228941,0.15670227,0.14876522,0.13827647,0.12532413,0.1103608,0.09432578,0.07888406,0.06678361,0.061635688,0.06540208,0.0759806,0.089574575,0.10331052,0.115471214,0.12510541,0.13177043,0.13541035,0.13629852,0.13500331,0.1323516,0.12936564,0.12714344,0.12666482,0.12855761,0.1329332,0.1393959,0.1472123,0.15552399,0.16350476,0.17043969,0.1757481,0.17897817,0.17979194,0.1779494,0.1732963,0.16575627,0.15532713,0.14208078,0.12616603,0.10781527,0.08736141,0.0652931,0.042508245,0.022214103,0.02170591,0.042320665,0.066335514,0.09025779,0.11309326,0.13426632,0.15335323,0.17002809,0.18404798,0.19524574,0.20352308,0.20884213,0.21121593,0.2106987,0.20737697,0.20136279,0.1927894,0.18180966,0.16859673,0.15334605,0.13627781,0.117638506,0.097701125,0.0767632,0.05514313,0.033175606,0.011214658,0.010476836,0.03141511,0.05134827,0.06993576,0.08685983,0.1018176,0.11452371,0.12471545,0.13216075,0.13666905,0.13810502,0.13640448,0.13159208,0.12380044,0.1132927,0.100493744,0.08604658,0.07093609,0.056776993,0.046332657,0.04326733,0.048618414,0.059031628,0.07083654,0.08184667,0.09086799,0.0972355,0.10060815,0.100883916,0.09815988,0.092707664,0.08495372,0.07546201,0.06492205,0.054149106,0.044104125,0.035909962,0.030693593,0.028933728
181,0.015408458,0.012512194,0.025847279,0.04499945,0.06640483,0.0888219,0.11128816,0.13289137,0.15275122,0.17003982,0.18401127,0.19403173,0.19960658,0.20040259,0.19626369,0.18721977,0.17348778,0.15546586,0.13372153,0.1089786,0.08211607,0.054247167,0.027461773,0.01564332,0.035658546,0.059249777,0.080677606,0.09875174,0.11284744,0.122583844,0.12776831,0.12837861,0.124550425,0.11656376,0.10482939,0.08987955,0.07237785,0.05320533,0.033937626,0.020078266,0.025952343,0.043967914,0.06356862,0.08223117,0.0989624,0.11312726,0.12424644,0.13195163,0.13597788,0.13616677,0.13247225,0.12496602,0.11384023,0.099406965,0.08209509,0.062450398,0.041173324,0.01954213,0.010524268,0.030178107,0.051861707,0.07246669,0.091247275,0.10773857,0.12162984,0.13274772,0.14105168,0.14662854,0.14968328,0.15052609,0.14955536,0.14723587,0.14407027,0.14056122,0.13716319,0.13422652,0.13194473,0.13032117,0.12917036,0.12815757,0.12686631,0.12487569,0.12183307,0.11751524,0.11187859,0.10510198,0.09762504,0.09017487,0.08374697,0.07945846,0.078191705,0.08014893,0.08470545,0.09072438,0.09700301,0.10254387,0.106643036,0.108895354,0.10917997,0.10764853,0.104718834,0.10106698,0.09759626,0.0953416,0.09526602,0.09797817,0.10352916,0.11144552,0.120951235,0.13119856,0.14140224,0.15088487,0.15907614,0.16549774,0.16974843,0.17149512,0.17047046,0.1664763,0.15939179,0.14918497,0.1359277,0.11981716,0.10121616,0.08075538,0.059670165,0.04114434,0.034202274,0.046194535,0.06782805,0.091941215,0.11598357,0.13877414,0.15957691,0.17786658,0.19325949,0.20548888,0.21439274,0.21990408,0.22204085,0.2208946,0.2166186,0.2094157,0.19952711,0.1872222,0.17278965,0.15653022,0.13875063,0.11975854,0.099858776,0.07935141,0.058535,0.037731178,0.01749241,0.0069586663,0.024230316,0.042693898,0.06019912,0.07635582,0.090865284,0.10343765,0.11378346,0.1216207,0.126689,0.12876792,0.12769756,0.12339903,0.11589342,0.10531784,0.091939025,0.07616947,0.05860694,0.040199548,0.023244413,0.017431306,0.029816188,0.046544563,0.06256654,0.07651347,0.087704025,0.09573233,0.10039486,0.10167707,0.099751934,0.094980426,0.08791364,0.07930009,0.07010086,0.06149858,0.054822575,0.051211637,0.05099232,0.053394232
182,0.030415334,0.024214813,0.029082641,0.04415218,0.063719764,0.08496142,0.10638403,0.12689017,0.1455434,0.16151996,0.17411159,0.18274258,0.18698885,0.1865939,0.18147914,0.1717473,0.15767838,0.13971816,0.11845976,0.09461997,0.0690142,0.042548653,0.016461788,0.011651344,0.034986947,0.056743227,0.0756511,0.091158435,0.10290267,0.11067722,0.11442091,0.11420595,0.110222094,0.10275893,0.09218986,0.078965366,0.06363476,0.046967942,0.03055779,0.020174759,0.027070472,0.0440612,0.06308482,0.08190949,0.09954792,0.115294084,0.12854245,0.13875689,0.14547959,0.1483535,0.14714827,0.14178517,0.13235869,0.11915493,0.10267332,0.08367413,0.063338,0.043907702,0.031182725,0.034700133,0.05014982,0.068220496,0.0852877,0.09995801,0.11157632,0.11986249,0.12480328,0.12660322,0.12564643,0.12245639,0.11765023,0.11188826,0.10582079,0.100036316,0.09501663,0.09110582,0.088499114,0.087251425,0.087298095,0.08847705,0.09054664,0.09320175,0.096094914,0.09886574,0.10117717,0.10275316,0.10341176,0.10308838,0.10184486,0.0998607,0.09740353,0.09477816,0.092259206,0.09002155,0.08809158,0.086340636,0.08452655,0.082368985,0.07963512,0.076218136,0.07220413,0.06793082,0.06403328,0.06143375,0.06117231,0.06401858,0.070098355,0.07890705,0.08964053,0.10148091,0.11370528,0.1256886,0.13687646,0.14676066,0.1548662,0.16075006,0.16400969,0.16429876,0.16134791,0.15498835,0.14517829,0.13203466,0.1158814,0.09734804,0.0776285,0.059249423,0.04791352,0.05132309,0.06804041,0.09066823,0.11482338,0.13841249,0.16024698,0.17954172,0.19574927,0.20850018,0.21757692,0.22289787,0.22450274,0.22253701,0.21723437,0.20889813,0.19788174,0.18456985,0.16936044,0.15264869,0.13481346,0.11620682,0.09714793,0.077923305,0.058800694,0.04008644,0.022437932,0.0103769135,0.019022593,0.03451782,0.05004114,0.06470621,0.07813047,0.089994214,0.09997918,0.10776619,0.113049805,0.115559846,0.11508515,0.11149672,0.104767896,0.094990015,0.08238299,0.06730264,0.05025542,0.03198466,0.014362351,0.012906106,0.029767577,0.0473236,0.063346446,0.077051125,0.08792527,0.09563715,0.10003478,0.101158336,0.09925453,0.09479249,0.08848316,0.081299976,0.074475326,0.069388516,0.067211136,0.06836471,0.072280556,0.077786855
183,0.043663952,0.03552608,0.034260962,0.043264505,0.059162986,0.07799873,0.097520046,0.1163298,0.13339232,0.14787209,0.15909058,0.1665222,0.16980197,0.16873398,0.16329645,0.1536407,0.14008367,0.123093255,0.10326746,0.08130837,0.05799436,0.0341655,0.010963487,0.01299418,0.033605345,0.052191574,0.06803105,0.08074142,0.09009969,0.096022226,0.09854921,0.09782437,0.094070785,0.08756618,0.0786237,0.067588,0.05487037,0.041104823,0.027826678,0.020424241,0.027258633,0.042840756,0.060974147,0.07960204,0.09770218,0.11448043,0.12921065,0.1412173,0.14989868,0.15476316,0.15546785,0.15185432,0.14397894,0.13213891,0.116900384,0.09914961,0.08022515,0.06228494,0.04910523,0.04581558,0.0531419,0.0656779,0.07873607,0.089945,0.09819613,0.10303495,0.10441725,0.10259551,0.09804418,0.091393046,0.08336049,0.07468917,0.066094965,0.05824851,0.051808923,0.0474954,0.046081726,0.048142876,0.05368524,0.062113,0.07252724,0.08397446,0.09553909,0.10637159,0.11571254,0.12292426,0.12752475,0.12921678,0.1279077,0.123716794,0.11696987,0.10818112,0.0980234,0.08728594,0.076813646,0.067412846,0.059704423,0.053938337,0.049874485,0.046874575,0.0441933,0.04128447,0.03800511,0.034760147,0.032629088,0.0332063,0.037658747,0.04584078,0.056794945,0.06955406,0.08335391,0.09756916,0.111632265,0.124985896,0.13706492,0.14729941,0.15513241,0.16004752,0.16160223,0.15946385,0.1534463,0.14354873,0.13000332,0.11335423,0.09463201,0.07580454,0.06086095,0.056547996,0.066566296,0.086089894,0.109293364,0.13289034,0.15508792,0.17478369,0.19125214,0.20402646,0.21284817,0.21763904,0.21847862,0.21558154,0.20927277,0.19996089,0.18811001,0.17421193,0.15875939,0.14222206,0.12502651,0.10754152,0.0900709,0.072856784,0.056101583,0.040038206,0.025206365,0.014137388,0.015822085,0.027150514,0.04002965,0.05266339,0.064479806,0.0750997,0.084177285,0.09137818,0.09639056,0.098947056,0.09885019,0.09599856,0.09041359,0.08227002,0.0719414,0.060093924,0.047925055,0.03776174,0.03366399,0.038345132,0.04893683,0.06143904,0.07354368,0.08401119,0.09211975,0.09746254,0.099886216,0.09948083,0.096591786,0.09184427,0.08617096,0.08080964,0.07717835,0.076502725,0.07927642,0.08502029,0.09261749,0.10084641
184,0.05461578,0.04500581,0.039330058,0.04186154,0.0526064,0.067902766,0.08475261,0.10135058,0.116514266,0.12938122,0.13929781,0.14578407,0.1485256,0.14737333,0.1423431,0.13361147,0.12150665,0.10649444,0.089161396,0.07020142,0.050430544,0.030966844,0.014939299,0.01648959,0.03082204,0.0452064,0.05759897,0.06746327,0.074606486,0.079010025,0.08077227,0.08006852,0.07711411,0.07213221,0.06533369,0.056922548,0.04715472,0.036539722,0.026556022,0.02181785,0.028134452,0.042163953,0.05928965,0.07751738,0.09572583,0.113009594,0.12853192,0.14151365,0.1512633,0.1572193,0.15899351,0.15640995,0.14953662,0.1387108,0.1245628,0.10805261,0.090549946,0.07400678,0.061177127,0.055157837,0.056919385,0.06369688,0.07171615,0.078416295,0.082456715,0.08328435,0.08085524,0.07547545,0.06768965,0.058182117,0.047677286,0.036846213,0.02626417,0.016650427,0.01077552,0.014994332,0.02580164,0.03930676,0.054664634,0.07138811,0.088851884,0.10626076,0.12271052,0.13726982,0.14906242,0.1573412,0.16154914,0.16136396,0.1567243,0.14783697,0.13516635,0.11940961,0.101464644,0.082405634,0.06350067,0.046360735,0.03338624,0.027861156,0.030127829,0.035562817,0.040432435,0.043248516,0.04362336,0.041695736,0.037972648,0.033411674,0.02973762,0.029557591,0.034754116,0.04470542,0.05775882,0.07263048,0.088412836,0.10434836,0.11970837,0.13375513,0.14574942,0.1549817,0.16081521,0.16273266,0.1603826,0.15362349,0.14256904,0.12764777,0.10971485,0.09031985,0.07238155,0.061331604,0.06346813,0.07822401,0.09939145,0.122228906,0.14414328,0.1636515,0.1798428,0.19216697,0.2003457,0.20432618,0.20424737,0.200408,0.19323292,0.18323731,0.17098917,0.15707226,0.1420505,0.1264365,0.1106658,0.095079996,0.07992127,0.06534255,0.051440608,0.038333867,0.026380157,0.017014971,0.014866091,0.021503244,0.03129707,0.04153038,0.051306404,0.060144674,0.06767794,0.073594145,0.07763697,0.07962428,0.07947427,0.07723772,0.07313992,0.06764001,0.06151649,0.05596144,0.05254487,0.052717544,0.056882493,0.06410604,0.07286223,0.0817416,0.08966237,0.09585241,0.099804655,0.10125581,0.10018867,0.09685382,0.09180948,0.08597428,0.08065667,0.0774409,0.07774397,0.08213191,0.090028815,0.1001514,0.11112555,0.12181688
185,0.06299296,0.052400846,0.043649223,0.040229127,0.044611685,0.05513582,0.0685137,0.08241686,0.095432006,0.10663915,0.11539993,0.12127427,0.12398944,0.12342827,0.11962278,0.112747476,0.10311021,0.09114101,0.077382,0.062488794,0.047276884,0.032943606,0.021986896,0.019612817,0.026222127,0.035461903,0.04417756,0.05139106,0.056798454,0.060356695,0.062144604,0.06228915,0.060913876,0.058105785,0.053909115,0.048360724,0.041596957,0.0341235,0.02752762,0.02564337,0.03205173,0.044950098,0.061205633,0.078943856,0.09693454,0.11416341,0.12970914,0.14273405,0.15251388,0.15847978,0.1602608,0.1577209,0.1509879,0.14047374,0.12689,0.111266024,0.094981715,0.07981188,0.06787207,0.0610633,0.059736628,0.062020972,0.06516615,0.06701507,0.06634022,0.06265963,0.05602297,0.046854097,0.03582983,0.023782741,0.011723612,0.0044224123,0.013235696,0.0235086,0.033693004,0.044494513,0.056817483,0.071297,0.08803752,0.106591366,0.12608734,0.14539616,0.16327998,0.17851725,0.19000648,0.19685072,0.19842277,0.1944089,0.18482935,0.17003527,0.15068272,0.1276868,0.10216176,0.07535945,0.04864911,0.023866987,0.010748085,0.02568135,0.04215008,0.055264134,0.06452895,0.07001885,0.07208372,0.07125449,0.06818149,0.0636022,0.05836253,0.05351415,0.050438542,0.05072974,0.05551203,0.06474273,0.07744352,0.09235652,0.108259924,0.124007866,0.13851713,0.15077604,0.1598779,0.1650668,0.1657858,0.16172183,0.15284577,0.1394549,0.12223796,0.102423884,0.082178704,0.06557138,0.05930838,0.06748148,0.08541102,0.106733106,0.12774968,0.14650857,0.16191216,0.17335069,0.18055548,0.18352713,0.18248753,0.17783697,0.17011012,0.15992963,0.14795792,0.13484856,0.12120002,0.107514545,0.09416727,0.081390806,0.06928168,0.05783332,0.046998557,0.036790702,0.027469924,0.01999068,0.016751783,0.019614087,0.026194355,0.03378835,0.041116867,0.047540605,0.052673075,0.056275345,0.058240883,0.05861349,0.057623763,0.05573947,0.05371328,0.052565232,0.053373594,0.056834694,0.06290624,0.07090103,0.07985814,0.088823736,0.09696273,0.1035853,0.10815233,0.110283054,0.10977037,0.10660573,0.10101818,0.093537785,0.085097976,0.07717115,0.071804725,0.07113919,0.076194696,0.08614994,0.09914429,0.11335153,0.12737398,0.1402352
186,0.0686973,0.057796713,0.04737564,0.03951002,0.03703029,0.04118703,0.049946375,0.06054696,0.07116392,0.08072536,0.08856996,0.09427714,0.09759562,0.09841301,0.096740775,0.09270378,0.08653029,0.078540884,0.069137305,0.05879479,0.048067655,0.03763312,0.028434481,0.021979438,0.020126708,0.022810014,0.027698956,0.032969438,0.03780528,0.041879024,0.04504338,0.047194824,0.048216976,0.04797223,0.04633481,0.04327186,0.03900424,0.034334566,0.031218018,0.032762952,0.040674224,0.053645696,0.06961797,0.08699988,0.104557045,0.12122788,0.13605838,0.14820427,0.15696174,0.16180766,0.16243903,0.15880665,0.1511395,0.13995983,0.12609045,0.11065795,0.09508916,0.0810655,0.07029722,0.063885234,0.061466105,0.061199114,0.06084725,0.05871027,0.05385996,0.0460379,0.03551831,0.023081888,0.010925651,0.011554824,0.02425086,0.037541818,0.049839143,0.061031822,0.0716567,0.08270978,0.09532993,0.11035756,0.12798566,0.1476838,0.16835652,0.18858218,0.20682919,0.22162466,0.23168221,0.23599842,0.23392186,0.225195,0.20996831,0.18878597,0.1625449,0.13242988,0.09982996,0.066244274,0.033202253,0.0036490785,0.026523177,0.050581187,0.07010371,0.08480692,0.094802484,0.10053155,0.10269299,0.10214314,0.099772885,0.09638327,0.09259782,0.08885773,0.08552547,0.08306625,0.082202405,0.083875224,0.088903874,0.09751338,0.1091339,0.12259809,0.13647571,0.149323,0.15982337,0.16686799,0.16960965,0.16750301,0.16033454,0.14824569,0.13176031,0.111848295,0.09011929,0.069416925,0.05520162,0.054811545,0.0679391,0.08695579,0.106498145,0.123983406,0.13812767,0.14829946,0.15428214,0.15616937,0.1543008,0.14920694,0.14155315,0.13207896,0.12153231,0.11059993,0.09983835,0.08961593,0.08008193,0.07118027,0.06271446,0.054451432,0.04624059,0.038136516,0.030552125,0.0244979,0.021666659,0.023111558,0.027548544,0.03289422,0.037743837,0.041298818,0.043119103,0.04302674,0.041113395,0.037837934,0.03424754,0.032246277,0.034158234,0.040895287,0.05134035,0.06384951,0.07709469,0.09006476,0.10194661,0.112061225,0.11984316,0.12484183,0.12673299,0.1253355,0.12063309,0.112805165,0.102279544,0.08983697,0.0768308,0.06559148,0.059684608,0.06233752,0.07318892,0.08902104,0.10683437,0.124669425,0.14129834,0.15594263
187,0.071806915,0.061510377,0.051098812,0.041446887,0.03398386,0.03069114,0.032657437,0.03855055,0.046187166,0.05405669,0.06129906,0.06741201,0.07208743,0.075138465,0.07646738,0.076049946,0.07392611,0.070192456,0.064994335,0.058517393,0.05097868,0.04261929,0.033702906,0.024535272,0.0155815985,0.008314545,0.008669083,0.015478097,0.022963405,0.029859537,0.03573357,0.040296547,0.043317877,0.044636812,0.044218548,0.042266447,0.039432455,0.037148032,0.037740897,0.043309625,0.054006107,0.06846331,0.08512219,0.10264923,0.11989387,0.13582505,0.14951701,0.16016866,0.16713898,0.16998695,0.1685089,0.16276912,0.15312101,0.14021906,0.1250235,0.108798474,0.09309224,0.079633616,0.06996576,0.0646778,0.0627755,0.062156398,0.06076856,0.05731052,0.051381357,0.043539625,0.035663053,0.031615254,0.035313074,0.04550281,0.05835762,0.07144525,0.083713725,0.09503376,0.10598274,0.11762447,0.13113767,0.14734095,0.16632903,0.18739732,0.20922057,0.23012675,0.24834973,0.2622261,0.27034146,0.27163675,0.2654813,0.2517131,0.23064704,0.20305134,0.17009522,0.13327502,0.09433951,0.055318017,0.020128733,0.024017176,0.05319102,0.07891206,0.09928055,0.11402302,0.12346858,0.12839736,0.12991886,0.12930228,0.12775074,0.1261579,0.12493859,0.12403339,0.12310656,0.12184878,0.120257795,0.11880143,0.11839249,0.1201168,0.12474942,0.13230716,0.14195195,0.1522681,0.16165407,0.16862015,0.1719567,0.17081518,0.16474183,0.15368605,0.13799664,0.11842331,0.09616718,0.07312018,0.052763395,0.042225994,0.04795811,0.06365978,0.08118399,0.096917145,0.10938195,0.11798717,0.1226374,0.123587765,0.12136351,0.11669109,0.11042112,0.103432246,0.096510984,0.090217635,0.084776156,0.08004596,0.07560914,0.07094064,0.065586574,0.05929628,0.0521046,0.044398177,0.03701314,0.03134655,0.029063934,0.03070612,0.03483645,0.039432876,0.04299554,0.04457913,0.043613642,0.039798662,0.03306547,0.023613906,0.012396131,0.00891611,0.02278436,0.04008069,0.058262922,0.076392695,0.09368586,0.109411195,0.12289395,0.1335357,0.14083645,0.14441536,0.14402904,0.13958772,0.13117145,0.1190522,0.10373802,0.08608643,0.06763696,0.051608518,0.04463347,0.052354723,0.07022955,0.09180122,0.113784745,0.1345603,0.15319352,0.16911128
188,0.07257391,0.06404349,0.05555987,0.04736496,0.03980449,0.033448018,0.02919976,0.028075235,0.030351521,0.035169896,0.041313324,0.04781797,0.05401032,0.059402328,0.06362215,0.06638491,0.06748483,0.066796124,0.06427651,0.05997055,0.054012503,0.04663167,0.03817044,0.029150728,0.020533442,0.01466781,0.015510912,0.02177983,0.029366871,0.036444794,0.042244483,0.046348177,0.04852895,0.04874685,0.047224198,0.044612277,0.04226002,0.042345665,0.04706977,0.05705231,0.0712386,0.088102005,0.10626013,0.12451823,0.14180827,0.1571605,0.16971095,0.17872979,0.1836592,0.18415254,0.18010981,0.17170568,0.15940893,0.1439944,0.12655155,0.10849381,0.091557145,0.07769613,0.06860725,0.064706765,0.06450235,0.06553456,0.065807045,0.064400114,0.061521962,0.058456667,0.057330552,0.060179796,0.06752228,0.07813836,0.09023612,0.102399826,0.113910526,0.124792166,0.13573794,0.14788258,0.1623879,0.17994863,0.2004515,0.22294208,0.24584025,0.26723972,0.28517887,0.2978509,0.3037595,0.3018307,0.29148763,0.2726887,0.24593028,0.21221565,0.1729956,0.13009898,0.085727245,0.043103326,0.019692184,0.04729521,0.079222165,0.10596787,0.1262952,0.14014052,0.14813933,0.15149619,0.15183422,0.15094341,0.15040778,0.15119573,0.15341875,0.15643048,0.15921159,0.16081475,0.1606944,0.15887609,0.15597962,0.15309545,0.1514881,0.15214445,0.15533052,0.16042158,0.16611037,0.17081751,0.17306152,0.17168614,0.1659626,0.15561438,0.1407996,0.12207323,0.100349605,0.07691026,0.053624157,0.03417388,0.027670333,0.03781775,0.0527481,0.06630177,0.07674049,0.083633855,0.087149255,0.087859675,0.08664415,0.0845704,0.08270626,0.08185243,0.082288355,0.08369794,0.085340664,0.086341046,0.0859308,0.08358481,0.079076976,0.07249944,0.0642802,0.055230543,0.04664453,0.040353633,0.038180966,0.040376812,0.045132242,0.050178666,0.053847365,0.05509723,0.05334086,0.048348516,0.040259194,0.029834108,0.01993971,0.020224102,0.033965863,0.052699823,0.07283774,0.092867814,0.11173569,0.12855184,0.14254178,0.1530487,0.15954839,0.16166502,0.15918405,0.15206124,0.14042807,0.12459698,0.10507631,0.08262941,0.058534868,0.036017083,0.027605945,0.044339057,0.069724336,0.09601013,0.12105128,0.14382505,0.16369097,0.18024723
189,0.071414016,0.06601307,0.061351646,0.057226725,0.053443804,0.049926084,0.046799194,0.04442018,0.04330192,0.043891147,0.046286885,0.05013362,0.054772712,0.05946907,0.063556,0.066493995,0.067889385,0.06750199,0.06525296,0.06123744,0.055748384,0.04932336,0.042829767,0.037558887,0.035066165,0.036277756,0.04057239,0.04637578,0.0522262,0.05709422,0.06031441,0.06150162,0.060528357,0.057570785,0.05324889,0.04890132,0.046861064,0.049887937,0.059188906,0.07368892,0.091535,0.11110443,0.13108711,0.15036654,0.16794533,0.18292455,0.19451597,0.20207092,0.20511644,0.20339184,0.19688156,0.18584093,0.17081434,0.15264808,0.13250539,0.11189665,0.09273017,0.07730131,0.06782766,0.06504323,0.06714944,0.071180984,0.07494361,0.07757417,0.079333894,0.081244886,0.0845943,0.0903034,0.098465905,0.108398415,0.1190928,0.12969944,0.13984907,0.1497999,0.16040602,0.17286988,0.18829098,0.20717119,0.22912404,0.25290745,0.2766832,0.2983348,0.3157441,0.32700387,0.33057544,0.32540208,0.31098285,0.2874081,0.25535715,0.21606036,0.17123604,0.12303722,0.07420027,0.03074839,0.033065364,0.069664046,0.103404656,0.13041079,0.14987615,0.16199681,0.16776079,0.16886169,0.16753536,0.16621007,0.1669212,0.1706638,0.17709902,0.18486129,0.19221315,0.19762862,0.20012791,0.19940299,0.19581264,0.1902852,0.18412445,0.17869923,0.17503993,0.17347004,0.17347205,0.173879,0.17326395,0.17031401,0.1640698,0.15402773,0.14014828,0.1228099,0.10273448,0.08090102,0.05846787,0.036769044,0.0179008,0.011455612,0.02221878,0.03321758,0.041455284,0.047003087,0.050706502,0.053868715,0.057892,0.063729875,0.07147926,0.08045605,0.08958741,0.09776182,0.10401966,0.10763615,0.108155474,0.10540562,0.09950688,0.090883,0.08028887,0.068876825,0.058312014,0.05078584,0.048284758,0.050874375,0.056395464,0.062279,0.06667648,0.06849655,0.06723158,0.06289067,0.056099318,0.04847603,0.04334731,0.045312993,0.055973027,0.072551064,0.0918506,0.11168122,0.13051654,0.14718637,0.16075017,0.1704566,0.17573597,0.17620309,0.17166118,0.16210246,0.14770386,0.12881738,0.10595636,0.07978237,0.0511179,0.02129967,0.013881348,0.043855913,0.07429425,0.10323367,0.12984031,0.15348025,0.17368205,0.19014835
190,0.06888263,0.06803519,0.06868164,0.06998556,0.07127358,0.0721517,0.072507955,0.07245819,0.07226165,0.07221446,0.07253452,0.07326796,0.07425363,0.0751589,0.07556523,0.075066894,0.0733575,0.07029885,0.0659802,0.060780365,0.055437453,0.051082104,0.04905772,0.050306723,0.0546885,0.06108946,0.068118334,0.07456517,0.07950961,0.082302794,0.082544126,0.08008447,0.075069875,0.06805869,0.060284104,0.054106172,0.053086266,0.059954096,0.07407322,0.09289991,0.11416994,0.13625033,0.15789716,0.17807363,0.19586952,0.21047889,0.22120807,0.22749938,0.22896206,0.2254049,0.21686631,0.20363884,0.18628739,0.16566387,0.14292783,0.11959438,0.09764232,0.07966216,0.068626255,0.06619171,0.07060557,0.07818847,0.08616548,0.09332907,0.099594586,0.10549324,0.11173152,0.11881785,0.126843,0.13549584,0.14428218,0.15282594,0.16113597,0.16975638,0.17972831,0.19230853,0.20848899,0.22852446,0.25171775,0.27653116,0.30088806,0.3224992,0.3391341,0.34882787,0.35003513,0.3417413,0.32353428,0.2956365,0.2588975,0.21474975,0.16514145,0.11250165,0.060133215,0.02148749,0.04985161,0.0904574,0.12504199,0.15150799,0.16935228,0.17902261,0.18186639,0.18010361,0.1766745,0.17477807,0.17697969,0.18421964,0.19551703,0.20864718,0.22113656,0.23094192,0.23673539,0.2379586,0.23477101,0.22794205,0.21869165,0.20846719,0.19864969,0.19022194,0.1835008,0.1780709,0.1729743,0.16705771,0.15930855,0.14907226,0.1361375,0.120724276,0.103413776,0.08504735,0.06660979,0.049103748,0.033414286,0.020154646,0.009501465,0.002096391,0.007944128,0.016803786,0.027678771,0.04076992,0.055687632,0.071664035,0.087743185,0.10291323,0.11620272,0.12675546,0.13388959,0.13714276,0.13630465,0.13143866,0.12289728,0.11133962,0.09776645,0.08359613,0.07078228,0.061780915,0.05868178,0.061406337,0.067516275,0.07417999,0.07939372,0.082039624,0.08170423,0.078605264,0.073665544,0.06870379,0.06648275,0.06982793,0.07972856,0.09480714,0.11276723,0.1315105,0.14936116,0.16499476,0.1773615,0.18564688,0.18925646,0.18781136,0.18114582,0.16930279,0.15252554,0.13124551,0.106070474,0.07778941,0.04749828,0.01840233,0.023655852,0.054222073,0.08523468,0.11452694,0.14117756,0.16454154,0.18416792,0.19979824
191,0.065628305,0.07057199,0.07732085,0.08438548,0.09082877,0.09616343,0.10020938,0.10297847,0.104583316,0.10516228,0.1048198,0.10358768,0.10141381,0.098180845,0.09375205,0.08803783,0.08107925,0.073152944,0.06491339,0.057574276,0.052976083,0.052993625,0.05811809,0.06699013,0.077580675,0.0881376,0.09734967,0.10426052,0.1081946,0.10872774,0.105690606,0.0992022,0.089753464,0.07840388,0.067219384,0.059924524,0.061236084,0.07275763,0.09161947,0.11432466,0.13848153,0.16251664,0.18528286,0.20585944,0.22346586,0.23743047,0.24718712,0.252288,0.25242603,0.24746211,0.23745352,0.22267973,0.20366448,0.18119569,0.1563532,0.13056959,0.105778456,0.084712565,0.07107456,0.0679528,0.07420918,0.0853153,0.09754539,0.10907702,0.11934761,0.12844287,0.13669753,0.14442985,0.15179525,0.15877534,0.16529472,0.17141807,0.17755161,0.18455589,0.19366899,0.20617878,0.2229237,0.24386957,0.2679938,0.29348034,0.3180537,0.33930138,0.35493025,0.36296052,0.36187214,0.35071158,0.32916027,0.29756305,0.25691545,0.20881298,0.15537514,0.09920961,0.044065416,0.02228459,0.0666777,0.10910738,0.14359851,0.16878349,0.18436566,0.19100559,0.19038194,0.18524608,0.17932263,0.17673567,0.18067384,0.19189861,0.20855133,0.22742663,0.24534132,0.25982136,0.2692763,0.27296534,0.2708983,0.26371083,0.2525149,0.23871894,0.22381137,0.20911542,0.1955494,0.18346351,0.17263243,0.16242738,0.15209702,0.14103767,0.12896647,0.115976274,0.102492005,0.08915521,0.076655716,0.065531366,0.055995975,0.047927212,0.041176513,0.03626139,0.035072025,0.039964575,0.05110101,0.066649325,0.084648356,0.10348642,0.121792786,0.1383627,0.15215465,0.16231953,0.16823693,0.16954704,0.16617356,0.15833813,0.14656973,0.13171832,0.11498917,0.09801926,0.082985274,0.07251601,0.06871855,0.07136273,0.07779807,0.085004136,0.09087356,0.0942921,0.09494467,0.09321365,0.0901831,0.08764629,0.08785849,0.092731304,0.10281502,0.11712506,0.13388674,0.15125342,0.16760541,0.18160476,0.19218168,0.1985176,0.20003562,0.19639584,0.18749212,0.17344788,0.1546129,0.13156922,0.10517605,0.076777786,0.049259905,0.032904368,0.045255773,0.07245404,0.10184374,0.13001773,0.15559089,0.17776424,0.196047,0.21019223
