0,0.24133328,0.23540382,0.22675075,0.21550691,0.2019338,0.1863928,0.16931671,0.151183,0.13248962,0.11373533,0.09540593,0.07796974,0.061887003,0.04764298,0.03581732,0.02716353,0.022414539,0.021318762,0.02216082,0.02312301,0.02318204,0.02199793,0.019799817,0.017652173,0.01790275,0.022755856,0.031839654,0.043782424,0.05761717,0.07269109,0.088473506,0.104474805,0.12022119,0.13525203,0.1491266,0.16143456,0.17180757,0.17993063,0.18555237,0.18849388,0.1886556,0.18602261,0.18066815,0.17275597,0.16254242,0.1503795,0.13672192,0.122142404,0.10736117,0.09329519,0.08111156,0.0721922,0.06778389,0.06827139,0.07278534,0.07977392,0.08781177,0.09592971,0.103593364,0.11059557,0.1169566,0.12283693,0.1284517,0.13398333,0.13950092,0.14490345,0.14990126,0.15404095,0.1567666,0.15750477,0.15576254,0.1512346,0.14392385,0.13428898,0.12343521,0.11332452,0.106785625,0.10673406,0.114426315,0.12848884,0.1459967,0.16393377,0.17979185,0.19163191,0.1980307,0.19804414,0.19119377,0.17745952,0.15726456,0.13144372,0.1011919,0.067992926,0.03354025,0.0021684123,0.032347135,0.060222782,0.08289856,0.09932257,0.10886872,0.111384585,0.1072348,0.09735075,0.08334031,0.06779581,0.05498102,0.050731227,0.05723601,0.06964227,0.08247779,0.09258112,0.09837859,0.09925168,0.095269635,0.0870714,0.0758008,0.06306888,0.05091798,0.041597903,0.036550786,0.0347773,0.033295795,0.02952455,0.022833273,0.017717706,0.026715292,0.047881156,0.07467708,0.10429739,0.13474476,0.1641632,0.19078551,0.21299633,0.22941533,0.23897398,0.24097513,0.2351299,0.22156952,0.20083196,0.17382474,0.14176841,0.10612848,0.06856096,0.031085707,0.011145842,0.04220414,0.07211739,0.09730304,0.11689849,0.13050535,0.13809124,0.13995852,0.13670927,0.12919927,0.11848233,0.10574623,0.09223859,0.07917236,0.06758705,0.058142796,0.050893016,0.0452196,0.040092822,0.034508355,0.027798614,0.019730913,0.010564992,0.0037996098,0.012071953,0.022487719,0.0322539,0.040628728,0.047068737,0.051190224,0.052803736,0.051969618,0.04908961,0.04507259,0.04157986,0.041014403,0.045344595,0.05448609,0.06684536,0.0807638,0.09499012,0.10862545,0.12102594,0.13174826,0.14052323,0.14724024,0.15193193,0.15475355,0.1559543
1,0.22348759,0.21692841,0.20769261,0.19596809,0.18207642,0.16644154,0.14955866,0.13196485,0.11421243,0.09684718,0.08039356,0.06534956,0.05219228,0.041385762,0.033347234,0.028268624,0.025788039,0.024925534,0.024548026,0.02380662,0.02220481,0.01951314,0.015747525,0.011448275,0.009157855,0.0132664,0.022112655,0.033312548,0.046059456,0.059937436,0.07459398,0.089669116,0.10478281,0.11953981,0.13354081,0.14639601,0.15773942,0.16724229,0.1746256,0.17967054,0.18222708,0.18222053,0.17965624,0.17462249,0.16729264,0.15792702,0.14687628,0.13458833,0.121621594,0.10866682,0.096573584,0.0863549,0.07909318,0.075642794,0.07619991,0.080145665,0.08639516,0.09388457,0.101824775,0.10973,0.11735391,0.12460679,0.13147497,0.1379474,0.14395438,0.14932571,0.15377545,0.15691581,0.15829806,0.15747482,0.15407838,0.14791313,0.13906685,0.12805535,0.11602242,0.10498105,0.09786379,0.097676046,0.10552409,0.11968503,0.13702704,0.15455568,0.1698947,0.1812573,0.18735722,0.18736039,0.18086709,0.16790283,0.1489029,0.124682374,0.0963895,0.06544855,0.033550445,0.005854265,0.028526928,0.05402693,0.07478611,0.08971099,0.09820509,0.10012524,0.095805235,0.086092815,0.072446205,0.057249624,0.044683263,0.041063238,0.04846592,0.061036456,0.0733408,0.082597636,0.0874794,0.0874811,0.08269525,0.07372016,0.061619923,0.04795177,0.034980338,0.02616162,0.024715269,0.028107153,0.030978572,0.030357065,0.025317159,0.017345503,0.017050717,0.033584815,0.057693664,0.08519654,0.11402993,0.14243972,0.16877772,0.19153051,0.20938794,0.22131108,0.22658645,0.22486089,0.21615429,0.20084988,0.17966308,0.15359177,0.12385173,0.09180258,0.05887213,0.026517557,0.005419385,0.03223901,0.05604832,0.07539425,0.08986949,0.099380575,0.10411679,0.10452121,0.101250865,0.09512609,0.087069415,0.07803219,0.06890418,0.060401037,0.052939113,0.046543404,0.04086497,0.03533893,0.029406864,0.022687744,0.015049061,0.006610855,0.0025731937,0.011564453,0.020256454,0.028048659,0.034453023,0.03906152,0.041583344,0.041886542,0.040054675,0.03649063,0.03214035,0.028887173,0.029471928,0.035364415,0.04535229,0.057526994,0.07050438,0.08336232,0.09545533,0.10632444,0.115662195,0.12329834,0.12918986,0.13340764,0.13611613,0.13754453
2,0.20306881,0.19616608,0.18663363,0.17471068,0.16077742,0.14532275,0.12891279,0.11216126,0.09570329,0.08017314,0.06618428,0.054301243,0.044974405,0.03839677,0.034315284,0.032005057,0.030549997,0.029187793,0.027445752,0.025093973,0.02204447,0.01826353,0.013714253,0.00833128,0.0020663787,0.0054413704,0.0139654195,0.023721082,0.034692433,0.046797674,0.059877545,0.07369954,0.08796875,0.10234273,0.11644856,0.12990071,0.14231865,0.15334335,0.16265202,0.16997077,0.17508489,0.17784691,0.17818218,0.17609264,0.17165908,0.16504249,0.15648559,0.14631581,0.13495165,0.122914456,0.11084714,0.09953504,0.0899063,0.08295128,0.07948261,0.07978195,0.0834279,0.089522265,0.09708965,0.10533105,0.11368248,0.121773615,0.12935987,0.13625717,0.14228848,0.14724603,0.15087253,0.15286298,0.1528875,0.15063345,0.14586508,0.1385006,0.12871288,0.11706942,0.104737304,0.09374302,0.08702369,0.08745596,0.09574825,0.109810874,0.12649688,0.14302598,0.15727526,0.1676776,0.17311983,0.17289555,0.16668966,0.15457125,0.13698128,0.11470888,0.088859774,0.060846265,0.032632492,0.012097902,0.027668668,0.04954781,0.06767317,0.08055446,0.08755424,0.08852166,0.083764136,0.0740729,0.060831092,0.046417356,0.035450056,0.034936987,0.044922184,0.058278996,0.07039606,0.07911967,0.08340055,0.08282987,0.077488236,0.0678735,0.054843716,0.039571226,0.02359419,0.010056898,0.011937406,0.021887185,0.029026896,0.03162017,0.0291164,0.02176633,0.012744196,0.018524392,0.038600504,0.063219324,0.08976668,0.116566226,0.14210355,0.16498272,0.18397442,0.19807433,0.20655215,0.20898496,0.20527177,0.19562879,0.18056622,0.16084878,0.1374433,0.11145791,0.08407867,0.056517653,0.03004436,0.0079082325,0.019110939,0.03749737,0.052609302,0.0639583,0.07154762,0.07562289,0.07660919,0.07505933,0.07159695,0.0668527,0.061395824,0.055667814,0.04993228,0.044259395,0.038558178,0.03265065,0.02636189,0.01959731,0.012399717,0.005112316,0.0038727704,0.010828375,0.017569553,0.023360023,0.0278011,0.030580794,0.031482015,0.03040998,0.027438397,0.022922792,0.0178754,0.015057681,0.018368892,0.02691057,0.037790418,0.04950171,0.061244834,0.07248325,0.08282048,0.09197026,0.09975098,0.10608405,0.110988595,0.11456925,0.11699554,0.11847284
3,0.18065818,0.17371108,0.16417825,0.15234904,0.13866417,0.12368542,0.10806816,0.092538066,0.07787133,0.064869426,0.054294672,0.04669635,0.042104702,0.03983786,0.038767256,0.037837896,0.036365952,0.03405144,0.030880855,0.027025253,0.022757847,0.018390115,0.01423321,0.010634698,0.008248475,0.008383851,0.011650171,0.017298637,0.024828106,0.034058195,0.044841245,0.056967042,0.07015005,0.08404117,0.09824632,0.11234648,0.12591708,0.13854606,0.14984989,0.15948738,0.16717088,0.17267513,0.17584366,0.17659307,0.17491557,0.17088047,0.16463505,0.15640613,0.14650352,0.13532747,0.123382434,0.11129925,0.099862754,0.090023674,0.082831815,0.07919465,0.07948171,0.08329115,0.089663655,0.09751946,0.10594507,0.114263564,0.121996626,0.12880197,0.13441724,0.13861811,0.14119208,0.14192812,0.14062326,0.13710618,0.13127877,0.12317783,0.11306463,0.10156052,0.08985569,0.0799708,0.07473437,0.07658566,0.08553832,0.09920293,0.11467537,0.12958312,0.1421605,0.15111274,0.15552667,0.15483652,0.14881654,0.13758016,0.1215755,0.10157679,0.07868976,0.05446267,0.03169986,0.02019987,0.031650614,0.048884884,0.06366147,0.073982045,0.079089,0.078798704,0.07340072,0.06368169,0.05109796,0.03842617,0.031379115,0.035947483,0.04839771,0.062308084,0.07437861,0.08297351,0.08722901,0.086789034,0.08171794,0.07245345,0.05976383,0.044710863,0.028681679,0.014069181,0.010655782,0.020207487,0.02884188,0.03362378,0.033708632,0.028846351,0.019428687,0.009170341,0.018651176,0.03939953,0.062983565,0.08754811,0.11170913,0.13420285,0.15389392,0.16982147,0.1812431,0.18766713,0.18886974,0.18489634,0.17604747,0.16285142,0.14602631,0.12643631,0.10504846,0.082903594,0.06113685,0.041184667,0.025794426,0.021300672,0.028496785,0.03850959,0.047334697,0.053994052,0.058338866,0.06051366,0.06078943,0.05948314,0.056905914,0.053328037,0.048960183,0.04395155,0.038403872,0.032397315,0.02602344,0.019425707,0.012879454,0.007174267,0.005662762,0.009631045,0.014363175,0.018351782,0.021119772,0.022396706,0.022013301,0.019886715,0.01601996,0.010503845,0.0035613882,0.004940823,0.014144806,0.024040304,0.034240372,0.044391077,0.054161966,0.06326273,0.07145965,0.07858871,0.08456393,0.08937944,0.093103886,0.0958665,0.09783438,0.09918255
4,0.15698653,0.15029429,0.14105718,0.12961788,0.11648566,0.1023139,0.08788649,0.07411368,0.06202268,0.052672748,0.04683772,0.044450752,0.044413764,0.04521115,0.045614082,0.044902027,0.04278982,0.039309334,0.03472266,0.029471463,0.024157047,0.019534543,0.016416153,0.015226138,0.015473024,0.016181111,0.016770922,0.017438987,0.019176051,0.02324729,0.030245353,0.039931774,0.051749825,0.065117404,0.07947947,0.09430367,0.10907785,0.12331481,0.13656123,0.1484076,0.15849769,0.16653664,0.17229694,0.17562297,0.17643362,0.1747239,0.17056574,0.164109,0.15558341,0.14530322,0.13367648,0.121222176,0.10859812,0.09663788,0.08637344,0.078964576,0.07540305,0.07601657,0.08021132,0.08679804,0.09453122,0.102405295,0.10969744,0.11591137,0.12071037,0.123864375,0.12521322,0.12464458,0.12208588,0.11751115,0.11096544,0.1026115,0.09280971,0.08225194,0.072173566,0.06457729,0.0619819,0.06592176,0.07549118,0.08826539,0.10188364,0.1145347,0.12487549,0.13191259,0.13494627,0.13355732,0.12761246,0.11727432,0.103012726,0.085628316,0.06633957,0.04714172,0.032244284,0.029812926,0.039961867,0.053179037,0.06453084,0.07215013,0.075258255,0.07367095,0.06770466,0.05824191,0.04703699,0.037587393,0.035676174,0.043716084,0.05703749,0.07104867,0.0832263,0.09215359,0.09702188,0.09746695,0.09351221,0.085540764,0.07427751,0.06079344,0.046591938,0.033944815,0.0264752,0.026960725,0.03206022,0.036832724,0.038715996,0.036625136,0.030211475,0.019669926,0.006934682,0.015017523,0.03484127,0.05655023,0.078728236,0.10025123,0.120093316,0.13735043,0.15127845,0.16132489,0.16714917,0.16863042,0.16586296,0.15914093,0.14893416,0.13585877,0.120646715,0.10412087,0.087185875,0.070852496,0.056320257,0.04509836,0.03882849,0.038068388,0.04119765,0.04580189,0.05021444,0.053597942,0.055606548,0.056151662,0.05527831,0.053100787,0.049768686,0.045450002,0.040324878,0.034586564,0.028448464,0.022160461,0.016053028,0.01069199,0.007401404,0.007919323,0.010689568,0.01349984,0.015529771,0.016503647,0.016373804,0.015293363,0.013724224,0.012668502,0.013589544,0.017156754,0.022705644,0.029350672,0.03645986,0.043589666,0.050408542,0.056667056,0.06219067,0.06687972,0.07070919,0.07372424,0.0760289,0.077766605,0.079092935,0.0801433
5,0.13292623,0.12677209,0.11811509,0.1073617,0.09510915,0.08214292,0.06945615,0.05827887,0.05001134,0.045765843,0.045480404,0.047709975,0.05061793,0.052819576,0.053516865,0.05236321,0.04933378,0.044645883,0.038719922,0.0321787,0.025896892,0.021069644,0.018932052,0.019586965,0.021589085,0.023351831,0.023919242,0.022912323,0.020517582,0.017875323,0.01781869,0.02316746,0.033254955,0.046258204,0.06098764,0.07665392,0.09262664,0.10834913,0.123315394,0.13706838,0.14920488,0.1593819,0.1673224,0.17281972,0.17574054,0.17602666,0.17369603,0.1688433,0.16164106,0.1523422,0.14128543,0.12890574,0.1157538,0.102527596,0.090115115,0.079619266,0.07226289,0.06900697,0.06996439,0.07422172,0.08035799,0.08704818,0.09330425,0.098463535,0.10211077,0.10400796,0.104044214,0.102202,0.09853663,0.09316918,0.08629617,0.07822432,0.0694453,0.06077254,0.05353502,0.04961352,0.05068472,0.056805447,0.06638077,0.077469274,0.08849024,0.098249175,0.10583165,0.11054229,0.11189012,0.10959904,0.10362926,0.09420541,0.08185924,0.06752241,0.052780654,0.04054477,0.035623457,0.040489823,0.05079676,0.061668146,0.07050227,0.07600412,0.07757337,0.07511768,0.06904629,0.06039973,0.051200733,0.044983335,0.045900263,0.054560367,0.06753513,0.08136302,0.09379393,0.10342487,0.10939702,0.11126778,0.10896009,0.10273762,0.09318836,0.08121774,0.06806683,0.055377383,0.04524666,0.039776012,0.03936701,0.04176579,0.044028502,0.044133876,0.041019276,0.03426808,0.023904977,0.010334345,0.0066534206,0.024855856,0.044452414,0.06437422,0.0837278,0.10168567,0.11751906,0.1306299,0.14057459,0.14707826,0.1500392,0.14952447,0.14575794,0.13910283,0.13004084,0.11915093,0.107090645,0.09458271,0.08240716,0.07139074,0.06236132,0.056003377,0.052585118,0.051735803,0.052569497,0.05408346,0.055464875,0.056174476,0.05590804,0.054533094,0.052036542,0.048487883,0.044014376,0.038784295,0.032995638,0.026869636,0.020652022,0.014638095,0.009303071,0.0059329164,0.006730785,0.009928613,0.013308663,0.016334042,0.018965604,0.021333639,0.023645416,0.026120808,0.028928736,0.032139868,0.035713907,0.039520748,0.043378357,0.047090933,0.050479617,0.05340483,0.055781443,0.057587508,0.058866266,0.05972005,0.0602944,0.06075153,0.061235126,0.061833173
6,0.10949411,0.10412314,0.09630519,0.086533055,0.07553214,0.06430074,0.054185573,0.046875928,0.043875873,0.045280244,0.049462404,0.054377392,0.058519825,0.06099923,0.061370715,0.059503317,0.055505697,0.04968865,0.042556416,0.03483944,0.027605152,0.02241832,0.020896222,0.022862894,0.026236478,0.029135004,0.030471006,0.029671818,0.026481304,0.020918092,0.013530198,0.00818913,0.015361589,0.028828692,0.04433947,0.060886297,0.077848755,0.094685234,0.11089252,0.12600575,0.13960624,0.15132987,0.1608744,0.16800465,0.17255642,0.1744385,0.17363402,0.17020081,0.16427188,0.15605636,0.1458417,0.13399868,0.12099126,0.10739457,0.09392463,0.08147665,0.07113748,0.06405479,0.060996793,0.061777737,0.06524083,0.06990267,0.0745146,0.078219034,0.08049722,0.08108357,0.079899065,0.07700598,0.07257872,0.066889055,0.060309686,0.05334675,0.046713766,0.041428544,0.038764324,0.03970294,0.044148657,0.05103753,0.05911706,0.06734785,0.07491372,0.08115224,0.08551527,0.087564826,0.08699129,0.08364519,0.077580124,0.0691157,0.05895295,0.048427507,0.040003974,0.037308816,0.042094026,0.05171691,0.062642895,0.072569884,0.08013769,0.08454845,0.08542331,0.08278477,0.07711332,0.06948723,0.06182606,0.057033394,0.058066994,0.06556888,0.07739412,0.0907461,0.103440896,0.113975175,0.12135979,0.12501039,0.12469367,0.12049911,0.11281939,0.10233459,0.09000307,0.077064365,0.065041535,0.055636197,0.05021314,0.04880533,0.049792353,0.050976813,0.05062673,0.04770391,0.04172974,0.03263113,0.020636784,0.006316079,0.010523683,0.028062526,0.04617841,0.06407914,0.08106324,0.09650489,0.10987618,0.12076573,0.12889072,0.13410208,0.1363834,0.13584447,0.13271077,0.12731011,0.12005805,0.11144318,0.10201289,0.09235875,0.08309669,0.074831024,0.068085596,0.063193716,0.060181767,0.05873252,0.058284223,0.05820699,0.05794782,0.057096902,0.055394214,0.052709423,0.049015574,0.044364687,0.038866952,0.032673318,0.025960889,0.018921746,0.011761656,0.0047946125,0.003196804,0.009499538,0.015743433,0.021570057,0.026917722,0.031772114,0.036140755,0.04003962,0.043482058,0.046470255,0.048990723,0.05101478,0.052504145,0.053420834,0.05373997,0.053463772,0.052635014,0.05134799,0.04975442,0.04806017,0.046506997,0.04533365,0.04471812,0.044718336
7,0.087874845,0.083457634,0.07669302,0.068200015,0.058905028,0.050149787,0.043760303,0.041572172,0.044011183,0.049538027,0.056054126,0.06197616,0.066318825,0.068522915,0.068329096,0.06570998,0.060834758,0.054053362,0.04590188,0.0371527,0.02896912,0.02317861,0.021822035,0.02467058,0.029162211,0.033173915,0.03555077,0.03568638,0.033277273,0.028228162,0.020635318,0.010977507,0.0056055477,0.017635847,0.033019375,0.049576137,0.06666634,0.08375679,0.10034837,0.115975805,0.13021646,0.14269951,0.15311344,0.16121168,0.1668162,0.16981971,0.17018646,0.16795239,0.1632247,0.15618145,0.1470715,0.13621536,0.124008246,0.11092623,0.09753825,0.08452478,0.07269679,0.06297862,0.056255102,0.052981872,0.052774675,0.0545101,0.05689677,0.05891334,0.059914973,0.059581894,0.057847228,0.05484393,0.050872974,0.046388056,0.04198799,0.03838872,0.036307957,0.036210604,0.03806636,0.041405167,0.045609478,0.050130416,0.05453583,0.0584763,0.06164205,0.06373796,0.064481705,0.06362273,0.060979083,0.056492757,0.050315775,0.04297075,0.035697047,0.03102772,0.032237846,0.039750315,0.050838202,0.0629515,0.07444744,0.08421975,0.091482736,0.09571206,0.09665448,0.09437171,0.08931362,0.08243219,0.07533276,0.070321664,0.06985782,0.07510724,0.085066274,0.097525306,0.11032495,0.1217977,0.13076086,0.13643631,0.13839361,0.13651654,0.13098074,0.1222356,0.110989116,0.09819875,0.08506939,0.073037535,0.063640796,0.058056135,0.05632961,0.057128668,0.058527753,0.0588831,0.05712158,0.05267963,0.045380887,0.035345893,0.022973679,0.009494399,0.010321425,0.026271751,0.043321893,0.06014261,0.076052226,0.090498716,0.1030269,0.113281846,0.12101526,0.12608945,0.12847817,0.1282644,0.12563562,0.12087735,0.11436535,0.106557295,0.09798314,0.08923144,0.08092437,0.07366664,0.0679521,0.064033434,0.061816435,0.0608698,0.060566954,0.060266502,0.05943585,0.057698235,0.05483101,0.050744157,0.045454632,0.039062347,0.031729486,0.023664787,0.015122561,0.0065343063,0.004030482,0.012146654,0.020506091,0.028422683,0.035706498,0.042233866,0.047915883,0.052689403,0.056511384,0.05935453,0.06120439,0.062058337,0.061926745,0.060836464,0.058836404,0.05600495,0.052458953,0.04836429,0.043947753,0.039508928,0.035424814,0.032125384,0.030000815,0.02923063
8,0.06945645,0.06602172,0.060442623,0.05351927,0.046471503,0.041058257,0.03926114,0.04195164,0.048007093,0.05547277,0.062742,0.06874287,0.07280061,0.07452303,0.07373897,0.07046647,0.06489563,0.057381313,0.04845247,0.03886525,0.029776247,0.02313309,0.021462044,0.024807194,0.030196732,0.03524221,0.038741063,0.040108938,0.039101142,0.03574213,0.030394644,0.024114748,0.019798903,0.022433084,0.032360077,0.046033837,0.061337274,0.07719518,0.09290076,0.10790105,0.12173448,0.13401306,0.14441827,0.15270084,0.15868126,0.16224961,0.16336502,0.16205424,0.15840998,0.15258896,0.14481007,0.13535266,0.12455544,0.11281626,0.10059338,0.088408284,0.07684774,0.06655488,0.058179613,0.05223882,0.048881076,0.047721658,0.04797428,0.048798185,0.049565297,0.049942285,0.049862493,0.04946067,0.048993576,0.04874713,0.048937306,0.04963237,0.050730973,0.05200472,0.053176425,0.053994488,0.054280166,0.053943675,0.052973773,0.05140778,0.049290165,0.046631213,0.043380257,0.039428305,0.03465257,0.029023698,0.022862347,0.017595557,0.017055256,0.023680286,0.034628183,0.04740533,0.060715202,0.07365259,0.085439496,0.09538054,0.10288359,0.10750209,0.10898631,0.107341625,0.102898434,0.09640287,0.08912912,0.08294853,0.080099106,0.08229947,0.08965173,0.10065729,0.11324576,0.12555492,0.13615346,0.14402366,0.148507,0.14926313,0.1462428,0.13966802,0.13001633,0.118009806,0.10461304,0.09104129,0.07875532,0.06933483,0.06400664,0.06286089,0.064591914,0.06726391,0.06917958,0.06918243,0.066608325,0.061169025,0.052860856,0.04191148,0.028792575,0.014654571,0.009203525,0.023422675,0.04045321,0.057378042,0.073354065,0.08778469,0.10018939,0.11019266,0.11752999,0.12205537,0.12374681,0.12270909,0.119173646,0.1134962,0.10615258,0.09773254,0.08892851,0.0805087,0.07325047,0.067802526,0.06448164,0.06311462,0.063081086,0.06354996,0.06373011,0.06300846,0.060982943,0.057444297,0.05234366,0.045761608,0.03788489,0.029000713,0.01955743,0.010687276,0.008242858,0.01580748,0.02533058,0.034701034,0.043399576,0.051163163,0.057819214,0.0632496,0.06737788,0.07016237,0.07159152,0.07168071,0.070470445,0.068025894,0.064437635,0.059823558,0.054331765,0.048145,0.041488227,0.03464377,0.02798496,0.022049071,0.017647404,0.015743734
9,0.05575651,0.053074546,0.048646573,0.043479566,0.039081417,0.037330426,0.039503664,0.045173753,0.052766275,0.06073088,0.06792893,0.07358018,0.077168494,0.07838578,0.077103324,0.07335617,0.06733303,0.059371196,0.04996322,0.03980094,0.029936627,0.022251142,0.019744886,0.023191953,0.029262807,0.035221126,0.039823133,0.042533554,0.043188546,0.04192223,0.03921848,0.036070302,0.034167945,0.035585556,0.041407388,0.0509742,0.06292356,0.07607273,0.08954353,0.10267428,0.11494788,0.12595396,0.13537076,0.14295614,0.14854209,0.15203077,0.15339066,0.15265264,0.14990605,0.14529479,0.13901342,0.13130385,0.122452185,0.11278629,0.10267403,0.092521735,0.082771674,0.07389361,0.06635991,0.060587693,0.056841157,0.055131357,0.055196445,0.056602318,0.05889219,0.061686523,0.064705364,0.067741945,0.07062247,0.07317359,0.07520622,0.07651663,0.07690104,0.07617816,0.074213825,0.07094294,0.06638518,0.060652003,0.05394305,0.046530806,0.038732216,0.03086635,0.023198813,0.015880052,0.008910889,0.002587709,0.0060369936,0.0139975,0.023207987,0.033694316,0.04534168,0.05783481,0.07069067,0.08330869,0.0950262,0.10517566,0.11314199,0.11841937,0.12066717,0.11976664,0.11588257,0.10953761,0.10170703,0.09391716,0.08822675,0.08677642,0.090748765,0.09959488,0.11150638,0.12442883,0.136625,0.14678892,0.15400618,0.15770054,0.1575957,0.15369,0.14623895,0.13574395,0.12294969,0.10885701,0.094754,0.082237676,0.073084004,0.06867116,0.06903274,0.072635226,0.07733483,0.08130458,0.08329467,0.08255329,0.078702964,0.07165051,0.061529983,0.048671257,0.033613235,0.017414495,0.008460824,0.023119751,0.041129064,0.05865693,0.07478146,0.088870935,0.10043627,0.10912282,0.11471951,0.11716843,0.11657123,0.113192074,0.107457705,0.099955924,0.091431804,0.082774214,0.07496741,0.0689547,0.065372206,0.06425134,0.06496081,0.06649214,0.06783393,0.06818928,0.06702916,0.064069025,0.05922752,0.052590013,0.04438591,0.03499656,0.025067996,0.01613748,0.013059906,0.019337341,0.02917464,0.03940886,0.049076293,0.057739444,0.06513711,0.0711003,0.075524375,0.07835623,0.07958651,0.07924399,0.07739128,0.07412173,0.069556884,0.063844584,0.057157077,0.049688924,0.04165461,0.033286534,0.024836518,0.01659677,0.00905407,0.0045539136
10,0.047822073,0.045314886,0.041707136,0.038122565,0.036112767,0.03713787,0.04153945,0.048358608,0.056222457,0.0639608,0.07070491,0.07583231,0.078916244,0.079697795,0.0780714,0.07407572,0.06788589,0.05980725,0.050275963,0.039885417,0.029505106,0.020726101,0.016789863,0.019856652,0.026384883,0.033102803,0.03872364,0.04278344,0.045201454,0.04617906,0.046197023,0.046026476,0.046666384,0.04909893,0.053900797,0.0610255,0.069954686,0.07999492,0.09047324,0.100809485,0.110528365,0.11925359,0.12669916,0.13266142,0.13701186,0.13969013,0.14069708,0.14008744,0.13796265,0.13446377,0.1297651,0.12406867,0.11760027,0.11060716,0.10335818,0.09614582,0.08928939,0.083135314,0.0780474,0.07437598,0.07239949,0.07225098,0.07386687,0.076992735,0.08124112,0.08616266,0.091298416,0.09620741,0.10047841,0.10373662,0.10565115,0.10594536,0.10440947,0.10091392,0.09542153,0.087996565,0.07880888,0.068132296,0.056336794,0.043876838,0.03128649,0.01924175,0.009254735,0.008429435,0.015816614,0.023402106,0.030202849,0.036514502,0.042975243,0.050270785,0.058869265,0.06885345,0.079915784,0.09146481,0.102755316,0.11299735,0.121439554,0.127435,0.13049695,0.13034996,0.12698112,0.12069912,0.11221243,0.102735505,0.09409031,0.08861003,0.088433705,0.09425336,0.10485099,0.11803918,0.13170229,0.14418004,0.15427071,0.16115415,0.16432977,0.16357781,0.15893638,0.15068874,0.13936044,0.12573126,0.11087173,0.09621179,0.083603084,0.07515664,0.0724186,0.07514664,0.081314586,0.08845819,0.094619684,0.09848926,0.09926894,0.09653991,0.09017724,0.08029735,0.06722308,0.051461887,0.03372392,0.015329698,0.0098065,0.027487755,0.04607683,0.06324473,0.07818598,0.090340406,0.099323116,0.10492692,0.10713165,0.10611137,0.10223869,0.09608808,0.08843925,0.08027565,0.07275028,0.06704468,0.06403327,0.06385483,0.0657966,0.06867232,0.07130926,0.07280288,0.07256187,0.070271276,0.06584384,0.059381537,0.05115533,0.041621264,0.03154394,0.022509173,0.018294003,0.022469176,0.031634223,0.042052213,0.05220986,0.06143803,0.06936633,0.07576723,0.080503486,0.08350563,0.08475958,0.08429843,0.08219628,0.07856325,0.07354145,0.067301154,0.060037192,0.05196498,0.04331627,0.034335174,0.025277607,0.01643052,0.008289326,0.0042218943
11,0.04496758,0.041897282,0.03849927,0.03585343,0.035288513,0.037699595,0.042877648,0.049795184,0.057309374,0.06448192,0.07060335,0.075152844,0.07776767,0.07822678,0.076441966,0.072450936,0.06640981,0.058584664,0.049345,0.039169773,0.028705856,0.01906015,0.013048349,0.014953095,0.02169442,0.028994815,0.035503346,0.04085371,0.045044452,0.048299633,0.051016487,0.053706456,0.056898274,0.061010398,0.066242546,0.07254279,0.07965747,0.08721986,0.094831415,0.102116935,0.10875545,0.114495024,0.1191579,0.122639686,0.124904715,0.12597841,0.12593745,0.12489801,0.12300315,0.12040987,0.117277496,0.113758706,0.1099951,0.10611878,0.102260776,0.09856545,0.095208056,0.0924091,0.09043602,0.08958101,0.090108834,0.092184074,0.09580579,0.10078061,0.10674409,0.113212906,0.11964309,0.12547883,0.13018908,0.13329503,0.13439232,0.13316962,0.12942488,0.12307826,0.114181496,0.10292306,0.089629695,0.07476782,0.058957152,0.043043558,0.028443635,0.018683748,0.019950012,0.028669024,0.038203638,0.046464283,0.053026944,0.058116134,0.062371586,0.066699095,0.07202977,0.079000115,0.087716654,0.09774943,0.10830834,0.11845384,0.12725493,0.13388902,0.137705,0.1382686,0.13540109,0.12922065,0.120198965,0.10925151,0.09787978,0.08831442,0.08332448,0.08505923,0.09345969,0.10640705,0.12130441,0.13602637,0.14903732,0.15926746,0.1660011,0.1688109,0.16752382,0.16220562,0.15315823,0.14093083,0.12635295,0.1106058,0.09534685,0.08282853,0.075637706,0.07539122,0.08120827,0.09034094,0.10000811,0.10819135,0.11358684,0.11541055,0.11326263,0.1070494,0.09693568,0.08331005,0.06675656,0.048042208,0.028210241,0.010338712,0.016941631,0.035192575,0.052381806,0.06715357,0.07887828,0.08718856,0.09193951,0.09320948,0.091306224,0.086775236,0.08041241,0.07327755,0.06667566,0.0619997,0.060291953,0.061676294,0.065266095,0.06970682,0.07374119,0.076438725,0.07720534,0.07573096,0.07193819,0.06594563,0.058050144,0.04874224,0.0388056,0.029655822,0.02409034,0.025442876,0.032747436,0.04248661,0.052557122,0.061968755,0.07019882,0.07694045,0.082010806,0.085312776,0.08681565,0.08654354,0.08456744,0.08099922,0.07598671,0.06970958,0.06237556,0.054217424,0.045491815,0.036484398,0.027536498,0.019155074,0.01248521,0.010466188
12,0.044596262,0.040454436,0.03667848,0.034240175,0.034196947,0.037014775,0.042194713,0.048720542,0.055601295,0.06205057,0.0674764,0.071443886,0.07365094,0.073915765,0.07216975,0.06845116,0.06289716,0.05573347,0.04726228,0.037852164,0.0279434,0.018136173,0.009871968,0.0088124415,0.01542985,0.023120329,0.030353928,0.036896646,0.042813394,0.048300926,0.053614665,0.059004046,0.06465266,0.07063642,0.07691065,0.08332556,0.08965974,0.095659226,0.10107309,0.10568189,0.10931808,0.11187945,0.11333622,0.11373268,0.11318367,0.11186561,0.11000177,0.10784131,0.10563283,0.10359472,0.10188787,0.10059785,0.099734046,0.09924832,0.0990702,0.09914976,0.0994975,0.10021022,0.101473704,0.1035345,0.106640436,0.11096204,0.11652001,0.12314584,0.13048697,0.13804735,0.14524406,0.1514641,0.15611362,0.15865839,0.15865675,0.15578617,0.14986409,0.14086336,0.12892252,0.11435232,0.097643144,0.07948784,0.060867142,0.043371715,0.030330287,0.02779625,0.035833552,0.047185346,0.057850007,0.066457696,0.07265278,0.07663463,0.07903706,0.080851406,0.083261184,0.08732409,0.09359042,0.101902045,0.11150623,0.1213443,0.13031134,0.13741411,0.14185096,0.14305177,0.14070201,0.13476412,0.1255079,0.11356878,0.10006814,0.08684185,0.076710455,0.07311851,0.07800932,0.08994391,0.105715394,0.12251169,0.1383772,0.15198615,0.16242576,0.16907965,0.17157505,0.16976374,0.163721,0.15375833,0.14045292,0.12470732,0.10786739,0.09192988,0.07974105,0.07449737,0.077589296,0.087002784,0.09917407,0.11114059,0.12094198,0.12736204,0.12969738,0.12762873,0.121151626,0.11053237,0.09627297,0.07908098,0.059856016,0.03976549,0.020997101,0.0139530925,0.026916882,0.04236806,0.055743907,0.0660319,0.07284508,0.076120235,0.07607113,0.07318896,0.06826377,0.06242012,0.057122707,0.053985324,0.054154843,0.05758502,0.063115805,0.06925769,0.0747557,0.078726165,0.08061697,0.080144905,0.07724748,0.07205104,0.06485453,0.056137715,0.046623036,0.037464783,0.030639254,0.028859869,0.033050545,0.04097939,0.05020315,0.059313737,0.06755987,0.07451389,0.079922706,0.083643176,0.0856113,0.08582544,0.08433612,0.081239,0.07666976,0.07079992,0.063833505,0.056005016,0.04758061,0.038868852,0.030259687,0.022352887,0.01634146,0.014408606
13,0.043900978,0.03852454,0.034047347,0.03137272,0.031362634,0.034164354,0.03905051,0.04499426,0.05111494,0.05675662,0.061442126,0.06482909,0.06668581,0.06687951,0.06536952,0.062200867,0.057495944,0.051443186,0.044282544,0.036288362,0.027751343,0.018965745,0.010262673,0.0030989642,0.007931726,0.015812222,0.023595478,0.03122293,0.03878594,0.046390858,0.0541099,0.061951257,0.069846086,0.07765165,0.085166685,0.09215385,0.098364614,0.103563294,0.10754849,0.11017114,0.111348994,0.11107778,0.10943933,0.1066069,0.1028473,0.09851807,0.09405558,0.08994633,0.08667297,0.08463294,0.08404952,0.08491782,0.087023295,0.09002779,0.09357911,0.09740136,0.10134788,0.10541767,0.10973956,0.11452716,0.12000948,0.12634954,0.13357185,0.14151996,0.14985378,0.15808171,0.16561303,0.17181607,0.1760735,0.17783071,0.17663623,0.17217478,0.16429275,0.15301707,0.13856842,0.12137288,0.10208287,0.08163974,0.061482765,0.04423885,0.03514341,0.03874262,0.050154533,0.06293546,0.07417893,0.08277359,0.088410966,0.091296755,0.09207296,0.09177497,0.09172017,0.09323423,0.09722045,0.10380231,0.112320356,0.12164772,0.13054518,0.13788669,0.14276074,0.14450498,0.14271395,0.13723946,0.12819439,0.11597332,0.10131732,0.085488185,0.070679404,0.060639765,0.059918188,0.06947667,0.0855598,0.10415089,0.122678585,0.13954817,0.15367983,0.16429693,0.17084552,0.17297189,0.1705263,0.1635806,0.15245739,0.13777742,0.120547935,0.10234168,0.085634656,0.074132025,0.07172949,0.07896346,0.0921687,0.107119635,0.12091294,0.13178013,0.13867319,0.14103216,0.13867313,0.13172819,0.12060438,0.105948836,0.08862082,0.06968852,0.05052289,0.03330421,0.023005221,0.025895678,0.03592828,0.045902062,0.053445745,0.057854608,0.05905872,0.05739817,0.053598866,0.048831183,0.044769213,0.043341663,0.045747813,0.05153502,0.059155557,0.06704489,0.074036114,0.07934643,0.08249215,0.08322582,0.08149668,0.07742512,0.07128754,0.06351551,0.054723494,0.045796562,0.038073882,0.03347316,0.03369109,0.038423464,0.04572708,0.05384383,0.06169336,0.06865166,0.07434944,0.07856728,0.08118451,0.0821531,0.08148333,0.079235256,0.07551313,0.07046124,0.06426082,0.057128,0.049315054,0.041120112,0.032921135,0.025278546,0.019208279,0.016492782
14,0.04103272,0.034493405,0.029263824,0.026271204,0.026274761,0.029084606,0.033675037,0.03898709,0.044264544,0.049006227,0.052874945,0.05564431,0.05717381,0.05739723,0.05631556,0.053989924,0.050532285,0.046092957,0.04084486,0.034965128,0.028615464,0.021923637,0.014969419,0.0077801943,0.00055903156,0.0075012473,0.015684096,0.024326403,0.033434823,0.04295821,0.052777857,0.06270989,0.07251581,0.081918284,0.090619914,0.09832287,0.10474805,0.109652676,0.112845734,0.1142009,0.11366705,0.11127686,0.10715455,0.10152426,0.09472131,0.08720845,0.07959637,0.07265628,0.067283325,0.06433517,0.0643226,0.06714984,0.07218795,0.078615345,0.085713185,0.09298839,0.10018329,0.10724162,0.11425852,0.12141886,0.12892473,0.13691907,0.14541969,0.1542788,0.16317606,0.17164311,0.17910929,0.18495718,0.18857916,0.18942946,0.18706974,0.18120672,0.17172197,0.15869457,0.14241892,0.12342469,0.102518305,0.08090309,0.060553882,0.045242116,0.040984,0.048866328,0.0621223,0.0755377,0.08681825,0.095025025,0.099906065,0.10169322,0.101045825,0.09902315,0.09700408,0.096456125,0.098507494,0.10350162,0.11088608,0.119517624,0.12808505,0.13539308,0.14048271,0.14265892,0.14148167,0.13674605,0.1284625,0.11684483,0.102319926,0.085594565,0.067888185,0.051669694,0.042334862,0.046439245,0.061777633,0.08176022,0.102624536,0.12246905,0.14009468,0.15460527,0.16529098,0.17160667,0.17318486,0.16986236,0.16171294,0.14908741,0.13267289,0.113607466,0.09374003,0.07619083,0.06592076,0.06748593,0.07945683,0.09623901,0.11339995,0.12837175,0.13969386,0.1465529,0.14858389,0.14578079,0.13844615,0.12715264,0.1127093,0.09613623,0.078664064,0.06179492,0.04747276,0.038171317,0.035616808,0.038157642,0.042129453,0.04497211,0.04556153,0.043675408,0.039728127,0.0347986,0.030864831,0.03058898,0.035278972,0.04354758,0.05326066,0.062859386,0.07133788,0.07804438,0.08257207,0.08470788,0.08440491,0.08176405,0.07702005,0.07053366,0.062796265,0.054459486,0.04640702,0.03985435,0.03627176,0.036655925,0.040579945,0.04660342,0.053359788,0.05992734,0.06573626,0.070435345,0.073809616,0.07573633,0.07616197,0.07508992,0.07257332,0.06871055,0.063641645,0.057545643,0.050639886,0.043184966,0.035505693,0.028056255,0.021600509,0.017549708
15,0.03508112,0.027580876,0.021765571,0.018794084,0.019392725,0.022675194,0.027124412,0.031736594,0.03598954,0.039610483,0.04245428,0.044452365,0.045590848,0.045898695,0.04543787,0.044291686,0.04255011,0.0402925,0.03757004,0.034391567,0.030716995,0.026461268,0.021508943,0.015736397,0.009036755,0.0013442694,0.007358099,0.01700598,0.027474789,0.03856852,0.05003105,0.061558146,0.07281253,0.08344084,0.09309142,0.101431765,0.1081649,0.11304364,0.11588243,0.11656611,0.11505607,0.11139393,0.10570403,0.098196834,0.08917688,0.079062805,0.06843322,0.058122057,0.049376424,0.04392869,0.043382496,0.047817614,0.05570427,0.06533466,0.07556557,0.085771605,0.09566813,0.10518933,0.11440911,0.12347662,0.13255288,0.14174786,0.15106584,0.16036947,0.16936979,0.17764246,0.18466459,0.18986382,0.19267216,0.19257863,0.18917707,0.18220727,0.17158855,0.15744668,0.14013785,0.120280504,0.09882536,0.07725149,0.058129672,0.04622194,0.046755526,0.057426024,0.07148322,0.08483317,0.0956329,0.103100464,0.107053824,0.10776394,0.10591126,0.10256329,0.09910798,0.09705162,0.097614154,0.10125857,0.10751815,0.11527907,0.12323454,0.13020198,0.1352522,0.13772786,0.13721786,0.13351883,0.12659594,0.116548575,0.1035866,0.08802753,0.07034304,0.05136785,0.03329536,0.024449272,0.03563265,0.056417778,0.07916243,0.10151738,0.12224299,0.14037608,0.15508005,0.16563615,0.17147219,0.17220172,0.1676636,0.1579597,0.14349468,0.12503566,0.10384445,0.08203917,0.063558884,0.055307373,0.062134605,0.078961916,0.09863997,0.117193446,0.13261288,0.1438209,0.1502831,0.15186422,0.1487626,0.14146738,0.13072047,0.117478654,0.10287583,0.08818238,0.074741036,0.06381099,0.0562105,0.051824573,0.0494938,0.047608167,0.044824645,0.040374737,0.03408396,0.026426489,0.019102247,0.016764915,0.023016937,0.03370342,0.045377444,0.056575228,0.06650166,0.07464015,0.0806542,0.0843573,0.08569851,0.08475044,0.08169691,0.07682135,0.0704992,0.06319963,0.055504143,0.048147757,0.04206281,0.038306188,0.037644535,0.039968897,0.044348817,0.04968346,0.055111773,0.060050815,0.06411941,0.06707117,0.06875396,0.06908785,0.068053186,0.065683626,0.062061217,0.05731225,0.051603995,0.045144036,0.038187835,0.031069364,0.024296427,0.01880591
16,0.025779191,0.017576706,0.011643991,0.010364421,0.013543622,0.017973606,0.022136027,0.025596475,0.028256403,0.030151734,0.031394437,0.032146942,0.032599885,0.032942805,0.033326168,0.033822313,0.034399785,0.034922667,0.035174392,0.03489447,0.033815395,0.03169311,0.028330334,0.02359622,0.017453654,0.010074463,0.003958168,0.010966212,0.021967363,0.033947468,0.04638384,0.05886467,0.07098489,0.08234519,0.09256493,0.10129732,0.10824367,0.11316536,0.11589262,0.116329685,0.114456356,0.11032602,0.1040612,0.095847555,0.08592879,0.074606344,0.062253565,0.049371857,0.036784638,0.026313337,0.022200277,0.027564846,0.03834374,0.05078364,0.06345985,0.075839914,0.08772023,0.09905563,0.109892264,0.12032414,0.13045157,0.14033782,0.14996858,0.15922159,0.16785342,0.17550595,0.1817317,0.18603297,0.18790917,0.18690674,0.18266718,0.1749704,0.16377191,0.149235,0.13176312,0.112048455,0.09118091,0.07094115,0.054532323,0.047193915,0.051933754,0.06419431,0.07822372,0.09090607,0.100784846,0.10723648,0.110159904,0.109872095,0.107073106,0.10282197,0.09847054,0.0954748,0.09502011,0.09757692,0.10272634,0.10942586,0.11645643,0.1227391,0.12745887,0.13007078,0.1302576,0.127873,0.12288427,0.115322456,0.10524559,0.09272021,0.077824466,0.06067704,0.041515563,0.021092037,0.009682845,0.029423088,0.05347181,0.07767884,0.10091359,0.12220056,0.14060055,0.1552391,0.16535766,0.17036621,0.16989079,0.16381226,0.15229653,0.13582131,0.11521947,0.091803424,0.06781339,0.04808634,0.04288226,0.056175005,0.07720616,0.09867281,0.11766791,0.13284324,0.14352933,0.14948866,0.15082867,0.14795437,0.14152634,0.13241306,0.12163078,0.110262625,0.0993434,0.08969875,0.08175733,0.07541861,0.070090204,0.06491292,0.05904527,0.051865384,0.0430523,0.03259053,0.020785676,0.008862896,0.009313713,0.022142189,0.035529163,0.048160434,0.059465904,0.069041826,0.07660499,0.081986815,0.085128985,0.08607556,0.08496158,0.08199989,0.07746853,0.07170162,0.0650873,0.05807667,0.051206272,0.045126516,0.040590685,0.03829683,0.03853608,0.04095238,0.04475699,0.049127646,0.053411752,0.05714328,0.060002565,0.061778903,0.062346336,0.061649054,0.05969196,0.056533426,0.05227886,0.047075275,0.041108888,0.034611955,0.0278963,0.021466862
17,0.013403614,0.0046439907,0.0044822576,0.011041533,0.016539186,0.020680685,0.023418115,0.024787009,0.02490257,0.023975402,0.02234325,0.02051893,0.019214772,0.019189509,0.020808438,0.02377234,0.027415197,0.031076303,0.034219798,0.036427192,0.037374925,0.036823284,0.034616414,0.030692652,0.025116036,0.018196104,0.01119077,0.0100395065,0.018373616,0.029904595,0.042387743,0.055046327,0.06735387,0.078859575,0.08916284,0.09791654,0.10483616,0.10970826,0.11239603,0.112840615,0.111058146,0.107132494,0.10120456,0.0934591,0.08411042,0.073388614,0.061527673,0.0487571,0.035298873,0.021378804,0.0074010068,0.007949833,0.022066476,0.036230803,0.050116185,0.06358507,0.07654366,0.08893376,0.10073056,0.11193523,0.122559726,0.1326043,0.14203079,0.15073735,0.15854076,0.1651718,0.1702859,0.1734885,0.17437212,0.1725602,0.1677533,0.1597738,0.14860727,0.13444164,0.11771183,0.099172466,0.08006235,0.06251577,0.050329555,0.048249386,0.05629417,0.06918758,0.08256023,0.094136275,0.102806814,0.108107254,0.11002164,0.10891231,0.1054899,0.10078246,0.096059225,0.09264383,0.0915758,0.09323624,0.097224586,0.10261407,0.10835584,0.1135629,0.11761578,0.12015376,0.12101357,0.12014952,0.117553584,0.1131894,0.106952846,0.098666705,0.088109195,0.075067304,0.059401188,0.041106142,0.020372326,0.0031104677,0.027006207,0.05211171,0.077075526,0.10087551,0.1224636,0.14082316,0.15503325,0.16432941,0.168156,0.16620699,0.15845317,0.1451557,0.12686977,0.10445208,0.07912357,0.052840214,0.0307248,0.029748274,0.049991466,0.07364377,0.09552787,0.114047885,0.1284814,0.13854268,0.1442772,0.14601417,0.14432229,0.13995373,0.13376918,0.12664017,0.11933057,0.112373196,0.105976604,0.10000588,0.09405734,0.08759985,0.0801249,0.07125769,0.060813453,0.04880724,0.03543322,0.021027574,0.006025518,0.009093319,0.023820277,0.037689134,0.050282616,0.06126116,0.07037576,0.07747321,0.082493894,0.08546368,0.08648136,0.08570401,0.083332345,0.07959854,0.07475876,0.069092356,0.062909484,0.0565682,0.0504989,0.045223568,0.04133012,0.03933373,0.03942536,0.041315462,0.044372015,0.047897924,0.051304016,0.054150555,0.056131683,0.05705053,0.056798846,0.055341784,0.052705757,0.048967946,0.04424719,0.038697906,0.03251205,0.025945088
18,0.004979844,0.010819165,0.017788166,0.023643952,0.028027663,0.030794859,0.031888574,0.031318936,0.029158713,0.025543401,0.02067812,0.014873482,0.008772943,0.0053807674,0.009786301,0.016632212,0.023462318,0.029637836,0.03477248,0.038562775,0.040767062,0.041209646,0.039792385,0.03651339,0.03150425,0.025134461,0.018399721,0.014345493,0.017816983,0.027104096,0.038523912,0.050508738,0.06227786,0.07329283,0.08312902,0.0914477,0.09799338,0.10259646,0.10517434,0.10572826,0.10433506,0.10113368,0.09630737,0.09006335,0.082612455,0.07415206,0.06485643,0.054879628,0.044380926,0.033603977,0.023156375,0.015272848,0.016050015,0.025235044,0.03719705,0.04991727,0.062721364,0.07525776,0.0872899,0.098647244,0.1092083,0.11888626,0.12761009,0.13530123,0.14185016,0.14709833,0.1508312,0.15278538,0.1526707,0.15020423,0.14515245,0.13737701,0.12688176,0.11386244,0.0987702,0.08242268,0.066250704,0.052830942,0.046273757,0.049462866,0.059786357,0.072621986,0.08497427,0.095262565,0.10268391,0.10692209,0.10803813,0.10642622,0.1027855,0.0980776,0.093434624,0.08997332,0.08850827,0.089280784,0.09191229,0.095641516,0.099659234,0.103341326,0.10633159,0.10851594,0.10993489,0.110667475,0.11071662,0.10992718,0.107961066,0.10433411,0.09849787,0.08993886,0.0782714,0.063311525,0.045135982,0.02420611,0.0057320166,0.02612262,0.051836938,0.07739782,0.1015188,0.12305108,0.14094764,0.15431161,0.16244727,0.1649017,0.1614924,0.15231898,0.1377582,0.11844351,0.09523231,0.06917142,0.04151613,0.014659311,0.018191965,0.043567624,0.06745479,0.088374466,0.10574865,0.11932782,0.1291345,0.13543332,0.13868824,0.13949999,0.13852331,0.1363699,0.13351214,0.13021035,0.12648708,0.12215845,0.11691179,0.110402025,0.102339245,0.09255002,0.081008196,0.06783902,0.053303618,0.037771285,0.02168864,0.0056235315,0.010438507,0.025373338,0.039151303,0.051440585,0.062024426,0.0707779,0.07765916,0.08269653,0.08597194,0.0876032,0.08772758,0.08648958,0.084034644,0.08050994,0.076072216,0.07090195,0.065222375,0.059321836,0.05357557,0.048455264,0.044496346,0.042176474,0.041707262,0.04288542,0.045169897,0.047910403,0.05052755,0.05257998,0.05376423,0.053893663,0.052875936,0.0506935,0.04738699,0.04304108,0.03777325,0.03172824
19,0.021199405,0.028211987,0.034352504,0.03917301,0.04244267,0.044038404,0.043915432,0.042097997,0.03867613,0.033805653,0.027714614,0.020734722,0.013462574,0.007851885,0.009552276,0.016342375,0.023727177,0.030544253,0.03630023,0.04066615,0.04340064,0.044340607,0.04340872,0.040630355,0.03616737,0.030400475,0.02416765,0.019420229,0.019578233,0.025681619,0.03506259,0.04557652,0.056113534,0.06601189,0.07481546,0.08220035,0.08795484,0.09197404,0.09425566,0.094891146,0.09404951,0.09195292,0.088844605,0.08495243,0.080453865,0.07545078,0.06996272,0.06394471,0.05733107,0.050105695,0.04241056,0.0347432,0.02836089,0.025711814,0.028934091,0.036996264,0.04752767,0.058944717,0.07035265,0.08120588,0.09115321,0.099974155,0.10754378,0.11380212,0.11872156,0.12227368,0.12440115,0.12500122,0.123926036,0.121001326,0.11606141,0.10899638,0.09980822,0.08867849,0.076064594,0.06287809,0.050859448,0.043110907,0.0431487,0.05083929,0.06250017,0.074926786,0.08625238,0.09543077,0.101904586,0.10547419,0.10624837,0.10461852,0.101228684,0.09692073,0.092631385,0.08922291,0.08726902,0.086893626,0.08778389,0.089388944,0.09117816,0.09282788,0.09428894,0.09574366,0.09747613,0.09969286,0.10235753,0.10511047,0.10730284,0.10811486,0.10669917,0.10230611,0.094375,0.08259204,0.06692128,0.047616415,0.025245717,0.0034960192,0.026441945,0.053032298,0.07892395,0.10290175,0.12386127,0.14083338,0.15303437,0.1599089,0.16115972,0.15676197,0.14696121,0.13225558,0.11336422,0.09118629,0.066763096,0.04130164,0.016963579,0.01480012,0.03648933,0.057696603,0.07653504,0.09260078,0.10583982,0.116418235,0.124650516,0.13092309,0.1356115,0.1390033,0.14124373,0.14231755,0.14207028,0.14025982,0.13662219,0.1309348,0.12306578,0.11300426,0.100871354,0.086914115,0.07148661,0.055021822,0.037999153,0.020914152,0.0043600462,0.011821595,0.026552062,0.03992297,0.051754337,0.061973095,0.070581816,0.077636085,0.083219975,0.087422624,0.09031978,0.09196375,0.09238328,0.09159284,0.089609124,0.08647135,0.08226236,0.077128306,0.0712957,0.065085456,0.058921307,0.05332263,0.048855297,0.04600324,0.044970736,0.045548886,0.047193073,0.049246583,0.05112482,0.052388903,0.052747123,0.052030846,0.050167162,0.04715463,0.043042943,0.03791624
20,0.040602826,0.046844177,0.051912937,0.055562623,0.057641394,0.05807343,0.056852926,0.05404309,0.049778692,0.044274032,0.03784454,0.030964328,0.024417978,0.019616557,0.018526245,0.02158709,0.026909793,0.0326965,0.037942186,0.042084362,0.044780876,0.045827605,0.045134403,0.0427269,0.038768984,0.033621956,0.027994048,0.023276662,0.021775704,0.025067305,0.031957038,0.04043545,0.049184572,0.057428177,0.06468029,0.07063929,0.07515232,0.07820354,0.079905555,0.08048368,0.08024553,0.079531744,0.07864904,0.077797465,0.07701471,0.07616123,0.07495512,0.07304342,0.070085414,0.065828755,0.06017354,0.05323507,0.045436397,0.03769649,0.03176628,0.03016464,0.034111355,0.041956965,0.051400695,0.060932357,0.06969394,0.0772078,0.083236985,0.087713055,0.09068398,0.09226376,0.09258067,0.09172982,0.08974016,0.08656567,0.082106024,0.07625555,0.068977244,0.060406137,0.051014204,0.041930344,0.03548914,0.035004593,0.04148801,0.052325804,0.06468065,0.07676574,0.087487884,0.09615519,0.102365784,0.10597388,0.10707778,0.10600545,0.10328352,0.099578634,0.095602036,0.09197855,0.08910856,0.087083764,0.085716926,0.08468722,0.08373557,0.08282816,0.08223132,0.08246069,0.084085055,0.08743359,0.092359796,0.09821224,0.10399896,0.10860861,0.11098649,0.11024583,0.1057321,0.09705872,0.08412358,0.067110546,0.046481166,0.022996554,0.004592851,0.02989202,0.056441117,0.08184217,0.10495992,0.12480195,0.14054346,0.15156657,0.15748996,0.15818472,0.15377504,0.14462407,0.13130724,0.114576966,0.095328055,0.07458748,0.053611934,0.034495603,0.023159841,0.028730037,0.043566648,0.059741694,0.0752501,0.08962017,0.10276862,0.1147003,0.12538853,0.13472229,0.14249577,0.14842944,0.15221073,0.15354268,0.15219033,0.14801812,0.14101434,0.13130158,0.11913348,0.1048797,0.08900159,0.07202221,0.054496422,0.03699673,0.020209072,0.0069538085,0.0142037645,0.027522763,0.040013976,0.051284503,0.061334312,0.07024453,0.07810279,0.08496318,0.090824775,0.09562774,0.09926521,0.101606436,0.10252548,0.101929925,0.09978591,0.096137375,0.091119185,0.08496496,0.07801096,0.070696756,0.06355948,0.05720841,0.05224918,0.04912639,0.04792557,0.048293963,0.04958648,0.051111117,0.0522943,0.05273037,0.052167542,0.050475337,0.047612615,0.043600928
21,0.060965523,0.06594901,0.06963037,0.07185818,0.07254613,0.07167067,0.069271065,0.06545113,0.060382962,0.05431541,0.04759241,0.040691208,0.03429179,0.029349267,0.02695038,0.027602376,0.030621802,0.034729674,0.0388479,0.042265564,0.04454259,0.04542202,0.044786606,0.042645946,0.039146412,0.034609698,0.02962535,0.025229767,0.023014078,0.024342632,0.028881839,0.035130292,0.041785896,0.04801792,0.053324256,0.057430863,0.06025475,0.0618958,0.06263259,0.0629013,0.06323468,0.06414445,0.0659647,0.0687255,0.072133034,0.07566141,0.07869024,0.08062385,0.080970876,0.079390734,0.075720295,0.06999101,0.062446367,0.05357576,0.04419989,0.035670754,0.0301114,0.029648617,0.033947174,0.040506966,0.047220103,0.052927475,0.057079405,0.059493743,0.06023546,0.059540696,0.05774584,0.05520697,0.052212294,0.04890729,0.045264214,0.041122504,0.036307044,0.03083248,0.025281196,0.021551685,0.022923663,0.03029033,0.041306328,0.05389108,0.06676253,0.07902092,0.08996828,0.099069126,0.10595702,0.11045003,0.11255985,0.112486444,0.110593244,0.10735894,0.10330557,0.09890923,0.094512686,0.090271875,0.08616837,0.08209958,0.07802619,0.07413434,0.07095426,0.06934423,0.07022188,0.07406958,0.080574796,0.08873355,0.09723178,0.10475835,0.11015958,0.112501234,0.11109638,0.105522424,0.0956326,0.08156441,0.06375872,0.043072548,0.021798734,0.01650458,0.03769824,0.06232675,0.0861113,0.107669674,0.12607117,0.1406312,0.15089083,0.1566175,0.15779991,0.15463147,0.1474815,0.13685624,0.123353206,0.10761493,0.090291746,0.07203326,0.05356563,0.03610009,0.0233527,0.024754198,0.038674813,0.056205794,0.07439595,0.09224696,0.109151535,0.124579705,0.1380205,0.1489907,0.1570643,0.16190578,0.16329962,0.1611714,0.15559842,0.14680853,0.13516805,0.12115936,0.10535094,0.08836258,0.07083176,0.053393617,0.036717974,0.021842645,0.012570925,0.017044878,0.027867796,0.03919716,0.050137945,0.060600784,0.07060401,0.08011961,0.089031056,0.09713611,0.1041735,0.109860204,0.11393007,0.11616792,0.116436265,0.11469373,0.11100552,0.10554717,0.0986032,0.09056281,0.081913956,0.07323518,0.0651775,0.05841337,0.053514782,0.050753832,0.049940005,0.050472014,0.0515874,0.052599233,0.0529998,0.052463498,0.050812,0.04797555
22,0.08135386,0.08473687,0.086742006,0.08729245,0.08636532,0.08399217,0.080259606,0.075310215,0.069344625,0.06262636,0.055492412,0.048372455,0.041815724,0.03649967,0.03312913,0.03211128,0.033197343,0.035582818,0.03836377,0.040826354,0.04248863,0.043057323,0.042387668,0.04046386,0.037399586,0.033460863,0.029122055,0.025162738,0.022709312,0.02280831,0.02547828,0.029687963,0.03428634,0.03844634,0.041652825,0.043639563,0.044373035,0.04407578,0.043267455,0.042772587,0.043581087,0.04646897,0.05158719,0.058427315,0.06613485,0.0738076,0.08063823,0.08596128,0.08926894,0.090220585,0.08865092,0.08457565,0.07819401,0.06988931,0.060233314,0.050007902,0.040266596,0.03242524,0.028075818,0.027797604,0.030133773,0.032957084,0.03483995,0.035105906,0.033570368,0.030371778,0.025879709,0.02063969,0.015339666,0.010787499,0.0077667357,0.0062991194,0.00504234,0.002578727,0.002462692,0.009253555,0.018416537,0.029540718,0.042148523,0.055650536,0.069387674,0.08268086,0.09488185,0.10542131,0.1138506,0.11987364,0.12336586,0.124377474,0.12311932,0.11993031,0.11522782,0.109445505,0.10296881,0.09608443,0.08896448,0.08170352,0.07441654,0.06739259,0.0612765,0.057177402,0.056433283,0.059829395,0.06692245,0.07633293,0.086469896,0.09591828,0.103517756,0.1083536,0.10974823,0.10726519,0.100720674,0.090201154,0.076101035,0.05924699,0.041432735,0.028030235,0.03126654,0.04890975,0.070362516,0.09170586,0.11135763,0.1284021,0.14224173,0.15250663,0.15901764,0.16175745,0.1608387,0.15646757,0.14890625,0.13843815,0.12534131,0.10987371,0.09227274,0.07276809,0.051605914,0.029087787,0.0059338813,0.0190315,0.043285564,0.06714745,0.08993102,0.11097262,0.12962894,0.14531228,0.1575281,0.16590871,0.17023948,0.17047544,0.16674669,0.15935221,0.14874224,0.13549036,0.12025712,0.10374791,0.086669035,0.06968893,0.053420544,0.038472872,0.025758112,0.017715361,0.018733945,0.026855921,0.037441425,0.04891547,0.060824372,0.07289647,0.084821984,0.09622196,0.1066729,0.11574645,0.123049274,0.12825693,0.13113967,0.13157943,0.12957892,0.12526329,0.11887597,0.11077065,0.10140095,0.091310106,0.08112071,0.07151957,0.06321958,0.056860775,0.052822035,0.051018413,0.05088281,0.05160064,0.052395258,0.05267833,0.052069187,0.050358444
23,0.100899324,0.10243519,0.10253727,0.10119802,0.09845826,0.09440687,0.08917966,0.08295779,0.07596651,0.06847529,0.060800873,0.05331401,0.046447083,0.04068726,0.036514033,0.034233026,0.03376634,0.03462188,0.036115743,0.03761842,0.038660347,0.038934834,0.038272984,0.036624756,0.034054764,0.030755155,0.02708019,0.023602603,0.021134637,0.02048543,0.021834219,0.024496257,0.027487615,0.029991364,0.031439126,0.03148264,0.029994864,0.027143735,0.023612302,0.021062559,0.022138946,0.028051168,0.03738412,0.048386626,0.059835367,0.07084052,0.08068915,0.08879522,0.094696596,0.098067924,0.09873624,0.09669309,0.09210063,0.085290946,0.07675979,0.067157276,0.057278346,0.048048064,0.040460385,0.03534975,0.032918766,0.032447156,0.032740947,0.032830562,0.032256965,0.03103583,0.02952812,0.028257634,0.027641198,0.027707716,0.028032217,0.027956532,0.02689841,0.02462564,0.021631656,0.019865956,0.02266565,0.031145427,0.04351352,0.057995234,0.07335184,0.08860751,0.102924846,0.115584426,0.1260008,0.13374598,0.1385682,0.14039987,0.13935186,0.13569264,0.12981294,0.12217805,0.11327259,0.103546195,0.093372606,0.08303873,0.07278233,0.06289768,0.05392805,0.046927728,0.0435367,0.045155562,0.05152923,0.06094889,0.07156081,0.08190461,0.09087454,0.0976199,0.10149969,0.10207661,0.09913025,0.09268188,0.083038956,0.07089767,0.057622932,0.04600062,0.041228566,0.047546737,0.062148824,0.08022568,0.098959774,0.11684952,0.13299267,0.14679706,0.15786363,0.1659273,0.1708186,0.17243475,0.1707189,0.16564852,0.15723449,0.14553131,0.1306583,0.11283311,0.092427686,0.070097856,0.04726022,0.028743304,0.030020118,0.050141886,0.07446338,0.09848274,0.12057157,0.13975053,0.15531991,0.16679193,0.17388342,0.1765185,0.17482626,0.16912922,0.15992066,0.14783122,0.13358559,0.11795106,0.10168026,0.08545167,0.06981546,0.055160373,0.041740358,0.029873028,0.02070868,0.017984211,0.024252152,0.03555614,0.04898691,0.06342229,0.07819753,0.092726804,0.10643667,0.11877704,0.12924989,0.1374385,0.1430314,0.14583878,0.14580151,0.14299256,0.13761207,0.12997764,0.120511025,0.10972402,0.09820511,0.086608075,0.07563926,0.066028796,0.058449816,0.05334427,0.050698586,0.049970414,0.05030314,0.050848313,0.0509564,0.050210215
24,0.11878477,0.11832569,0.11638147,0.11301089,0.10831812,0.10245044,0.09559464,0.08797216,0.07983389,0.071455225,0.063132666,0.055182207,0.047938205,0.041745167,0.036924046,0.03368964,0.032033436,0.031667337,0.03211239,0.03286281,0.03349819,0.03371525,0.033319417,0.03221154,0.030384159,0.027931362,0.025074333,0.022202054,0.019898929,0.018835304,0.019366782,0.021170968,0.02347171,0.025475075,0.02654468,0.026205998,0.024124565,0.020096522,0.014054014,0.00614029,0.004397016,0.015529556,0.028024128,0.04119108,0.054464165,0.06725995,0.07900049,0.08914656,0.09723176,0.10289408,0.1059028,0.10617886,0.10380789,0.09904545,0.09231536,0.08420248,0.07544025,0.06688708,0.059466988,0.054021165,0.051039215,0.05041391,0.051504932,0.053503025,0.055751964,0.0578459,0.059571177,0.060798913,0.061389297,0.06113658,0.0597655,0.056976043,0.052528594,0.046377104,0.03891868,0.03160073,0.028109407,0.03296977,0.04536353,0.06165196,0.07944103,0.097270936,0.114071876,0.12898102,0.14130358,0.15051848,0.15629306,0.15849356,0.15718491,0.15261778,0.14520217,0.1354684,0.1240179,0.11146751,0.098393634,0.08528618,0.072527304,0.0604176,0.049284473,0.039729014,0.03303232,0.031169767,0.035016518,0.04297386,0.0528468,0.06308229,0.07263758,0.08074304,0.08680505,0.09038736,0.091224544,0.08924987,0.084636614,0.07786676,0.06985797,0.062179685,0.05723085,0.057677507,0.06462204,0.076785326,0.09202432,0.108569935,0.12518005,0.14097138,0.15527602,0.16755594,0.17735595,0.1842799,0.18798369,0.1881811,0.18466046,0.17731026,0.1661527,0.15138716,0.1334533,0.11314615,0.09187794,0.072334476,0.059701778,0.06043769,0.07415021,0.094225585,0.115641065,0.13571844,0.15295161,0.1664308,0.17563058,0.18032935,0.18057047,0.17663255,0.16899623,0.15830256,0.1453017,0.13079147,0.11554678,0.100242995,0.08538039,0.07122528,0.05779332,0.044910263,0.032412466,0.02079613,0.014308905,0.02116767,0.03543651,0.051965807,0.06929722,0.086629145,0.103280164,0.118617356,0.13206632,0.1431361,0.15144286,0.15672779,0.15886739,0.15787643,0.1539038,0.1472226,0.13821588,0.12736005,0.11520765,0.10237238,0.089517236,0.07734473,0.06657792,0.057900127,0.051802393,0.048346158,0.047029555,0.04696662,0.047244277,0.047159366
25,0.13427335,0.1317778,0.127742,0.1222871,0.11557819,0.10782028,0.099252224,0.09013884,0.08076183,0.07141,0.062369976,0.053918034,0.046313576,0.03979219,0.03455215,0.030723816,0.028319014,0.02718867,0.027038366,0.027505431,0.02823893,0.028939692,0.029368326,0.029345475,0.028758723,0.027580278,0.0258961,0.02394541,0.02215697,0.021119764,0.021364305,0.022996355,0.025590433,0.028466795,0.03096801,0.032567658,0.032901876,0.031805985,0.029403275,0.02631203,0.024028456,0.024945894,0.03052037,0.039857827,0.05133066,0.06365643,0.07587581,0.087217435,0.09704277,0.10483924,0.11023253,0.11300358,0.11310408,0.11066747,0.106014885,0.09965645,0.09228697,0.084769025,0.07807939,0.07317176,0.070725404,0.07087716,0.07316864,0.07678588,0.08087399,0.08471805,0.0877776,0.08964964,0.09001814,0.08861727,0.08521821,0.07964276,0.07180715,0.06181315,0.05015763,0.03834561,0.030662803,0.034204524,0.048463963,0.06757447,0.088201776,0.10862284,0.12766992,0.14442429,0.15814818,0.1682835,0.17446671,0.17654195,0.17456551,0.16879833,0.15968595,0.1478262,0.13392583,0.118748546,0.103056334,0.08754798,0.07280029,0.05922288,0.047048625,0.036402747,0.02753771,0.021377606,0.019921312,0.024010332,0.03162765,0.04073424,0.05015959,0.05914812,0.06712079,0.07361723,0.07830082,0.080983266,0.081656404,0.08053095,0.07808558,0.07512327,0.07279868,0.072507836,0.07550749,0.08238863,0.092877,0.106129184,0.121135786,0.13693655,0.15267043,0.16756196,0.18090051,0.19203056,0.20035644,0.20535927,0.20662355,0.20387064,0.19699721,0.18611933,0.17162701,0.15426247,0.13525088,0.11652528,0.101016216,0.09250637,0.09379958,0.104092136,0.11972981,0.13702248,0.15336473,0.16710103,0.17723441,0.18324079,0.1849652,0.1825561,0.17641214,0.16712789,0.15543267,0.1421194,0.12796268,0.113629565,0.0995914,0.08605635,0.072948515,0.059955522,0.046646137,0.032650363,0.01806786,0.008267136,0.020637255,0.038972974,0.058432214,0.07807413,0.09719141,0.11511669,0.13122778,0.14497572,0.15591212,0.16371028,0.16817853,0.16926558,0.16705862,0.16177459,0.1537464,0.14340545,0.13126238,0.11788805,0.103897214,0.08993667,0.0766786,0.06481309,0.055015728,0.047834557,0.043454174,0.04147365,0.04100064,0.041043688
26,0.14674017,0.14227706,0.1362105,0.1287177,0.12001968,0.11037609,0.100077614,0.08943631,0.078773856,0.06840841,0.058640525,0.049739115,0.041928597,0.0353786,0.03019764,0.026430715,0.02405792,0.022989357,0.023058202,0.024023753,0.025591535,0.027442852,0.029264046,0.030773671,0.03175023,0.032062914,0.031706985,0.030843213,0.029831864,0.02922296,0.029624,0.03141682,0.034521174,0.03844729,0.04253534,0.046147093,0.04875854,0.050006762,0.049735427,0.048063006,0.04549108,0.043043118,0.04227932,0.04477525,0.051094364,0.060493868,0.07165991,0.0833282,0.094454184,0.10420927,0.11196188,0.11727353,0.119905725,0.11983079,0.11724274,0.11256603,0.106459826,0.099808656,0.09367349,0.08915237,0.08711112,0.087864175,0.091040775,0.09577078,0.10102004,0.10583801,0.10945562,0.111289814,0.11091481,0.10803205,0.102451846,0.09409268,0.083005965,0.06944979,0.054106437,0.038869012,0.029680744,0.036091648,0.05432718,0.0766365,0.09978137,0.12217511,0.14271584,0.16051872,0.17486568,0.18521138,0.1912017,0.1926899,0.18974417,0.18264425,0.17186601,0.15805486,0.14198919,0.1245361,0.10660119,0.08907377,0.07276617,0.058342412,0.046228573,0.0365115,0.028887661,0.022800002,0.017888675,0.014778975,0.015419373,0.020459635,0.028222239,0.037194755,0.046452448,0.055356678,0.063429214,0.07032585,0.075841464,0.07992455,0.08269534,0.08446459,0.08574664,0.08724869,0.089804724,0.09422808,0.10110879,0.11065327,0.12265645,0.13659327,0.15174483,0.16729805,0.18240833,0.19624002,0.20799932,0.21696788,0.22253945,0.22425981,0.2218684,0.21534154,0.2049383,0.1912531,0.17528173,0.15850364,0.14294949,0.13110958,0.12536395,0.12683287,0.13457727,0.14618668,0.15902103,0.1709407,0.1804553,0.18664838,0.18907283,0.18766381,0.18266658,0.17456907,0.16403075,0.15180328,0.13864037,0.12519927,0.11194408,0.099071175,0.086484574,0.07384062,0.060655765,0.04644217,0.030828495,0.013646393,0.0052624606,0.025230873,0.04615621,0.06741287,0.088361576,0.10833534,0.12668267,0.14280726,0.1562011,0.16646951,0.17334823,0.17671195,0.17657517,0.17308606,0.16651425,0.15723415,0.14570524,0.13245115,0.118039176,0.10306275,0.088128805,0.0738527,0.060861163,0.049793895,0.041261625,0.035665337,0.032858692,0.032008503
27,0.15570043,0.14944786,0.14151894,0.13213815,0.1215746,0.11013672,0.09816496,0.086022735,0.0740858,0.06273052,0.052321147,0.043194853,0.035639953,0.029858159,0.025906866,0.02365457,0.022822583,0.023115976,0.02431983,0.026279425,0.028822865,0.031714417,0.034663666,0.037367538,0.039560262,0.04106105,0.041818395,0.04195043,0.041772734,0.041786645,0.042580314,0.044619873,0.04802454,0.052498803,0.057457484,0.062210653,0.06610119,0.06858594,0.069289505,0.06805566,0.0650145,0.060683213,0.05610695,0.05294981,0.05316342,0.057896394,0.06665312,0.077879146,0.08993177,0.10146903,0.11147594,0.11922416,0.124248594,0.12634373,0.12557073,0.122268505,0.117063336,0.11086657,0.104832284,0.100218125,0.09809303,0.098953,0.102501005,0.10779539,0.113625966,0.118833125,0.1224606,0.12378951,0.12232182,0.11775211,0.109944135,0.09892039,0.08487636,0.06825646,0.05005268,0.033198472,0.027768545,0.041862804,0.06453731,0.08930213,0.11393154,0.13718237,0.15810542,0.17590897,0.18994343,0.19971687,0.20491616,0.20542438,0.20132983,0.19292511,0.18069544,0.16529708,0.14752813,0.1282946,0.108576395,0.08939842,0.071810566,0.056864772,0.045518316,0.03828856,0.03467937,0.033175226,0.03218779,0.03085171,0.029175388,0.027942732,0.028423747,0.031591766,0.037377186,0.044952013,0.053404104,0.062015213,0.070274964,0.0778456,0.08453827,0.090305395,0.09524429,0.09960534,0.1037939,0.10834932,0.113882564,0.1209658,0.12999691,0.14108934,0.15403178,0.16832258,0.18324813,0.19797151,0.211613,0.22331885,0.23232113,0.23799159,0.23989111,0.23781548,0.23183754,0.2223461,0.2100817,0.19616427,0.18209368,0.16966854,0.160724,0.15662289,0.15768175,0.16298652,0.17080201,0.17921251,0.18657154,0.19168042,0.19380565,0.19263378,0.1882085,0.18086204,0.1711407,0.1597217,0.14731885,0.13457865,0.121975996,0.109729685,0.09776623,0.085753985,0.07320456,0.059609834,0.0445769,0.027970063,0.010660523,0.013127581,0.03349699,0.055280052,0.07722501,0.09857227,0.11862096,0.13672377,0.15231232,0.16492222,0.17421201,0.17997487,0.18214257,0.18078242,0.17608787,0.16836388,0.1580085,0.14549173,0.13133365,0.11608286,0.10029717,0.08452842,0.06931422,0.055181224,0.04266728,0.032367676,0.024959242,0.020947166
28,0.16083153,0.15306926,0.1435488,0.13253078,0.12032179,0.1072704,0.09376256,0.08021755,0.06708673,0.054858703,0.044074025,0.035338994,0.029266369,0.02617875,0.02567395,0.026758598,0.028533423,0.030547787,0.03271937,0.03513706,0.037889898,0.04096208,0.044207603,0.04738936,0.05024862,0.052576434,0.054274164,0.055398874,0.05618684,0.057038464,0.058439914,0.060813323,0.06434366,0.06887947,0.07396394,0.07895581,0.083162405,0.085943766,0.08678708,0.08536598,0.08160064,0.07573732,0.06847559,0.06117032,0.056008853,0.055561002,0.061065566,0.07134213,0.084084734,0.09723739,0.10929416,0.119203925,0.12627646,0.13014162,0.1307413,0.12833707,0.12352234,0.117227495,0.110690475,0.10533063,0.10244473,0.102749035,0.10604496,0.111318536,0.117175885,0.12225376,0.12543026,0.12588112,0.123067476,0.11670452,0.106731996,0.09329717,0.07677043,0.057870455,0.038317658,0.02474438,0.03258078,0.054579448,0.079893254,0.105514735,0.13012895,0.15280925,0.17278379,0.1893943,0.20210145,0.2105032,0.21435411,0.21358097,0.20829132,0.19877368,0.18548895,0.16905396,0.15021959,0.12984839,0.10889935,0.088435784,0.069682635,0.054156397,0.043715123,0.03972421,0.04117965,0.04516227,0.04927634,0.05234362,0.05401093,0.054406285,0.053966656,0.053345405,0.053315647,0.05460796,0.057694074,0.06264217,0.069156624,0.076745585,0.08488142,0.0930964,0.10103039,0.108459055,0.11531681,0.121714056,0.12793903,0.13442895,0.14169763,0.1502205,0.16030274,0.17197564,0.18495822,0.19869098,0.21241814,0.22528742,0.23644619,0.24512514,0.2507082,0.25279015,0.25122327,0.24615341,0.23804414,0.22768483,0.2161715,0.20483728,0.19509706,0.18818101,0.18480001,0.18489802,0.1876649,0.19181573,0.1959597,0.19888456,0.1997056,0.19791037,0.19334403,0.1861641,0.17677715,0.16576141,0.15377504,0.14145161,0.12929013,0.11755756,0.10623315,0.0950219,0.08344244,0.070964076,0.057157215,0.041861083,0.025618203,0.013444396,0.022877354,0.04280138,0.064536355,0.08640465,0.10749934,0.12707987,0.14450398,0.15923135,0.17083824,0.17902966,0.18364605,0.18466353,0.18218791,0.17644326,0.16775596,0.15653545,0.1432529,0.12841901,0.112562,0.09620697,0.0798574,0.06397983,0.048992828,0.035263114,0.023119263,0.012943115
29,0.16198781,0.15308353,0.1423331,0.13002013,0.116475806,0.102077715,0.08725092,0.07247624,0.05831625,0.04548265,0.034977634,0.028207306,0.026307153,0.028465733,0.032457806,0.03664349,0.040311415,0.043311264,0.04578619,0.048013896,0.050286584,0.052811544,0.05565002,0.05871419,0.061818045,0.064755306,0.067375705,0.06964187,0.071657225,0.07365635,0.075950086,0.07882689,0.082436144,0.08670048,0.09129657,0.09570615,0.099306315,0.10146537,0.10162691,0.09938074,0.09452757,0.08715209,0.077732004,0.06733837,0.057989545,0.05288536,0.055045776,0.06429759,0.07768504,0.09227562,0.10604097,0.117645375,0.1262235,0.1312819,0.13267022,0.13058281,0.1255722,0.11856297,0.110843495,0.10397525,0.09950928,0.09845927,0.10079776,0.105453506,0.11082565,0.11533055,0.117687166,0.11698944,0.1126881,0.10455072,0.092626624,0.077235505,0.059035942,0.039476085,0.023846904,0.028565707,0.049789604,0.07478791,0.100223236,0.12481298,0.14771353,0.16824453,0.18582886,0.19998291,0.21032242,0.21657358,0.21858501,0.2163378,0.20995137,0.19968407,0.18592793,0.16919816,0.15011969,0.12941615,0.10791179,0.086571835,0.06664504,0.050048262,0.039937686,0.039246272,0.04601942,0.055547584,0.064887345,0.07273505,0.078554146,0.082178086,0.08366716,0.08326777,0.08141787,0.078771845,0.076212995,0.07479213,0.07551427,0.07899334,0.0852043,0.09355755,0.10319925,0.11328865,0.12315281,0.13235225,0.14070444,0.148284,0.15539727,0.16252008,0.17019235,0.17887947,0.18883482,0.20000857,0.21203375,0.22428608,0.23598853,0.24632664,0.2545533,0.26007363,0.26250944,0.261744,0.25794816,0.25158572,0.24339324,0.23432396,0.22544333,0.21776775,0.21206157,0.20864916,0.20732637,0.20742564,0.20800678,0.20808488,0.20681621,0.20361078,0.198178,0.19052383,0.18091561,0.16982289,0.15783833,0.1455799,0.13357963,0.12217306,0.111418486,0.1010793,0.090688705,0.07968093,0.06755093,0.054024126,0.039328903,0.02525237,0.020097975,0.032186512,0.051559243,0.072768085,0.09408261,0.11451636,0.13330586,0.14981763,0.16353711,0.17407474,0.18117267,0.1847077,0.18468882,0.18124959,0.17463578,0.16518928,0.15332924,0.13953169,0.12430878,0.10818881,0.091698356,0.07534835,0.05962702,0.045007426,0.031992495,0.021276494
30,0.1592071,0.14959708,0.13805112,0.1248614,0.1103692,0.09496801,0.07911429,0.06335955,0.048442885,0.03555518,0.02691895,0.025375923,0.030149935,0.03733562,0.04446213,0.050550815,0.05529791,0.05873048,0.061077006,0.06269771,0.06401882,0.06545319,0.0673148,0.06975525,0.07275215,0.07615524,0.07976531,0.08341094,0.08699888,0.09052822,0.094068296,0.09770673,0.10148172,0.10531971,0.10899948,0.11215468,0.11431207,0.114953086,0.11358459,0.1098097,0.10339646,0.09435123,0.08301874,0.07026727,0.05788988,0.04927171,0.048826396,0.057533834,0.07168912,0.087449774,0.10239093,0.115020394,0.124388695,0.12993732,0.13145527,0.12907672,0.12329482,0.114982426,0.10540932,0.09621421,0.0892088,0.085838675,0.08642599,0.08990232,0.09440198,0.098057,0.09940917,0.097490266,0.09178122,0.082160085,0.068884864,0.052694198,0.035462644,0.024015268,0.032220062,0.053074423,0.07705268,0.1013534,0.124764726,0.14650612,0.16599424,0.18277727,0.1965088,0.20693329,0.21387695,0.21724182,0.21700303,0.21320814,0.20597766,0.19550568,0.18205968,0.16597916,0.14767459,0.1276298,0.106417544,0.084754325,0.063679,0.045157153,0.03378405,0.035742678,0.047795877,0.06273527,0.077219196,0.08988883,0.10006137,0.10735062,0.11156526,0.112693876,0.11092531,0.10669145,0.10072989,0.09415793,0.088505566,0.08555128,0.086763546,0.092555754,0.10211036,0.113963075,0.12665649,0.13905028,0.15038885,0.1602873,0.16870084,0.1758836,0.18232433,0.1886461,0.19546902,0.20325743,0.21219367,0.22212207,0.23257945,0.24289297,0.25230664,0.26010308,0.26570162,0.26872796,0.26905575,0.26682183,0.26241478,0.25643462,0.24961984,0.24274132,0.23647106,0.23125012,0.2271944,0.22407559,0.22138883,0.21848208,0.21470231,0.20951921,0.20260668,0.19388069,0.18349954,0.17183357,0.15940876,0.14682548,0.13465412,0.123316355,0.11297656,0.10348351,0.09439906,0.08511574,0.075025275,0.06369606,0.051076706,0.037932213,0.027410852,0.027560169,0.040512197,0.05914295,0.07953235,0.100006625,0.1195453,0.13737418,0.15286909,0.16553673,0.17501464,0.18107413,0.18362066,0.18269004,0.17844017,0.171139,0.16114949,0.14891267,0.13493031,0.119748846,0.10394678,0.088129066,0.07293345,0.059055783,0.047293186,0.03854617
31,0.15270829,0.14287338,0.13101643,0.11742305,0.10242933,0.08643072,0.06990739,0.053499583,0.038257133,0.026502082,0.023103356,0.029394995,0.039530896,0.049788494,0.058829073,0.066142246,0.071562715,0.075139485,0.07709678,0.07781608,0.077812254,0.0776855,0.07803591,0.079346366,0.081872925,0.085600905,0.09029286,0.09559463,0.101140596,0.10662111,0.11180585,0.11653295,0.12067723,0.1241105,0.12666593,0.12811682,0.12817556,0.12651472,0.12280615,0.11677319,0.10825123,0.09725846,0.084092885,0.06951234,0.055163227,0.044532925,0.04303719,0.052187506,0.06720321,0.083632246,0.09897812,0.11177844,0.1211025,0.12638563,0.1273863,0.12418311,0.11718498,0.10714905,0.095210776,0.08292542,0.07225913,0.06527016,0.06311529,0.065003075,0.06864865,0.071680844,0.07239262,0.06980821,0.06359248,0.054061614,0.042535592,0.032795124,0.033023417,0.046348438,0.06640947,0.08874871,0.11128563,0.13281249,0.1525092,0.16980368,0.18432142,0.19585532,0.2043365,0.20980161,0.212358,0.21214956,0.20932749,0.20402908,0.19636673,0.18642782,0.17428416,0.16000903,0.14369917,0.12550056,0.10564037,0.084478565,0.06263766,0.04150471,0.025875052,0.028446432,0.045607116,0.0656364,0.084949255,0.102216415,0.11664455,0.12766905,0.1349007,0.13813296,0.13736963,0.13286518,0.12518208,0.11527752,0.10462905,0.09535225,0.09005186,0.09091351,0.09831622,0.11065513,0.1256019,0.14113858,0.15583518,0.1688012,0.1795967,0.18816546,0.19478035,0.19997975,0.20447622,0.20902973,0.21429491,0.22067612,0.22823709,0.23669718,0.24551113,0.25399613,0.26146442,0.2673324,0.27119538,0.27286702,0.2723876,0.2700031,0.2661186,0.2612277,0.25582588,0.25031856,0.24494371,0.23972899,0.23449707,0.2289187,0.22259782,0.21516539,0.20636147,0.19609289,0.18446225,0.17176828,0.1584789,0.1451761,0.13247009,0.12088291,0.11071586,0.101941265,0.09417709,0.086777695,0.07901249,0.07026645,0.06022851,0.049131513,0.03831776,0.031646248,0.03496716,0.04791519,0.06559353,0.084953226,0.10439773,0.122892514,0.13965718,0.15407519,0.16567022,0.17410243,0.17916882,0.18080223,0.1790671,0.17415191,0.16635853,0.15608962,0.14383556,0.13016264,0.11570461,0.101159714,0.087292664,0.07493118,0.06491885,0.0579456
32,0.1428803,0.13331875,0.12165875,0.10816435,0.09315122,0.07700335,0.06021964,0.043567743,0.02871271,0.02065472,0.0257911,0.037986405,0.051139202,0.063291185,0.073675856,0.08190802,0.08781004,0.09137759,0.09278268,0.09238736,0.09075553,0.088646434,0.08696005,0.086597286,0.08823458,0.092109926,0.097970136,0.10521432,0.11311173,0.120968014,0.12820627,0.13438621,0.1391907,0.14239821,0.14385112,0.1434268,0.1410164,0.13651581,0.12983154,0.12090242,0.109737515,0.096473545,0.08146855,0.06549359,0.050227746,0.039470978,0.039170615,0.049739376,0.065276705,0.081514224,0.09627122,0.10827273,0.11668779,0.120996036,0.12095666,0.11660559,0.10825642,0.0964994,0.08220397,0.066549025,0.051145747,0.038371436,0.03155083,0.032306988,0.037253063,0.04220418,0.045105223,0.045537103,0.04436878,0.04387132,0.047314927,0.056832317,0.07185085,0.09043004,0.110678636,0.13106869,0.15039279,0.16771595,0.18235885,0.19389355,0.20213723,0.20713493,0.20912734,0.20850217,0.20573063,0.20129317,0.19560331,0.18894194,0.18141568,0.17295024,0.16332069,0.15221074,0.13928609,0.124266766,0.10698819,0.08744978,0.0658659,0.04280757,0.020346934,0.01687719,0.03897496,0.06350163,0.08703582,0.10840119,0.12673065,0.14131318,0.15159594,0.1572123,0.15801552,0.15411538,0.14592372,0.1342236,0.12028988,0.10609457,0.094535485,0.089170426,0.092477456,0.10378989,0.120115414,0.13839194,0.15640606,0.17273943,0.18656424,0.19750558,0.20556329,0.2110587,0.21458018,0.21690862,0.21891078,0.22140126,0.22499374,0.22998309,0.23630084,0.24356042,0.2511693,0.25846413,0.2648298,0.26978296,0.2730163,0.27440858,0.27400672,0.27198657,0.26859906,0.26410952,0.25873992,0.25262508,0.2457918,0.23816594,0.22960553,0.21995164,0.20908627,0.19698532,0.18375917,0.16967529,0.15516016,0.14077646,0.12716852,0.11496586,0.1046402,0.096342966,0.08979864,0.08434137,0.07910269,0.07325837,0.06624159,0.057919774,0.0488431,0.040784884,0.037425138,0.042413697,0.05484292,0.07135082,0.08947744,0.10770913,0.12500769,0.14058879,0.15384257,0.16430867,0.17167012,0.1757523,0.17652154,0.17408165,0.16866778,0.16063842,0.15046652,0.13873087,0.12610865,0.11336736,0.10134783,0.090915844,0.082843125,0.07759603
33,0.13026296,0.121461764,0.11050119,0.09760956,0.08306815,0.06723829,0.05063985,0.034251854,0.021071943,0.02039057,0.032585554,0.047838014,0.0627789,0.076283656,0.08773853,0.096735924,0.103021815,0.10650148,0.10726466,0.10562057,0.10213996,0.097695686,0.0934701,0.09084886,0.0910993,0.094886966,0.10198481,0.11145379,0.122078836,0.13270427,0.1423768,0.15037209,0.15617749,0.15946302,0.16005078,0.15788497,0.15300387,0.14551593,0.1355833,0.123416506,0.10928598,0.09356024,0.07679809,0.05998103,0.045152053,0.03671493,0.039625227,0.0514676,0.06648357,0.08137066,0.094445944,0.104689196,0.11142102,0.11421418,0.112875775,0.10744653,0.098198004,0.085619815,0.070395045,0.053367525,0.035524078,0.018180182,0.007428139,0.018050935,0.031125683,0.042540018,0.05229106,0.061092544,0.07006316,0.080392264,0.09291925,0.10784715,0.12474281,0.14273766,0.16076036,0.17771658,0.19261096,0.20462872,0.21319109,0.21799086,0.21901,0.21651904,0.21105617,0.20338221,0.19440538,0.18506937,0.17620456,0.16836235,0.1616803,0.15583988,0.15014693,0.1437035,0.13559969,0.12506641,0.1115681,0.094842814,0.07490681,0.052037604,0.026746474,0.0009346369,0.028207652,0.05602627,0.08277123,0.10743675,0.12907238,0.14683083,0.16001424,0.16811605,0.17085782,0.16822268,0.16049019,0.1482852,0.1326679,0.115319714,0.09889559,0.08738837,0.08525708,0.09399906,0.11064163,0.13098931,0.15193212,0.17152178,0.18858391,0.20246309,0.21289545,0.21994483,0.22396354,0.2255551,0.22552411,0.22480002,0.22432727,0.22492659,0.2271544,0.23120557,0.23689929,0.24375285,0.25110927,0.25827077,0.26460394,0.2696043,0.27292323,0.27436665,0.2738733,0.27148184,0.26729226,0.26142925,0.25401217,0.2451375,0.23487572,0.22328283,0.21042414,0.19640537,0.18140544,0.16570628,0.14971423,0.13396874,0.11912883,0.10591968,0.09501065,0.08681046,0.081242576,0.07766639,0.07505842,0.072345935,0.06869296,0.06366982,0.057377625,0.050649356,0.045390155,0.044550836,0.050280936,0.06183311,0.076922484,0.0935608,0.11033645,0.12622233,0.14043601,0.15237716,0.16160458,0.1678296,0.17091477,0.1708731,0.16786616,0.16220012,0.15432072,0.14480652,0.13435934,0.12378609,0.113957606,0.10572057,0.099742115,0.09631459
34,0.11552189,0.10792833,0.09813454,0.08632053,0.07272177,0.05767054,0.04172403,0.026250564,0.016958412,0.02446202,0.04018306,0.057035092,0.073173515,0.08772797,0.100078166,0.10973777,0.116349235,0.11970868,0.11980355,0.11686148,0.11141479,0.1043856,0.097177975,0.09168367,0.08995305,0.09334691,0.10174112,0.1137139,0.12740447,0.141124,0.15354009,0.1636677,0.17082107,0.17457125,0.17471252,0.1712331,0.16428667,0.15416412,0.14126734,0.12609005,0.10921427,0.09134148,0.07340412,0.05687546,0.04446856,0.040360693,0.04605764,0.057528086,0.070580065,0.08292114,0.09331391,0.101002075,0.10550302,0.10654843,0.104078814,0.09825897,0.08950654,0.0785443,0.066513136,0.055210847,0.04738193,0.046036605,0.051704638,0.061865013,0.07389258,0.08636597,0.0988107,0.11131157,0.12422103,0.137914,0.15258555,0.16812563,0.18409327,0.19977632,0.21429911,0.22674207,0.2362512,0.24212846,0.24390124,0.24137218,0.23465131,0.22417304,0.21069929,0.19530724,0.17935066,0.16436414,0.15185483,0.14294033,0.13792259,0.13608095,0.13590416,0.13560133,0.13354613,0.12849995,0.11966605,0.106667295,0.08950536,0.06853345,0.04451563,0.019614602,0.017329542,0.04379265,0.07192829,0.09871624,0.122827254,0.14321004,0.15900744,0.1695737,0.17450349,0.17365961,0.16719832,0.15560077,0.13973106,0.120970786,0.10153846,0.08512118,0.07720243,0.0820718,0.09792243,0.11950288,0.1427,0.16506164,0.18514115,0.20207322,0.2153793,0.2248823,0.23066835,0.2330681,0.23264347,0.23016925,0.22659643,0.22298244,0.22037467,0.21965033,0.22134781,0.22555503,0.2319094,0.23970918,0.2480804,0.25613442,0.26308015,0.2682861,0.27130276,0.27185917,0.26984328,0.2652736,0.2582675,0.24901,0.23772739,0.22466788,0.21009214,0.19427416,0.17751208,0.16014734,0.1425901,0.12534802,0.1090534,0.094474,0.08246586,0.073788114,0.06873826,0.06681855,0.06683015,0.06737417,0.067306206,0.06593038,0.06304498,0.058986064,0.054735497,0.052014176,0.052933864,0.05879192,0.06915764,0.08253369,0.09735824,0.1123583,0.12654343,0.13914573,0.14958191,0.15743722,0.16246088,0.16456625,0.16383155,0.16049986,0.15497679,0.14782473,0.13974921,0.13156836,0.12414835,0.118286334,0.11454236,0.11307579
35,0.09942198,0.09341638,0.085191794,0.074870095,0.06263385,0.04878798,0.03396798,0.020268714,0.017017562,0.029635023,0.046844322,0.06458014,0.08154336,0.09690863,0.10999344,0.12021396,0.12710106,0.13033503,0.1297901,0.12558998,0.11818426,0.10846509,0.09794681,0.08896486,0.08453805,0.08714564,0.09691405,0.11168356,0.12871814,0.14574493,0.16109318,0.17357582,0.182383,0.18701904,0.1872649,0.18315096,0.174931,0.16305521,0.1481431,0.1309628,0.11242861,0.093641795,0.076019675,0.06154905,0.052878175,0.05198646,0.05774108,0.066858195,0.07661209,0.08540426,0.09235389,0.09697904,0.099053144,0.09856164,0.09571287,0.09098501,0.08520035,0.07960218,0.075831324,0.07557687,0.07983188,0.08837364,0.100104496,0.113774754,0.12840937,0.14340104,0.15845665,0.17349778,0.18854633,0.2036094,0.21858098,0.23317893,0.24692868,0.2591924,0.26923212,0.27629086,0.2796772,0.2788425,0.2734451,0.26339942,0.248911,0.2305015,0.20903197,0.18573454,0.16226333,0.14074682,0.12371158,0.11351575,0.11106122,0.114844084,0.12176996,0.12873876,0.13342838,0.13433298,0.13059306,0.12184735,0.10814256,0.08989702,0.06795408,0.04402099,0.024234047,0.030375812,0.05514084,0.0821488,0.107637726,0.1299692,0.14802036,0.16096802,0.16826367,0.16964276,0.16513881,0.15509942,0.1402168,0.12160968,0.10105487,0.08159755,0.06864863,0.068904325,0.08298912,0.104908854,0.12946683,0.1537811,0.17624691,0.19588889,0.21209037,0.22448394,0.2329093,0.23740292,0.23820508,0.23577668,0.23081805,0.22427796,0.21733254,0.21130247,0.20747668,0.20684697,0.2098391,0.21618508,0.22501953,0.23513429,0.24524935,0.25420716,0.26107585,0.2651864,0.26613113,0.26374117,0.25805262,0.24926673,0.2377074,0.22377947,0.20793118,0.1906242,0.17231455,0.15344684,0.1344641,0.115835436,0.09810394,0.0819577,0.0683097,0.05829154,0.052888222,0.052101027,0.054566305,0.058373366,0.06197219,0.06441686,0.065289095,0.06461933,0.06287546,0.06098861,0.060304943,0.062257644,0.067720674,0.07656614,0.087890886,0.10053431,0.113403335,0.12557712,0.1363203,0.14507747,0.15147012,0.15529782,0.15654139,0.15536585,0.1521206,0.14733371,0.14169337,0.13600469,0.13110474,0.12772554,0.12632567,0.12695837
36,0.0828081,0.07867737,0.07232844,0.063819945,0.053281702,0.041005574,0.027781013,0.016877335,0.019434033,0.03411297,0.051830687,0.06998591,0.087453745,0.10338253,0.11701307,0.12766486,0.13476236,0.1378746,0.13676198,0.13143201,0.12221532,0.10989111,0.09592503,0.08290002,0.07489765,0.07620782,0.087521985,0.105433844,0.1260001,0.14637767,0.16466719,0.17957951,0.19025442,0.19618005,0.19715588,0.19326986,0.18487722,0.17257655,0.15718517,0.13971873,0.12138446,0.10359662,0.08799808,0.07637024,0.07013549,0.06941879,0.0727303,0.07794441,0.08332716,0.087804414,0.09083401,0.09224487,0.092141494,0.09087269,0.08904349,0.087533884,0.087455325,0.08995483,0.095865645,0.10541415,0.11822442,0.13357118,0.15064721,0.16872141,0.18719997,0.20563363,0.22369689,0.24115072,0.25779453,0.27341515,0.2877417,0.30041623,0.31098646,0.31892264,0.32365605,0.3246316,0.32136673,0.3135086,0.3008833,0.2835337,0.2617461,0.23606901,0.20733413,0.17670198,0.14577925,0.11690444,0.09368529,0.08108831,0.08217594,0.09354622,0.108824424,0.12342928,0.13480672,0.14156921,0.14298901,0.13877581,0.12898555,0.11399065,0.09449823,0.07167946,0.04781081,0.030024892,0.035735458,0.058409866,0.08369432,0.107246034,0.12723136,0.14251721,0.15235913,0.15634136,0.15436725,0.14665908,0.13376525,0.11659744,0.09657057,0.07606491,0.059713993,0.05546849,0.06718886,0.088632084,0.113503926,0.13865317,0.16248135,0.1840318,0.20264949,0.21785174,0.22928196,0.23670465,0.24002591,0.23933198,0.23494,0.22745554,0.21782738,0.20737979,0.19777633,0.19083723,0.18814339,0.19051197,0.19765843,0.20832077,0.22073135,0.23309243,0.24386297,0.25187144,0.2563315,0.2568163,0.25321582,0.24568693,0.23459825,0.22047228,0.20392644,0.18561663,0.16618699,0.1462312,0.12627016,0.10675211,0.0880832,0.0707028,0.055237215,0.042787082,0.035209198,0.03417079,0.03861719,0.045565683,0.052761953,0.059020568,0.06378455,0.066879176,0.068434775,0.068880014,0.068941675,0.06958314,0.071805425,0.07631517,0.08324788,0.092163496,0.1022749,0.11269868,0.12261291,0.13133186,0.13833842,0.14330032,0.14608085,0.1467465,0.14557,0.14302465,0.13976076,0.1365504,0.13418481,0.1333235,0.1343305,0.13716981
37,0.06661448,0.0645192,0.060217492,0.05370834,0.04508052,0.034644216,0.023447432,0.01605821,0.022233518,0.0373228,0.054959737,0.07313985,0.09077904,0.10697988,0.12091255,0.13181424,0.13901986,0.14200324,0.14042276,0.1341718,0.12344309,0.10883532,0.09158525,0.07415178,0.06145876,0.06074838,0.07405807,0.09556613,0.11968745,0.14319958,0.16418512,0.18139295,0.19400387,0.20155145,0.20389393,0.20119831,0.1939228,0.18279274,0.16876933,0.15301132,0.13682579,0.12159252,0.108624876,0.09892242,0.092849895,0.08996007,0.08919496,0.08935552,0.08949451,0.08907531,0.08796865,0.0863959,0.08487428,0.08416655,0.085197575,0.08888893,0.09592601,0.106581286,0.120708756,0.13787231,0.15748784,0.1789158,0.20150918,0.22463922,0.24771258,0.2701834,0.29155952,0.3114007,0.3293098,0.34491774,0.35786766,0.36780185,0.37435725,0.3771717,0.3759018,0.3702504,0.35999984,0.3450454,0.3254247,0.30133924,0.27316555,0.2414587,0.20695218,0.17057069,0.13349725,0.09744065,0.0657043,0.04691954,0.052827332,0.07418891,0.09799141,0.11944809,0.13671145,0.14883678,0.15528254,0.15577947,0.15030134,0.13906798,0.12256111,0.101555735,0.07721461,0.0515153,0.029963033,0.030539228,0.05178354,0.07592908,0.09784234,0.11566737,0.12836613,0.13534099,0.13635959,0.13153307,0.121304095,0.106449455,0.08814541,0.06826667,0.05050922,0.042875446,0.052302916,0.07264836,0.09668013,0.12128095,0.1450725,0.16727054,0.18730438,0.20467478,0.2189034,0.22953194,0.23615591,0.23848239,0.23640402,0.23008287,0.22004078,0.20725375,0.19323891,0.18008485,0.17028609,0.16616803,0.16893135,0.17799295,0.19131412,0.20634127,0.22074266,0.23270619,0.24097754,0.24480967,0.24389508,0.23829816,0.22838755,0.2147664,0.19819894,0.17953493,0.15963362,0.139292,0.119182475,0.09980765,0.08148186,0.064351134,0.048468843,0.03397993,0.021692479,0.015219126,0.019553997,0.029365698,0.039931435,0.049817264,0.058425527,0.06543144,0.07069727,0.07428053,0.076457284,0.07773163,0.07880368,0.08046351,0.08340055,0.08798774,0.09416283,0.10147943,0.109272756,0.11683364,0.123533346,0.12889758,0.13264784,0.1347244,0.13529672,0.13475941,0.13370456,0.13285497,0.13294579,0.13456206,0.13798036,0.14308661
38,0.051948033,0.051856104,0.0495723,0.045053847,0.03837604,0.029915929,0.021064699,0.01705873,0.024714308,0.03935138,0.05645403,0.07426725,0.0917014,0.10781748,0.12173427,0.13263212,0.13978451,0.14259835,0.14065613,0.13375807,0.12196765,0.10567768,0.08575972,0.06405268,0.04529034,0.041300703,0.05784987,0.08349222,0.110821,0.13683634,0.15991683,0.1790061,0.19341867,0.20279454,0.20708746,0.20655423,0.20173341,0.19340822,0.18255079,0.17024386,0.15757658,0.14551403,0.13475464,0.1256153,0.11800276,0.111509465,0.10560539,0.09984667,0.09403129,0.088281065,0.08306274,0.07915657,0.07754691,0.07919568,0.084756315,0.09442815,0.10805698,0.12532686,0.14586696,0.16925772,0.19499993,0.22249374,0.2510423,0.2798771,0.30819583,0.33520365,0.36015105,0.38236308,0.40125805,0.4163555,0.4272748,0.4337284,0.43551293,0.4325017,0.42464188,0.41195658,0.39455143,0.3726232,0.34646735,0.31648117,0.28316018,0.24708727,0.20891523,0.1693463,0.12911502,0.08899143,0.04990072,0.01510448,0.027970413,0.06028785,0.0901964,0.11638041,0.1381314,0.15485914,0.16606401,0.17136471,0.17053986,0.163571,0.15067923,0.13234933,0.10933907,0.08267881,0.05370337,0.024570795,0.013603796,0.038389597,0.063322306,0.084428124,0.10050186,0.110838175,0.11511,0.11335486,0.10596339,0.093665995,0.07755148,0.059247993,0.04181305,0.03276581,0.0408058,0.05959033,0.08154727,0.104010895,0.12603085,0.14715749,0.16705598,0.18534504,0.20153135,0.21500881,0.22510736,0.2311757,0.23268236,0.22932318,0.22112925,0.2085772,0.19271162,0.17528842,0.15890306,0.1468892,0.1424775,0.14707947,0.15924707,0.1757152,0.19310671,0.20876497,0.22085822,0.22826196,0.23043215,0.22730477,0.21921235,0.20680557,0.19097264,0.17275345,0.15324761,0.13351579,0.11447591,0.09679875,0.08081854,0.06649022,0.053431366,0.041061576,0.028796975,0.016225891,0.0033404613,0.010430902,0.023923837,0.03707173,0.049345218,0.060254667,0.06939931,0.07652078,0.08154629,0.084618986,0.08611064,0.086606294,0.08684238,0.08757927,0.08941651,0.09261729,0.097041756,0.10223035,0.10757635,0.112496704,0.11655376,0.119526565,0.12144529,0.12259602,0.12349117,0.12479201,0.12717359,0.13114995,0.13691857,0.14429568
39,0.040313657,0.041824836,0.041197807,0.03837305,0.03344903,0.026920695,0.02050546,0.019137867,0.02701836,0.040704977,0.05687703,0.07391232,0.09070974,0.10630726,0.11980146,0.1303512,0.13720754,0.13975164,0.13753268,0.13030155,0.11803871,0.10097815,0.07964328,0.054981995,0.029366337,0.018937314,0.042348843,0.07196489,0.10123816,0.12844901,0.15253042,0.17272238,0.18853775,0.19976702,0.20647816,0.20899887,0.20787638,0.20381296,0.19757873,0.18990922,0.18140325,0.17244466,0.16317344,0.1535211,0.1433041,0.13234946,0.1206222,0.10833408,0.09603159,0.084668994,0.075637676,0.07059714,0.07087253,0.076728284,0.0874783,0.10231239,0.12079444,0.14281353,0.16833296,0.19717276,0.22889589,0.26278988,0.29791147,0.33316255,0.36737567,0.3993963,0.428154,0.4527185,0.4723388,0.48646408,0.49474865,0.49704278,0.49337336,0.48391926,0.4689847,0.44897473,0.424374,0.39572978,0.36363697,0.32872427,0.2916387,0.25302854,0.21352601,0.17373617,0.13424633,0.095703155,0.05919813,0.029223185,0.030191336,0.057408556,0.08680938,0.11429483,0.13860986,0.15888758,0.17436436,0.18436939,0.18837492,0.18606016,0.17737006,0.16255935,0.14221658,0.117269956,0.088992745,0.059104867,0.030754156,0.019312726,0.03862204,0.06098335,0.07946548,0.09247833,0.09937538,0.10003501,0.09477824,0.08433299,0.069830514,0.052941144,0.036658835,0.028212806,0.03568211,0.052305065,0.071099244,0.08993326,0.10831668,0.12626962,0.14389874,0.16115838,0.17772214,0.19296025,0.20600644,0.21588123,0.22163722,0.22250219,0.21800813,0.2081066,0.19328162,0.17468694,0.1543492,0.13544224,0.12232682,0.11925008,0.12728961,0.14328007,0.16255511,0.18128528,0.19689971,0.20783333,0.21327466,0.21300478,0.20729089,0.19680142,0.18252477,0.16568232,0.14762881,0.12972946,0.1131976,0.098884165,0.087056436,0.07729034,0.06861418,0.059872888,0.050099317,0.038722325,0.025609685,0.011080834,0.00556719,0.021255758,0.03699743,0.05171045,0.0647121,0.07547329,0.08364857,0.08910744,0.09195568,0.0925435,0.09145558,0.089470685,0.08747035,0.086278506,0.086454235,0.088132076,0.09102179,0.094576225,0.098219775,0.1015319,0.10435219,0.10681637,0.10933241,0.1124921,0.11691502,0.12305522,0.1310429,0.14063275
40,0.033794425,0.03582574,0.03598585,0.03417351,0.030521298,0.02566221,0.02149441,0.022017235,0.029639395,0.042131614,0.057044234,0.07288766,0.08857303,0.10314597,0.11571886,0.1254735,0.13168858,0.13377468,0.1313087,0.12406306,0.11202656,0.09541538,0.07467605,0.050497737,0.024023416,0.009482408,0.036440793,0.065562285,0.09368691,0.11979317,0.14313419,0.16318953,0.17967564,0.19254576,0.20196657,0.20826791,0.21186806,0.2131834,0.21253924,0.21010344,0.20586221,0.19964749,0.19120967,0.18031798,0.16686657,0.15097003,0.13304403,0.11388385,0.09477803,0.07771306,0.06558004,0.061493073,0.066225395,0.07739713,0.09246206,0.11043579,0.13155927,0.15654463,0.18596476,0.21989839,0.25783178,0.29873502,0.34121293,0.38366604,0.42443615,0.4619293,0.49471557,0.5216054,0.5417015,0.5544265,0.5595268,0.55705523,0.5473366,0.530921,0.508531,0.48100793,0.4492616,0.41422686,0.3768271,0.33794463,0.29839662,0.2589162,0.22014365,0.18263945,0.14695117,0.11381519,0.08472708,0.06342802,0.057171162,0.06861295,0.09000485,0.11453,0.13886337,0.16112335,0.17992699,0.1941299,0.20279947,0.2052634,0.20117633,0.19058171,0.173962,0.15228434,0.12707485,0.10061968,0.07653883,0.060799014,0.05951327,0.070012234,0.083827555,0.095411085,0.10220343,0.10319518,0.09828564,0.08803873,0.07360556,0.05683609,0.04097155,0.03258548,0.038004853,0.051844046,0.067378566,0.08214916,0.0957099,0.10849447,0.121280365,0.13475391,0.14915767,0.16412503,0.17873695,0.1917254,0.20171632,0.20744611,0.2079315,0.20259745,0.19137816,0.17481512,0.1541973,0.13182898,0.11151405,0.09883532,0.098941684,0.11144397,0.13081272,0.15154648,0.17004126,0.18419017,0.19287862,0.19570893,0.19285625,0.1849768,0.17313,0.15869507,0.14326306,0.12847216,0.115741536,0.105899334,0.09885532,0.09360445,0.08864943,0.0825476,0.074263655,0.06327633,0.049540907,0.033400334,0.015505147,0.0039546518,0.02263833,0.04082584,0.0573729,0.07154346,0.082786694,0.09076606,0.09538327,0.09679152,0.095397934,0.09185447,0.08703138,0.08195505,0.07767579,0.07504062,0.07443397,0.075670786,0.07816902,0.08128226,0.08457846,0.08797411,0.09173858,0.09639323,0.10252218,0.110544704,0.12054293,0.13221958
41,0.033898097,0.03490592,0.034609154,0.032831803,0.029735742,0.026078131,0.023748847,0.025663197,0.03303134,0.044355996,0.05783061,0.07213985,0.08625255,0.09926382,0.110347725,0.118762225,0.12387527,0.12519799,0.122418396,0.115433075,0.10437911,0.08968033,0.07216051,0.053438768,0.03752891,0.034231674,0.04788489,0.06888013,0.09133913,0.11311675,0.13328119,0.15142126,0.16743907,0.18143965,0.19362763,0.20419677,0.21322532,0.22060086,0.22599536,0.2288976,0.22869359,0.22477508,0.21665424,0.20406719,0.18705666,0.16603251,0.14182034,0.11573243,0.089761786,0.06715832,0.053443484,0.05394372,0.06557774,0.08148898,0.09860641,0.117024936,0.1383836,0.16466194,0.19721687,0.23628601,0.2810216,0.32979992,0.38055328,0.43103158,0.47899696,0.5223725,0.5593588,0.58852154,0.6088504,0.61978793,0.6212278,0.6134849,0.5972415,0.57347494,0.5433748,0.50825727,0.46948478,0.4283954,0.386246,0.3441698,0.30314595,0.2639796,0.22729391,0.1935436,0.16307425,0.13627061,0.11384985,0.09728734,0.08894634,0.090791024,0.10217669,0.12011073,0.14132304,0.1631647,0.18353665,0.2007161,0.21329598,0.22020884,0.2207882,0.21483928,0.20270671,0.18534061,0.16437641,0.14224768,0.12228673,0.108427964,0.103583924,0.10713353,0.11508791,0.1229773,0.1276076,0.12720092,0.121107005,0.10957024,0.093616344,0.0751062,0.05717664,0.045301743,0.045604117,0.056039076,0.06945209,0.08169386,0.09136899,0.09862766,0.10462234,0.11105274,0.119503126,0.13071185,0.14422455,0.15862599,0.17205238,0.1826384,0.18879807,0.18938287,0.18377343,0.17194286,0.15452483,0.13294634,0.109761514,0.08940865,0.07878975,0.08330407,0.099765256,0.1207863,0.14112769,0.15790601,0.16962688,0.17567705,0.17610694,0.17152317,0.16301182,0.15205346,0.14039028,0.12978698,0.12163467,0.116477534,0.11376643,0.11210605,0.109831154,0.105509125,0.09818397,0.087422065,0.073267944,0.056184042,0.037061866,0.01794378,0.013109927,0.030383881,0.04907308,0.06580604,0.07955818,0.08975001,0.09609433,0.098575644,0.09744319,0.09320157,0.08659786,0.07860576,0.07039727,0.063259624,0.058365043,0.05635405,0.057018925,0.059525166,0.06301227,0.06703322,0.07166069,0.077363566,0.084747784,0.09425534,0.10595518,0.119509645
42,0.039412595,0.038612064,0.03696504,0.034369122,0.03110038,0.028061368,0.027033439,0.03000089,0.037324738,0.047756623,0.05986289,0.0724947,0.08471165,0.095696695,0.10473128,0.11120649,0.114651024,0.11476603,0.11146294,0.10490578,0.09556747,0.08432421,0.07263171,0.06278991,0.05788907,0.060230687,0.06911454,0.08185402,0.09612723,0.110629894,0.12485267,0.13879772,0.15273896,0.16699454,0.18171671,0.19673844,0.21151423,0.22515988,0.23656406,0.24453337,0.24794042,0.24585685,0.2376629,0.22313006,0.20247658,0.17639908,0.146095,0.113325134,0.08071117,0.053102933,0.04133897,0.051785942,0.070595734,0.08883092,0.10498589,0.120807655,0.13981704,0.16580339,0.20109954,0.24582225,0.2983378,0.3560698,0.41607016,0.47534072,0.5310305,0.58058095,0.62184423,0.65317506,0.67349225,0.6823063,0.6797093,0.66632944,0.64325404,0.6119277,0.57403606,0.5313852,0.48578757,0.43896523,0.39247543,0.34766194,0.30562803,0.26722336,0.23303571,0.20338501,0.17833327,0.15774497,0.14143683,0.12941456,0.122090176,0.12024573,0.1245524,0.13489214,0.150103,0.168305,0.18737131,0.2052415,0.22008926,0.23043153,0.23522352,0.2339496,0.22670794,0.21428627,0.19822408,0.18083346,0.16506898,0.15398236,0.14954074,0.15140377,0.15699616,0.1628893,0.16608448,0.16454467,0.15725465,0.1441406,0.12599643,0.104496576,0.08243612,0.064409405,0.056810506,0.062038623,0.07404182,0.086196855,0.09510598,0.09962139,0.10009167,0.098135866,0.09647616,0.098245636,0.10543954,0.117648706,0.1325472,0.14727093,0.15928754,0.16667657,0.1681772,0.16318645,0.15175931,0.1346355,0.11335344,0.09063247,0.071404345,0.06363353,0.07194821,0.09027413,0.11086249,0.1293984,0.14377919,0.15308647,0.15718912,0.15658633,0.15231599,0.14585018,0.13891457,0.13316606,0.12973046,0.12878758,0.12951235,0.1304476,0.13002683,0.12695621,0.12039001,0.10996938,0.09580118,0.0784319,0.058893193,0.039127342,0.024563069,0.027533893,0.043203916,0.060270812,0.07522929,0.08679685,0.09437227,0.09774237,0.09700313,0.09252334,0.08491686,0.07502041,0.063885935,0.052803304,0.043343447,0.037226893,0.03549735,0.037450608,0.041336466,0.04593276,0.05102041,0.057120685,0.06503827,0.075385615,0.088287555,0.10337251
43,0.047858134,0.04539487,0.042213093,0.038403586,0.034452487,0.031459462,0.03113271,0.03481739,0.042273853,0.052193563,0.0632433,0.07434614,0.08462622,0.0933536,0.09993453,0.10393146,0.10509892,0.103428684,0.09920254,0.09305323,0.08602625,0.07959416,0.07547081,0.07502122,0.07848431,0.084842905,0.09254048,0.10024726,0.10723469,0.11348543,0.11967423,0.12700005,0.1367986,0.14999492,0.16666743,0.18597353,0.20639154,0.22605501,0.24303067,0.2555163,0.26198274,0.26128206,0.25273088,0.23617011,0.21199887,0.1811842,0.14525804,0.1063585,0.06762137,0.036277283,0.035158087,0.05842865,0.0814044,0.09886372,0.111003526,0.12102633,0.13484868,0.15906361,0.19726767,0.24877855,0.31041956,0.37826872,0.4483775,0.5169997,0.58071095,0.6365204,0.6819819,0.7152883,0.73533624,0.74175143,0.73486936,0.71567184,0.685684,0.6468391,0.60132337,0.55141556,0.49933594,0.4471215,0.39654058,0.3490543,0.3058216,0.26772946,0.23541427,0.20923458,0.18918176,0.1747869,0.16515023,0.15918009,0.15596662,0.15509556,0.15673198,0.16140462,0.16955523,0.18107681,0.1951091,0.21016927,0.2244717,0.23626001,0.24407281,0.24694031,0.24452984,0.23725156,0.22631955,0.21373004,0.20205644,0.19389905,0.19095328,0.19314508,0.19858211,0.20439288,0.2077249,0.20636292,0.19896783,0.18511944,0.16529673,0.14087898,0.1142716,0.08935682,0.07221705,0.06907795,0.078338005,0.09178428,0.10315136,0.10936212,0.109302476,0.10320549,0.09257127,0.08048437,0.07205832,0.07295955,0.084198825,0.10123776,0.118972175,0.13386357,0.14370209,0.14722523,0.14392935,0.13399059,0.118248194,0.098284625,0.07679257,0.058733784,0.052469168,0.0620122,0.07994203,0.09893026,0.11546527,0.12804393,0.1362239,0.14029346,0.14111827,0.13999207,0.1384049,0.13768983,0.13861412,0.14111397,0.14435145,0.14704642,0.1478652,0.14570317,0.13983323,0.1299612,0.116234526,0.099244624,0.08008069,0.06058987,0.044295114,0.037756257,0.04452367,0.057967797,0.071824126,0.08328286,0.091099165,0.09473994,0.09410848,0.08943657,0.08122257,0.07018212,0.057206944,0.04334916,0.029908746,0.01896718,0.0147680985,0.018688336,0.02484077,0.030310566,0.034980495,0.03990827,0.04662217,0.05633385,0.06937954,0.08530053
44,0.05770064,0.05395474,0.049423814,0.04437484,0.03949324,0.036069673,0.035828825,0.039807748,0.047402367,0.0571147,0.067518584,0.07748372,0.08611836,0.09272159,0.09678279,0.09801462,0.09640971,0.09231975,0.0865589,0.08050946,0.0761008,0.07533362,0.07921268,0.08701667,0.096840344,0.10661066,0.11465292,0.119875334,0.12186658,0.12103872,0.1188242,0.11777878,0.12114686,0.13147059,0.14908522,0.17211361,0.19763723,0.22264455,0.24442011,0.2606656,0.2695586,0.26980826,0.26070997,0.24218792,0.21481517,0.17980677,0.1389917,0.09481515,0.05077771,0.019954527,0.042354062,0.07314806,0.096619904,0.11080164,0.11639743,0.11746457,0.12287909,0.14402965,0.18624608,0.2464319,0.31875145,0.39770395,0.47842753,0.55656075,0.6282181,0.6900643,0.739425,0.77438986,0.7938837,0.7976912,0.78642845,0.76146,0.72476625,0.67877066,0.62613934,0.56957245,0.5116086,0.45447013,0.399974,0.3495325,0.30424654,0.2650629,0.23291108,0.20867418,0.19285512,0.18503383,0.1835967,0.1861405,0.19027676,0.19427614,0.19734578,0.19962141,0.20195438,0.20550969,0.2112261,0.21932407,0.22911124,0.23917696,0.24782589,0.25353155,0.25528824,0.2528422,0.24681374,0.23869824,0.23067708,0.22512768,0.22381386,0.22707157,0.233558,0.24076524,0.24586703,0.24639879,0.24062793,0.22770163,0.20768508,0.18157113,0.15134408,0.12025508,0.09357359,0.07908477,0.0817562,0.09561018,0.11114464,0.1225622,0.12710685,0.123732835,0.11250967,0.094409235,0.07138219,0.047352113,0.033489395,0.045096446,0.068887256,0.09256009,0.112009756,0.12536378,0.13168305,0.13070068,0.12274866,0.10873139,0.09015942,0.06939841,0.05067983,0.042189527,0.04997739,0.06674562,0.08472241,0.10065301,0.11339798,0.122833766,0.12947278,0.13423412,0.13819039,0.14226161,0.14692457,0.15206052,0.15701237,0.16080217,0.162391,0.16089208,0.15570955,0.14661448,0.13378151,0.11781283,0.09978773,0.0814062,0.06532037,0.055371106,0.054717716,0.061792057,0.07185143,0.08119759,0.08780136,0.09067484,0.089458495,0.08422294,0.07536184,0.06351675,0.049511377,0.034288567,0.018857624,0.004495138,0.009380247,0.02005257,0.02797913,0.03292858,0.03524276,0.036065076,0.03761734,0.0427177,0.05298214,0.06795153
45,0.068277925,0.06353967,0.057900243,0.051736187,0.045850627,0.041646346,0.04091106,0.044662878,0.052188627,0.061806433,0.07190157,0.08119708,0.08870312,0.09366695,0.09557518,0.094199196,0.08968203,0.082685426,0.07463057,0.067982085,0.06602167,0.07102226,0.08219551,0.096652366,0.11143972,0.12424866,0.13340281,0.13780308,0.13697538,0.13123885,0.122035876,0.11245385,0.10753967,0.11272032,0.12974562,0.15550137,0.1851784,0.21449472,0.24004106,0.25914532,0.26978528,0.27058366,0.2608396,0.24056184,0.2104813,0.17203245,0.12730289,0.07898307,0.030767418,0.020773828,0.06018076,0.09261342,0.11432081,0.12374983,0.12118848,0.110565044,0.10374987,0.120935336,0.16990772,0.24133809,0.3256518,0.41610482,0.5073018,0.59451073,0.6735382,0.74080855,0.7934954,0.82964486,0.8482579,0.8493166,0.8337463,0.80331206,0.7604542,0.70807093,0.6492652,0.5870762,0.5242277,0.46293637,0.40482807,0.35101166,0.30233362,0.25978568,0.22493601,0.20004436,0.18725961,0.18680571,0.19589813,0.20996355,0.22463539,0.23677127,0.24461913,0.24771048,0.24670646,0.24318586,0.23928483,0.23711562,0.23804556,0.24216175,0.24828248,0.25451252,0.25898036,0.26042798,0.25855368,0.2541296,0.24889228,0.2451345,0.2449446,0.24928728,0.25744855,0.26724172,0.27576318,0.28017363,0.27821583,0.26847428,0.25047773,0.22473094,0.1927482,0.15720311,0.12245322,0.09575456,0.086712986,0.097035564,0.11625144,0.1346052,0.14701077,0.15114595,0.14621823,0.1324526,0.11084589,0.08302001,0.05122631,0.020115368,0.02453751,0.05452934,0.08224873,0.10455753,0.12007058,0.12807022,0.12840551,0.12145485,0.10808383,0.08961056,0.06786157,0.045708135,0.030035459,0.033918012,0.051567484,0.07118545,0.08917457,0.10461622,0.11749965,0.12825692,0.13750462,0.14581294,0.1535083,0.16056034,0.16658595,0.17095596,0.17295337,0.17193256,0.1674483,0.15934655,0.14782287,0.13346142,0.117273904,0.10075792,0.085957676,0.07532235,0.07080241,0.072246715,0.0772129,0.08272423,0.08654977,0.08736396,0.084544025,0.07798437,0.06797406,0.055118676,0.040310636,0.024881566,0.012364205,0.015098994,0.026886255,0.037814107,0.045965496,0.05070583,0.05192685,0.050089702,0.04653268,0.04399403,0.046417937,0.056190662
46,0.07924086,0.07366692,0.06710848,0.059983753,0.05311847,0.04791651,0.04619768,0.049145035,0.056200303,0.06560778,0.0755503,0.084558226,0.09149252,0.09548938,0.09595538,0.09261265,0.08560043,0.07568185,0.064690165,0.05632051,0.05593536,0.065953895,0.08300538,0.10251225,0.12116509,0.13666077,0.14732501,0.15199693,0.15006867,0.14163373,0.1277926,0.11129263,0.09767225,0.09535628,0.10961505,0.13661419,0.16910714,0.20140785,0.22951181,0.25048393,0.2621774,0.26316905,0.25277537,0.23108158,0.19895144,0.15800226,0.11053876,0.05945313,0.008525176,0.040573705,0.08213911,0.11376682,0.13262735,0.13675797,0.1256089,0.10171201,0.077927895,0.09125113,0.15243551,0.23752035,0.33407223,0.4353493,0.53596956,0.6310795,0.71631616,0.7879551,0.8430875,0.87977,0.897122,0.89535445,0.87572265,0.840401,0.7922829,0.734714,0.67117405,0.60493577,0.53874177,0.4745683,0.41355625,0.35618728,0.3027472,0.25407085,0.21251659,0.18279897,0.17091745,0.17899114,0.2016497,0.23042351,0.25845876,0.2813326,0.29654977,0.303137,0.30144098,0.29300445,0.28040236,0.26691177,0.2558681,0.24968687,0.24894297,0.2522185,0.25693542,0.260553,0.261463,0.25941566,0.2555704,0.25219896,0.25195622,0.2567583,0.2667608,0.28014523,0.29380757,0.30433804,0.30875912,0.30492297,0.29168153,0.26894256,0.23769036,0.2000547,0.1596112,0.12235477,0.09847271,0.0984377,0.11782191,0.14286827,0.16463333,0.1788848,0.18381907,0.17907001,0.16534095,0.14428598,0.11860422,0.092583634,0.07342877,0.07024994,0.083166674,0.102423966,0.12043856,0.13344978,0.13972257,0.13864268,0.13034603,0.115523376,0.09527705,0.070999935,0.044320796,0.017816966,0.016084254,0.040782966,0.06488452,0.08656975,0.10550725,0.12176489,0.13562289,0.14742938,0.15746517,0.16584206,0.17246065,0.17703608,0.1791785,0.17850175,0.17473377,0.16781108,0.15794969,0.14569248,0.13193566,0.11792775,0.10520208,0.09533639,0.08942059,0.087411515,0.08800548,0.08927045,0.08940647,0.087121926,0.08168759,0.072871454,0.060859803,0.046205945,0.029896311,0.014450083,0.0138364155,0.028442686,0.04349151,0.05631208,0.06590915,0.07171598,0.07350891,0.07147032,0.06635299,0.05982474,0.05499458,0.056146167
47,0.09025122,0.08390093,0.07655774,0.068626314,0.06087303,0.054594766,0.05155129,0.053137284,0.05917714,0.06803938,0.07776563,0.08668817,0.09349779,0.097192034,0.097057305,0.09270045,0.08413634,0.07198916,0.058033265,0.046666503,0.046036117,0.059475686,0.08064305,0.10368467,0.12522052,0.1429999,0.15534139,0.161017,0.15929379,0.15005477,0.1340275,0.113292955,0.09255964,0.08130648,0.08993143,0.116087325,0.14969757,0.18343893,0.21277203,0.23458259,0.24665573,0.24755119,0.23660752,0.21397012,0.18060105,0.13825184,0.08939171,0.0370912,0.01517737,0.06359893,0.10446349,0.13422157,0.14980157,0.14884908,0.1300268,0.09372273,0.047655873,0.06070399,0.14162913,0.24013792,0.34711176,0.45711705,0.56507653,0.6661249,0.75580317,0.83030134,0.8866829,0.9230617,0.9387115,0.9340968,0.9108162,0.8714544,0.8193434,0.7582387,0.69192535,0.62378633,0.5563965,0.49124137,0.4286837,0.3682669,0.30937204,0.25221598,0.19937417,0.15835209,0.14300472,0.1611261,0.20104744,0.24743728,0.29096803,0.32644388,0.35095105,0.36317128,0.36317068,0.3523261,0.33325678,0.30967855,0.28605062,0.2667948,0.25497094,0.2509622,0.25238025,0.25551075,0.25710896,0.25551644,0.25105113,0.24591067,0.24355581,0.24736331,0.2588527,0.2767064,0.29738605,0.31655952,0.33023453,0.3353274,0.32987598,0.31309727,0.28539258,0.24836622,0.20497346,0.16011326,0.122382775,0.105743624,0.1179949,0.14685148,0.17781128,0.20333952,0.22003458,0.22662093,0.22321138,0.21103829,0.19236286,0.17048103,0.14972824,0.13503727,0.13010326,0.13468298,0.14465092,0.15502903,0.16205911,0.16350192,0.15833707,0.14644936,0.12839022,0.10519414,0.07824168,0.049253415,0.021517297,0.019488283,0.044917833,0.07073161,0.09414093,0.11458185,0.13196114,0.14640965,0.158152,0.16740286,0.17429362,0.17884211,0.18096977,0.18055837,0.17752962,0.17192893,0.16399732,0.15422037,0.14334303,0.13233423,0.12227141,0.11411293,0.10837883,0.10488748,0.10275781,0.100708365,0.09744506,0.091934964,0.08352502,0.07195859,0.05734388,0.040105086,0.020946205,0.0026033672,0.020240417,0.03981174,0.057588726,0.072625786,0.08415922,0.09163826,0.09478063,0.093642585,0.08872601,0.081173345,0.07311567,0.06802008
48,0.10088275,0.09377066,0.08574924,0.07717189,0.06868592,0.06139453,0.05688005,0.05666508,0.061081503,0.06887735,0.07810089,0.08692392,0.09386718,0.0977817,0.09782169,0.0934583,0.08454004,0.07143926,0.05548566,0.04057223,0.03689334,0.05123213,0.074570574,0.09968977,0.12314624,0.14272538,0.15673454,0.16388884,0.16335355,0.15484418,0.13878828,0.11665908,0.091896236,0.07250364,0.07240753,0.09479508,0.12743571,0.16090645,0.19008248,0.21171021,0.22354335,0.2241432,0.21286808,0.18989953,0.15625238,0.11374716,0.06493661,0.012995931,0.038526606,0.085710414,0.12473005,0.15195376,0.16422026,0.15905866,0.1348783,0.09112435,0.028630544,0.052715164,0.14770097,0.25405085,0.36728895,0.482564,0.5948277,0.69912946,0.7909213,0.8663449,0.9224812,0.9575414,0.97098494,0.9635495,0.9371844,0.894879,0.8403818,0.7778115,0.711172,0.643815,0.5779445,0.5143143,0.45227742,0.39025658,0.32654715,0.26032585,0.19308758,0.13242453,0.10360224,0.13377316,0.19517681,0.26114234,0.32126647,0.37039933,0.40550673,0.42503268,0.42879558,0.41798103,0.39511982,0.36401108,0.3295334,0.2971797,0.2720008,0.2568404,0.25085172,0.25001487,0.24949527,0.2458487,0.23810716,0.22809587,0.22022487,0.22019078,0.23199567,0.25513503,0.28503677,0.31571785,0.34173003,0.35885796,0.36424658,0.3563848,0.33507228,0.3014038,0.25783092,0.2084919,0.16037533,0.12613375,0.12240184,0.14849746,0.18632863,0.22294272,0.25224093,0.27153775,0.28004065,0.27829626,0.2679484,0.25158045,0.23253138,0.21454568,0.20104961,0.19401614,0.19304417,0.19560918,0.19835405,0.19830506,0.19343027,0.18270977,0.16601013,0.14392214,0.11763507,0.08894727,0.060808524,0.040224485,0.04147083,0.06104489,0.084525436,0.10673088,0.12613437,0.14228632,0.1551759,0.164994,0.17200072,0.17644268,0.17851329,0.17835489,0.17609589,0.17190833,0.1660677,0.15899582,0.1512676,0.14356394,0.13655785,0.13074224,0.12625131,0.12276451,0.119559854,0.11569464,0.110223226,0.1023714,0.091640584,0.07785406,0.061173216,0.0421401,0.022112692,0.011234983,0.028089667,0.04901691,0.06869469,0.08576674,0.09933318,0.10875308,0.11365695,0.11399646,0.11012041,0.10289977,0.09394163,0.08587742
49,0.11063228,0.102776386,0.09418493,0.08514242,0.076142386,0.068037346,0.062125262,0.059887026,0.0621247,0.06820388,0.07642624,0.08490684,0.09202014,0.09647245,0.097284175,0.093789995,0.085675165,0.07306751,0.056801382,0.0394947,0.030145373,0.041486874,0.06476767,0.09048237,0.11485522,0.13565052,0.1511619,0.16006227,0.16143768,0.1548714,0.14056171,0.11952699,0.09413919,0.0699035,0.059538506,0.0741001,0.10310055,0.1344104,0.16201626,0.18248467,0.19354726,0.19377494,0.18253772,0.16002439,0.12725227,0.08604462,0.03900233,0.011797271,0.06037541,0.1048426,0.14094593,0.16512598,0.17437166,0.16650328,0.1406233,0.098579995,0.056687146,0.0875391,0.17570084,0.28171384,0.3958737,0.51213336,0.62499994,0.72931415,0.82043415,0.89449036,0.9486274,0.98119575,0.9918704,0.981679,0.95292455,0.9089892,0.85400724,0.79239887,0.72827655,0.6647879,0.60354215,0.5443403,0.48539245,0.42400867,0.35752776,0.28419465,0.20392789,0.11995175,0.05555056,0.10000815,0.18651308,0.27201405,0.34846833,0.41143718,0.45786524,0.48595354,0.49524832,0.48671275,0.46273828,0.42708665,0.38474584,0.3416162,0.30378023,0.27598315,0.25953296,0.25135586,0.24575305,0.23742296,0.22354345,0.20476726,0.18596303,0.17634718,0.18549265,0.2148426,0.25690648,0.30236584,0.34376964,0.3757508,0.39465165,0.39830372,0.38594013,0.35816875,0.31700128,0.2660445,0.2112152,0.16289164,0.13884775,0.15266642,0.19201165,0.2377786,0.27941296,0.31200922,0.33348012,0.34346008,0.34286004,0.3336113,0.31842873,0.30050203,0.28303674,0.26861072,0.25848448,0.2522354,0.2480343,0.24342291,0.2361117,0.22447287,0.20771573,0.18587214,0.15971524,0.1307159,0.10119937,0.07510345,0.059641812,0.062177915,0.078258835,0.09849695,0.11798734,0.13482814,0.14838637,0.15861407,0.1657535,0.17017552,0.17227995,0.17244115,0.17099388,0.16825083,0.16453649,0.1602162,0.1556985,0.15139498,0.14763579,0.14456269,0.14204301,0.13965034,0.13672787,0.13251086,0.12626478,0.117404796,0.10558441,0.090762064,0.073280685,0.05408649,0.035714407,0.026583385,0.036781657,0.056180045,0.07657011,0.0951814,0.1106399,0.12207914,0.12898009,0.13116531,0.12884392,0.122696236,0.11401511,0.10490573
50,0.11898512,0.11044171,0.10140957,0.09210745,0.08286621,0.07426318,0.067241,0.06305118,0.06275961,0.06644692,0.07298287,0.08063817,0.08771405,0.09278633,0.094741456,0.09277748,0.08642448,0.07560112,0.06076191,0.04343846,0.02897432,0.031919613,0.05194542,0.07653196,0.10068721,0.12198256,0.13867305,0.14939871,0.15318301,0.14949867,0.13835646,0.12043296,0.09734809,0.07254944,0.054269135,0.0565527,0.078029156,0.104899146,0.12945117,0.14784026,0.15772858,0.15768793,0.14709145,0.12612,0.095794305,0.05811099,0.018653436,0.035824824,0.079325914,0.119296275,0.15132286,0.17205158,0.17890024,0.17049181,0.14773941,0.117456615,0.10383981,0.14171441,0.22166969,0.32232034,0.43266088,0.5455657,0.65507174,0.75583863,0.84319246,0.9133235,0.9635061,0.9922818,0.99957615,0.9867238,0.95638114,0.9123049,0.85897064,0.8010127,0.7425011,0.68615836,0.6327491,0.5809352,0.5277557,0.4695755,0.4031246,0.32629094,0.23853572,0.14097187,0.03629394,0.07231931,0.17956647,0.2810047,0.37185994,0.4478999,0.50576574,0.5432603,0.5595578,0.5553253,0.53275603,0.49551725,0.44860995,0.39809212,0.35050005,0.31162646,0.28448802,0.26754102,0.25523424,0.24090564,0.21957703,0.18947197,0.15337704,0.12238993,0.11989654,0.15710409,0.21593587,0.27961254,0.3387681,0.38747627,0.42165148,0.43864715,0.43719557,0.4174292,0.38093153,0.33087647,0.2724912,0.21449119,0.17230128,0.16641179,0.19889724,0.24955575,0.3018333,0.3473653,0.3821934,0.40475267,0.41507053,0.41437832,0.4048284,0.38919795,0.3705209,0.3516227,0.33459556,0.32035846,0.30851784,0.29764646,0.28585508,0.27138415,0.25301343,0.23025057,0.20336302,0.1733462,0.14193338,0.1118051,0.08721085,0.07431437,0.07693924,0.09047467,0.10761401,0.12403306,0.13786651,0.1485051,0.15597753,0.160644,0.16301833,0.16365375,0.1630733,0.16173778,0.16004147,0.15831895,0.15684447,0.15580885,0.15527503,0.15512867,0.15505077,0.15453249,0.15293452,0.14957601,0.14383228,0.13522589,0.12350605,0.10872458,0.09134162,0.07246604,0.05457733,0.043354303,0.046415836,0.0616368,0.08118281,0.100570396,0.11759872,0.1310022,0.14002351,0.14430828,0.14390595,0.1393218,0.13161391,0.12253409
51,0.1255024,0.11638504,0.10706808,0.097728,0.08855002,0.07984425,0.072174236,0.066421025,0.06361406,0.06439408,0.06844503,0.07453942,0.08109003,0.086596355,0.089815885,0.089803934,0.085932046,0.07792432,0.06594162,0.050832845,0.03518565,0.027557211,0.038419463,0.05912731,0.08153381,0.1023744,0.1197232,0.13215996,0.13864525,0.13854566,0.13169567,0.11847797,0.09995756,0.078229785,0.057568744,0.04707597,0.055097397,0.07396447,0.09360199,0.10898321,0.1174743,0.117596745,0.10874085,0.091175474,0.066327,0.03863705,0.030008247,0.05825245,0.09421918,0.12763163,0.15427591,0.17123118,0.17670102,0.17069823,0.15675353,0.14552659,0.15655322,0.20301501,0.27890375,0.37291414,0.4762646,0.5820758,0.68441963,0.77803975,0.8584094,0.9219149,0.9660631,0.9896608,0.9929305,0.97753525,0.9464837,0.90387917,0.8544715,0.80297965,0.75321865,0.70720875,0.66461116,0.6228282,0.5778101,0.5252287,0.46156684,0.38487455,0.29524705,0.1956027,0.09765621,0.08371189,0.18094024,0.28965673,0.3910739,0.47840387,0.54718137,0.59448093,0.6189239,0.62075686,0.6018795,0.56579363,0.517462,0.46303597,0.4093256,0.3627314,0.3273915,0.30315,0.28521827,0.26642987,0.24021298,0.2023186,0.15134548,0.089581564,0.039384503,0.08920074,0.17152375,0.25471076,0.33150896,0.39678895,0.44644246,0.47744375,0.48801306,0.47775558,0.44777167,0.40079555,0.34153047,0.27761865,0.22208281,0.19549528,0.21267664,0.26155838,0.32101855,0.37793025,0.42565033,0.46101335,0.4829541,0.4918946,0.48938122,0.47777462,0.45991343,0.43872228,0.41677183,0.39585367,0.3766922,0.35892504,0.34138614,0.32257986,0.30115765,0.27625912,0.24768248,0.21592581,0.18217435,0.14833121,0.11722855,0.09308878,0.081191875,0.08358533,0.09538558,0.11011636,0.12392145,0.13514921,0.1433499,0.14870672,0.15173216,0.15308245,0.15343189,0.15338874,0.1534452,0.15395409,0.15511936,0.15698923,0.15944694,0.16220473,0.1648119,0.16668585,0.16716604,0.1655845,0.16134283,0.1539884,0.14328676,0.12929557,0.11246229,0.09380777,0.075360306,0.061083183,0.05706168,0.065905124,0.08272045,0.101862274,0.119982734,0.13519268,0.14637654,0.15293656,0.15472601,0.15206352,0.14579658,0.13740326
52,0.12991294,0.12039609,0.11096775,0.101804666,0.09298953,0.08460401,0.07685442,0.07019085,0.06534024,0.06311957,0.06397302,0.06754453,0.072738715,0.07815739,0.08246945,0.08457705,0.08367145,0.0792645,0.07123692,0.059949894,0.046583507,0.03435473,0.031060124,0.04168305,0.059303336,0.07807482,0.09519914,0.10898821,0.11826799,0.12226251,0.120600365,0.11335267,0.10108506,0.08494991,0.066927895,0.050527263,0.04183523,0.045438457,0.05633546,0.067341805,0.07454434,0.07614383,0.07165667,0.061991755,0.050530944,0.045598418,0.056163505,0.078450024,0.1043791,0.12881842,0.14850537,0.16142371,0.16708237,0.16743109,0.16828728,0.17976801,0.21185689,0.26734456,0.34212112,0.42993343,0.52465224,0.6205969,0.7125151,0.7956522,0.8659198,0.92011195,0.9561225,0.97313035,0.9717219,0.9539206,0.9230853,0.88362306,0.8404537,0.79818726,0.7600961,0.7271802,0.6977824,0.66804194,0.633014,0.587955,0.52935976,0.45565376,0.36776066,0.27034843,0.1775351,0.13709168,0.19713359,0.30009735,0.40625393,0.5020057,0.580467,0.6374684,0.6708141,0.6801562,0.6669672,0.63447946,0.5875452,0.53236985,0.47599986,0.42531946,0.38530663,0.3569472,0.33640683,0.31670758,0.29068178,0.25311568,0.20160787,0.13711068,0.06895854,0.0674764,0.14881314,0.24075924,0.3291742,0.40747654,0.47064918,0.51484877,0.5375214,0.53756064,0.5154437,0.47337344,0.41554382,0.3488293,0.28451744,0.24094167,0.2386004,0.27813703,0.33956292,0.40493795,0.46407196,0.51168257,0.5453369,0.5644926,0.5699975,0.56373376,0.5482815,0.5265544,0.5014007,0.47519687,0.4495054,0.42489564,0.40100634,0.37684157,0.35119176,0.32303575,0.2918231,0.25761253,0.22110167,0.18361463,0.14714319,0.1145811,0.09018877,0.07899551,0.082017705,0.09349615,0.107063495,0.11926803,0.12879552,0.135454,0.1396298,0.14199597,0.14332843,0.14437507,0.14576153,0.14793007,0.15110892,0.15530615,0.16032015,0.16576116,0.17108288,0.17562531,0.17866918,0.1794995,0.17747425,0.17209357,0.16306743,0.15038374,0.1343894,0.115918815,0.096555926,0.079181716,0.06858954,0.06962199,0.08160986,0.09921349,0.11780487,0.13458487,0.14791511,0.15686801,0.1610535,0.16058052,0.15608642,0.1488088
53,0.13219862,0.12250783,0.113137916,0.10432532,0.09611945,0.0884416,0.08119869,0.07442414,0.06840358,0.063723154,0.06114062,0.06120694,0.06382568,0.06816861,0.07300986,0.07710918,0.07942276,0.07918302,0.07593407,0.069572665,0.06043576,0.049533024,0.039203703,0.034240663,0.039220143,0.05165775,0.06656493,0.080881804,0.09284464,0.101324275,0.10560928,0.10535195,0.10055878,0.09158633,0.07913227,0.06423285,0.04832209,0.03356769,0.02401593,0.024584513,0.032036602,0.040501837,0.048080195,0.055046488,0.062571265,0.07184678,0.083327636,0.096465446,0.11001376,0.12257005,0.13313895,0.14173776,0.15007867,0.16204579,0.18307313,0.21783672,0.26801705,0.33228025,0.40756464,0.49005294,0.57560927,0.65999615,0.7390629,0.80895936,0.866374,0.90877926,0.9346635,0.94372725,0.9370176,0.9169667,0.88728034,0.852601,0.81785554,0.7872668,0.7632084,0.7453584,0.73065037,0.71411735,0.6902075,0.65402365,0.602215,0.53356415,0.4495436,0.3555064,0.26459697,0.20868929,0.23065723,0.3147943,0.41817826,0.5183519,0.60449773,0.6705243,0.7130707,0.7309742,0.7251142,0.69831926,0.65522844,0.6020357,0.5459913,0.4944257,0.45304823,0.423825,0.4038562,0.38662618,0.364864,0.33304328,0.28881314,0.23424514,0.17929922,0.15088862,0.18076909,0.25360668,0.33985135,0.42361122,0.49596265,0.5509977,0.5847806,0.5951453,0.5817164,0.5460067,0.49162215,0.42476898,0.3554873,0.29982048,0.2788671,0.30343392,0.36068848,0.43034458,0.49834722,0.5567835,0.601533,0.6309011,0.64491737,0.6448968,0.6330772,0.6122577,0.58541507,0.5553079,0.5241123,0.49315742,0.46284205,0.4327677,0.40205145,0.36971197,0.33501107,0.29767925,0.25801322,0.21688208,0.17570755,0.13652565,0.1023261,0.07782146,0.068731286,0.07478439,0.087997235,0.10183395,0.11348151,0.12215572,0.12801966,0.1316973,0.13402134,0.13586825,0.13803229,0.14112678,0.14551622,0.15128526,0.15824439,0.16596398,0.17382549,0.18108106,0.1869177,0.19052468,0.19116212,0.18822894,0.18132818,0.17033009,0.1554392,0.1372846,0.117082976,0.096980974,0.08066886,0.073427364,0.078534886,0.09301348,0.111308254,0.12936586,0.14478993,0.15620992,0.16293833,0.1648482,0.16235895,0.15647963
54,0.13266243,0.12305301,0.11387778,0.105505556,0.09804738,0.09136011,0.08513389,0.07904333,0.07291725,0.066887155,0.06148348,0.05761184,0.056263093,0.057921875,0.06212852,0.06768944,0.07322024,0.07750198,0.079599224,0.078880735,0.07502704,0.06805612,0.058398806,0.04712245,0.036606584,0.031753324,0.036981378,0.049224917,0.063483335,0.07691229,0.08791071,0.0954521,0.09887375,0.09781902,0.09222219,0.08230247,0.06856514,0.051845454,0.03362004,0.018533533,0.02241595,0.040141013,0.059205215,0.07670209,0.09144671,0.10269905,0.11000575,0.11324701,0.112827495,0.11009104,0.10802139,0.11175885,0.12720084,0.15747713,0.20190266,0.25812426,0.32361478,0.39589673,0.47241026,0.5504198,0.6270169,0.6992047,0.7640416,0.8188274,0.86131555,0.8899368,0.9040169,0.90396965,0.89143604,0.8693253,0.84168184,0.8132707,0.7887794,0.7716756,0.76306117,0.76110685,0.7614478,0.75833017,0.74593043,0.7194125,0.67562807,0.6135885,0.5349545,0.44499663,0.3551125,0.2884447,0.279242,0.33602014,0.4282936,0.5277941,0.6187866,0.6925088,0.744014,0.77106124,0.77374405,0.75433207,0.7171255,0.6682117,0.61498183,0.5651643,0.52512586,0.49769095,0.48079523,0.4683963,0.45318383,0.4292422,0.3937217,0.347959,0.29906705,0.2624338,0.2595844,0.29971987,0.36903733,0.4483408,0.52368253,0.5858493,0.62876505,0.6487512,0.6442885,0.6159973,0.56676376,0.5021076,0.4310681,0.36781943,0.3320268,0.3397702,0.38742667,0.45645776,0.5298556,0.59684545,0.65133375,0.69028014,0.7127659,0.7194393,0.7121048,0.69334465,0.66613567,0.6334557,0.59790707,0.5614061,0.52500707,0.488911,0.4526644,0.41548502,0.37661177,0.33558586,0.29241505,0.24762365,0.20222805,0.15770687,0.116104834,0.08064381,0.057556562,0.05481381,0.06762036,0.084113464,0.09879565,0.11014526,0.11811579,0.1232833,0.1265194,0.12881552,0.1311511,0.13437307,0.13908441,0.14556138,0.15372261,0.1631568,0.1731922,0.18298285,0.19159472,0.19808641,0.20158407,0.20135136,0.19685435,0.18782122,0.17429957,0.15672192,0.13600846,0.113779195,0.09282182,0.07780941,0.0744401,0.083895035,0.10095051,0.11995959,0.1374124,0.15134242,0.16070724,0.1651226,0.16478378,0.16047576
55,0.13196002,0.12268471,0.11377461,0.1058094,0.09907769,0.093493976,0.08863083,0.08387353,0.07863439,0.07255502,0.06567389,0.058583632,0.052576773,0.04954269,0.051032256,0.056873538,0.06529768,0.07422931,0.0819702,0.087261446,0.08921271,0.08725722,0.08113894,0.07091925,0.057009596,0.040316056,0.023197947,0.016909476,0.0317037,0.05124343,0.06979798,0.085488,0.09712414,0.10388136,0.10529969,0.1013551,0.092586644,0.08035317,0.06740666,0.058786515,0.060510475,0.07305427,0.09102689,0.109286346,0.12439626,0.13400035,0.13644613,0.13073027,0.1167138,0.09594512,0.0747742,0.07189901,0.10357772,0.15848087,0.22550108,0.29954028,0.37743357,0.45654765,0.5344136,0.60864776,0.6769685,0.7372549,0.78763336,0.8265864,0.8530834,0.8667274,0.8679137,0.8579811,0.83932626,0.81541896,0.7906126,0.7696124,0.7565218,0.7536372,0.76051223,0.77385795,0.7883529,0.79788285,0.79667383,0.78009534,0.745179,0.69099736,0.6190833,0.5341736,0.44584244,0.37169152,0.3385399,0.36518395,0.4385934,0.5314442,0.6235663,0.70292616,0.7625295,0.7987566,0.810702,0.79990745,0.7701934,0.727424,0.6790369,0.6330789,0.5964861,0.57282895,0.5607699,0.5546843,0.5471943,0.531886,0.5051044,0.4669787,0.42229408,0.3814621,0.35997987,0.3715612,0.41670048,0.48274255,0.55429775,0.619055,0.6683608,0.69662136,0.7008796,0.6806506,0.63794714,0.5775251,0.5075117,0.44055763,0.39442807,0.38681766,0.42165688,0.48538923,0.5601758,0.6327516,0.6949399,0.7422081,0.77257335,0.7859232,0.78353894,0.76768893,0.7412335,0.7072282,0.6685379,0.6275013,0.58569705,0.5438667,0.50201565,0.4596638,0.41616815,0.37102404,0.32407716,0.2756213,0.22639632,0.17752764,0.1304798,0.08721459,0.051463142,0.034869943,0.04711063,0.0677734,0.086255856,0.10058873,0.110747226,0.11734477,0.121300094,0.12369387,0.12566563,0.12830234,0.1325,0.13881691,0.14737189,0.15783523,0.16950873,0.18144813,0.19258481,0.20182893,0.20815514,0.21067654,0.2087097,0.20183232,0.18993424,0.17326704,0.15250869,0.12888809,0.104487695,0.08296862,0.07048179,0.07276328,0.08738007,0.10700255,0.12643325,0.14289293,0.15493104,0.1618991,0.16377227,0.16111772
56,0.13105822,0.12232482,0.11366073,0.10592642,0.09971055,0.09512658,0.09174181,0.088717416,0.08508886,0.08004298,0.07311995,0.06437457,0.054609768,0.04584448,0.041733995,0.045531303,0.056041628,0.06949908,0.08288945,0.09421698,0.10209831,0.10556056,0.10398161,0.09708392,0.08494152,0.06798499,0.04701345,0.02337704,0.008142138,0.031015044,0.055859208,0.07830638,0.09683035,0.110303275,0.11801514,0.1198031,0.11623366,0.10886454,0.10057822,0.095620416,0.098145075,0.10912833,0.12555708,0.14292045,0.15711384,0.16484956,0.16359916,0.1515371,0.12755091,0.09135363,0.044420954,0.027446462,0.092697375,0.17046107,0.25436744,0.34134957,0.42846876,0.5128449,0.59175754,0.6627611,0.7237899,0.7732436,0.81005573,0.83374864,0.8444842,0.84311885,0.83126765,0.8113714,0.7867328,0.7614465,0.74008816,0.7270262,0.7253677,0.7358978,0.75660247,0.783085,0.80958736,0.8300783,0.83908606,0.8322533,0.80671805,0.7614357,0.6975529,0.61899734,0.5335851,0.45498478,0.4041903,0.40237242,0.45128337,0.5311298,0.6198201,0.7019722,0.7681265,0.8129611,0.83434033,0.8328999,0.81183034,0.77663946,0.7346913,0.69423884,0.66267633,0.6442072,0.63812816,0.6391929,0.6399607,0.6335135,0.6153439,0.58438224,0.54362303,0.50062555,0.4673585,0.45727298,0.47798395,0.52544165,0.58725697,0.64988786,0.70238334,0.7370672,0.74932635,0.7373847,0.702235,0.64777017,0.5812089,0.5138821,0.46170068,0.44203058,0.4634791,0.518465,0.5907104,0.6655168,0.73283726,0.7866225,0.8237594,0.8433041,0.84594005,0.833535,0.80872893,0.77452874,0.7339162,0.6894968,0.6432331,0.596311,0.54916716,0.50166905,0.45339155,0.40391,0.3530353,0.3009484,0.24822982,0.19580539,0.1448455,0.09667387,0.052884065,0.018537967,0.028500693,0.055010844,0.07722791,0.0941403,0.106076725,0.11376156,0.1181527,0.120370165,0.12164131,0.12322665,0.12629028,0.13170765,0.13987337,0.15061434,0.16325411,0.17677216,0.18997249,0.2016187,0.21053465,0.21568325,0.21623236,0.21161103,0.20155697,0.18615654,0.16588564,0.14167596,0.11508151,0.08876914,0.06784783,0.060872745,0.07140708,0.09131244,0.11271482,0.13169907,0.14637624,0.1558556,0.15991406,0.15891518
57,0.13107044,0.12299474,0.114468835,0.10667252,0.10059287,0.09668298,0.094628096,0.09343053,0.09177535,0.088426284,0.0824871,0.07354588,0.061818033,0.048521753,0.037119184,0.035042293,0.045959685,0.063528724,0.08227331,0.09933973,0.11294089,0.12180249,0.12504108,0.12216461,0.113107935,0.09828936,0.07873591,0.056542393,0.037117355,0.034992132,0.053398997,0.07720823,0.09952576,0.1176598,0.13024715,0.13678935,0.13769174,0.1344404,0.12976521,0.12742968,0.13098747,0.14166117,0.15744238,0.17439118,0.18827887,0.19538464,0.19273354,0.17818873,0.15058571,0.11017173,0.061587323,0.047845986,0.11185838,0.19661686,0.28864062,0.38306707,0.47595552,0.56368536,0.64299977,0.71114624,0.7660163,0.80625594,0.8313379,0.84159523,0.83822155,0.8232515,0.7995272,0.7706507,0.74088305,0.7149053,0.6973102,0.6917615,0.70001334,0.7212753,0.7523272,0.7882806,0.82352287,0.8524839,0.87015676,0.8724577,0.8565238,0.82101506,0.766475,0.69583356,0.6152131,0.53523177,0.472325,0.4463271,0.46824676,0.52919984,0.609237,0.69053495,0.7609619,0.8131815,0.8435842,0.8517124,0.83996844,0.8133578,0.7790277,0.745296,0.71988004,0.7074998,0.7080135,0.716548,0.7256532,0.72798103,0.7182467,0.6943068,0.6577236,0.6141058,0.573081,0.54689425,0.54604393,0.57313716,0.6210048,0.6772502,0.7296189,0.76854205,0.7876798,0.78384453,0.7568933,0.70976317,0.64872956,0.5839035,0.5294835,0.5016509,0.5112299,0.55581176,0.6223113,0.69602746,0.7656302,0.8237211,0.8660811,0.8909119,0.89825195,0.8895017,0.8669932,0.8335753,0.7922164,0.7456454,0.6960675,0.6449969,0.5932333,0.540985,0.48809612,0.4343143,0.3795259,0.32391086,0.2679998,0.21264262,0.15891573,0.107997194,0.061045703,0.019243915,0.018097691,0.048200328,0.07237794,0.09066316,0.10354822,0.11177895,0.116294265,0.11818706,0.11867934,0.11908924,0.12074272,0.12478376,0.13191244,0.14218988,0.1550396,0.1694207,0.18404564,0.1975555,0.20864086,0.21612789,0.21904601,0.2166842,0.20863703,0.19483982,0.17559583,0.15160657,0.124043725,0.09479516,0.06739281,0.04998622,0.05398014,0.07385654,0.097301185,0.11875797,0.13593747,0.1477757,0.15389623,0.15448338
58,0.1329476,0.1255203,0.116975516,0.10879598,0.10239945,0.098679245,0.097562216,0.0979733,0.09828148,0.09685357,0.09240783,0.08416476,0.07192095,0.05621027,0.039054196,0.02770099,0.035678767,0.056591082,0.0801047,0.10231932,0.12113707,0.13505653,0.14298427,0.14424689,0.13865134,0.12657109,0.10909576,0.08839701,0.068759784,0.05838992,0.06500825,0.08394511,0.106146105,0.1263452,0.1419257,0.15175544,0.15589072,0.15560676,0.1534513,0.15295823,0.15753147,0.16864371,0.18485232,0.20259894,0.21767241,0.22618338,0.22502902,0.21220137,0.18727349,0.1527399,0.118703336,0.1131652,0.15859467,0.23635875,0.32803273,0.4243769,0.51938915,0.6082833,0.6870623,0.75252223,0.8023604,0.83528787,0.8511055,0.85073036,0.83617,0.810449,0.77748847,0.7419254,0.7088241,0.68319565,0.6692682,0.6696207,0.6845495,0.71205014,0.7484027,0.78896314,0.8287994,0.8630913,0.8873886,0.8978408,0.89145905,0.866433,0.8225115,0.76147693,0.68779296,0.6095394,0.5394992,0.49476653,0.4904594,0.5281386,0.59406537,0.67013633,0.7418207,0.79954207,0.8379712,0.8553597,0.85315394,0.8356973,0.8097571,0.7835499,0.76495975,0.75910276,0.76634336,0.7822082,0.7993317,0.81006175,0.8084676,0.7914861,0.75949687,0.71661776,0.6707367,0.6327822,0.6141045,0.6215358,0.6532406,0.69975877,0.7488894,0.7897178,0.8143004,0.8180136,0.7995152,0.760719,0.7069156,0.6470373,0.5936905,0.5615427,0.5619933,0.59627956,0.6550152,0.724797,0.7938607,0.8538395,0.89955723,0.92840755,0.93978053,0.9345726,0.9147433,0.882894,0.84186757,0.7943873,0.7427663,0.6887225,0.6333247,0.5770737,0.5200871,0.46233398,0.40385523,0.34492248,0.2861116,0.22829627,0.17258793,0.12027535,0.072932504,0.034027122,0.024719246,0.04809878,0.07121958,0.089312226,0.102177165,0.11036542,0.114719845,0.11625254,0.11610459,0.115534365,0.11587984,0.11842071,0.12411094,0.1332922,0.14558579,0.16002572,0.17530407,0.18998845,0.2026704,0.21206379,0.21707748,0.21687378,0.21091536,0.19899945,0.18127862,0.15827185,0.1308809,0.100468084,0.0692486,0.042473786,0.036215987,0.05574045,0.08139345,0.105158,0.12454738,0.13845257,0.14640692,0.14844736
59,0.1371135,0.13021003,0.12151405,0.11273259,0.1056522,0.1016177,0.100890234,0.10242573,0.10435119,0.10468452,0.1018051,0.09463304,0.08267306,0.06606179,0.045854848,0.026212385,0.026018046,0.048998408,0.07643754,0.102958456,0.12623581,0.14460193,0.1567957,0.16198969,0.15987088,0.15074475,0.13568597,0.11682123,0.097905084,0.08500997,0.08469542,0.0973273,0.116629764,0.13642626,0.15293543,0.16428076,0.17008057,0.17136551,0.17056914,0.17121619,0.17683432,0.18918478,0.20715867,0.22737646,0.24561799,0.2579188,0.26118508,0.25365484,0.2355625,0.2105063,0.1882104,0.18650945,0.22056232,0.2867061,0.3718334,0.46505854,0.5585281,0.6461953,0.7232368,0.78592694,0.831691,0.85919994,0.8684419,0.86074233,0.8387171,0.80615014,0.767781,0.72896683,0.69516444,0.6711984,0.66041815,0.66406584,0.68122387,0.7093631,0.74509597,0.78472114,0.8244524,0.8604679,0.8889549,0.9062529,0.90912086,0.8951055,0.8629815,0.81324965,0.7487197,0.67524344,0.6025881,0.5448057,0.5176017,0.5300079,0.5768347,0.64280444,0.7120509,0.77275854,0.8176593,0.8435048,0.8506041,0.8424647,0.8252929,0.8070174,0.7955176,0.7961832,0.809844,0.8324782,0.8569289,0.8753973,0.88146824,0.87132096,0.8443458,0.80344224,0.75508946,0.70894873,0.6762541,0.66618097,0.6812884,0.7158897,0.7591355,0.79956275,0.8279456,0.8383164,0.8281379,0.79827285,0.7529992,0.700086,0.6506314,0.6176825,0.6122395,0.63768506,0.6879713,0.75179875,0.81784827,0.87732744,0.92438096,0.9557274,0.9701613,0.9680782,0.95103145,0.9213105,0.88154244,0.8343344,0.78198403,0.7262898,0.66848195,0.6092768,0.54902875,0.48793343,0.42622602,0.36433128,0.30294177,0.24302863,0.18581381,0.13278021,0.08597204,0.049854975,0.03777918,0.05256819,0.072406806,0.089011535,0.10102125,0.10864606,0.112594016,0.11378091,0.113233864,0.11207259,0.111508384,0.11278093,0.11695762,0.12462985,0.13569471,0.14938226,0.16447222,0.17953677,0.19312118,0.20386304,0.2105759,0.21231358,0.20842086,0.19856952,0.18277857,0.16141775,0.13519844,0.10516652,0.07276633,0.040468972,0.019803148,0.038292233,0.06633466,0.09198309,0.113063574,0.12857975,0.13803335,0.14134338
60,0.14324793,0.1366927,0.1278171,0.11843009,0.11054215,0.10584566,0.10494962,0.10695869,0.109891005,0.11151371,0.10993433,0.10382835,0.092480354,0.07578552,0.054336395,0.030257545,0.018256811,0.041094035,0.0714025,0.101184964,0.12795192,0.14992666,0.16572875,0.17441581,0.175581,0.1694688,0.15712231,0.14060552,0.12334218,0.11032543,0.106856346,0.1146548,0.13006487,0.14761232,0.16307026,0.17402086,0.17971146,0.18099895,0.18034837,0.18152085,0.18840712,0.20306659,0.22446927,0.24913415,0.272691,0.2910715,0.30117527,0.30135906,0.2920539,0.2767425,0.263263,0.2638792,0.29009244,0.3441369,0.41896608,0.50491637,0.5933756,0.6773288,0.75119084,0.810717,0.85303503,0.8767236,0.8818741,0.8700977,0.8444497,0.80924493,0.76972574,0.7315309,0.6999347,0.678946,0.6705759,0.6746921,0.6895859,0.712873,0.74217194,0.77529305,0.8100396,0.84389466,0.8738355,0.8963956,0.90797013,0.9052896,0.88597476,0.8491132,0.79584455,0.7299896,0.65875584,0.5933123,0.5480421,0.535858,0.5599373,0.61086655,0.6734506,0.7340747,0.7834006,0.8164635,0.8322358,0.8331992,0.824804,0.81449175,0.8099575,0.8167438,0.8361178,0.86457956,0.8953248,0.92058444,0.93363565,0.9300659,0.90844023,0.8706248,0.82188916,0.77068883,0.727653,0.70300776,0.70247346,0.72415704,0.75951254,0.79741544,0.8278464,0.843707,0.8413457,0.82059616,0.78472227,0.74034375,0.697109,0.66642624,0.6583498,0.6772286,0.719571,0.77641934,0.83758724,0.8944465,0.9408398,0.97302777,0.9893255,0.98967844,0.9752376,0.9479474,0.9101556,0.8642647,0.8124509,0.75647837,0.6976278,0.63673687,0.57433045,0.51079744,0.44656634,0.3822394,0.31866613,0.2569603,0.19849204,0.14493914,0.098643504,0.06407815,0.050263457,0.05872548,0.07461775,0.08900452,0.09958379,0.10623017,0.10953767,0.11035574,0.10961418,0.10827179,0.10732729,0.10782262,0.11074942,0.116819896,0.1262065,0.13843785,0.15251154,0.1671129,0.18081766,0.19223905,0.20013086,0.2034636,0.20148236,0.19374791,0.1801601,0.1609621,0.13672554,0.10831807,0.0768591,0.0436908,0.010984857,0.023596844,0.053576417,0.080173336,0.10214099,0.11864698,0.1291737,0.13353652
61,0.15035804,0.14401421,0.1350857,0.12534764,0.116848536,0.111431845,0.10995981,0.11176509,0.11493386,0.1171437,0.1163388,0.111019604,0.1003047,0.08392203,0.062222444,0.03647801,0.01447073,0.033245716,0.06520615,0.097052865,0.12616967,0.15073176,0.16929884,0.18086787,0.18498203,0.18185353,0.17250288,0.15892853,0.14428028,0.13277788,0.128611,0.13347094,0.14514826,0.1593242,0.17202458,0.1806868,0.1844008,0.1840268,0.18230022,0.18354386,0.19226219,0.2107078,0.23750181,0.26866367,0.29947993,0.3257161,0.34420905,0.3532764,0.35319453,0.3468261,0.34023216,0.34242165,0.36261755,0.40534568,0.46807402,0.5437191,0.6241399,0.70193017,0.77096933,0.826577,0.865606,0.8865289,0.8894933,0.87631035,0.85033643,0.81620175,0.7793254,0.74516845,0.7182699,0.70132935,0.69479483,0.69727755,0.706597,0.7208498,0.73897666,0.7606653,0.7857543,0.8134781,0.84192085,0.8679195,0.88742775,0.89617866,0.8904454,0.8677658,0.8275827,0.7718255,0.70548546,0.6371682,0.5791559,0.5453454,0.5451228,0.5766617,0.6281099,0.6851634,0.73648113,0.77517533,0.7986601,0.808185,0.80824023,0.80557704,0.8075283,0.81967646,0.8437092,0.87673116,0.9124446,0.9432946,0.9624334,0.96502185,0.94894886,0.9151882,0.8679326,0.81448126,0.76459086,0.72867495,0.71444494,0.7232981,0.7494893,0.7830517,0.81376964,0.8337384,0.838353,0.8264936,0.8004446,0.76570255,0.7305155,0.70467013,0.6969792,0.71192575,0.7477165,0.7975412,0.85272485,0.9053135,0.9492591,0.9806433,0.99747705,0.9993566,0.98707664,0.9622401,0.92688364,0.88314384,0.83299094,0.7780556,0.7195631,0.658372,0.5950925,0.5302452,0.4644162,0.39837396,0.3331324,0.2699652,0.21040486,0.15630637,0.110179245,0.07621782,0.060961165,0.06498856,0.0772385,0.08920583,0.09804626,0.10339235,0.1057865,0.106081136,0.10517552,0.10390819,0.10305112,0.103354655,0.1055611,0.11030758,0.117924236,0.12825267,0.1406153,0.15393811,0.1669337,0.17826799,0.1866887,0.19112048,0.19073506,0.18500102,0.17371352,0.15700434,0.13533269,0.10945926,0.08041145,0.049478013,0.01873994,0.016531723,0.04447342,0.07033631,0.09211843,0.108871415,0.11999006,0.12517935
62,0.15706192,0.1509021,0.1422154,0.13261372,0.12399527,0.1181208,0.115925126,0.116968416,0.11957341,0.12153535,0.120794185,0.11577707,0.10550016,0.08957359,0.06819455,0.042256888,0.01551479,0.025831526,0.058117617,0.09072956,0.12093342,0.1469258,0.16727927,0.18099871,0.18763605,0.18741333,0.18134597,0.17135334,0.16028532,0.15162785,0.14849104,0.1520058,0.1605523,0.17080583,0.17941077,0.1840453,0.18393086,0.18020031,0.1762251,0.17737013,0.1890162,0.21321456,0.24750224,0.28694665,0.32638073,0.3614238,0.38885945,0.4069087,0.41557133,0.41703224,0.4159749,0.41933456,0.4347154,0.4673619,0.5176233,0.58115804,0.65117586,0.7205499,0.7829845,0.8335361,0.86885965,0.8873456,0.88918275,0.8763253,0.85231847,0.82191694,0.79042405,0.7627396,0.7422816,0.7302073,0.72541165,0.72540677,0.72764456,0.73066014,0.7346236,0.7411625,0.75250787,0.77022934,0.7940746,0.821475,0.84792393,0.86795515,0.8762692,0.86870784,0.8429934,0.7992853,0.7406422,0.6734632,0.6077973,0.5567469,0.5330455,0.5421943,0.57821524,0.6279984,0.67863095,0.7211429,0.75114423,0.76842934,0.7763223,0.7806897,0.78833795,0.80478966,0.83214736,0.8682088,0.90733755,0.9423757,0.96653,0.9746955,0.9642228,0.93531317,0.8911814,0.8380106,0.78452945,0.74076176,0.71542525,0.7124447,0.7289414,0.7567406,0.78606236,0.8086097,0.81906074,0.8154741,0.7992276,0.7747433,0.7489219,0.7299645,0.7252908,0.7389666,0.77014166,0.8137245,0.8626239,0.9098994,0.9499809,0.97907037,0.9950911,0.99743533,0.98663104,0.9639828,0.93122065,0.89018655,0.84258807,0.7898431,0.73302877,0.67292696,0.6101408,0.54524344,0.47891808,0.41205993,0.34582698,0.2816476,0.22121824,0.16656618,0.12033623,0.08649693,0.07016406,0.07121789,0.08056438,0.09029827,0.097317584,0.10110886,0.102230854,0.10163063,0.10029248,0.099046305,0.09850511,0.099115476,0.101257265,0.10529201,0.111493245,0.11989113,0.13014284,0.1415175,0.1529923,0.16339803,0.17156154,0.17642231,0.17712088,0.17306179,0.1639535,0.14982793,0.13104223,0.10827081,0.08251208,0.05522511,0.029503074,0.020568999,0.039617293,0.062562354,0.08296987,0.09919711,0.11042568,0.11623199
63,0.16189927,0.15603735,0.14803967,0.13923462,0.13119632,0.12538175,0.12259229,0.12253875,0.12388449,0.12474659,0.12325666,0.11791044,0.107711926,0.09220865,0.07149103,0.046235744,0.018591005,0.019203028,0.050441362,0.08246987,0.11242488,0.13860723,0.1596886,0.17476378,0.18346365,0.18606842,0.18360023,0.17785698,0.1712928,0.16657276,0.16569546,0.16903347,0.17508823,0.18123081,0.18479331,0.183932,0.17826116,0.16950703,0.16222422,0.16359545,0.18006636,0.21244128,0.25611177,0.30494288,0.35345587,0.39728925,0.4332747,0.45958287,0.47597045,0.48406145,0.48752683,0.49188194,0.5034804,0.5275399,0.5660167,0.6168329,0.6749167,0.73398495,0.7879912,0.8319856,0.8625685,0.878123,0.8789059,0.8669979,0.8460634,0.82084125,0.7963017,0.77652425,0.76360637,0.75713,0.7545614,0.7524427,0.7478226,0.7394137,0.7282177,0.7174976,0.7119594,0.71609807,0.73214954,0.7587093,0.7908923,0.8217919,0.84425473,0.8522666,0.8418254,0.8114562,0.76254857,0.6996486,0.6307531,0.56735164,0.5230573,0.5087881,0.5258319,0.5647069,0.61191005,0.6563434,0.6915428,0.7156073,0.73049724,0.74102384,0.75332916,0.77279764,0.8019503,0.8393659,0.8802162,0.9179112,0.94588,0.95890236,0.95391923,0.93046606,0.89086396,0.84021896,0.78614265,0.7378835,0.7043866,0.69126576,0.69823194,0.71928656,0.7456784,0.76919067,0.7840877,0.7877919,0.7808885,0.7668011,0.75114787,0.74059564,0.74110556,0.75597835,0.78471416,0.82344025,0.8664932,0.9080843,0.9433833,0.96898067,0.9829389,0.98462164,0.9744167,0.9534136,0.9230803,0.88497263,0.8405113,0.79085,0.7368445,0.67911375,0.6181635,0.5545336,0.48893052,0.4223186,0.35596076,0.29141957,0.23055312,0.1755758,0.12930961,0.09566182,0.07891213,0.07828274,0.08562307,0.09353988,0.09882567,0.10086959,0.100276284,0.098163664,0.09574769,0.0940414,0.09366743,0.094845,0.09754491,0.101688914,0.107250445,0.11420926,0.12241983,0.13149591,0.14078063,0.14940672,0.15640771,0.1608385,0.1618804,0.15892154,0.15161216,0.13989736,0.12403298,0.104596324,0.08252577,0.059321705,0.038082868,0.02793446,0.038071323,0.056384902,0.07436783,0.089379124,0.10029294,0.10654895
64,0.16355813,0.15824886,0.15151021,0.14426728,0.13761142,0.13251582,0.12947695,0.12824793,0.12785113,0.12686823,0.1238148,0.11742746,0.10682308,0.091565676,0.07168584,0.047705326,0.021043507,0.0136010405,0.042481646,0.07258259,0.10093064,0.12603469,0.14676744,0.16240849,0.17274547,0.1781613,0.17967175,0.17885828,0.17761283,0.17763606,0.1797952,0.18368903,0.18774451,0.18978359,0.1877318,0.1802757,0.16755469,0.15218028,0.14071763,0.14354078,0.16787754,0.21097486,0.26513118,0.32338315,0.3803852,0.43205243,0.4754075,0.5086675,0.5314457,0.5449644,0.55216557,0.5575365,0.5664055,0.58358204,0.61171365,0.65026915,0.69580454,0.7431981,0.78704244,0.82269174,0.8469067,0.85820544,0.8570042,0.84555906,0.8276552,0.80795705,0.7909781,0.7798288,0.77519923,0.7751364,0.77580607,0.7728713,0.7629121,0.74452966,0.7190452,0.6907493,0.6664668,0.6539537,0.6589549,0.68220496,0.7187042,0.7597978,0.79610246,0.81957495,0.8245252,0.80802155,0.77005684,0.71366656,0.6451003,0.57403624,0.5133651,0.47684234,0.47268978,0.49741516,0.538579,0.5831209,0.6222059,0.6519785,0.67286044,0.68847924,0.7042169,0.72526777,0.75458384,0.79160583,0.83244336,0.8712239,0.90174615,0.91880804,0.9190578,0.9014641,0.8675334,0.8213402,0.76933795,0.7197503,0.6811608,0.6600715,0.65827394,0.6720577,0.6941894,0.7170256,0.73477453,0.74445754,0.7460215,0.74199694,0.73680276,0.735637,0.742993,0.76119983,0.7896778,0.825303,0.86355525,0.899755,0.92993397,0.95126206,0.96213937,0.96208096,0.9514851,0.9313449,0.9029505,0.86762166,0.8265077,0.7804802,0.730128,0.67583984,0.61794454,0.5568659,0.49325618,0.42808306,0.36266562,0.29867268,0.23812129,0.18344216,0.13770704,0.104900226,0.08868477,0.08751291,0.09366915,0.100223415,0.103949696,0.10413648,0.10139485,0.097014524,0.092554905,0.08945868,0.08865492,0.090327546,0.09404672,0.099157386,0.10511108,0.11157519,0.11836267,0.1252913,0.13206266,0.13820972,0.14311984,0.14610994,0.14652193,0.1438132,0.13762899,0.12785326,0.11464183,0.09845053,0.08009147,0.060923893,0.04355791,0.033755504,0.037844885,0.050997302,0.06585994,0.07913893,0.089419186,0.09602263
65,0.16100782,0.15663035,0.1518091,0.14693381,0.14246668,0.13877207,0.13594054,0.13367909,0.13132368,0.12796803,0.12264679,0.11450657,0.102930404,0.08761248,0.068594426,0.046288252,0.02166361,0.009010635,0.034521427,0.061402813,0.08680707,0.10958979,0.1289481,0.1444561,0.1561369,0.16449581,0.17046897,0.17524117,0.17991488,0.18509965,0.19059613,0.19534718,0.1976799,0.19571605,0.18782778,0.1731339,0.1522276,0.12872021,0.11249434,0.11980321,0.15633613,0.21187724,0.276177,0.34261307,0.40650767,0.4642694,0.5132309,0.55175614,0.57942873,0.5972222,0.6075613,0.6141528,0.6214394,0.63360703,0.65335333,0.6809646,0.71423215,0.74922144,0.7814212,0.80679464,0.82253206,0.8275055,0.8224686,0.8099979,0.79410636,0.779429,0.76998633,0.7678244,0.7721509,0.77948993,0.784788,0.7828975,0.7699022,0.74409676,0.70667857,0.6622399,0.61891794,0.58749306,0.5781793,0.59536326,0.6345443,0.68490803,0.7343124,0.7725023,0.79220545,0.789276,0.76260734,0.71405643,0.6484616,0.5738116,0.50149643,0.4457999,0.4200155,0.4281049,0.46096608,0.5040706,0.5458753,0.5802859,0.6060531,0.62555945,0.6433888,0.66452736,0.6923764,0.7273052,0.76646626,0.8048232,0.83666086,0.856905,0.8620121,0.8504765,0.8230702,0.78289485,0.73524624,0.6871784,0.6464921,0.61987793,0.6105706,0.61700124,0.63378435,0.6543238,0.6731689,0.6872222,0.69598633,0.7012355,0.70629215,0.71496683,0.73031336,0.7535826,0.78382295,0.818269,0.85321563,0.88492227,0.9102651,0.92707574,0.93422556,0.9315328,0.9195576,0.8993367,0.8721031,0.8390336,0.8010665,0.75881624,0.71259403,0.66251916,0.60868293,0.5513217,0.4909603,0.42850387,0.3652756,0.3030196,0.24390778,0.1906146,0.14650683,0.11564149,0.10096019,0.100037426,0.105510585,0.11098401,0.113287725,0.11158716,0.10641199,0.09912327,0.091601305,0.08590126,0.08366156,0.085401386,0.09037005,0.097186744,0.10457672,0.11168779,0.11807181,0.123541504,0.1280154,0.13139628,0.13350266,0.13405748,0.13272393,0.1291694,0.12313704,0.1145105,0.1033667,0.09002238,0.075098656,0.05967291,0.04569864,0.03682071,0.03721239,0.045636453,0.05710902,0.0683645,0.07783653,0.08477533
66,0.15356769,0.1506062,0.14841588,0.14669114,0.14513457,0.14344318,0.14128502,0.13828304,0.1340183,0.12805557,0.119986795,0.10948294,0.096344344,0.080541484,0.062241085,0.041819926,0.019920476,0.005097184,0.026883109,0.049303077,0.07045684,0.089737065,0.10682561,0.12171884,0.13473323,0.14643686,0.15748434,0.16837193,0.17918451,0.1894342,0.19805586,0.20354934,0.20420936,0.19838762,0.18477298,0.16274457,0.13305317,0.09996173,0.07893386,0.09768548,0.1506946,0.21800937,0.29030642,0.362527,0.4309285,0.4924924,0.5449283,0.58683234,0.6178659,0.63888454,0.65195036,0.66014516,0.6671031,0.67624557,0.68987215,0.70845675,0.73050517,0.75305176,0.77254575,0.7857808,0.79064995,0.7866563,0.7751634,0.759339,0.7436743,0.73295003,0.7307221,0.73785347,0.75191045,0.7678181,0.77933145,0.780564,0.76714706,0.737012,0.69097316,0.6333053,0.57239866,0.5210363,0.49427688,0.5022411,0.542231,0.6007252,0.6620436,0.71354246,0.7465777,0.75611156,0.7402649,0.7000364,0.6391753,0.5642333,0.4848837,0.4143746,0.36845824,0.35850108,0.38134286,0.4219342,0.46558967,0.50365245,0.5331461,0.5552465,0.57377756,0.5935359,0.61839265,0.6496927,0.6857031,0.7223018,0.7543356,0.7769343,0.78644377,0.78096867,0.76063263,0.72764057,0.6861733,0.64205754,0.60203874,0.5724307,0.5572342,0.55665106,0.5672705,0.5839515,0.6020056,0.61854666,0.632872,0.6461697,0.66079,0.6792497,0.70321834,0.7328315,0.7665859,0.80177873,0.8352075,0.8638333,0.88524693,0.8979101,0.90120596,0.8953451,0.8811703,0.85989994,0.8328518,0.80119264,0.76575905,0.7269833,0.68493575,0.63946426,0.5903904,0.5377102,0.48175898,0.42331776,0.3636622,0.30457616,0.24837035,0.1979548,0.15693122,0.12919706,0.116700634,0.116261356,0.12109106,0.12545842,0.12632157,0.12271582,0.11501151,0.10449919,0.09320958,0.08376969,0.078868516,0.07994495,0.08615631,0.09520801,0.10487774,0.11365904,0.12072523,0.12573189,0.1286372,0.12956159,0.1286815,0.12615544,0.122084856,0.11650939,0.10943195,0.10086392,0.09088043,0.07968073,0.06766149,0.055536445,0.044576216,0.036963172,0.035317123,0.039937146,0.04815746,0.05735901,0.06603456,0.07341815
67,0.14093722,0.13997133,0.14115207,0.14327428,0.14518344,0.14593482,0.14484103,0.14145923,0.13555704,0.12707686,0.1161057,0.10285103,0.087621525,0.070809476,0.052871972,0.03430734,0.015623794,0.0027022439,0.020275706,0.03684487,0.05235511,0.06698794,0.08115284,0.09540718,0.11029751,0.12615752,0.14293246,0.16009116,0.17664093,0.19121894,0.2022238,0.20796168,0.20679578,0.1972966,0.17839947,0.14960475,0.111407466,0.06738882,0.04355832,0.087334715,0.15592532,0.23106311,0.30775675,0.3825984,0.45265272,0.5154328,0.569055,0.6124201,0.64536196,0.6687231,0.6843069,0.6946553,0.7026175,0.71073836,0.72060657,0.73239857,0.74482936,0.75555104,0.7618489,0.76141626,0.75304264,0.7371333,0.7160016,0.69382036,0.6760127,0.6678638,0.6725406,0.6894791,0.7142608,0.7400155,0.7593094,0.7656304,0.754289,0.7229388,0.6719667,0.6049815,0.529664,0.45912203,0.41231546,0.40735823,0.44599223,0.51132184,0.58293325,0.645662,0.68985105,0.7099753,0.7037292,0.67155415,0.6164003,0.5436607,0.46138188,0.38097978,0.31815594,0.2900139,0.30182266,0.3395374,0.3846328,0.42550108,0.4575283,0.48086876,0.4987163,0.51573384,0.53628016,0.5626971,0.59439784,0.6282018,0.659539,0.6837755,0.69720066,0.69760776,0.6845663,0.6594853,0.6255162,0.58728075,0.5503301,0.5201889,0.50098085,0.49413177,0.4980892,0.5094492,0.52470875,0.5415793,0.5594524,0.57914495,0.60218084,0.6298853,0.66261363,0.69939697,0.73808646,0.7758382,0.80969083,0.83705485,0.85603774,0.8656028,0.8655845,0.85658604,0.83978724,0.8166884,0.7888278,0.7575171,0.7236458,0.6875969,0.64929444,0.60836506,0.56436825,0.5170346,0.4664643,0.41325995,0.35859552,0.30424476,0.2526037,0.20672105,0.17019849,0.1463707,0.1360638,0.13576734,0.1395678,0.1424975,0.14170535,0.13611427,0.12589939,0.11217565,0.096916474,0.08305246,0.07435533,0.07385606,0.081109814,0.09269126,0.10516966,0.11631329,0.1249043,0.13039455,0.13267517,0.1319294,0.12852666,0.1229375,0.1156623,0.107174024,0.09787848,0.088096224,0.07806981,0.067998186,0.058100723,0.04871931,0.0404765,0.03446518,0.03213116,0.034200784,0.03975963,0.04721653,0.055350825,0.063417934
68,0.12320404,0.12492501,0.1302215,0.13672666,0.14240815,0.14581278,0.14603877,0.14263955,0.13553473,0.124940015,0.111309916,0.09528685,0.077651806,0.059274197,0.04106195,0.023929443,0.009050314,0.0068592485,0.016825825,0.025504837,0.033313144,0.041877557,0.05296874,0.06766196,0.085990116,0.10716204,0.1298922,0.15261371,0.1736003,0.19105543,0.20319824,0.20835419,0.20505004,0.1921082,0.16873522,0.13459843,0.08989324,0.035523888,0.028895002,0.09870819,0.17364144,0.2509263,0.32791165,0.40197918,0.47071373,0.5320931,0.5846684,0.62771314,0.6613148,0.68637633,0.7044954,0.71769464,0.7280118,0.7370138,0.74536794,0.75262576,0.7573209,0.7573657,0.7506378,0.7356257,0.7120394,0.681335,0.64708406,0.6150015,0.5921951,0.58513796,0.5967337,0.62445307,0.6612228,0.6980641,0.72640514,0.7393212,0.73203766,0.70213604,0.64971477,0.57768214,0.49246782,0.4057677,0.33773413,0.31551012,0.3502094,0.4210223,0.5008866,0.57212013,0.62460566,0.65280056,0.65431523,0.6293038,0.5801658,0.5113947,0.42962933,0.3442249,0.26896575,0.2237684,0.2243025,0.259848,0.30659476,0.34954017,0.3828257,0.40597948,0.42179444,0.43488535,0.45010638,0.47078782,0.49747437,0.52788615,0.5579835,0.58334124,0.6002148,0.6061582,0.6002968,0.5833754,0.55765074,0.5266389,0.49468163,0.46626475,0.44508937,0.43314904,0.43035817,0.43511203,0.445467,0.4601897,0.47916842,0.5031415,0.5329848,0.56893194,0.61009127,0.65442705,0.6991139,0.74104315,0.77729785,0.80551016,0.8240844,0.83229685,0.83028775,0.81895846,0.79978675,0.7745773,0.74517405,0.71317375,0.6796951,0.64525676,0.6097987,0.57284474,0.53375703,0.4920167,0.4474668,0.4004841,0.3520762,0.30392197,0.25837424,0.21839243,0.18720344,0.1672544,0.15847379,0.1575554,0.1596519,0.16059491,0.15777573,0.15004064,0.13736945,0.120651744,0.10165563,0.08328536,0.07005044,0.06703961,0.07501404,0.08921103,0.1046927,0.118496254,0.12907536,0.13570838,0.13819526,0.13670026,0.13165255,0.123668805,0.113484584,0.101890184,0.08966967,0.077543356,0.066115156,0.055829756,0.046953354,0.039603863,0.033860914,0.029950134,0.02836745,0.029647743,0.03382859,0.04034656,0.048435252,0.0574013
69,0.10084407,0.1061319,0.11626893,0.12742776,0.13684821,0.14283344,0.14445993,0.14136058,0.1335945,0.12156485,0.10595721,0.08768375,0.06782745,0.047585722,0.02822534,0.011187823,0.005306759,0.01447104,0.019810613,0.020314842,0.016869891,0.015012369,0.024983292,0.044241548,0.0682839,0.09485439,0.12210824,0.14820518,0.17127767,0.18948613,0.20110127,0.20459577,0.19873773,0.18268277,0.1560737,0.11920633,0.073710635,0.03139742,0.061991468,0.12845442,0.20125939,0.27588028,0.34947821,0.41962656,0.48427558,0.5418618,0.59142345,0.6326776,0.66602665,0.6924675,0.7133857,0.7302403,0.74418586,0.75572103,0.7644728,0.76919997,0.7680301,0.75887626,0.7399508,0.7103091,0.6703962,0.6226047,0.5718369,0.5258615,0.49464998,0.48723787,0.50649756,0.5467207,0.59696066,0.6458005,0.68378705,0.7039748,0.7018514,0.6752129,0.6241191,0.5509811,0.46096244,0.36334512,0.2757866,0.23164903,0.2591465,0.3341864,0.419848,0.49626818,0.55364805,0.58691627,0.5939044,0.5747058,0.5313746,0.467728,0.38925374,0.30336267,0.22086376,0.16079184,0.15049458,0.18638913,0.23569547,0.2798735,0.31287998,0.33427048,0.34673843,0.3549418,0.36421955,0.37885314,0.40044782,0.4274855,0.45629138,0.48254126,0.50244695,0.5134011,0.5142231,0.5051686,0.48778915,0.46467093,0.4390481,0.4142854,0.3932742,0.37790662,0.36889994,0.36615136,0.36945957,0.3791546,0.3962137,0.42176685,0.4562935,0.49902055,0.5478431,0.59969306,0.65107465,0.69855344,0.7391241,0.7704589,0.791055,0.8002969,0.7984389,0.7865125,0.76616246,0.73941845,0.7084176,0.67510855,0.640983,0.6068944,0.5730171,0.5389669,0.5040504,0.4675752,0.42914104,0.3888602,0.34748775,0.30646747,0.26789093,0.23431295,0.2082618,0.19128628,0.18288171,0.18033898,0.1799098,0.17820843,0.17291045,0.16283062,0.14777285,0.12838751,0.10616038,0.08371563,0.06575041,0.059413616,0.06774347,0.084482476,0.10286143,0.119261764,0.13192235,0.14001451,0.14326814,0.14180784,0.13605909,0.126677,0.1144824,0.1004018,0.085411616,0.07048933,0.05657315,0.044526797,0.035084378,0.028709723,0.025358062,0.024468547,0.025489092,0.028327191,0.033162113,0.04000983,0.04856474,0.05830634
70,0.07475642,0.084902555,0.100497976,0.11612727,0.12879887,0.13696161,0.139872,0.1373183,0.1294969,0.116943546,0.10048039,0.08116478,0.060236674,0.039078306,0.01930546,0.0061167115,0.015215883,0.02445947,0.028757557,0.027520617,0.021159735,0.013673913,0.021011887,0.04174794,0.06736151,0.095032535,0.12274421,0.14855438,0.17055333,0.18693113,0.19607258,0.19666101,0.18779069,0.16910803,0.14107472,0.10579151,0.07096832,0.06480131,0.10580078,0.1668636,0.23437145,0.3033349,0.37075815,0.43442324,0.49270132,0.54456687,0.5896293,0.6281166,0.660776,0.6886741,0.71290547,0.7342553,0.7528934,0.76818925,0.7787107,0.7824119,0.7769671,0.76018316,0.73043525,0.6871047,0.63104236,0.56514317,0.49518755,0.43102202,0.3870708,0.37795138,0.40707403,0.46260613,0.52770346,0.5885872,0.6356631,0.6625936,0.6655549,0.6428628,0.59480834,0.5236059,0.43350366,0.33144957,0.2301634,0.16095263,0.17669013,0.25502992,0.34356192,0.4213421,0.4798589,0.5149393,0.5248687,0.50985295,0.47176552,0.41394004,0.34097412,0.25865522,0.17456287,0.102685,0.08232753,0.12488055,0.1776142,0.22126092,0.25179112,0.26953685,0.277344,0.27996385,0.28318977,0.29219872,0.30950454,0.3340349,0.3621307,0.3893659,0.41189304,0.42706168,0.4335787,0.43144268,0.42175096,0.40640855,0.38774818,0.36809283,0.34934568,0.3327577,0.3190313,0.30879572,0.3032644,0.30465755,0.31589442,0.33940533,0.37577385,0.4232917,0.47857592,0.53750414,0.5959172,0.6500306,0.69666946,0.7334144,0.7586904,0.77180535,0.772934,0.7630442,0.7437616,0.7171762,0.6855963,0.6512674,0.6160896,0.5813836,0.5477675,0.51518947,0.4831185,0.4508424,0.4177878,0.38378686,0.3492459,0.31519955,0.28323758,0.2552651,0.23303193,0.21745239,0.2080124,0.20275411,0.19894329,0.1939276,0.18569858,0.17308663,0.15574765,0.13409555,0.10930071,0.08355768,0.061208777,0.050936986,0.059276443,0.078378305,0.09929821,0.117940664,0.1324775,0.14205079,0.14635614,0.14548497,0.13983923,0.13006507,0.11699012,0.10156104,0.08478318,0.06766717,0.051194333,0.03633387,0.024221689,0.016719839,0.015906231,0.019839387,0.025329726,0.031535305,0.03865784,0.046956606,0.05642041,0.06675354
71,0.04657733,0.06380905,0.084914796,0.103992894,0.11881759,0.1283781,0.13224658,0.13040316,0.12317405,0.1111979,0.09539894,0.07697027,0.057405293,0.038743675,0.02472886,0.022094049,0.029051237,0.036619447,0.041247346,0.042476453,0.041736398,0.042619824,0.049722623,0.06461995,0.085239485,0.108692184,0.13240287,0.15410769,0.1717821,0.18365516,0.1882807,0.18464467,0.17231946,0.15174375,0.124926955,0.09766635,0.08496263,0.104655,0.1501786,0.20737147,0.26880148,0.33049965,0.38990164,0.44527388,0.49558693,0.5404893,0.58026004,0.61568385,0.64782494,0.6777117,0.70598334,0.73258555,0.75660425,0.7762857,0.7892346,0.79273343,0.7841138,0.7611252,0.72227377,0.66713285,0.5966667,0.51368666,0.4237666,0.33743322,0.274488,0.262294,0.30659083,0.38136074,0.46156538,0.5327537,0.58665377,0.61829925,0.62493736,0.60563636,0.5611217,0.49367422,0.40706575,0.30667397,0.20064229,0.109086774,0.106158495,0.18751477,0.27532056,0.3502568,0.40604225,0.43965742,0.44997346,0.4374284,0.4038514,0.35227123,0.2866792,0.211756,0.13262717,0.055265956,0.027810736,0.088205025,0.14038192,0.17915305,0.20385462,0.21563753,0.21746528,0.21414903,0.21192227,0.21681228,0.23190366,0.2558704,0.28445035,0.31289443,0.33738747,0.35546553,0.36599696,0.3690124,0.36545402,0.3568479,0.3449087,0.33112878,0.31646317,0.30125752,0.28552756,0.26959404,0.25495827,0.2451231,0.2455817,0.26180276,0.2958834,0.34542054,0.40546307,0.47063333,0.5360496,0.5975502,0.6517365,0.6960047,0.7285835,0.7485578,0.75586045,0.7512203,0.7360591,0.71233666,0.68234634,0.6484697,0.61290985,0.57743883,0.543209,0.51068515,0.47972855,0.44982007,0.4203582,0.3909469,0.36160278,0.3328423,0.30563018,0.2811796,0.26060537,0.24448964,0.23252949,0.22348383,0.21548781,0.20655452,0.19501083,0.17974654,0.16029978,0.13685715,0.11026229,0.08220878,0.056267228,0.041660227,0.04971138,0.07093524,0.093834,0.11414321,0.13013333,0.14099193,0.14641607,0.14647716,0.14154954,0.13225117,0.11938318,0.103865616,0.08667049,0.06875436,0.050993547,0.0341272,0.018732378,0.005647013,0.008331399,0.018773325,0.028624455,0.038230628,0.048066195,0.05841615,0.0692966,0.08047629
72,0.022084158,0.04854936,0.07267151,0.09265007,0.107727475,0.11747968,0.12176335,0.12071696,0.1147651,0.104619905,0.091286615,0.07609487,0.060804687,0.047838982,0.040279415,0.03991333,0.04456316,0.05059137,0.05598209,0.060505364,0.065221384,0.071886025,0.08201206,0.09598188,0.11291976,0.13117716,0.14882362,0.16393265,0.17474101,0.17976917,0.17794706,0.16877946,0.15262438,0.13130003,0.10959907,0.09801925,0.10958347,0.14430948,0.1923228,0.24607953,0.3011544,0.35475916,0.4050971,0.45117766,0.49276817,0.5303369,0.5649121,0.5978212,0.63031924,0.6631742,0.6963185,0.7286755,0.7582068,0.78215,0.7973661,0.80071694,0.7894153,0.76132107,0.715177,0.6507887,0.56917393,0.47274888,0.3657957,0.25627124,0.16454835,0.14727262,0.21926588,0.31586164,0.40775073,0.48456255,0.5409395,0.5737338,0.5813952,0.563809,0.5222148,0.459109,0.3781113,0.28381944,0.18182899,0.08080036,0.050529283,0.13526325,0.21767153,0.28541306,0.33478683,0.36391,0.37226835,0.36061403,0.3308621,0.28594404,0.22963129,0.16640113,0.10172405,0.04665498,0.048877012,0.09200785,0.13054936,0.15781994,0.17269702,0.17612447,0.17090523,0.16191074,0.15596062,0.15987267,0.17635222,0.20241925,0.23257959,0.26191404,0.28701508,0.30594724,0.31802985,0.32360044,0.3237346,0.31988883,0.3134744,0.30543742,0.2959834,0.2845857,0.2703327,0.25256762,0.2317785,0.21079352,0.19613418,0.19763498,0.2226699,0.26988876,0.33220047,0.40228903,0.47426814,0.5434992,0.6062943,0.65978914,0.7019219,0.73144513,0.7479284,0.75172895,0.74391973,0.7261706,0.7005837,0.66948825,0.63520586,0.5998084,0.5649036,0.5314955,0.49996096,0.47016135,0.44166172,0.41399294,0.38688067,0.36038333,0.3349097,0.31111223,0.2896734,0.27103186,0.25513598,0.24133456,0.22847171,0.2151481,0.20003153,0.1821074,0.16082491,0.13615526,0.10861522,0.079378664,0.05099589,0.031816036,0.039291557,0.06235498,0.08649195,0.10773304,0.12460821,0.13641159,0.1428703,0.14404728,0.14028774,0.13216926,0.12044601,0.10598693,0.0897099,0.07251622,0.055232674,0.038581777,0.023279533,0.011184558,0.011776934,0.022430211,0.03429935,0.046421263,0.058805786,0.071446404,0.084178224,0.09667857
73,0.029207952,0.0484389,0.06771295,0.084087044,0.096608795,0.104874834,0.108800754,0.10857243,0.10463364,0.09768136,0.08866384,0.07877866,0.06945029,0.062204007,0.058282137,0.05806169,0.060909145,0.06582981,0.07219403,0.079943955,0.0893751,0.10075696,0.11400897,0.12856352,0.14341389,0.15725926,0.1686701,0.17624286,0.1787446,0.17526104,0.16537634,0.14945349,0.12920484,0.10901069,0.09806341,0.10759702,0.13824469,0.18153347,0.23034573,0.28033304,0.32874253,0.3738302,0.41469988,0.45128283,0.4843095,0.5151824,0.5456931,0.57758105,0.6120137,0.64914453,0.6879005,0.7260567,0.7605358,0.7878139,0.80433124,0.8068508,0.7927465,0.7602194,0.7084455,0.6376581,0.5491678,0.4453247,0.32943994,0.20574607,0.080425285,0.056221187,0.17225818,0.28063554,0.37403363,0.44851756,0.5012593,0.53051776,0.5356995,0.51738095,0.47727048,0.41811034,0.34352067,0.25779596,0.16566423,0.07202498,0.018353518,0.10096884,0.17204171,0.22852674,0.26834652,0.2904773,0.29498845,0.28302956,0.25678015,0.21940616,0.17514248,0.1298842,0.093349166,0.08100129,0.09625768,0.121156275,0.14265437,0.15566906,0.15879063,0.1528051,0.1405461,0.1273315,0.120993204,0.1284966,0.14991643,0.17939872,0.21075799,0.23965171,0.26346737,0.28095743,0.2919895,0.29733333,0.29838985,0.29680893,0.29400665,0.29069102,0.28658104,0.2804701,0.2706282,0.25540936,0.2339658,0.20717847,0.1792581,0.16035849,0.16586441,0.20288298,0.26329994,0.33617523,0.41370955,0.49046135,0.5623161,0.6260604,0.6792624,0.7202626,0.7481845,0.76292676,0.7651189,0.7560347,0.7374608,0.7115257,0.6804964,0.646558,0.61160004,0.57704467,0.543753,0.5120396,0.48179474,0.45268255,0.42435548,0.3966262,0.36955452,0.34343466,0.31869027,0.2957053,0.27463904,0.25528842,0.23705722,0.21905272,0.20027566,0.1798331,0.15711084,0.13187757,0.1043318,0.07515067,0.04581943,0.02206058,0.028466523,0.053004526,0.07746101,0.09878941,0.1158978,0.12822308,0.13553944,0.13790771,0.13564064,0.12926206,0.11945662,0.10701167,0.09275613,0.07750391,0.062017918,0.047035947,0.033496566,0.023446104,0.021451678,0.028839989,0.04081281,0.054588336,0.06921194,0.084180266,0.09903513,0.113277
74,0.05703501,0.063620836,0.07203682,0.080123805,0.08674076,0.09137938,0.093915924,0.094478674,0.09336782,0.09099388,0.08782139,0.08431866,0.08092476,0.07805064,0.07612407,0.07565859,0.07728184,0.08163961,0.089169435,0.09988123,0.11329682,0.12854145,0.14447881,0.15982364,0.17322855,0.18336222,0.18899116,0.18907149,0.18285699,0.17004088,0.15098684,0.12722705,0.10277339,0.087065116,0.09382279,0.12411909,0.16711947,0.21478452,0.26268739,0.3081358,0.3494524,0.38582316,0.41732103,0.44493407,0.4704878,0.4963714,0.5250273,0.5582838,0.59675,0.63951784,0.6842639,0.72764295,0.76578605,0.79476494,0.81096977,0.8113975,0.7938631,0.757147,0.7010836,0.6265996,0.53571117,0.4315186,0.31833738,0.20272301,0.1023195,0.09966398,0.18829095,0.2815523,0.3623872,0.42547807,0.46808916,0.48893753,0.48796082,0.46621618,0.4257746,0.36958164,0.3012871,0.22506727,0.14554115,0.06865936,0.029863965,0.08405047,0.13831437,0.1804998,0.20854528,0.22199252,0.22150971,0.20881902,0.18672498,0.15929772,0.1323297,0.11363275,0.110198215,0.12108865,0.13812378,0.15366022,0.16316967,0.16456255,0.15755531,0.1435429,0.12597758,0.111217,0.108093835,0.12172577,0.14808162,0.17971207,0.21096383,0.2383328,0.2598623,0.27479306,0.28339016,0.28679237,0.28677452,0.28535,0.28421018,0.28413594,0.28464445,0.28407598,0.28007513,0.27023354,0.2527113,0.22685929,0.19416143,0.16040768,0.14016564,0.15423973,0.20481333,0.27667356,0.3578135,0.44107765,0.521599,0.5956737,0.6604214,0.71371496,0.75418586,0.7812302,0.7949877,0.79628044,0.78650916,0.76750845,0.7413689,0.7102372,0.676114,0.6406747,0.6051431,0.57024544,0.53625673,0.5031275,0.47065604,0.4386579,0.4070896,0.37610036,0.3460059,0.3171952,0.28999674,0.26454148,0.240669,0.21791546,0.1955955,0.17295328,0.1493316,0.124309726,0.097784325,0.06999877,0.041583683,0.014461348,0.018155718,0.043426353,0.067063875,0.08756331,0.104221694,0.11661601,0.12456887,0.1281384,0.12759773,0.12340021,0.11613176,0.1064548,0.09505015,0.082568064,0.06960785,0.056765676,0.044843297,0.035413153,0.031567574,0.0359873,0.047073916,0.06179251,0.07829122,0.09549065,0.11258408,0.1288528
75,0.085771844,0.084830776,0.08333948,0.08138519,0.07940104,0.07801377,0.07781753,0.079116255,0.08176198,0.085196644,0.088657275,0.09141479,0.0929684,0.09319676,0.09249019,0.09185074,0.092848666,0.09722616,0.10613031,0.11951056,0.13621187,0.15449695,0.17247841,0.18833202,0.20038937,0.20719628,0.20757136,0.20067504,0.18609646,0.16398562,0.13533652,0.10285885,0.07431546,0.06958257,0.098851964,0.14429164,0.1939616,0.24281481,0.28805962,0.32796475,0.36167398,0.38927373,0.4118944,0.43172148,0.4517843,0.47540894,0.5053635,0.54298234,0.5876879,0.6371099,0.68762577,0.73500717,0.7749675,0.8035648,0.8174863,0.81425047,0.7923501,0.7513482,0.69193584,0.61597073,0.5265396,0.42817947,0.32767525,0.23684305,0.17983827,0.18632801,0.24088827,0.3071497,0.36674073,0.411995,0.43949914,0.44802266,0.4378173,0.41029656,0.36781654,0.3134795,0.25095257,0.18435535,0.11850341,0.0616788,0.045198206,0.07876593,0.114726834,0.14137857,0.15670773,0.16090588,0.1554917,0.14325932,0.12847976,0.116964646,0.114584215,0.12327855,0.1393872,0.15723045,0.17217709,0.18119897,0.18263069,0.17597984,0.16192207,0.14254746,0.12204157,0.10769679,0.10834304,0.12631711,0.15515308,0.1873901,0.21802166,0.24403268,0.26377174,0.27667752,0.283175,0.28459015,0.28297117,0.28071415,0.2799445,0.28178027,0.2858232,0.2902003,0.29211766,0.2885922,0.2770884,0.25602618,0.22534522,0.18764448,0.15133356,0.13662972,0.16509266,0.22900498,0.31020668,0.39784622,0.4855793,0.5689522,0.6445363,0.709699,0.76256585,0.80202544,0.8277208,0.84000695,0.83986735,0.8287901,0.8086096,0.7813254,0.7489142,0.7131559,0.6754983,0.6369822,0.59824055,0.55957,0.5210535,0.48270252,0.4445816,0.40688825,0.36997297,0.33429918,0.30035385,0.26852992,0.23901065,0.21169223,0.18617773,0.16185485,0.1380375,0.114125215,0.08973188,0.06475646,0.039398544,0.014218564,0.011229914,0.034385845,0.055728525,0.07443199,0.089967854,0.10199202,0.1103558,0.1151052,0.11646186,0.11478683,0.11053073,0.10417691,0.09618772,0.0869684,0.07686943,0.0662585,0.055720225,0.046492837,0.041115493,0.04288127,0.05248183,0.06750372,0.08546112,0.1046865,0.12399529,0.142427
76,0.112154216,0.10632701,0.09757211,0.08675842,0.07543492,0.06598407,0.061339494,0.06330944,0.070765905,0.08076606,0.09064261,0.09865461,0.10390974,0.10627686,0.10641112,0.10582205,0.10678474,0.11175426,0.12224191,0.13800514,0.15732628,0.17784265,0.19714215,0.21301767,0.22356035,0.22721164,0.22281331,0.20966218,0.18757275,0.1569714,0.11914407,0.0773874,0.045448795,0.06314634,0.11180565,0.16533913,0.21728085,0.26463503,0.30547807,0.33873102,0.36428088,0.38316968,0.3977338,0.41153917,0.42889687,0.45383486,0.4888021,0.5338071,0.58648396,0.64285916,0.69824636,0.74793035,0.7876056,0.81365186,0.8233177,0.8148504,0.7875871,0.74201614,0.679819,0.6039248,0.51864773,0.43006435,0.346928,0.2821313,0.25136837,0.26064292,0.29625463,0.33909753,0.37649754,0.40179127,0.4119174,0.40603063,0.38480914,0.35005727,0.3044237,0.25117502,0.19403787,0.13724415,0.08643493,0.053449403,0.056578767,0.078860015,0.098708875,0.11049109,0.113610685,0.10956799,0.10162941,0.09497526,0.095675305,0.10680033,0.1259494,0.14827706,0.16952588,0.18663757,0.19756025,0.20106632,0.19667841,0.18468623,0.16627538,0.14387582,0.12194177,0.10791923,0.11003086,0.12915863,0.15827432,0.19021975,0.22031534,0.24572064,0.26483744,0.27707946,0.28281614,0.2833489,0.2808082,0.27784634,0.27701882,0.2799232,0.28648376,0.29485795,0.30201128,0.30454886,0.29942286,0.2844343,0.25866878,0.22318268,0.18274923,0.150549,0.15178715,0.19854411,0.2742718,0.36281416,0.4551719,0.5457048,0.6302912,0.70575905,0.76973814,0.8206331,0.8576123,0.8805747,0.89007944,0.8872383,0.8735745,0.85085857,0.82093734,0.7855725,0.74630994,0.704396,0.6607531,0.6160136,0.57060087,0.5248347,0.47903484,0.43359903,0.38904002,0.34597483,0.305069,0.26694468,0.23206826,0.20064181,0.17253166,0.14726964,0.12414572,0.10237433,0.08128371,0.060481712,0.040031902,0.021177702,0.013513136,0.02700319,0.04399373,0.059863992,0.073639795,0.08490135,0.09347794,0.099381655,0.1027638,0.10386438,0.10295435,0.10027994,0.09602292,0.090292625,0.083164036,0.07477812,0.065536916,0.05646967,0.049821988,0.049144488,0.056803275,0.07149881,0.09043476,0.11137933,0.13275024,0.15332995
77,0.13484009,0.12551583,0.11161916,0.094140135,0.0747682,0.056561522,0.045434784,0.048010573,0.06136026,0.07780387,0.09294607,0.104789965,0.11255032,0.11632481,0.11710196,0.116839424,0.11832555,0.12441277,0.13666366,0.15452763,0.17583312,0.19779417,0.217664,0.23299745,0.24174523,0.2423066,0.2335765,0.2149893,0.18655497,0.1488914,0.10330626,0.052483696,0.021872822,0.07137143,0.12935726,0.18524766,0.23603383,0.27954248,0.31431043,0.33979186,0.35663664,0.3669752,0.37458608,0.38466182,0.4027827,0.4331013,0.47671363,0.53142136,0.59280396,0.65554523,0.71435094,0.7644428,0.80181706,0.82340044,0.8271605,0.812187,0.77874744,0.7283216,0.6636304,0.588693,0.5089699,0.43164632,0.3658849,0.32188466,0.3062969,0.31591454,0.33913356,0.36387345,0.38179973,0.38829294,0.38142937,0.36117655,0.32886416,0.28681612,0.23807544,0.18622094,0.1353848,0.09090232,0.061627675,0.057806455,0.07030566,0.08266576,0.08851381,0.08687349,0.07944475,0.07057741,0.06774196,0.077509776,0.09842945,0.12461522,0.15129751,0.1753273,0.19458814,0.20766212,0.21368672,0.21229589,0.20360781,0.18826447,0.16756648,0.1438134,0.12105017,0.106048755,0.106581606,0.12393205,0.15159808,0.18261017,0.21233337,0.23789243,0.2575745,0.27061033,0.2771499,0.27829155,0.27605486,0.27316183,0.27247405,0.27607256,0.28434667,0.2956981,0.30706033,0.3148018,0.31552067,0.3065869,0.28654993,0.25565478,0.21696174,0.17927638,0.16223219,0.18782844,0.25212076,0.33716378,0.43067357,0.5253565,0.616232,0.6995604,0.7725025,0.83302313,0.8798578,0.91247696,0.9310232,0.9362152,0.92922324,0.91152316,0.8847452,0.85053116,0.8104171,0.7657535,0.7176716,0.66709507,0.6147884,0.5614268,0.50766873,0.4542145,0.40183794,0.35138425,0.30373383,0.25973356,0.220101,0.18530959,0.15547292,0.13026594,0.10893837,0.09046185,0.07378699,0.05812752,0.043228414,0.029816834,0.021088552,0.022862554,0.032659326,0.044440452,0.055826034,0.065990426,0.07462983,0.08167775,0.0871835,0.09122653,0.093847916,0.09500634,0.09456983,0.09234847,0.088167526,0.08198263,0.074057676,0.06527041,0.057637382,0.05472605,0.06008305,0.07380998,0.09317052,0.11542576,0.1385784,0.16113947
78,0.15298362,0.14104612,0.1235533,0.10149417,0.07635791,0.050678596,0.031246,0.0343303,0.05429012,0.07593281,0.09463076,0.10882162,0.11803221,0.122639686,0.12395336,0.12430546,0.12682562,0.13448139,0.14861529,0.16828248,0.19096018,0.21361278,0.233324,0.24754547,0.2541919,0.25169855,0.23907019,0.21592052,0.18249425,0.13966501,0.08890742,0.032297697,0.028390197,0.08932371,0.14835641,0.20259623,0.24952598,0.28716096,0.31432435,0.33097678,0.3386077,0.34064913,0.34268552,0.35185206,0.37473404,0.41446567,0.46948522,0.5348776,0.6044734,0.6721986,0.73265225,0.78132653,0.81471765,0.8304105,0.82715,0.8048934,0.7648406,0.709446,0.6424277,0.5687966,0.4949095,0.42841113,0.37749705,0.3484016,0.34142336,0.34975314,0.3634744,0.37406144,0.3759888,0.36649993,0.34497327,0.31237695,0.27086243,0.22347546,0.17401347,0.12719716,0.08958142,0.07031399,0.07231809,0.08314324,0.09116488,0.09178525,0.08420959,0.06997721,0.05378551,0.04714934,0.061369557,0.08881692,0.11980617,0.14964433,0.17577957,0.1966279,0.21122801,0.21910027,0.22015359,0.21460985,0.20295353,0.18593188,0.16465005,0.14085045,0.11755471,0.10015367,0.09614314,0.10898381,0.13373393,0.16337587,0.1929744,0.21940829,0.24070884,0.25580972,0.26453426,0.26766226,0.26696342,0.2650632,0.26496446,0.26913854,0.278478,0.2917828,0.306152,0.31790552,0.32345536,0.31990412,0.30546403,0.27990896,0.24541302,0.20852809,0.18397585,0.19322014,0.24331039,0.32084754,0.4117781,0.50715417,0.6010807,0.6892646,0.768451,0.8362287,0.89095783,0.93172055,0.95826,0.9708944,0.9704085,0.9579295,0.934799,0.9024549,0.86233324,0.81580067,0.7641206,0.7084518,0.64987236,0.5894173,0.5281182,0.4670338,0.4072628,0.3499354,0.29618385,0.24709143,0.20361957,0.16650467,0.13611259,0.112257354,0.09406577,0.08005777,0.06853166,0.058067575,0.047866523,0.037880342,0.02895813,0.023246288,0.02348913,0.02916148,0.0372831,0.046003804,0.054592982,0.06279261,0.07048687,0.07753836,0.083709866,0.08864885,0.09192105,0.09307806,0.09174717,0.08774219,0.08121566,0.0729115,0.06462253,0.05975287,0.06257154,0.074686386,0.09383952,0.116893515,0.14142214,0.16564846
79,0.16605546,0.1521565,0.13223718,0.10730464,0.07870328,0.048263777,0.020409811,0.023664324,0.049678292,0.0743937,0.09482488,0.11000917,0.11977422,0.124757245,0.1265585,0.12781096,0.13181709,0.14139569,0.15744519,0.1785813,0.20203231,0.224663,0.24353121,0.2561076,0.26037115,0.2548737,0.23879541,0.21199064,0.17502609,0.12924825,0.077182874,0.028805085,0.053373754,0.110579394,0.16651373,0.2164059,0.25738895,0.28747773,0.30572802,0.31261423,0.31057185,0.3046523,0.30282238,0.31452304,0.34647536,0.3989097,0.46652168,0.5419807,0.6181806,0.6889515,0.74917996,0.79483104,0.82299083,0.8319265,0.82114196,0.79141295,0.74479735,0.68462515,0.6154801,0.5431732,0.4746271,0.41735405,0.37783685,0.35855743,0.35584545,0.36158288,0.36723888,0.36648273,0.35571876,0.33371174,0.3010806,0.25989324,0.21342151,0.16615984,0.124365546,0.09688106,0.09102879,0.10100034,0.11361256,0.1206182,0.118664704,0.10703936,0.086677805,0.060233016,0.035662804,0.039616883,0.070725456,0.106336504,0.1399434,0.16895543,0.19193509,0.20815858,0.21746899,0.2201518,0.21679164,0.2081201,0.19488448,0.17777874,0.15748394,0.13488126,0.11156591,0.09094092,0.07969432,0.08506852,0.10570946,0.13406913,0.16416232,0.19230051,0.21613671,0.23425679,0.24613163,0.25219467,0.2539106,0.25370345,0.2545665,0.2592178,0.26900244,0.2831981,0.29923546,0.3135753,0.3226239,0.3233856,0.31390718,0.29370737,0.26447183,0.23150739,0.20636623,0.20699328,0.2446688,0.3125668,0.3977264,0.49038976,0.58397883,0.6737679,0.75618756,0.8285402,0.88888276,0.9359593,0.96913815,0.988336,0.99392796,0.9866485,0.9674927,0.93762654,0.89831424,0.8508669,0.7966144,0.7368958,0.6730638,0.6064939,0.53859216,0.47079432,0.40455374,0.34131873,0.28250095,0.22943929,0.18335561,0.1452792,0.115869015,0.095037885,0.08149319,0.07278909,0.06623268,0.059856433,0.052708503,0.044646207,0.036049284,0.02767183,0.020790327,0.017609924,0.019869747,0.026133839,0.03437973,0.04366405,0.05351052,0.06347425,0.07301022,0.08147575,0.088187285,0.09249816,0.093885355,0.092047766,0.08703523,0.07945886,0.070882484,0.06442305,0.06464204,0.07454767,0.09279172,0.11603017,0.14140774,0.1668406
80,0.17379917,0.15846379,0.13704288,0.11058638,0.08041005,0.0480432,0.015355392,0.017651336,0.046818763,0.07228504,0.09283091,0.107868224,0.11745224,0.12245635,0.12474702,0.12718366,0.13306396,0.14480561,0.16269352,0.1849078,0.20853545,0.2304723,0.24787238,0.2583321,0.25998476,0.25157335,0.23251751,0.20298015,0.16396862,0.117658876,0.069322504,0.04375681,0.07874788,0.13137671,0.18228282,0.22605917,0.25958085,0.28087157,0.28920427,0.2855573,0.27341807,0.2599407,0.25646365,0.27500364,0.3202351,0.3870882,0.4665158,0.5499613,0.6303429,0.70190793,0.76006424,0.80134267,0.82343715,0.82526696,0.80702657,0.77020717,0.7175883,0.6532059,0.58230203,0.5112267,0.4471268,0.39696965,0.36534205,0.35173744,0.35017717,0.3522791,0.350727,0.34079126,0.32036468,0.28954118,0.25023398,0.20602447,0.16244617,0.12784262,0.11247487,0.11892998,0.1363786,0.15300663,0.16223465,0.16117696,0.14907824,0.12657678,0.09537509,0.05835028,0.024139103,0.03908623,0.07881846,0.11728781,0.15070617,0.17737661,0.1964896,0.20795658,0.21229921,0.21049154,0.20374465,0.19325367,0.17995542,0.16436945,0.14659661,0.12651971,0.10423121,0.08085403,0.06058366,0.054332767,0.07012059,0.09866255,0.13063791,0.16142572,0.1883843,0.20988312,0.2251584,0.2343836,0.23875368,0.2404525,0.24234027,0.24721076,0.25673535,0.2706694,0.28689694,0.3022006,0.313172,0.3168994,0.311438,0.29623255,0.27272472,0.24547318,0.22391085,0.22236866,0.2518683,0.3102576,0.38757032,0.47459412,0.5646385,0.6528174,0.7354155,0.80956954,0.87312007,0.9245297,0.96282,0.9875087,0.99854285,0.9962303,0.98117495,0.9542207,0.9164071,0.86893743,0.81315714,0.7505396,0.68267256,0.6112423,0.53801,0.4647807,0.39336482,0.3255383,0.2630081,0.20739377,0.16022755,0.122926325,0.0965241,0.08078554,0.07316696,0.06958266,0.06661798,0.06252902,0.056895487,0.050022926,0.042497687,0.034892134,0.027593005,0.0208182,0.01508875,0.012714567,0.016909068,0.02595468,0.037320763,0.049701568,0.062128104,0.07367811,0.083458945,0.0906606,0.09462955,0.09495541,0.091583006,0.08498934,0.076512024,0.068915516,0.066688955,0.07391742,0.09051284,0.11322727,0.13881412,0.16486557
81,0.1762043,0.15987611,0.13770391,0.110782765,0.08045676,0.048268516,0.016104363,0.016375093,0.044470783,0.068800315,0.08818414,0.10217,0.11099754,0.11577349,0.11861693,0.12253146,0.13060877,0.14462341,0.16414377,0.18697351,0.21017407,0.23078547,0.24615866,0.25410375,0.25298354,0.2417954,0.22025454,0.18890029,0.14932542,0.10502993,0.06600265,0.06299547,0.101604395,0.14972608,0.19466154,0.23126112,0.25638768,0.2681309,0.26594394,0.25122136,0.22854339,0.2079477,0.20605004,0.23696221,0.2986762,0.37930295,0.4678615,0.5561379,0.637794,0.70776856,0.76208824,0.797872,0.81340045,0.8081863,0.7830183,0.7399673,0.68235826,0.6147141,0.5426733,0.47282216,0.4122115,0.36703703,0.34016377,0.32896554,0.3262754,0.32398722,0.3159143,0.29865995,0.2714338,0.23571631,0.19521539,0.15645483,0.12976666,0.12575375,0.14273813,0.16790517,0.19056378,0.2048476,0.20793854,0.19889516,0.1781037,0.14697196,0.10771282,0.063278824,0.019904528,0.03653423,0.07935718,0.11796631,0.14966072,0.17323138,0.1883367,0.19541113,0.19555467,0.19034368,0.18154721,0.17076018,0.15902103,0.14655338,0.13278082,0.11664173,0.09706637,0.07345599,0.0463041,0.021320786,0.032489967,0.066047855,0.101431414,0.13488454,0.16431955,0.18829073,0.20603614,0.21761966,0.22404042,0.22722518,0.22977984,0.23437056,0.24279766,0.25521275,0.27002406,0.28450716,0.29564402,0.30080938,0.29825637,0.28753412,0.27002534,0.24979852,0.23465294,0.23559538,0.26135448,0.31188223,0.3804934,0.45968676,0.5434144,0.6270405,0.70694304,0.78024495,0.8446674,0.8984481,0.940287,0.96930385,0.98500216,0.98723745,0.97619265,0.9523583,0.9165182,0.8697365,0.81334287,0.7489124,0.6782352,0.60327595,0.52612215,0.44892365,0.37383047,0.30293822,0.23825721,0.1817296,0.135313,0.101025626,0.08029896,0.07173814,0.07013628,0.070060365,0.06863132,0.06515906,0.060122594,0.054461554,0.04907682,0.04442617,0.040311817,0.036029894,0.030818539,0.024405524,0.01795164,0.01639121,0.024147121,0.036993496,0.051326353,0.06534625,0.077788725,0.08762742,0.09405664,0.09654595,0.09493075,0.08955827,0.08155624,0.0733243,0.06902111,0.0733323,0.087568544,0.10897852,0.1340375,0.16001017
82,0.17347664,0.15654211,0.13423419,0.10767556,0.078232095,0.047523808,0.01819401,0.016777357,0.041422796,0.06337934,0.08068005,0.09294062,0.100597344,0.10501544,0.10856327,0.11428142,0.12480968,0.14105693,0.16185825,0.1847584,0.20691524,0.22560845,0.23846412,0.24357328,0.23958522,0.2257994,0.20227134,0.16998357,0.13129798,0.091712646,0.06692717,0.08121575,0.12096036,0.16453074,0.20306695,0.23201576,0.24841464,0.2504599,0.237692,0.211676,0.17788278,0.15058108,0.1558885,0.2058783,0.2844927,0.37549105,0.4690351,0.5583669,0.63818085,0.70417285,0.75299716,0.782346,0.79104686,0.7791353,0.74788654,0.6998024,0.6385595,0.5689276,0.49665463,0.42824566,0.37036806,0.3283523,0.30368936,0.29243866,0.28701887,0.2799184,0.26605076,0.24326077,0.21214493,0.17611055,0.14231862,0.12295278,0.1289251,0.15528423,0.1882514,0.21798643,0.2390497,0.2485739,0.24535143,0.22943674,0.20191647,0.16471584,0.12040681,0.072068445,0.024210254,0.029313883,0.07146602,0.10810455,0.13678584,0.15665409,0.16776018,0.17097357,0.16787037,0.16052972,0.15119325,0.14176537,0.13324973,0.12540945,0.11694177,0.106099464,0.091377996,0.0720119,0.048462875,0.02516801,0.028434724,0.057985116,0.09119184,0.12316132,0.1516509,0.17518884,0.19298165,0.20499894,0.21204184,0.21571562,0.21821532,0.22183524,0.22824313,0.23782857,0.24954304,0.261321,0.27076817,0.2757877,0.27505383,0.26841173,0.25733036,0.24546723,0.23903842,0.24578013,0.27137595,0.3161556,0.37612733,0.44608876,0.5213248,0.5979217,0.6726408,0.7427639,0.8059904,0.86037934,0.9043215,0.9365311,0.956051,0.96226656,0.95492494,0.9341534,0.90047306,0.8548025,0.7984458,0.73306423,0.66062856,0.58335394,0.50362176,0.4238936,0.3466297,0.27422744,0.20901242,0.15333775,0.10984985,0.08156793,0.06966739,0.06908278,0.071713746,0.072802335,0.071113735,0.06727259,0.06271702,0.058977924,0.056952946,0.056401152,0.056135196,0.05472151,0.051054604,0.04461489,0.03563573,0.025701888,0.020215467,0.026729979,0.040796142,0.056479,0.071192205,0.08345614,0.09224622,0.09689456,0.09712861,0.09317953,0.08599355,0.07763162,0.07178459,0.07323707,0.084535226,0.103832886,0.12755306,0.15266597
83,0.16600674,0.14881334,0.12687938,0.10132631,0.073498145,0.04500285,0.018666035,0.016002776,0.0368739,0.05577934,0.07038361,0.08045478,0.086689614,0.09076956,0.095311284,0.10322032,0.11636625,0.13462333,0.15619262,0.1785318,0.19901517,0.21523672,0.22515218,0.2271781,0.22028664,0.20410877,0.1790719,0.14667414,0.110318,0.07846655,0.071009554,0.096988164,0.13634133,0.1752219,0.20726411,0.22860053,0.23655982,0.22947107,0.20683137,0.16991317,0.12414029,0.09041395,0.114903025,0.18858588,0.2795649,0.3752223,0.46883467,0.555251,0.630118,0.6898272,0.73162496,0.7537449,0.755515,0.73742014,0.70111465,0.6493843,0.586068,0.51594716,0.44460064,0.37814826,0.3226215,0.2824606,0.25817147,0.24518512,0.23606141,0.22409621,0.20532261,0.17891118,0.14739868,0.11810771,0.10527405,0.120374605,0.15498355,0.19485122,0.2312216,0.25918332,0.27588925,0.2798903,0.27088335,0.24956618,0.21749741,0.17693314,0.13064548,0.08177983,0.034337528,0.019692333,0.056527514,0.08905568,0.113415845,0.12896909,0.13608904,0.13599253,0.13063009,0.122493334,0.114223816,0.10791325,0.10426996,0.10231911,0.1000654,0.09557398,0.08778464,0.077061795,0.06593899,0.06010237,0.06603388,0.083459094,0.10680521,0.13134475,0.15410398,0.17327946,0.18793637,0.19791245,0.20376869,0.20669356,0.20829399,0.21023215,0.21375059,0.21926188,0.22623006,0.23341654,0.23934267,0.24276671,0.24308051,0.24063794,0.23704378,0.23532976,0.23970643,0.25445506,0.28220764,0.322992,0.37481043,0.43480867,0.5000419,0.5677448,0.6353601,0.70050293,0.7609326,0.81455106,0.8594275,0.89384604,0.9163669,0.9258946,0.9217432,0.90369076,0.8720158,0.8275106,0.7714674,0.7056369,0.6321613,0.55348545,0.4722534,0.3912015,0.31306332,0.24051657,0.17623444,0.12318399,0.08531834,0.06706719,0.06621682,0.071819186,0.07595488,0.0762938,0.0733704,0.069045275,0.06565615,0.065000854,0.06726904,0.07100703,0.07416232,0.074991,0.07237642,0.06584837,0.055559304,0.042391244,0.028735036,0.022027358,0.03085201,0.047024067,0.06366049,0.078192,0.08926104,0.09604987,0.098190665,0.095821716,0.089743026,0.08172297,0.0749468,0.07389601,0.0819221,0.09834485,0.11987623,0.14329447
84,0.15434238,0.13721707,0.1160892,0.09204843,0.06636336,0.04049848,0.01679716,0.012960864,0.030574402,0.046111755,0.057630654,0.06521948,0.06995055,0.07392543,0.07997849,0.09054646,0.1063271,0.1261358,0.14778493,0.16885057,0.18702562,0.20026672,0.20688823,0.2056528,0.19586907,0.17750789,0.15138613,0.11961495,0.08713777,0.066787414,0.0770753,0.10988839,0.14759363,0.18161342,0.20731775,0.22152987,0.22196293,0.20715104,0.17652297,0.13061833,0.0723423,0.03381244,0.10040905,0.18982689,0.28401932,0.37770954,0.46645755,0.5461652,0.6131844,0.6644992,0.69790107,0.71212935,0.7069656,0.68327427,0.64298797,0.5890427,0.5252701,0.45625713,0.387171,0.32348526,0.27038214,0.23140316,0.2064106,0.19075724,0.17755406,0.16106793,0.13856505,0.111098275,0.08572376,0.07967366,0.10411694,0.14533104,0.18990487,0.2308782,0.264131,0.28699166,0.2978732,0.29617116,0.2822021,0.25711915,0.22278972,0.18163897,0.1364798,0.09039552,0.047095697,0.01887495,0.038019683,0.06340293,0.0818876,0.092406675,0.09548934,0.09258219,0.0859198,0.07839097,0.07305874,0.07193658,0.07472217,0.07926849,0.083306864,0.08556206,0.08605821,0.08609264,0.08789794,0.09368584,0.10433974,0.118968,0.13565725,0.15239255,0.16753927,0.18000078,0.18924262,0.19525835,0.19848897,0.19969086,0.1997539,0.19949259,0.19946252,0.19986899,0.2006112,0.20144783,0.20222087,0.20306498,0.20454854,0.20770933,0.21395409,0.22481367,0.2416167,0.26522422,0.29594514,0.33361512,0.37772125,0.42747846,0.48184177,0.53948563,0.5987882,0.65784484,0.71452063,0.76653904,0.8115984,0.8475052,0.8723097,0.8844345,0.88278437,0.8668283,0.83664984,0.7929599,0.7370738,0.6708518,0.59661037,0.5170091,0.43492484,0.3533266,0.27517527,0.2033989,0.14108182,0.09227616,0.063732795,0.059988197,0.069042936,0.07748492,0.08097295,0.07961335,0.075402424,0.07132693,0.070375234,0.07388481,0.080674,0.08818714,0.09398436,0.09632597,0.09420561,0.087259844,0.07569042,0.060244557,0.04240642,0.025834795,0.022546576,0.036948226,0.05517819,0.07186466,0.085135125,0.09402417,0.098094165,0.09741983,0.09269056,0.08543119,0.07834322,0.075360335,0.08009823,0.09302482,0.11152653,0.13239308
85,0.13917498,0.12244697,0.1025157,0.080417365,0.057309337,0.034428608,0.013220166,0.007888851,0.022983152,0.034923386,0.043043625,0.047946792,0.051284716,0.05576535,0.06422696,0.07793222,0.096054815,0.11664767,0.13751209,0.15653148,0.17177962,0.18159138,0.1846417,0.1800347,0.16740339,0.14704023,0.12015095,0.08963198,0.06314754,0.059241876,0.08432678,0.119931564,0.1548383,0.18383051,0.20354712,0.21150185,0.20591861,0.18575943,0.15080838,0.10186947,0.042577658,0.042941004,0.1212929,0.20771642,0.29595834,0.3818443,0.46145448,0.53116554,0.5878251,0.6289306,0.6527821,0.6585944,0.6465608,0.61786175,0.5746211,0.5198113,0.45711792,0.39077085,0.3253417,0.26546305,0.21530496,0.17748867,0.15147258,0.13293797,0.115854055,0.0956362,0.07135674,0.049893886,0.054539412,0.08897631,0.13360174,0.17931521,0.22153518,0.2570442,0.28345504,0.29916435,0.30337885,0.29612058,0.27818745,0.25106582,0.21680136,0.17784233,0.13687934,0.09673673,0.060518175,0.03312838,0.026011575,0.036228232,0.045877,0.050131492,0.048908655,0.043620113,0.036835097,0.032458212,0.03413601,0.041252345,0.05050164,0.059701454,0.068227135,0.0764924,0.08543453,0.09595274,0.10841863,0.12249675,0.13730915,0.1517525,0.16478682,0.17563109,0.18386653,0.18945827,0.1927011,0.19409525,0.19417226,0.193315,0.19163644,0.1889764,0.18503663,0.1796262,0.17296238,0.16596335,0.16042991,0.15889455,0.16385882,0.17661771,0.19667107,0.22229326,0.25154853,0.28298,0.31587672,0.35027418,0.38677964,0.42626113,0.46945557,0.5165957,0.5671626,0.6198228,0.672535,0.72276634,0.7677519,0.80475193,0.8312804,0.845294,0.845336,0.8306331,0.8011447,0.7575655,0.70128345,0.6342993,0.55911267,0.47858557,0.3957939,0.31388566,0.23597603,0.16516423,0.10498456,0.061672334,0.0482888,0.06067809,0.07532094,0.08385264,0.08566324,0.08260392,0.077882215,0.0754206,0.078214176,0.08630259,0.097115874,0.1075521,0.11516535,0.1183504,0.11623866,0.10858222,0.09566478,0.07823963,0.05753481,0.03562678,0.019067874,0.02637173,0.04574103,0.064488254,0.07987045,0.09079562,0.09679131,0.097898,0.09472356,0.0885889,0.08175535,0.077506416,0.07924737,0.08829379,0.10299741,0.12046534
86,0.12135521,0.10538907,0.08705916,0.06735255,0.04734054,0.028137784,0.01098985,0.0055505913,0.01609386,0.023597335,0.027676588,0.029522417,0.031886768,0.0383639,0.050598323,0.067505665,0.08707707,0.10732563,0.12640245,0.14259411,0.15435733,0.1603853,0.15968876,0.15168257,0.13628112,0.11403793,0.08650145,0.057739608,0.041770127,0.058802217,0.092368014,0.12740995,0.15844126,0.1822589,0.19647564,0.1993261,0.18974224,0.16756698,0.13411546,0.094461136,0.06902934,0.09676427,0.16040972,0.23516823,0.31213298,0.38626876,0.45361525,0.51083213,0.5551971,0.5846991,0.5981349,0.59517646,0.5763952,0.5432363,0.49794346,0.44343802,0.383158,0.32086548,0.26042253,0.20550884,0.15918507,0.123113655,0.09645804,0.07548855,0.055301093,0.03320091,0.02062139,0.04593555,0.08491124,0.1274945,0.17007492,0.209718,0.24384443,0.27033487,0.28765857,0.29496518,0.29212472,0.27971262,0.25894263,0.23155406,0.19966418,0.16559875,0.13171507,0.10023067,0.073059246,0.051614735,0.036445342,0.02662508,0.019754302,0.013724133,0.009555179,0.012498135,0.020349883,0.028676644,0.035768997,0.041108157,0.04522092,0.049779277,0.05712948,0.06893539,0.085164845,0.10446287,0.12499054,0.1449298,0.16271567,0.17717132,0.18760632,0.1938778,0.1963939,0.19603114,0.19393829,0.19122298,0.18858296,0.18602699,0.18284364,0.17786123,0.169898,0.15827829,0.14340249,0.12750533,0.11561524,0.1151662,0.1308979,0.16024084,0.19723327,0.236876,0.27585354,0.31224284,0.34532622,0.37551177,0.40420723,0.43351918,0.46572137,0.5025746,0.5447267,0.5914323,0.6406657,0.6895051,0.7345992,0.77259016,0.8004453,0.8156955,0.8165952,0.80221456,0.77247334,0.7281217,0.6706743,0.6023038,0.5257018,0.443918,0.36018842,0.27777025,0.19981281,0.12936136,0.070045084,0.032755148,0.043058813,0.06641856,0.082418345,0.089642495,0.08973156,0.08574717,0.08189292,0.08252849,0.08974651,0.10201371,0.115953915,0.12841143,0.13710149,0.14058053,0.13811289,0.12956074,0.11529556,0.09612009,0.07320774,0.04813625,0.02375314,0.016076894,0.03537117,0.056065354,0.07344359,0.086322255,0.094230525,0.09719671,0.09576353,0.09107083,0.084980674,0.08011746,0.079369105,0.084448494,0.09473487,0.1080006
87,0.1019669,0.087223575,0.07102042,0.054361224,0.038396172,0.024575524,0.015261901,0.01331539,0.0154503,0.016305994,0.014304542,0.011070299,0.014139139,0.026173882,0.04268897,0.061382428,0.08070839,0.09921919,0.1154912,0.12816791,0.13603292,0.1380899,0.13364081,0.12235876,0.10436041,0.0803181,0.05187823,0.025455754,0.033301435,0.06628017,0.10103491,0.13280311,0.15897655,0.1774954,0.18677285,0.18583454,0.17458089,0.15432072,0.12912865,0.10923782,0.11276861,0.14756721,0.2021216,0.26490957,0.32894757,0.38948286,0.4428377,0.48607925,0.51697725,0.5340454,0.53659046,0.52473646,0.49941093,0.4622862,0.4156763,0.36239287,0.3055661,0.24843603,0.19411576,0.14531301,0.103969485,0.07075943,0.044534717,0.022409573,0.007118093,0.028583556,0.05865697,0.09288676,0.12945387,0.16613266,0.20054834,0.23045051,0.25393182,0.2695911,0.276641,0.27495882,0.2650806,0.24814115,0.22576387,0.19990647,0.17266738,0.14605556,0.1217277,0.100722834,0.08329746,0.06905328,0.057497676,0.04888804,0.044709604,0.046439018,0.053125475,0.06179973,0.06954674,0.07425384,0.0746503,0.070402585,0.0625144,0.054357484,0.05280822,0.06380142,0.08494318,0.11058359,0.1365766,0.16014965,0.17940992,0.19319868,0.20109183,0.20341854,0.2012284,0.19614613,0.19004938,0.18454368,0.18035762,0.17697378,0.1727734,0.16562487,0.15359288,0.13557579,0.11204987,0.08683966,0.072051905,0.08582056,0.12426885,0.17295356,0.22396119,0.27299276,0.31730178,0.35524383,0.3862939,0.41115403,0.43178463,0.4512138,0.472992,0.50028443,0.5348749,0.57655656,0.6231991,0.6713412,0.7169315,0.75595045,0.78484005,0.8007715,0.801797,0.7869196,0.75609905,0.7102045,0.6509206,0.58061576,0.5021783,0.41883382,0.33395082,0.25084865,0.17261879,0.10198249,0.04133628,0.012194831,0.047994178,0.073851034,0.088780284,0.09440738,0.0934642,0.08986739,0.08842414,0.093111195,0.104552165,0.12009474,0.1361816,0.14984736,0.15900886,0.16237564,0.15933083,0.14983408,0.1343363,0.11369559,0.08909344,0.061968483,0.034101114,0.010803641,0.024138555,0.04659617,0.06582301,0.08056614,0.09038318,0.095298044,0.09578786,0.092815205,0.08787108,0.08296039,0.080323026,0.081644,0.08712673,0.0954705
88,0.08252632,0.069695525,0.05648406,0.044064544,0.033841036,0.027233813,0.024575202,0.024050465,0.02308696,0.02000055,0.014254086,0.0077457624,0.012510645,0.026413346,0.042933185,0.060371224,0.07745553,0.09294148,0.1056158,0.11435569,0.11819859,0.116410896,0.108548835,0.09450666,0.07454795,0.049316637,0.019825675,0.01258161,0.04628013,0.07946127,0.11022295,0.13669516,0.15717727,0.17029531,0.17519134,0.17178299,0.16118906,0.14652273,0.1341766,0.13400343,0.15355036,0.19101539,0.23924722,0.291633,0.34316376,0.38997585,0.42902127,0.45795783,0.4751457,0.47967437,0.4713818,0.4508452,0.41933474,0.37872672,0.33137822,0.27996638,0.2272995,0.17610495,0.1287981,0.087236434,0.05249479,0.025048943,0.011876636,0.027402464,0.049657468,0.07531814,0.104106635,0.13486826,0.16576923,0.1946992,0.21960016,0.23871274,0.25075477,0.25504056,0.25154307,0.24090059,0.22436793,0.20371272,0.181051,0.1586042,0.13834925,0.121571615,0.10849141,0.09831809,0.089918934,0.082763374,0.07757161,0.07614779,0.07999165,0.08861438,0.099592514,0.10992829,0.116996445,0.11886798,0.11442353,0.1034846,0.08713279,0.068696536,0.056417733,0.06229683,0.08506332,0.11417302,0.14299908,0.16798928,0.18706824,0.19917741,0.20418833,0.20288716,0.19691125,0.18854053,0.1802285,0.17382403,0.16973364,0.1665996,0.16180938,0.15244746,0.13612163,0.111526184,0.079204455,0.045885243,0.048463576,0.09573846,0.15444249,0.21535106,0.27425596,0.32799825,0.37415123,0.4111747,0.4386499,0.45749852,0.47010708,0.48022637,0.4924547,0.5111817,0.5392232,0.57683104,0.62167114,0.66964823,0.7159638,0.7559492,0.7855792,0.8017441,0.8023752,0.78648,0.7541143,0.7063045,0.64492726,0.5725541,0.4922694,0.40747258,0.32167575,0.23831299,0.16058956,0.09148994,0.035276,0.026478928,0.057688747,0.08080978,0.09374977,0.09823521,0.09742705,0.09570967,0.09783442,0.10667168,0.12151667,0.139285,0.15661018,0.170798,0.17996421,0.18295598,0.17925797,0.16890845,0.15241808,0.1306846,0.104902156,0.07646973,0.04692163,0.018141957,0.012270269,0.03609688,0.056997973,0.07352587,0.08527173,0.09224404,0.09483624,0.093820855,0.09033497,0.08582638,0.08188938,0.079898655,0.080502585,0.083353035
89,0.06543385,0.05567668,0.046902467,0.04030587,0.036648594,0.035578065,0.035682313,0.035397757,0.033694524,0.03030889,0.026034625,0.023473002,0.026570637,0.035953,0.04890091,0.06302038,0.076633155,0.088403665,0.09719472,0.102054246,0.10224981,0.09731947,0.08713214,0.07197755,0.05281156,0.03253854,0.024203105,0.04211996,0.06865874,0.0954952,0.11978167,0.13968879,0.15387441,0.16151726,0.16250578,0.15776041,0.14974122,0.14304683,0.14417887,0.1586219,0.18690872,0.22513884,0.26827836,0.3118573,0.35220692,0.3863641,0.41201138,0.4274761,0.4317543,0.42453003,0.40617254,0.37770057,0.3407106,0.29726908,0.24977234,0.20078236,0.1528491,0.10834571,0.06940451,0.038456988,0.022491304,0.03039708,0.04705358,0.06587756,0.087204635,0.111323975,0.13743353,0.163881,0.18862216,0.20960516,0.22504944,0.23364247,0.23467341,0.22811222,0.21463968,0.19563387,0.17311892,0.14966837,0.12819906,0.11145875,0.1009931,0.09612364,0.09436632,0.09324849,0.091773465,0.0908198,0.09261943,0.09924769,0.110875726,0.12551057,0.14014986,0.1518474,0.15820737,0.15757607,0.14915127,0.13310562,0.11084578,0.08581379,0.066001445,0.06540673,0.0863278,0.11574754,0.14470306,0.16888599,0.18610382,0.19547325,0.19722849,0.19266325,0.18402489,0.17420293,0.16601908,0.16110224,0.15893151,0.15692428,0.15153229,0.13942021,0.118167475,0.086609125,0.04558387,0.021377627,0.07431136,0.13971145,0.20821817,0.27595878,0.33944508,0.39557812,0.44190317,0.47689694,0.50024754,0.51310134,0.5182239,0.5199518,0.5237112,0.5348814,0.55714905,0.59116143,0.63438153,0.6821167,0.7288833,0.76944315,0.7993855,0.81539315,0.815334,0.79825854,0.7643384,0.71475977,0.6515801,0.5775542,0.49594092,0.41030124,0.32430723,0.24159515,0.16575964,0.10090892,0.0551962,0.048056573,0.06784639,0.0862798,0.097221084,0.10146956,0.10213914,0.10353727,0.1096532,0.12204432,0.13923764,0.15822545,0.17599401,0.19013993,0.19896947,0.20145322,0.1971581,0.18617618,0.16904871,0.1466826,0.12025978,0.09114261,0.06078212,0.030658122,0.0040009418,0.024641644,0.04702398,0.06527757,0.07899686,0.08814495,0.09299979,0.09412241,0.09231097,0.08853186,0.08381724,0.07912014,0.07514157,0.07219841
90,0.054550797,0.049363222,0.046084613,0.044955112,0.04542342,0.046443645,0.046981595,0.046336148,0.044274483,0.041140374,0.03802557,0.0368319,0.03949019,0.04634401,0.05600451,0.06664141,0.07667163,0.08482502,0.09010236,0.09177054,0.08939935,0.082940236,0.0728847,0.060644742,0.0495156,0.045824558,0.054444462,0.07185259,0.09235526,0.11232066,0.12948336,0.14232339,0.14992544,0.15206867,0.14946443,0.14413282,0.13979179,0.14158538,0.15400316,0.17801,0.21093176,0.24868123,0.28730956,0.32343093,0.35424474,0.3775194,0.39160493,0.39546314,0.38869315,0.37153757,0.3448595,0.31008756,0.26912883,0.22425747,0.17799431,0.13301697,0.092220284,0.059353266,0.040983234,0.04233546,0.053802893,0.06672178,0.08004402,0.09520541,0.11334958,0.13427515,0.15653068,0.17799705,0.19642761,0.2098097,0.21659172,0.21582599,0.20725358,0.19134304,0.16929685,0.14305377,0.11535002,0.089939356,0.071792744,0.06528621,0.0689367,0.076239094,0.08233378,0.08581079,0.0879548,0.09183108,0.10060857,0.11533262,0.13429728,0.15434565,0.17218998,0.18502024,0.19072807,0.18801926,0.17650482,0.15681055,0.13080268,0.1022588,0.07881846,0.07326088,0.08974617,0.1162688,0.14260548,0.1637902,0.17756425,0.18329781,0.18168561,0.17463744,0.165094,0.15648374,0.15153733,0.15077965,0.15198237,0.1512237,0.14444585,0.12842911,0.101161264,0.061986685,0.014126974,0.05256249,0.12146006,0.19559962,0.27112663,0.34425092,0.4113281,0.46914256,0.5152096,0.5480713,0.5675735,0.57510793,0.57377553,0.5683559,0.5648517,0.56933385,0.5861484,0.61631525,0.6572332,0.70381045,0.7500612,0.79031706,0.8198787,0.8352813,0.8343585,0.81620723,0.7810962,0.73033494,0.66611075,0.59130216,0.50927794,0.42369696,0.33833027,0.25694954,0.18339299,0.12215742,0.08033662,0.067289844,0.07661028,0.08994063,0.09937268,0.10446603,0.10779382,0.11296681,0.122797936,0.13780233,0.15628691,0.17559306,0.19312194,0.2067684,0.21502586,0.21697696,0.21225008,0.20096168,0.18364733,0.16118313,0.13469933,0.105490044,0.07492424,0.044368755,0.015229305,0.01256381,0.036109786,0.05603067,0.07176281,0.08317577,0.0903947,0.09375101,0.093727775,0.090896085,0.085848816,0.07914425,0.071281515,0.06274508
91,0.0537553,0.05305144,0.053642612,0.055057745,0.05659084,0.05755142,0.05743692,0.056030452,0.053471733,0.050331388,0.047658212,0.046826683,0.048933696,0.05404071,0.061152693,0.06886291,0.07585383,0.081070654,0.0837651,0.08353568,0.08040828,0.0749866,0.06870206,0.064065516,0.06425197,0.07112718,0.08364523,0.09909081,0.11479149,0.12863125,0.13904583,0.14501236,0.14613655,0.14285396,0.1367662,0.1310527,0.1304484,0.13959824,0.16009448,0.18974455,0.22465657,0.26097813,0.2954054,0.32520434,0.34817886,0.36267483,0.3676085,0.3624972,0.34747642,0.32329306,0.29127386,0.25327224,0.21161053,0.16905703,0.12892821,0.09547057,0.074191086,0.068823926,0.07481705,0.08395153,0.09199773,0.098603986,0.105476856,0.11480607,0.12779315,0.14389752,0.1611833,0.1771479,0.18937455,0.19589043,0.19534239,0.18707906,0.17117544,0.14841221,0.12022098,0.088632666,0.056412697,0.028855268,0.024478994,0.042327233,0.05918019,0.07023216,0.07531898,0.076467186,0.077903874,0.08496832,0.10056675,0.12311902,0.14872348,0.17342061,0.19389889,0.207608,0.21280622,0.20862482,0.19514267,0.17348282,0.14601147,0.116878055,0.093246676,0.08518093,0.09611203,0.116912976,0.1379535,0.154045,0.1629948,0.16455299,0.1600465,0.15220642,0.1447602,0.14126086,0.1431358,0.14851116,0.15320031,0.15260316,0.1429012,0.12147732,0.08703163,0.03998748,0.024912141,0.093410246,0.17116822,0.2530641,0.33506143,0.4131325,0.48348236,0.54284436,0.5887787,0.6199558,0.6364153,0.6397851,0.633421,0.622364,0.6128978,0.6114321,0.62271625,0.6481393,0.68527824,0.72897804,0.77304167,0.8115706,0.83969384,0.8538549,0.8518646,0.8328439,0.7971101,0.7460256,0.68182087,0.6073981,0.52612615,0.44164023,0.35766777,0.2779156,0.2060955,0.14625356,0.10352597,0.08332982,0.08336141,0.091844685,0.100473106,0.10740191,0.11413146,0.12309944,0.1359307,0.152531,0.17134528,0.19018517,0.20689328,0.21967328,0.22720882,0.22868621,0.22377434,0.21258181,0.19559845,0.17362514,0.14769582,0.118996285,0.08878521,0.05832851,0.028909026,0.0052720313,0.024882225,0.04622244,0.06390193,0.077560015,0.087125115,0.09269206,0.094466545,0.09271624,0.08772782,0.079776734,0.06912027,0.05603793
92,0.06203019,0.06348487,0.065196075,0.06672752,0.06762619,0.06752744,0.066233546,0.06377428,0.060459066,0.056915574,0.05406727,0.05293609,0.05419863,0.057760563,0.06279717,0.06818329,0.07287746,0.07611252,0.07748562,0.07703811,0.07535735,0.07366437,0.07371869,0.07725191,0.08502381,0.09637347,0.109691285,0.1231113,0.13490069,0.14361365,0.14817975,0.14801277,0.14318566,0.13472416,0.12507291,0.11855507,0.12070236,0.13504913,0.16043474,0.19277433,0.22779657,0.26195073,0.2923889,0.3168489,0.3336096,0.34150007,0.3399288,0.32891062,0.30908,0.28168914,0.24859919,0.2122863,0.1758986,0.14336893,0.11928487,0.10733608,0.10694082,0.112880945,0.11960168,0.123939045,0.12513718,0.12424746,0.12350768,0.12542567,0.13148426,0.14122598,0.15253192,0.16264565,0.16902095,0.16973518,0.16363403,0.15036033,0.13033138,0.10469205,0.07529528,0.045018848,0.021690434,0.029236479,0.05019836,0.06726042,0.07725008,0.07943901,0.074696176,0.06628682,0.061588135,0.070056506,0.0925903,0.12246476,0.15363383,0.18190284,0.20424551,0.2185171,0.22342362,0.21857081,0.20452918,0.18291475,0.15654138,0.12974612,0.10874989,0.100255005,0.10568675,0.11880004,0.13216852,0.14124542,0.14427118,0.14167112,0.13576645,0.13041434,0.12976499,0.13579561,0.14664496,0.15778625,0.16424371,0.16182297,0.14748023,0.11942267,0.07731783,0.025847802,0.054717,0.13239111,0.21820904,0.3071928,0.39501756,0.47748905,0.55075556,0.6115897,0.65767056,0.6878438,0.7023504,0.703007,0.6933035,0.67832476,0.6643131,0.6576384,0.66316223,0.682611,0.71400225,0.75252545,0.79215014,0.827015,0.8522342,0.86423165,0.8608074,0.84107506,0.80533445,0.7549097,0.69196266,0.61929244,0.54012966,0.45793757,0.37623662,0.29847836,0.22801353,0.168234,0.12292222,0.09602225,0.08802863,0.09222234,0.100741066,0.110176876,0.12050106,0.13279265,0.14772956,0.16496994,0.18327945,0.2009845,0.2163847,0.22800821,0.23473778,0.2358584,0.23105961,0.22041006,0.20431317,0.18345015,0.15871523,0.13114844,0.101872265,0.072046205,0.042902738,0.016671658,0.015679715,0.0367208,0.055900168,0.07154108,0.08324365,0.0908533,0.094340645,0.09375695,0.08920704,0.08083224,0.06880314,0.05332397
93,0.074316636,0.07588697,0.077047996,0.07751772,0.07704217,0.07545519,0.07273009,0.06902377,0.06471185,0.06040214,0.05688597,0.05495575,0.05507521,0.05710375,0.060355976,0.063943245,0.067106575,0.06941472,0.07087266,0.07198402,0.07372904,0.07733825,0.08380385,0.09337523,0.105437376,0.11878413,0.13196751,0.14353532,0.15216954,0.15678573,0.15663397,0.15143026,0.14155829,0.12842157,0.11505299,0.10673971,0.109786436,0.12670112,0.15415491,0.18692811,0.22066383,0.25209513,0.27874386,0.29874337,0.31078768,0.31414145,0.3086691,0.2948642,0.2738739,0.24752255,0.21834387,0.18960556,0.16518396,0.14883551,0.14241531,0.14426991,0.15018848,0.1559267,0.15866075,0.1571847,0.1517004,0.1435808,0.13508373,0.1287943,0.12660356,0.12862214,0.13303657,0.13708551,0.13816677,0.13443607,0.1250039,0.109994166,0.09066508,0.06989278,0.05363684,0.051125303,0.063230395,0.080159985,0.09465425,0.10306617,0.10356116,0.09550337,0.07946341,0.0580104,0.040157184,0.047842287,0.07830438,0.11450403,0.14953886,0.17985134,0.20302415,0.21745464,0.22236483,0.21786363,0.20500241,0.18581891,0.16337454,0.1417185,0.12539797,0.11770791,0.11818437,0.122721985,0.12666425,0.12708934,0.123412885,0.11745403,0.113255516,0.11563311,0.12676181,0.1441472,0.16262244,0.17691614,0.18264505,0.17649537,0.15627149,0.1210222,0.07171854,0.02618009,0.08158372,0.1670238,0.2598098,0.35474062,0.4473151,0.53329116,0.6088719,0.67096454,0.71743506,0.7473361,0.7610936,0.76063776,0.7494429,0.7324028,0.71539927,0.7043967,0.70406187,0.71636087,0.739943,0.77073705,0.8033057,0.83216244,0.8526243,0.86120874,0.8557394,0.835298,0.80010027,0.751332,0.69096315,0.6215506,0.54603875,0.46756867,0.3893088,0.31432566,0.24552561,0.18572325,0.13790166,0.10545121,0.09079719,0.09135752,0.100261524,0.11242565,0.12604088,0.14090583,0.15704465,0.17409036,0.19119775,0.20721446,0.22090796,0.23115,0.23703606,0.23794916,0.23358287,0.22393604,0.20928755,0.19015794,0.1672632,0.1414665,0.113734744,0.08511614,0.056801137,0.030707097,0.015916392,0.02925415,0.04841875,0.06534327,0.0787199,0.088054135,0.093100846,0.09376298,0.09006712,0.08216915,0.07039979,0.055430774
94,0.08649855,0.087174155,0.08706572,0.08601676,0.08390971,0.080705,0.07647686,0.071443714,0.06598978,0.060666148,0.056142606,0.053064484,0.051809993,0.052288696,0.0539919,0.056285612,0.05872548,0.06125349,0.06426287,0.06851231,0.074849315,0.08381511,0.0953686,0.10888891,0.12336099,0.13757454,0.15026861,0.16023378,0.1663969,0.16790539,0.16422215,0.15524788,0.14150974,0.12451156,0.107423015,0.0960123,0.09748204,0.114155225,0.14124766,0.1727056,0.20411657,0.23244707,0.25553843,0.27188057,0.28055155,0.28122622,0.27420828,0.26046854,0.24168263,0.2202558,0.19927509,0.1822009,0.17198394,0.16967328,0.17366338,0.18059398,0.1869708,0.19017002,0.1887068,0.18217812,0.171133,0.15693597,0.14159772,0.12747063,0.11664309,0.110029936,0.10675186,0.10457059,0.101066664,0.094609365,0.08486503,0.0732164,0.06344468,0.06153144,0.07066875,0.08711645,0.10513296,0.12045129,0.13020498,0.13250868,0.12628894,0.1112371,0.087791786,0.05714705,0.021876374,0.022464277,0.062432166,0.10208496,0.13809733,0.16824141,0.19085535,0.20493974,0.21026325,0.2074306,0.19789773,0.18391189,0.16831551,0.1540812,0.14345048,0.13692579,0.13297588,0.12897043,0.12263878,0.113229305,0.10238999,0.09489473,0.09742561,0.11282296,0.13696888,0.16327147,0.1859878,0.20059796,0.20361301,0.19251834,0.16584589,0.12339894,0.0675576,0.033541743,0.10374577,0.19575691,0.29399228,0.39326987,0.48909336,0.57732034,0.654334,0.71727467,0.76425964,0.79456884,0.80878067,0.8088437,0.79805434,0.78088504,0.7625689,0.7483468,0.7423989,0.7467633,0.7607803,0.7814112,0.80422354,0.82449627,0.8380402,0.84164363,0.833233,0.8118614,0.7776062,0.731419,0.67495286,0.6103796,0.5402082,0.467114,0.3937883,0.32282498,0.25666714,0.19766444,0.14833115,0.11184992,0.091967806,0.08950858,0.09896572,0.11361883,0.12987456,0.14646262,0.16298263,0.17914489,0.19449468,0.20838492,0.2200563,0.22874494,0.23377745,0.23463957,0.23101726,0.22281426,0.21015151,0.19335343,0.1729258,0.1495303,0.123962596,0.09714982,0.07022011,0.044903565,0.025954885,0.026605578,0.042278923,0.059129413,0.07342695,0.08404022,0.09046653,0.092495844,0.090151474,0.08372059,0.07388523,0.062095597
95,0.09620095,0.09560937,0.09401926,0.091371514,0.08764785,0.08289563,0.077250764,0.070956245,0.06437327,0.057977863,0.05232651,0.047963675,0.045261655,0.04427145,0.0447455,0.046376828,0.049082138,0.05313378,0.059063476,0.067383304,0.07829542,0.0915674,0.10658362,0.12246412,0.1381734,0.15260513,0.1646536,0.17328213,0.17759337,0.1769035,0.17082377,0.15936011,0.14306197,0.12330546,0.102914736,0.087315746,0.08441372,0.09785319,0.122407295,0.15116376,0.17949879,0.2045208,0.22434044,0.23777124,0.24424861,0.24383394,0.2372493,0.22591682,0.21197222,0.19817433,0.18753739,0.18250173,0.18386282,0.190321,0.19916706,0.20743239,0.21267417,0.21327041,0.2084477,0.19821273,0.18325366,0.16482472,0.14460644,0.1245164,0.106417224,0.09166193,0.08056439,0.072238386,0.06526588,0.0589507,0.054499548,0.055223376,0.063905835,0.07955655,0.09880738,0.11830439,0.13528161,0.14751844,0.15331763,0.15154327,0.14167544,0.12385744,0.098950274,0.06874432,0.037634756,0.027992435,0.056200963,0.090532035,0.12233434,0.14898601,0.16913697,0.18226682,0.18863666,0.18924606,0.18570012,0.17992543,0.17370231,0.16809274,0.16302466,0.15733288,0.14928661,0.13733698,0.12087099,0.10112606,0.08293862,0.07684282,0.09150148,0.120950066,0.15488616,0.18627612,0.21028952,0.22326337,0.22242235,0.2058882,0.17278613,0.123485714,0.061230715,0.0389698,0.12061159,0.21768188,0.319439,0.4210648,0.51827663,0.6071922,0.6845048,0.74768543,0.7951607,0.82644737,0.84223026,0.84437096,0.83582497,0.8204345,0.8025492,0.78644264,0.77556574,0.77182114,0.77515525,0.78368384,0.79429126,0.8034124,0.80770624,0.8044905,0.7919443,0.76914644,0.736013,0.69318116,0.6418666,0.58371294,0.5206436,0.454727,0.3880626,0.3227003,0.26061293,0.20376602,0.15438114,0.115553215,0.09187392,0.08686807,0.096670695,0.113199115,0.13126257,0.14874396,0.16495454,0.17970245,0.19288465,0.20432568,0.21373722,0.22074048,0.22491698,0.22586723,0.22326463,0.21689856,0.20670448,0.19278161,0.17540008,0.15500055,0.1321926,0.10776442,0.08274319,0.05865025,0.038576495,0.030168321,0.038309373,0.05296977,0.06715097,0.07851995,0.08617756,0.08979108,0.08941577,0.08551844,0.07913779,0.07221451
96,0.102065444,0.10018433,0.09718804,0.093094565,0.08796214,0.08190328,0.075096786,0.06779614,0.06033215,0.05310711,0.046575055,0.04119882,0.03737817,0.035374854,0.035311874,0.037290797,0.041513026,0.048244305,0.057648446,0.06965249,0.083918445,0.09987939,0.11678906,0.13376878,0.1498541,0.16404484,0.17536055,0.18289998,0.18590383,0.18381847,0.17636187,0.16359681,0.1460311,0.124801084,0.10209634,0.082160935,0.07243893,0.079245605,0.09899848,0.12385221,0.14857358,0.17022996,0.18712172,0.19834068,0.20364372,0.20344342,0.19883399,0.19159845,0.18411164,0.17898844,0.17835835,0.18299462,0.19195479,0.20307142,0.21381652,0.22194876,0.22581258,0.22441885,0.21742827,0.20509303,0.1881739,0.16783617,0.14552493,0.12282067,0.101277925,0.082258046,0.06679748,0.05562285,0.049432065,0.049151555,0.055357147,0.06737617,0.0835469,0.10191703,0.12053106,0.13751236,0.15114476,0.15997918,0.16294658,0.15946133,0.14951055,0.13374305,0.11361246,0.09173215,0.072760954,0.064127795,0.070698276,0.08743942,0.10693019,0.12500964,0.1399545,0.1514331,0.15997222,0.16655222,0.1721576,0.17731325,0.18176824,0.1844763,0.18386629,0.17825764,0.16627844,0.14724292,0.12159309,0.09189264,0.066405624,0.065142706,0.09391431,0.13389644,0.1735453,0.20705052,0.23043938,0.24067686,0.23554516,0.21369722,0.17473988,0.11936165,0.050374858,0.041808248,0.13280164,0.23277947,0.3356732,0.43728253,0.5337205,0.6215133,0.6977843,0.760422,0.80820745,0.84089017,0.85920304,0.86480874,0.8601683,0.8483205,0.83256435,0.816053,0.80134475,0.7900077,0.782401,0.7777204,0.7742933,0.7700097,0.7627465,0.7506888,0.73251593,0.70747066,0.67534375,0.6364097,0.59133774,0.5410971,0.4868677,0.4299641,0.37177807,0.31374717,0.257363,0.20425497,0.15644193,0.11695495,0.09082839,0.08356003,0.09315776,0.11070579,0.12969774,0.14733653,0.16270182,0.17566954,0.18642291,0.19520672,0.2021908,0.20740114,0.2107051,0.21184008,0.210471,0.20626032,0.19893615,0.18834926,0.17451416,0.1576348,0.13811897,0.1165919,0.09393479,0.07142318,0.05121158,0.037693504,0.03696416,0.0468473,0.05962233,0.071214736,0.08006276,0.08563384,0.08798652,0.08770288,0.08595393,0.084569864
97,0.10332683,0.10035166,0.0962189,0.09100861,0.084842764,0.07789184,0.0703796,0.06258471,0.054838207,0.047516126,0.041027132,0.035795208,0.032237828,0.030740192,0.031626996,0.035135183,0.041390758,0.050389286,0.061980065,0.07585658,0.09155574,0.10846697,0.12585145,0.14287104,0.15862612,0.1722009,0.18271421,0.18937343,0.19152927,0.18872881,0.1807662,0.16773216,0.15007159,0.12867638,0.10509587,0.08209879,0.064969085,0.061494865,0.07331614,0.0928502,0.11348343,0.1318134,0.14616509,0.15582986,0.16083106,0.16187496,0.16033748,0.15817593,0.15762547,0.16058356,0.16787368,0.17890587,0.1920056,0.2050719,0.21611398,0.22353707,0.22625327,0.22370525,0.21584778,0.20310383,0.18630049,0.1665886,0.14535162,0.12411175,0.104441985,0.08788061,0.07580374,0.06916355,0.068136364,0.072082564,0.079984896,0.090828285,0.1036215,0.11729672,0.1306905,0.14261958,0.15200081,0.15797487,0.1600119,0.15798812,0.15222661,0.14349607,0.13295634,0.12203072,0.11217579,0.1045513,0.099712804,0.09758543,0.0978503,0.10048226,0.10598385,0.115074374,0.1280311,0.144205,0.16202724,0.17934324,0.19378701,0.2030788,0.20525272,0.19884229,0.18304333,0.15788256,0.124500506,0.08612773,0.053659804,0.05932814,0.099512935,0.1456831,0.18796788,0.22161002,0.24322549,0.25027174,0.24102306,0.21462451,0.17113034,0.11149916,0.03754881,0.048276186,0.14270212,0.24229807,0.34335375,0.44220638,0.5354463,0.62011003,0.6938414,0.75500864,0.80277044,0.83708465,0.85865873,0.8688418,0.8694646,0.8626358,0.8505139,0.8350768,0.81792456,0.8001468,0.78228104,0.7643642,0.7460574,0.726804,0.70598066,0.6830116,0.6574352,0.62892765,0.59729904,0.56247777,0.524498,0.4834981,0.4397322,0.39359218,0.34563607,0.29662052,0.24754494,0.19973604,0.15505882,0.116465755,0.0890921,0.07966906,0.08826263,0.10586466,0.12495533,0.14215243,0.15630524,0.1672975,0.1755128,0.18154536,0.18599519,0.18931052,0.19168599,0.1930332,0.19302474,0.19119038,0.187033,0.18013519,0.1702399,0.15730129,0.14151007,0.12330327,0.10337641,0.08273606,0.06289439,0.046459682,0.037986036,0.040736437,0.050561402,0.061917976,0.07213079,0.08025695,0.08621812,0.090506665,0.09406884,0.09816618
98,0.09965596,0.0959377,0.09109063,0.085247666,0.07859226,0.07136311,0.063857906,0.056434788,0.049508035,0.04353005,0.038944356,0.03609973,0.035163973,0.036137756,0.0389995,0.043839272,0.050842,0.06015445,0.071760535,0.085431784,0.100738265,0.117083915,0.13374653,0.1499183,0.16474788,0.17738517,0.18702832,0.19297154,0.19465168,0.19169112,0.1839355,0.17148519,0.15472296,0.13434717,0.11143881,0.08764916,0.06576395,0.051000398,0.049988233,0.061266046,0.07689103,0.09185111,0.1040335,0.11275218,0.11819935,0.12127691,0.12347837,0.12662771,0.13236836,0.14154345,0.153872,0.16814676,0.1827167,0.19591333,0.20630431,0.21281543,0.21478143,0.21195972,0.20452091,0.19302137,0.17836046,0.16172536,0.14452204,0.12828125,0.114504315,0.10440052,0.098541126,0.096656166,0.09783886,0.10103793,0.10543723,0.11054365,0.11608637,0.12187919,0.12773338,0.13344131,0.13880837,0.14369285,0.1480177,0.15173557,0.1547521,0.15683553,0.15755343,0.15627217,0.15223373,0.14470345,0.13317916,0.1176844,0.09927308,0.081129976,0.070518784,0.07660167,0.09877009,0.1286738,0.15972619,0.18768935,0.2095087,0.2228514,0.22602296,0.21801244,0.19857141,0.1683086,0.12887584,0.083792426,0.045120373,0.056732826,0.10374696,0.152726,0.1955006,0.22798882,0.24726743,0.2512578,0.23874106,0.20941924,0.16400975,0.10467789,0.041195463,0.06784537,0.15480587,0.24913935,0.34462497,0.4375645,0.52493864,0.60431427,0.6738932,0.73254514,0.7797943,0.8157537,0.8410134,0.8564937,0.86328554,0.86249906,0.85514593,0.84207404,0.8239608,0.80136,0.77478325,0.7447885,0.7120486,0.6773764,0.64169306,0.60593873,0.57093805,0.5372519,0.5050565,0.47409484,0.44372714,0.41307485,0.38122037,0.34741044,0.31122148,0.27266848,0.23226628,0.19108212,0.15086739,0.114473775,0.08686308,0.07528974,0.081956044,0.09864114,0.11711044,0.1334276,0.14617784,0.15517527,0.16090108,0.16420409,0.16606447,0.1673647,0.16868383,0.17017008,0.17153823,0.17218606,0.17137279,0.16839242,0.16270195,0.15399556,0.14223453,0.12764786,0.110719875,0.09218657,0.07308485,0.054976325,0.040642623,0.034817986,0.039735224,0.050573513,0.06271678,0.0742709,0.08472506,0.094206624,0.10317339,0.112222634
99,0.0911122,0.08712678,0.08212518,0.07629248,0.06988543,0.06324232,0.056790516,0.051040344,0.04653912,0.043750897,0.04288099,0.04378523,0.046096433,0.049477518,0.05380535,0.059208408,0.06598403,0.07444769,0.08477963,0.09692978,0.11060034,0.1252828,0.14031582,0.15494369,0.16836998,0.17980663,0.18852028,0.19387573,0.19537583,0.19269627,0.1857133,0.17452313,0.1594526,0.1410627,0.120151155,0.09777285,0.075333424,0.054925393,0.04024877,0.03653815,0.04332322,0.053852394,0.06389962,0.0721354,0.07864542,0.08430927,0.090429336,0.09827764,0.108596206,0.12132094,0.13567877,0.15049963,0.16451657,0.17656617,0.1857045,0.19127262,0.19293271,0.19068438,0.18486461,0.17613202,0.16543333,0.15394324,0.14295733,0.1337083,0.12709787,0.12342418,0.122279964,0.12273126,0.12366788,0.12411996,0.12344402,0.12140804,0.11823772,0.11465488,0.11187597,0.11145265,0.11481354,0.12261111,0.1343482,0.14857823,0.16338505,0.17676191,0.1868145,0.1918692,0.19055434,0.1818804,0.16532399,0.14092197,0.10942545,0.072837256,0.03847518,0.041877396,0.08164087,0.12576944,0.16688037,0.20156184,0.22727948,0.24209215,0.244695,0.23450555,0.211738,0.17746457,0.13373448,0.08422828,0.040876754,0.054728307,0.10439117,0.15371771,0.1954842,0.22608991,0.24306607,0.24485448,0.23085885,0.2015981,0.15917172,0.10943618,0.07477335,0.103517234,0.17486297,0.25795642,0.34341204,0.42687222,0.5054952,0.5773086,0.6410423,0.6960324,0.74210745,0.7794434,0.80839914,0.82935697,0.84259784,0.84823453,0.8462163,0.8363996,0.818669,0.7930795,0.75999403,0.7201909,0.67492527,0.62593114,0.5753544,0.5256012,0.4790833,0.43785033,0.40314996,0.37505502,0.35237068,0.33294663,0.31427747,0.29411304,0.2708677,0.24379197,0.21298191,0.17932934,0.14452702,0.11131408,0.08428394,0.070580676,0.0744063,0.0892644,0.10653252,0.12170363,0.13304323,0.14020972,0.14366445,0.14438656,0.14365074,0.14276962,0.14278612,0.14419307,0.1468157,0.1499262,0.15251155,0.15354785,0.1521898,0.14786507,0.14030033,0.12950821,0.11575544,0.09952742,0.081508316,0.06262535,0.044339128,0.029945754,0.027049359,0.037452105,0.05278257,0.06881707,0.08434355,0.09904701,0.11292601,0.1260954
100,0.07813899,0.0744845,0.07004167,0.06505868,0.05989084,0.055012636,0.05100157,0.04845102,0.04778527,0.049063284,0.05195769,0.05594845,0.060557976,0.06549143,0.07068056,0.07626767,0.082546584,0.08986538,0.0985073,0.10858469,0.119980834,0.13235062,0.14516424,0.15776937,0.1694546,0.17950666,0.1872603,0.19214134,0.19370313,0.19165581,0.18588772,0.17647757,0.1636969,0.14800262,0.13002047,0.1105227,0.09040718,0.07069647,0.052606083,0.037801385,0.0288356,0.02784082,0.032647133,0.03953395,0.04698816,0.055033352,0.064178735,0.07481745,0.08694956,0.100164846,0.1137711,0.12695135,0.13889423,0.1488896,0.15639675,0.16109246,0.16290312,0.1620216,0.15890753,0.15426478,0.14898401,0.14403196,0.14027542,0.138264,0.13805258,0.1391639,0.14071742,0.14164832,0.14091764,0.13766909,0.13134722,0.12182225,0.109590195,0.09616077,0.084729604,0.080487154,0.08790929,0.10620357,0.13083376,0.15741988,0.18263859,0.20390373,0.2191173,0.22659598,0.22509056,0.21383937,0.19262391,0.16180821,0.12235126,0.07579065,0.024276176,0.030450013,0.08453693,0.1357498,0.181184,0.2182225,0.24464543,0.25877973,0.25962535,0.24694702,0.22132888,0.18420398,0.13792789,0.086327456,0.040681746,0.05247055,0.10138802,0.1492575,0.18909839,0.21773413,0.23322721,0.23467864,0.22234854,0.19801113,0.1659417,0.135701,0.1261246,0.1529621,0.20737115,0.27437395,0.34534013,0.41563568,0.48255214,0.5445026,0.6006665,0.65075153,0.69477165,0.732829,0.76492053,0.79080164,0.80993307,0.8215184,0.82462,0.81832534,0.8019304,0.77511066,0.7380568,0.6915662,0.6370871,0.57672036,0.5131887,0.44977447,0.39020237,0.33837003,0.29771686,0.27006975,0.25443742,0.24700996,0.24275845,0.23726025,0.22758049,0.21232207,0.19136043,0.16556853,0.13665739,0.10725257,0.081462555,0.065806784,0.0660265,0.078234375,0.09386516,0.1077959,0.11790083,0.12359453,0.12519145,0.12364228,0.12037132,0.11707029,0.11534606,0.11623249,0.119809814,0.1252384,0.131171,0.13620898,0.13918142,0.13924895,0.13591062,0.12897076,0.11849275,0.104750104,0.08818105,0.06935601,0.048995093,0.028285064,0.013028908,0.023939595,0.04454676,0.06562094,0.08596503,0.1051573,0.122962534,0.13922723
101,0.061603848,0.05905376,0.056116287,0.05311224,0.050489724,0.04878978,0.048530724,0.050023086,0.05323359,0.05782019,0.06329697,0.06919472,0.07515423,0.08096618,0.08658271,0.09211103,0.09778654,0.10391969,0.11081763,0.11869498,0.12759948,0.13737608,0.14767635,0.15800223,0.16776603,0.17635186,0.18317035,0.18770456,0.18954644,0.18842392,0.18421909,0.1769767,0.16690321,0.15435635,0.13982558,0.12390501,0.107260704,0.090596415,0.07462435,0.060053453,0.0476154,0.038140573,0.03257464,0.031548563,0.034646675,0.040714543,0.048759762,0.058141567,0.06837122,0.0789709,0.089440726,0.09928371,0.10805107,0.11538976,0.12108451,0.1250907,0.12755458,0.12881576,0.12938288,0.12987033,0.13088796,0.13289398,0.13605194,0.14014944,0.14461297,0.14860232,0.15113777,0.15122081,0.1479354,0.14053531,0.12853442,0.11183427,0.090991415,0.06804729,0.049692478,0.051654313,0.07664458,0.11102406,0.14735556,0.18200263,0.21239935,0.23641068,0.2522373,0.25846076,0.25412434,0.23881355,0.21272478,0.17672615,0.13246891,0.082940735,0.038278107,0.05108835,0.10173908,0.1529049,0.1981267,0.23423132,0.25898072,0.2708748,0.26917756,0.25395748,0.22610429,0.1873277,0.14020951,0.08873915,0.043740008,0.051080607,0.096491225,0.14169466,0.17938827,0.20682286,0.22271122,0.22697382,0.22089314,0.20749363,0.19215696,0.18297365,0.18871386,0.21330051,0.25345936,0.30301318,0.35669434,0.4109545,0.46366552,0.5137244,0.5607133,0.60458815,0.64538485,0.6829655,0.7168426,0.7461106,0.76949036,0.78546596,0.7924781,0.78913224,0.77439016,0.7477218,0.7092079,0.6595906,0.60027814,0.533315,0.46133867,0.38755748,0.31580856,0.2507805,0.1983649,0.16515505,0.1542881,0.16005115,0.17183268,0.18155044,0.18507093,0.1809067,0.16913791,0.15083435,0.12778717,0.102488406,0.07849788,0.061351884,0.057512987,0.06632712,0.07999917,0.092751555,0.10197744,0.10676339,0.107152514,0.103880264,0.09828891,0.0922727,0.088064596,0.0876003,0.0915718,0.099066995,0.10824186,0.117194906,0.12439252,0.12874123,0.12953903,0.12641038,0.11924935,0.10817146,0.093471035,0.075582735,0.05504946,0.03251603,0.0091897715,0.01726242,0.042010132,0.0665817,0.090246685,0.11249648,0.13290745,0.15112929
102,0.04301872,0.042733353,0.042671554,0.043115288,0.044389315,0.046774738,0.050412215,0.05525249,0.06107972,0.06757905,0.07440664,0.08124288,0.08782948,0.093995765,0.09967703,0.104923576,0.1098961,0.11484219,0.120050564,0.12578668,0.13222273,0.13938175,0.14711334,0.15510614,0.16292909,0.1700869,0.17607649,0.18043627,0.18278547,0.18285218,0.18049112,0.17569129,0.16857423,0.15938379,0.14846814,0.13625562,0.12322614,0.10988108,0.09671478,0.084192365,0.0727391,0.0627454,0.054584976,0.048623696,0.045168765,0.04432742,0.04587243,0.049281087,0.053920977,0.0592078,0.06466927,0.06995734,0.07485064,0.07926051,0.08323796,0.086972885,0.090774365,0.09502091,0.10007763,0.106193446,0.113409266,0.1215082,0.1300189,0.13825877,0.14539543,0.15051135,0.15266688,0.1509623,0.14460099,0.13295527,0.11563698,0.09258611,0.06426211,0.0328149,0.021679122,0.056435846,0.09849543,0.14113678,0.18182674,0.2183772,0.24873582,0.27104825,0.28376487,0.28575152,0.27639005,0.25566334,0.22423118,0.18353464,0.13610786,0.08712975,0.05439485,0.07443345,0.121905275,0.17061687,0.2132567,0.24639972,0.26791435,0.27655187,0.27188092,0.25427464,0.22489111,0.18565114,0.13929829,0.09002704,0.048721205,0.052733462,0.09289922,0.13497297,0.17118433,0.19921203,0.21844839,0.22953963,0.23434539,0.23589274,0.23808555,0.24491636,0.2592268,0.28174895,0.31123596,0.34545964,0.3822081,0.41983268,0.4573899,0.49453962,0.53131056,0.567808,0.60393006,0.6391592,0.6724722,0.7023795,0.7270683,0.7446043,0.75314844,0.7511551,0.73752975,0.7117386,0.6738669,0.6246291,0.5653346,0.49782,0.42435473,0.34753963,0.27022815,0.19555907,0.12746121,0.073639356,0.056335494,0.08020412,0.11040053,0.13386317,0.14792375,0.15236673,0.14794536,0.13599983,0.11832503,0.09717483,0.07550137,0.057678383,0.04986189,0.054615643,0.06604708,0.07779542,0.08665239,0.09129771,0.09140492,0.08732176,0.08000972,0.071147665,0.063334934,0.059905138,0.063201666,0.072461806,0.08484377,0.09762639,0.10887199,0.117285036,0.122021936,0.12257887,0.11873152,0.110500686,0.09813349,0.08210747,0.06320756,0.042944092,0.026157618,0.028326357,0.048400484,0.07273476,0.09735099,0.12084493,0.14238808,0.1613829
103,0.025898997,0.029805547,0.034156695,0.038888395,0.044021957,0.04961027,0.055688705,0.06223977,0.06917711,0.07634895,0.0835565,0.09058112,0.09721484,0.1032904,0.10870767,0.11345371,0.11761312,0.12136458,0.12495961,0.12868218,0.1327924,0.13746594,0.14274555,0.14851992,0.15453535,0.1604338,0.16580416,0.17023398,0.17335327,0.17486706,0.17457615,0.1723869,0.16831186,0.16246234,0.1550348,0.14629269,0.13654551,0.12612733,0.115376495,0.1046186,0.09415382,0.08424928,0.07513558,0.06700514,0.060008723,0.054246258,0.049751796,0.04647996,0.044308852,0.043071665,0.042613257,0.042852305,0.043826584,0.045704164,0.04874928,0.053244352,0.05939398,0.06725197,0.0766937,0.087422654,0.0989881,0.110801235,0.12215017,0.13221897,0.14011562,0.14491114,0.14568992,0.14160922,0.13196424,0.11625411,0.094243854,0.06601632,0.032009427,0.006969107,0.04973549,0.094781086,0.1403097,0.18432538,0.2247311,0.25944412,0.2865201,0.30427852,0.3114221,0.30714256,0.29120862,0.26403788,0.22676903,0.18140884,0.13137479,0.08420272,0.06350498,0.09166891,0.13829091,0.1842034,0.22319053,0.25222814,0.2695706,0.274368,0.2665691,0.24687406,0.21668857,0.17809573,0.1339645,0.088803664,0.054161552,0.058827765,0.09422829,0.13380788,0.17013732,0.20128134,0.22702757,0.24812324,0.2659392,0.28214335,0.2983288,0.31566766,0.33470985,0.35540602,0.3773254,0.3999558,0.42296487,0.44634405,0.47040656,0.49564844,0.5225154,0.55114734,0.5811818,0.6116764,0.64116305,0.6678046,0.6896017,0.70460457,0.71109825,0.7077474,0.6936956,0.6686217,0.63275504,0.5868556,0.5321647,0.4703315,0.40332326,0.33332792,0.26266167,0.19371128,0.12901495,0.07211192,0.03534012,0.049383968,0.079923466,0.10494547,0.12151466,0.12937981,0.129097,0.12169264,0.10856086,0.09145264,0.07260522,0.05521264,0.044266168,0.044498373,0.053315092,0.064241745,0.07330985,0.07870218,0.079671495,0.07610254,0.06838417,0.057467606,0.045254927,0.03580521,0.035821594,0.046675578,0.0625665,0.07914379,0.09416145,0.10628658,0.11464084,0.11866207,0.11806501,0.112836346,0.10325232,0.08993998,0.07406667,0.057934076,0.04654553,0.047687773,0.062270764,0.08359576,0.10690585,0.1298399,0.15105133,0.16965042
104,0.021776866,0.02876565,0.03566087,0.042408288,0.049036387,0.055619925,0.062244747,0.068973154,0.075816125,0.082718715,0.089561515,0.09617667,0.102373905,0.10797137,0.11282665,0.11686428,0.120096676,0.122635335,0.12468846,0.12654145,0.1285178,0.13092318,0.13398254,0.13778748,0.1422711,0.14721768,0.1523013,0.15713874,0.1613415,0.16455811,0.16650316,0.16697386,0.16585623,0.16312319,0.15882684,0.15308659,0.14607468,0.13800074,0.129096,0.11959861,0.10974059,0.099737264,0.08977994,0.080032736,0.07063443,0.061706718,0.053369764,0.045766518,0.039095793,0.033648312,0.02981634,0.028005915,0.028420545,0.030922785,0.035195343,0.04099186,0.04821171,0.05682426,0.0667548,0.0777937,0.089546174,0.1014198,0.1126408,0.122290835,0.12935936,0.13280766,0.13164133,0.12498764,0.112173155,0.0927977,0.066805296,0.034605347,0.0066803317,0.046829328,0.09239301,0.1393696,0.18566144,0.22909176,0.26747417,0.29873243,0.32102817,0.3328836,0.333291,0.321802,0.29859346,0.2645148,0.22114168,0.17093842,0.11800722,0.072312154,0.0642597,0.101202495,0.14797029,0.19099414,0.22576506,0.25004935,0.26269823,0.26338166,0.25249237,0.23107661,0.20077169,0.16379158,0.123145215,0.08391782,0.058964152,0.06888795,0.10251584,0.14155549,0.18016586,0.21672724,0.2509001,0.28280362,0.31266266,0.34061566,0.36663422,0.39054194,0.4121117,0.4312062,0.44791898,0.46267572,0.47625887,0.4897307,0.50424784,0.5207972,0.53992224,0.56152964,0.584843,0.6085089,0.6308051,0.6498801,0.66397,0.6715645,0.6715179,0.66310805,0.64605534,0.62050915,0.58701175,0.5464469,0.4999811,0.44900408,0.39507586,0.33988875,0.28525618,0.23314844,0.18580802,0.1459626,0.11692624,0.1015256,0.09894143,0.10374499,0.10994177,0.11373752,0.11335138,0.1082555,0.09869846,0.085486494,0.06995143,0.05417271,0.041671917,0.03756295,0.043198906,0.05329453,0.06302436,0.06992901,0.07281226,0.07114052,0.064826466,0.054150805,0.03976493,0.023007618,0.010928528,0.024043858,0.04428601,0.06430673,0.082453065,0.0976552,0.10910014,0.116214715,0.11868918,0.11651139,0.11001692,0.09998249,0.08782506,0.07599983,0.068435915,0.06950192,0.08027966,0.097730316,0.118183725,0.13903394,0.1585818,0.1756884
105,0.03528831,0.039850187,0.045161486,0.050807644,0.05655558,0.062315155,0.06808585,0.07390354,0.07979328,0.08573442,0.09164303,0.0973736,0.10273694,0.107528865,0.11156347,0.114706196,0.11690312,0.118203565,0.11877308,0.11889244,0.11893705,0.119331434,0.12047866,0.12267682,0.12604791,0.13050672,0.13578106,0.14147024,0.14711632,0.15226674,0.156519,0.15954727,0.16111498,0.16107713,0.15937565,0.15602992,0.15112373,0.14479016,0.13719532,0.12852274,0.118959896,0.10868927,0.09788626,0.08672689,0.075408734,0.064191,0.05346536,0.043876186,0.03647657,0.03265376,0.033181675,0.03715161,0.04279035,0.04871788,0.054196253,0.05899396,0.06327308,0.067497045,0.07228295,0.078165025,0.08533374,0.09348157,0.10182314,0.10923553,0.11442655,0.116081774,0.11298431,0.104114845,0.088737406,0.06647164,0.03735374,0.0025925194,0.03930366,0.084446646,0.13202946,0.18001851,0.22619188,0.26825204,0.3039586,0.3312663,0.34845853,0.3542671,0.34797058,0.3294641,0.29929817,0.2586901,0.20953101,0.15448603,0.09773148,0.05116889,0.05802205,0.103609286,0.15021236,0.18990538,0.21996412,0.23906575,0.24674195,0.24323343,0.22940002,0.20663226,0.17677909,0.14217818,0.10609959,0.07481965,0.06295593,0.08162425,0.11716335,0.15827374,0.20116279,0.24443112,0.2872696,0.32891452,0.3684957,0.405056,0.43766174,0.46555683,0.4883226,0.5060113,0.51922333,0.52909803,0.537191,0.5452261,0.5547479,0.5667545,0.58143353,0.5981018,0.615365,0.6314233,0.6444101,0.65268,0.65500504,0.65067655,0.63952404,0.6218693,0.5984313,0.57019866,0.53828734,0.503801,0.46771547,0.43080533,0.39362538,0.3565506,0.3198634,0.28386724,0.24900036,0.21592467,0.18556532,0.15906374,0.13757446,0.121828355,0.11156157,0.10527725,0.10073053,0.09577138,0.08891194,0.07949112,0.06766053,0.05443294,0.04206088,0.034789957,0.0367519,0.04561458,0.056058563,0.06478254,0.07007957,0.07105727,0.067338854,0.05895866,0.046330284,0.030329796,0.013585429,0.01581581,0.035663575,0.056648638,0.076332845,0.09348932,0.107206024,0.116834745,0.122018546,0.122734256,0.119347714,0.112695545,0.104211345,0.0960723,0.091140896,0.09214097,0.10006774,0.11360455,0.13032986,0.14795485,0.16471894,0.1793588
106,0.052308347,0.054025885,0.05670521,0.06003902,0.063759215,0.067693666,0.07176851,0.075976655,0.0803317,0.08482263,0.08938158,0.09387187,0.098097295,0.10182786,0.10483482,0.10692852,0.10799478,0.10802718,0.10715332,0.10565166,0.103951655,0.10260425,0.10220751,0.103284195,0.10614218,0.110782094,0.11690261,0.12399176,0.13144626,0.13866985,0.14513451,0.15041098,0.15417944,0.15622874,0.15644841,0.15481581,0.15137944,0.14623992,0.13953008,0.13139676,0.12198739,0.111445084,0.09991605,0.08757446,0.07467366,0.061646402,0.049313035,0.03930204,0.034395467,0.036695555,0.044487305,0.05446437,0.0643851,0.07299486,0.079596564,0.08387825,0.08588392,0.08603247,0.08512074,0.084233515,0.08446911,0.086482316,0.09008478,0.09421774,0.09728497,0.09755661,0.09345883,0.083754756,0.06770376,0.04545219,0.021598134,0.032320473,0.071300596,0.116597846,0.1643547,0.21202146,0.25712216,0.2972178,0.33001348,0.35349274,0.36604875,0.36659822,0.3546669,0.33043995,0.29477236,0.24915865,0.19566953,0.13688518,0.076027356,0.02200858,0.050105587,0.101311766,0.14592339,0.18120717,0.20586349,0.21936971,0.22188914,0.21419953,0.19759533,0.17377576,0.14477412,0.11309787,0.082688265,0.06250357,0.067592196,0.096428216,0.13633825,0.18155713,0.2299458,0.2801782,0.33091053,0.38060284,0.42758182,0.47020724,0.5070776,0.5372344,0.56033546,0.5767664,0.58766156,0.59479755,0.6003324,0.60639375,0.61458707,0.62557113,0.63886696,0.6529807,0.66577715,0.6749542,0.67847615,0.67489284,0.66352737,0.6445457,0.6189257,0.5883358,0.5549259,0.52102923,0.48878565,0.45973405,0.4344807,0.41258317,0.39273274,0.3731767,0.352209,0.3285642,0.30164012,0.2715622,0.23913899,0.20575842,0.17325607,0.14375086,0.11936376,0.10162663,0.09055106,0.08415727,0.07940955,0.07373386,0.06578714,0.055536613,0.044317644,0.035385396,0.03380333,0.040778164,0.051537126,0.0618417,0.069387175,0.07294383,0.071934864,0.06631479,0.05659805,0.0441388,0.032339133,0.02941313,0.04048805,0.058359444,0.077411935,0.09514016,0.11014769,0.1215649,0.12892213,0.13213877,0.13154756,0.12793422,0.12257778,0.1172434,0.11399889,0.114687346,0.120167784,0.12993726,0.14251857,0.15615529,0.1692717,0.18063572
107,0.06729528,0.06659507,0.066705585,0.067493625,0.068785936,0.07043832,0.07237077,0.07456466,0.07703132,0.07976759,0.08271559,0.085740775,0.08863422,0.091136694,0.09297613,0.09391047,0.09377033,0.09249965,0.09019452,0.08713995,0.083838545,0.08100988,0.07951544,0.08016192,0.083419405,0.089230984,0.09706595,0.10614381,0.115648456,0.124849185,0.13314648,0.14008054,0.14532562,0.14867866,0.15004447,0.14941718,0.14685789,0.14246987,0.13637355,0.12868503,0.119502746,0.10890734,0.09697911,0.08383942,0.06973111,0.055189613,0.0414899,0.031826984,0.031637684,0.04117887,0.05493211,0.06921861,0.08222255,0.092868194,0.1004509,0.10456479,0.10512351,0.10241181,0.09714363,0.09049915,0.08406504,0.07951175,0.07787953,0.07884255,0.08073241,0.08132136,0.07860198,0.071271524,0.05929764,0.045798406,0.042656273,0.06262028,0.09814599,0.14091893,0.1867216,0.23249686,0.27548462,0.31309664,0.3429835,0.36315262,0.3720905,0.36886758,0.35321242,0.325547,0.28697896,0.23925126,0.18465745,0.12595722,0.06653109,0.017879616,0.052252874,0.09882407,0.1376178,0.16652079,0.18467443,0.19200805,0.1891358,0.17724976,0.15798151,0.13326001,0.10527201,0.07692202,0.054395594,0.052360386,0.07636629,0.11398427,0.15882146,0.20889445,0.26298362,0.319643,0.37702927,0.43300614,0.485358,0.5320438,0.5714517,0.60262567,0.6254386,0.6406795,0.6500184,0.6558034,0.6606633,0.66694367,0.676103,0.6882828,0.7022358,0.7156388,0.7256428,0.7294596,0.7248448,0.71042806,0.685901,0.6520905,0.61094075,0.5654091,0.5192464,0.4765847,0.44122365,0.41562158,0.39995944,0.39195642,0.38772178,0.38308227,0.37461475,0.36011457,0.3386484,0.31040698,0.27649176,0.23869815,0.1993253,0.16103293,0.1267489,0.09951296,0.08173934,0.07330339,0.0704836,0.06850106,0.06427812,0.05684783,0.046967883,0.037237372,0.032685764,0.037294816,0.047826655,0.059211712,0.06849125,0.074123174,0.07538276,0.072189026,0.06514169,0.055789854,0.047319137,0.04500432,0.05247918,0.06720815,0.08479152,0.10225883,0.11781931,0.13037784,0.13933505,0.14452414,0.14619593,0.14501381,0.14203295,0.13862662,0.1363031,0.13637418,0.13955393,0.14572151,0.15402818,0.16324826,0.17212902,0.17960672
108,0.07835541,0.075598024,0.07338684,0.071722426,0.07054506,0.0697873,0.06941286,0.06942788,0.06986196,0.07072782,0.071977,0.07347098,0.0749796,0.0762065,0.076831475,0.07655891,0.075165376,0.0725465,0.068768024,0.06413046,0.059254307,0.05516178,0.053220686,0.05469351,0.059995357,0.06848048,0.07898648,0.090374686,0.101719104,0.11230911,0.121614784,0.1292593,0.13500044,0.1387152,0.14038257,0.14006132,0.13786195,0.13391505,0.12833938,0.12121609,0.11257551,0.102402195,0.09066208,0.077354655,0.062603086,0.046848666,0.03151896,0.021993972,0.027982209,0.04380301,0.061636437,0.078762725,0.093814336,0.10581661,0.114034615,0.11798384,0.11748178,0.11271166,0.10429455,0.09337648,0.08172782,0.07175143,0.06596625,0.065476984,0.06875406,0.07275668,0.07483336,0.07364821,0.06974543,0.06657573,0.07095425,0.088489875,0.118228264,0.15593016,0.19760223,0.23986359,0.27970374,0.31439766,0.34155017,0.35919455,0.36590147,0.36087364,0.3440117,0.31594524,0.2780298,0.23232739,0.18163194,0.12977405,0.08331269,0.058473546,0.072211474,0.10206826,0.12951642,0.14904319,0.15899111,0.15921965,0.15049939,0.13422792,0.11220145,0.08642955,0.059229884,0.035292752,0.03227263,0.05752056,0.09357241,0.13609703,0.18470804,0.23903294,0.29802215,0.35990652,0.42237306,0.48282954,0.5387015,0.5877301,0.6282498,0.6594225,0.6814031,0.69539934,0.7035793,0.70877504,0.7139585,0.7215492,0.73274094,0.74711144,0.76268953,0.776435,0.7849145,0.7849471,0.7740993,0.75100523,0.7155442,0.66891617,0.6136531,0.5535891,0.49376503,0.44012552,0.3986402,0.37345272,0.3646569,0.3678048,0.37606743,0.38297915,0.38386872,0.37606993,0.3586344,0.33195782,0.2974419,0.25721058,0.21388003,0.1703984,0.12999734,0.096300766,0.0732804,0.063216954,0.06252134,0.06402446,0.062952675,0.057723954,0.04882723,0.03847454,0.031373594,0.0334206,0.04337275,0.055399295,0.06586061,0.0729667,0.075917296,0.074649766,0.06986561,0.06325568,0.057857234,0.057711363,0.06521617,0.07894576,0.09575855,0.11300617,0.12887476,0.14219497,0.15229844,0.15894929,0.16230808,0.16289811,0.16155246,0.15932049,0.15731378,0.1564905,0.1574265,0.16017085,0.16426778,0.16892992,0.17326562,0.17646839
109,0.08452257,0.08005406,0.075838886,0.071972266,0.06849598,0.06543379,0.0628223,0.06072325,0.059208624,0.058320142,0.05801911,0.05815136,0.058446605,0.058552403,0.05808683,0.05669254,0.054084025,0.050090753,0.04471003,0.038205557,0.031349633,0.02599849,0.02543546,0.0314117,0.04185735,0.05434445,0.06743944,0.08026803,0.092216134,0.10282334,0.11175165,0.11877869,0.12379544,0.1267999,0.12788203,0.12719804,0.12493431,0.12126456,0.11630744,0.1100942,0.10255686,0.09354293,0.08285679,0.07032194,0.05585963,0.039607406,0.022342514,0.010769177,0.023916597,0.04381153,0.06380923,0.08239533,0.09848191,0.11112712,0.11955493,0.12321787,0.121867254,0.115624376,0.10506071,0.09131524,0.0763147,0.0631512,0.056057554,0.057754874,0.06590539,0.07577685,0.08397537,0.088996306,0.091074266,0.09234976,0.09686966,0.10910049,0.13103627,0.16126977,0.196661,0.23379909,0.26949906,0.30091864,0.32562643,0.34168646,0.34775102,0.34314293,0.3279155,0.30288556,0.26964733,0.2305948,0.18902105,0.1494285,0.1180752,0.10219254,0.10375921,0.115128584,0.12699805,0.13388379,0.1334514,0.12522979,0.10988512,0.08878435,0.0636423,0.03617639,0.008061163,0.0218896,0.051940825,0.08457932,0.12167989,0.16494069,0.21520051,0.27215412,0.3344082,0.39972743,0.46535277,0.5283355,0.58586663,0.6355893,0.6758802,0.70607996,0.72664434,0.7391728,0.7462608,0.7511174,0.75693274,0.76609135,0.7794711,0.79612243,0.8134703,0.8279255,0.8356375,0.83316225,0.81794447,0.788615,0.74514455,0.6889044,0.62268263,0.55070275,0.47867072,0.4137517,0.3639505,0.33574536,0.33000565,0.3404142,0.35728666,0.37217018,0.37951547,0.37643576,0.36205518,0.33695284,0.30274606,0.2617701,0.21682681,0.17100829,0.12765008,0.09055793,0.06456396,0.0541309,0.055947192,0.060384914,0.06151598,0.05762278,0.049153216,0.038042817,0.028519018,0.027917016,0.03729704,0.0497471,0.060910895,0.068885796,0.072908044,0.073017254,0.070082285,0.06598968,0.06374106,0.06660982,0.07597399,0.0904605,0.107575774,0.12509874,0.14139518,0.15535864,0.16633017,0.17404632,0.17859899,0.1803896,0.18006444,0.1784221,0.17628928,0.1743749,0.17313235,0.17267519,0.17278239,0.17299172,0.17274241,0.1715172
110,0.08534749,0.07952929,0.07368556,0.06798003,0.06254213,0.057491504,0.05296028,0.04910054,0.046063412,0.043944504,0.042712893,0.042165924,0.04194505,0.041603908,0.04068764,0.03879264,0.03560131,0.030900221,0.024592893,0.016730981,0.0077917525,0.005876558,0.016773628,0.02930509,0.042298675,0.055238787,0.06766745,0.0791604,0.08934344,0.09791444,0.104664,0.10949133,0.11241223,0.11355564,0.1131455,0.11146514,0.10880426,0.105394304,0.10134543,0.09660446,0.09095107,0.08403801,0.075465254,0.06486792,0.051998112,0.0367878,0.019389007,0.0006885054,0.020273475,0.041104827,0.061411362,0.08016458,0.09632635,0.1089261,0.117142424,0.12038379,0.118366644,0.11119419,0.09945354,0.08438637,0.06828598,0.05534527,0.051677573,0.059547238,0.07377237,0.088732824,0.10127221,0.10998495,0.11477672,0.11687791,0.11894253,0.1246673,0.13732773,0.15793212,0.18490368,0.21527874,0.24584182,0.27365258,0.29623845,0.31168917,0.31873107,0.3167901,0.30603662,0.28740627,0.2625954,0.23402916,0.20478013,0.17833589,0.15795729,0.14539702,0.13964163,0.13724834,0.13421904,0.12754762,0.11568886,0.09844009,0.076722234,0.052611154,0.031053107,0.027880866,0.046847086,0.07127758,0.09739541,0.12635879,0.16056034,0.20211811,0.2519392,0.30944702,0.37280414,0.4393178,0.5058494,0.56918705,0.626385,0.67507315,0.7137311,0.74190485,0.7603376,0.77096593,0.77672035,0.7810695,0.7873056,0.79769903,0.81280535,0.83122736,0.84993505,0.86496824,0.8722284,0.8681422,0.85011864,0.8168166,0.76826984,0.70592195,0.6326231,0.5526469,0.47179615,0.3976014,0.33919218,0.30521417,0.29830852,0.3114169,0.33262697,0.35187265,0.36294344,0.36280742,0.35064095,0.32713243,0.29401222,0.25371087,0.20909713,0.16329342,0.11962796,0.081928715,0.055538386,0.046542577,0.051078234,0.057442248,0.059602745,0.056140196,0.047571555,0.03556127,0.023609607,0.020280283,0.02971244,0.042627234,0.054034967,0.062204544,0.066568024,0.06737787,0.06577733,0.063963436,0.06498848,0.071426585,0.08363649,0.09996136,0.11821743,0.1365303,0.15349077,0.16811894,0.17981674,0.18833046,0.19371305,0.19627556,0.19652177,0.19506413,0.19252473,0.18943319,0.18614107,0.18277594,0.17925045,0.17532465,0.17070243,0.1651363
111,0.08083276,0.07402848,0.06697295,0.059889615,0.05299808,0.046538953,0.040798694,0.036115807,0.032829624,0.031137383,0.030924307,0.031745434,0.033003405,0.03414843,0.034782495,0.03469543,0.03389108,0.032634843,0.031517588,0.03144977,0.033389196,0.03780861,0.044455193,0.052648094,0.061633147,0.07072894,0.079352,0.08701592,0.09333484,0.09803404,0.10096426,0.102115266,0.10162395,0.09977122,0.096959405,0.093661055,0.09033185,0.087294854,0.0846282,0.08210796,0.079242654,0.07538716,0.0698865,0.062203858,0.052017696,0.039310284,0.02459649,0.011221644,0.017746603,0.035826784,0.05476803,0.072569355,0.08798052,0.0999488,0.107614316,0.110372506,0.10795178,0.10050668,0.08875967,0.07429948,0.060298454,0.052556522,0.056838155,0.0712248,0.089441955,0.10706211,0.12161053,0.13179316,0.13724005,0.13853382,0.1373391,0.13643403,0.13924608,0.14853573,0.16491269,0.18667336,0.21092296,0.23467043,0.2553643,0.2710786,0.28057542,0.2833307,0.2795346,0.27005693,0.25635687,0.24030839,0.2239067,0.20884253,0.19602188,0.18525003,0.17532048,0.16451481,0.1512449,0.13457188,0.11455335,0.09259677,0.072243385,0.060504366,0.064558566,0.081420705,0.10336776,0.12651028,0.15046269,0.17695698,0.20869814,0.2480941,0.29620743,0.3524011,0.41461617,0.47989228,0.54486775,0.6061966,0.66090053,0.7066744,0.7421469,0.7670798,0.78247446,0.7905362,0.7944293,0.79776555,0.80383474,0.8147361,0.8307203,0.85003734,0.8693507,0.8844958,0.89128095,0.8861278,0.8664965,0.8311197,0.78009945,0.7149147,0.6383894,0.5546796,0.46935725,0.3896614,0.32469276,0.284075,0.27243146,0.28359738,0.30475593,0.32476753,0.33689848,0.3379599,0.32711422,0.30507106,0.27357435,0.2350455,0.1923165,0.14844643,0.10668632,0.07085394,0.046743866,0.041119974,0.04794106,0.054848656,0.056838155,0.053007867,0.043973036,0.031123977,0.016883662,0.010879712,0.022427138,0.03582257,0.046779152,0.054214954,0.057911035,0.05844242,0.057382878,0.05745127,0.061824415,0.07218498,0.08773565,0.10644857,0.12632562,0.1457678,0.16357829,0.17891741,0.19126894,0.20041133,0.20638297,0.20943473,0.20996839,0.20846273,0.20539445,0.20116462,0.1960447,0.19015452,0.18347864,0.1759176,0.16736265,0.15777956
112,0.0714358,0.06395811,0.056114208,0.04821534,0.040639874,0.033901162,0.028721167,0.02595175,0.02605561,0.028551992,0.032392118,0.03666092,0.040784396,0.04446358,0.047596842,0.050236747,0.05256447,0.05486053,0.057455506,0.060656145,0.06466205,0.06950458,0.0750332,0.080947645,0.0868532,0.09231718,0.09691626,0.10027414,0.10209266,0.10217931,0.10047274,0.09706717,0.09223471,0.08644169,0.080346875,0.074752234,0.07045799,0.06799826,0.06736133,0.06791942,0.06865018,0.068462946,0.06643279,0.061912186,0.054577943,0.044478524,0.03220352,0.019875495,0.01641537,0.028180303,0.044402428,0.060436588,0.074513294,0.08546104,0.092412814,0.0948116,0.092487,0.08578629,0.07582206,0.06499076,0.057743937,0.05957358,0.07161626,0.08968406,0.109318994,0.12750433,0.14228256,0.15243472,0.15739463,0.15728472,0.15301241,0.14638591,0.14013784,0.13754857,0.1413054,0.15207043,0.1682239,0.18700959,0.2057334,0.22232035,0.23543943,0.24447012,0.24941258,0.25075388,0.24928086,0.2458427,0.2410956,0.23529714,0.22822724,0.2192778,0.20768651,0.19284506,0.17461917,0.15367238,0.13185492,0.112711914,0.10157628,0.103070214,0.1165023,0.13687655,0.15975472,0.18308064,0.20697123,0.23314746,0.26413175,0.30218753,0.3483591,0.40206087,0.4612733,0.523047,0.5840338,0.6409381,0.6908862,0.7317321,0.762307,0.7826006,0.7938436,0.79844254,0.799699,0.8012599,0.80632156,0.8167686,0.8325704,0.8517139,0.87068766,0.8852677,0.89130324,0.885322,0.8649153,0.8289396,0.7775844,0.7123559,0.6360188,0.5525472,0.46715367,0.386468,0.31875527,0.27311063,0.25508186,0.26048234,0.27744478,0.29469314,0.30520108,0.3056122,0.29500505,0.27402726,0.2443497,0.2082971,0.16858149,0.12813078,0.090094484,0.058370117,0.039312564,0.03838672,0.046205092,0.05216555,0.05290782,0.04807718,0.038423885,0.025210414,0.00994552,0.005822896,0.020552238,0.032982267,0.042131092,0.0474572,0.049010757,0.047703877,0.045768455,0.04695047,0.05468083,0.06915606,0.088175856,0.109410554,0.13105032,0.15173613,0.17045891,0.18651025,0.19945726,0.20911919,0.2155351,0.21891873,0.21960159,0.21796878,0.21439502,0.20919047,0.2025665,0.19462824,0.18539602,0.17485173,0.16300231,0.14995264
113,0.05812673,0.05011385,0.04183946,0.03385903,0.027088754,0.023035984,0.023199178,0.027237846,0.033375062,0.04020916,0.04699463,0.05336611,0.059164926,0.06436339,0.069028996,0.07329934,0.0773549,0.08138511,0.085549355,0.08993938,0.0945521,0.099279374,0.10391601,0.10818188,0.11175159,0.114286356,0.11546451,0.11500986,0.112717904,0.10848087,0.10231307,0.09437898,0.08502901,0.074850865,0.06474467,0.055998016,0.050187435,0.04850895,0.05072054,0.05514793,0.05981574,0.06317936,0.06421433,0.062323485,0.0572651,0.049129177,0.038380772,0.026146863,0.016058996,0.01841302,0.030955108,0.04490873,0.057459384,0.06732485,0.0737206,0.07626408,0.075067304,0.07094437,0.06576199,0.0627557,0.06572852,0.07629294,0.092680104,0.11185359,0.13112932,0.14843293,0.16220754,0.1713559,0.1752399,0.17371133,0.16715972,0.1565785,0.1436564,0.13086793,0.12137876,0.11829558,0.12310466,0.1347464,0.15063302,0.16821244,0.18566355,0.20190433,0.21638322,0.22884709,0.23913576,0.24702604,0.25214753,0.25398326,0.25195166,0.24555002,0.23453523,0.21912538,0.20022252,0.17967092,0.16052188,0.14700551,0.14333607,0.15108435,0.1679793,0.19007736,0.2142516,0.23906754,0.26471967,0.2926243,0.3247654,0.36286703,0.4076548,0.45850438,0.5135473,0.57006544,0.62496525,0.67521536,0.71821606,0.7521026,0.7759843,0.7901087,0.79592294,0.79598284,0.79364675,0.79250497,0.7955822,0.8045101,0.81899494,0.83683133,0.8544389,0.8676528,0.87247646,0.86563975,0.8449402,0.8094081,0.7593482,0.6963016,0.62296623,0.5431172,0.46157518,0.38426578,0.31826654,0.271115,0.24769421,0.24548528,0.2550537,0.26633012,0.27253795,0.27027687,0.25852808,0.23782621,0.2097086,0.17634293,0.14027004,0.104265146,0.07144398,0.04607646,0.03481725,0.038312342,0.045363817,0.049057104,0.047647625,0.04131114,0.03108752,0.018790241,0.009735433,0.016302565,0.027788112,0.037399314,0.04353481,0.045537684,0.04341075,0.038112435,0.032592557,0.03313767,0.044238046,0.06289353,0.08517451,0.10871075,0.13195693,0.1537798,0.17333253,0.19001988,0.20348331,0.21358213,0.22036302,0.22401734,0.2248288,0.22311729,0.21918638,0.21328261,0.2055738,0.19615017,0.18504807,0.17229186,0.15794818,0.14218906
114,0.042662542,0.033757158,0.025135566,0.018494606,0.017224343,0.022400212,0.03072022,0.039900564,0.049031306,0.057716366,0.065770306,0.07312645,0.079803064,0.08588328,0.09149495,0.096785925,0.101895325,0.106924124,0.11191041,0.11681432,0.12151516,0.1258203,0.12948261,0.13222262,0.13375156,0.13379367,0.13210644,0.12849897,0.12284886,0.11511821,0.10536981,0.09378542,0.08069207,0.06661179,0.052382328,0.039483562,0.03073581,0.029748933,0.035830874,0.04447703,0.05257804,0.058605786,0.06177412,0.06169172,0.05825013,0.05158755,0.042077526,0.030343851,0.017448502,0.0077166534,0.0153181525,0.02786824,0.039316475,0.048544385,0.055094473,0.0590005,0.060916856,0.062277023,0.06522501,0.0719041,0.083289586,0.09877205,0.116797596,0.13558614,0.15346843,0.1689954,0.1809812,0.18853487,0.1910874,0.18841161,0.1806324,0.16823088,0.15205628,0.13337651,0.11402909,0.09674523,0.08544993,0.08421327,0.09394575,0.11162288,0.13355872,0.15718432,0.18085812,0.20339431,0.22377895,0.24105291,0.25430146,0.26271096,0.26566714,0.2628777,0.2545093,0.24133687,0.22490442,0.20767373,0.19303362,0.18481533,0.18594432,0.19688874,0.215626,0.23923041,0.26537564,0.2929406,0.3219878,0.353424,0.38847375,0.42808327,0.4724303,0.52069557,0.5711312,0.62133986,0.66864413,0.71045977,0.7446306,0.76971066,0.7851852,0.79161507,0.79067653,0.7850496,0.778094,0.7732725,0.7733728,0.77973545,0.7918065,0.8072342,0.82244605,0.83342797,0.83643055,0.8284704,0.80762154,0.77314216,0.7254891,0.66626024,0.5980972,0.52457887,0.45013165,0.3799561,0.31983554,0.27532795,0.24957353,0.24056423,0.24148443,0.2445675,0.2441226,0.23709235,0.22249962,0.20080201,0.17340164,0.14230038,0.109878145,0.0788422,0.052587993,0.03632229,0.034460016,0.040316425,0.045088574,0.045540098,0.041206047,0.032824874,0.022157205,0.013971967,0.018053725,0.0291861,0.039882183,0.047705296,0.051487505,0.050610684,0.0449191,0.034833472,0.022221165,0.016884193,0.03165017,0.05436613,0.07929474,0.10457062,0.12899801,0.15164806,0.171805,0.18896307,0.20282315,0.21327758,0.22038129,0.22431087,0.22531624,0.22367088,0.21962795,0.21338901,0.20509058,0.19481026,0.18259048,0.16847539,0.15255547,0.13501725
115,0.028896347,0.01750159,0.007172572,0.010071985,0.021510819,0.033427108,0.04501814,0.056008875,0.06624438,0.07564779,0.084213026,0.09199873,0.09911645,0.105711006,0.11193412,0.11791463,0.123730734,0.12938988,0.13482046,0.13987623,0.14435108,0.14799996,0.15056157,0.15177947,0.15141964,0.14928442,0.14522293,0.13913925,0.13099909,0.120836,0.10875738,0.09495063,0.07969002,0.0633471,0.04641961,0.02966073,0.015038042,0.012581563,0.023840899,0.035919778,0.04608967,0.05357426,0.05798024,0.059126355,0.057020575,0.05185761,0.044014417,0.034042276,0.022680916,0.0111591825,0.0066875005,0.01609335,0.026360275,0.035452608,0.043243084,0.05020098,0.05727238,0.065649234,0.07634218,0.08977814,0.10569205,0.12329524,0.1415165,0.15919183,0.1751907,0.1885011,0.19828898,0.20393817,0.20507142,0.20155177,0.19346507,0.18108672,0.16483943,0.1452551,0.1229657,0.09878278,0.07406137,0.05214728,0.04262575,0.055294096,0.08130563,0.11174228,0.14310175,0.17355062,0.20168914,0.22627713,0.24621847,0.26062918,0.26893666,0.2709901,0.26717323,0.25851423,0.24678019,0.23450884,0.22484858,0.22099721,0.22520521,0.237921,0.25789946,0.2831787,0.31205282,0.34353843,0.37738582,0.41382453,0.45318928,0.49554434,0.5404103,0.58665913,0.6325828,0.67609084,0.71497834,0.74721247,0.7712053,0.7860509,0.7917116,0.7891335,0.7802601,0.76789945,0.7553858,0.74600667,0.7422582,0.7451473,0.75384533,0.76587284,0.7777134,0.7855714,0.7860202,0.7764392,0.75524896,0.72199714,0.677344,0.6229849,0.561535,0.49639368,0.43158904,0.37155983,0.32072476,0.28256416,0.2581624,0.24516845,0.23861694,0.2331636,0.22479995,0.21132867,0.19213049,0.16776009,0.13958454,0.10951928,0.07991245,0.05377636,0.035886757,0.032053784,0.037927132,0.0437972,0.045558207,0.04231238,0.034438137,0.023152836,0.011832597,0.014412416,0.028019086,0.041693687,0.052887905,0.0603254,0.063177004,0.06097332,0.053587265,0.04121382,0.02433566,0.0036818038,0.019880557,0.045305163,0.071557,0.09761105,0.122528315,0.145504,0.16590193,0.18327315,0.19735736,0.20806827,0.21546447,0.21970958,0.22102685,0.2196543,0.21580732,0.20965411,0.20130782,0.19083557,0.17828137,0.16369817,0.14718314,0.12891307
116,0.02590785,0.013726182,0.010781517,0.02149734,0.034642953,0.047702678,0.060113784,0.07163325,0.082154125,0.09167046,0.10026221,0.108076796,0.11530203,0.12213077,0.12872201,0.13516636,0.14146335,0.1475161,0.15314302,0.15810235,0.16212274,0.16493344,0.16628954,0.16598986,0.16388726,0.15989211,0.15397076,0.14614129,0.13646859,0.1250608,0.11206821,0.09768503,0.08215343,0.06576889,0.04888612,0.031931836,0.015496308,0.0041890196,0.016118394,0.028746754,0.039334714,0.04741811,0.05273114,0.055163015,0.054770444,0.05179355,0.04667335,0.04008481,0.033023138,0.026993716,0.024068277,0.02563908,0.030800741,0.03789325,0.046134934,0.055550724,0.06652276,0.079413734,0.094321586,0.110990696,0.12884758,0.14709714,0.16483113,0.18112756,0.1951348,0.20613836,0.21360825,0.21722427,0.21687704,0.21264401,0.20474277,0.19346747,0.17911893,0.16194235,0.14208817,0.11960826,0.094492316,0.066742666,0.036510352,0.006277453,0.031794887,0.06747296,0.10360822,0.1389593,0.17227678,0.20231442,0.22792836,0.24818975,0.26249722,0.27068192,0.2731009,0.2707131,0.26512355,0.2585598,0.25370222,0.2532745,0.25941148,0.27309814,0.2940905,0.32136685,0.35372135,0.39014038,0.4298851,0.47237608,0.5170006,0.56293404,0.60903233,0.6538197,0.6955669,0.7324394,0.7626881,0.78485584,0.79797924,0.80176646,0.79673374,0.7842795,0.76666343,0.7468448,0.7281286,0.7135967,0.705406,0.70417994,0.7087814,0.71659756,0.7241925,0.7280365,0.72508895,0.7131627,0.69109946,0.658811,0.61723405,0.5682303,0.51444566,0.45913035,0.40588978,0.3582966,0.31926185,0.29017994,0.2702396,0.25656846,0.24533391,0.23304182,0.21730392,0.19700597,0.17214951,0.14359534,0.11282125,0.081765905,0.052945297,0.03080481,0.025176415,0.034373075,0.043846983,0.048579264,0.047591884,0.04108118,0.02981587,0.014932284,0.0024464547,0.020262495,0.0375599,0.052816488,0.06482693,0.0726366,0.07558835,0.07335325,0.06594862,0.05376693,0.037738614,0.020715294,0.018713063,0.038858008,0.06364221,0.0889469,0.11335559,0.1359557,0.15609206,0.17332174,0.18739411,0.19822693,0.2058731,0.21048005,0.21224576,0.21137758,0.20805934,0.2024318,0.19458857,0.18458694,0.17247008,0.15829512,0.14216179,0.12423677
117,0.036769714,0.02761592,0.027450997,0.036044125,0.048258916,0.061147276,0.0735461,0.08497616,0.0952707,0.10445262,0.11267611,0.12017834,0.12722608,0.13405736,0.1408272,0.1475701,0.1541881,0.16046628,0.16610928,0.17078736,0.1741821,0.1760239,0.17611757,0.17435472,0.17071384,0.16524975,0.15807562,0.14934094,0.13921013,0.12784581,0.11540049,0.1020189,0.08785094,0.073074505,0.05792879,0.04277345,0.028265588,0.016280698,0.013632284,0.021804351,0.031816192,0.040688667,0.047618333,0.05231022,0.054725472,0.055037566,0.05362354,0.051055588,0.048077695,0.04554505,0.044295084,0.044960447,0.047849666,0.053029846,0.060518913,0.070374325,0.08262675,0.09715938,0.11362993,0.13146305,0.14989585,0.16805096,0.18501973,0.19994502,0.21209684,0.22093478,0.22615075,0.22768623,0.22571856,0.2206132,0.21284285,0.20288162,0.19109227,0.17763412,0.16242175,0.14515503,0.12542054,0.10284952,0.07733933,0.049570315,0.024701802,0.031967532,0.06414159,0.10009729,0.13600093,0.17004468,0.20082177,0.2271992,0.24836765,0.26391816,0.27391478,0.27895376,0.280202,0.27939782,0.2787766,0.28086042,0.28806946,0.30222937,0.3242048,0.3538705,0.39038104,0.43250626,0.4788537,0.527951,0.57824546,0.628086,0.6757261,0.7193679,0.7572449,0.7877387,0.8095156,0.82167023,0.8238626,0.8164349,0.8004923,0.77792645,0.7513507,0.72390056,0.6988538,0.6790606,0.6662869,0.6607102,0.6608326,0.6638827,0.66651124,0.6654878,0.6582102,0.64299315,0.61918074,0.58714354,0.5482013,0.50449395,0.45879704,0.41425645,0.373984,0.3404649,0.31485146,0.296476,0.28300992,0.2712895,0.25830293,0.24184689,0.22075486,0.1948439,0.16473824,0.13165966,0.097229354,0.063324556,0.03223009,0.011727243,0.024704728,0.040818676,0.05114537,0.05493768,0.05238831,0.04422228,0.03170732,0.017486542,0.013826106,0.028586097,0.04602066,0.06186426,0.07452242,0.08298406,0.086623,0.085179865,0.07877541,0.06796205,0.053926636,0.039346494,0.0313337,0.039202467,0.058057826,0.08031983,0.10282688,0.124111846,0.14332433,0.1599452,0.17368951,0.18445341,0.192269,0.19725908,0.19959286,0.1994465,0.19697343,0.1922881,0.18546459,0.17654864,0.16557913,0.1526139,0.13775435,0.12116457
118,0.051697876,0.042613205,0.041647132,0.04858702,0.059733834,0.07206515,0.08404206,0.09498101,0.10465807,0.113131,0.120640844,0.12752979,0.13415499,0.14080133,0.14760934,0.15453766,0.16136937,0.16775624,0.17328477,0.17754555,0.18019298,0.18098837,0.17982371,0.1767264,0.17184547,0.16542144,0.15774307,0.14909665,0.1397165,0.12974717,0.11922789,0.10810544,0.096273564,0.08362982,0.070137516,0.05588502,0.041156314,0.026626375,0.0145848105,0.014076961,0.024497595,0.036082126,0.046419457,0.05482248,0.061034527,0.065049835,0.06707356,0.06749698,0.06686431,0.06582688,0.06508714,0.06534014,0.06722179,0.07126759,0.07787433,0.08725595,0.0993997,0.11404084,0.13066769,0.14855628,0.16682719,0.18451746,0.20066185,0.21437751,0.22494557,0.23188289,0.23499571,0.23440692,0.23054731,0.22410084,0.21589592,0.20674346,0.19724303,0.18760805,0.17757858,0.16647135,0.15335709,0.1373042,0.11762513,0.09412434,0.06754888,0.041665327,0.034148477,0.05884398,0.09434801,0.13163726,0.16776375,0.2009627,0.22995104,0.25384605,0.272201,0.28506887,0.2930739,0.29748157,0.30024078,0.30393448,0.31153062,0.32585663,0.34891194,0.3813716,0.42256668,0.47085175,0.5240489,0.5797672,0.6355797,0.68911725,0.7381353,0.7805819,0.81467885,0.83901376,0.8526382,0.85516286,0.84684163,0.8286335,0.8022287,0.77002007,0.7349871,0.70044833,0.6696422,0.64514536,0.62826157,0.6186392,0.6143502,0.6124269,0.609601,0.60296077,0.59038246,0.5707423,0.5439728,0.51102155,0.4737475,0.43475246,0.39711136,0.3639247,0.33763623,0.31923693,0.30778313,0.30067092,0.29455855,0.286342,0.2737468,0.25551468,0.2313486,0.20175578,0.1678602,0.13121288,0.093610965,0.056932826,0.023022186,0.007270236,0.031046256,0.048677742,0.059432372,0.06331993,0.060855933,0.053110365,0.04196918,0.031221623,0.028628135,0.038257547,0.053327873,0.06848498,0.08125437,0.09030625,0.094902806,0.09475535,0.089993715,0.08119375,0.06950703,0.05705737,0.047815204,0.04740921,0.057572044,0.0741154,0.0929153,0.11165671,0.1290819,0.1444808,0.15747052,0.16788824,0.1757221,0.18105607,0.18402167,0.1847586,0.18338639,0.17999007,0.17462033,0.16730611,0.15807538,0.14697923,0.13411425,0.11963938
119,0.06525561,0.05484208,0.05235614,0.05779358,0.06791832,0.07955521,0.090874076,0.101030305,0.10976787,0.11720215,0.12368602,0.12969191,0.13568625,0.14200541,0.14876314,0.15581791,0.162808,0.16923453,0.17456235,0.17831318,0.18013774,0.17986235,0.17750974,0.17329368,0.1675869,0.16086122,0.15360227,0.14620811,0.13889368,0.13163128,0.12415375,0.116024345,0.10674998,0.095900446,0.083203115,0.068599455,0.052265428,0.03461262,0.016379545,0.0054336567,0.021620823,0.038271964,0.05313435,0.06561021,0.07535847,0.08226621,0.086453184,0.08826545,0.08825291,0.08713089,0.08572733,0.084916405,0.08553928,0.08831634,0.09376512,0.102144025,0.11343199,0.12733585,0.14331311,0.16060628,0.17829223,0.19534858,0.21073548,0.22348747,0.23280823,0.2381611,0.23934668,0.23655905,0.23040816,0.221891,0.21228467,0.20293249,0.19492051,0.18871917,0.183957,0.17947605,0.17365094,0.1647975,0.15150705,0.13285325,0.108509555,0.07889857,0.046023462,0.023930613,0.049734216,0.090919696,0.133529,0.17451592,0.21200278,0.24455972,0.2711827,0.29138142,0.30530307,0.31387585,0.31895077,0.32336938,0.3307983,0.34512702,0.36943862,0.4050453,0.45123023,0.5057452,0.5655484,0.62736636,0.688007,0.74451834,0.7942804,0.8350791,0.8651775,0.883388,0.8891391,0.88253355,0.8643879,0.8362478,0.8003651,0.7596175,0.7173379,0.67700815,0.64178467,0.6138936,0.5940708,0.58132786,0.573228,0.5665668,0.55814594,0.5453753,0.5266221,0.50135493,0.47016189,0.43469957,0.39758816,0.36220276,0.3322246,0.31077698,0.29923284,0.29640722,0.2989484,0.30267608,0.30382976,0.29968384,0.28866073,0.27021873,0.24467437,0.21301864,0.17674117,0.13766758,0.09782381,0.05940181,0.025600048,0.016869424,0.038333334,0.05675844,0.0687334,0.074003644,0.0730951,0.067173086,0.058190957,0.04932558,0.045228653,0.04936978,0.059964206,0.0727899,0.08474203,0.09400003,0.099559315,0.10098217,0.098299176,0.09198717,0.0830135,0.07297713,0.064338244,0.060313564,0.063303806,0.072767645,0.08610712,0.10086902,0.11542511,0.12880293,0.14045748,0.15012145,0.15770826,0.16324185,0.16680163,0.1684803,0.16835523,0.16647443,0.16285719,0.15750611,0.1504268,0.14164998,0.13125141,0.119366676
120,0.07527605,0.06298884,0.058821183,0.06297322,0.07225771,0.08321751,0.09375701,0.10291216,0.110430345,0.11651806,0.12167604,0.12654395,0.1317263,0.13761975,0.14429474,0.1514765,0.15862493,0.16507007,0.17015259,0.17333958,0.1743061,0.17298378,0.16957793,0.16455093,0.15856409,0.15236844,0.14664301,0.1418068,0.13786915,0.13439487,0.13061093,0.12560391,0.118523255,0.10873175,0.095889315,0.07998188,0.06131358,0.04048804,0.018525332,0.0074392357,0.028174227,0.0490264,0.06774279,0.083527595,0.09588281,0.1045903,0.109723434,0.11164544,0.11098803,0.10860889,0.10552587,0.102824405,0.10153739,0.10251302,0.10631098,0.11316917,0.12303652,0.13562104,0.15041432,0.16669834,0.18356287,0.1999517,0.2147398,0.22683352,0.23528266,0.23939502,0.23884574,0.2337744,0.22486207,0.21337028,0.20109886,0.19017382,0.18255648,0.17930973,0.18001144,0.18281265,0.18510509,0.18427098,0.17815536,0.16526122,0.14479043,0.11661741,0.08123255,0.039665986,0.0066055893,0.055766813,0.10578779,0.15455624,0.20002063,0.24033974,0.27404085,0.30018955,0.31857887,0.3299416,0.33617374,0.340493,0.3473266,0.3616059,0.38737085,0.4263469,0.47753164,0.5379293,0.60362184,0.67054,0.73486114,0.7931918,0.8426622,0.88099384,0.9065586,0.9184313,0.916431,0.90114623,0.87393844,0.8369165,0.7928696,0.74513763,0.69737947,0.65319514,0.6155783,0.5862801,0.5653222,0.5509561,0.5401678,0.52949655,0.51580983,0.49682426,0.47136477,0.43945405,0.40232798,0.3624387,0.32344344,0.2900219,0.26706967,0.25779182,0.26158485,0.27408326,0.28951046,0.30281028,0.31040817,0.3101656,0.3011277,0.28328136,0.25735566,0.2246516,0.18688928,0.14607249,0.10439482,0.06432706,0.03017374,0.023006972,0.044578206,0.06485733,0.07914919,0.08689605,0.08849398,0.084967956,0.07796234,0.06983481,0.063652344,0.06238705,0.06695268,0.07550098,0.08523607,0.0939243,0.10015757,0.103205346,0.10287364,0.09942612,0.09355397,0.08638085,0.07946846,0.07469332,0.07374604,0.07729399,0.08463265,0.09430163,0.10487077,0.115277775,0.124840006,0.13316841,0.14007713,0.14550777,0.14946909,0.1519916,0.15309726,0.15278476,0.1510293,0.14779337,0.14304447,0.13677475,0.12901822,0.11986289
121,0.08066361,0.06633999,0.060617022,0.06389634,0.07271035,0.08315519,0.09288409,0.100865446,0.10689633,0.11131716,0.1148248,0.11828088,0.12247509,0.12788095,0.13450128,0.1418781,0.14924568,0.15573695,0.16056709,0.16316693,0.16326931,0.16095906,0.15668857,0.15124923,0.14567243,0.14102763,0.13811903,0.13717483,0.13770606,0.13863738,0.1386207,0.13635238,0.13078941,0.121260375,0.10750604,0.08968429,0.06837591,0.044713113,0.021797646,0.019358924,0.041472383,0.065387286,0.08717225,0.10552355,0.119715035,0.1294137,0.13465793,0.13584661,0.13371214,0.12927012,0.123739414,0.11842485,0.1145587,0.11312223,0.1147137,0.11953637,0.12749773,0.13831699,0.15155628,0.16658598,0.18254817,0.1983673,0.21281788,0.22463495,0.2326477,0.23592103,0.23389655,0.22653101,0.21443467,0.19901262,0.18258335,0.16833447,0.15973748,0.15906821,0.16584365,0.17694864,0.18828043,0.19612172,0.19764602,0.19096857,0.17508931,0.14985013,0.11597223,0.0755017,0.036558878,0.04581427,0.09454395,0.14750665,0.19841172,0.244281,0.28299838,0.3131755,0.3343064,0.34700832,0.35329977,0.35682467,0.36276734,0.37701318,0.40436864,0.44671836,0.50256675,0.5680958,0.63856083,0.7092145,0.7757417,0.8344394,0.88230217,0.91707945,0.9373206,0.94240934,0.9325815,0.90892184,0.87333566,0.82848746,0.777694,0.7247424,0.673589,0.62788695,0.590344,0.562059,0.5421579,0.5280168,0.51602083,0.50248414,0.48436785,0.4596792,0.42762554,0.38865292,0.34448573,0.2982705,0.25488698,0.2211598,0.20450926,0.2082038,0.22767633,0.25428957,0.28055474,0.30151778,0.3142596,0.31728876,0.3101527,0.2931976,0.26739988,0.234226,0.19550456,0.15331128,0.10989566,0.06780673,0.031701777,0.025353722,0.049768534,0.07313474,0.09062024,0.10153178,0.10609802,0.10510766,0.099832594,0.09201279,0.083832294,0.077714995,0.075629495,0.07804077,0.083669394,0.09048272,0.09670112,0.101153925,0.10326332,0.10294657,0.1005292,0.09667542,0.09231514,0.088529915,0.08635258,0.08648661,0.089079835,0.09373397,0.09974494,0.10637858,0.11303555,0.11929861,0.12491251,0.1297384,0.13370481,0.13676606,0.13887337,0.13996018,0.13994136,0.13872264,0.13621633,0.13235849,0.12712409,0.12053738
122,0.080891766,0.06460009,0.05772976,0.0608782,0.06984587,0.08007718,0.08902511,0.09567095,0.099918015,0.10228718,0.10373141,0.105418004,0.10840691,0.113284834,0.119947374,0.12766956,0.13538682,0.1420003,0.14660046,0.1486054,0.14784548,0.14461638,0.13970162,0.13433227,0.13001156,0.12812412,0.1293876,0.13346651,0.1390672,0.14441101,0.14771868,0.14750795,0.14272603,0.13279422,0.11761768,0.09759399,0.07368527,0.047891196,0.026926417,0.032594953,0.057426732,0.08411502,0.10846855,0.12883097,0.14428611,0.15440704,0.15921152,0.15914148,0.15502957,0.14804035,0.1395789,0.13115561,0.12419938,0.11983899,0.118735574,0.12107713,0.1267415,0.13547705,0.14694999,0.16065797,0.17582016,0.19134006,0.20586498,0.2179152,0.22604568,0.22901516,0.2259517,0.21651599,0.20107882,0.1809527,0.15874542,0.1388284,0.12723845,0.12891631,0.14307006,0.16382031,0.18483245,0.20137033,0.21023506,0.20942125,0.19793642,0.17577466,0.14408086,0.105941206,0.070438564,0.06543038,0.10289669,0.15496838,0.20813528,0.25706956,0.2986683,0.33100986,0.35330364,0.3660956,0.3715677,0.37380022,0.37868324,0.3929157,0.42184412,0.46727762,0.52709526,0.59666234,0.6705022,0.74331415,0.8104138,0.8678986,0.9127213,0.94273514,0.9567262,0.9544301,0.93652827,0.90462035,0.8611679,0.8094026,0.75318015,0.696742,0.644323,0.5995497,0.5646746,0.5399112,0.5232893,0.5112326,0.49957532,0.4845092,0.46316892,0.43386775,0.39612794,0.35064963,0.2993456,0.24562307,0.1952696,0.1581854,0.14727831,0.16549511,0.20023656,0.23849356,0.2727756,0.29913372,0.31549734,0.32094124,0.31536552,0.2993255,0.27391127,0.2406398,0.20134911,0.158097,0.113089524,0.068770744,0.029530013,0.025101338,0.054532275,0.08172776,0.10283068,0.1171814,0.12485579,0.12640294,0.122770004,0.115262575,0.10551753,0.09546086,0.08715615,0.08236249,0.08180454,0.08478324,0.08970044,0.09493564,0.09933008,0.102262646,0.1035657,0.10341478,0.10222422,0.10054539,0.098960705,0.09797543,0.09792578,0.098932326,0.100917205,0.10367249,0.10694306,0.11048979,0.11411894,0.117682084,0.12105882,0.124134816,0.1267845,0.12886326,0.13020997,0.13065775,0.13004923,0.12825274,0.12517634,0.12077821
123,0.07587997,0.057876058,0.05068967,0.055011343,0.06505927,0.075466156,0.08366855,0.088787265,0.0908851,0.090690956,0.089469254,0.08882035,0.090248734,0.09455078,0.10144408,0.109775744,0.11805895,0.12491758,0.12932467,0.13071695,0.12906787,0.12495443,0.11960747,0.114861466,0.11281085,0.115020685,0.121660896,0.13137579,0.14197098,0.15117605,0.1570563,0.15815485,0.15352699,0.14274749,0.12591943,0.10371474,0.077567086,0.050698392,0.033963904,0.046284076,0.07393361,0.10304694,0.12946059,0.15130039,0.16751204,0.17760183,0.18158057,0.17993595,0.17359194,0.16384211,0.15224858,0.14049552,0.13018602,0.122596726,0.11847706,0.11803631,0.12115838,0.12766,0.1373577,0.14991406,0.1646326,0.18036915,0.1955995,0.20858648,0.21757947,0.22100839,0.21766041,0.20684178,0.1885425,0.16365978,0.13445142,0.105713956,0.08719402,0.09096213,0.114972435,0.14659956,0.17695928,0.20108853,0.21596394,0.21974768,0.21160895,0.19178145,0.16186443,0.12585635,0.09392269,0.088854186,0.1215888,0.17240788,0.22654846,0.27711222,0.3201769,0.35338238,0.37573308,0.38776854,0.39187083,0.39254376,0.39629427,0.41045707,0.44069672,0.4885849,0.551348,0.62361324,0.6992886,0.7726335,0.83869153,0.89344233,0.93386245,0.95796096,0.9647991,0.95449156,0.9281843,0.8880067,0.83699447,0.77897304,0.71837604,0.6599398,0.6081844,0.5666221,0.5368313,0.5178549,0.5064283,0.49801043,0.48801285,0.47266647,0.4494018,0.41689828,0.37498638,0.3245274,0.26737118,0.20658548,0.14765815,0.10323585,0.09821879,0.1332616,0.1810119,0.22717933,0.2662831,0.29573414,0.31420612,0.3211722,0.31673545,0.30153644,0.2766757,0.2436335,0.20418207,0.16029479,0.11406569,0.06771094,0.024644619,0.024300024,0.059511833,0.09054846,0.11522826,0.13297394,0.14371775,0.1477876,0.14585999,0.138922,0.12824069,0.115346156,0.10202737,0.09029309,0.08213255,0.07885799,0.08033514,0.085079834,0.09123396,0.097334206,0.10249597,0.10631488,0.10872336,0.109870374,0.11002883,0.109524466,0.10868256,0.10779154,0.10708327,0.106727615,0.1068368,0.10747281,0.10865226,0.11034642,0.11247776,0.11491728,0.11748678,0.11996798,0.122117795,0.12368739,0.12444169,0.12417732,0.12273721,0.12002176
124,0.06594185,0.046703205,0.040937826,0.048648424,0.060836513,0.07170384,0.079112165,0.08247044,0.08200754,0.07860815,0.07382265,0.069830984,0.068973795,0.0725797,0.080053486,0.08944592,0.098623596,0.105888076,0.11012547,0.11083453,0.10817985,0.10310239,0.09745344,0.09393841,0.09534984,0.10297329,0.11569315,0.13089725,0.14578335,0.15796457,0.1655918,0.1673488,0.16244467,0.15062307,0.13219269,0.108121134,0.08040122,0.05378614,0.042480685,0.05982751,0.08977133,0.12071374,0.14855467,0.17127778,0.18773209,0.19738099,0.20023975,0.19684145,0.1881892,0.17568143,0.16100258,0.14596921,0.13232028,0.121460624,0.11423937,0.11092681,0.11146987,0.115823545,0.12402492,0.1359358,0.15091525,0.16770005,0.18452704,0.19936934,0.21017821,0.21509217,0.21261069,0.201737,0.18209511,0.15403882,0.11883186,0.0793446,0.044884607,0.049029004,0.0872824,0.1292911,0.166718,0.1959033,0.21443617,0.22076921,0.214271,0.1954268,0.1663027,0.13190606,0.10428318,0.10542795,0.1413569,0.19403553,0.24990799,0.30194128,0.34595367,0.3794148,0.4012784,0.41216758,0.41469693,0.4137548,0.41633815,0.43021992,0.4612031,0.5105703,0.57497793,0.64845085,0.72440416,0.79675084,0.8603321,0.9110597,0.9459694,0.963247,0.9622376,0.9434335,0.9084389,0.85990846,0.80145967,0.7375449,0.6732433,0.61387694,0.5643082,0.5278566,0.5051601,0.49376136,0.4889312,0.48522702,0.47782364,0.4631728,0.4391284,0.4048144,0.36041722,0.30698684,0.2462911,0.18081625,0.11441669,0.058289684,0.061456293,0.114193745,0.16995005,0.21970738,0.26060086,0.29109585,0.31034154,0.31803024,0.3143454,0.2999211,0.27579463,0.24334693,0.20423162,0.16029495,0.11349113,0.06580464,0.019332249,0.02538937,0.06498776,0.09924091,0.12710756,0.14799522,0.16167453,0.1682627,0.1682005,0.16222157,0.1513204,0.13672897,0.11991867,0.102649115,0.08706543,0.07569112,0.07076514,0.07267659,0.07944165,0.08834614,0.097348705,0.10526462,0.111518025,0.11591527,0.118499696,0.11946184,0.119081855,0.11769127,0.11564677,0.11331061,0.111032896,0.10913126,0.10786561,0.10740984,0.107827425,0.109060176,0.110936135,0.11319531,0.115525424,0.11759879,0.11910388,0.11976963,0.1193829,0.1178009
125,0.05173712,0.032219227,0.032027323,0.04585868,0.060524292,0.07168951,0.07811847,0.079551876,0.076302186,0.069221236,0.059850015,0.05078422,0.045902316,0.048414648,0.05721677,0.06847063,0.07899623,0.08681831,0.09083811,0.09067444,0.08671141,0.08032894,0.07427621,0.07263753,0.07887651,0.09287742,0.1115342,0.13134131,0.14944047,0.16363505,0.17227702,0.17422171,0.16883394,0.156021,0.13629583,0.11094039,0.08258931,0.057665717,0.051943503,0.07273666,0.10412231,0.13608836,0.1645962,0.1875344,0.20368795,0.21249765,0.21399242,0.20874862,0.19783524,0.18273132,0.16520903,0.14717469,0.13045835,0.11655882,0.10641911,0.10040539,0.09860514,0.101222694,0.10861235,0.12083321,0.13718341,0.15614027,0.1756265,0.19333324,0.20698027,0.21451613,0.21427917,0.20512868,0.18654348,0.15868327,0.12241031,0.07928527,0.03176878,0.020998199,0.06971397,0.11569228,0.15524891,0.18567488,0.20480427,0.21117619,0.2042433,0.18467326,0.15500636,0.1216451,0.10032778,0.11384266,0.1590228,0.21677764,0.2757145,0.329633,0.37460008,0.40818724,0.42945114,0.43917406,0.44020602,0.4377393,0.4390923,0.4522714,0.48310345,0.5326467,0.5971697,0.67027336,0.74500483,0.8150075,0.8749648,0.9207435,0.94944274,0.9594127,0.9502543,0.92279774,0.8790578,0.82217026,0.7563089,0.6865712,0.61876994,0.5589737,0.51253897,0.48255882,0.46842298,0.46580815,0.46839777,0.4699825,0.46571112,0.45241886,0.42847952,0.39351916,0.3481326,0.29363889,0.23187786,0.1650484,0.09563172,0.027455654,0.044778973,0.10769038,0.16506055,0.21460158,0.25484768,0.28476065,0.3037105,0.31147677,0.30824304,0.29457957,0.27141315,0.2399846,0.20179462,0.15854092,0.11205195,0.064240344,0.017529909,0.029502288,0.07075699,0.10725084,0.13770905,0.16136068,0.17778192,0.18688047,0.18887925,0.18429182,0.17389148,0.1586808,0.13987389,0.118915506,0.09758696,0.07828552,0.064425014,0.05975527,0.06479725,0.07569167,0.0883384,0.10033226,0.11049832,0.11832769,0.123682,0.12664865,0.12746356,0.1264648,0.12406162,0.120710954,0.11689564,0.1130988,0.10976918,0.107275836,0.105858415,0.10558854,0.10636034,0.10791727,0.109905325,0.111933194,0.11362348,0.11464889,0.114755206,0.113775484
126,0.034211315,0.017640995,0.031229263,0.050627355,0.06653915,0.07738384,0.08265326,0.08229628,0.07662638,0.06631468,0.05244842,0.036841992,0.02370237,0.02327524,0.03555289,0.04995206,0.062168587,0.070486404,0.07405274,0.07263863,0.066773005,0.058222536,0.051063687,0.051982604,0.064518794,0.08501193,0.10853007,0.13160156,0.15175483,0.167099,0.1761959,0.17805824,0.17219163,0.15865663,0.1381687,0.11234376,0.08451799,0.06261493,0.061891552,0.084659204,0.1164631,0.14850906,0.17683002,0.19925699,0.21453863,0.22211073,0.22202322,0.21489275,0.20184101,0.18440497,0.16441338,0.14382409,0.12451591,0.10804348,0.09542789,0.08716439,0.08358878,0.08532063,0.093118034,0.10708841,0.12618941,0.14846788,0.17153184,0.19288616,0.21014355,0.22118884,0.22432767,0.21842165,0.20300655,0.17840005,0.14584798,0.10793579,0.070499465,0.051391684,0.07126595,0.10740618,0.14221257,0.16947865,0.1859914,0.18987605,0.18041073,0.15826863,0.12642932,0.093745776,0.08452346,0.11870566,0.17664279,0.24094325,0.30352548,0.35948792,0.40541074,0.43912432,0.45987225,0.4686157,0.46838847,0.46455044,0.46453035,0.47636184,0.50584096,0.55396247,0.61686873,0.6879565,0.76003957,0.8265615,0.88207716,0.9224097,0.9447,0.9474189,0.93035895,0.89460397,0.8424814,0.77750385,0.70431155,0.6286088,0.5570183,0.49659497,0.45350763,0.43070778,0.42599574,0.43277264,0.4430643,0.45008564,0.449165,0.4376404,0.41445327,0.37974802,0.33454674,0.28049284,0.21964979,0.15435988,0.087272584,0.02429838,0.049779937,0.10912896,0.16336554,0.21010862,0.2480153,0.2761697,0.2940217,0.30137447,0.298376,0.28550622,0.26355737,0.2336064,0.19698039,0.15522014,0.11006459,0.063606076,0.021367526,0.03561218,0.07625546,0.113944046,0.14630818,0.17227013,0.1911858,0.20275305,0.20698644,0.20419525,0.19495602,0.18008046,0.16058478,0.13767344,0.11276876,0.08767333,0.06511697,0.05005474,0.048816875,0.059965312,0.07585181,0.0917679,0.10574563,0.116979435,0.12518747,0.13037734,0.13274555,0.13262449,0.13044839,0.12672766,0.12202564,0.11693246,0.112029254,0.10783774,0.10475579,0.10299369,0.1025378,0.10316423,0.104500346,0.106107704,0.10755693,0.10847999,0.108600594,0.10775044
127,0.01452301,0.017517144,0.042009104,0.06272702,0.07838567,0.08841093,0.092550784,0.09085636,0.08367996,0.07166374,0.055715427,0.0369768,0.016850367,0.005325445,0.023486206,0.039993554,0.052765086,0.060774364,0.063346446,0.06022822,0.051768616,0.039513417,0.02886724,0.033105664,0.05317214,0.07895593,0.1056071,0.13050388,0.15166639,0.16747203,0.17665102,0.17834584,0.1721864,0.15837778,0.13783912,0.11253772,0.08651376,0.068650246,0.071968034,0.095394,0.12654005,0.1576607,0.18489599,0.206057,0.21988197,0.2258174,0.22394018,0.21490379,0.19987017,0.18041407,0.15839437,0.13578926,0.11449216,0.096081585,0.081644155,0.071854316,0.06746743,0.06973742,0.079725765,0.09708492,0.12007613,0.1463377,0.17334527,0.19858909,0.21969719,0.23457286,0.24154276,0.23950113,0.22804132,0.20758052,0.17951608,0.14654125,0.113494106,0.08927093,0.085647374,0.10229048,0.12581672,0.14593211,0.15717512,0.15663178,0.14300594,0.11656058,0.08028586,0.049361296,0.07141127,0.13120277,0.1999818,0.26940525,0.33467442,0.39200985,0.43846756,0.47213414,0.49242347,0.5004187,0.49921897,0.49415883,0.49252903,0.502181,0.52885765,0.5737067,0.633066,0.70039546,0.7684361,0.8305086,0.8810634,0.91586894,0.9320676,0.9281842,0.90410876,0.8610581,0.8015241,0.7292239,0.6490799,0.5672486,0.49114248,0.42908418,0.3886395,0.37297308,0.37793562,0.3941558,0.41197053,0.42424625,0.4266709,0.4171537,0.39520127,0.36144912,0.3173236,0.26479575,0.2062185,0.1443207,0.08295496,0.036850892,0.06161352,0.11311202,0.16215707,0.20471603,0.23923308,0.26482013,0.28098089,0.2875379,0.2846044,0.2725689,0.25208315,0.22404948,0.18960853,0.15013735,0.10731058,0.0635738,0.027718797,0.041981354,0.08078751,0.118722975,0.15228523,0.18004946,0.20114778,0.21507491,0.22164546,0.22097324,0.21344864,0.19970964,0.18060793,0.15717563,0.13060515,0.1022777,0.073967874,0.04879628,0.034853417,0.04200813,0.060431868,0.080005504,0.09753679,0.11196067,0.12289743,0.1302963,0.13431858,0.13528398,0.13363735,0.12992273,0.12475921,0.11881435,0.112768285,0.10726138,0.10282136,0.099780105,0.09821112,0.09792492,0.09853375,0.09955647,0.10051925,0.10102595,0.10079665,0.09968549
128,0.0060762656,0.034101285,0.058710944,0.07876733,0.09356399,0.1026496,0.10585533,0.10331799,0.095495835,0.08318516,0.067568205,0.05040609,0.034829795,0.027410675,0.03305595,0.044351857,0.054539677,0.06081785,0.061884835,0.05713892,0.046493627,0.03039295,0.010888083,0.01848274,0.045349035,0.07382003,0.10166439,0.12707677,0.14839251,0.16415435,0.17320873,0.17480212,0.16867575,0.15517436,0.13542393,0.11174842,0.088792525,0.07556622,0.08189684,0.10487875,0.13434839,0.16355948,0.18882273,0.20797321,0.21976535,0.22367121,0.2197998,0.20883784,0.19197643,0.1708109,0.1472091,0.12314625,0.10050705,0.08087487,0.06540934,0.055075787,0.05136033,0.056270726,0.07038443,0.09214709,0.11925017,0.14932309,0.17996918,0.20878279,0.23345076,0.2518998,0.26245508,0.26398894,0.256049,0.23896328,0.21393526,0.18316892,0.1501189,0.11998858,0.09994125,0.095572755,0.103466034,0.11386901,0.11885891,0.11384661,0.09650735,0.06606254,0.022977803,0.031534787,0.09478626,0.16398548,0.23562393,0.30597895,0.37136284,0.42841184,0.47439042,0.50750613,0.52723426,0.53464985,0.53273886,0.52657294,0.52303284,0.5295708,0.5518481,0.5913846,0.64507246,0.7067584,0.7693176,0.82604915,0.87132984,0.90085804,0.91172814,0.9024388,0.8728681,0.8242246,0.7589863,0.6808514,0.5947446,0.506949,0.42540318,0.35984004,0.3201461,0.31065667,0.32494715,0.35017374,0.37495652,0.39205974,0.39767563,0.39030316,0.36996946,0.33773738,0.29537907,0.24515271,0.1896897,0.13215655,0.077822015,0.046249278,0.07133491,0.11620499,0.1596726,0.19744396,0.22795165,0.2504044,0.26440325,0.2698246,0.26677388,0.25556654,0.23672241,0.21096848,0.17925,0.14276706,0.10312095,0.06310881,0.033428315,0.047253948,0.08372983,0.12111747,0.15517513,0.18418148,0.20707019,0.22315137,0.23205318,0.23370275,0.22831005,0.2163452,0.19850804,0.17569147,0.14894308,0.1194351,0.0884737,0.057694722,0.03059194,0.023339456,0.042766098,0.0656757,0.08634821,0.10357318,0.11693896,0.12635839,0.13195951,0.13404192,0.13304858,0.12954184,0.12417984,0.11768964,0.11083141,0.10434469,0.098868385,0.09483962,0.09240431,0.091392264,0.091385104,0.09184667,0.09225342,0.09218443,0.09136772,0.089699075
129,0.026207833,0.05299351,0.07656018,0.09562644,0.109473504,0.117690764,0.12017433,0.11714774,0.10918651,0.0972555,0.08279003,0.06788345,0.05559276,0.049634118,0.05150968,0.058126573,0.0650585,0.06925292,0.06899029,0.0634268,0.05236945,0.036278803,0.017308729,0.01652763,0.041065633,0.068693124,0.09588006,0.12069771,0.14149378,0.15686098,0.16571385,0.16738184,0.16170876,0.14917712,0.13112085,0.11019636,0.09141618,0.08300411,0.091441855,0.113149896,0.1400895,0.16651736,0.1890013,0.20545423,0.2146764,0.21618068,0.21011333,0.1971913,0.17862546,0.15601803,0.1312302,0.10621935,0.08285028,0.06271242,0.047099106,0.037578657,0.036919802,0.046928395,0.06596738,0.09166881,0.12205241,0.15511642,0.18866827,0.2203904,0.2479908,0.26937515,0.28281406,0.287091,0.28162092,0.26653337,0.24272002,0.2118557,0.17642117,0.1397946,0.10651913,0.08251025,0.07266024,0.07400552,0.07722998,0.07561089,0.06782214,0.060195237,0.069816664,0.10538499,0.15831597,0.22067685,0.28716075,0.35339347,0.4154461,0.4698656,0.51387525,0.5456355,0.5645281,0.57144344,0.5690383,0.56186324,0.5561156,0.5586255,0.5749028,0.6070051,0.65273607,0.7067116,0.76221675,0.8126752,0.8524402,0.8771289,0.88373506,0.8706475,0.83762026,0.78571355,0.71721697,0.63558203,0.54541767,0.4526627,0.36513704,0.29354453,0.2511109,0.24559592,0.2682797,0.30166465,0.33255893,0.3538801,0.36243126,0.3572767,0.33888537,0.3086573,0.26862663,0.22126833,0.16943634,0.116693884,0.06968505,0.050528944,0.077188425,0.117041215,0.15515222,0.1879201,0.21403481,0.2329126,0.2443209,0.24824418,0.24482477,0.23433912,0.21719724,0.19395901,0.16536888,0.13242988,0.0966288,0.06098552,0.036933243,0.05062293,0.08466407,0.12084449,0.15469842,0.18432702,0.20851824,0.22642992,0.237525,0.24155721,0.23856285,0.22884656,0.21295793,0.19165902,0.16588433,0.13669653,0.10524236,0.0727235,0.04046719,0.011927989,0.023733273,0.049671683,0.07287072,0.09232152,0.107660756,0.11877853,0.12576498,0.1288876,0.12857173,0.12538041,0.119992234,0.113175705,0.105754815,0.09855558,0.092320256,0.08758678,0.08456664,0.083092965,0.08269253,0.08274956,0.08267331,0.08200953,0.08049354,0.07807008
130,0.044659685,0.07054049,0.09306963,0.11114028,0.12408227,0.13153836,0.13346821,0.13017118,0.12231488,0.110975474,0.09770233,0.08459974,0.074275345,0.06913533,0.06974198,0.074046336,0.078905955,0.08168869,0.08069009,0.07503568,0.06459286,0.050113503,0.03431036,0.02695685,0.03996799,0.063064106,0.08787721,0.11114662,0.13088626,0.14561892,0.15428092,0.15626618,0.15151453,0.14064471,0.12518993,0.10806304,0.09427239,0.09051368,0.1003653,0.12028187,0.14409865,0.16707438,0.18612777,0.19931228,0.20550837,0.20428677,0.19583689,0.18090406,0.16071193,0.13685967,0.11119214,0.08564362,0.062066115,0.04210613,0.027486045,0.021619134,0.027946154,0.043493215,0.06567586,0.09349477,0.12574834,0.16071281,0.19626643,0.23008072,0.259814,0.28329507,0.29869112,0.30465102,0.30041647,0.28589314,0.26167735,0.22903655,0.18984936,0.14652668,0.10200367,0.060317375,0.032040976,0.04109235,0.06642614,0.0903628,0.11207669,0.13470314,0.16247144,0.19855665,0.2437175,0.2964094,0.35366234,0.41188264,0.46738544,0.51676285,0.5571851,0.5866785,0.60439193,0.610848,0.6081529,0.60009015,0.59192616,0.58965516,0.59850943,0.6211427,0.6565663,0.7005862,0.74725884,0.7903497,0.82427675,0.84457684,0.8480919,0.83301634,0.7988739,0.7464521,0.6777093,0.5956765,0.50439954,0.40903488,0.3163919,0.23661017,0.18595622,0.1800878,0.20958515,0.24995029,0.28585827,0.3106461,0.32179803,0.31888354,0.3027102,0.2749069,0.23766914,0.19359858,0.1456897,0.09783639,0.05819106,0.050891906,0.07969204,0.115560114,0.14862233,0.17632535,0.19778104,0.21269889,0.22107816,0.2230727,0.21891938,0.20890558,0.19336821,0.17272024,0.14750615,0.118510745,0.08705214,0.056224726,0.03761226,0.051791634,0.083447374,0.11783936,0.15077561,0.18033701,0.20523867,0.22453052,0.23754011,0.24386708,0.24338472,0.23623553,0.22281681,0.20375566,0.17987452,0.15214908,0.12166102,0.08954868,0.056960497,0.025039017,0.006102735,0.0334709,0.058068383,0.07890734,0.095605195,0.10799171,0.11609386,0.12012505,0.120470725,0.11767074,0.11239912,0.1054409,0.09766159,0.08995849,0.08317409,0.07795673,0.074595,0.07292257,0.07238944,0.07227105,0.07188467,0.070724405,0.06851769,0.065245554
131,0.06030495,0.085233584,0.10672376,0.12381932,0.13591538,0.14270948,0.14421567,0.14079002,0.1331595,0.12245639,0.11025418,0.09856235,0.08961401,0.085157596,0.08539312,0.0886791,0.09251383,0.094630264,0.09344561,0.08810955,0.07848813,0.065275855,0.05055526,0.03965108,0.041689936,0.057106387,0.07780514,0.09861382,0.11682463,0.13074219,0.13926746,0.14183675,0.138478,0.1299404,0.11792609,0.10545676,0.097087726,0.097597435,0.10839633,0.12631978,0.1467485,0.16589552,0.18110688,0.19064048,0.19349463,0.18931748,0.17834935,0.1613644,0.13959517,0.11463344,0.08830766,0.06254525,0.039263997,0.020620095,0.012078831,0.018626273,0.03041004,0.04624247,0.06775881,0.095281735,0.12779322,0.16346562,0.20003347,0.23503482,0.26600322,0.29064104,0.30697772,0.3135066,0.3092925,0.2940411,0.26812533,0.23256408,0.18895364,0.13935626,0.08616861,0.032248117,0.02367341,0.073182486,0.11916606,0.16046971,0.19755848,0.23192918,0.2657947,0.30150247,0.34079865,0.38423744,0.43099236,0.4790785,0.52580345,0.56826067,0.6037716,0.6302578,0.6465512,0.65265113,0.6499192,0.6411687,0.6305459,0.6230311,0.6234098,0.63485265,0.6577384,0.68946093,0.7252925,0.75965875,0.78719556,0.80338794,0.8048792,0.7895831,0.7566887,0.70660216,0.64084643,0.56193686,0.47326028,0.37902483,0.2844868,0.19721052,0.13209066,0.11703195,0.15075824,0.19668217,0.23631006,0.26369762,0.27704751,0.27634415,0.26261452,0.23759733,0.20353796,0.16305864,0.119185604,0.07606179,0.044020005,0.049333908,0.08005073,0.11238318,0.1406338,0.16328521,0.17990516,0.19052756,0.1954257,0.19498031,0.1895908,0.1796239,0.1654014,0.14722791,0.12546214,0.10065745,0.073919326,0.048342705,0.035572216,0.050962746,0.08024104,0.11226341,0.14352746,0.17225616,0.19717334,0.21727295,0.23178338,0.24017519,0.24217388,0.23776604,0.22719464,0.21094309,0.18970853,0.16436708,0.13593388,0.105525754,0.07434772,0.043826163,0.017510187,0.020876719,0.04339149,0.06424398,0.08147815,0.09460698,0.10351115,0.10830681,0.10930638,0.106994554,0.102007106,0.09510997,0.087175205,0.079143584,0.07194904,0.06637045,0.06281287,0.061136052,0.060704958,0.06065881,0.06019648,0.05873729,0.055972442,0.051878557
132,0.072241955,0.09609701,0.116517276,0.13265495,0.14396389,0.15018748,0.15137981,0.14793266,0.14060347,0.13054219,0.11930352,0.10878715,0.10095976,0.097204305,0.09754947,0.10056009,0.10409075,0.10612669,0.10519608,0.10046532,0.091744006,0.079538524,0.06529995,0.05217056,0.046023015,0.05184832,0.06642917,0.083707646,0.09987542,0.11279318,0.12123316,0.124637194,0.12310614,0.11750159,0.109627135,0.10238898,0.09947115,0.10374387,0.1152178,0.13122411,0.14834416,0.16363798,0.17491353,0.18068361,0.18010047,0.17291102,0.15941815,0.14043176,0.11720134,0.091330774,0.06469238,0.039435454,0.018891491,0.014344464,0.024662295,0.034349356,0.042841543,0.053745214,0.07086466,0.09549682,0.12648503,0.16155188,0.19805336,0.23325759,0.26449645,0.28930286,0.30554792,0.31156817,0.3062718,0.28921562,0.26064828,0.22152534,0.173534,0.119319804,0.064502545,0.04079039,0.085566774,0.14320783,0.1991787,0.25061238,0.29665273,0.33754557,0.3743867,0.40883517,0.4426911,0.47738922,0.5135548,0.5507793,0.5876863,0.62223506,0.6521418,0.67531264,0.69022644,0.6962453,0.69384193,0.68472517,0.67181355,0.658964,0.6503444,0.64943886,0.65795004,0.6751311,0.69794565,0.7219166,0.7421565,0.75418204,0.75440514,0.74036777,0.710813,0.6656582,0.60590553,0.5335105,0.45122486,0.36244085,0.2711047,0.18197112,0.10288938,0.0616489,0.09377838,0.1436996,0.18558007,0.21460222,0.22968729,0.23111704,0.2200089,0.1980894,0.16753656,0.13086894,0.09098393,0.05208881,0.028917968,0.048252214,0.07962998,0.108416,0.13202871,0.149745,0.16150406,0.16762394,0.16864792,0.165218,0.15796478,0.14742401,0.13399348,0.117943086,0.099488944,0.078963615,0.0572575,0.037581638,0.03183072,0.04886234,0.07551014,0.104492694,0.13326387,0.16031957,0.18446778,0.20469858,0.22018018,0.23028268,0.23460272,0.23298019,0.22550331,0.21250188,0.19452927,0.17233536,0.14683439,0.11907571,0.09023851,0.0617362,0.03594494,0.021377763,0.031460226,0.04953977,0.066123575,0.07935715,0.08873055,0.09417289,0.0958725,0.0942171,0.08976188,0.083206974,0.07537913,0.06721076,0.059693307,0.05375095,0.049980216,0.048350107,0.04816732,0.048414867,0.048147995,0.04669008,0.043663375,0.03897233
133,0.07984482,0.10251738,0.12184197,0.13704768,0.14763449,0.1533789,0.15435915,0.15098318,0.14401585,0.13460046,0.12425594,0.11478675,0.107978925,0.1049998,0.10578519,0.109016255,0.11276088,0.11517414,0.114867024,0.11101011,0.10333935,0.09216633,0.0784654,0.064158,0.05272354,0.049098857,0.055335145,0.06752876,0.080906786,0.09253997,0.10088942,0.10532645,0.10598906,0.10380729,0.10056439,0.09877254,0.10097551,0.10845843,0.12047452,0.13484378,0.14903657,0.16081071,0.16841991,0.17065619,0.1668534,0.1568812,0.14112896,0.12047656,0.09626001,0.07027606,0.045050517,0.025758967,0.024432857,0.036438953,0.04781864,0.055290394,0.059677366,0.06444155,0.074661344,0.093716316,0.121109456,0.15405747,0.18929344,0.22364537,0.25415188,0.2781342,0.29329357,0.2978219,0.29050797,0.27082986,0.23903976,0.19629183,0.1450591,0.091387264,0.060205128,0.0945128,0.15774092,0.22481747,0.28929946,0.3483346,0.4004428,0.4451598,0.48293826,0.5150196,0.5431895,0.5694005,0.5953081,0.6218395,0.64893633,0.6755649,0.69997776,0.72012705,0.7341122,0.7405777,0.7390215,0.72999525,0.71517843,0.69728696,0.67975163,0.6661054,0.65911865,0.65992945,0.6675771,0.67920667,0.6908138,0.6981336,0.69735414,0.685553,0.6608999,0.62270063,0.5713429,0.50817776,0.43535966,0.3556593,0.2722658,0.18860807,0.10832774,0.037303112,0.040592495,0.092957534,0.13539918,0.1650019,0.18132252,0.18478514,0.17646496,0.15796115,0.13127269,0.0986805,0.06270348,0.026877256,0.019006414,0.049978025,0.07969347,0.104593776,0.12374259,0.13683629,0.14401126,0.14574958,0.14278224,0.13597889,0.12622909,0.114327095,0.10088014,0.086267054,0.07068178,0.054326158,0.038023632,0.025774201,0.02886571,0.046739724,0.06999375,0.09509162,0.12046478,0.1449439,0.1674738,0.18708466,0.20292117,0.21428214,0.22065626,0.22174813,0.21749254,0.20805643,0.19382936,0.17540415,0.15355115,0.12919219,0.10338797,0.07738023,0.05285262,0.033191312,0.026903069,0.03657555,0.05052436,0.06304565,0.07255686,0.07859836,0.08114902,0.08044539,0.07691396,0.07113648,0.06383019,0.055838455,0.048122205,0.041706163,0.037461616,0.035661742,0.035688736,0.03637777,0.03661395,0.03561346,0.03292429,0.02835091
134,0.08280736,0.10423524,0.12246698,0.13678706,0.14672874,0.15208863,0.15295407,0.14973228,0.14317772,0.13441223,0.12491527,0.11641956,0.11059626,0.108484864,0.109964795,0.11378155,0.1181337,0.12129144,0.12192644,0.11920828,0.112804554,0.10286469,0.090028085,0.07550198,0.06129428,0.05060062,0.04723054,0.05196563,0.061164476,0.07093051,0.07904539,0.084628016,0.0877631,0.08935177,0.09096551,0.09444787,0.101163626,0.11129703,0.12380104,0.13692607,0.14878057,0.15766336,0.16222017,0.1615194,0.15509535,0.14297453,0.12569268,0.10432159,0.08057529,0.057262886,0.0399554,0.037696023,0.048733573,0.062053204,0.07216535,0.07742606,0.07829001,0.07735929,0.07963289,0.09058931,0.11191705,0.1409326,0.1735611,0.20595469,0.23472849,0.2569385,0.27010772,0.27230576,0.26225346,0.2394454,0.20433259,0.15879296,0.108163275,0.07274097,0.09711527,0.16196051,0.23668635,0.31182036,0.38296792,0.4473016,0.50299877,0.54918784,0.58596915,0.61438894,0.6363049,0.6541047,0.67027104,0.6868526,0.70497644,0.72457415,0.74442714,0.7625067,0.77647436,0.78419435,0.7841606,0.7757973,0.75962865,0.73731196,0.7115128,0.68557596,0.6629462,0.64636976,0.63707954,0.63432974,0.63555247,0.6370581,0.63491297,0.62565935,0.6067503,0.5767343,0.5352686,0.4830299,0.42156386,0.3530987,0.2803392,0.20625557,0.13388106,0.066166684,0.008215572,0.046893664,0.087462306,0.11648892,0.1335788,0.13905191,0.13381106,0.119246915,0.09712951,0.06949396,0.038574256,0.008377626,0.026894258,0.05585803,0.08122308,0.10171292,0.11663131,0.12571657,0.12910096,0.12726066,0.12094788,0.11110667,0.09877539,0.08498066,0.07063162,0.056435935,0.042894814,0.030556357,0.021211665,0.02044352,0.03049678,0.046153985,0.06462379,0.08477341,0.10575724,0.12671527,0.1467468,0.16494985,0.18047473,0.19257535,0.200653,0.20428951,0.20326887,0.19758704,0.18745042,0.17326425,0.15561312,0.13523753,0.113013364,0.08995135,0.0672658,0.046690796,0.031638775,0.028230792,0.035899084,0.046494845,0.05583349,0.06256305,0.06628764,0.06701829,0.06500379,0.060662713,0.054549433,0.047339268,0.039833076,0.032976072,0.02781948,0.025184637,0.024971917,0.026058428,0.027137462,0.027305087,0.026098466,0.023408256
135,0.081176355,0.10136042,0.11854207,0.13204746,0.14143273,0.1465032,0.14734243,0.14434284,0.13823517,0.13011086,0.12141331,0.11383006,0.108971484,0.10780793,0.11017951,0.114858195,0.120118774,0.12431039,0.12615211,0.124814756,0.11991286,0.11147406,0.09991131,0.08601304,0.07098018,0.056570567,0.045367986,0.040452693,0.042691734,0.04915725,0.056560148,0.063281365,0.06908888,0.07463721,0.0810204,0.08923549,0.099670894,0.111903146,0.124863766,0.13715981,0.1473522,0.15414466,0.15650828,0.15377006,0.14568165,0.13248077,0.11496827,0.09466464,0.07421995,0.058334198,0.05357708,0.06132677,0.074731335,0.087444544,0.09615424,0.09947196,0.09745075,0.091791734,0.08646887,0.08764425,0.10011285,0.12293964,0.15142602,0.18072774,0.20682228,0.22641414,0.236835,0.23606299,0.22282428,0.1967844,0.15900868,0.1137165,0.07750651,0.093986586,0.15770176,0.23655042,0.3190824,0.3999176,0.47529703,0.5423507,0.59905314,0.64431936,0.6781037,0.7014407,0.7163811,0.7257726,0.73284847,0.74063164,0.75126636,0.76549006,0.78246474,0.8000417,0.815332,0.8253628,0.8276459,0.82058376,0.80371165,0.7777983,0.7448198,0.70779634,0.6704504,0.63662887,0.6094874,0.590609,0.5794472,0.57345504,0.56886494,0.5616923,0.5485365,0.5270244,0.49595264,0.45524085,0.40578553,0.3492654,0.28792736,0.22437204,0.16135961,0.101692826,0.04858685,0.017074019,0.04351976,0.07052497,0.08818239,0.09603653,0.094707675,0.08542513,0.06996904,0.050936658,0.033461392,0.030265044,0.045489,0.06577192,0.08479612,0.10032226,0.11131926,0.117355704,0.118430726,0.11489176,0.107367784,0.09670269,0.08388816,0.07000201,0.056166135,0.04355385,0.033492092,0.027562821,0.026947714,0.0310699,0.038459312,0.048306234,0.06034399,0.07434429,0.089894176,0.10637848,0.123039596,0.13905141,0.15358686,0.1658751,0.17524797,0.18117645,0.183297,0.18142766,0.17557432,0.16592751,0.1528507,0.13686217,0.11861356,0.09887087,0.078512356,0.058584686,0.04056644,0.027341511,0.02412652,0.030508423,0.03941238,0.04718295,0.052657112,0.055510063,0.055770773,0.05367284,0.04959441,0.04402897,0.03757612,0.030958304,0.025069078,0.02097417,0.01950447,0.020388197,0.022383075,0.024362983,0.025743023,0.026395269
136,0.07538818,0.09439631,0.11060931,0.12338966,0.13231,0.13717602,0.13805749,0.13532095,0.12966315,0.12213988,0.11416552,0.1074112,0.10347651,0.10330807,0.1067119,0.11245138,0.1188362,0.124270275,0.12751448,0.12774828,0.12455187,0.11786809,0.10796076,0.09537355,0.08089343,0.065534465,0.050587166,0.0378388,0.02993454,0.029232932,0.03433959,0.042007565,0.050679635,0.060211137,0.07092228,0.08300817,0.09626238,0.110047735,0.12341087,0.13524076,0.14441904,0.14994918,0.15106654,0.14733544,0.13874105,0.1257941,0.10968867,0.0925942,0.07811551,0.07114122,0.07463005,0.08588329,0.099525094,0.11134366,0.1187707,0.12047828,0.11621563,0.10695955,0.0954219,0.086799026,0.0878992,0.10166774,0.124140345,0.14918932,0.17176928,0.18806903,0.19519827,0.19108899,0.17460278,0.14593554,0.10814915,0.075008824,0.087347776,0.14838202,0.22794682,0.31415227,0.40126914,0.4850316,0.5618591,0.62882954,0.6838228,0.7256932,0.75441766,0.7711819,0.77836204,0.7793432,0.77810836,0.77856797,0.78371286,0.79484874,0.81124806,0.83039343,0.8486773,0.86223954,0.8676819,0.8625552,0.8456347,0.8170337,0.7782007,0.73182136,0.6816153,0.6319776,0.5873805,0.55148065,0.5260885,0.5104898,0.5016481,0.49525195,0.48697457,0.4733642,0.4522289,0.4226625,0.3848883,0.34003097,0.28986976,0.2365973,0.18259609,0.13024485,0.08178097,0.039394327,0.0106662465,0.028540287,0.047854852,0.05982295,0.06480858,0.06413487,0.059908494,0.055155788,0.053568806,0.057708666,0.06697275,0.078743435,0.09054022,0.1006635,0.10808602,0.112282746,0.11311562,0.110755526,0.10562095,0.098323554,0.08961572,0.08033581,0.07134316,0.063429035,0.0571945,0.052926186,0.050570276,0.049893305,0.050754037,0.05327884,0.057802174,0.0646186,0.0737425,0.084837995,0.09730051,0.1103788,0.12327189,0.13519418,0.1454205,0.15332039,0.1583852,0.16024925,0.15870379,0.15370397,0.14536782,0.133968,0.11991693,0.10374714,0.086090714,0.06766622,0.049300652,0.03210834,0.018560845,0.01593181,0.024228236,0.03391376,0.04193933,0.04758521,0.050689247,0.051328007,0.049733866,0.04626327,0.04138443,0.03568434,0.029906394,0.025015332,0.022144455,0.022017147,0.024182312,0.027467517,0.030912675,0.03400515
137,0.066347264,0.08429185,0.09963238,0.11177201,0.12029862,0.12501372,0.12596612,0.1234878,0.1182329,0.111217074,0.103834055,0.09777008,0.09466699,0.095489785,0.100005075,0.10692715,0.114564046,0.121358536,0.12611409,0.12802973,0.1266705,0.12192478,0.11395969,0.10317309,0.0901399,0.075552724,0.06016177,0.044734348,0.030120252,0.017923227,0.013805538,0.02155521,0.033526633,0.04680913,0.06095933,0.07577791,0.090887405,0.1056715,0.11932494,0.13094564,0.13964097,0.14463586,0.1453788,0.14164752,0.13366315,0.12223347,0.108957924,0.09648396,0.088474885,0.08822234,0.095950626,0.10849263,0.12183402,0.13276272,0.13909253,0.13953608,0.1336494,0.12191125,0.105999276,0.089429066,0.07838843,0.079746686,0.09360773,0.1131205,0.13152078,0.14412169,0.147741,0.1403621,0.121336885,0.092768535,0.06674645,0.08011682,0.1379249,0.21513431,0.3012588,0.39085025,0.47952735,0.56332093,0.6386886,0.70269364,0.7532243,0.7892083,0.8107947,0.81947356,0.81808954,0.81067884,0.8020328,0.7969132,0.79898924,0.80982876,0.8284305,0.85156244,0.87469393,0.8930508,0.9024488,0.8998101,0.88341784,0.85299593,0.80967945,0.75591415,0.6953005,0.63236564,0.5721997,0.51982576,0.4791798,0.45186132,0.43637013,0.42860973,0.42344514,0.4162498,0.40373993,0.38414335,0.35702124,0.3229737,0.28333527,0.23989536,0.19465439,0.1496196,0.10664856,0.06737037,0.03340703,0.011557668,0.025127983,0.0426425,0.056121722,0.06581067,0.072605476,0.07753047,0.081531234,0.08532665,0.08932833,0.0936469,0.09816866,0.10265543,0.106826045,0.110404395,0.11314124,0.11482365,0.11528316,0.11440711,0.11215223,0.10855661,0.10374555,0.09792813,0.09138376,0.08444123,0.0774566,0.070800446,0.06486585,0.060101002,0.05704249,0.05628121,0.058293205,0.063205704,0.07070725,0.08016703,0.09081089,0.10183493,0.1124585,0.12195227,0.1296621,0.13503316,0.13763331,0.13717227,0.13351464,0.12668496,0.11686438,0.10437886,0.08968012,0.07332074,0.05592606,0.038169302,0.020784462,0.005442463,0.012144561,0.025073929,0.035946716,0.04431156,0.050012555,0.053050235,0.053563844,0.05182514,0.048237797,0.043348297,0.037879128,0.032785565,0.029252384,0.028334484,0.030181445,0.03389549,0.03833069,0.042644344
138,0.05564454,0.0725706,0.0870681,0.09858348,0.10671823,0.1112656,0.11224717,0.10995173,0.10498075,0.09830223,0.09129443,0.085693285,0.08324803,0.08499093,0.09063098,0.09877803,0.10770114,0.11587287,0.122146085,0.12575327,0.12626259,0.123532325,0.11766747,0.108974285,0.09790894,0.08501856,0.070875905,0.05601118,0.04084897,0.025664438,0.010611315,0.0051190844,0.020157488,0.03574238,0.05168054,0.06780256,0.08374019,0.09893239,0.1126764,0.124204606,0.13277622,0.13777679,0.13882302,0.1358753,0.1293662,0.12035689,0.110709555,0.103127904,0.1005906,0.10479028,0.11482136,0.12786001,0.14075124,0.15086563,0.15628198,0.1557757,0.14881106,0.13557684,0.11709123,0.095474266,0.07465639,0.0614804,0.06262304,0.074724734,0.08851063,0.09747409,0.0979898,0.08848228,0.070513256,0.05605603,0.07547482,0.12967186,0.20190774,0.2845758,0.3729902,0.4629652,0.55042,0.6314505,0.7025346,0.7607805,0.80418175,0.8318591,0.8442691,0.84335387,0.83258396,0.8168029,0.8017316,0.79300076,0.7947839,0.8085161,0.8324155,0.86211187,0.8919474,0.9162587,0.9302588,0.9305031,0.91506624,0.88355273,0.83701277,0.77780634,0.70943564,0.6363561,0.56374574,0.4971493,0.44180387,0.40143076,0.3767357,0.36476228,0.36008072,0.35697925,0.35104015,0.33961445,0.3216352,0.29722536,0.26730937,0.23328793,0.1967866,0.15948391,0.12304435,0.08924814,0.06066305,0.042731147,0.042854384,0.055903375,0.071700655,0.086020835,0.09748578,0.10564168,0.11045653,0.112218626,0.11154516,0.109401666,0.10706087,0.10591563,0.107098505,0.11104253,0.117300056,0.12477041,0.13211985,0.1381192,0.1418202,0.14261758,0.1402522,0.13478503,0.12655374,0.116116896,0.104188845,0.091569506,0.07907484,0.06747778,0.05747425,0.049688756,0.044705395,0.043032203,0.04489976,0.05005772,0.05784968,0.06744631,0.07798858,0.08863238,0.09856832,0.10704784,0.11341597,0.11714393,0.11785645,0.11535024,0.10960222,0.10076721,0.089165755,0.07526426,0.059651107,0.043020256,0.026218634,0.011023134,0.0106497,0.023360964,0.035359114,0.045179456,0.052420583,0.056938577,0.058768243,0.058108672,0.055323057,0.050950415,0.045735158,0.04066916,0.036969256,0.035761748,0.037406497,0.041215185,0.046034098,0.05085538
139,0.046090037,0.061595675,0.0749965,0.08569771,0.09327924,0.09750712,0.09836157,0.09607381,0.09117548,0.084568575,0.077608764,0.07211533,0.07003633,0.07254554,0.079257235,0.08859183,0.098737285,0.10819475,0.11587998,0.121075496,0.123370305,0.12261226,0.11886782,0.11238173,0.10353226,0.092781134,0.0806207,0.06752596,0.05392825,0.040255997,0.027223019,0.017353563,0.018238317,0.02952518,0.04414711,0.059728898,0.07534208,0.090266146,0.10378117,0.11516937,0.123776145,0.12909558,0.13087037,0.12920521,0.124695785,0.11856454,0.112735674,0.109630994,0.1113694,0.11858807,0.13001187,0.14321713,0.15561807,0.16499022,0.16963597,0.16842602,0.16081895,0.1468807,0.12730655,0.10346107,0.07751546,0.05301058,0.03671133,0.036596842,0.045651954,0.052363917,0.052375466,0.04725897,0.049298774,0.07593492,0.1253858,0.19058725,0.26712453,0.3513116,0.43937102,0.5273279,0.6111387,0.68691176,0.75116855,0.80112135,0.8349499,0.8520653,0.8533472,0.84133095,0.8202906,0.7960927,0.7756017,0.7654082,0.7699891,0.79011047,0.8225524,0.861336,0.89953035,0.93069696,0.94969314,0.9529924,0.9387377,0.9066624,0.8579449,0.795026,0.72140706,0.6414444,0.5601484,0.48296544,0.41543195,0.36242563,0.3267315,0.30743474,0.2998596,0.29772928,0.2956212,0.2900409,0.2793304,0.26317143,0.24209213,0.21708915,0.18937929,0.16028315,0.13126539,0.10420767,0.0820402,0.06933253,0.06983164,0.081009835,0.0966583,0.112210535,0.12511478,0.13397625,0.13812648,0.13750383,0.13267471,0.124922834,0.11635034,0.1098107,0.1082388,0.113186896,0.12380019,0.137546,0.15163653,0.16379878,0.17243321,0.1765626,0.17575167,0.17003262,0.15983352,0.14590278,0.12922734,0.110945046,0.092253916,0.07432062,0.05818888,0.04468588,0.034332555,0.027317142,0.023681944,0.023658453,0.027464537,0.034684125,0.04437428,0.055476017,0.06696386,0.077876695,0.08734516,0.094626434,0.0991383,0.10048578,0.09847764,0.09313177,0.08467102,0.073513485,0.060268663,0.045775604,0.031338017,0.0199437,0.018768676,0.027671916,0.038607277,0.04841202,0.056065317,0.06116249,0.06359931,0.06349567,0.06117713,0.057179842,0.05227228,0.047476213,0.04400401,0.04293221,0.04461855,0.048462532,0.05336307,0.058269206
140,0.04213582,0.05474092,0.06615877,0.075440876,0.08201518,0.085557096,0.0859683,0.08339315,0.07826162,0.07136945,0.064010315,0.058100253,0.055923738,0.058943447,0.06661389,0.07702313,0.08822841,0.09877012,0.107648425,0.1142151,0.11809716,0.11914888,0.117415845,0.113100044,0.10652151,0.098075725,0.08819025,0.07728852,0.06577598,0.05407924,0.04281041,0.03323633,0.028141385,0.03074692,0.040070485,0.05277179,0.06666543,0.080475695,0.0932728,0.10428174,0.112865016,0.11857491,0.12123866,0.12106353,0.11875088,0.11558426,0.11338547,0.11413944,0.11920871,0.12859519,0.1409348,0.15413645,0.1660236,0.17468876,0.17864358,0.17688553,0.1689362,0.15486272,0.13527824,0.11131417,0.08455692,0.056941792,0.030593384,0.0076624285,0.010965135,0.024328295,0.03595429,0.052765276,0.08155395,0.124707095,0.181548,0.25016424,0.32792315,0.41159725,0.497485,0.5815869,0.6598309,0.72833425,0.783687,0.8232453,0.8454246,0.84998655,0.83831376,0.8136565,0.7812919,0.74841887,0.7234192,0.71405816,0.72484475,0.7550869,0.7992746,0.84936696,0.89715475,0.9356655,0.95970786,0.96596235,0.9528869,0.9205514,0.8704372,0.8052126,0.7284941,0.6446054,0.5583517,0.4748163,0.39915243,0.33622319,0.2897607,0.2608471,0.24671046,0.2416979,0.23996325,0.2373509,0.23166452,0.22215176,0.20891196,0.19246705,0.173532,0.1529784,0.1319903,0.11241633,0.09721139,0.09020084,0.09366331,0.105678745,0.12180103,0.13798267,0.15136997,0.16010824,0.16314432,0.16017003,0.15167154,0.139076,0.12500952,0.11352733,0.10947835,0.11578645,0.13094337,0.15065365,0.17073351,0.18811904,0.20078789,0.20753755,0.2078299,0.20168737,0.18960771,0.17247985,0.15149468,0.12805218,0.10367153,0.07991659,0.058358792,0.04060962,0.02834699,0.02249688,0.021019218,0.020226024,0.01851315,0.017177481,0.019665506,0.027283499,0.03799643,0.04972728,0.061022498,0.07080226,0.07824713,0.082774214,0.08403861,0.081937015,0.07660815,0.06843375,0.05805724,0.04647072,0.03532017,0.027661202,0.027475934,0.034195494,0.043435477,0.052346986,0.05961722,0.06464022,0.06719189,0.067323245,0.065327324,0.061735973,0.057329208,0.05312636,0.050272115,0.04969493,0.0516349,0.055511966,0.060307324,0.065009944
141,0.04709389,0.05512072,0.06321667,0.07007783,0.07488662,0.07715539,0.07665734,0.073410414,0.06769912,0.06014711,0.051885832,0.044854306,0.041853175,0.044988852,0.05346357,0.06476924,0.07677626,0.08809534,0.097841784,0.10545761,0.11062409,0.113217,0.11327599,0.11097496,0.106588624,0.10045507,0.09293764,0.08439356,0.07516071,0.065580234,0.056082144,0.0473748,0.040749628,0.038160026,0.04105136,0.048748326,0.059277844,0.070861205,0.08220486,0.09235582,0.10061385,0.106534675,0.10998791,0.11124258,0.111051954,0.11067812,0.11173701,0.115740374,0.12344356,0.13445452,0.14741267,0.1604886,0.17181934,0.17976375,0.18303679,0.18078803,0.17265342,0.15878662,0.13986845,0.11709477,0.092158005,0.06729158,0.045657247,0.032686327,0.03412598,0.04601769,0.06396154,0.08947897,0.12547322,0.17347892,0.23326959,0.30326512,0.38090557,0.46290413,0.54546183,0.62449366,0.6958818,0.7557529,0.8007723,0.82844627,0.83742815,0.8278301,0.8015501,0.7626193,0.71752197,0.6752412,0.6463546,0.6402652,0.66106635,0.7053344,0.76418597,0.8272176,0.88518625,0.9309788,0.9597038,0.9685135,0.95637774,0.9238544,0.872851,0.806371,0.7282442,0.6428522,0.5548627,0.46898812,0.38977185,0.32135728,0.26709136,0.22873083,0.20539199,0.19338076,0.18778439,0.1844963,0.18102656,0.17621198,0.169628,0.16115619,0.15082584,0.13890982,0.1262106,0.11443915,0.10641048,0.1053131,0.11260281,0.12660725,0.14379057,0.16059217,0.17416811,0.18248175,0.18428046,0.1791128,0.16741338,0.1506948,0.13193755,0.11615701,0.11004047,0.11793471,0.13743639,0.16241018,0.1875219,0.20917179,0.22507456,0.2338862,0.23500085,0.22843315,0.21472766,0.19487078,0.17019722,0.14229439,0.11291726,0.08394696,0.057498418,0.036555752,0.02643244,0.029123582,0.035671763,0.03994922,0.04039841,0.0371536,0.031285822,0.025081024,0.022783734,0.027594801,0.036895715,0.047094878,0.056176893,0.06303563,0.06705215,0.067956574,0.06578482,0.060871787,0.053879134,0.04589089,0.03861841,0.034489986,0.03548088,0.040958613,0.048510797,0.05609615,0.06248325,0.06700571,0.069376275,0.069602065,0.06795188,0.06494647,0.06134983,0.058121048,0.056251172,0.0564378,0.058755223,0.06263393,0.06716889,0.07144903
142,0.05896277,0.06261037,0.066812105,0.070499286,0.07283439,0.07323552,0.07136063,0.067094386,0.060553532,0.052131865,0.042648625,0.033778492,0.028839232,0.031459942,0.040582083,0.05255433,0.06501393,0.076708324,0.08690704,0.095162444,0.10122427,0.10500331,0.10654735,0.10601611,0.10365123,0.09974162,0.094587915,0.088473074,0.08164861,0.07434757,0.06683521,0.059506036,0.05302263,0.048425384,0.046962503,0.049379777,0.055256788,0.06331841,0.072174296,0.080683835,0.088023305,0.09369712,0.09757455,0.099948816,0.10158085,0.1036507,0.10750934,0.114204675,0.12400215,0.1362426,0.14959203,0.16242486,0.173128,0.18029152,0.18282807,0.18005551,0.1717579,0.15822816,0.14029504,0.119345665,0.09737773,0.07715018,0.062391624,0.057038806,0.06209086,0.07531205,0.09571687,0.12469803,0.16414961,0.21494973,0.27656168,0.34721217,0.4241664,0.50397205,0.58268833,0.6561278,0.7201192,0.77079105,0.8048681,0.8199744,0.8149446,0.79015493,0.7479115,0.69295174,0.6330869,0.5797141,0.5469114,0.54676175,0.5820262,0.6443061,0.72009254,0.79675215,0.8646187,0.91696894,0.9495576,0.96021765,0.9485589,0.91571224,0.86407685,0.79705065,0.7187413,0.63366413,0.5464407,0.46151,0.38285995,0.31377158,0.256549,0.21221091,0.18023014,0.15862954,0.1447005,0.13598794,0.13079138,0.12796937,0.12649266,0.1252378,0.12315906,0.119685695,0.11514947,0.11108683,0.11011393,0.114863455,0.12622726,0.1426508,0.1611457,0.17854694,0.19213861,0.19986096,0.20039257,0.19322596,0.17878383,0.15864752,0.13605377,0.11678866,0.10921347,0.11894178,0.14241228,0.17177443,0.20087771,0.22582072,0.24418277,0.25454465,0.2562627,0.24934727,0.23437192,0.21238331,0.18480499,0.1533381,0.11987517,0.0864751,0.055599567,0.03174639,0.026282515,0.037912022,0.050500777,0.05896474,0.062367406,0.060863785,0.05512787,0.04622252,0.03567623,0.025998276,0.021720467,0.025799768,0.03402178,0.042219225,0.0486031,0.05247332,0.053676248,0.05245506,0.049424622,0.045594733,0.042361178,0.041233964,0.043089595,0.04756083,0.05343521,0.059444185,0.06463315,0.068401754,0.07046251,0.0708053,0.069676705,0.06756369,0.0651602,0.06327883,0.06266644,0.06374781,0.066447064,0.0702361,0.074356884,0.07804132
143,0.07378503,0.074137606,0.07488008,0.07537156,0.07499163,0.07322788,0.06971944,0.06427436,0.05687792,0.047709793,0.037212957,0.026390633,0.018148411,0.01907178,0.028768549,0.04112853,0.05359933,0.06518587,0.075351164,0.08377165,0.09027552,0.09482037,0.0974762,0.09840353,0.09782464,0.09598917,0.093138896,0.08947926,0.08516671,0.08031982,0.07505802,0.06956578,0.064172275,0.059420537,0.056063052,0.05487749,0.05628126,0.060024742,0.06529686,0.0711078,0.07660763,0.0812523,0.084889375,0.08781125,0.0907554,0.09477609,0.100919865,0.10978357,0.12121701,0.1343571,0.14789352,0.16035818,0.1703401,0.17663138,0.17833233,0.17493428,0.16638546,0.15314254,0.13621257,0.11719992,0.09837937,0.082755186,0.07370905,0.07345465,0.081607655,0.09691018,0.119598344,0.1512657,0.19344182,0.24657017,0.30976552,0.38098028,0.45725238,0.53494096,0.60995823,0.678015,0.7348864,0.77669334,0.80019194,0.8030658,0.7842234,0.74412394,0.6851993,0.61252004,0.5349691,0.46699098,0.42879465,0.43781283,0.49315587,0.57721835,0.67096114,0.7605744,0.8369871,0.89444274,0.92961586,0.94113725,0.92930156,0.8958269,0.8436095,0.7764525,0.6987662,0.6152483,0.5305539,0.44896197,0.37404466,0.30834404,0.25309283,0.20808774,0.17190549,0.14258112,0.11857157,0.09955781,0.086576045,0.08090351,0.0819829,0.08695877,0.09262788,0.0970888,0.10017457,0.10331771,0.10894448,0.11918095,0.13446681,0.15329407,0.17304145,0.19087577,0.20426658,0.2112318,0.21047702,0.20150925,0.18477686,0.16192673,0.13639286,0.114603,0.10641741,0.1183517,0.14535491,0.1781478,0.21015407,0.23739561,0.2574348,0.26884246,0.2709701,0.26383254,0.24801931,0.22460526,0.1950525,0.16110694,0.12470356,0.08792455,0.05322853,0.025866043,0.025432331,0.044223256,0.06130367,0.07316406,0.079253376,0.079762,0.07527369,0.06664108,0.054908827,0.0412757,0.027192429,0.015296032,0.01330189,0.0215234,0.030620655,0.037980825,0.043101817,0.046079047,0.047360603,0.04766191,0.04785572,0.048766255,0.05089186,0.054226555,0.05833244,0.06258092,0.066374764,0.069273315,0.07104363,0.07167461,0.071372144,0.070535496,0.06970138,0.06943838,0.0701931,0.072138816,0.07511075,0.078666285,0.08222005,0.08517522
144,0.088969044,0.08671607,0.08456524,0.082197025,0.079239264,0.075332716,0.070183575,0.06359794,0.05550039,0.045942403,0.03511225,0.023391368,0.011854303,0.0084469225,0.01894198,0.031286396,0.04321695,0.05414912,0.06375187,0.071823396,0.07827337,0.083116256,0.08645943,0.088481866,0.08940304,0.08944522,0.088795826,0.08757955,0.08584976,0.08360486,0.08082789,0.07754115,0.07386302,0.07005167,0.06651493,0.0637579,0.062245585,0.06221101,0.063525744,0.06574952,0.06833714,0.07087858,0.07328337,0.075879134,0.07938698,0.08471193,0.09255897,0.10306863,0.11571048,0.12944406,0.14296916,0.15493636,0.16409755,0.1694184,0.1701709,0.16601275,0.1570544,0.14391488,0.12777199,0.1104179,0.09430992,0.08245443,0.077614166,0.08080788,0.09123748,0.10837401,0.13318297,0.1674113,0.21231095,0.26791784,0.33297735,0.40514666,0.48123273,0.55741763,0.6294855,0.6930664,0.7438981,0.77809894,0.7924427,0.7846245,0.75351995,0.69945514,0.6245639,0.5334513,0.43479815,0.34545803,0.29674014,0.31986576,0.40295583,0.51128227,0.6217385,0.7218115,0.8042197,0.8645992,0.90065503,0.911811,0.8990011,0.8644751,0.811575,0.74447185,0.667866,0.5866584,0.50559914,0.42891204,0.35989264,0.30049935,0.25103965,0.21017446,0.17544916,0.14425056,0.11475136,0.086512364,0.060948033,0.0425422,0.038951077,0.048610102,0.06152131,0.073028445,0.08271535,0.09215275,0.10360544,0.118689746,0.13742957,0.15831608,0.17899758,0.19693632,0.20982398,0.2158272,0.21375118,0.20317367,0.18459944,0.15974082,0.1321934,0.108963765,0.1012794,0.11595427,0.14602666,0.18123944,0.21502493,0.243549,0.26447296,0.27642477,0.27878797,0.27159432,0.25544074,0.23140226,0.20093451,0.16576782,0.12780188,0.08902615,0.05158834,0.01964186,0.022482771,0.04658255,0.06686027,0.081322566,0.08967654,0.09212594,0.08919752,0.08165637,0.07043298,0.056552455,0.041067723,0.025007412,0.009446901,0.0063621774,0.019039307,0.030043162,0.038893346,0.045602772,0.050401863,0.05368581,0.05595327,0.05772209,0.059429333,0.061343346,0.06352573,0.06586201,0.06814327,0.070159815,0.07177617,0.07297489,0.073867895,0.07467588,0.07567672,0.077128574,0.07918655,0.0818425,0.0849123,0.088072,0.09092169,0.09305223
145,0.10312353,0.0984777,0.09373139,0.08878122,0.08345627,0.07755368,0.070878305,0.06327815,0.05467041,0.04505621,0.03452452,0.02324684,0.011464759,0.0005645456,0.012418796,0.023867043,0.0345731,0.04427561,0.052780617,0.05997863,0.065854914,0.07049,0.07404785,0.07674969,0.07883451,0.08051177,0.081917524,0.08308791,0.08396045,0.08440373,0.084266685,0.08343316,0.08186889,0.079650745,0.07697117,0.0741118,0.0713843,0.069047995,0.06723436,0.06592505,0.06501753,0.064471036,0.06448041,0.06559137,0.068638794,0.07442738,0.08329504,0.09489468,0.108315036,0.122339405,0.13565776,0.14700527,0.1552619,0.15953828,0.15925576,0.1542197,0.14468318,0.13140123,0.11568139,0.09943716,0.08520598,0.075881936,0.073673666,0.0788949,0.09077217,0.10946882,0.13650863,0.17365757,0.22178821,0.28046802,0.3480545,0.42192188,0.49867734,0.5743665,0.6446903,0.70524275,0.7517665,0.7804152,0.78800917,0.77227056,0.7320285,0.66739476,0.579941,0.47300607,0.3526752,0.23231696,0.15650144,0.20509528,0.32520247,0.45565638,0.5778877,0.68376875,0.76843405,0.8289128,0.8638129,0.87321013,0.8585462,0.82248485,0.7687123,0.7016883,0.62635493,0.54781145,0.47095188,0.4000476,0.3382513,0.28705648,0.24592513,0.21247281,0.18338849,0.155655,0.12739006,0.098048896,0.068178706,0.039008584,0.012281648,0.0131571535,0.03299039,0.049664784,0.06420306,0.07860009,0.09482897,0.11388394,0.13535774,0.15770903,0.17880315,0.19638063,0.2083837,0.2131808,0.20973237,0.19773024,0.17775823,0.15159225,0.12297233,0.099505186,0.09373154,0.11181291,0.14442351,0.1809868,0.21540044,0.24418205,0.26520196,0.27721164,0.27966467,0.27262455,0.25668916,0.23290873,0.20269223,0.1677036,0.12975366,0.0906951,0.052339558,0.016623178,0.017186178,0.04453757,0.066660576,0.08284409,0.0929418,0.09713801,0.0958938,0.08989799,0.08001827,0.067261405,0.052769378,0.0379448,0.025108926,0.019500222,0.024815837,0.03464736,0.044408977,0.052707836,0.059155744,0.06374888,0.06669022,0.068310805,0.069013566,0.06922034,0.06931914,0.06961729,0.070311934,0.07148718,0.07313793,0.07520827,0.07762741,0.08033075,0.08326249,0.08636412,0.08955702,0.092727475,0.09572044,0.09834435,0.100385845,0.10163135
146,0.11549957,0.10839925,0.1011222,0.09372003,0.08617648,0.07842122,0.07035387,0.061873727,0.052909315,0.043443713,0.033535592,0.023349283,0.013294472,0.0057719434,0.010482454,0.019510178,0.028312694,0.036292437,0.043235995,0.049073633,0.053853814,0.057735465,0.060969263,0.06385843,0.06669835,0.06970678,0.07296735,0.07640972,0.0798334,0.08296291,0.085512325,0.08724181,0.087996684,0.08772606,0.08648089,0.08439269,0.08163685,0.07838964,0.07479458,0.07096014,0.06700975,0.06319569,0.0600611,0.058562845,0.059938293,0.06513728,0.07420352,0.08626926,0.10001073,0.114014275,0.12693396,0.1375581,0.1448637,0.1480784,0.14674734,0.14079693,0.13058983,0.11696945,0.10129992,0.085509144,0.072095394,0.063824184,0.06262756,0.06862486,0.08141653,0.101881675,0.13187115,0.17284851,0.22510117,0.28768143,0.3585978,0.43500683,0.5133845,0.5897072,0.659658,0.7188603,0.76312834,0.78872174,0.7925883,0.77257794,0.727613,0.6578016,0.5644853,0.45021528,0.31866273,0.174507,0.025392862,0.13170905,0.28070235,0.42006037,0.5444482,0.6494493,0.73168826,0.78899324,0.82049793,0.82666945,0.8092587,0.7711783,0.7163185,0.6493119,0.57526135,0.4994347,0.42691156,0.3621287,0.30824906,0.26639193,0.2351388,0.21099529,0.18984702,0.16844547,0.14509748,0.1195962,0.09280736,0.06622148,0.041708082,0.022404885,0.01826965,0.03032681,0.04608354,0.06359308,0.08333794,0.105312906,0.12861787,0.15166275,0.1725062,0.18916278,0.19984867,0.20317417,0.19829659,0.18505327,0.16412055,0.13733286,0.10858025,0.08622828,0.08415628,0.10631102,0.14075434,0.1775118,0.2113788,0.23940036,0.2597516,0.27136803,0.27380905,0.26718372,0.25208434,0.22951192,0.20079027,0.1674715,0.13123845,0.09381122,0.05687573,0.022194294,0.011661096,0.03826381,0.060614187,0.0775297,0.08878036,0.09446275,0.09493923,0.090802565,0.08285017,0.07208091,0.059751082,0.04757541,0.038163736,0.034924567,0.038965758,0.047271192,0.05657205,0.065062836,0.07188998,0.07670249,0.079454765,0.08032228,0.07965944,0.07796959,0.07586881,0.074025095,0.07305842,0.07341098,0.07524061,0.07840542,0.08255128,0.08724158,0.09206142,0.09667189,0.10082395,0.10434959,0.10714376,0.10914492,0.110319,0.11064916
147,0.1256995,0.11597633,0.106121555,0.09630934,0.08664564,0.07716604,0.067846015,0.058623012,0.049427457,0.040218744,0.031027362,0.022028256,0.013804219,0.008755495,0.011379616,0.017916389,0.024715213,0.030853055,0.036033865,0.040187895,0.043411657,0.04595839,0.04821766,0.0506553,0.053704057,0.0576344,0.062470235,0.06799523,0.07383209,0.07954152,0.08470265,0.08896483,0.09207477,0.093884535,0.0943443,0.09348282,0.091379896,0.088138126,0.083864816,0.078678295,0.07275534,0.06643763,0.060409907,0.05590525,0.054667514,0.058171134,0.06648843,0.078307256,0.09186398,0.10551343,0.11784227,0.1276627,0.13402234,0.13624229,0.13396898,0.12722541,0.11645162,0.10252987,0.086796686,0.07105223,0.057563957,0.048909765,0.04719294,0.053135525,0.06712649,0.090499304,0.12477775,0.17066483,0.22779602,0.29482988,0.36956465,0.44904888,0.5297129,0.60753673,0.67825395,0.73758525,0.7814884,0.8064103,0.809526,0.7889499,0.743909,0.6748751,0.58367383,0.47365594,0.35028985,0.22422336,0.13224865,0.16982952,0.28654903,0.41075763,0.5246266,0.62099344,0.6957177,0.7464352,0.7722844,0.7738006,0.7528109,0.71228814,0.6561618,0.5890941,0.5162363,0.44296756,0.3745883,0.3158544,0.2701524,0.23830727,0.21784338,0.20393942,0.19166304,0.17763425,0.16038418,0.13995627,0.1173274,0.093882374,0.07100768,0.04990384,0.032100633,0.022720404,0.030096773,0.047948793,0.06982251,0.093575105,0.117700286,0.14056401,0.16041593,0.1755484,0.1844705,0.18606324,0.17970985,0.16541304,0.14394544,0.11719113,0.08923898,0.06966456,0.07363213,0.10020334,0.1354318,0.17109717,0.20321763,0.2294838,0.24844721,0.25927663,0.2616666,0.25578073,0.24219508,0.2218323,0.19588718,0.16574709,0.13291511,0.09894952,0.065468416,0.034556057,0.014849212,0.028938737,0.049053438,0.06553939,0.077310756,0.084197745,0.08638892,0.08433651,0.07873951,0.070573434,0.06118945,0.052503552,0.04706786,0.047123063,0.052594356,0.061234728,0.07069436,0.079379864,0.086339965,0.09105915,0.093341224,0.09325629,0.091119975,0.08748723,0.083145075,0.07907493,0.07632986,0.07577944,0.07779642,0.08212069,0.0880341,0.09467721,0.10128264,0.1072719,0.11226717,0.11606863,0.11862161,0.11998167,0.12028018,0.1196917
148,0.13352463,0.121024355,0.10854565,0.09637014,0.08470614,0.07367311,0.06329789,0.05352758,0.044260208,0.03539194,0.026881862,0.01886618,0.012025641,0.008918508,0.01200882,0.017640928,0.0232892,0.028166976,0.031958938,0.03456322,0.036070257,0.036793884,0.037299365,0.0383614,0.040765893,0.044985935,0.050982818,0.058303747,0.06631802,0.07439218,0.08197108,0.088606305,0.09396281,0.09781534,0.100037314,0.10058327,0.09946729,0.09674263,0.0924901,0.08682561,0.079939775,0.072187,0.064247645,0.057366762,0.05348773,0.054627568,0.061315,0.07212573,0.08493932,0.09786688,0.10940062,0.11835229,0.123820834,0.1252064,0.122246675,0.115055405,0.10414856,0.09044928,0.075265765,0.06024134,0.047285773,0.038513202,0.03616762,0.04231822,0.058481056,0.085714296,0.12464789,0.17529301,0.23691176,0.3079762,0.38618872,0.46855518,0.55150783,0.63107395,0.70308316,0.7634023,0.8081853,0.8341245,0.8386902,0.82034755,0.7787487,0.71491367,0.6314532,0.5329955,0.42730132,0.32845557,0.26376203,0.26757425,0.3341111,0.4260743,0.518525,0.5992006,0.66170293,0.7026759,0.72080344,0.7163927,0.6911264,0.6478527,0.5903708,0.52321255,0.4514351,0.3804352,0.31575623,0.2626919,0.22519857,0.20387638,0.19476108,0.19133373,0.18791072,0.18118766,0.17000574,0.15461044,0.13598023,0.11531773,0.09369208,0.07185081,0.050307434,0.03025862,0.019563133,0.03236302,0.05493246,0.079318896,0.103219226,0.12499332,0.14309755,0.1561103,0.162847,0.16247775,0.15462904,0.13947715,0.11788362,0.091769576,0.065584905,0.051367443,0.06432474,0.094627395,0.1290598,0.162173,0.1913157,0.21486324,0.23178354,0.24151185,0.24389641,0.23915455,0.22782363,0.21070457,0.18880035,0.16325445,0.13529548,0.106199354,0.077300325,0.05018676,0.027963633,0.021199135,0.03304289,0.04738793,0.059028834,0.066899136,0.070820965,0.071018584,0.06804943,0.06285401,0.05688432,0.052217584,0.051205393,0.055129997,0.0631791,0.07337733,0.08386178,0.093262956,0.10065255,0.10545314,0.10738814,0.10646376,0.102970675,0.09749963,0.09096487,0.08460937,0.07990827,0.07822755,0.0802492,0.08561449,0.09319849,0.101691075,0.10998122,0.117274046,0.12307956,0.12716784,0.12952235,0.13029563,0.12976451,0.12828246
149,0.13887668,0.12355159,0.10850241,0.09411673,0.080699526,0.06844203,0.05739912,0.047485705,0.038502667,0.030196019,0.022344915,0.01489506,0.008393993,0.0063752322,0.011091909,0.017215732,0.02292154,0.027641643,0.031047368,0.03294679,0.033309035,0.032333266,0.030566756,0.029057918,0.029324315,0.032643173,0.039097123,0.047784813,0.057634827,0.06775534,0.07745247,0.08619105,0.09356732,0.0992927,0.10318042,0.10513052,0.10511319,0.10315352,0.09932339,0.09374855,0.08664079,0.07836984,0.069595575,0.061475154,0.055842258,0.054838795,0.05947202,0.06863583,0.080144264,0.09194994,0.10245746,0.11046854,0.11512518,0.11590458,0.11264411,0.105573796,0.09534091,0.08301615,0.07006752,0.058264844,0.049425248,0.044976547,0.045905747,0.05375293,0.07102569,0.09981349,0.14091772,0.19409834,0.2583312,0.33187148,0.4122813,0.49649575,0.58094054,0.6616978,0.7347109,0.7960157,0.8419865,0.8695825,0.8765829,0.86180335,0.8252931,0.76853025,0.69466174,0.6089011,0.5192946,0.43805102,0.38235924,0.36896268,0.3994015,0.45718583,0.52301234,0.58335763,0.63013136,0.6588798,0.66763914,0.65630937,0.626271,0.5800976,0.5213065,0.45413786,0.38338417,0.31431198,0.25269234,0.20469251,0.1754934,0.1654641,0.16811547,0.17475352,0.179331,0.17903551,0.17319125,0.16227458,0.14726792,0.12924479,0.1091165,0.08752239,0.064871915,0.041610997,0.019690415,0.017537137,0.039290324,0.06325256,0.08591086,0.1057133,0.12135376,0.13170539,0.13589653,0.13339464,0.12407546,0.10828526,0.086951375,0.062013306,0.038893886,0.035927907,0.05966319,0.09096993,0.122397065,0.15130581,0.17620066,0.19610064,0.21039948,0.21881534,0.22135325,0.21826416,0.20999926,0.19716232,0.18046455,0.1606859,0.13864541,0.115183525,0.0911601,0.067484446,0.04525289,0.026444716,0.017411174,0.02404563,0.03483943,0.04380395,0.049668457,0.05226026,0.051956795,0.04969815,0.047139537,0.046615306,0.0502255,0.05833778,0.06958411,0.08212478,0.09437405,0.10511049,0.1134346,0.1187365,0.12068814,0.1192512,0.1146956,0.10763078,0.09905381,0.09040242,0.083526246,0.080338135,0.081976764,0.088087276,0.09713801,0.10734321,0.1172408,0.12582141,0.13248089,0.1369483,0.1392256,0.13953672,0.13827783,0.13596104
150,0.14168642,0.12366652,0.106289245,0.090065956,0.07541724,0.062618315,0.051739343,0.042602513,0.034795072,0.027765555,0.020976324,0.0140416715,0.0068124086,0.0013875595,0.008542184,0.015873196,0.022557855,0.028165102,0.032308728,0.034680087,0.03508945,0.033518445,0.030211134,0.02588474,0.022217743,0.02216451,0.02754991,0.036891766,0.04811069,0.059866335,0.07129558,0.081779785,0.09085535,0.09818166,0.10352601,0.106751375,0.10780342,0.10669855,0.103517406,0.09841044,0.09162402,0.083558105,0.07486981,0.06662796,0.060439844,0.05819807,0.061019424,0.06825089,0.078005575,0.08829479,0.09751407,0.10447755,0.10837753,0.10877697,0.10563325,0.099336065,0.09074458,0.081201896,0.07246214,0.06637472,0.06423005,0.06631558,0.072625816,0.084219486,0.10354981,0.13328668,0.1749913,0.22880031,0.2937193,0.36790147,0.44880453,0.53330666,0.61783934,0.69855493,0.7715274,0.8329774,0.87950903,0.9083459,0.9175548,0.90624905,0.8747696,0.82485366,0.75981444,0.684773,0.6069703,0.5360128,0.48326343,0.45860183,0.46449983,0.49347362,0.5329864,0.5715018,0.6008023,0.61587334,0.6142394,0.59538823,0.56034005,0.51131004,0.4514252,0.38449183,0.31484857,0.24740088,0.1880235,0.14431486,0.12419169,0.12724318,0.14186695,0.15720277,0.1679791,0.17247617,0.17067175,0.16329886,0.15135303,0.13581246,0.11749162,0.097002044,0.07480188,0.051311377,0.027126767,0.006259968,0.023568336,0.046184063,0.06663683,0.083651334,0.09619402,0.10343521,0.10481354,0.100092076,0.08939293,0.0732172,0.05250331,0.029154666,0.014685095,0.034880266,0.06275615,0.090458564,0.116270706,0.1391839,0.1585207,0.17387058,0.18505342,0.19207634,0.19508253,0.19429862,0.18998913,0.1824261,0.17187819,0.15861924,0.14295137,0.12523441,0.105912566,0.08553022,0.0647318,0.04424383,0.024840306,0.007298334,0.0077080843,0.01954,0.027856052,0.032582298,0.034107205,0.033552974,0.033158544,0.036031928,0.04404086,0.05639286,0.07116007,0.0865649,0.101173826,0.11383713,0.12365533,0.12998149,0.13243979,0.13094978,0.12575491,0.11746183,0.10710298,0.09622927,0.08697241,0.081792325,0.0824685,0.08885981,0.09908085,0.11083621,0.122282304,0.13217868,0.13979328,0.14479625,0.14718384,0.14722183,0.14539401,0.14234295
151,0.14186579,0.12150831,0.10231287,0.08496747,0.070071585,0.058025155,0.048859783,0.042094063,0.03679573,0.031902123,0.026569495,0.020340035,0.013163253,0.005659588,0.0054822178,0.013480948,0.021585757,0.02875329,0.034415536,0.03813185,0.03958654,0.038613625,0.035234265,0.02973652,0.022935256,0.01717455,0.017777186,0.026182584,0.03808781,0.05097375,0.06367818,0.07548129,0.08586279,0.094440416,0.10095076,0.10523852,0.107245624,0.107000455,0.1046108,0.1002664,0.094258115,0.087022014,0.07921436,0.07180873,0.066140525,0.06367844,0.065323554,0.070727065,0.07849099,0.08693274,0.09458454,0.100337036,0.103458256,0.10360925,0.100880876,0.09584479,0.08959642,0.083726496,0.08007279,0.08012201,0.08439719,0.0926261,0.10471348,0.121576004,0.14517596,0.17778403,0.22103925,0.27542555,0.3402501,0.41383854,0.49374095,0.57690984,0.6598719,0.7389132,0.81028473,0.87042356,0.9161802,0.9450418,0.9553384,0.9464254,0.9188359,0.8744048,0.81636906,0.7494449,0.6798465,0.6150905,0.56318086,0.53062844,0.51960003,0.52638805,0.5431001,0.5610228,0.572987,0.5741404,0.56185085,0.5353489,0.49535027,0.44371358,0.38313708,0.31690454,0.24872169,0.18279041,0.12464681,0.08432229,0.07708234,0.09687814,0.122051075,0.14292902,0.15693639,0.16383465,0.16424754,0.15911402,0.14941661,0.13603543,0.11969118,0.10096169,0.08034984,0.058372892,0.035644505,0.012963503,0.00927245,0.029216819,0.046436038,0.059897546,0.068806216,0.072603986,0.07102282,0.064115256,0.0522562,0.0361166,0.016622178,0.0054423697,0.028288946,0.05129656,0.07333227,0.09356589,0.11141979,0.12659122,0.1390411,0.14894342,0.15659857,0.16232403,0.1663467,0.16872619,0.1693324,0.16788308,0.16402721,0.15744841,0.1479628,0.13559419,0.12061992,0.10358963,0.08532813,0.06694678,0.04991551,0.036265377,0.028543891,0.02745834,0.029445736,0.030560287,0.029011214,0.02482042,0.02037111,0.022007568,0.03298111,0.049269885,0.06764964,0.086245514,0.103666194,0.11876403,0.1306042,0.13848738,0.14198321,0.14096321,0.1356332,0.1265736,0.114805214,0.10190425,0.09015183,0.082469605,0.081443876,0.087480105,0.09847652,0.11158443,0.124521434,0.13578343,0.14448914,0.15022844,0.15296558,0.15297602,0.15079498,0.14715993
152,0.13928738,0.11720305,0.09702936,0.07973525,0.06618893,0.056840893,0.051273994,0.04811832,0.045648802,0.042478494,0.037811656,0.03138267,0.023341658,0.014277998,0.0066383565,0.010475081,0.019815797,0.028837051,0.036401078,0.04189293,0.044891704,0.0451442,0.042574678,0.037308097,0.029737478,0.020823745,0.013799118,0.0167824,0.028013572,0.041371863,0.05482233,0.06745923,0.07869593,0.08811769,0.095447965,0.10053541,0.10334256,0.103933506,0.10246327,0.09917395,0.0944034,0.08861125,0.08242088,0.07665829,0.072327405,0.0704138,0.07148294,0.075330324,0.08104289,0.08739213,0.09319668,0.097513884,0.09972668,0.09960287,0.09735903,0.09372802,0.08999076,0.087858565,0.08904294,0.09459572,0.10461886,0.1187522,0.13695642,0.15995477,0.18915926,0.22620529,0.27236068,0.32808918,0.39288533,0.46531716,0.543167,0.6236049,0.70337594,0.7789995,0.84698045,0.9040285,0.94727725,0.97449327,0.98426396,0.9761561,0.9508369,0.9101534,0.8571644,0.7961101,0.7322755,0.67163825,0.62011504,0.5822605,0.55970967,0.55033576,0.54898304,0.54934096,0.54569864,0.5338825,0.51148385,0.4777167,0.43313995,0.3793479,0.318667,0.2538761,0.18797547,0.1240947,0.06614205,0.028708737,0.05123381,0.0864589,0.11540309,0.13641779,0.14972344,0.15609224,0.1565114,0.15199506,0.14346132,0.13167077,0.117228895,0.10064157,0.08240183,0.063082635,0.04343142,0.024588156,0.01025897,0.01520068,0.02691019,0.03584885,0.04061773,0.04075926,0.036262654,0.027565598,0.015966846,0.0095701,0.022480609,0.040049817,0.057734918,0.074110314,0.088272355,0.0997003,0.10828645,0.11435934,0.11865155,0.122172035,0.12595896,0.13075285,0.13672507,0.14341308,0.1498862,0.15502438,0.15777737,0.15734571,0.15328489,0.14555427,0.13452978,0.12099429,0.10611224,0.091378935,0.07848287,0.06892067,0.06325473,0.060514785,0.058615968,0.055438142,0.04951183,0.040180545,0.027743578,0.015350764,0.01891533,0.037577152,0.05933006,0.08122527,0.10172893,0.119622745,0.13390377,0.14380524,0.14883392,0.14880522,0.1438748,0.13457449,0.12187164,0.107285745,0.09309407,0.08249101,0.07892263,0.0837807,0.095034875,0.1092441,0.123596296,0.13627397,0.14621991,0.15292117,0.1562835,0.15655905,0.15429534,0.15028317
153,0.13379337,0.11085341,0.09091298,0.075352654,0.06523738,0.060483083,0.05941105,0.059606355,0.059076007,0.056630243,0.0517558,0.044418257,0.034928694,0.023910798,0.012689508,0.008262754,0.017373336,0.028215047,0.03777297,0.045164928,0.04986923,0.051571775,0.050150108,0.045677304,0.038438234,0.029002408,0.018646283,0.012243,0.018765312,0.03146904,0.04501248,0.05793449,0.069527544,0.079346135,0.08711945,0.09272654,0.09617983,0.09760694,0.09723122,0.095354624,0.09234768,0.088648915,0.084769845,0.08129021,0.07881396,0.07785734,0.07868317,0.08116989,0.08481543,0.08887686,0.092556976,0.09516552,0.09624305,0.095665604,0.093746506,0.09132918,0.08980973,0.09094001,0.09629044,0.1066513,0.12197883,0.14193623,0.16646224,0.19600573,0.23143359,0.27373415,0.323654,0.38139287,0.44642976,0.51748484,0.5925832,0.66918254,0.74434054,0.8149057,0.8777235,0.9298483,0.9687513,0.9925145,1.0,0.9909851,0.9662546,0.92764276,0.8780144,0.82116723,0.76161766,0.7042046,0.6534343,0.6125675,0.5826936,0.5623028,0.5477535,0.53443575,0.51799333,0.49512687,0.4639087,0.42376435,0.37528327,0.31996015,0.25991794,0.1976403,0.13573818,0.076832615,0.024775304,0.029673608,0.06836334,0.100136474,0.12389708,0.13994399,0.14903674,0.15217502,0.15043214,0.14481564,0.13617179,0.12515044,0.11223457,0.09781957,0.082314596,0.06623681,0.05028451,0.035411116,0.023006042,0.015310109,0.013924495,0.015147205,0.014772614,0.011701964,0.008590781,0.014188633,0.026744334,0.04193104,0.057900865,0.073255196,0.086760566,0.09738814,0.104407884,0.10749486,0.10684209,0.103282176,0.09839748,0.09449428,0.09411072,0.09885096,0.108390786,0.12082733,0.13380677,0.14527917,0.15374224,0.15826789,0.15847977,0.15452564,0.14704536,0.13712206,0.12619092,0.11585261,0.10752155,0.10192462,0.09871662,0.09658155,0.09378549,0.08874991,0.08037009,0.068115905,0.052065738,0.03316452,0.016344812,0.024299813,0.047578894,0.07234167,0.09585246,0.11663428,0.13356099,0.14577784,0.15271819,0.15413181,0.15011115,0.1411193,0.12803611,0.11225842,0.0959158,0.08220592,0.07526501,0.077915825,0.08874164,0.1037215,0.11937619,0.13350081,0.14482984,0.1527253,0.15700935,0.15787877,0.15585342,0.15173161
154,0.12523244,0.10257003,0.084466495,0.07271933,0.06796877,0.06858066,0.07150277,0.07404172,0.07452059,0.07211248,0.066567875,0.05803088,0.046934236,0.033960335,0.020188821,0.009248518,0.014640027,0.02693604,0.038379524,0.04761024,0.053997576,0.05717918,0.057005942,0.053533547,0.047022212,0.037952986,0.027137136,0.016442263,0.012942177,0.022000708,0.034636326,0.047189884,0.058592442,0.06833631,0.07617109,0.082036614,0.08603058,0.088375926,0.08938141,0.089397915,0.088776834,0.08783838,0.0868556,0.08605307,0.08561161,0.085664995,0.086279534,0.08742059,0.088924974,0.09050248,0.09177945,0.09238166,0.092045695,0.0907498,0.088858806,0.087261945,0.08741766,0.09112005,0.099897906,0.114453875,0.13471502,0.1603441,0.19116431,0.22729543,0.2690778,0.31688833,0.3709234,0.4310048,0.49644652,0.56599885,0.6378675,0.7097957,0.7791948,0.84330773,0.89939487,0.94492686,0.97777516,0.99638724,0.9999357,0.98843086,0.9627885,0.9248419,0.8772871,0.82354444,0.76750726,0.71314186,0.6639214,0.6221526,0.58840144,0.5613231,0.5380727,0.51513916,0.4892231,0.4578551,0.41967905,0.37447393,0.3230224,0.26691172,0.20833667,0.15000603,0.09553788,0.05282317,0.046259087,0.073035344,0.10219585,0.1256933,0.14215055,0.15174657,0.15527922,0.15383014,0.14855334,0.14051406,0.13057937,0.1193748,0.10731241,0.09467584,0.08172853,0.06880583,0.05636015,0.04494273,0.035117164,0.02732293,0.021803573,0.018895412,0.019596003,0.024885928,0.034387078,0.0469657,0.061416157,0.07650661,0.09096674,0.10353922,0.11306643,0.11858843,0.11944137,0.11535505,0.106564574,0.09398348,0.07956109,0.06699942,0.062091902,0.06891349,0.084748924,0.104162574,0.12325429,0.13970168,0.152166,0.1600016,0.16314484,0.1620631,0.15770446,0.15140578,0.14471248,0.13906513,0.13537876,0.13369328,0.13314351,0.1322922,0.12959485,0.1237578,0.11392574,0.09975106,0.08142483,0.05979697,0.037185606,0.023483304,0.037004016,0.061937004,0.087456614,0.11066468,0.13005136,0.14459133,0.15360998,0.15677068,0.15408424,0.14592417,0.13305542,0.1167065,0.09875296,0.082116514,0.071183555,0.0704041,0.07986765,0.09516823,0.1119568,0.12752491,0.14035717,0.14966913,0.15517713,0.15699282,0.15556967,0.15166605
155,0.11352221,0.0925557,0.07828203,0.07244715,0.074033394,0.07951716,0.08538609,0.08935949,0.09022714,0.08747935,0.08106658,0.07126563,0.058603372,0.043821603,0.02794541,0.0132422745,0.012247261,0.02520083,0.0382748,0.049163625,0.057102907,0.061688278,0.06275449,0.060353164,0.05474337,0.0463871,0.03597335,0.024600934,0.014961758,0.014868859,0.02433993,0.03560391,0.046196435,0.055382762,0.06292461,0.06885491,0.07339866,0.0769041,0.07975986,0.08230351,0.08474504,0.08713231,0.08937145,0.09129023,0.09271562,0.0935367,0.093735464,0.09338019,0.092586786,0.091463305,0.09006243,0.0883705,0.08635619,0.08408885,0.08192089,0.0807013,0.08190338,0.087414466,0.09886224,0.11699365,0.14174032,0.17270926,0.20953706,0.25198716,0.2999002,0.35308754,0.4112109,0.47367245,0.5395338,0.60747516,0.675802,0.7424988,0.80532515,0.8619455,0.9100823,0.9476804,0.9730706,0.9851199,0.983357,0.968063,0.9403153,0.9019768,0.8556157,0.8043416,0.7515365,0.7004656,0.65378404,0.6130259,0.5782539,0.5480628,0.51999635,0.49122128,0.45919237,0.42211685,0.37917054,0.33051804,0.27721903,0.22110824,0.1647827,0.112104416,0.07099215,0.0596487,0.08040182,0.108773515,0.13354485,0.15178214,0.16295728,0.16750868,0.16637939,0.16077095,0.15195675,0.14112645,0.12926677,0.117094815,0.10505652,0.09338693,0.08220809,0.07162658,0.061799943,0.05296754,0.045478184,0.03987009,0.03699009,0.03787125,0.043081738,0.052251928,0.06441918,0.07845982,0.093206204,0.10745121,0.11997408,0.12960139,0.13528694,0.13619521,0.13177796,0.12183929,0.10659456,0.086756624,0.06380588,0.04132526,0.031242106,0.04609214,0.071086176,0.09661434,0.119602576,0.1386053,0.15288109,0.16222887,0.16695803,0.167865,0.16616711,0.16335084,0.16089682,0.1598977,0.16070199,0.16279039,0.1649718,0.16576524,0.1637622,0.15786554,0.14741105,0.13221797,0.112620555,0.08956057,0.06500164,0.04385498,0.03885433,0.05532468,0.07945302,0.10346715,0.124433644,0.1408357,0.15176776,0.15674742,0.15566671,0.14878015,0.13671112,0.12049069,0.10168402,0.082736626,0.06768917,0.062199883,0.06899241,0.083970696,0.10164476,0.1186045,0.13302389,0.14395028,0.15097505,0.15409863,0.15367241,0.15036854
156,0.09874124,0.08126737,0.07313871,0.07470918,0.08234868,0.091588624,0.09940225,0.10413522,0.10498884,0.10169634,0.09435738,0.083348885,0.069270454,0.052914422,0.0353026,0.018214831,0.01097082,0.02327995,0.03761907,0.04990421,0.05919167,0.06503691,0.06726487,0.06592948,0.061296266,0.053826336,0.044166315,0.03317982,0.022193607,0.014344068,0.015769571,0.023840826,0.032793906,0.040923815,0.04789193,0.05384531,0.059174843,0.0643506,0.06975346,0.0755371,0.08157543,0.08751008,0.092860036,0.09714184,0.09996815,0.10111414,0.10055145,0.09845084,0.095152885,0.09110592,0.086776175,0.08255077,0.07867884,0.07531287,0.072698414,0.071500726,0.07311993,0.07960859,0.09288244,0.113863744,0.14249185,0.1782587,0.22056521,0.26881218,0.32237476,0.3805484,0.44249362,0.5071897,0.57340235,0.6396723,0.7043301,0.7655399,0.82137257,0.8699044,0.9093355,0.9381183,0.9550871,0.9595768,0.9515197,0.9315107,0.9008287,0.861405,0.8157236,0.76663995,0.7171032,0.669782,0.62663275,0.5885137,0.5549978,0.5245079,0.4947566,0.46332845,0.4282031,0.3880984,0.34261814,0.2922555,0.23832929,0.18296647,0.1294229,0.08392973,0.061976172,0.076384276,0.10596447,0.13453221,0.15726672,0.17283715,0.18119168,0.1829467,0.17912257,0.17096515,0.15979406,0.14686798,0.13327214,0.119839385,0.10711659,0.09538417,0.08472468,0.07512508,0.06659519,0.059296224,0.053680334,0.050585542,0.051073022,0.055838563,0.06469744,0.07675367,0.09084952,0.10578806,0.12037292,0.13341723,0.14377616,0.1504033,0.15241864,0.14917539,0.1403162,0.12581146,0.10597495,0.08145527,0.053204957,0.022458842,0.010026029,0.04160323,0.07178142,0.09911303,0.12255871,0.14141315,0.15537296,0.16458984,0.16969296,0.17176062,0.17220807,0.17255478,0.1740701,0.17739584,0.18233517,0.18793628,0.19280434,0.19545929,0.19460927,0.18931347,0.17906304,0.16381735,0.14403197,0.12073024,0.09574772,0.07252421,0.057906717,0.06015492,0.07659417,0.097902596,0.11846135,0.13556166,0.14776687,0.15430768,0.15487935,0.14956683,0.13881607,0.12343751,0.10467041,0.08441222,0.06588307,0.05478414,0.057083033,0.07074529,0.08893532,0.10717258,0.12321561,0.13591708,0.14472692,0.14951217,0.15049082,0.14820677
157,0.08128722,0.06971879,0.070061915,0.079271905,0.09174013,0.10349654,0.11240072,0.11736905,0.11791996,0.113967165,0.10572106,0.093632564,0.07835399,0.060714036,0.0417403,0.023006896,0.011176067,0.021429395,0.03660168,0.0499693,0.06035041,0.06726015,0.070517875,0.07018315,0.06653069,0.060026567,0.051301066,0.041125994,0.030429067,0.020481179,0.013759014,0.01407781,0.019492717,0.025892178,0.032147292,0.038405582,0.045163665,0.052840594,0.061535116,0.07097077,0.08058535,0.089671224,0.097504556,0.10344609,0.1070164,0.10795045,0.10623341,0.10211689,0.09611157,0.08894756,0.08148708,0.07457331,0.068829514,0.06451229,0.06161292,0.06033355,0.061779242,0.06824254,0.08226278,0.10516026,0.1368729,0.1767,0.22376242,0.2771024,0.3356685,0.3982922,0.46367642,0.53039527,0.5969048,0.66156375,0.72266716,0.77849424,0.8273709,0.8677462,0.89828,0.9179356,0.92607117,0.9225217,0.9076626,0.882444,0.84838825,0.80753535,0.76232535,0.715402,0.6693294,0.6262341,0.5874327,0.5531567,0.52250683,0.4936965,0.4645119,0.43282324,0.39699474,0.3561256,0.31013367,0.2597362,0.20640437,0.15244287,0.10173495,0.063774794,0.06061984,0.08822536,0.12092065,0.1495472,0.17155713,0.18627189,0.19384307,0.19492449,0.19049816,0.18173885,0.16989261,0.15616684,0.14163665,0.12717386,0.11340653,0.10071736,0.089288436,0.07919746,0.070565596,0.06374414,0.05947364,0.058814894,0.06262653,0.07092338,0.08285993,0.09720286,0.112666175,0.12800303,0.14201327,0.1535573,0.16159356,0.16523227,0.16379453,0.1568673,0.14434762,0.12647444,0.10385546,0.077534966,0.049374208,0.025387522,0.030253809,0.056428544,0.08399816,0.10905936,0.13023692,0.14689279,0.15892138,0.16672848,0.17121334,0.17369188,0.17571081,0.17872518,0.18369734,0.19079041,0.19933288,0.20805846,0.21545903,0.22009051,0.22077274,0.21669842,0.20748438,0.19319443,0.17435792,0.152015,0.12784792,0.104510695,0.08620315,0.07838103,0.08353735,0.09759133,0.11454103,0.1302905,0.1425141,0.14993033,0.1519039,0.14826508,0.13922593,0.1253444,0.10753449,0.08717782,0.06654323,0.050087668,0.045715634,0.05636965,0.07448941,0.09380759,0.11145306,0.12604102,0.13686347,0.14363538,0.14641519,0.14558306
158,0.062267587,0.06000618,0.07017888,0.08568508,0.10128387,0.11435489,0.12359293,0.12834574,0.12836,0.123678476,0.11458953,0.101593465,0.08537435,0.06677896,0.046832405,0.026995903,0.01231101,0.019802589,0.03537945,0.049493287,0.060681455,0.06842176,0.07253187,0.07307942,0.07035036,0.064820535,0.05712074,0.04799441,0.038252663,0.028740983,0.020364432,0.014297653,0.012200996,0.014512627,0.019635504,0.026700135,0.03559201,0.04616066,0.05798515,0.07040656,0.08262212,0.09377937,0.10306096,0.10976055,0.11334972,0.11353463,0.110300675,0.10394375,0.09508695,0.08467872,0.07395494,0.06430783,0.056950208,0.0523671,0.05003811,0.049118377,0.04987877,0.05485248,0.067938305,0.09142786,0.12521063,0.16821267,0.21919127,0.27682748,0.33968258,0.40617836,0.47460997,0.5431792,0.61003906,0.67334557,0.7313138,0.782278,0.8247535,0.85750186,0.8795947,0.8904759,0.890017,0.8785603,0.85694516,0.82650864,0.7890514,0.7467578,0.7020552,0.65740025,0.6149893,0.5764219,0.54239523,0.5125474,0.4855472,0.45942894,0.43205413,0.4015461,0.36659282,0.3265953,0.28169185,0.23271087,0.18112265,0.12915173,0.08079085,0.048349023,0.058100432,0.09135012,0.12506859,0.15374486,0.17584154,0.19097145,0.19932774,0.20148459,0.19827572,0.190693,0.17979446,0.16662216,0.15213387,0.1371522,0.12233611,0.108181134,0.09505889,0.08331055,0.073406614,0.0661464,0.06272669,0.064323284,0.07124397,0.082643546,0.09709552,0.11313085,0.12939255,0.14462522,0.15766087,0.16743656,0.17303658,0.17374621,0.16910657,0.15896448,0.14351705,0.12336346,0.09961446,0.07425758,0.051614452,0.04228714,0.054495797,0.07714067,0.10095949,0.12246255,0.14019139,0.15359202,0.16275008,0.16831814,0.17145503,0.17369159,0.17666106,0.18169385,0.18940897,0.199524,0.2109908,0.22233757,0.23201713,0.2386529,0.24117774,0.23890065,0.23153341,0.21919845,0.20243327,0.18220678,0.15996997,0.13776518,0.11836618,0.105139524,0.10080336,0.105222486,0.115209445,0.12686887,0.13721201,0.14432289,0.14708836,0.14496765,0.13785407,0.12599902,0.10997986,0.090727404,0.069714434,0.04973518,0.037469003,0.042143658,0.059125736,0.07920172,0.09835738,0.11488097,0.12788418,0.1369131,0.14184599,0.14287229
159,0.04483972,0.055689715,0.07426976,0.09346466,0.11035541,0.12359199,0.13245265,0.13656916,0.13583809,0.13038561,0.12054657,0.10684511,0.08997373,0.07077549,0.050255254,0.029784491,0.013456146,0.0183885,0.034035783,0.048567943,0.06026313,0.06857471,0.07332445,0.07459131,0.072676435,0.068074316,0.06143703,0.05352822,0.045165353,0.037148654,0.030178813,0.02479016,0.021389721,0.020478338,0.02272263,0.028437348,0.037265804,0.048486114,0.061251223,0.07464192,0.08769187,0.09943239,0.10895278,0.115467116,0.11837986,0.11734554,0.112319134,0.10359687,0.091851406,0.07817218,0.06412753,0.051819716,0.043597758,0.0405856,0.04103282,0.041879475,0.041735765,0.042881653,0.051781647,0.07363923,0.10820532,0.15343246,0.20747717,0.26862434,0.33508405,0.40492606,0.47609502,0.54646426,0.6139069,0.6763736,0.7319713,0.77903855,0.8162143,0.8424993,0.8573065,0.8604996,0.85241836,0.83388656,0.8062003,0.7710908,0.73065436,0.68723786,0.6432676,0.601011,0.5622826,0.528141,0.49867418,0.4729806,0.44939178,0.42586887,0.40043232,0.37150013,0.33808282,0.29984692,0.2570865,0.2106474,0.16185515,0.112564586,0.06597305,0.034359153,0.050159264,0.08533065,0.118989125,0.14764357,0.17031422,0.18673925,0.19704582,0.20162885,0.20107283,0.19608669,0.18744674,0.1759481,0.16236524,0.1474235,0.13178402,0.11604963,0.10080653,0.08672795,0.07476662,0.06638307,0.06343299,0.0671261,0.0769,0.09093888,0.107326016,0.12444842,0.1409378,0.15557532,0.16726121,0.17503555,0.17812504,0.17599878,0.1684236,0.15551649,0.13780439,0.116328046,0.09291044,0.07094788,0.057141997,0.059542775,0.07579902,0.09708343,0.11802676,0.13613899,0.15029457,0.16018201,0.1661359,0.1690715,0.17040318,0.17186038,0.17513831,0.18142544,0.19101931,0.20327184,0.2168711,0.2302407,0.24185917,0.25044677,0.2550523,0.25508407,0.2503131,0.24086489,0.22720759,0.21014401,0.1908133,0.1707038,0.15165839,0.13578752,0.12509601,0.12068786,0.12201009,0.12702742,0.13321513,0.13838077,0.1409396,0.13988486,0.13468689,0.12520711,0.11164269,0.09450776,0.074688,0.053752184,0.03546695,0.030359168,0.043874823,0.06413419,0.08461125,0.103040025,0.11831009,0.12978123,0.13713631,0.14035696
160,0.037818205,0.060076203,0.082321584,0.10216799,0.11856465,0.13086532,0.13865817,0.14172974,0.14005801,0.13380954,0.12333345,0.10914986,0.09193367,0.07249886,0.051805943,0.031126875,0.0139240995,0.017022688,0.032571,0.04722655,0.05913206,0.06774417,0.07289783,0.07468864,0.07344076,0.06968304,0.06411871,0.057581645,0.05096841,0.04512687,0.040691037,0.037928075,0.036772594,0.03712915,0.03919741,0.04346167,0.050304323,0.059632026,0.07084067,0.08300084,0.09504051,0.10586655,0.11445043,0.11990073,0.12152973,0.11891359,0.11194421,0.10087274,0.0863526,0.06951141,0.052150726,0.03735336,0.030213924,0.03299553,0.039478064,0.043705758,0.04325763,0.038913384,0.037854455,0.05328801,0.08686527,0.13343848,0.18982753,0.2538219,0.32332012,0.39610708,0.46984386,0.54213065,0.6105968,0.67300075,0.7273285,0.7718851,0.8053739,0.82695955,0.8363126,0.8336337,0.8196556,0.79562175,0.76323974,0.7246052,0.68209,0.6381848,0.59528726,0.5554363,0.52002233,0.489547,0.46353453,0.44066578,0.41910926,0.3969309,0.3724496,0.34446302,0.31233907,0.2760056,0.23587905,0.19276462,0.14775695,0.10218796,0.05786203,0.021445785,0.035911128,0.071068674,0.103860624,0.1322906,0.15576747,0.17405926,0.18713742,0.19512337,0.19825912,0.19688779,0.19143964,0.1824202,0.17039825,0.1559932,0.13986512,0.12271814,0.10534016,0.08872296,0.07432325,0.06440581,0.061727647,0.06746513,0.07985136,0.096053325,0.11378997,0.13140233,0.14757141,0.16115794,0.17116207,0.17674728,0.17729147,0.17244644,0.16219756,0.14692762,0.12750995,0.105507895,0.08369234,0.067183584,0.063386,0.07436857,0.09341285,0.11406338,0.13285822,0.14808495,0.15901104,0.16560906,0.1684671,0.16874199,0.1680694,0.16834363,0.17130497,0.17801966,0.18853557,0.20195284,0.21681628,0.23153938,0.24468488,0.25509676,0.2619415,0.26470602,0.2631784,0.25742334,0.24775773,0.23473002,0.21910478,0.20185201,0.18413548,0.16728023,0.1526759,0.1415527,0.13461548,0.1316968,0.13172434,0.13308258,0.13409387,0.13334183,0.12979603,0.12282218,0.11215434,0.09786737,0.080375865,0.060526572,0.040133256,0.0251893,0.03025951,0.049465965,0.07091767,0.09111535,0.10862965,0.12261103,0.13253711,0.13817494
161,0.049549848,0.07273733,0.09355593,0.11138121,0.12567286,0.13599826,0.14205402,0.1436833,0.14088799,0.13383444,0.12285254,0.108428024,0.0911891,0.071892135,0.051424067,0.03092767,0.013328143,0.015482116,0.030928377,0.045452528,0.057286117,0.0659293,0.07124195,0.07334398,0.07259514,0.0695831,0.06510335,0.06011414,0.055632025,0.052525472,0.051241107,0.05167028,0.053348877,0.055849362,0.05906007,0.06321736,0.06871869,0.07582547,0.084423974,0.09396825,0.10358367,0.112228476,0.11884181,0.122460485,0.122309856,0.117876,0.10896253,0.09573439,0.07875625,0.05906065,0.038437344,0.02137093,0.021291846,0.03477837,0.047338657,0.05460788,0.054757826,0.047182962,0.034403596,0.033127807,0.062430583,0.10978453,0.16808526,0.2344694,0.30660516,0.3820848,0.4583667,0.5328434,0.6029477,0.6662705,0.7206772,0.76441455,0.79620093,0.8152952,0.82154036,0.81537926,0.79784113,0.7704965,0.7353792,0.694872,0.6515496,0.6079723,0.5664322,0.52866775,0.49560815,0.46723348,0.4426359,0.42028788,0.39842775,0.37542844,0.3500533,0.32157293,0.28976688,0.25485244,0.21737596,0.17809436,0.13786332,0.09754492,0.057943843,0.019825155,0.016786942,0.05046529,0.08141185,0.10919181,0.13347557,0.15395218,0.17032905,0.18235183,0.18983598,0.19270186,0.19100562,0.18495932,0.1749369,0.16146655,0.14521563,0.12698314,0.10773035,0.08871432,0.071842834,0.060262557,0.057913426,0.06581743,0.08061035,0.09849649,0.117008366,0.13454564,0.14989577,0.16203587,0.17009035,0.17335826,0.17136823,0.16394189,0.15126136,0.13395323,0.113239355,0.09130214,0.07219338,0.062884904,0.06888612,0.08608108,0.10704172,0.12722534,0.1443103,0.15714738,0.16534182,0.16911586,0.16926464,0.16712278,0.16447312,0.16330962,0.16539237,0.17170668,0.18215725,0.19572951,0.21094975,0.22631162,0.2405162,0.2525551,0.26171017,0.2675204,0.2697412,0.26830786,0.26330796,0.2549651,0.2436347,0.22980958,0.21413253,0.19740875,0.18060607,0.16481955,0.15116262,0.14054693,0.13337514,0.12929994,0.12725349,0.12576336,0.123344235,0.11877086,0.1111986,0.10018901,0.08570172,0.068105735,0.048335742,0.028975366,0.021233717,0.03619546,0.05795682,0.07964123,0.099241816,0.115658626,0.12815805,0.13629524
162,0.07232906,0.09047229,0.10681719,0.12067803,0.13151996,0.13893038,0.14262006,0.14243177,0.13834912,0.13050207,0.11916746,0.104763806,0.087840736,0.06906568,0.049219523,0.029273357,0.011535518,0.013628308,0.02904843,0.043208107,0.054703705,0.06311903,0.06834959,0.0705484,0.07012844,0.067770466,0.06441532,0.06119936,0.05925733,0.05936291,0.061607137,0.06544657,0.07009669,0.07491702,0.07959435,0.0841523,0.08884904,0.09400023,0.099774435,0.106035344,0.11229392,0.11777517,0.12155156,0.122689016,0.12037483,0.114018366,0.10332537,0.0883482,0.069514744,0.047646195,0.024055213,0.0058828937,0.025149003,0.045272302,0.06083576,0.069926836,0.07095731,0.06273771,0.04489682,0.02183928,0.036308426,0.084705554,0.14486443,0.21335942,0.2878459,0.36585414,0.44473252,0.52173626,0.59415233,0.65943426,0.7153345,0.76002496,0.7921987,0.81114566,0.8167986,0.8097449,0.7912014,0.7629507,0.7272352,0.68660575,0.64372116,0.6010988,0.5608301,0.5243061,0.49202737,0.4635852,0.4378513,0.41332412,0.38851178,0.36223596,0.3337987,0.3030155,0.2701487,0.23578165,0.20066665,0.16557421,0.13116695,0.097923964,0.06616082,0.036366146,0.013766726,0.027976647,0.054137934,0.08025616,0.10508299,0.12785843,0.14781675,0.164198,0.17632313,0.18367091,0.18593743,0.18307152,0.17528418,0.16303578,0.14700975,0.12808995,0.10737755,0.086329654,0.06721836,0.054121744,0.05250701,0.062914945,0.07992117,0.09900393,0.117741205,0.13469301,0.14880078,0.1591852,0.16511002,0.1660126,0.16156092,0.15172017,0.1368283,0.11770647,0.0958983,0.07433237,0.058933727,0.05832667,0.073011674,0.09450535,0.116600685,0.13623661,0.15185517,0.1627197,0.16870032,0.17021017,0.1681835,0.16404702,0.15962984,0.15693109,0.15768467,0.16283572,0.17226659,0.18499707,0.19966331,0.21492834,0.22968361,0.24308859,0.25453195,0.26356965,0.26986778,0.27316365,0.27325,0.2699821,0.26330325,0.2532829,0.24015911,0.2243787,0.20662947,0.18785666,0.1692502,0.15217024,0.13795283,0.12754758,0.12107832,0.11764057,0.11558181,0.113069564,0.10855401,0.10097596,0.0898011,0.0749959,0.057045404,0.037289377,0.020827038,0.02565737,0.046337437,0.069027394,0.09040519,0.1090321,0.12395626,0.13453087
163,0.09839729,0.11032347,0.120894976,0.12959002,0.13596947,0.13967623,0.14044285,0.13810262,0.13260067,0.12400273,0.11250027,0.09841025,0.0821694,0.06432345,0.04551578,0.026506124,0.008747971,0.011592203,0.026936544,0.040473655,0.05137214,0.059315458,0.06423729,0.06633109,0.06608524,0.06431889,0.062182713,0.06103112,0.062046893,0.06572308,0.07166551,0.07893007,0.08650808,0.093616486,0.099791676,0.104883164,0.108996086,0.112392664,0.11535751,0.11804926,0.120381385,0.121976525,0.12221025,0.120322846,0.11555882,0.10729954,0.09517134,0.07912451,0.059489954,0.037055902,0.013801688,0.015405855,0.03839795,0.059444685,0.075925656,0.08591083,0.087694325,0.07985383,0.061347004,0.03163837,0.010424863,0.06191961,0.12377767,0.19396189,0.27041215,0.350704,0.43214676,0.51191413,0.58718896,0.6553128,0.7139311,0.76112556,0.7955261,0.8163937,0.8236701,0.8179881,0.8006385,0.77349097,0.73886526,0.6993498,0.6575684,0.6159043,0.57621336,0.5395838,0.5062229,0.4755326,0.4463706,0.41741782,0.3875342,0.3560131,0.3226988,0.28797814,0.2526753,0.21787967,0.1847275,0.15415688,0.12666875,0.10216527,0.07997691,0.059194054,0.039514784,0.024345666,0.02777976,0.047925465,0.072487354,0.0975364,0.12117484,0.14194717,0.15865299,0.17036794,0.17648692,0.17675094,0.1712488,0.1603951,0.14489232,0.12569408,0.1040062,0.08142226,0.06048856,0.046305977,0.046327572,0.059751593,0.07870732,0.09847097,0.1169187,0.1328506,0.14539286,0.15382521,0.1575559,0.15615426,0.14940654,0.1373812,0.12050719,0.099704996,0.07673448,0.0554049,0.04478734,0.054086797,0.07559785,0.09969501,0.12216685,0.1410536,0.15532924,0.16455872,0.16880886,0.16862321,0.16500655,0.1593915,0.15354818,0.14937222,0.14850159,0.15185876,0.15941226,0.17036442,0.18359374,0.19802625,0.21279734,0.22725084,0.24086465,0.2531656,0.2636678,0.27184814,0.2771607,0.2790809,0.27716815,0.2711341,0.2609056,0.24667658,0.22894539,0.2085379,0.186617,0.16467203,0.14445642,0.1277826,0.116038114,0.10947479,0.106831424,0.10582988,0.10411846,0.099895366,0.0920747,0.0802359,0.064554,0.04587836,0.026776241,0.019724641,0.036532365,0.059500635,0.08220745,0.10268791,0.11975831,0.13258421
164,0.12445407,0.1302205,0.1346588,0.13760254,0.13887377,0.13829194,0.1356887,0.13092713,0.12392276,0.11466392,0.103229016,0.08979852,0.07466032,0.058207203,0.040926103,0.023379447,0.006184529,0.010071183,0.02473084,0.037288018,0.04731727,0.054557856,0.058965873,0.060777098,0.060581397,0.059394553,0.058649186,0.05991638,0.06425976,0.0716836,0.08128154,0.09181722,0.102149814,0.111398034,0.11897519,0.124581866,0.12817928,0.12994091,0.13017564,0.12922244,0.12733,0.12455116,0.120689325,0.11532126,0.10789289,0.09785947,0.084839195,0.06877306,0.050168682,0.031002825,0.020523246,0.03306718,0.05393327,0.07403967,0.09024398,0.10037638,0.10261041,0.0954447,0.07781826,0.04947338,0.016798716,0.04857365,0.10940172,0.18000373,0.25759825,0.33962733,0.42333162,0.50581324,0.58416796,0.65563613,0.7177537,0.7684926,0.8063803,0.8305901,0.840995,0.8381784,0.8233974,0.7984942,0.7657528,0.7277,0.6868571,0.64545953,0.6051847,0.56695056,0.5308544,0.49629262,0.4622402,0.42760712,0.39157125,0.35381374,0.314632,0.2749392,0.2361713,0.20010646,0.16856392,0.14291364,0.12341475,0.10874986,0.09634271,0.08340515,0.06791492,0.049117893,0.02836393,0.018203698,0.037724417,0.06501757,0.09232051,0.11721306,0.13807237,0.15369189,0.1632611,0.16637817,0.16304639,0.15364772,0.13889824,0.119800724,0.09763048,0.07406148,0.051843833,0.037370086,0.040639773,0.0575115,0.07795396,0.09784099,0.11553467,0.13011043,0.1408886,0.1473114,0.14892933,0.1454322,0.13669896,0.12285465,0.104336455,0.08200908,0.057549372,0.035503276,0.03131776,0.05089876,0.0767154,0.101841375,0.12395031,0.14183046,0.15481474,0.1626792,0.16562566,0.16427314,0.15963736,0.15308474,0.14623673,0.14078382,0.13818277,0.13931108,0.14428972,0.15263125,0.16359264,0.17647015,0.1907057,0.20584145,0.22141384,0.23686014,0.25147545,0.26442727,0.27481583,0.2817599,0.28448948,0.2824317,0.2752809,0.26305035,0.24610454,0.22517562,0.20137,0.17617197,0.15144418,0.12938327,0.11226729,0.101697214,0.097459644,0.09725185,0.09791678,0.09679197,0.092181034,0.083279625,0.07000616,0.052940425,0.033736125,0.019298283,0.028782167,0.051067933,0.07456893,0.0964606,0.11530837,0.1301095
165,0.14870933,0.14866772,0.14709438,0.1441742,0.1400601,0.13485052,0.12857887,0.12121765,0.11269789,0.10294024,0.09189174,0.07956169,0.06605118,0.051573906,0.036473032,0.021276787,0.007506317,0.010447612,0.022754796,0.03378279,0.042628113,0.048941877,0.052655783,0.054039214,0.053813513,0.053265437,0.054177236,0.058245387,0.0661463,0.07725741,0.090262495,0.10377203,0.11658369,0.12774454,0.13656133,0.1426035,0.14570068,0.14592764,0.14356838,0.13905397,0.13287343,0.12546583,0.11711521,0.10788232,0.097608335,0.08601091,0.072876915,0.0583896,0.043846276,0.03364135,0.0359679,0.050393652,0.069124795,0.08740509,0.10242261,0.11199835,0.114287145,0.10781232,0.091695085,0.066487476,0.03996499,0.052223235,0.105696894,0.17433758,0.25171468,0.33454457,0.41984233,0.50459534,0.58580273,0.66059977,0.72640324,0.7810533,0.82293856,0.8510924,0.865252,0.86587316,0.85409445,0.831647,0.80070776,0.7636973,0.72303206,0.68085206,0.638767,0.5976771,0.5577297,0.5184407,0.4789592,0.43840235,0.39617476,0.35220817,0.3071005,0.26216698,0.21942723,0.1815154,0.15134718,0.13111533,0.120535344,0.11608518,0.11283563,0.10678081,0.09563504,0.07861046,0.05600946,0.028913518,0.0033787228,0.03300725,0.06368972,0.09192429,0.11605515,0.13476302,0.14711855,0.15262091,0.15120487,0.14321801,0.12937471,0.11070174,0.0885102,0.06450944,0.041630536,0.02834175,0.03720566,0.05730631,0.078503296,0.097941935,0.11449759,0.1275031,0.13646299,0.14097703,0.14073318,0.13553259,0.12532982,0.11027637,0.09076068,0.06745278,0.041452084,0.016120624,0.022059647,0.04936032,0.07652733,0.10121977,0.12226472,0.13886707,0.15057273,0.15728857,0.15929483,0.15723763,0.15209648,0.14512032,0.137721,0.13130929,0.12707755,0.12579301,0.12772402,0.13276978,0.14069802,0.15131032,0.16444385,0.17985487,0.19708788,0.21540911,0.23382549,0.25116718,0.26620007,0.27774203,0.2847679,0.28649622,0.28245562,0.2725296,0.25698155,0.23646311,0.21201225,0.185052,0.15740472,0.13132735,0.1094943,0.09457476,0.08783503,0.08760584,0.09009444,0.09168374,0.0900125,0.08389782,0.07303115,0.057797484,0.03941137,0.02193783,0.022979312,0.043526042,0.06728582,0.090117894,0.11032824,0.12677465
166,0.1698895,0.16450797,0.15731649,0.14877154,0.1393359,0.12942754,0.11936877,0.10934613,0.09939397,0.08941108,0.079210505,0.06859177,0.057418942,0.04569451,0.033645336,0.021948917,0.01295179,0.013438061,0.021506064,0.03020489,0.03747299,0.042630363,0.045494027,0.046341583,0.046061423,0.046306334,0.049237717,0.056429997,0.0678731,0.082353584,0.09834139,0.114415504,0.12935503,0.14214978,0.15201186,0.15839417,0.16100779,0.15982917,0.15509139,0.14725438,0.13695166,0.124913335,0.11187034,0.09845522,0.0851326,0.07221665,0.06006193,0.04955111,0.042896047,0.043461557,0.052259836,0.06650047,0.08282446,0.098597445,0.11163104,0.119964354,0.12186279,0.115970165,0.10168761,0.08035723,0.060353946,0.067909054,0.112750225,0.17745407,0.2531828,0.33568093,0.421625,0.50784934,0.59124607,0.6688421,0.73792803,0.79619765,0.84187514,0.8738175,0.8915805,0.89544034,0.8863646,0.86592793,0.8361715,0.79940826,0.7579847,0.7140209,0.66916764,0.62443113,0.58011985,0.53594106,0.49123335,0.44527614,0.39760146,0.34824792,0.29793835,0.24820468,0.20151739,0.16144687,0.13251376,0.11828658,0.11729215,0.1227443,0.12765315,0.12766594,0.12078715,0.10658671,0.08568235,0.059485264,0.030515866,0.014144854,0.03941122,0.06846277,0.09423354,0.11482,0.12906742,0.13633808,0.13647527,0.12976982,0.11690905,0.098915264,0.07710495,0.053193763,0.030387769,0.021450302,0.037668146,0.05973106,0.080815725,0.099304825,0.11446126,0.12582356,0.13306028,0.13592139,0.13422997,0.12789868,0.11696167,0.101611726,0.08223434,0.059436772,0.0341157,0.008905485,0.022662053,0.049581513,0.07519289,0.09814576,0.11749562,0.13256961,0.14299789,0.14874363,0.15011272,0.14773646,0.14252356,0.13557677,0.12807165,0.12110479,0.11554525,0.11195769,0.11066396,0.111927174,0.116124466,0.12374551,0.13517752,0.15042274,0.16894853,0.18973354,0.21142693,0.23252366,0.25151274,0.2669946,0.27777463,0.28293705,0.2819004,0.27445477,0.26078078,0.24145213,0.21742696,0.19003771,0.16099796,0.13245444,0.10709601,0.0881308,0.078275226,0.07720468,0.080900416,0.084747,0.08566918,0.08211702,0.07357972,0.060279377,0.043144267,0.024812546,0.018644037,0.036531094,0.06010232,0.08342456,0.10457287,0.12230957
167,0.18699788,0.1768269,0.16458386,0.15090959,0.13650896,0.12209761,0.10833226,0.09572502,0.08455396,0.07480109,0.066162184,0.058151618,0.05027413,0.042204294,0.033946257,0.02603602,0.019952029,0.018226564,0.02147786,0.02691536,0.032105766,0.035854407,0.037731472,0.03797434,0.03768563,0.039002765,0.04437392,0.05480951,0.06946089,0.086765334,0.10518292,0.123336084,0.14000385,0.15412658,0.16483228,0.17147161,0.17365064,0.1712535,0.16445029,0.15368752,0.1396609,0.12327283,0.105582,0.08776068,0.071091875,0.057054855,0.047466774,0.044157706,0.047521424,0.055964805,0.067520775,0.08071924,0.09432901,0.10704755,0.11741118,0.12386263,0.12491808,0.11944461,0.10720058,0.09025602,0.077149644,0.08654505,0.12651958,0.18715346,0.26037192,0.34153312,0.42709285,0.51377237,0.59837985,0.6778495,0.749355,0.81044495,0.8591726,0.894204,0.9148931,0.92131287,0.91423744,0.8950695,0.86571246,0.8283892,0.78541774,0.73896265,0.69079626,0.6421138,0.5934537,0.5447536,0.4955412,0.44521472,0.39334798,0.3399601,0.28573006,0.2321915,0.18202788,0.13966604,0.11181535,0.10424062,0.11312582,0.12758431,0.13945411,0.14472343,0.14185187,0.13072422,0.112179875,0.08782622,0.060196683,0.034683533,0.029522104,0.05009796,0.07435051,0.09511767,0.11016624,0.11848917,0.11974907,0.11413219,0.102263846,0.085131876,0.06403375,0.04069167,0.01909586,0.020623222,0.04221273,0.064585395,0.08483971,0.10204576,0.1156957,0.1254813,0.1312153,0.13279077,0.13016546,0.1233693,0.1125324,0.09793115,0.08006013,0.05979167,0.039002575,0.024268141,0.030959737,0.05105438,0.07280644,0.09293712,0.11006883,0.12341781,0.13258561,0.13752222,0.13850936,0.1361272,0.13119061,0.12464818,0.1174459,0.110377125,0.10397292,0.09851111,0.094197296,0.09147838,0.091315314,0.09511878,0.10414882,0.11875316,0.1381642,0.1608854,0.1851402,0.20913246,0.23117079,0.2497422,0.26357216,0.27167815,0.27341428,0.26850295,0.25705102,0.2395501,0.21686436,0.19021362,0.16116787,0.13168624,0.10425471,0.08211984,0.06899079,0.06636903,0.07066405,0.07629716,0.07943459,0.07818101,0.07185206,0.06052754,0.04490864,0.026774358,0.015158193,0.029710306,0.052789416,0.07619795,0.09787078,0.11653652
168,0.1992658,0.18492709,0.16831781,0.15019166,0.13141607,0.11294063,0.095752075,0.080793224,0.06880371,0.060059983,0.05413917,0.049994998,0.046408456,0.04246241,0.03776901,0.0325102,0.027438166,0.02381268,0.022820447,0.024331473,0.026860103,0.028905043,0.029670458,0.02928061,0.029127976,0.031958587,0.040119387,0.05354675,0.07076019,0.090186015,0.110406175,0.13011236,0.14808688,0.1632263,0.17458592,0.1814291,0.18327163,0.17991479,0.17146313,0.15832543,0.14119983,0.12104977,0.099089324,0.07683082,0.05635566,0.041175567,0.036622763,0.043405883,0.055368632,0.06829719,0.08078491,0.092468776,0.10315854,0.11245605,0.119627215,0.12365773,0.12345929,0.11823921,0.10819252,0.096044414,0.090094544,0.10379727,0.14232641,0.19990419,0.27038777,0.3494792,0.4336849,0.51973027,0.6044035,0.68458784,0.7573699,0.82017416,0.8708966,0.90802014,0.9306989,0.93880194,0.9329088,0.91425204,0.88460577,0.8461213,0.80111825,0.7518468,0.70024854,0.64775634,0.59517807,0.5427042,0.49004894,0.4366966,0.3821974,0.3264503,0.269945,0.21400155,0.1611911,0.11646449,0.08932435,0.089110345,0.10769599,0.12978637,0.14728312,0.15693638,0.15765995,0.14955427,0.13354993,0.111264326,0.08503378,0.058486987,0.039357595,0.0409893,0.058181673,0.07682128,0.09143017,0.10005254,0.10198657,0.09723742,0.08632583,0.070176825,0.050057538,0.027781278,0.01101618,0.02664335,0.04947592,0.071066365,0.090089455,0.1058827,0.11806591,0.12644815,0.1309693,0.13165559,0.12859298,0.12192402,0.1118715,0.098793,0.08328315,0.06639468,0.050233144,0.039431162,0.04062412,0.052882146,0.069370486,0.085884266,0.10042312,0.11194,0.11991247,0.12421202,0.12504894,0.12292035,0.1185336,0.11269235,0.10614811,0.09944452,0.09281698,0.086227335,0.07958777,0.07317509,0.06817703,0.067043304,0.07264298,0.086072795,0.10598196,0.13003388,0.15596858,0.18180634,0.20581217,0.22647509,0.24252567,0.25297257,0.2571412,0.25470406,0.24569741,0.2305228,0.20993462,0.18501975,0.15718193,0.12815969,0.10014065,0.07608014,0.060040217,0.055390447,0.05977166,0.06677176,0.07175653,0.07252552,0.06826117,0.0589241,0.0450228,0.027740862,0.012250198,0.022775026,0.045210037,0.06834504,0.0901461,0.10938298
169,0.2061535,0.18832906,0.16812077,0.1463431,0.12395391,0.10205503,0.081916094,0.065010525,0.052911837,0.046588935,0.045166098,0.04610892,0.04700529,0.046484504,0.044092294,0.03999907,0.03481671,0.0294965,0.02518387,0.022765834,0.022122387,0.022117412,0.021644594,0.020642051,0.020944664,0.025901249,0.036854606,0.052563433,0.07147459,0.092246555,0.113617934,0.13434303,0.1532049,0.16906305,0.18091327,0.18794775,0.18960765,0.18562318,0.17603742,0.16121177,0.14181395,0.11879336,0.09336281,0.067057006,0.042230178,0.025256144,0.02964721,0.046470847,0.06377711,0.07888225,0.09132827,0.1012664,0.10900853,0.11476227,0.11845633,0.11970179,0.11794416,0.1128648,0.10518054,0.0981541,0.09935544,0.11803242,0.15690385,0.21238223,0.2801459,0.35661495,0.43858427,0.5229167,0.60646313,0.6861147,0.7589165,0.8222061,0.87375265,0.91188025,0.9355627,0.9444794,0.9390266,0.9202758,0.88988096,0.84993243,0.8027647,0.75073034,0.6959605,0.6401473,0.58438957,0.5291455,0.47431737,0.4194575,0.36404875,0.30779704,0.25089136,0.19425231,0.13996845,0.09280424,0.065406874,0.07340637,0.10090787,0.12886131,0.15054606,0.16363758,0.16742545,0.16212769,0.14866984,0.1285836,0.10398109,0.077728584,0.05432447,0.042034104,0.047176536,0.060883313,0.073746264,0.081959516,0.08416428,0.08008177,0.07008353,0.05501377,0.036142007,0.015918327,0.014361315,0.035716735,0.05782445,0.0781873,0.095857136,0.11027195,0.12113139,0.12833732,0.1319378,0.13207413,0.12894088,0.12276826,0.113834396,0.102512375,0.089362174,0.07529786,0.061902907,0.051904112,0.0488766,0.054128226,0.06480301,0.077232905,0.08899274,0.09870315,0.10563754,0.10952589,0.11046063,0.10882666,0.10521623,0.10030939,0.0947188,0.08882607,0.082670845,0.0759655,0.06827351,0.059357002,0.049784105,0.042133033,0.042078476,0.053585082,0.07377529,0.09851895,0.12509194,0.15155602,0.17630962,0.19795819,0.21530943,0.22740775,0.23357536,0.23344588,0.22698468,0.21449368,0.19660152,0.17424303,0.14863762,0.121288314,0.09405586,0.06944838,0.051315494,0.044498775,0.04865409,0.056726877,0.06323876,0.06576297,0.06341071,0.056056783,0.044053145,0.028170245,0.010574408,0.015613052,0.03736381,0.059878964,0.08142334,0.100880966
170,0.20736107,0.18677849,0.16379054,0.13923614,0.114106596,0.08957452,0.06711862,0.048872355,0.03802065,0.03670213,0.0415697,0.047450442,0.051572785,0.052952733,0.051468924,0.047468215,0.041603196,0.034748573,0.027932575,0.022203073,0.018254621,0.015852096,0.013997709,0.012495807,0.013983611,0.021614471,0.034647096,0.05155921,0.071221314,0.09256437,0.1144512,0.13567962,0.15503153,0.17133862,0.18355231,0.19081062,0.19249621,0.18828118,0.17815495,0.16243254,0.14174251,0.116995364,0.08933871,0.060124557,0.031080253,0.010022052,0.028178062,0.051102336,0.07086642,0.08671768,0.098582536,0.1067527,0.11174461,0.114136495,0.11439556,0.11276846,0.10934478,0.10442145,0.09931136,0.09758706,0.10550414,0.12875937,0.16840585,0.22215198,0.28708243,0.36039475,0.43929452,0.5208797,0.6021385,0.68003005,0.75160944,0.814173,0.86540365,0.90350163,0.92728955,0.93628085,0.93070495,0.9114835,0.88015544,0.8387507,0.7896162,0.73520285,0.6778293,0.61944985,0.5614628,0.5046073,0.4489841,0.39421076,0.33968124,0.2848646,0.22958054,0.17423156,0.12011664,0.07070252,0.040680796,0.05816998,0.092924334,0.12463943,0.14899896,0.16452777,0.17076771,0.16796267,0.15696129,0.1391532,0.11642225,0.09117054,0.066601865,0.047704965,0.041463953,0.047882,0.057805136,0.065056495,0.06725777,0.063731164,0.054668978,0.04086259,0.02384783,0.010602262,0.024078757,0.045185972,0.06602881,0.08505623,0.10141154,0.11457747,0.124306336,0.13056886,0.13349584,0.13331598,0.13030156,0.124733806,0.11689788,0.107112944,0.09579956,0.083589956,0.07149458,0.061115827,0.054670084,0.05403912,0.058972668,0.06718234,0.07620829,0.08433142,0.090543166,0.09436436,0.09572091,0.094856545,0.09224333,0.08846418,0.08405894,0.079354815,0.07433742,0.06863063,0.061609417,0.052605513,0.041164987,0.027539635,0.015687915,0.022567518,0.043502633,0.06816005,0.09403615,0.11968459,0.14382403,0.16525999,0.18292044,0.19590998,0.20356047,0.20547085,0.20153205,0.1919365,0.17717223,0.158005,0.13545464,0.11078085,0.08551886,0.061690617,0.042572357,0.033843845,0.03781019,0.04686582,0.054650337,0.058674876,0.058074184,0.052683264,0.042743355,0.028785458,0.011607084,0.008470171,0.029425193,0.050919127,0.07181895,0.09115649
171,0.20283568,0.18025045,0.1553273,0.12890483,0.1019661,0.07568433,0.051665325,0.032996383,0.026456993,0.033473894,0.044062305,0.052869517,0.05838158,0.060272045,0.058712903,0.05417942,0.04736586,0.039126445,0.030417558,0.022224648,0.015427566,0.010489898,0.0071148933,0.0057093,0.009970365,0.019609481,0.033208236,0.050112087,0.06960825,0.09079482,0.11260395,0.13385843,0.15334037,0.16986537,0.18235675,0.18991561,0.19188187,0.18788221,0.1778613,0.16209358,0.1411742,0.11598906,0.08766588,0.05751373,0.027003014,0.0051612654,0.030978844,0.055202838,0.07543073,0.09111964,0.10213639,0.10871651,0.11140946,0.1109799,0.10827502,0.10410699,0.099254765,0.09473771,0.09246137,0.09589484,0.10945873,0.13608775,0.17597476,0.22771704,0.28941765,0.35895708,0.4339712,0.5118394,0.58973706,0.66474026,0.73396224,0.7947043,0.8446065,0.881785,0.90494514,0.9134613,0.90741545,0.8875891,0.8554071,0.8128308,0.7622038,0.7060557,0.64687383,0.58686244,0.52772087,0.4704831,0.415469,0.36237696,0.3105117,0.25908974,0.20754093,0.15573876,0.10415416,0.054188654,0.01604829,0.045345277,0.084163815,0.117249966,0.14273159,0.1596744,0.16771282,0.1670273,0.15833068,0.1428315,0.12218168,0.09843955,0.074133806,0.05265734,0.03912188,0.037835676,0.04406875,0.05012082,0.05229044,0.049412314,0.041533783,0.029612843,0.016827973,0.017364591,0.034049947,0.05382595,0.073255144,0.090963274,0.106111474,0.118198276,0.127003,0.13253655,0.13498025,0.1346162,0.13176021,0.12671109,0.1197288,0.11104827,0.10092931,0.08973897,0.0780648,0.06686175,0.057596207,0.052126415,0.051749714,0.05590169,0.06253325,0.06958538,0.07565273,0.07995854,0.08220879,0.08247827,0.081114575,0.07862797,0.075547636,0.07225207,0.06881978,0.06497146,0.06014245,0.053651206,0.044890136,0.03350577,0.019752998,0.008931382,0.021864412,0.042780038,0.065348476,0.08813468,0.10999746,0.1298615,0.14673778,0.15977338,0.16830032,0.17187512,0.17030561,0.16366346,0.15228264,0.13674532,0.117859386,0.09663714,0.07430085,0.052407544,0.033502437,0.023511192,0.027938347,0.038126428,0.046947937,0.052194633,0.053149585,0.049656276,0.041888677,0.030274795,0.015517071,0.0041880356,0.021824703,0.041682467,0.0615236,0.08041308
172,0.1927705,0.16894627,0.14293222,0.11554927,0.087743595,0.060633857,0.035881132,0.018636277,0.022918355,0.037500944,0.050622236,0.060174428,0.06569028,0.06718785,0.06497472,0.059583444,0.051727466,0.04225496,0.032094825,0.022191348,0.013421988,0.0065098447,0.002608001,0.0050417203,0.010771311,0.019643404,0.032060925,0.04781708,0.0663114,0.0866804,0.10787513,0.12872905,0.14802822,0.1645847,0.17730993,0.18528461,0.18782033,0.18450922,0.17525819,0.16030541,0.140219,0.11588128,0.08847501,0.059548013,0.031743996,0.017643875,0.035106998,0.057396397,0.07671905,0.09164745,0.101752274,0.107117355,0.10823355,0.10592478,0.10126286,0.09548801,0.08999674,0.086484954,0.08721787,0.09500254,0.11234775,0.1404916,0.1794137,0.22836666,0.28616238,0.3512174,0.42155245,0.49482816,0.5684274,0.63957435,0.7054776,0.76348376,0.81123126,0.8467912,0.8687868,0.8764813,0.8698283,0.8494784,0.8167397,0.7734908,0.7220478,0.6649878,0.6049353,0.54432225,0.4851442,0.42874834,0.37570733,0.32583386,0.27836135,0.23225687,0.18657543,0.14075492,0.094793536,0.049365297,0.008962904,0.038149912,0.07527974,0.107091635,0.13213915,0.1494904,0.15867487,0.15971613,0.15313803,0.13993667,0.12152614,0.099676386,0.07648808,0.05452731,0.037418064,0.030142661,0.03282573,0.03797769,0.040480383,0.038700573,0.03273874,0.024333185,0.019445,0.027019309,0.042849433,0.06098182,0.07893706,0.09537607,0.10944534,0.120633595,0.12871864,0.1337185,0.13582903,0.13534983,0.13260873,0.12789947,0.121446684,0.11340788,0.10391283,0.09313383,0.08137898,0.0692111,0.05761228,0.048185714,0.043060347,0.043568693,0.04858573,0.055579025,0.06248336,0.06809991,0.07187776,0.073718384,0.07385309,0.07273974,0.070938684,0.06895382,0.06706447,0.06521561,0.063033335,0.05996652,0.05549162,0.04933076,0.041726585,0.0340008,0.029668285,0.033477444,0.045145873,0.06080652,0.077685736,0.09408149,0.10877322,0.120806225,0.12944034,0.13414967,0.1346336,0.13082443,0.12288639,0.111204594,0.09636525,0.079131685,0.06042994,0.041397665,0.023826309,0.013656224,0.020367691,0.0317928,0.041244045,0.047318123,0.049533166,0.04775838,0.042112365,0.032953136,0.0210124,0.009300428,0.015519231,0.03247814,0.050778802,0.06891274
173,0.17759377,0.15328169,0.12699696,0.09953009,0.07177166,0.04474436,0.020130347,0.011540263,0.028791968,0.04548285,0.058573283,0.06753351,0.07224212,0.07283252,0.06965836,0.06326908,0.054379545,0.04383139,0.032546964,0.021483911,0.011642291,0.0047706957,0.005921852,0.01005827,0.014492116,0.020931358,0.030835463,0.04442916,0.061150365,0.08009725,0.100196786,0.12027794,0.13913247,0.15557957,0.16853315,0.17706789,0.18047893,0.17833152,0.17049733,0.1571757,0.13890144,0.11654743,0.09135313,0.06510593,0.04113628,0.028903114,0.03864383,0.05695463,0.07432258,0.088084236,0.09738294,0.102106065,0.10264873,0.09982648,0.0948157,0.08910284,0.08444591,0.08282838,0.08631289,0.096714385,0.11527875,0.1426444,0.17897291,0.22400433,0.2770256,0.3368378,0.40176576,0.46971488,0.5382665,0.6048025,0.66664875,0.7212278,0.7662112,0.7996608,0.8201507,0.82686096,0.8196364,0.7990054,0.7661559,0.7228674,0.6713997,0.6143396,0.55440897,0.49423727,0.4361087,0.38170734,0.33190796,0.28668806,0.24523376,0.20625441,0.16842403,0.13082084,0.09332207,0.05735622,0.030844383,0.039141607,0.06710193,0.09479665,0.11788088,0.13469502,0.14441943,0.14681534,0.14216393,0.13122068,0.115154594,0.09547488,0.073969536,0.052730124,0.03451942,0.02391444,0.024447957,0.029730402,0.0333336,0.03340126,0.030346686,0.026623119,0.02729613,0.03586216,0.049948275,0.06625564,0.08269007,0.09791166,0.11103064,0.12150048,0.1290674,0.13372217,0.1356386,0.1350992,0.13241687,0.12786643,0.12164155,0.11384766,0.10453281,0.09374883,0.08163154,0.06849681,0.054979026,0.04231448,0.032940254,0.030461377,0.03552584,0.04427193,0.05337046,0.06119381,0.06704313,0.070729874,0.072415106,0.072523475,0.07165389,0.070452236,0.069443166,0.06886576,0.068596944,0.06821682,0.06718123,0.06501703,0.061486676,0.056726255,0.051392414,0.046815597,0.044912025,0.047259543,0.05377156,0.062886894,0.07279169,0.08201864,0.08948717,0.09443164,0.09635105,0.09498287,0.09028666,0.082428075,0.07175884,0.05879204,0.04417607,0.02868488,0.013390607,0.005877282,0.017603924,0.029247835,0.0385202,0.04483538,0.047860436,0.04744556,0.04362284,0.036628935,0.027014391,0.016354918,0.012510499,0.023734419,0.039850634,0.056958463
174,0.1579487,0.13386694,0.10808561,0.08135513,0.054499883,0.028416023,0.0051274146,0.019261776,0.03846193,0.054240607,0.06608863,0.073760755,0.0772192,0.07663027,0.07235758,0.06494632,0.055098172,0.043638453,0.031481944,0.019627253,0.009428822,0.0057692016,0.010666752,0.015357408,0.018949185,0.02295844,0.02956116,0.040024165,0.054178398,0.07110649,0.08966473,0.10864725,0.12684242,0.14308041,0.15628736,0.16554248,0.17013262,0.1695994,0.16377546,0.15280853,0.13717502,0.117692634,0.09556213,0.07253927,0.051592924,0.038744777,0.041020542,0.053699456,0.06813494,0.08043108,0.089184366,0.09404783,0.09530539,0.09372462,0.0904711,0.087012894,0.08497584,0.0859394,0.09124857,0.101979375,0.119048886,0.14326304,0.17519458,0.21499936,0.2622972,0.3161445,0.3750723,0.43716502,0.50016505,0.5615979,0.61891097,0.66962034,0.71145695,0.7425042,0.761318,0.76702285,0.7593754,0.73879266,0.7063413,0.66368693,0.6130042,0.55685014,0.49799985,0.43924457,0.38314837,0.33176458,0.28633747,0.24707066,0.21310163,0.1827963,0.15431714,0.1262582,0.09819776,0.07137967,0.050568968,0.046269257,0.060491413,0.08119239,0.10082752,0.11626059,0.12601581,0.12946135,0.12657544,0.117845446,0.10418852,0.08687012,0.06743005,0.04767126,0.029956361,0.018797148,0.019901875,0.026638154,0.031874616,0.03404473,0.03376514,0.033184785,0.035583954,0.04313222,0.055091724,0.069411695,0.08426641,0.09830951,0.11059789,0.12052516,0.12777637,0.13228191,0.13415922,0.13364221,0.13100524,0.12649459,0.12028142,0.112447605,0.10300693,0.091955274,0.07933683,0.065316424,0.050269246,0.034987774,0.021619264,0.01735839,0.026256248,0.038928952,0.05102653,0.061261393,0.06911628,0.07443844,0.077358745,0.07826236,0.07774987,0.076560155,0.07543578,0.07493824,0.075277336,0.07625487,0.0773655,0.07798926,0.07757418,0.07575854,0.07243639,0.067789376,0.06230231,0.05675999,0.052176487,0.049542945,0.049352095,0.051239572,0.054178055,0.056993473,0.058711804,0.05865774,0.056440916,0.051917788,0.04515467,0.036394298,0.026024118,0.014548561,0.002710365,0.00957807,0.020829983,0.030827884,0.039013103,0.044926558,0.048216198,0.048653606,0.04614998,0.040777802,0.032827105,0.023049563,0.014220252,0.016155314,0.029003225,0.044886265
175,0.13466667,0.1114809,0.08691144,0.061662756,0.036495566,0.012196447,0.0105059575,0.030832222,0.048194915,0.06208015,0.072126575,0.07814164,0.0801148,0.0782223,0.07282276,0.06444345,0.053758103,0.041559108,0.02873486,0.016317373,0.0064684954,0.008516317,0.015454634,0.020628385,0.023765108,0.025840616,0.02889853,0.035249144,0.045842074,0.060036644,0.07657842,0.09415302,0.11150579,0.12746482,0.1409684,0.15110464,0.15715511,0.15863562,0.15532927,0.14730947,0.13495322,0.11895096,0.10033073,0.08054669,0.06176402,0.04753269,0.04267442,0.048059206,0.05836216,0.06889969,0.07752912,0.08355918,0.08709113,0.088728994,0.08938966,0.090108626,0.09184309,0.09536056,0.10131354,0.11047299,0.12391806,0.14295943,0.16878438,0.20206016,0.24273074,0.29002762,0.34258458,0.39857167,0.45582473,0.5119728,0.56456923,0.6112272,0.6497543,0.6782809,0.69537437,0.700132,0.6922464,0.6720391,0.64046,0.5990516,0.54987997,0.49543497,0.43850034,0.38199124,0.32874346,0.2812244,0.2411366,0.20896454,0.18370335,0.16311498,0.14454718,0.12586813,0.1060864,0.08568522,0.06707916,0.05536331,0.05605876,0.06726671,0.0820011,0.095350325,0.10478871,0.10910803,0.10790778,0.10138,0.090188354,0.07537426,0.05828435,0.040580343,0.024676738,0.01613474,0.020460472,0.028714363,0.035143472,0.038735505,0.04003972,0.040649068,0.042878404,0.048648015,0.05820193,0.07034818,0.08353215,0.09641033,0.10797136,0.11752436,0.1246649,0.12923267,0.13125837,0.13089949,0.12837113,0.12388169,0.11758581,0.10956463,0.09983692,0.0883963,0.07526274,0.060534474,0.044430494,0.027331846,0.010056273,0.009489482,0.026161913,0.042061955,0.056209322,0.0680658,0.07727424,0.08367471,0.087330334,0.08854374,0.08785613,0.08601715,0.08390444,0.08236986,0.082022496,0.08303525,0.08510277,0.08758561,0.08973711,0.09089048,0.090563044,0.08849395,0.08464369,0.079174444,0.072420545,0.06485238,0.057032242,0.04955448,0.04295441,0.037573628,0.03341372,0.030087987,0.026960144,0.023387589,0.018905204,0.013297089,0.006651989,0.0026047574,0.010222095,0.018879214,0.027404588,0.035260107,0.041951176,0.047026474,0.050098453,0.050864004,0.04912306,0.044796806,0.0379542,0.028886585,0.018486112,0.011276963,0.018474692,0.033089243
176,0.10873966,0.08704592,0.06431776,0.0412204,0.018540926,0.004916458,0.023984535,0.041697763,0.056587964,0.06816564,0.07611211,0.08026928,0.08064648,0.07742321,0.07094446,0.061708055,0.05034466,0.037592802,0.024280652,0.011416969,0.0041516055,0.012664333,0.020711666,0.026297864,0.029277422,0.030113354,0.03013136,0.03172037,0.037362926,0.047685463,0.061527472,0.077317454,0.09363644,0.10925326,0.123096794,0.13425678,0.14200512,0.14582379,0.14543012,0.1407944,0.13214804,0.1199836,0.105053104,0.08838247,0.071344025,0.055873957,0.044834755,0.041398935,0.04562674,0.053898208,0.06303944,0.071585886,0.07913221,0.08578197,0.09182339,0.09753035,0.10307729,0.10858878,0.1143189,0.120905176,0.12957661,0.1421269,0.1604997,0.18612346,0.21943367,0.25984114,0.30598056,0.35598198,0.40767017,0.4587084,0.50671977,0.5494044,0.58465576,0.61067384,0.626067,0.62993747,0.62194395,0.60233647,0.57196224,0.53224194,0.48511863,0.43298504,0.37859255,0.32494262,0.27513885,0.23212768,0.19818515,0.17408055,0.15836306,0.1477067,0.13836838,0.12754846,0.11390847,0.09753072,0.07982317,0.06370364,0.05382997,0.054140642,0.06251288,0.07325685,0.082294494,0.087537065,0.088099316,0.08385748,0.07523877,0.06310509,0.048702914,0.03378967,0.021545986,0.018610518,0.025556747,0.03420527,0.04100176,0.045165047,0.04701784,0.047679096,0.04889822,0.05249071,0.059365224,0.06909268,0.08045625,0.09214079,0.10305156,0.11238585,0.11962098,0.12447825,0.12687549,0.12687075,0.124602005,0.12022997,0.11389404,0.10568933,0.0956691,0.08387057,0.07035708,0.05526922,0.038892925,0.021876138,0.008337636,0.018377928,0.03536912,0.05183973,0.06669759,0.07930872,0.08922845,0.09619833,0.10017067,0.10133262,0.10012263,0.09723314,0.09358394,0.09023397,0.088190906,0.088127725,0.090140305,0.093733646,0.098051086,0.10216529,0.105277896,0.10680647,0.10640089,0.1039271,0.099437736,0.09313757,0.08534608,0.07645861,0.06690699,0.057121087,0.047493927,0.038355883,0.029970204,0.022580946,0.016593622,0.012997796,0.013230691,0.016956894,0.022466512,0.028667206,0.034967996,0.040926825,0.046132307,0.050184723,0.052708484,0.053373188,0.051915266,0.048157483,0.042026553,0.033574417,0.02303817,0.011314114,0.008464972,0.0221705
177,0.08131008,0.0616265,0.041302823,0.021079155,0.005205389,0.019245079,0.0361022,0.050914675,0.06304008,0.07207211,0.07774856,0.07995016,0.07870611,0.07419564,0.066743486,0.0568085,0.044965368,0.031880282,0.018283458,0.0049874196,0.0076237614,0.018358426,0.026914066,0.032840516,0.03592732,0.036278415,0.034493584,0.032026738,0.031552486,0.035950642,0.04567106,0.05896972,0.07394294,0.089108855,0.10330527,0.1155901,0.1252086,0.13159402,0.13437808,0.13339981,0.1287073,0.12054997,0.109363034,0.09574862,0.08046736,0.06447658,0.049120113,0.036738668,0.031489387,0.03600929,0.046721295,0.05957441,0.072712936,0.08533801,0.09699608,0.10732977,0.11602749,0.12288239,0.1279345,0.13168214,0.1353238,0.1408995,0.1510592,0.16825825,0.19377004,0.22731416,0.26742992,0.3120328,0.3587844,0.4052808,0.44915983,0.488189,0.52035344,0.54394484,0.5576456,0.5606017,0.55247694,0.5334851,0.50439835,0.46653035,0.42170104,0.37218785,0.3206766,0.27022186,0.22420178,0.18614455,0.15904783,0.14381447,0.1378813,0.13630494,0.13442177,0.12929335,0.11970935,0.10576494,0.0885283,0.06994786,0.053157948,0.043026164,0.043512106,0.05136479,0.06039083,0.06698798,0.06963918,0.06792614,0.06211101,0.052983224,0.04187189,0.03097807,0.024287662,0.025922408,0.033270624,0.041406024,0.047941536,0.05206924,0.05383831,0.05396802,0.053778626,0.05494517,0.058843933,0.06581293,0.0751089,0.085503116,0.09580156,0.10505323,0.11258307,0.11796623,0.12098527,0.121580794,0.11979971,0.115746364,0.10954317,0.10130747,0.091149315,0.07919278,0.06562519,0.05079943,0.035532143,0.022472255,0.020461136,0.03235754,0.04845263,0.06470329,0.079680175,0.09256196,0.10278148,0.10997087,0.11396915,0.114844315,0.1129179,0.108788475,0.10334733,0.09776267,0.0933726,0.091405,0.09254731,0.096641764,0.10279909,0.10981344,0.11653189,0.12203315,0.12566939,0.12705031,0.12601078,0.12257611,0.11692796,0.10937086,0.10029974,0.09016934,0.07946765,0.06869675,0.0583664,0.049005672,0.041191056,0.035550643,0.032624103,0.032512993,0.03468324,0.03827349,0.042493824,0.04674058,0.0505448,0.053509597,0.055279028,0.05553322,0.053998094,0.050460905,0.044786163,0.036928777,0.026942793,0.014985146,0.0013408865,0.013738403
178,0.053757258,0.036583994,0.019463908,0.0069580083,0.017681783,0.0326774,0.046404786,0.058079936,0.06725041,0.07359861,0.076925084,0.07715227,0.07432917,0.06863248,0.060362857,0.049935944,0.037869263,0.024769876,0.011373667,0.0034299744,0.014851095,0.025601322,0.034327406,0.040546957,0.04395949,0.044464175,0.04222743,0.037832316,0.032637157,0.02941796,0.031835742,0.040662065,0.053457513,0.06786631,0.0823325,0.095766105,0.10733789,0.11640603,0.122495405,0.12529281,0.12464359,0.120543726,0.11312617,0.102642156,0.08944112,0.073956884,0.05672206,0.038506053,0.02130414,0.01597015,0.030627048,0.049760543,0.068993606,0.087165274,0.10354251,0.11750031,0.1285012,0.13615717,0.1403477,0.1414007,0.14034633,0.13920549,0.14108801,0.14958864,0.16728073,0.19448242,0.22953676,0.26988748,0.3128198,0.3557355,0.396226,0.4321074,0.46146438,0.48270687,0.4946302,0.49647006,0.48794493,0.469281,0.4412176,0.4049943,0.3623248,0.31536973,0.26672933,0.21948929,0.17733614,0.14456251,0.12506779,0.11932925,0.122581504,0.12821649,0.13145234,0.12985559,0.12265038,0.1101196,0.09324697,0.073535495,0.05304121,0.03504216,0.026195422,0.031242765,0.04160831,0.050500985,0.055757087,0.056867156,0.054102484,0.048331413,0.041080415,0.03476588,0.032478232,0.03563515,0.042218555,0.049376454,0.0552621,0.058976434,0.06030709,0.059624758,0.057866275,0.056479316,0.057103794,0.060849153,0.06767286,0.07657005,0.0862374,0.095517635,0.10353279,0.10967827,0.11358053,0.115049556,0.1140326,0.11057222,0.1047725,0.096778706,0.08677661,0.0750214,0.06192091,0.048259687,0.035875827,0.029284775,0.033787083,0.046574496,0.062314693,0.07831556,0.09320546,0.10609587,0.1163434,0.12349737,0.12730335,0.12772493,0.12497309,0.11954223,0.11225459,0.10430522,0.09726011,0.09287249,0.0925549,0.0966864,0.1044204,0.114217274,0.124494866,0.13395552,0.1416511,0.1469508,0.14949341,0.14914526,0.14596461,0.14016986,0.13210945,0.12223277,0.11106305,0.09917378,0.087171026,0.07568324,0.06535547,0.056830578,0.05067428,0.047200583,0.046271574,0.04729512,0.049476523,0.05207842,0.05451886,0.05635366,0.05723105,0.05685949,0.05499549,0.05144688,0.04608614,0.038872104,0.029892594,0.019523157,0.0097831935,0.012445026
179,0.028478874,0.015516267,0.010414708,0.019993443,0.032418735,0.04422148,0.054554828,0.0629493,0.06907212,0.07269056,0.07366918,0.07197333,0.06767254,0.060941774,0.05206059,0.041413233,0.029504284,0.017093083,0.0070541874,0.01246465,0.023692071,0.034181084,0.042933088,0.049428806,0.053318284,0.05439849,0.052631166,0.048185058,0.041535895,0.03374919,0.027270278,0.026648736,0.03418065,0.046699475,0.061051123,0.075503536,0.08898922,0.100730844,0.110119745,0.11667869,0.12005095,0.11999674,0.11639083,0.109219454,0.0985766,0.08466064,0.067772694,0.04832179,0.026872847,0.005636646,0.021194546,0.04509451,0.06851214,0.09046136,0.110063545,0.12649144,0.1390143,0.1470718,0.15037887,0.14907867,0.14397807,0.13690422,0.13111746,0.13124485,0.14162725,0.16363712,0.1952649,0.23308817,0.2737519,0.3143475,0.3523825,0.38571966,0.41256016,0.43146202,0.44137412,0.44167182,0.43218443,0.4132091,0.38550964,0.35030127,0.30922914,0.26435664,0.2181993,0.17387736,0.13548927,0.10846445,0.09771887,0.10176371,0.1125664,0.12290222,0.12889884,0.12897508,0.12284424,0.11099603,0.0944209,0.0744376,0.05258227,0.030644268,0.012274974,0.015647065,0.03005358,0.04184962,0.0496371,0.05329353,0.0532595,0.050493423,0.046512797,0.043348476,0.042980466,0.046089407,0.051571116,0.057604473,0.06265925,0.06576667,0.06649648,0.06491985,0.061616663,0.057713866,0.054851595,0.054787826,0.05848459,0.06548831,0.074421905,0.083817735,0.09250287,0.09964191,0.104682565,0.10729601,0.107327834,0.104758896,0.09967661,0.09226013,0.08278808,0.07168792,0.059675653,0.048112884,0.039750163,0.038759217,0.04659558,0.060007036,0.07560418,0.091368385,0.10604942,0.1187565,0.12881121,0.13571082,0.13913383,0.13896273,0.13531622,0.12859215,0.119528964,0.10929386,0.09957923,0.09257413,0.09046826,0.09434879,0.1034705,0.115875706,0.12947732,0.14258978,0.15399234,0.1628536,0.16865471,0.17113483,0.17025216,0.16615288,0.1591426,0.14965865,0.13824248,0.12551339,0.11214501,0.09884525,0.08633805,0.07533642,0.06648227,0.0602209,0.05662703,0.055313397,0.05555668,0.056559216,0.057643075,0.05830502,0.058189407,0.057043314,0.054684095,0.05098691,0.045892958,0.039444227,0.031877093,0.023921143,0.017864427,0.018716345
180,0.01682014,0.018740075,0.026471132,0.035875548,0.045126524,0.053419158,0.060277387,0.06537053,0.06846348,0.06940359,0.06811861,0.06461802,0.0589954,0.051432133,0.042207513,0.03173616,0.020749727,0.011570786,0.012674241,0.022526378,0.03350641,0.043730706,0.052468073,0.059237953,0.06368341,0.06555363,0.06470968,0.061138943,0.054981045,0.046587843,0.036704287,0.027116332,0.022472959,0.02806819,0.040653754,0.05559163,0.07076167,0.085031815,0.0975975,0.10780503,0.11510703,0.11905723,0.119318925,0.11567927,0.10806762,0.09658038,0.08152471,0.06353067,0.04398339,0.027406458,0.028288469,0.04731173,0.07084124,0.09419099,0.11544376,0.13329606,0.14671724,0.15492497,0.15744765,0.1542418,0.1458918,0.13396904,0.12165193,0.11435317,0.11855538,0.1372361,0.16768835,0.20506993,0.24517204,0.2847561,0.32126942,0.35264358,0.37721434,0.3937085,0.40125746,0.39941594,0.38817474,0.36796144,0.33962828,0.3044302,0.26400125,0.22035302,0.1759502,0.13401,0.099338286,0.0793241,0.07922227,0.09234597,0.10805398,0.120458424,0.12714957,0.12737092,0.12124097,0.109424226,0.092954144,0.073107004,0.051296555,0.028998876,0.008110305,0.013052555,0.029353697,0.042260736,0.05124483,0.056335106,0.057995565,0.057131913,0.055077422,0.053445175,0.05366805,0.056303803,0.060754623,0.06574512,0.06996995,0.072435185,0.07255316,0.07015485,0.06550411,0.059352815,0.053052694,0.048609514,0.04815791,0.052504767,0.06046112,0.07005189,0.07960895,0.08797355,0.09438765,0.098383285,0.09971171,0.09829973,0.094224185,0.08770483,0.07912578,0.06911271,0.058725532,0.049845904,0.045487422,0.048408266,0.058178667,0.072039284,0.087536246,0.103031114,0.1173851,0.12973249,0.13938841,0.14582577,0.1486836,0.14779045,0.14319769,0.13522547,0.12453274,0.112232,0.10006417,0.09054355,0.086612545,0.09017126,0.10058419,0.11536688,0.13188377,0.14810063,0.16258998,0.17438218,0.18285234,0.18765287,0.18867199,0.18600385,0.17992218,0.17085399,0.15935242,0.14606914,0.13172738,0.11709621,0.10296459,0.09010775,0.07922836,0.07084857,0.06515644,0.06189342,0.06041371,0.059913423,0.059663735,0.05912378,0.057944372,0.05592558,0.05297273,0.04907083,0.044286925,0.038813375,0.03308498,0.028032428,0.02539227,0.0270946
181,0.031728927,0.03688051,0.04307138,0.04937448,0.055141,0.059914608,0.06336818,0.065270305,0.06546895,0.06388361,0.060501765,0.05537851,0.048640437,0.040500514,0.031309705,0.02176762,0.013992097,0.01407528,0.022402791,0.03304933,0.04378901,0.05378053,0.06250038,0.06953845,0.074555516,0.07727845,0.07750644,0.075121254,0.07010077,0.06253898,0.05268719,0.04107204,0.028953396,0.0203653,0.02374479,0.037014935,0.05324304,0.06974637,0.08527829,0.09896046,0.11005968,0.11794755,0.12210887,0.12216738,0.11792112,0.10938937,0.09688683,0.08117889,0.06390478,0.04885698,0.044006683,0.054760903,0.07482427,0.097396575,0.1189501,0.13740745,0.15130575,0.1595781,0.16153939,0.1569601,0.14622639,0.13067146,0.11329769,0.10006651,0.09982832,0.117580645,0.14922489,0.18799876,0.22889619,0.26848426,0.30422023,0.33412188,0.35665366,0.3707013,0.37557667,0.37102574,0.35722876,0.33478764,0.3047007,0.26832938,0.22736853,0.1838514,0.14027882,0.100170046,0.06990066,0.06031575,0.07243571,0.09190162,0.10944542,0.12166843,0.12742886,0.12656924,0.11950314,0.107038684,0.09027241,0.07051458,0.04927024,0.02851902,0.013956838,0.020687208,0.035024382,0.04745409,0.056562707,0.06217877,0.06467169,0.06483829,0.0638283,0.062971584,0.063416205,0.065664805,0.0693626,0.07354486,0.0770812,0.07899594,0.07861008,0.0755846,0.06993451,0.062058635,0.052838467,0.043895446,0.037956342,0.038080823,0.04450201,0.05441859,0.06513376,0.07497858,0.08296772,0.08851516,0.09130232,0.09122013,0.08834608,0.08294683,0.075516604,0.06688109,0.058413167,0.052311778,0.051324036,0.05692838,0.06797433,0.0821604,0.09753633,0.112698995,0.12660249,0.13841876,0.14747733,0.1532512,0.15536706,0.15362813,0.14804693,0.1388913,0.12675743,0.11269955,0.098462,0.0867891,0.081305176,0.08472945,0.09644203,0.113309875,0.13217562,0.15075803,0.16751908,0.18142506,0.19180092,0.1982548,0.20063679,0.19901156,0.19363445,0.18492714,0.17345127,0.1598805,0.14497143,0.12953418,0.11440084,0.10038552,0.08822204,0.07846109,0.07133052,0.06662762,0.063756734,0.06193318,0.060423,0.05868617,0.05640667,0.053461224,0.04987489,0.045789823,0.041460782,0.037285246,0.03385987,0.031989656,0.03246883,0.035617877
182,0.050424136,0.05351919,0.056750357,0.059713166,0.06204574,0.06345131,0.06370502,0.0626533,0.060210343,0.05635387,0.051122323,0.044616584,0.03701509,0.028633047,0.02016318,0.013764293,0.014641672,0.022549275,0.032801617,0.043534208,0.054017592,0.063796334,0.07249697,0.07978106,0.085335635,0.08887639,0.0901564,0.088977784,0.08520568,0.07878467,0.06976039,0.05831648,0.04486867,0.030437957,0.018828407,0.021672446,0.037020415,0.05526961,0.07351114,0.090466075,0.10519753,0.11690818,0.124922276,0.1287131,0.12794769,0.1225451,0.11275894,0.09932121,0.083750285,0.06904715,0.060650356,0.06430534,0.07914599,0.09936742,0.120238304,0.13877387,0.15297052,0.16141693,0.1631861,0.1578603,0.1456552,0.1277206,0.10690667,0.089590095,0.08697135,0.105957426,0.14027408,0.18131316,0.22363645,0.26378295,0.2992486,0.3281099,0.3489139,0.36065924,0.36280096,0.3552538,0.33838308,0.31298032,0.2802251,0.24163948,0.19905226,0.1546178,0.11104988,0.072754376,0.050132655,0.056289896,0.078019716,0.09990544,0.11691889,0.12750284,0.13127647,0.128463,0.11969357,0.105905496,0.08827308,0.06817255,0.04726285,0.028190594,0.01873223,0.027070528,0.040603764,0.052612755,0.061657067,0.067516364,0.07051998,0.07139322,0.071154214,0.0709375,0.07169486,0.07385501,0.07716626,0.080850124,0.08392128,0.085459016,0.08475644,0.081379205,0.07518013,0.06630176,0.055198032,0.042750064,0.030757157,0.0235224,0.026730431,0.037375517,0.049777307,0.061389927,0.07107298,0.07820851,0.08246336,0.0837236,0.08208201,0.07785598,0.07164512,0.06445646,0.057909783,0.054329302,0.056008328,0.06354312,0.07551764,0.0899392,0.105151065,0.11990592,0.13323559,0.14435694,0.15263014,0.1575502,0.1587571,0.1560571,0.14945328,0.13918978,0.12582459,0.11036742,0.094554506,0.08130744,0.07485829,0.078624085,0.09174082,0.110326946,0.13083908,0.15090807,0.16899653,0.18408103,0.19548978,0.20282733,0.20593706,0.20487711,0.19989952,0.19142771,0.18003128,0.16639808,0.15130405,0.1355811,0.120081134,0.105629645,0.09295722,0.08259544,0.0747473,0.069197714,0.06536042,0.062474802,0.05983793,0.05695296,0.053573247,0.049685813,0.045478966,0.041316822,0.03771856,0.035304714,0.034641493,0.035993736,0.039201163,0.04382918
183,0.06627061,0.0666251,0.06675563,0.06647125,0.06557336,0.06388247,0.061256904,0.05760346,0.052881993,0.047106676,0.04034831,0.032747604,0.024573572,0.016495995,0.011012036,0.013653893,0.022160618,0.03232462,0.042914487,0.05345883,0.063648745,0.07321165,0.081876524,0.08936401,0.09538619,0.09965232,0.10187874,0.10180257,0.099198304,0.09389704,0.08580821,0.074945554,0.061465263,0.045755748,0.028829064,0.01555529,0.022796953,0.041941844,0.06264245,0.08265603,0.10080564,0.11613743,0.12782848,0.13520703,0.1378016,0.1354045,0.12815335,0.116653614,0.1021998,0.08721093,0.07587062,0.07360795,0.08273376,0.09970245,0.11934177,0.13777281,0.15236935,0.16132118,0.16343234,0.1580923,0.14536884,0.12628701,0.103618026,0.08406292,0.080661416,0.10156948,0.13846408,0.18158308,0.22533253,0.26623815,0.30178046,0.33002698,0.34954005,0.3593679,0.35905334,0.3486352,0.32863337,0.30001575,0.26414984,0.22274941,0.17784053,0.1318271,0.08799472,0.053278666,0.045831755,0.06677344,0.09260327,0.114446156,0.129924,0.13834225,0.13972433,0.13454583,0.123616196,0.10799995,0.08895884,0.06793558,0.04669542,0.028279884,0.02108795,0.030213231,0.043583144,0.055482954,0.06460008,0.07075866,0.07429989,0.0759146,0.07652431,0.077106416,0.07844175,0.080861755,0.084145695,0.08763686,0.0904806,0.09184223,0.0910426,0.0876218,0.0813586,0.072266124,0.060575183,0.0467145,0.031314384,0.015461981,0.007372579,0.020676643,0.03557019,0.048977163,0.0601378,0.06858386,0.07403358,0.07639193,0.075771585,0.07253378,0.06736743,0.06143208,0.05653573,0.055029403,0.058771245,0.06776326,0.080456585,0.09504096,0.110036686,0.12430425,0.13694212,0.14721699,0.15453313,0.15842651,0.15857375,0.15481071,0.14715965,0.13587032,0.12149133,0.10501456,0.088189244,0.07412404,0.06762179,0.072496995,0.08716686,0.10700778,0.12835735,0.14895003,0.16735576,0.18262678,0.19414134,0.20153731,0.20468085,0.20364662,0.19869952,0.19027407,0.1789503,0.16542606,0.15048644,0.13496946,0.119725585,0.105564184,0.0931754,0.08302049,0.07521227,0.069456644,0.065133534,0.061502375,0.057918787,0.053968355,0.049512412,0.04469028,0.03991806,0.035886776,0.033478066,0.033431347,0.035860002,0.040199853,0.045662478,0.051596116
184,0.07798463,0.07555757,0.07271788,0.06942167,0.06560066,0.06117896,0.056089014,0.05028441,0.043748986,0.036503438,0.028615074,0.020233888,0.011812483,0.0063708415,0.011745391,0.021201776,0.031379197,0.041755196,0.052115783,0.06229766,0.07213841,0.08145845,0.09005176,0.0976812,0.10407837,0.10894808,0.111977994,0.11285294,0.111273855,0.10698028,0.099775515,0.089553684,0.0763294,0.06027729,0.0418265,0.022219718,0.012156403,0.030043447,0.05301322,0.0758429,0.097111754,0.115740746,0.13077913,0.1414188,0.14704834,0.14732063,0.14223309,0.13223426,0.11839439,0.102719,0.08866841,0.08132388,0.08489259,0.09832933,0.1166661,0.13519217,0.15058726,0.16059522,0.16373064,0.1591872,0.14689931,0.12780425,0.10462745,0.08416188,0.08016652,0.10168299,0.1398261,0.1842406,0.22909401,0.27076954,0.30663663,0.33468014,0.35341394,0.3618773,0.35964605,0.34683377,0.32407358,0.29248005,0.2535957,0.20933789,0.16198875,0.11438913,0.071159035,0.045290433,0.05665605,0.08494755,0.11199022,0.13317107,0.14712436,0.15353532,0.15266201,0.14516594,0.13201272,0.114393584,0.093664624,0.07133032,0.049189847,0.030265385,0.02245667,0.030803047,0.043917898,0.055836998,0.06518465,0.071805835,0.076056205,0.0785977,0.08025986,0.08186835,0.084036596,0.086988345,0.090505876,0.09402868,0.09683149,0.09819126,0.09750083,0.09433115,0.08845852,0.079870924,0.06876355,0.05553394,0.04080577,0.025637316,0.013349838,0.016009102,0.028742332,0.041739587,0.052985422,0.061735325,0.067596085,0.07041195,0.0702661,0.067524455,0.06292816,0.05775338,0.053967867,0.053950857,0.059218846,0.06932266,0.08257716,0.09725278,0.11197222,0.1256715,0.13750729,0.14679976,0.15300786,0.1557245,0.15468316,0.1497729,0.14106129,0.12883203,0.1136556,0.096543975,0.07931647,0.06536647,0.060084295,0.06706713,0.083366856,0.10387733,0.12518774,0.14531624,0.16302413,0.17748965,0.18817914,0.1947956,0.19725521,0.19567159,0.19033988,0.18171771,0.17040208,0.15710226,0.14260861,0.1277562,0.1133784,0.10024225,0.08895488,0.079844125,0.07285559,0.06754717,0.06322745,0.059176326,0.054833572,0.049900737,0.044380896,0.03861235,0.033341575,0.029782724,0.029277654,0.032248717,0.037795674,0.04465041,0.051865716,0.058855005
185,0.08508331,0.080044195,0.074495,0.06851448,0.062152214,0.055432897,0.048363063,0.040939044,0.033154935,0.025009604,0.016512653,0.0076966183,0.0017158726,0.010936734,0.020541858,0.030309608,0.040169105,0.050049223,0.059872087,0.06954788,0.078968056,0.08799739,0.09646593,0.1041625,0.11083155,0.116174735,0.11985836,0.12152715,0.12082402,0.11741498,0.11101778,0.101432465,0.08857232,0.07249475,0.053438604,0.031928208,0.010248504,0.019808317,0.04494676,0.07026656,0.09423578,0.115704216,0.13361716,0.14704323,0.1552376,0.15771522,0.15433168,0.14538115,0.13173908,0.11511505,0.09851722,0.08676479,0.08531527,0.095516734,0.11298409,0.13218518,0.14903247,0.16079544,0.16569602,0.16273627,0.15172131,0.13349558,0.11066777,0.08968315,0.08374993,0.10321663,0.1406973,0.18538739,0.2308854,0.27323833,0.30960205,0.33781388,0.35628828,0.36400896,0.36053956,0.34602445,0.32116967,0.2872031,0.24582237,0.19915505,0.14981164,0.10137195,0.06121092,0.050246764,0.07432499,0.10572106,0.13325551,0.1539204,0.16673855,0.17158276,0.16886199,0.15938106,0.14424172,0.12475822,0.10238989,0.07871868,0.055576965,0.035789598,0.025787106,0.031231275,0.043288838,0.055043247,0.0646529,0.07185355,0.07696244,0.08058207,0.08342934,0.086170524,0.08925893,0.09282311,0.096653484,0.10028548,0.10312899,0.10459102,0.10416598,0.10149319,0.096390896,0.08887738,0.07918966,0.067816585,0.055583775,0.0438803,0.03511993,0.032555882,0.036918774,0.04495494,0.05344368,0.060586844,0.065461844,0.067638926,0.06704955,0.06398001,0.059154265,0.053911693,0.050379463,0.051065113,0.05728394,0.068173,0.08183037,0.0965108,0.110881425,0.12392843,0.13485925,0.14304958,0.14802119,0.14943635,0.1471019,0.14097969,0.13120544,0.11812311,0.102358416,0.08499626,0.068038076,0.05540155,0.053053908,0.06315471,0.080907956,0.10136899,0.121743724,0.14045331,0.1564996,0.16921948,0.1781955,0.18322204,0.1842894,0.18157175,0.17541325,0.16631037,0.15488996,0.14188296,0.1280929,0.11435534,0.10148056,0.090166494,0.08087615,0.073706836,0.068331555,0.06409066,0.060207054,0.056004003,0.05103792,0.045151092,0.038503546,0.031667568,0.025891926,0.02334637,0.025768587,0.03217976,0.040476132,0.04925445,0.05775106,0.065537624
186,0.08742764,0.08006396,0.07215279,0.06387969,0.055404957,0.04685769,0.038332794,0.029893016,0.021582276,0.013483398,0.006184366,0.0058580404,0.013131199,0.021398686,0.029964646,0.038726702,0.047639124,0.056655888,0.06571935,0.07475603,0.083672166,0.092347234,0.1006258,0.10830908,0.115148515,0.12084355,0.1250458,0.1273707,0.12741674,0.12479177,0.119144365,0.11019819,0.09778674,0.081885695,0.06264106,0.04039582,0.015790096,0.011509435,0.038707234,0.06603566,0.0921607,0.1159008,0.13611402,0.15175875,0.16196848,0.16613095,0.1639712,0.15564603,0.14187233,0.1241491,0.10519889,0.08969565,0.084071964,0.09188755,0.10939989,0.13014123,0.149204,0.16340333,0.17069834,0.16991551,0.16072471,0.14383192,0.12158203,0.09963137,0.08974909,0.104032904,0.13863997,0.18246496,0.22808842,0.27097812,0.30796492,0.33667958,0.35539663,0.36300892,0.3590332,0.34360954,0.31748256,0.28196368,0.23888756,0.19060382,0.14015166,0.092294596,0.058801822,0.06298033,0.093529046,0.12654607,0.15444157,0.17482977,0.18689653,0.1906141,0.18649179,0.17544454,0.15869069,0.13766207,0.11393283,0.08919671,0.065384656,0.045224693,0.03365234,0.035281405,0.04499885,0.055966765,0.065579474,0.07325178,0.07915297,0.083764195,0.08765948,0.09134685,0.09514718,0.09912954,0.103117324,0.10675225,0.109584376,0.11115881,0.11108482,0.10908642,0.10503936,0.09900074,0.091237694,0.08226196,0.07287517,0.06420983,0.05766946,0.054528203,0.055136185,0.058524728,0.06303059,0.06710954,0.06965744,0.07001768,0.06793534,0.06355532,0.057503358,0.051092718,0.046592746,0.046844963,0.053242866,0.06450803,0.07836352,0.09292997,0.10685956,0.11916335,0.129091,0.13607374,0.13970122,0.1397141,0.1360046,0.12862264,0.11779065,0.10393717,0.08778143,0.070564434,0.05470343,0.045141403,0.047888067,0.06161553,0.08022291,0.09980562,0.11838184,0.13480386,0.14832577,0.1584577,0.16491637,0.1676071,0.16661455,0.16219373,0.1547584,0.1448655,0.13319606,0.12053123,0.1077203,0.09563021,0.085057646,0.07658416,0.07039534,0.06616984,0.06316474,0.06047455,0.05729322,0.053058453,0.047487713,0.0405709,0.032590333,0.024300313,0.017694816,0.017080178,0.023618588,0.033293203,0.04368051,0.05380666,0.06318831,0.0715462
187,0.08514502,0.075832315,0.06597409,0.055844124,0.04570286,0.035790954,0.026334831,0.017601224,0.010226685,0.0070864144,0.01105452,0.017413465,0.024190929,0.03113192,0.03825777,0.04562261,0.053257134,0.06115516,0.06927485,0.07754423,0.0858652,0.094113246,0.10213224,0.10972574,0.11664775,0.12259636,0.1272137,0.13009435,0.13080312,0.1289018,0.12398265,0.11570649,0.103841625,0.08830081,0.069172665,0.04674527,0.021525078,0.005966024,0.034409538,0.063087255,0.09073941,0.11612658,0.13802192,0.15528479,0.16694145,0.17226845,0.1708785,0.16281424,0.1486708,0.12980463,0.10877638,0.090255596,0.08161226,0.08841006,0.1072173,0.13041043,0.15231496,0.1693975,0.1794231,0.18107079,0.1738664,0.15832295,0.13639486,0.11271751,0.09716174,0.10321543,0.13244326,0.17415671,0.21938832,0.26269156,0.3004338,0.3299789,0.3494284,0.35755906,0.3538161,0.33830956,0.31179637,0.27564812,0.2318242,0.18291631,0.13251738,0.08707152,0.06298622,0.07813496,0.11195386,0.14590327,0.17405602,0.1942892,0.20585433,0.20877446,0.20362504,0.19140548,0.17343473,0.15125939,0.12658417,0.10125668,0.07738273,0.057720885,0.04614414,0.045423295,0.052474827,0.061991394,0.071086615,0.07880611,0.08508422,0.09022728,0.094653904,0.09873892,0.10271816,0.10664766,0.11041255,0.11377079,0.116412364,0.11801797,0.118309796,0.11709335,0.11429256,0.10997997,0.10440227,0.097997844,0.09139526,0.08536712,0.08069984,0.077959284,0.07723334,0.07803772,0.079481296,0.08055912,0.080390245,0.07834509,0.07410378,0.067703016,0.059629917,0.051046167,0.044202548,0.042432856,0.047813527,0.05882353,0.07256594,0.08684259,0.10020803,0.11166439,0.120490566,0.12616995,0.1283617,0.12688966,0.121738836,0.113057286,0.101168014,0.086607,0.07023925,0.05362998,0.040208887,0.036760848,0.04645096,0.06311411,0.08155284,0.09939044,0.11539258,0.12878823,0.13906436,0.14590307,0.14916249,0.14887038,0.14522007,0.1385652,0.12941235,0.118412316,0.10635051,0.09413391,0.082760036,0.07322798,0.06632771,0.062312033,0.060680542,0.060359567,0.06015316,0.05908792,0.056524284,0.052132808,0.04583502,0.037752997,0.02819378,0.017778113,0.008918122,0.012097142,0.023236785,0.035284743,0.04703361,0.058027677,0.067991234,0.076748446
188,0.078624725,0.06782521,0.056505654,0.044997346,0.033629887,0.022739332,0.012775323,0.0055739814,0.008527357,0.015480626,0.02215387,0.028251966,0.033905543,0.039346438,0.044823695,0.050550792,0.056671046,0.06324493,0.07025731,0.07763557,0.085268,0.09301489,0.10070975,0.10815196,0.11509512,0.12123625,0.1262109,0.12959781,0.13093486,0.12974583,0.12557594,0.11803323,0.106831826,0.09183403,0.0730886,0.050869104,0.025776256,0.00554636,0.031910427,0.061194777,0.08973776,0.116154514,0.13912798,0.15742978,0.16999583,0.17601107,0.17499761,0.16691026,0.15225887,0.13231842,0.109598294,0.088939,0.078768395,0.086298585,0.107643306,0.1339056,0.15890265,0.17893393,0.19165577,0.1956308,0.19023725,0.17576341,0.15372437,0.12772034,0.105560295,0.10087168,0.12185723,0.16009146,0.20449275,0.2481842,0.2868785,0.3176081,0.33827695,0.347532,0.3447337,0.32994637,0.30392188,0.26807594,0.22448571,0.17600846,0.12690738,0.0855952,0.0711642,0.092912614,0.12829944,0.16265619,0.19087298,0.21093416,0.22210717,0.22443634,0.21854018,0.20548515,0.18668173,0.16379496,0.13868245,0.113390185,0.090254165,0.07209249,0.06193627,0.06095161,0.06651559,0.07470336,0.08297776,0.0902628,0.09631657,0.10129236,0.1054869,0.1091936,0.112620905,0.115859,0.11888237,0.121574745,0.12376391,0.12525791,0.12587923,0.12549663,0.12405517,0.12160281,0.11831002,0.11447482,0.11050245,0.106848,0.103916995,0.101941384,0.10087747,0.100380346,0.09987347,0.09867864,0.096152,0.09179208,0.085316874,0.076727785,0.06639732,0.055257946,0.045238566,0.039805073,0.042369492,0.052045207,0.065150164,0.07885956,0.09148694,0.10196806,0.10958759,0.11387141,0.11454483,0.11151458,0.10485998,0.09483031,0.08185579,0.06660065,0.050168257,0.034937143,0.02729883,0.034418847,0.050160255,0.06784232,0.08491767,0.10020872,0.112994425,0.12278557,0.12926532,0.13227428,0.13180806,0.12801759,0.121209644,0.111847885,0.10055824,0.088145204,0.075627334,0.06428593,0.055636413,0.05103333,0.050754935,0.053549852,0.057495162,0.060974736,0.062937565,0.06279263,0.060272444,0.05533853,0.04811998,0.038870014,0.027931862,0.015713172,0.002808846,0.011006334,0.024507781,0.037659835,0.050116077,0.061608113,0.0719391,0.08098382
189,0.06856756,0.056879032,0.04473233,0.032481443,0.020472359,0.009037164,0.0018873537,0.011270423,0.019660002,0.02682769,0.032816235,0.03777815,0.041964665,0.04570299,0.04935496,0.05326019,0.057678644,0.06275406,0.06851115,0.07488095,0.0817356,0.088915065,0.09623762,0.10349502,0.11043824,0.11676189,0.122094326,0.12599881,0.12798798,0.12755115,0.12419201,0.11747306,0.107062966,0.09278332,0.07465417,0.05295083,0.028406443,0.008168102,0.03079392,0.060031984,0.088899046,0.11579076,0.13930042,0.15812649,0.17113398,0.17743817,0.17649479,0.1681989,0.15301272,0.13219076,0.108307175,0.08659229,0.07670106,0.0867296,0.11137617,0.14077994,0.16866641,0.19134252,0.20642012,0.2123686,0.20842344,0.19464749,0.17213725,0.14357388,0.11477741,0.097868994,0.10737436,0.14057434,0.18388674,0.22813082,0.26808816,0.30039877,0.32276237,0.33369902,0.3324854,0.3191363,0.2943902,0.25969726,0.21724698,0.17017429,0.12345774,0.087275065,0.08066262,0.1058114,0.14163648,0.17590031,0.20390971,0.22367725,0.23445846,0.23630129,0.2298535,0.2162398,0.19696161,0.17381509,0.14884059,0.124325655,0.102856204,0.08723102,0.07963357,0.07993895,0.08546765,0.09308606,0.1007117,0.1073562,0.11273077,0.116918705,0.1201649,0.12274826,0.12491017,0.12682189,0.12857775,0.13020253,0.13166475,0.13289241,0.13379084,0.13426444,0.13424191,0.1337017,0.13269176,0.1313352,0.12981442,0.12832981,0.12703755,0.12598157,0.12504376,0.12393367,0.12222431,0.119422875,0.11505544,0.10874769,0.100293525,0.08971517,0.07733343,0.063898414,0.05090567,0.04125408,0.03914226,0.045755714,0.057301007,0.06997779,0.08160415,0.090941474,0.09723443,0.10003015,0.09910869,0.09445197,0.086226255,0.07477256,0.060615543,0.04454727,0.028123138,0.017138671,0.02441094,0.041104738,0.05880777,0.07545711,0.090135776,0.10223869,0.111330256,0.11711535,0.119435266,0.11826933,0.113737,0.10609983,0.09576535,0.08330047,0.06947346,0.055377487,0.042762127,0.0346039,0.0341533,0.04054099,0.04970155,0.05873183,0.066166155,0.07126009,0.07363903,0.07316041,0.069854155,0.06389082,0.05556137,0.045268793,0.0335572,0.021338146,0.01173247,0.01505093,0.026943233,0.039943237,0.05254384,0.06424665,0.07480063,0.08407613
190,0.056169003,0.044539545,0.032762475,0.021491524,0.012337706,0.010713957,0.01716039,0.024917519,0.031939488,0.037767593,0.042322505,0.04570724,0.04815951,0.05002466,0.051718388,0.053668436,0.056240164,0.05967028,0.06403941,0.06929348,0.075292915,0.08185792,0.08879077,0.095873825,0.1028523,0.109413475,0.115172565,0.119671665,0.122394234,0.12279411,0.12033576,0.11454173,0.10504307,0.091629796,0.07430254,0.0533466,0.029627578,0.010563964,0.030519264,0.05926595,0.08800928,0.11492241,0.13852242,0.15745358,0.17053184,0.17682648,0.17575273,0.16717596,0.1515513,0.13017948,0.10583123,0.08437311,0.07667755,0.09039933,0.11833179,0.15041415,0.18063791,0.20541057,0.22232841,0.2297822,0.2268784,0.2134778,0.19031979,0.15934052,0.124643184,0.095545046,0.0901538,0.116379485,0.15867248,0.20392454,0.24559301,0.2799022,0.3043802,0.31745017,0.31832403,0.30697563,0.2841303,0.2512662,0.21067421,0.1657468,0.12209017,0.09096031,0.089531355,0.11588362,0.15128326,0.18497486,0.2124671,0.23175614,0.2420702,0.24345186,0.23657261,0.22261499,0.20318027,0.18021837,0.15599081,0.13306515,0.1142529,0.10216511,0.09803003,0.10065316,0.10721845,0.11504434,0.122404516,0.1284575,0.13295098,0.1359728,0.1377822,0.13870324,0.13906203,0.13915327,0.13922314,0.13945885,0.13997948,0.14082919,0.14197743,0.14333153,0.1447621,0.14613566,0.14734522,0.14832832,0.14906584,0.14955963,0.14979461,0.14969645,0.1491002,0.14774172,0.14527763,0.1413298,0.13554424,0.12765358,0.117535084,0.10526309,0.091164395,0.07590518,0.060684837,0.04768595,0.040560707,0.042321812,0.050872818,0.06174259,0.07195619,0.07991818,0.08474929,0.085977525,0.083415315,0.07710389,0.06727956,0.054347143,0.038861163,0.021563523,0.005214786,0.017698485,0.03645798,0.05450438,0.07099113,0.085288495,0.09688133,0.10536778,0.110466264,0.11202121,0.11000585,0.10452204,0.09579742,0.084181495,0.07014515,0.054299485,0.037507847,0.021604458,0.014593148,0.025192957,0.04037337,0.054981817,0.067755714,0.07808151,0.085578136,0.09002094,0.091322824,0.08952656,0.08479823,0.077420644,0.06779022,0.056429736,0.044057596,0.03186972,0.022610115,0.021822317,0.030088652,0.04180002,0.05401427,0.06567975,0.076356925,0.08584925
191,0.043720786,0.03420948,0.026073843,0.021301134,0.021781716,0.026408687,0.032541163,0.03855404,0.043701164,0.04766334,0.05035582,0.05185844,0.052387267,0.052276086,0.051950846,0.051883876,0.052520964,0.05419469,0.05706306,0.061109673,0.06619806,0.072135836,0.078711174,0.08569431,0.092816986,0.09974733,0.106073655,0.111304164,0.11488406,0.11622771,0.11476176,0.10997477,0.10146928,0.089014255,0.07260079,0.052530654,0.029793352,0.01224532,0.030621333,0.058641274,0.08694911,0.11355098,0.13691144,0.15564272,0.16853492,0.17463629,0.17334884,0.16454071,0.14870456,0.12726237,0.10332459,0.08358406,0.07962913,0.09721426,0.12773237,0.16170022,0.19352779,0.21973808,0.23791818,0.24639341,0.24416286,0.23092312,0.2071359,0.1741827,0.13485141,0.09528947,0.07219516,0.08859097,0.1305283,0.17762555,0.22154179,0.258199,0.2850608,0.3005195,0.30376017,0.29473487,0.27416086,0.24353673,0.20522997,0.16282539,0.12233337,0.09526184,0.09649594,0.122527696,0.15682402,0.18951514,0.2161828,0.2347803,0.24450168,0.2453822,0.23811868,0.2239594,0.20462418,0.1822514,0.15937258,0.13886796,0.123699844,0.11605366,0.116077326,0.121687554,0.12997752,0.13857293,0.14601678,0.1516143,0.15518564,0.15686798,0.15697911,0.15592898,0.15416479,0.15213627,0.15026861,0.14893289,0.14841074,0.14885962,0.15029229,0.1525829,0.15550183,0.15876795,0.16210096,0.1652582,0.16804819,0.17032076,0.17194074,0.17275585,0.17257075,0.17113732,0.16816597,0.16335697,0.15644564,0.14725354,0.13573858,0.122041024,0.1065291,0.089860246,0.07309951,0.057975948,0.04724434,0.043998096,0.048263717,0.056314178,0.06454578,0.070848264,0.074108824,0.073782,0.06969163,0.061942454,0.05087925,0.03709385,0.02166757,0.00980966,0.019929573,0.03743787,0.054964084,0.07115914,0.085232526,0.09658145,0.10474704,0.109410524,0.11039423,0.10766043,0.10130665,0.091557354,0.078752354,0.0633325,0.04582379,0.026825052,0.007110004,0.013401086,0.03301981,0.051641684,0.068634234,0.08347165,0.09571579,0.10502742,0.11117676,0.11405054,0.113655075,0.11011544,0.10367157,0.094673656,0.083581366,0.07097875,0.057635747,0.04470408,0.034250863,0.02984278,0.03373739,0.043083373,0.05433321,0.06570406,0.07642138,0.08614318
