0,0.17931885,0.17776947,0.17333756,0.16717617,0.16091779,0.15653393,0.15593094,0.16030696,0.16964789,0.18279459,0.19798315,0.21340048,0.22751114,0.23919135,0.24776937,0.25303072,0.2552062,0.2549377,0.2532055,0.2511948,0.25008932,0.25081214,0.25378722,0.2588236,0.26517996,0.27177384,0.27743962,0.2811522,0.2821831,0.28019077,0.2752593,0.26789507,0.25898132,0.24967945,0.24126105,0.23486748,0.2312384,0.23050965,0.23218848,0.23532602,0.23879436,0.24154471,0.24277756,0.24202013,0.23913613,0.23429465,0.2279178,0.22061877,0.21313703,0.20627232,0.20081493,0.1974681,0.19676259,0.19897555,0.20407775,0.21173078,0.22133656,0.23212105,0.24322867,0.2538114,0.2631064,0.2705012,0.2755846,0.2781811,0.27836367,0.2764402,0.27290866,0.2683803,0.26347554,0.25870916,0.25439188,0.25057927,0.24708757,0.24357258,0.23964493,0.23498578,0.22943474,0.22303496,0.21603304,0.20883915,0.20195685,0.19589725,0.19109605,0.1878549,0.18632191,0.18651086,0.18834072,0.19167028,0.19631076,0.20201747,0.20847549,0.21529703,0.22204117,0.22825494,0.23352645,0.23753732,0.24010335,0.24119566,0.24093866,0.23958497,0.23747174,0.23496631,0.23241244,0.23008898,0.22818926,0.22682244,0.22602968,0.22580267,0.2260936,0.22681199,0.22781333,0.22889109,0.22978419,0.23020713,0.22990166,0.22870085,0.22659224,0.22376403,0.22061813,0.2177341,0.21577366,0.2153319,0.21677093,0.2200974,0.22493915,0.23062988,0.23635913,0.241328,0.24486956,0.24652126,0.24605387,0.24346854,0.2389737,0.23295215,0.22592627,0.21852636,0.21146105,0.20548104,0.20132113,0.19960734,0.20073573,0.20476025,0.2113429,0.2197951,0.22919306,0.23852268,0.24681748,0.25327444,0.25734702,0.25881857,0.2578545,0.2550254,0.2512813,0.24784866,0.24602218,0.24686153,0.25087878,0.25786126,0.26692715,0.27677396,0.28598747,0.29330218,0.297775,0.29888275,0.29656464,0.29122347,0.28368646,0.275115,0.2668448,0.2601459,0.25593123,0.2545032,0.25545886,0.25781026,0.26025707,0.26148537,0.26039973,0.2562647,0.24877284,0.23806708,0.22473614,0.20979042,0.1946066,0.18080261,0.16997816,0.16329055,0.16100176,0.16231382,0.16566364,0.16925263,0.171473,0.17111316
1,0.17936444,0.17782041,0.1732513,0.1668198,0.16020419,0.15547118,0.15466222,0.15909493,0.16878895,0.18252254,0.19842328,0.21457088,0.22934063,0.2415366,0.25042808,0.25575334,0.25770953,0.25692376,0.25438896,0.25134027,0.24905355,0.24857672,0.25046223,0.25461265,0.2603197,0.26647484,0.271848,0.2753367,0.27614087,0.27386445,0.26856065,0.26073298,0.25129357,0.24146576,0.23261002,0.22596276,0.22232954,0.22184946,0.22396415,0.22761814,0.2315752,0.2347032,0.23615234,0.23542883,0.23239656,0.22723779,0.22039382,0.2124983,0.20431072,0.19665298,0.19034699,0.18614589,0.18465294,0.18623294,0.19094017,0.19849393,0.20831555,0.21961257,0.23148137,0.2430065,0.25334704,0.2618086,0.2679001,0.27137372,0.27224323,0.27077642,0.26745597,0.2629071,0.2577946,0.25270364,0.24802941,0.24390931,0.24022254,0.23665957,0.23283707,0.22842056,0.22322151,0.21725015,0.21071987,0.20400822,0.19758557,0.19192742,0.18743175,0.18436392,0.18284366,0.18287157,0.18437329,0.18723398,0.19130579,0.1963906,0.20221592,0.20842482,0.2145927,0.22027016,0.22504136,0.22858292,0.23071042,0.23140354,0.23080514,0.22919412,0.22693627,0.22442204,0.22200449,0.21995239,0.21842965,0.21750346,0.21717167,0.21739359,0.21810848,0.2192345,0.22065262,0.22218868,0.22360896,0.22464022,0.22501518,0.22453512,0.22313547,0.22093755,0.21826981,0.21564294,0.21366872,0.2129255,0.21380003,0.21635976,0.22031088,0.22506034,0.22985071,0.2339123,0.23658912,0.23742029,0.23617812,0.23287229,0.22773167,0.2211732,0.21376592,0.20619406,0.19921722,0.19361894,0.19012971,0.18931878,0.19147259,0.19650567,0.20394881,0.21302292,0.22276443,0.23216037,0.24026777,0.24631275,0.24977282,0.25044563,0.24850282,0.24452025,0.23946533,0.23461013,0.23133391,0.23081025,0.23365867,0.23972511,0.2481213,0.25749204,0.266356,0.27338886,0.2776059,0.27846006,0.27588382,0.27029133,0.26254255,0.25385618,0.245646,0.23926271,0.23566763,0.23514605,0.23720862,0.24074538,0.24434301,0.24661008,0.24641195,0.2430024,0.23608054,0.22580571,0.2127915,0.19808547,0.18312228,0.1696055,0.15923753,0.15324943,0.15188749,0.15424359,0.15861984,0.16312583,0.16611816,0.16638476
2,0.1767456,0.17505248,0.17024755,0.16351332,0.15658309,0.15162337,0.15079863,0.15550312,0.16572475,0.18012626,0.19671026,0.21346308,0.2286981,0.24117638,0.25013438,0.25528464,0.25680703,0.25532523,0.25185072,0.24766922,0.24414445,0.24244112,0.24322909,0.24649121,0.251539,0.25722808,0.2622621,0.26546782,0.26598763,0.26339048,0.25772107,0.24950361,0.23970173,0.22961853,0.22070892,0.2142868,0.2111742,0.21143818,0.21437824,0.21878132,0.2232879,0.22669649,0.22813714,0.22713117,0.22357942,0.21771227,0.21002208,0.20119047,0.19201827,0.18336251,0.17607963,0.1709658,0.16868219,0.16966237,0.17402367,0.18152308,0.1915845,0.20338577,0.21597098,0.22835882,0.2396358,0.2490331,0.25598815,0.2601893,0.26159984,0.26045606,0.25723416,0.252582,0.24721678,0.24179961,0.2368118,0.23246828,0.2287004,0.2252174,0.22162451,0.21755603,0.2127846,0.20728327,0.20123452,0.19499192,0.18900622,0.18373424,0.17955348,0.17670767,0.17529814,0.17531653,0.1766942,0.17933749,0.18313064,0.18791002,0.19343053,0.19934882,0.20523849,0.21063632,0.21510717,0.21831034,0.22005275,0.22031881,0.21927182,0.21722572,0.21459086,0.21180317,0.20925109,0.2072193,0.20586424,0.20522614,0.20526727,0.20591553,0.20709305,0.20871866,0.21068834,0.21284822,0.21497968,0.21681023,0.218054,0.21847358,0.21794811,0.21652998,0.21447302,0.21221721,0.21031973,0.20933433,0.20966254,0.21142434,0.21440156,0.21807908,0.22176293,0.22472619,0.22633785,0.22615145,0.22395092,0.2197611,0.21383336,0.20661622,0.19871844,0.19086841,0.1838671,0.17852487,0.17556927,0.175524,0.17858769,0.18456519,0.1928875,0.20270911,0.21303749,0.22285654,0.23122984,0.23738657,0.240796,0.24123402,0.2388398,0.23415473,0.22812605,0.2220434,0.21736436,0.21540426,0.21695071,0.22197936,0.22964849,0.2385714,0.24719356,0.25410837,0.25825658,0.25902963,0.25631294,0.25049204,0.24242498,0.23336673,0.2248144,0.2182404,0.21472783,0.21462739,0.21742603,0.2219205,0.22658382,0.22992851,0.23075296,0.22826758,0.22214243,0.21251555,0.19998598,0.18559948,0.17081608,0.15741232,0.14721948,0.14161368,0.14091288,0.14415793,0.14953421,0.15505295,0.15901956,0.16020383
3,0.17240512,0.17040719,0.16527845,0.1582431,0.15111049,0.14615698,0.14564668,0.15097597,0.16200298,0.17721096,0.19446902,0.21169628,0.22718045,0.23967452,0.24841252,0.25310707,0.2539425,0.2515564,0.24699198,0.24159326,0.2368135,0.23392828,0.23371026,0.23620008,0.24070352,0.24602054,0.25078052,0.25374556,0.25401857,0.25115976,0.24523693,0.23682936,0.22698481,0.21710955,0.20875256,0.20326345,0.20139165,0.20301978,0.20721452,0.21256591,0.21759951,0.22107899,0.22215647,0.22040945,0.21581365,0.20868292,0.19959487,0.18931213,0.17870755,0.16869906,0.16019423,0.15403622,0.15093316,0.15136144,0.15546373,0.16299313,0.17334114,0.18563546,0.19886282,0.21198264,0.22402172,0.23415245,0.24175683,0.24647528,0.2482361,0.2472595,0.24402994,0.23923154,0.23364465,0.22801192,0.22289754,0.21857946,0.21501566,0.21190175,0.20879868,0.20528266,0.20107023,0.19609073,0.1904998,0.18464074,0.17896697,0.17394522,0.16996399,0.1672748,0.1659832,0.1660849,0.16751957,0.17020802,0.17405222,0.17890285,0.18451841,0.19054447,0.19652957,0.20197652,0.20641434,0.20947185,0.21093707,0.21079208,0.20921765,0.20656584,0.20330308,0.1999317,0.19690503,0.1945577,0.19307134,0.1924852,0.19274189,0.19374351,0.19539137,0.19759417,0.20024678,0.20319703,0.20622239,0.20903462,0.21131709,0.2127868,0.2132649,0.21273701,0.21138635,0.20958538,0.2078369,0.20666544,0.20647888,0.20744081,0.2094038,0.21193206,0.21440239,0.21614121,0.21655346,0.21521638,0.2119318,0.2067418,0.19991772,0.19193228,0.18342292,0.17515041,0.16794953,0.16266014,0.16002436,0.16055226,0.16439506,0.1712875,0.1805908,0.19140746,0.20271339,0.21347198,0.22272557,0.22967227,0.23373613,0.23463318,0.23243155,0.22759865,0.22102131,0.2139694,0.20795673,0.2044542,0.2044808,0.20823869,0.21502116,0.22345759,0.23192331,0.23890278,0.24322014,0.2441563,0.24149778,0.2355481,0.22711115,0.21743502,0.20808159,0.2006731,0.19650044,0.1961019,0.19904967,0.20410524,0.20963404,0.21402587,0.21597119,0.21459182,0.20948291,0.2007153,0.18882655,0.17481199,0.16010974,0.14653683,0.13606611,0.13030559,0.1297815,0.13359113,0.13983734,0.14641638,0.15154922,0.15395378
4,0.16768762,0.16526157,0.15976365,0.15249352,0.14536785,0.14078148,0.14104922,0.14745426,0.15960619,0.17575875,0.1936636,0.2112134,0.22671092,0.23893555,0.2471482,0.25108778,0.25096732,0.24746117,0.24166465,0.23499683,0.22901025,0.22508973,0.22409315,0.22608595,0.23032916,0.23553613,0.24024904,0.24317166,0.24338923,0.24048567,0.23459117,0.22638121,0.21702355,0.20804274,0.20105393,0.19735433,0.1974883,0.20103371,0.2067695,0.21310262,0.21849214,0.22171862,0.2219979,0.21899512,0.2127858,0.20379071,0.19269791,0.18038054,0.16781765,0.15602434,0.14599206,0.13863009,0.13468814,0.13464832,0.13861543,0.14627005,0.15692161,0.16962807,0.18332468,0.19693159,0.209441,0.21999171,0.22793409,0.23288327,0.2347544,0.23377293,0.23045248,0.22553216,0.21986921,0.21429157,0.20943458,0.20560889,0.2027529,0.20049578,0.19830628,0.1956676,0.19222058,0.18784547,0.18267745,0.17706619,0.17149428,0.16647385,0.16244642,0.15971415,0.15842322,0.15859693,0.16019101,0.1631329,0.16732216,0.17259586,0.17868589,0.18519872,0.19163534,0.1974481,0.20211858,0.20523609,0.20656155,0.20606616,0.20393986,0.20056686,0.19646966,0.19222708,0.18837999,0.18534678,0.18337342,0.18253446,0.182779,0.18399577,0.18606402,0.18886958,0.19228594,0.19613865,0.20017856,0.20408371,0.207496,0.21008405,0.21161498,0.21201639,0.2114115,0.21011478,0.20857978,0.20730063,0.2066835,0.20692398,0.20793487,0.20935467,0.21063219,0.21115291,0.21036477,0.20787461,0.2035047,0.19731238,0.18958144,0.18079546,0.17160285,0.16277842,0.15517941,0.14968117,0.14707188,0.14790379,0.15234594,0.16011725,0.17053826,0.18266155,0.19541179,0.20769915,0.21850616,0.22696115,0.2324073,0.23446976,0.23311877,0.22872312,0.22208227,0.21441357,0.20725112,0.20220046,0.2005366,0.20277064,0.20843862,0.21626715,0.224591,0.23177189,0.23647957,0.23783694,0.23548095,0.22958024,0.2208281,0.21040596,0.1998872,0.19102402,0.18536577,0.18376845,0.18604793,0.19104306,0.19704774,0.20230761,0.20535696,0.2051745,0.20122834,0.19347394,0.18234129,0.1687271,0.15399298,0.13993925,0.12864989,0.12202116,0.12095263,0.12477484,0.13158712,0.1391555,0.14556426,0.149426
5,0.1642148,0.16131666,0.15548883,0.14814726,0.14134715,0.13759075,0.13915245,0.14705822,0.16057448,0.17772639,0.19619541,0.2138938,0.22917229,0.240861,0.24826907,0.25118327,0.24986885,0.24506256,0.23793872,0.23001681,0.22296707,0.21828605,0.2168957,0.21884257,0.2232924,0.22883424,0.23390912,0.23717086,0.23771116,0.23517121,0.22978076,0.2223449,0.21416725,0.20686781,0.2020471,0.20082052,0.20340773,0.20903958,0.21625058,0.22334458,0.22878341,0.23140691,0.23051494,0.2258679,0.21764441,0.20637624,0.1928708,0.17812847,0.16326082,0.14941488,0.13770194,0.12911877,0.12444172,0.124096066,0.12805636,0.13585144,0.14667444,0.15952381,0.17331761,0.18697679,0.19949578,0.2100114,0.21787025,0.22268791,0.22439167,0.22323777,0.21979374,0.21487522,0.20942882,0.20436305,0.20035508,0.19769342,0.19622695,0.19545104,0.19469266,0.19331509,0.19087578,0.18721014,0.18244378,0.17694798,0.17125471,0.16594905,0.16156147,0.15848684,0.15695308,0.15704226,0.15874015,0.16197643,0.16662896,0.1724945,0.1792518,0.18644774,0.19352302,0.19987376,0.20493193,0.20824601,0.2095464,0.20878674,0.20615543,0.20205532,0.19705142,0.19179049,0.18690304,0.1829077,0.1801445,0.17875876,0.17873771,0.17997625,0.18233597,0.18567057,0.18981375,0.1945475,0.19957735,0.20453574,0.20901977,0.21265437,0.21516371,0.2164322,0.21653925,0.21575579,0.21449597,0.21322557,0.21234229,0.21205968,0.21233426,0.21286501,0.213165,0.21267669,0.21089236,0.20745008,0.20219211,0.1951864,0.18671872,0.17726663,0.16746624,0.15808001,0.14996524,0.14402741,0.1411277,0.14192487,0.14669108,0.15520269,0.16677582,0.18040964,0.19494735,0.20920408,0.22206059,0.23253979,0.23987763,0.24359235,0.24354994,0.24002092,0.23371883,0.22580154,0.21779783,0.21140368,0.208112,0.20875059,0.21316327,0.22025847,0.22838867,0.23581007,0.24102567,0.24297448,0.24111442,0.23544955,0.22652899,0.21542262,0.20365284,0.19303022,0.18532173,0.18174757,0.18250702,0.18667436,0.19256751,0.19830547,0.20223568,0.20314626,0.20033179,0.19359332,0.18322128,0.16998388,0.15512854,0.14038031,0.12785648,0.11970158,0.11728397,0.12037739,0.12723461,0.1355173,0.14312235,0.14849141
6,0.16358273,0.16029112,0.15428708,0.14713645,0.14104283,0.13856326,0.1418077,0.15143208,0.1663511,0.18442461,0.20332241,0.22100599,0.23588587,0.24684949,0.25326258,0.25497305,0.25231755,0.24612026,0.23766425,0.22859992,0.22073817,0.21569063,0.21441689,0.21689366,0.22213776,0.22857995,0.2345513,0.23866566,0.24004048,0.23839541,0.23407567,0.22801602,0.22162528,0.21654499,0.21425398,0.21559788,0.22046722,0.22783285,0.23610345,0.2435692,0.24873789,0.25051764,0.24828428,0.24187994,0.23157372,0.21799995,0.20208324,0.18495658,0.1678775,0.1521434,0.13899867,0.12951554,0.12443986,0.12404332,0.12807888,0.13588522,0.14656004,0.15909457,0.17244613,0.18558468,0.19754514,0.2074936,0.21480016,0.21910685,0.2203792,0.21893044,0.21540612,0.2107149,0.20589286,0.20190273,0.19940624,0.19859113,0.19913965,0.2003607,0.20141906,0.2015629,0.20028324,0.19738944,0.19301228,0.18755387,0.18160057,0.17581479,0.17082438,0.16713287,0.16507271,0.16480851,0.16637343,0.16970551,0.17465718,0.18097645,0.18828177,0.19605784,0.20368738,0.21051519,0.21592917,0.21944082,0.2207512,0.21979345,0.21674679,0.21201956,0.20620099,0.19998437,0.19407016,0.18906559,0.18540578,0.18332061,0.1828557,0.1839305,0.18639922,0.19008414,0.19477355,0.2001986,0.2060152,0.21181133,0.21714622,0.22161295,0.22490792,0.22688957,0.22761092,0.2273154,0.22638968,0.22527617,0.22436002,0.22385924,0.22375447,0.22378449,0.22350942,0.22241688,0.22003639,0.21603256,0.2102631,0.20280014,0.1939219,0.18408631,0.17389952,0.16409016,0.15549289,0.14902571,0.1456231,0.14608335,0.15084767,0.15982378,0.17237222,0.1874487,0.20379539,0.22010039,0.23511147,0.24772294,0.25705147,0.26250827,0.2638662,0.26131794,0.25551677,0.24758257,0.23904163,0.23164883,0.22704874,0.22631712,0.22957961,0.2359541,0.243861,0.25149137,0.25720224,0.25975665,0.25843763,0.25308952,0.24412261,0.23249331,0.21964863,0.207394,0.19761522,0.19181366,0.19057824,0.19332102,0.19850686,0.20420372,0.20859224,0.21025847,0.20830329,0.20235741,0.1925647,0.17956556,0.16449368,0.14897971,0.13510606,0.12514538,0.12086036,0.12256252,0.12884374,0.13736708,0.14584196,0.1524932
7,0.16689688,0.16341558,0.15748106,0.15081587,0.14574169,0.14478438,0.1497926,0.161044,0.17718846,0.19600724,0.21519431,0.23276043,0.2471639,0.25733885,0.26270324,0.26316974,0.25915834,0.25160065,0.24191481,0.23190995,0.22355741,0.21858221,0.21795121,0.22152346,0.22812614,0.23601249,0.2434025,0.24887544,0.25157744,0.25130135,0.24848813,0.24416143,0.23976971,0.23689847,0.23685521,0.2402434,0.24673629,0.2551848,0.2639757,0.27143195,0.27611086,0.2769714,0.27344143,0.2654222,0.25325465,0.23766245,0.21967953,0.20056856,0.18173236,0.164614,0.15056993,0.1406979,0.13563716,0.13543655,0.13960299,0.14730747,0.15759298,0.16948141,0.18200085,0.19419847,0.20517725,0.21415982,0.220567,0.22409432,0.22477168,0.22299246,0.21949606,0.21528502,0.21146163,0.20899057,0.20844509,0.20984258,0.21265858,0.21601379,0.21893644,0.22059424,0.22044247,0.21828537,0.21426944,0.20882814,0.20259361,0.19628967,0.19062196,0.18618509,0.18340638,0.18253396,0.18365826,0.18674034,0.19162337,0.19802298,0.20551325,0.21353178,0.22141635,0.22847107,0.23404759,0.23762603,0.23888153,0.237728,0.23433381,0.22910677,0.22264813,0.2156784,0.20894186,0.20310533,0.1986732,0.19594315,0.19501378,0.19583288,0.19825563,0.20208275,0.20706709,0.21289988,0.21919973,0.22552396,0.23140855,0.23642965,0.24027085,0.24277954,0.24399726,0.24415389,0.24361993,0.2428208,0.24212739,0.2417515,0.24167901,0.24166524,0.2412939,0.24007751,0.23756646,0.23343919,0.2275587,0.2199928,0.21100563,0.20103146,0.19064581,0.18054597,0.17154653,0.16457537,0.16062874,0.16063109,0.16519423,0.17438173,0.18763267,0.20388272,0.22177912,0.2398774,0.25678456,0.27126244,0.28231212,0.28924975,0.29177573,0.29003346,0.28464937,0.2767386,0.2678462,0.2597779,0.2542782,0.25258288,0.25501394,0.2608562,0.268604,0.276415,0.28253645,0.28558818,0.2847089,0.27961475,0.27061084,0.25857216,0.24488968,0.23134935,0.21988437,0.21215335,0.20901857,0.21019629,0.21435241,0.21958666,0.22397642,0.22594148,0.22440852,0.21885352,0.20929344,0.19626804,0.18082982,0.16454141,0.1494387,0.13782515,0.13168287,0.13175234,0.13702898,0.14530692,0.15418087,0.16167039
8,0.17436546,0.17096233,0.16535042,0.15938152,0.15543625,0.15593854,0.1624666,0.17501424,0.19208755,0.21145172,0.23082848,0.24825555,0.26221326,0.27166152,0.2760574,0.2753732,0.27011517,0.26133284,0.25059554,0.23988841,0.23135278,0.22681895,0.22723493,0.23231268,0.24067381,0.25039262,0.25957927,0.2667724,0.27112925,0.2724852,0.27133292,0.26872972,0.26610905,0.26497266,0.26648864,0.27111858,0.27845034,0.28732303,0.2961572,0.30331922,0.30740103,0.30738762,0.30273247,0.2933713,0.27969536,0.26249897,0.24290912,0.22230233,0.20220841,0.18419021,0.16967969,0.15975945,0.15494071,0.1550692,0.1594548,0.16713907,0.17711611,0.18842152,0.20013522,0.21137393,0.22131443,0.22925244,0.23468183,0.23737547,0.23744917,0.23539107,0.23203626,0.2284643,0.22580485,0.22497094,0.2263998,0.22992021,0.23482,0.24007441,0.24462102,0.24758261,0.24840052,0.24688397,0.24319589,0.23779382,0.23134062,0.22459832,0.21832028,0.21315938,0.20960882,0.20798232,0.20842507,0.21093364,0.21536481,0.22142936,0.22868407,0.23654203,0.24431327,0.25127292,0.2567445,0.26018256,0.26124132,0.2598201,0.25608018,0.25043032,0.24348092,0.23596962,0.22866541,0.22226624,0.2173118,0.21413432,0.21286003,0.21345177,0.2157652,0.21958931,0.22465849,0.23064461,0.23715024,0.24372162,0.24988846,0.25522405,0.25941116,0.26229706,0.2639224,0.26451358,0.26443392,0.26409718,0.26385984,0.2639193,0.26425064,0.26460364,0.26456094,0.26363572,0.2613779,0.25746217,0.25174344,0.24427727,0.23531206,0.22526531,0.21469823,0.20430206,0.1949003,0.18745251,0.18301712,0.18261594,0.18698467,0.196305,0.21008293,0.22724426,0.24635877,0.26586637,0.28424838,0.30014974,0.3124736,0.32046238,0.32376918,0.32251686,0.31733635,0.30936837,0.30019948,0.29168907,0.28564978,0.28340662,0.2853876,0.29097176,0.2986968,0.30669552,0.31313646,0.31653532,0.31592765,0.31094363,0.3018259,0.28941035,0.275068,0.26058152,0.24790539,0.2387689,0.23417732,0.23403949,0.23718464,0.24177545,0.24584551,0.24770588,0.24615641,0.24055864,0.23084116,0.21748376,0.20150232,0.184436,0.16830042,0.15539485,0.14777887,0.14642543,0.15063787,0.15838875,0.1672476,0.17509063
9,0.18524392,0.18216011,0.17704143,0.17182215,0.1688881,0.17054303,0.17816252,0.19158448,0.2092694,0.2289965,0.2485014,0.2658208,0.27942902,0.2882887,0.29187852,0.2902187,0.28389576,0.2740763,0.26248398,0.25128362,0.2427857,0.23891725,0.24059513,0.24737963,0.2576932,0.26943898,0.28061488,0.28970218,0.29583946,0.29886493,0.2992779,0.29812762,0.2968101,0.29675996,0.29907215,0.30416694,0.31164452,0.320397,0.3289052,0.33557773,0.33902586,0.33823898,0.3326729,0.32227394,0.3074601,0.28907242,0.26830608,0.24662487,0.22565567,0.20704931,0.19228649,0.18242984,0.17789699,0.17839858,0.18311305,0.1909814,0.20093532,0.21198605,0.22322388,0.23380364,0.24296002,0.25005946,0.2546758,0.25666997,0.25625238,0.25400743,0.25085577,0.24793026,0.24635616,0.2469696,0.2500707,0.25532985,0.26189727,0.2686533,0.27448228,0.27848375,0.2800943,0.27912864,0.27576044,0.27046013,0.2639041,0.2568689,0.25012618,0.24435414,0.2400808,0.23766279,0.23729104,0.23900399,0.24269101,0.24808352,0.25474665,0.2620907,0.26941368,0.2759722,0.28106853,0.2841374,0.28481779,0.28300107,0.27884868,0.27277717,0.26541033,0.2575015,0.2498345,0.24311845,0.23789912,0.23450968,0.23307285,0.23354496,0.23577377,0.23954146,0.24457878,0.25055864,0.2570889,0.26372382,0.27000186,0.27550462,0.27992222,0.2831082,0.28510827,0.28615147,0.2865993,0.28685763,0.28726807,0.28800762,0.2890278,0.29005462,0.2906478,0.29029897,0.28853726,0.28501728,0.2795749,0.27224946,0.2632782,0.2530761,0.24221452,0.23141104,0.22153333,0.21360081,0.2087422,0.20805326,0.21234067,0.22184272,0.23608956,0.25398448,0.2740309,0.29457575,0.3140011,0.33086184,0.3439897,0.35257974,0.35626408,0.3551712,0.34996182,0.34182495,0.3324046,0.32361624,0.31731927,0.3148769,0.31675088,0.32234526,0.33019984,0.33841667,0.34510583,0.34871376,0.348213,0.3431889,0.33386216,0.3210678,0.30619025,0.29102972,0.2775572,0.2675247,0.26198682,0.2609359,0.2632898,0.26725873,0.2708628,0.27235427,0.27045852,0.2644711,0.2542771,0.24033917,0.22367899,0.20585322,0.18888919,0.1750791,0.16648054,0.16413604,0.16750427,0.17469354,0.18329574,0.19111255
10,0.19815569,0.19554354,0.19097133,0.18641101,0.18422502,0.18662156,0.19486547,0.20874725,0.22674572,0.24666628,0.26624358,0.2834903,0.29685205,0.30527362,0.30823728,0.305796,0.2986039,0.2879346,0.27565822,0.26411292,0.25577256,0.25265676,0.2556537,0.26418382,0.27648583,0.2902993,0.3035035,0.31450245,0.32238674,0.32696322,0.32870504,0.32863107,0.32809988,0.32851076,0.33094725,0.33586216,0.34293127,0.35113862,0.35904068,0.36508766,0.36789972,0.36645526,0.36019334,0.34904984,0.33344576,0.31424338,0.29267812,0.27027088,0.24871512,0.22972322,0.21481292,0.20504285,0.20078507,0.20167892,0.20682256,0.2150772,0.2253034,0.2364603,0.24761364,0.25792396,0.266659,0.27324027,0.27731323,0.27882206,0.2780664,0.27571723,0.27276504,0.27037698,0.26966035,0.27137834,0.27572247,0.282252,0.29002985,0.29788148,0.30466324,0.30946428,0.31172034,0.3112496,0.30822945,0.30313078,0.29662588,0.289483,0.28246465,0.27624518,0.27136016,0.2681888,0.26695856,0.2677531,0.27050838,0.27499634,0.28081104,0.28737688,0.29399133,0.2998996,0.3043872,0.30687267,0.30698487,0.3046143,0.2999318,0.29337177,0.28558046,0.27733216,0.2694237,0.262564,0.25728384,0.2538895,0.2524719,0.25295833,0.25517705,0.2589038,0.26387608,0.269784,0.2762582,0.28287634,0.28919715,0.2948176,0.29943913,0.3029238,0.30532402,0.3068734,0.30793402,0.3089053,0.3101135,0.31171075,0.31361595,0.31551757,0.31693625,0.31732506,0.31617722,0.31311586,0.30795208,0.3007098,0.29162386,0.28112328,0.26981315,0.25846535,0.24801953,0.23957594,0.23433891,0.23346026,0.23777534,0.24752451,0.2622162,0.28070956,0.30144492,0.32269615,0.34277362,0.36017156,0.37367898,0.38247025,0.38618073,0.38496602,0.379535,0.37113923,0.36148855,0.35255235,0.34621933,0.34385347,0.34589705,0.35172534,0.35984406,0.36831486,0.3752032,0.3789143,0.378392,0.373212,0.36360633,0.35043907,0.3351323,0.31951958,0.30558744,0.29508328,0.28905115,0.2874869,0.289328,0.29280072,0.2959201,0.29691333,0.29447478,0.28787848,0.27700716,0.26234394,0.24495071,0.2264324,0.20885132,0.19449602,0.1853794,0.182507,0.18536223,0.19211385,0.20038101,0.20793913
11,0.21152695,0.20943508,0.20536129,0.2012825,0.19952992,0.20225558,0.21069284,0.2246607,0.24269561,0.26263595,0.28220627,0.29938126,0.3125626,0.32066187,0.32314953,0.32009578,0.31220686,0.30084854,0.28802368,0.2762326,0.26810578,0.26575527,0.27004856,0.28028,0.29451722,0.3103404,0.32550398,0.3383196,0.34780923,0.35372624,0.35649908,0.3571081,0.35688353,0.35721928,0.35923296,0.36345914,0.36968917,0.37702417,0.38410774,0.38943318,0.39162427,0.389638,0.38288268,0.37126577,0.3551907,0.33551708,0.31349435,0.29067275,0.2687858,0.24958798,0.23462957,0.22498283,0.22101198,0.22232899,0.22798583,0.23678061,0.24750274,0.25904685,0.27043417,0.28080797,0.2894471,0.2958093,0.2995961,0.30082107,0.29985937,0.29745325,0.2946472,0.29263073,0.29249278,0.29494148,0.30009547,0.30744663,0.31601104,0.32458934,0.33202925,0.3374203,0.34020215,0.34019572,0.33757594,0.33280283,0.32652718,0.3194865,0.31240863,0.3059379,0.3005942,0.2967627,0.2947,0.29453784,0.29626992,0.29972434,0.30453914,0.3101644,0.31590348,0.3209924,0.3246998,0.3264284,0.32579964,0.32270905,0.3173464,0.31017622,0.30188012,0.2932643,0.28514403,0.27822503,0.27301028,0.26975873,0.26850605,0.2691305,0.27142882,0.27516806,0.28009892,0.2859402,0.29235828,0.29896504,0.30534637,0.31111774,0.3159917,0.3198369,0.3227105,0.32484946,0.32661602,0.3284036,0.33052254,0.33309737,0.33600873,0.3388989,0.34123877,0.3424321,0.3419271,0.33930966,0.3343649,0.3271056,0.31777412,0.3068285,0.294926,0.28291246,0.27181673,0.2628306,0.25723356,0.25621793,0.2606167,0.27063257,0.28571746,0.3046682,0.3258638,0.34752205,0.36790636,0.38547763,0.39900833,0.40767533,0.4111368,0.4095909,0.4038059,0.3951027,0.38525814,0.37628996,0.37010032,0.3680261,0.37045258,0.3766882,0.38517845,0.3939372,0.4009959,0.40474087,0.4041144,0.39870998,0.3887959,0.3752861,0.3596562,0.3437817,0.32966322,0.31902602,0.31286585,0.31112945,0.31272334,0.31586072,0.3185507,0.31901643,0.31595337,0.30864865,0.2970155,0.28158674,0.26348916,0.24439625,0.22641903,0.21184331,0.2026116,0.19962671,0.20230581,0.20880988,0.21677083,0.22396484
12,0.22391094,0.2222967,0.21860363,0.21479225,0.21316421,0.21585046,0.22410889,0.23783483,0.25564662,0.27542123,0.29487062,0.31192577,0.324937,0.33277372,0.334884,0.3313424,0.32289302,0.3109784,0.2977195,0.28576675,0.27790016,0.27632245,0.28188252,0.29375297,0.30983436,0.32754976,0.34452724,0.35898092,0.36985612,0.37684375,0.38032153,0.38123223,0.38088965,0.38070548,0.38186234,0.38500744,0.39007232,0.3962913,0.40240324,0.40694672,0.40854654,0.40613186,0.39907008,0.38722718,0.37097242,0.35114333,0.32898143,0.30604345,0.28408167,0.2648774,0.2500097,0.24057497,0.23695172,0.23874946,0.2449947,0.25443602,0.26579785,0.27790955,0.28974047,0.3004047,0.30917737,0.31553677,0.31922454,0.32030794,0.31922132,0.31676206,0.3140147,0.3121839,0.3123449,0.31517026,0.32073662,0.32850328,0.3374705,0.34643838,0.35426348,0.36004803,0.3632428,0.36367387,0.3615101,0.35719064,0.3513287,0.34461,0.33770373,0.33120072,0.3255852,0.32123476,0.31843016,0.31735444,0.31806862,0.320469,0.32424837,0.3288882,0.33369842,0.3379017,0.34074423,0.3416083,0.34010625,0.33614215,0.3299329,0.3219863,0.31303546,0.3039353,0.29553282,0.28853673,0.28341883,0.28037843,0.2793786,0.28023183,0.28269193,0.28651345,0.29146323,0.297296,0.3037215,0.31039163,0.31692153,0.3229436,0.3281771,0.3324921,0.33594558,0.3387744,0.3413398,0.34402886,0.3471363,0.35075855,0.35473552,0.35865918,0.3619451,0.36394238,0.36405027,0.361816,0.35700074,0.34961212,0.33990893,0.32838982,0.3157767,0.30300057,0.29118726,0.2816223,0.27565518,0.27450478,0.27897987,0.2892201,0.30459958,0.32384318,0.3452729,0.36706582,0.38746023,0.40490654,0.4181818,0.42648298,0.42950425,0.42749488,0.42128676,0.4122702,0.40228546,0.39339072,0.38748857,0.38586938,0.3888366,0.39560768,0.40455142,0.41363052,0.42085123,0.42459765,0.42383057,0.41818058,0.4079687,0.39417136,0.37832597,0.36235374,0.3482671,0.33775827,0.3317524,0.33011493,0.33168885,0.3346533,0.33700848,0.33698606,0.33330426,0.3252875,0.31290254,0.29675144,0.27804163,0.25852665,0.2403729,0.22586232,0.21685098,0.21409954,0.21690139,0.22336042,0.2311038,0.237922
13,0.23416086,0.23291007,0.22943665,0.22567126,0.22388965,0.22622602,0.23399717,0.24720174,0.26455313,0.28397152,0.30315784,0.3200001,0.3327972,0.3403742,0.3421521,0.33820242,0.3292969,0.31694293,0.30336732,0.29135996,0.28384137,0.28309488,0.2899377,0.3034082,0.3212349,0.34068668,0.35927248,0.37511617,0.38709164,0.39483154,0.39866728,0.39951178,0.39867502,0.3976042,0.39756662,0.3993401,0.4030095,0.40795,0.41299927,0.41674107,0.41779903,0.4150701,0.40787438,0.39602777,0.37985444,0.36015618,0.33815104,0.31538522,0.29361373,0.2746324,0.260043,0.2509678,0.24780625,0.25017467,0.257084,0.26724365,0.2793229,0.2920924,0.30447197,0.3155435,0.32457137,0.33104396,0.3347307,0.33573857,0.33454624,0.33199185,0.32918832,0.32735017,0.32754377,0.3304213,0.3360404,0.34385312,0.35286748,0.36190334,0.3698435,0.37581706,0.37929663,0.38011897,0.37844676,0.3746911,0.36941394,0.36323032,0.35672942,0.35042766,0.34475696,0.34007674,0.33668882,0.33483127,0.33464065,0.33609053,0.33893412,0.34268436,0.34665102,0.3500327,0.35204056,0.35202557,0.34958434,0.3446281,0.3374064,0.32848233,0.31865898,0.308862,0.29999277,0.29278067,0.28767496,0.2848133,0.28407636,0.28519815,0.28787923,0.29185623,0.29691133,0.30283698,0.30938837,0.3162567,0.3230826,0.32950854,0.33525237,0.34017745,0.34433398,0.347955,0.35139912,0.3550483,0.35918364,0.3638753,0.36892334,0.37386882,0.3780708,0.3808224,0.38147357,0.37953457,0.37474653,0.36711746,0.35693008,0.34473115,0.33131373,0.317698,0.30510718,0.29491675,0.2885383,0.28720596,0.29169092,0.30205676,0.317591,0.3369454,0.35839286,0.38008454,0.40025127,0.41735044,0.4301785,0.43796304,0.44043997,0.4379111,0.43126923,0.42196882,0.41190684,0.40317443,0.39766598,0.39661467,0.40022945,0.40762416,0.41708297,0.4265168,0.43391338,0.4376658,0.43676573,0.43089184,0.4204261,0.4064125,0.39045298,0.37451512,0.36062202,0.3504284,0.34477884,0.34344125,0.34517696,0.34811804,0.35025266,0.34982768,0.34559634,0.3369347,0.32387587,0.30710146,0.28790697,0.268131,0.2499982,0.23578638,0.22725756,0.22500992,0.22818014,0.23478368,0.24242878,0.24892601
14,0.24150403,0.24044992,0.23700999,0.23307723,0.23090439,0.23264319,0.23968673,0.25214788,0.26883844,0.28772303,0.30649465,0.32300356,0.33550286,0.34277815,0.3442256,0.33991316,0.3306367,0.3179627,0.30421683,0.29232004,0.2853196,0.28555438,0.293774,0.30885085,0.32832888,0.3493308,0.36926526,0.3861866,0.39891604,0.4070436,0.41086826,0.41128647,0.4096184,0.4073607,0.4058777,0.40608597,0.4082269,0.41181535,0.41578373,0.41875637,0.41935104,0.41642866,0.4092588,0.3976036,0.38173723,0.36241955,0.3408367,0.31851473,0.29720107,0.27869618,0.26461616,0.25610164,0.2535662,0.2566282,0.26428348,0.27520937,0.2880314,0.3014736,0.314415,0.32590973,0.33521086,0.34181234,0.34550348,0.34642076,0.34507585,0.34233618,0.33933383,0.33728892,0.33726123,0.33989224,0.34523502,0.3527508,0.3614724,0.37025625,0.3780282,0.3839601,0.38756016,0.3886856,0.3874969,0.38437408,0.37981805,0.374358,0.36848524,0.3626247,0.3571423,0.35237175,0.34863454,0.34622788,0.3453705,0.34611848,0.34828568,0.35140917,0.35478455,0.3575677,0.35891536,0.35812995,0.35477945,0.3487754,0.3404002,0.33028072,0.31930733,0.30850255,0.29885396,0.29114345,0.28582248,0.2829798,0.28241423,0.28377458,0.28669912,0.29089874,0.29616553,0.30232483,0.30917105,0.31642628,0.32374552,0.33076882,0.33720067,0.34288764,0.34786674,0.35236415,0.35673684,0.36136487,0.36652046,0.37225252,0.378325,0.38423067,0.38927367,0.39269266,0.39379042,0.39204332,0.3871766,0.37920368,0.36843583,0.35547152,0.341176,0.3266566,0.31322867,0.30234987,0.29548544,0.2938778,0.29825598,0.30860588,0.32413024,0.34341407,0.3646915,0.38610068,0.40587804,0.42249912,0.43478662,0.44200137,0.443919,0.44088757,0.43385217,0.4243218,0.41424203,0.40573195,0.40067622,0.4002506,0.40456855,0.41263813,0.42265725,0.43248585,0.44009653,0.44389623,0.4429117,0.43687218,0.42622072,0.41206747,0.39607695,0.38026267,0.36666036,0.35689038,0.3517183,0.35081163,0.352843,0.35589033,0.35792652,0.3572145,0.35254666,0.34335503,0.3297424,0.31247136,0.29292566,0.27302906,0.25506654,0.24131559,0.23344703,0.23189186,0.23561576,0.24252796,0.25020722,0.25648478
15,0.24556847,0.24450949,0.24090599,0.23661047,0.23385552,0.23481743,0.24097057,0.2525397,0.26842806,0.28664014,0.30486262,0.3209156,0.33301723,0.3399247,0.34101918,0.33637258,0.32680994,0.31395948,0.3002458,0.28871456,0.28251758,0.2840014,0.29378355,0.31051993,0.3315567,0.3538888,0.37485734,0.3924815,0.40556023,0.41366658,0.41708878,0.4167257,0.41392377,0.4102417,0.40714806,0.40569898,0.40628612,0.40855238,0.41151133,0.41381514,0.41406682,0.41108662,0.40409267,0.39279476,0.37741947,0.35868636,0.33775002,0.31611484,0.2955169,0.27775458,0.26444727,0.25673753,0.25503328,0.25893795,0.26742476,0.27914327,0.2926882,0.3067524,0.32018805,0.33203095,0.34152767,0.34817815,0.3517885,0.352519,0.35090706,0.34784168,0.34446773,0.34200698,0.34151277,0.34361932,0.34838128,0.35527718,0.36337438,0.37157866,0.3788739,0.38449174,0.38799268,0.38926876,0.38848752,0.38600102,0.38224503,0.3776531,0.3726057,0.36742344,0.36239657,0.35782823,0.3540598,0.35145137,0.35030797,0.35076848,0.3527004,0.3556495,0.3588747,0.36146367,0.36249363,0.36119637,0.3570936,0.35008442,0.3404773,0.32896364,0.3165324,0.30432743,0.29346016,0.28481147,0.27888024,0.27574012,0.27512538,0.27660203,0.27973938,0.2842123,0.2898103,0.29637772,0.30373156,0.3116059,0.3196503,0.32748407,0.33478332,0.341368,0.34725714,0.3526705,0.35796773,0.3635344,0.36964232,0.37632707,0.38332316,0.39008,0.39585027,0.399821,0.4012509,0.39958584,0.39453876,0.38613164,0.37470624,0.36091205,0.34568283,0.33020565,0.31587803,0.3042296,0.29677218,0.2947551,0.29887047,0.30903617,0.32438174,0.343437,0.36440837,0.38543066,0.40475297,0.42087182,0.43263498,0.43933034,0.44076306,0.43731424,0.4299669,0.42027184,0.41021535,0.40194413,0.39734036,0.3975344,0.4025557,0.411314,0.42192388,0.43219465,0.44008252,0.4440056,0.4430215,0.43690383,0.42614925,0.41192648,0.3959574,0.3803011,0.3670121,0.35768864,0.35303047,0.35261354,0.3550239,0.35828215,0.36034083,0.3594744,0.3545099,0.34493047,0.33090267,0.3132632,0.29347762,0.27355167,0.25583357,0.24261159,0.23548058,0.23471545,0.23911083,0.24646132,0.2543073,0.26049638
16,0.2463868,0.24510574,0.24114527,0.23632015,0.2328475,0.23293184,0.23812489,0.24874918,0.26378086,0.28125137,0.29883927,0.31434292,0.32596007,0.33243677,0.33315668,0.32821184,0.31847137,0.3056381,0.2922433,0.2814506,0.27647808,0.2796005,0.2912079,0.30967972,0.33216137,0.3555559,0.37718472,0.39507732,0.40804923,0.41568932,0.41830295,0.4168147,0.41261607,0.4073406,0.40256593,0.39948204,0.39861506,0.39971256,0.40184304,0.40366402,0.4037485,0.40087,0.39419663,0.38339287,0.36864752,0.35065034,0.3305342,0.309789,0.29014257,0.27338713,0.26113108,0.25449336,0.2538447,0.25874683,0.2681383,0.28064498,0.29484534,0.30941927,0.32320857,0.3352435,0.34477222,0.3513048,0.35466513,0.35503602,0.3529776,0.34939715,0.34544888,0.34235352,0.34115568,0.34248036,0.34638193,0.35235524,0.35950428,0.3667907,0.37326863,0.37824607,0.38135538,0.38254285,0.3819998,0.3800612,0.3771018,0.37345707,0.3693901,0.3651096,0.36082447,0.35680503,0.35341364,0.35107556,0.35018158,0.35094646,0.3532748,0.3566958,0.36040193,0.36338237,0.36460838,0.36321902,0.35867125,0.35083577,0.34003317,0.32700947,0.3128502,0.2988331,0.28622666,0.27606478,0.26895988,0.26503208,0.26399374,0.26534718,0.2685926,0.2733557,0.2794026,0.28657,0.29466757,0.30340996,0.31241262,0.32125095,0.32955727,0.33711746,0.34393248,0.3502211,0.35635543,0.3627383,0.3696537,0.3771349,0.3848958,0.39234862,0.3986988,0.403085,0.40472445,0.4030351,0.39771968,0.38880974,0.37667608,0.3620149,0.34581992,0.32934597,0.31405875,0.30154768,0.29336575,0.29077476,0.2944457,0.30424982,0.31926388,0.3379781,0.35858122,0.37920892,0.39812216,0.41383284,0.42520317,0.4315336,0.43264082,0.42891964,0.42137197,0.41157565,0.40155092,0.39347732,0.3892523,0.38998613,0.39564875,0.40506807,0.41628185,0.42704695,0.43529597,0.4394476,0.43857738,0.432489,0.42171815,0.40747926,0.3915433,0.37601516,0.36297947,0.3540335,0.3498363,0.34989238,0.35271055,0.3562534,0.35844544,0.3575617,0.35245144,0.34263536,0.32832915,0.31042922,0.2904703,0.27053368,0.25303572,0.24029516,0.2338611,0.23387969,0.23898706,0.24686064,0.25499278,0.2612375
17,0.24438334,0.24267034,0.23818137,0.23270306,0.22844626,0.22764707,0.23192458,0.2416735,0.25591138,0.27267364,0.28962448,0.3045488,0.31564197,0.32166153,0.3220181,0.3168493,0.3070933,0.2945503,0.28187114,0.2723229,0.26912338,0.2743566,0.28806916,0.3083157,0.3320655,0.35618746,0.37804285,0.3957219,0.4080987,0.41481328,0.41621888,0.4132925,0.4074923,0.40054086,0.39412794,0.38956648,0.38749108,0.38771677,0.389327,0.39095068,0.39110976,0.38852358,0.38231504,0.3721161,0.35809502,0.34093118,0.32175398,0.3020542,0.28355947,0.26805258,0.25711146,0.25179705,0.25240344,0.2584214,0.26874492,0.28198364,0.29671648,0.31162894,0.3255689,0.33757377,0.34690234,0.35308075,0.35595432,0.35573065,0.35299417,0.3486713,0.3439257,0.3399761,0.3378547,0.33817056,0.3409679,0.34574762,0.35164303,0.35767028,0.36296043,0.3669126,0.36925226,0.37000537,0.36941248,0.36781338,0.36553696,0.36282825,0.3598347,0.3566515,0.35340452,0.35033065,0.3478133,0.34634063,0.3463809,0.34820613,0.35172933,0.3564281,0.36139357,0.36548817,0.3675564,0.36663017,0.36208954,0.35376367,0.34196874,0.32748568,0.31147736,0.29534492,0.28052416,0.2682439,0.25930318,0.253956,0.2519693,0.25282887,0.25598013,0.26098782,0.2675648,0.2754996,0.28454933,0.2943664,0.30449682,0.31444836,0.32379782,0.33229566,0.3399311,0.3469338,0.35370302,0.36067513,0.36816165,0.3762069,0.38451427,0.3924652,0.3992219,0.40387672,0.4056069,0.40380332,0.39815852,0.38871208,0.3758596,0.3603358,0.34318212,0.32570487,0.30941993,0.29596207,0.28692085,0.28358158,0.28662062,0.29589576,0.31046015,0.32878324,0.3490432,0.3693744,0.38804,0.4035522,0.41476867,0.42098024,0.4219916,0.4181872,0.41056633,0.40071803,0.39069113,0.38270828,0.37870917,0.37982225,0.38599524,0.39599955,0.40780532,0.41911227,0.42781597,0.43231753,0.43168977,0.4257453,0.4150384,0.40081212,0.3848758,0.36938035,0.35645545,0.3477265,0.34384766,0.3442825,0.3474789,0.35134184,0.3537575,0.35298467,0.34787497,0.33796555,0.32349965,0.305412,0.28528836,0.2652751,0.24786215,0.23542632,0.22951673,0.23019579,0.2359661,0.24438931,0.25289735,0.25933427
18,0.24033767,0.23801899,0.23287615,0.22668524,0.2216666,0.22009364,0.2236379,0.23272876,0.24637984,0.26259813,0.27902317,0.2934354,0.3040484,0.30965838,0.30973342,0.30448928,0.29496628,0.28309023,0.2716404,0.26394933,0.26312596,0.2709129,0.28690997,0.30884567,0.33357784,0.35801578,0.3796206,0.39658916,0.40789065,0.4132489,0.413095,0.40848625,0.4009709,0.39237592,0.3845051,0.37877735,0.37589863,0.37569994,0.37722602,0.37903452,0.37957177,0.37749746,0.3718981,0.36239168,0.34914976,0.33286655,0.31469205,0.2961367,0.27893704,0.26485938,0.25542575,0.25160047,0.25356492,0.26071984,0.27191564,0.28575882,0.30084503,0.31588036,0.32973054,0.34144878,0.35031134,0.35586563,0.3579832,0.35690126,0.3532337,0.34793112,0.34217113,0.3371714,0.3339481,0.3330837,0.33459565,0.3379713,0.34235525,0.34680665,0.3505313,0.3530289,0.35413873,0.3539967,0.35292843,0.35131443,0.34946817,0.34756577,0.34565112,0.34371144,0.34179083,0.34009165,0.33901358,0.33909607,0.34086245,0.34460747,0.35020968,0.35705322,0.36409608,0.37005618,0.37364605,0.37379152,0.36979735,0.36144787,0.3490436,0.33337903,0.31566414,0.29738906,0.28013128,0.26531637,0.25397512,0.24658181,0.24305901,0.24295732,0.2457086,0.25081566,0.25790617,0.26667035,0.27675855,0.28771347,0.2989784,0.30997616,0.3202249,0.32944643,0.33763126,0.34503603,0.35210487,0.35932544,0.36705333,0.3753577,0.38394114,0.39216036,0.3991368,0.40391725,0.40563837,0.40366286,0.39767098,0.38770628,0.37418255,0.35786256,0.33982033,0.32139435,0.30412963,0.28968808,0.27968934,0.2754551,0.2776999,0.28631127,0.30035648,0.3183059,0.33833152,0.3585573,0.37723076,0.3928415,0.40421706,0.4106123,0.4117937,0.408111,0.4005395,0.3906641,0.38055813,0.37249947,0.36850193,0.36975875,0.37624294,0.3867024,0.39905143,0.41092628,0.4201672,0.42513373,0.4248703,0.41917297,0.40859127,0.39437717,0.37836593,0.3627534,0.34972963,0.34098107,0.33719993,0.33784756,0.34133312,0.34550688,0.34820393,0.34764597,0.34266222,0.33278003,0.31824386,0.30000097,0.279665,0.25943184,0.24186705,0.22943595,0.22374585,0.22483851,0.23112158,0.24004675,0.24897027,0.2557034
19,0.2353096,0.232282,0.22643624,0.21956362,0.21391717,0.21181591,0.21496323,0.22377309,0.23719804,0.25317878,0.26932,0.28340858,0.29369918,0.29905552,0.29903597,0.29396915,0.28503093,0.2742939,0.264652,0.25942338,0.2614607,0.27202642,0.29024163,0.31358016,0.33888456,0.36317578,0.38405883,0.39986604,0.4096861,0.41335034,0.41139337,0.4049784,0.39576703,0.3857051,0.37670892,0.37027884,0.36714342,0.36708614,0.36905178,0.37148273,0.37272936,0.37139162,0.36653414,0.35778308,0.3453391,0.32993683,0.31276968,0.29538307,0.27952537,0.26693353,0.25904676,0.25670412,0.25995925,0.26812714,0.28002974,0.2942856,0.30951732,0.32445666,0.33798933,0.3491858,0.35734108,0.3620265,0.36314413,0.3609667,0.3561455,0.3496644,0.34272283,0.3365422,0.33212,0.3300003,0.3301528,0.332024,0.33474156,0.3373838,0.33921668,0.3398386,0.339217,0.33762833,0.33552784,0.33338854,0.33155847,0.33018523,0.3292359,0.32860327,0.32825276,0.32834652,0.32928488,0.33163047,0.33591923,0.34241602,0.35091272,0.3606612,0.3704692,0.37891346,0.38459048,0.38633978,0.38340747,0.37554222,0.36302817,0.34666067,0.3276701,0.3075947,0.28810322,0.27077273,0.25685024,0.2470644,0.24157278,0.24008301,0.24208017,0.24702837,0.25445262,0.26390463,0.27488312,0.28678614,0.29893532,0.3106651,0.32144204,0.33097246,0.33926353,0.34661496,0.35353175,0.36056843,0.36813906,0.37634984,0.3849111,0.39315927,0.4001764,0.4049624,0.40661117,0.4044541,0.39815524,0.3877567,0.3736825,0.35671207,0.33793667,0.31870735,0.30057573,0.28520992,0.27424788,0.26905465,0.2704137,0.27828798,0.2918017,0.30945113,0.32940552,0.3497652,0.36873937,0.38476822,0.39662206,0.40349427,0.40509018,0.40170473,0.39427283,0.38436362,0.37407106,0.36573792,0.3614804,0.36260164,0.36914966,0.37988627,0.3926851,0.40511283,0.41493526,0.4204449,0.42063138,0.41524896,0.40482008,0.39058703,0.37439805,0.3584907,0.34512693,0.33608344,0.33213302,0.332777,0.33641264,0.34084097,0.34383455,0.34355602,0.33878627,0.32901603,0.31446397,0.29606345,0.27543038,0.25478962,0.23677573,0.22396581,0.21808586,0.2192336,0.22577575,0.23506759,0.24437407,0.2514469
20,0.23050609,0.22677155,0.22028036,0.21287115,0.20685776,0.20461251,0.2078414,0.21688217,0.23056549,0.24673256,0.26294953,0.27702367,0.2872726,0.29265293,0.29284036,0.28830284,0.28036997,0.27125534,0.26391205,0.26152426,0.26655123,0.2797255,0.2997683,0.3240265,0.34941918,0.3731214,0.3928965,0.40721813,0.41530153,0.41709802,0.41326246,0.40508416,0.394356,0.38315198,0.37349185,0.3669233,0.36414018,0.36481243,0.3677296,0.37118733,0.37343228,0.37301385,0.36899233,0.36102283,0.34935543,0.33478335,0.3185559,0.3022584,0.28764552,0.27641028,0.26989463,0.26881126,0.27310425,0.28203052,0.29440588,0.3088698,0.32406965,0.3387548,0.35182202,0.36235154,0.36965245,0.37331873,0.37328506,0.36986598,0.36375943,0.35599408,0.34780303,0.3404196,0.3348237,0.33151138,0.33038387,0.33081722,0.33188757,0.33265755,0.33242342,0.33086324,0.32807028,0.32448134,0.3207251,0.31743005,0.31504953,0.31376654,0.31351772,0.31412607,0.31548235,0.31769374,0.32112896,0.32632416,0.33376583,0.34362584,0.35556212,0.36867458,0.3816292,0.3928888,0.40096793,0.40465164,0.40315223,0.39619917,0.38406762,0.36755177,0.3478888,0.32663676,0.30550903,0.28617162,0.27002302,0.25800517,0.25051492,0.24746269,0.24844551,0.2529304,0.2603542,0.27012482,0.28157964,0.29396808,0.30649504,0.318418,0.32916635,0.33844504,0.34629047,0.35305646,0.35931936,0.3657108,0.37271363,0.3804801,0.38873506,0.396798,0.4037116,0.40842676,0.40999112,0.4077004,0.40119734,0.39051652,0.37608424,0.35868666,0.33941907,0.31962895,0.30085564,0.28475296,0.27296034,0.26688135,0.26738387,0.27454078,0.28757212,0.30502588,0.32507426,0.34578264,0.36530113,0.38199726,0.39456227,0.40210998,0.40427077,0.40127492,0.39400992,0.3840244,0.37343082,0.36464027,0.35988608,0.3606111,0.36697745,0.37779495,0.39091343,0.40382826,0.41421583,0.42028105,0.4209373,0.41587785,0.40558156,0.39126763,0.37478742,0.35841525,0.3444891,0.334894,0.3305153,0.33093083,0.33455303,0.3391429,0.34240282,0.3424187,0.33790132,0.32828224,0.31373253,0.29514986,0.2741299,0.252903,0.23415549,0.22058071,0.21406811,0.21484794,0.22131297,0.23074847,0.24031869,0.2476902
21,0.22708015,0.22276728,0.21581015,0.20812769,0.20212062,0.20021452,0.20407864,0.21391246,0.22837737,0.24520004,0.26191536,0.27636546,0.2869453,0.29271725,0.29348433,0.28985727,0.2833064,0.27614066,0.271282,0.27167046,0.27932355,0.29452482,0.31575412,0.34035748,0.36538324,0.38816342,0.40660465,0.41930676,0.4256029,0.4255633,0.41996905,0.41024446,0.39832118,0.38639897,0.37658083,0.3704202,0.36852112,0.37038898,0.37462738,0.37937823,0.38279366,0.38338798,0.38023216,0.37302235,0.36206624,0.34821936,0.33278602,0.3173851,0.3037683,0.29357964,0.2880734,0.2878665,0.29283643,0.30221927,0.3148423,0.32936445,0.34444374,0.3588291,0.37141106,0.38126534,0.38770545,0.39034292,0.38914493,0.38447225,0.37707847,0.36804953,0.35866576,0.35018423,0.34357318,0.33927745,0.33711585,0.33636957,0.33603042,0.33510664,0.33288398,0.3290825,0.32389444,0.31791106,0.31195793,0.3068749,0.3033005,0.30153814,0.30156335,0.30316934,0.3061793,0.31062245,0.31678766,0.3251194,0.33598605,0.34941298,0.36490074,0.38140696,0.39748892,0.41153756,0.4220252,0.4277145,0.42780697,0.42202803,0.41065252,0.39447623,0.37473935,0.35300615,0.33100614,0.3104447,0.2928011,0.2791509,0.27006584,0.2656314,0.2655667,0.26937374,0.27643794,0.28605786,0.29744092,0.30971736,0.32200193,0.33349746,0.3436129,0.35206354,0.35892275,0.3646037,0.3697582,0.37509978,0.3811857,0.38822025,0.3959475,0.40367258,0.41039857,0.41502506,0.4165492,0.41422635,0.4076723,0.39690772,0.3823544,0.36479726,0.34532723,0.32527885,0.30616796,0.289621,0.27726266,0.2705197,0.2703375,0.2769074,0.2895658,0.3069323,0.3271908,0.34836856,0.3685461,0.38600615,0.3993513,0.4076103,0.4103379,0.4077028,0.4005502,0.39041266,0.37942237,0.37005615,0.36466157,0.36482498,0.37083697,0.3815748,0.394879,0.40817732,0.41905117,0.42560777,0.4266738,0.42187288,0.41163403,0.397149,0.38026845,0.3632997,0.34865406,0.33832768,0.3333312,0.33333993,0.33680177,0.34144825,0.34491038,0.34518808,0.34090927,0.3314334,0.31687197,0.2980752,0.2766044,0.2546767,0.23500548,0.22038144,0.212868,0.21288115,0.21890745,0.22820315,0.23783669,0.24537332
22,0.22588713,0.22124036,0.21409874,0.20648666,0.20090592,0.19982192,0.20482461,0.21593192,0.23162133,0.24951528,0.267132,0.2823559,0.293658,0.3001984,0.30189246,0.29946685,0.29448676,0.28928578,0.28667375,0.2893079,0.29883245,0.31524643,0.33694875,0.3613663,0.38568598,0.40737128,0.42443922,0.43558723,0.44024563,0.43859026,0.43152067,0.42059085,0.40786293,0.39564574,0.38609612,0.38073426,0.38003838,0.3833307,0.389033,0.3951516,0.3997645,0.40136513,0.39904153,0.39253026,0.38219061,0.36893085,0.35409826,0.3393339,0.32638103,0.31684366,0.31191814,0.3121725,0.31746578,0.32704556,0.33976033,0.35427967,0.36925408,0.38341066,0.3956135,0.4049172,0.41062713,0.41236436,0.41012543,0.4043191,0.3957612,0.38560548,0.37519285,0.36581752,0.3584467,0.35347894,0.35064736,0.3491257,0.34779903,0.34558946,0.34173205,0.33594322,0.32846826,0.3200161,0.31159505,0.30427754,0.2989468,0.29611152,0.29586983,0.29804215,0.30240178,0.30887893,0.31763342,0.32895762,0.34305027,0.35976532,0.37845358,0.3979631,0.4167855,0.43328106,0.44591275,0.45344424,0.45508194,0.45055684,0.44014886,0.4246575,0.40532443,0.38371322,0.36155304,0.34055617,0.3222283,0.3077036,0.29764643,0.29225025,0.29132366,0.29440895,0.30087408,0.30995694,0.32078633,0.33241954,0.34391788,0.35445553,0.36343792,0.37060001,0.37605655,0.3802813,0.3840018,0.3880141,0.3929519,0.3990746,0.40614882,0.41346726,0.4199931,0.42457232,0.42614776,0.42392913,0.41749954,0.4068597,0.39242077,0.37496117,0.35556367,0.33554775,0.31640524,0.2997328,0.28713265,0.2800374,0.2794461,0.28564852,0.29809013,0.3154665,0.33598116,0.35762927,0.37842527,0.39657038,0.4105839,0.41941828,0.4225647,0.42014498,0.4129776,0.40259206,0.39114612,0.38117695,0.3751292,0.37471056,0.38032424,0.39091143,0.40430838,0.4178822,0.42912453,0.4360481,0.43739587,0.4327258,0.4224224,0.40765575,0.39027974,0.3726346,0.35719895,0.3460702,0.34037644,0.3398903,0.34310183,0.3477208,0.3513113,0.35178784,0.34769425,0.338317,0.32370812,0.30467066,0.28273007,0.26008108,0.23944212,0.22366622,0.2149622,0.21394038,0.2192275,0.22809851,0.23754904,0.24504395
23,0.22727633,0.22260325,0.21559684,0.20839658,0.20360224,0.20369649,0.21016183,0.22282958,0.2400165,0.25926805,0.27809688,0.29442257,0.3067727,0.3143764,0.31722394,0.31610987,0.31263477,0.3090953,0.30815598,0.3122334,0.3227321,0.33953348,0.36107165,0.3848922,0.40830535,0.4288705,0.44467667,0.4544848,0.45779368,0.45486093,0.44668373,0.4349253,0.4217554,0.40956473,0.40053448,0.3961283,0.3966934,0.40138665,0.40848008,0.41587663,0.42160106,0.42413345,0.4225752,0.41669172,0.40687835,0.39407825,0.3796652,0.36529088,0.35269013,0.34344363,0.33872497,0.33909786,0.34444287,0.35404247,0.36677152,0.38130188,0.3962608,0.4103355,0.4223459,0.4313097,0.43651095,0.43757075,0.43450904,0.42778084,0.41826674,0.407195,0.39597738,0.38595796,0.3781159,0.37281442,0.36970747,0.3678612,0.36604524,0.36307743,0.35811412,0.35082984,0.341476,0.33082741,0.32002875,0.3103593,0.3029576,0.29858708,0.29753953,0.29972646,0.30490458,0.31290272,0.3237246,0.3374782,0.35417458,0.37350303,0.394693,0.41652194,0.4374536,0.4558476,0.4701789,0.47922617,0.48220932,0.47887,0.46949556,0.4548895,0.43629274,0.4152621,0.39351347,0.37274212,0.35444024,0.33974302,0.32933792,0.3234606,0.321965,0.3244228,0.33020508,0.33853,0.3484961,0.35913217,0.3694812,0.37871316,0.38624457,0.39183736,0.39564973,0.39821512,0.4003347,0.4028852,0.4065764,0.41172397,0.41811875,0.42504224,0.43141755,0.43603477,0.43777865,0.4358083,0.42966837,0.41933376,0.40519994,0.38803574,0.36891574,0.34914833,0.3302087,0.3136719,0.30111971,0.29397923,0.29327494,0.29935804,0.31175238,0.3292154,0.34997174,0.3719948,0.3932475,0.411866,0.4263043,0.43545824,0.4387767,0.43635672,0.4290113,0.41828436,0.40636846,0.39585584,0.3892643,0.3883846,0.39369306,0.40416846,0.41763535,0.43140632,0.44289565,0.45003635,0.45150268,0.446802,0.436289,0.4211255,0.40317917,0.38482705,0.3686095,0.3567089,0.35034877,0.34938052,0.35232788,0.35688025,0.36054152,0.36114943,0.35717297,0.34783542,0.3331399,0.3138533,0.2914742,0.26817748,0.24667375,0.22984147,0.2199808,0.2178582,0.22224736,0.23047946,0.23951267,0.24673142
24,0.23101866,0.2266111,0.22001293,0.21347205,0.2096709,0.21109173,0.21911089,0.23340634,0.25217903,0.272924,0.29314813,0.31078577,0.3243886,0.3332146,0.3372825,0.33740336,0.33516264,0.33278742,0.33281013,0.3374889,0.34812328,0.36460483,0.38547474,0.40841058,0.43082505,0.45033947,0.46507853,0.47383186,0.47613412,0.47229356,0.4633745,0.45111844,0.43777168,0.42577764,0.417322,0.4138109,0.41548392,0.42137426,0.42964867,0.4381394,0.44483367,0.44819868,0.44733888,0.44203216,0.43269014,0.42027113,0.40615836,0.39200398,0.37953556,0.3703264,0.36555573,0.36581656,0.37103906,0.3805573,0.39327735,0.40786955,0.42292902,0.43709144,0.44911993,0.4579827,0.46293098,0.4635758,0.45995274,0.45255783,0.44233453,0.4305876,0.41880533,0.4083912,0.40034857,0.3950187,0.3919881,0.3902233,0.38838044,0.38516787,0.37964985,0.37143633,0.36075124,0.34839013,0.33557978,0.3237524,0.31426492,0.30813143,0.305868,0.30752537,0.31288567,0.32169923,0.33382064,0.34917808,0.36760938,0.38866612,0.4114911,0.43482435,0.45712826,0.47678035,0.49227977,0.502428,0.5064635,0.504142,0.4957599,0.48212472,0.4644741,0.44435185,0.42344826,0.40342054,0.38571522,0.3714239,0.3612046,0.355284,0.3535246,0.35551435,0.36063933,0.36812788,0.3770855,0.38654798,0.39556822,0.403331,0.40927464,0.41319206,0.4152843,0.4161414,0.4166339,0.41771603,0.42017168,0.42437276,0.4301355,0.43673086,0.44304147,0.44779977,0.44982898,0.44823298,0.4425128,0.43261254,0.4189082,0.40215784,0.38343054,0.36403108,0.34542987,0.32919347,0.31689158,0.3099406,0.30936632,0.3155419,0.32802954,0.34562287,0.36656174,0.38880765,0.41029125,0.42910716,0.44366908,0.45284173,0.45605665,0.45341015,0.44573146,0.43459666,0.4222422,0.41131034,0.4043678,0.4032452,0.40844157,0.41893387,0.43251684,0.44645137,0.45809022,0.46530792,0.46673244,0.46184206,0.45098135,0.4353209,0.41675526,0.39770457,0.3807671,0.36819357,0.36127594,0.35991615,0.36265254,0.3671489,0.37085518,0.37154523,0.36762914,0.35828385,0.3434807,0.32396722,0.30123043,0.2774353,0.25528145,0.23764388,0.22685486,0.22377022,0.22727786,0.23477875,0.2432288,0.24996443
25,0.23641373,0.23247696,0.22644848,0.2206684,0.21788579,0.22058047,0.2300509,0.24587315,0.26617625,0.28842026,0.31009543,0.32912442,0.34404817,0.3541139,0.3593262,0.36047122,0.35908738,0.357325,0.35762018,0.3621558,0.3722322,0.38783756,0.4076629,0.42952147,0.45090982,0.46948284,0.48336947,0.49135542,0.49297804,0.48856255,0.4792059,0.4666936,0.45331675,0.4415483,0.43357202,0.43075386,0.43326515,0.44006455,0.4492563,0.45862854,0.46614057,0.4702433,0.47003254,0.46528202,0.45640102,0.4443446,0.4304897,0.41647932,0.404033,0.39472637,0.38976225,0.38978374,0.3947887,0.40417516,0.4168867,0.43159413,0.44685873,0.46126023,0.4734984,0.4824839,0.48742622,0.4879171,0.48399884,0.47620106,0.46552438,0.45334712,0.4412352,0.43065643,0.42264754,0.4175395,0.41486427,0.41349977,0.41199657,0.40895668,0.40334997,0.3947129,0.3832241,0.36967042,0.35531738,0.34169486,0.33032075,0.32241687,0.31871057,0.31940925,0.32435527,0.33325735,0.34585434,0.36192688,0.3811738,0.40304437,0.42662677,0.45064875,0.47358847,0.49385235,0.5099708,0.5207733,0.52552146,0.52398854,0.5164834,0.5038189,0.48722827,0.4682367,0.4484975,0.42961043,0.41294792,0.39952177,0.38992006,0.38432288,0.38257486,0.38427114,0.3888219,0.395488,0.40341005,0.41165754,0.41931406,0.4255921,0.42995724,0.43223315,0.43265942,0.43187633,0.4308178,0.43051073,0.43181083,0.4351463,0.44036,0.4467138,0.45305023,0.45804274,0.4604507,0.45931917,0.45410165,0.44470772,0.43149194,0.4152021,0.3969061,0.37791374,0.35970265,0.34384406,0.33190447,0.3252875,0.3250014,0.33140802,0.34407085,0.3617927,0.38281992,0.40511036,0.42658177,0.44531205,0.45970133,0.46860883,0.47147286,0.46841034,0.46028516,0.44871897,0.4359988,0.4248116,0.41775057,0.41664612,0.42197084,0.4326575,0.44644928,0.4605554,0.47228295,0.479471,0.48072568,0.47551894,0.4642051,0.44797975,0.4287759,0.40906295,0.39149457,0.37837622,0.37104392,0.36942148,0.37203956,0.3765275,0.38028595,0.38103887,0.37715563,0.36778623,0.35288924,0.3332109,0.31024268,0.28615212,0.26363003,0.24552917,0.2341631,0.2304048,0.23320046,0.24000984,0.24781102,0.25392747
26,0.24252005,0.23913644,0.2337066,0.22864622,0.2267619,0.23054346,0.24125056,0.25840503,0.2800936,0.30374467,0.32681668,0.34719586,0.3633834,0.37458465,0.38075894,0.38264036,0.3817051,0.380034,0.38000578,0.38379478,0.39277622,0.4070902,0.42560226,0.44626072,0.46663028,0.48437643,0.49760583,0.50507176,0.5062841,0.5015535,0.4919768,0.47935244,0.4659902,0.45437852,0.44670406,0.44431925,0.4473694,0.45478278,0.46463493,0.47468844,0.48288,0.48764005,0.48804578,0.48385358,0.47545537,0.46378797,0.45020872,0.4363421,0.42389598,0.4144511,0.40924174,0.4089713,0.4137157,0.4229456,0.4356503,0.4505075,0.46604916,0.4808012,0.49339932,0.50269324,0.507845,0.50841945,0.50445724,0.4965123,0.48563406,0.4732678,0.46105328,0.45052293,0.44275126,0.43806744,0.43595925,0.43522733,0.4343269,0.43176168,0.426412,0.4177408,0.40587497,0.39157686,0.3761221,0.36109507,0.3481197,0.33857077,0.3333484,0.33280694,0.33686703,0.3452315,0.3575662,0.37354782,0.39277744,0.4146377,0.43818927,0.46216577,0.485072,0.5053497,0.52156514,0.5325802,0.53768444,0.53667426,0.5298761,0.51811224,0.5026132,0.48488244,0.46652696,0.44907182,0.4337905,0.42158446,0.41293976,0.407962,0.40645993,0.4080315,0.41211957,0.41803586,0.4249777,0.4320681,0.4384353,0.44332647,0.44623452,0.44700855,0.44591814,0.4436442,0.44117528,0.43960503,0.43985903,0.44242308,0.4471697,0.45335507,0.45978367,0.46507075,0.4679107,0.46728805,0.4626064,0.45373923,0.44101906,0.42518514,0.40730882,0.38871247,0.37089065,0.35542876,0.343896,0.33768052,0.33775908,0.34445724,0.35731164,0.3751136,0.39610922,0.4182607,0.4394907,0.45788363,0.4718496,0.48026493,0.48259392,0.47899014,0.47036406,0.45839095,0.4454105,0.4341481,0.42720494,0.4263783,0.4320732,0.44314176,0.45725554,0.47157204,0.4833668,0.4904645,0.49147174,0.4858739,0.47405082,0.4572348,0.437405,0.41708332,0.3989771,0.38543746,0.3778274,0.37607047,0.37867054,0.38321382,0.3870554,0.38788193,0.38403913,0.37466818,0.35973197,0.3399908,0.3169542,0.29280272,0.27022246,0.25203264,0.24049069,0.23642415,0.23877752,0.2450432,0.25223246,0.25768524
27,0.24840325,0.24553175,0.24061362,0.23612832,0.23493859,0.23956226,0.25125426,0.26951337,0.2923967,0.31729588,0.34162307,0.36321032,0.38050008,0.39263648,0.39951575,0.4018067,0.40092003,0.39888072,0.3980436,0.40062317,0.40811762,0.42085183,0.43787757,0.45727304,0.476656,0.49368265,0.50641537,0.5135517,0.5145498,0.5096798,0.50001323,0.48733747,0.4739639,0.46239132,0.45482093,0.45261934,0.45594153,0.4637179,0.4740171,0.48458675,0.49334288,0.4986923,0.4996873,0.49605858,0.48817113,0.4769332,0.46367285,0.44998777,0.43756875,0.42799914,0.42254508,0.4219725,0.42643908,0.43549448,0.44818175,0.4631949,0.47904575,0.4942134,0.5072738,0.51701665,0.5225542,0.5234193,0.51964283,0.5117937,0.5009599,0.48864418,0.47655246,0.4662773,0.45893064,0.45484337,0.4534665,0.4535332,0.45341447,0.4515267,0.44666955,0.4382382,0.42630816,0.41161004,0.39541224,0.37932312,0.3650293,0.35400823,0.34728888,0.34534895,0.3481909,0.355538,0.36702263,0.38226047,0.40079412,0.42197064,0.44484428,0.46816662,0.490475,0.51024926,0.52609396,0.536907,0.5420113,0.54123336,0.534925,0.52392554,0.5094678,0.49303466,0.47618103,0.46034425,0.44667816,0.4359487,0.42851445,0.42438596,0.42332447,0.4249295,0.42868546,0.43396968,0.44005284,0.4461251,0.45136723,0.45506212,0.45672455,0.45621878,0.45383132,0.4502705,0.44656837,0.4438786,0.44319516,0.445065,0.4493969,0.45544788,0.46198973,0.4675825,0.4708571,0.4707378,0.46657798,0.45821488,0.44595978,0.4305455,0.41305056,0.39481494,0.37735578,0.36227736,0.35115296,0.34535164,0.34580782,0.3527944,0.36580366,0.38360348,0.40443796,0.4262822,0.44708005,0.46494132,0.47830525,0.48608136,0.4877727,0.483578,0.47445914,0.46214637,0.44903013,0.4378679,0.431255,0.4309329,0.43720976,0.4488307,0.4633815,0.47796866,0.48984808,0.49684727,0.49758983,0.49158823,0.47925723,0.4618706,0.44145522,0.42058516,0.40201947,0.3881515,0.38036364,0.37856787,0.38122994,0.38588738,0.38985294,0.39078593,0.3870221,0.37770763,0.36282223,0.34315073,0.32022962,0.29625958,0.27392575,0.2560085,0.24468473,0.2406903,0.24291615,0.24885702,0.2555579,0.26039553
28,0.25332502,0.2508234,0.2462486,0.24213788,0.24141327,0.24663581,0.25907558,0.2782194,0.30209234,0.32803947,0.35341585,0.37599027,0.39413851,0.40693665,0.41421244,0.41656777,0.41535342,0.41255468,0.41052997,0.4115672,0.4173169,0.4283044,0.44376746,0.46190205,0.48036113,0.49677256,0.5091362,0.5160769,0.5169843,0.5120718,0.5023695,0.48964077,0.4761914,0.46453324,0.45689645,0.45468485,0.458087,0.46605274,0.47665235,0.4876205,0.49685165,0.5027273,0.504273,0.5011912,0.49381673,0.4830252,0.4701104,0.45663795,0.44427642,0.4346068,0.42892262,0.42804894,0.43222418,0.4410799,0.45371997,0.4688652,0.48501864,0.5006232,0.5142032,0.52449274,0.530555,0.53188765,0.5285053,0.5209827,0.51043546,0.49841186,0.48667333,0.4768639,0.47012764,0.4667962,0.46628755,0.46727562,0.4680585,0.46697798,0.4627649,0.45475549,0.44297814,0.4281297,0.41146055,0.394582,0.37921128,0.36688864,0.35873306,0.35531995,0.3567296,0.36272344,0.37293205,0.38694632,0.4042828,0.42427683,0.44599015,0.46819785,0.48947015,0.5083238,0.5234011,0.53363836,0.53839666,0.53754073,0.5314578,0.5210151,0.5074575,0.49225375,0.47690693,0.46275926,0.45083046,0.4417318,0.43567544,0.4325623,0.43209872,0.43388703,0.43746084,0.44227466,0.44768357,0.45295244,0.45731604,0.46008787,0.46079382,0.45929822,0.45588762,0.45128104,0.44654083,0.44287303,0.44133976,0.44255558,0.44647613,0.45237058,0.45898733,0.4648378,0.46849358,0.46882096,0.46512485,0.4572073,0.44535968,0.43031007,0.41314602,0.39522702,0.37809405,0.36337006,0.35263032,0.3472201,0.34802446,0.355255,0.36835206,0.3860567,0.40661427,0.42802235,0.4482592,0.4654742,0.47814795,0.48523206,0.4862729,0.48151487,0.4719686,0.4594146,0.4462892,0.4353768,0.42926025,0.42961422,0.4366349,0.44894618,0.46404073,0.47897607,0.49099743,0.49794602,0.49847215,0.49212107,0.47934324,0.4614511,0.44051388,0.4191527,0.40017655,0.38602293,0.37809744,0.37630227,0.37906396,0.383871,0.38799638,0.38907892,0.3854524,0.3762759,0.3615522,0.3420952,0.31947175,0.29590625,0.2740865,0.2567542,0.24599445,0.24242246,0.24483734,0.2507086,0.25710908,0.26146322
29,0.25684896,0.2545062,0.25006235,0.24611196,0.24564053,0.2512596,0.26425692,0.28409907,0.3087646,0.33553982,0.36171713,0.3850015,0.40370476,0.4168391,0.42416954,0.42623916,0.42435136,0.42046982,0.41697946,0.41626456,0.42014337,0.42934301,0.44327453,0.4602297,0.47787285,0.4937833,0.50588363,0.5127158,0.5135936,0.50866854,0.49892542,0.4861022,0.47250232,0.4606601,0.45284912,0.4505253,0.45391983,0.46200207,0.47283754,0.48414102,0.49378157,0.5001153,0.50214356,0.49954468,0.49262723,0.48223704,0.46963513,0.4563548,0.44403976,0.43426415,0.42834237,0.42715177,0.43100658,0.43961948,0.45216006,0.4673853,0.48380157,0.49982777,0.51394665,0.5248441,0.5315373,0.5334875,0.5306884,0.5237117,0.5136894,0.5022027,0.491055,0.4819299,0.47599408,0.47357488,0.47405785,0.47606426,0.47783104,0.4776392,0.47416428,0.46669453,0.45521742,0.44039628,0.42345694,0.40599865,0.38974586,0.376272,0.36675596,0.36184973,0.36170626,0.36613762,0.37479722,0.38727924,0.4030981,0.42159253,0.44183743,0.46262935,0.48256555,0.50019336,0.51418895,0.5235262,0.52760845,0.5263463,0.5201741,0.51000077,0.49709833,0.482934,0.46896753,0.45644692,0.4462514,0.4388261,0.43422434,0.43222815,0.4324853,0.43460256,0.43816847,0.44272155,0.44770628,0.45246246,0.45627356,0.45847237,0.4585799,0.45644152,0.45232368,0.44693723,0.44135976,0.43684137,0.43451303,0.43506634,0.4385191,0.44416916,0.45075575,0.45675215,0.4606775,0.4613447,0.45801303,0.45045146,0.43893263,0.42418042,0.40729105,0.38964203,0.37279528,0.35838848,0.34799454,0.34293094,0.34403065,0.35144275,0.3645566,0.3820901,0.40229663,0.42320514,0.44283766,0.45939103,0.47139168,0.47783378,0.47830322,0.47308245,0.463221,0.4505402,0.43751538,0.42695624,0.4214359,0.42256537,0.4304293,0.44352823,0.4592611,0.47463882,0.48690033,0.4939046,0.49432972,0.48775056,0.47464588,0.45635563,0.43497896,0.4131743,0.39379767,0.37933806,0.3712398,0.3694115,0.37225166,0.37720472,0.38150677,0.382778,0.37935203,0.3704014,0.35595095,0.33684164,0.31466895,0.29168165,0.270575,0.254059,0.24412906,0.24126802,0.2441594,0.25022516,0.25655633,0.260627
30,0.2588723,0.25644377,0.25190967,0.24792543,0.24754292,0.25342155,0.26685178,0.28725493,0.31253967,0.33992144,0.3666296,0.390313,0.40923107,0.42234564,0.4293737,0.4308159,0.4279466,0.42272857,0.41759425,0.41504082,0.41705915,0.4245669,0.43712124,0.4530752,0.4700725,0.48562154,0.49755633,0.5043335,0.50519466,0.50023586,0.49040595,0.47742853,0.46361822,0.45154667,0.44354388,0.44112247,0.4445479,0.45278978,0.46388742,0.47551963,0.4855233,0.49223107,0.49462754,0.4923773,0.48577407,0.47564453,0.46322593,0.45002547,0.4376646,0.42770886,0.42148778,0.41992265,0.42339566,0.4316962,0.44406077,0.45928916,0.4759017,0.4923052,0.5069521,0.51848847,0.52589035,0.5285835,0.5265367,0.5203115,0.51104516,0.50033844,0.49002206,0.48180428,0.47686177,0.47550943,0.47709894,0.48020494,0.48301485,0.48376378,0.48108658,0.47423488,0.46316233,0.44850034,0.43144536,0.41357365,0.39659977,0.3821089,0.37131876,0.3649431,0.36320516,0.36597833,0.37295824,0.3837631,0.39792058,0.41477895,0.43342295,0.45266092,0.4711046,0.48732024,0.50000954,0.50818026,0.511279,0.50926876,0.5026421,0.49236605,0.47975874,0.46630672,0.45344418,0.44233707,0.43372855,0.4278956,0.42472777,0.42388394,0.4249519,0.4275439,0.43130553,0.43586,0.44073844,0.4453478,0.44900697,0.4510508,0.45097503,0.44858456,0.4441042,0.43821698,0.4319998,0.42673808,0.42363253,0.42346328,0.42632967,0.43158022,0.4379643,0.44393164,0.44795883,0.4488117,0.44570798,0.4383856,0.42709923,0.41256753,0.39589262,0.37846527,0.36186227,0.34772956,0.3376328,0.3328601,0.33419478,0.34172964,0.3548109,0.37214196,0.39199206,0.4124278,0.4315188,0.4475094,0.4589682,0.46492356,0.46498883,0.45946965,0.4494387,0.43674445,0.42389444,0.41372707,0.4088196,0.41073856,0.4194736,0.43341202,0.4498634,0.46579325,0.478433,0.48565537,0.4861587,0.4795359,0.46627882,0.44773656,0.42601952,0.4038083,0.38400123,0.36914957,0.36076218,0.3587851,0.36161277,0.3666576,0.37112102,0.3726017,0.36942756,0.36077723,0.3466892,0.32802296,0.30639613,0.28408054,0.26378596,0.24820663,0.23926511,0.23731719,0.24092032,0.24743186,0.25394776,0.2579856
31,0.25959802,0.25684154,0.2520192,0.2478535,0.24746332,0.2535427,0.2673542,0.28823596,0.31399894,0.34177792,0.36874458,0.3925058,0.41128707,0.42402035,0.43039614,0.43089524,0.42678675,0.4200565,0.41320565,0.40885732,0.40917212,0.41523388,0.42670292,0.44194406,0.45853966,0.47390336,0.48577413,0.4925298,0.49335444,0.488308,0.47832483,0.46513748,0.45109466,0.43882477,0.43072364,0.4283526,0.43198386,0.44054857,0.45202348,0.46402836,0.47436017,0.4813322,0.48392454,0.48180422,0.47526795,0.46514142,0.45265466,0.43930236,0.426693,0.41638696,0.4097261,0.4076679,0.4106526,0.41853827,0.43062493,0.44575784,0.46247852,0.47919202,0.49433085,0.5065103,0.5146711,0.51820534,0.517055,0.5117647,0.5034672,0.49376935,0.48451367,0.47741687,0.4736512,0.4735095,0.47630757,0.48057967,0.48447633,0.48620194,0.4843651,0.4781923,0.46761012,0.4532195,0.436184,0.41804817,0.400504,0.3851333,0.37317854,0.36540672,0.3621124,0.36324084,0.3685459,0.37768456,0.39020523,0.4054634,0.42254248,0.4402458,0.45718166,0.47191924,0.48317346,0.48997855,0.49182197,0.48872182,0.4812377,0.47040978,0.45762464,0.4444152,0.4322194,0.42214695,0.4148233,0.41036746,0.40850896,0.40878448,0.41072148,0.41393647,0.41812876,0.42299902,0.42815268,0.43304652,0.43701407,0.43936926,0.43956006,0.43732926,0.43284017,0.42672995,0.4200597,0.41414076,0.41024327,0.40924743,0.41135558,0.41599292,0.42194328,0.42765152,0.43156454,0.43240917,0.42936608,0.4221445,0.41098076,0.3965857,0.38006216,0.36280674,0.34640247,0.3324958,0.32264125,0.3180998,0.31961414,0.3272339,0.34027597,0.35744008,0.37701762,0.39711428,0.4158435,0.43148905,0.44264895,0.44836998,0.4482738,0.4426688,0.43263066,0.4200193,0.40736797,0.39755264,0.3931801,0.39580795,0.40536398,0.42014343,0.4373745,0.45397562,0.4671629,0.4748108,0.4756226,0.4691911,0.45600003,0.4373848,0.41544366,0.3928598,0.37256488,0.3571828,0.34831864,0.34599927,0.3486521,0.35367715,0.35824403,0.3599226,0.3570223,0.3487131,0.3350317,0.31684163,0.29577187,0.27411428,0.2546035,0.23994379,0.23201801,0.23107783,0.23555622,0.24273187,0.24968845,0.25397235
32,0.25945926,0.25617057,0.25091332,0.246485,0.24606816,0.25236836,0.26657736,0.28790566,0.31403962,0.34202886,0.36899817,0.39253122,0.41084206,0.42285714,0.4282662,0.42755723,0.42202207,0.41369686,0.40517458,0.39921528,0.39813897,0.4031574,0.4139736,0.42890036,0.445411,0.46080244,0.47271955,0.479478,0.48022988,0.47502935,0.46482888,0.45140278,0.43716404,0.42481926,0.41683313,0.41479284,0.4189304,0.42808264,0.4401182,0.4525726,0.46319693,0.47029278,0.47285125,0.47056162,0.46374565,0.45325097,0.44032288,0.426464,0.413286,0.40235403,0.39502436,0.3922852,0.39462432,0.40195718,0.41363913,0.42855817,0.44528016,0.46221536,0.4777854,0.490583,0.49951982,0.50395745,0.5038096,0.4995993,0.49244556,0.48394868,0.4759477,0.47015148,0.46771345,0.46889564,0.47297752,0.4784608,0.48347247,0.4862015,0.48524383,0.4798109,0.46980777,0.45580605,0.4389329,0.42069432,0.4027498,0.38666698,0.3737037,0.36467597,0.35995275,0.3595613,0.36332658,0.37095386,0.3820133,0.39585885,0.41155586,0.42788216,0.44342217,0.45673034,0.46652076,0.4718437,0.47222054,0.46772155,0.45897567,0.44710615,0.43358764,0.42003015,0.40791422,0.3983348,0.3918357,0.38840342,0.3876225,0.38891387,0.3917447,0.3957307,0.40061364,0.4061542,0.41200864,0.41765633,0.42241722,0.42555866,0.42645928,0.42478263,0.42061618,0.41453817,0.40758187,0.40107474,0.39635313,0.39440474,0.39555445,0.399331,0.40458015,0.40976438,0.4133166,0.41393456,0.41076735,0.4034974,0.3923417,0.37799907,0.36156583,0.3444348,0.3281847,0.31445438,0.3047849,0.30041733,0.30206943,0.30976775,0.32281783,0.3399265,0.35940966,0.3794062,0.3980614,0.41368178,0.4248751,0.43068466,0.43071765,0.42526203,0.41537535,0.40291256,0.39042708,0.38084462,0.3768356,0.37999788,0.39024493,0.4058109,0.4238531,0.4412377,0.45515126,0.4634513,0.4648252,0.45884374,0.44595966,0.4274709,0.4054393,0.38252842,0.3616892,0.3456217,0.33605647,0.3331496,0.33540875,0.3402494,0.34481522,0.34663716,0.3439887,0.33601043,0.32271647,0.30495557,0.28435346,0.26321727,0.2443189,0.23040746,0.22337599,0.22341299,0.22883952,0.23684323,0.24447271,0.24928068
33,0.25900516,0.25504935,0.24928401,0.2445885,0.244201,0.2508068,0.26547822,0.28725553,0.3136816,0.34172377,0.36847523,0.39151704,0.40907493,0.4200947,0.4242924,0.42219213,0.4151388,0.40524882,0.39523104,0.3879913,0.38598993,0.3905127,0.40122798,0.41632232,0.4331131,0.4487664,0.46084467,0.46762797,0.46827072,0.46285915,0.45240298,0.43875647,0.42442948,0.41222522,0.40467042,0.40333915,0.4083608,0.41841462,0.4312172,0.4442006,0.4550698,0.4621254,0.4643854,0.46158063,0.45407933,0.44277436,0.4289508,0.41414335,0.39998853,0.38807213,0.3797725,0.37610698,0.37760115,0.3842142,0.39534417,0.40991393,0.42651197,0.4435574,0.45946768,0.4728205,0.4825047,0.4878547,0.48875642,0.48570743,0.4798052,0.4726322,0.4660099,0.4616248,0.46059978,0.4631608,0.46855414,0.47525924,0.4813938,0.48514548,0.48510933,0.4804894,0.47117314,0.45770258,0.44116527,0.42302254,0.4048936,0.38832352,0.37457845,0.36452016,0.35859442,0.35691798,0.3593955,0.36578485,0.37567466,0.3884055,0.40300727,0.4182133,0.4325667,0.44459215,0.4529905,0.45681652,0.4556148,0.44949752,0.43915543,0.4257931,0.41098297,0.39643738,0.3837221,0.37397152,0.36770302,0.36481613,0.36477983,0.366913,0.3706233,0.37551463,0.3813504,0.38792157,0.39490008,0.4017516,0.40775046,0.41209358,0.41407517,0.41327178,0.40969104,0.40384832,0.39674234,0.38970742,0.38413802,0.38112846,0.381137,0.383818,0.38810572,0.39250463,0.39545205,0.39562863,0.39215878,0.38470045,0.3734499,0.359089,0.34269887,0.32565734,0.30952686,0.29592997,0.28639376,0.28215033,0.28391448,0.2917155,0.304868,0.322095,0.34173322,0.36194113,0.38087586,0.39684367,0.40843827,0.41467595,0.41512737,0.41003954,0.40043357,0.38814548,0.37574375,0.36621535,0.36232916,0.36577758,0.37651592,0.39275527,0.41159463,0.42984042,0.44463143,0.45378572,0.45595238,0.45065883,0.4383072,0.42013875,0.39815965,0.37499356,0.35359234,0.33672458,0.3262611,0.32252693,0.32415825,0.3286208,0.33304316,0.3349094,0.33243868,0.32472005,0.3117225,0.294259,0.27393562,0.25306743,0.2344746,0.2209903,0.21458079,0.21542983,0.22177061,0.23068832,0.23916839,0.24474005
34,0.2587637,0.25409657,0.24783368,0.24293922,0.2426929,0.24972336,0.26493818,0.28717744,0.3138355,0.34180853,0.3681754,0.39053357,0.4071408,0.4169845,0.41983184,0.41627088,0.4077298,0.39643496,0.3852338,0.37718114,0.3748463,0.3795194,0.3907454,0.4065119,0.42394534,0.44008258,0.45242727,0.45925817,0.45976982,0.4541193,0.44341233,0.4296191,0.4153739,0.4035854,0.396822,0.39659363,0.402862,0.41409528,0.42783058,0.44139123,0.45244294,0.45929587,0.46100715,0.4573621,0.44879058,0.43624875,0.42108235,0.40488124,0.38932946,0.37605286,0.36646405,0.36161146,0.36205074,0.36777014,0.3781946,0.39226988,0.4086016,0.42561853,0.44173896,0.45553234,0.46587113,0.47206694,0.4739792,0.4720776,0.4674322,0.46159843,0.45636904,0.45339772,0.45377052,0.45767802,0.46434137,0.47223067,0.4794682,0.48425204,0.4851847,0.4814677,0.47297195,0.46020862,0.44422194,0.4264232,0.40838453,0.39162105,0.3774002,0.36662433,0.35981423,0.35717773,0.35870174,0.36419666,0.37326428,0.38522202,0.39905274,0.4134344,0.42685974,0.4378166,0.4449849,0.44741496,0.44466203,0.4368647,0.4247573,0.40960935,0.39308187,0.3769975,0.36303884,0.35243553,0.3457479,0.3428539,0.343155,0.34589267,0.35041744,0.3563052,0.36330974,0.37121126,0.37965277,0.38804615,0.3955911,0.40139884,0.4046767,0.40492037,0.40206692,0.39657596,0.38941267,0.38191098,0.37551025,0.37139878,0.37016436,0.37159595,0.37473518,0.37815055,0.38030326,0.379871,0.3759621,0.3682141,0.35680196,0.34238574,0.3260229,0.30906427,0.2930436,0.27955747,0.27011815,0.26596108,0.2678227,0.27576378,0.28912926,0.30666453,0.32671803,0.34744817,0.3669995,0.38365293,0.39596534,0.4029068,0.40399572,0.3994257,0.39017123,0.37804142,0.36561581,0.35594836,0.3519302,0.35539293,0.36638623,0.38313743,0.40270212,0.42182085,0.43756676,0.4476979,0.45080584,0.44635916,0.43469766,0.41699702,0.39519894,0.3718755,0.34996253,0.3322785,0.3208257,0.31611234,0.3169367,0.32084778,0.32497594,0.32675737,0.3243441,0.31675604,0.30389836,0.28653055,0.26622334,0.24529007,0.22660427,0.21311712,0.20693442,0.20830646,0.21541448,0.22523344,0.23465472,0.24114977
35,0.25910702,0.25377926,0.24710584,0.24213186,0.24215873,0.24972416,0.26554054,0.28823954,0.31507814,0.34289888,0.36878243,0.39035723,0.40592763,0.41453946,0.41603068,0.41107664,0.4012147,0.38880628,0.37685317,0.36855105,0.366532,0.37200904,0.384318,0.40119392,0.41956294,0.43635333,0.4490433,0.45594528,0.45632732,0.45044914,0.4395417,0.42571586,0.41174415,0.4006348,0.39496595,0.39613268,0.40388185,0.41644645,0.43118346,0.44531807,0.45648682,0.46301597,0.46400508,0.45929715,0.44938862,0.43530715,0.4184717,0.4005437,0.3832735,0.36834496,0.35721773,0.35097525,0.3501966,0.35488433,0.36447304,0.37791732,0.3938325,0.4106564,0.42681283,0.44087,0.45169097,0.4585702,0.4613434,0.46045217,0.45693558,0.45231622,0.44835186,0.4466594,0.44828945,0.45340523,0.4612155,0.47019508,0.4784825,0.48429435,0.48624456,0.4835329,0.4760126,0.4641608,0.44897428,0.43180886,0.41418335,0.39757493,0.3832434,0.37212253,0.3648,0.36156872,0.36249372,0.36743465,0.3760033,0.38749158,0.40083468,0.414657,0.42740417,0.4375294,0.44369203,0.44493347,0.44081008,0.4314704,0.41766974,0.4007144,0.38232636,0.36441994,0.3487984,0.33682203,0.32915804,0.32573807,0.3259601,0.3290263,0.33423826,0.34112585,0.34939632,0.3587729,0.3688249,0.37887684,0.3880368,0.39533028,0.39989105,0.40115413,0.3990075,0.3938723,0.3866885,0.37878618,0.37163377,0.36649042,0.36405215,0.36423194,0.3661822,0.36854848,0.36983195,0.36872187,0.3643211,0.35625267,0.34467188,0.3302141,0.31390616,0.2970618,0.2811743,0.26780456,0.25844732,0.25435042,0.25629324,0.26439407,0.2780476,0.29602563,0.3166773,0.3381406,0.35852447,0.3760638,0.38926283,0.39703536,0.39884287,0.3948252,0.38591197,0.37388664,0.3613385,0.3513858,0.347045,0.35030463,0.36134022,0.37842628,0.39859113,0.41850907,0.43517736,0.44628128,0.45034462,0.4467718,0.43584016,0.4186639,0.39712563,0.3737477,0.3514413,0.33305168,0.32068175,0.31500137,0.3149723,0.31824458,0.32196787,0.32353836,0.3210398,0.31341654,0.30050164,0.28299204,0.26241362,0.24106851,0.22188029,0.20793553,0.20153208,0.20305817,0.21068944,0.22129144,0.23163411,0.23909809
36,0.26015493,0.25429484,0.24734807,0.24242803,0.24283534,0.25099322,0.2674128,0.2905342,0.3175023,0.34512603,0.37050027,0.39129245,0.40586126,0.41332003,0.4135898,0.40744847,0.39655966,0.3834343,0.37123033,0.36325988,0.36215806,0.3689811,0.38279387,0.40106237,0.42053378,0.4380641,0.45114043,0.45813623,0.45841435,0.45235363,0.44132298,0.4275801,0.41403088,0.4037629,0.39933038,0.40198195,0.41123873,0.42511237,0.44080433,0.45546108,0.46669817,0.47285673,0.47307268,0.46723944,0.45591462,0.44019535,0.4215762,0.4017971,0.3826854,0.3659946,0.35324052,0.34554338,0.34349826,0.34710693,0.35579574,0.36851352,0.38387764,0.40033466,0.41631892,0.4304055,0.44145676,0.4487573,0.45212433,0.4519738,0.44931403,0.44563386,0.44265628,0.44196558,0.4445866,0.45066956,0.45942652,0.4693497,0.47860187,0.4854209,0.48843163,0.4868294,0.48044583,0.4697197,0.45559514,0.43936658,0.42249212,0.40640193,0.3923363,0.3812465,0.37377292,0.3702811,0.37090576,0.37555262,0.38384604,0.39506042,0.40809557,0.42153648,0.43379506,0.4433009,0.4486991,0.44902387,0.44382834,0.43326014,0.41807637,0.3995924,0.3795552,0.35993227,0.34261808,0.32909888,0.32017893,0.31590152,0.3157248,0.3188581,0.32457104,0.3323362,0.3417836,0.35254246,0.3640778,0.37561136,0.3861619,0.3946861,0.40026987,0.40231666,0.40069306,0.39580438,0.38857904,0.38034433,0.3725837,0.36659902,0.36316016,0.36227423,0.3631875,0.36461997,0.36511979,0.36339858,0.35856375,0.35023132,0.3385406,0.3241025,0.30790985,0.29123366,0.27551952,0.26228604,0.25300702,0.24894604,0.25093693,0.25917208,0.27310875,0.2915478,0.31283072,0.3350605,0.35629568,0.37471434,0.38876325,0.3973016,0.39974138,0.39618042,0.38751718,0.3755207,0.3627934,0.35250846,0.3477877,0.35075787,0.36171612,0.3789947,0.39960846,0.42017367,0.4376145,0.4495443,0.45442227,0.45159587,0.44129235,0.42458102,0.40330416,0.37994957,0.35740706,0.33852986,0.32547837,0.31903195,0.31827912,0.32096133,0.32425636,0.32553405,0.32282132,0.31499538,0.30182317,0.2839434,0.26283827,0.24079464,0.22077674,0.2060019,0.19898103,0.20029192,0.20815265,0.21933301,0.23046635,0.23881848
37,0.26174545,0.25552428,0.24845237,0.2436915,0.24452138,0.25324544,0.27019483,0.29365647,0.32069674,0.34810978,0.3730118,0.39311117,0.40682116,0.41332406,0.41262695,0.40561476,0.39408132,0.38068524,0.3687243,0.36158577,0.36184472,0.3703422,0.38585305,0.40559947,0.42619526,0.44446468,0.45793012,0.46503952,0.465255,0.4590729,0.44799283,0.4344056,0.42132893,0.41190258,0.40863544,0.4126298,0.42320988,0.43821007,0.45471436,0.4698103,0.48109534,0.4869174,0.48643556,0.4795796,0.4669553,0.44971922,0.42943528,0.40791976,0.3870787,0.3687389,0.3544746,0.34544048,0.34223756,0.34485057,0.35267937,0.36465228,0.37938064,0.39531943,0.41091898,0.4247703,0.43574527,0.44312844,0.44672665,0.44693634,0.4447401,0.44159785,0.43920544,0.4391263,0.44237605,0.44910997,0.4585589,0.4692419,0.47934875,0.4871369,0.4912376,0.49083656,0.4857383,0.47633758,0.46351975,0.44851092,0.4326995,0.41745707,0.40398994,0.39324972,0.38591152,0.3823986,0.3829068,0.38738838,0.39549038,0.40648738,0.41926566,0.43239254,0.44426534,0.45330426,0.45815015,0.4578354,0.45191106,0.44052008,0.42441174,0.40489236,0.38370466,0.3628285,0.34420156,0.3293941,0.31932822,0.3141717,0.3134789,0.3165043,0.3225088,0.3309106,0.34125203,0.35305586,0.36567885,0.37824875,0.38971558,0.39899522,0.40515617,0.4076001,0.4061993,0.40136576,0.39403227,0.38552868,0.37734428,0.37079802,0.36669466,0.36509332,0.36529988,0.36608863,0.36604828,0.36391506,0.35880703,0.35033932,0.33864018,0.32429895,0.30827639,0.2918019,0.2762748,0.263173,0.25395033,0.24988604,0.25186837,0.26016483,0.27429646,0.2930922,0.31488168,0.33772796,0.35963607,0.37872866,0.3934019,0.40247265,0.4053207,0.4020227,0.39346763,0.38142863,0.36852878,0.35798413,0.35298496,0.3557448,0.36664036,0.384045,0.4049662,0.4259783,0.44394946,0.4564381,0.46185616,0.4595142,0.44961232,0.4332009,0.41210917,0.38881466,0.36619842,0.34711045,0.33372492,0.32686275,0.3256742,0.32795477,0.3309043,0.33187932,0.32887024,0.32070816,0.30711383,0.28868523,0.26687405,0.24395688,0.22292984,0.20711912,0.19923192,0.20004849,0.2078641,0.219377,0.2310873,0.24013877
38,0.26348045,0.25707096,0.24999397,0.24543573,0.24664256,0.25581324,0.2731435,0.29681835,0.32386097,0.35106605,0.3755738,0.3951301,0.40819746,0.4140209,0.41268718,0.40518066,0.39341402,0.38017395,0.36886388,0.36289623,0.3647347,0.3749838,0.39215466,0.41328233,0.4349012,0.45383805,0.46766406,0.47490054,0.4750977,0.4688514,0.45776772,0.44434124,0.43167028,0.42292273,0.42056,0.425569,0.43713337,0.45296887,0.47008175,0.4855172,0.49685308,0.5024326,0.5014221,0.49377045,0.4801148,0.4616561,0.44001517,0.4170756,0.39481616,0.37513348,0.35965675,0.34956837,0.34546372,0.347294,0.35441476,0.36571872,0.37980223,0.39512643,0.41016206,0.42352447,0.4341062,0.4412033,0.44462326,0.4447532,0.44255945,0.43948394,0.43720868,0.4372938,0.4407654,0.44780242,0.4576672,0.46891063,0.47974798,0.488451,0.4936511,0.49451795,0.4908233,0.4829119,0.47160378,0.45804814,0.44355315,0.4294183,0.41679943,0.40663004,0.3996022,0.39618325,0.39662525,0.40093306,0.408793,0.41950357,0.43196326,0.44474542,0.4562514,0.4649061,0.46935543,0.46863636,0.4623021,0.45049283,0.4339489,0.41396075,0.3922511,0.3707822,0.35148898,0.33596805,0.32520437,0.31945518,0.3183635,0.32124212,0.3273626,0.33610564,0.3469406,0.35930073,0.37245715,0.38547224,0.39725858,0.4067217,0.4129406,0.41534,0.4138199,0.40881845,0.40128833,0.39257044,0.38415655,0.3773637,0.37299627,0.37112072,0.37105888,0.37160647,0.37137336,0.36911258,0.36395216,0.35550922,0.34390506,0.32971293,0.31386822,0.29756802,0.28217703,0.26914483,0.25991428,0.25578138,0.25768012,0.26593894,0.28012958,0.29910097,0.3211689,0.3443594,0.36663187,0.38606587,0.40102342,0.41029933,0.41326442,0.4099991,0.40140793,0.38928863,0.37629414,0.36566937,0.36062795,0.36339962,0.37437114,0.39191753,0.4130357,0.43427786,0.45248517,0.46519122,0.47079057,0.4685864,0.4587816,0.44243857,0.42140403,0.39817256,0.37563303,0.35662645,0.3433018,0.33645195,0.33521223,0.33737832,0.34015313,0.3408889,0.33756283,0.32898837,0.3148687,0.2957874,0.27318788,0.24934967,0.2272973,0.21043748,0.20162822,0.2018223,0.20939934,0.2210123,0.23304954,0.2425451
39,0.26482633,0.25836736,0.25134966,0.2469604,0.24841008,0.25782531,0.27532497,0.29904714,0.32600448,0.35300347,0.37720776,0.39639404,0.40906444,0.4145149,0.41289705,0.4052759,0.39365798,0.38092357,0.37053683,0.36588773,0.36930114,0.381162,0.3997764,0.42206064,0.4445195,0.46400544,0.47814068,0.48550773,0.4857233,0.4794535,0.46837616,0.45505166,0.44262537,0.43427685,0.43243518,0.4380218,0.45014796,0.46647075,0.4839555,0.49961838,0.51101536,0.5164738,0.5151519,0.507,0.49266857,0.47338527,0.45081148,0.42688382,0.40364257,0.38304526,0.36676818,0.35601282,0.35135755,0.35270578,0.35935333,0.3701433,0.3836471,0.39832783,0.4126778,0.42534354,0.43524823,0.44171154,0.44455445,0.44416758,0.44151413,0.4380324,0.4354074,0.4352153,0.43851244,0.44551745,0.45553258,0.46714154,0.47858053,0.4881291,0.4944126,0.49657968,0.4943644,0.48805654,0.47840387,0.46646976,0.4534702,0.44061786,0.4290013,0.41951844,0.41286305,0.40953714,0.40984914,0.41386768,0.4213388,0.4316103,0.4436178,0.45596138,0.4670616,0.47535807,0.47950876,0.47856063,0.47207364,0.46019027,0.44364578,0.4237162,0.40209907,0.3807221,0.36148283,0.34595037,0.3351069,0.32923782,0.32803452,0.33085462,0.3369891,0.34580418,0.3567275,0.36913934,0.3822642,0.39513654,0.40666437,0.41576993,0.42156425,0.42351297,0.42155984,0.4161842,0.40837246,0.39948672,0.3910232,0.3842851,0.38004902,0.37834838,0.37847707,0.37921393,0.3791631,0.3770789,0.3720927,0.36382276,0.35238686,0.33834895,0.32263023,0.30641094,0.29104075,0.27796108,0.26861903,0.26433027,0.26606202,0.27417997,0.2882826,0.30722407,0.32930365,0.35251838,0.37479722,0.39419654,0.40906712,0.41820633,0.42100134,0.4175617,0.4088309,0.39664957,0.38370642,0.37325913,0.3684961,0.3715864,0.3828472,0.40060478,0.42183647,0.44309387,0.46122634,0.47378102,0.4791721,0.47673002,0.4666934,0.4501679,0.4290473,0.4058687,0.3835449,0.36490396,0.35203537,0.3456397,0.3447629,0.34714368,0.34996414,0.35057762,0.34697133,0.3379712,0.32329407,0.30353862,0.2801652,0.25547376,0.23251879,0.2147608,0.20515063,0.2047524,0.21200722,0.22354145,0.23566456,0.2453302
40,0.26523495,0.25880954,0.25184909,0.24752145,0.249008,0.25840628,0.2758211,0.29939598,0.32616025,0.35294023,0.37691998,0.39589915,0.40840772,0.41377676,0.41220242,0.4048036,0.39364618,0.38166147,0.3723276,0.3689761,0.3737908,0.38698083,0.40671873,0.42986715,0.45294082,0.47283173,0.48720828,0.49469694,0.49495438,0.488683,0.4775927,0.46426958,0.4518741,0.443588,0.4418325,0.44752,0.45975724,0.4761987,0.4938019,0.50956666,0.52102625,0.52648395,0.5250765,0.5167398,0.5021198,0.48245212,0.4594199,0.4349956,0.4112654,0.39023492,0.37361687,0.3626221,0.357802,0.35900158,0.3654457,0.37591732,0.3889542,0.403016,0.41661617,0.4284363,0.43743855,0.44297743,0.4449001,0.4436143,0.44009435,0.43579003,0.4324063,0.43155313,0.43433365,0.4410175,0.45095125,0.46274874,0.47466144,0.48497108,0.4922928,0.4957516,0.49504173,0.49039447,0.4824795,0.47226545,0.46086386,0.44938594,0.43883714,0.4300649,0.42375323,0.4204346,0.42047843,0.4240317,0.43092164,0.44056898,0.45196736,0.46375868,0.47439206,0.4823269,0.4862364,0.4851806,0.47873074,0.46703732,0.45083734,0.43139824,0.41039383,0.38970914,0.37118047,0.35630623,0.346006,0.3405294,0.33956468,0.34248722,0.34860703,0.35729748,0.36798018,0.38002464,0.3926507,0.40490142,0.41570866,0.42403162,0.42902756,0.43021393,0.4275881,0.42168137,0.4135253,0.40451372,0.3961526,0.3897265,0.38596472,0.3848352,0.38556513,0.38687992,0.38734972,0.38571194,0.38109162,0.37310556,0.3618709,0.34795043,0.33226448,0.31599492,0.30049837,0.2872302,0.27765754,0.27311844,0.27459946,0.28247717,0.29634935,0.31505793,0.33688343,0.35980433,0.38173866,0.40074337,0.41518357,0.42388478,0.4262751,0.4225156,0.41360754,0.4014469,0.38875857,0.37879214,0.37466106,0.3783992,0.39017808,0.4082276,0.42949727,0.4505608,0.46831313,0.48035556,0.4851606,0.48212078,0.47154197,0.4546015,0.43326584,0.4101363,0.3881623,0.37015456,0.35811198,0.35258585,0.35246676,0.3553862,0.35848388,0.3591195,0.3553119,0.34592807,0.33072805,0.31035292,0.28630337,0.26091656,0.23728023,0.21888623,0.20872012,0.20788269,0.21483265,0.22617732,0.23818377,0.24776457
41,0.26425236,0.2578807,0.2509131,0.24648246,0.24775359,0.25684133,0.27389657,0.29711384,0.32356033,0.3500866,0.3738936,0.39279568,0.40533853,0.41087148,0.409612,0.40270275,0.39223087,0.38113472,0.37286523,0.37067354,0.37661883,0.3907893,0.41129255,0.43499228,0.45844266,0.47858316,0.49312142,0.50070983,0.5010184,0.49475178,0.4836129,0.47017443,0.45758286,0.44901586,0.4469131,0.45223168,0.46413627,0.4803292,0.4977907,0.5135176,0.52502275,0.5305798,0.52929455,0.52107483,0.50654566,0.486932,0.4639195,0.4394969,0.4157786,0.39480245,0.37830442,0.36749378,0.36288586,0.3642597,0.37076285,0.38111234,0.39380744,0.40730098,0.42012674,0.43100432,0.4389413,0.44333643,0.44407457,0.44159293,0.43688986,0.43143997,0.426982,0.42517328,0.42717496,0.43331376,0.44298,0.45481303,0.46707407,0.47804338,0.48632538,0.4910225,0.4917903,0.48880044,0.48264048,0.47417605,0.4644031,0.454318,0.44482946,0.43672302,0.43066612,0.42722136,0.4268277,0.42972636,0.43584612,0.4447003,0.45535526,0.46650285,0.47662306,0.48419434,0.48790407,0.48682603,0.4805462,0.4692294,0.45362282,0.4349939,0.41499802,0.39547494,0.37818375,0.36451897,0.35528958,0.35065514,0.35025415,0.35345244,0.35957578,0.3680224,0.3782402,0.38962603,0.40143138,0.41273737,0.42252016,0.42978826,0.43375194,0.43398428,0.43054047,0.4240097,0.41547766,0.40637994,0.39824036,0.39232492,0.38930392,0.38905597,0.39071053,0.39290923,0.39416346,0.39317688,0.38905916,0.38142306,0.37038827,0.35652485,0.34076566,0.32431188,0.30854693,0.29495853,0.2850458,0.28016928,0.28132072,0.28886318,0.3023688,0.32065254,0.34197575,0.36431137,0.3855873,0.40388605,0.41761237,0.42564374,0.42747033,0.42332232,0.4142714,0.40227422,0.39008492,0.38091877,0.37776414,0.38245216,0.3949459,0.41334292,0.43456402,0.45522913,0.4723149,0.48351523,0.48739633,0.48344406,0.4720582,0.454511,0.43286204,0.40979367,0.38830143,0.3711729,0.36028785,0.35599804,0.3569838,0.36072996,0.36431965,0.36512652,0.36122125,0.3515371,0.33590224,0.3150226,0.2904576,0.2645944,0.24055615,0.22184663,0.21143387,0.21038148,0.21711403,0.22821915,0.23995605,0.2492389
42,0.2615968,0.25524017,0.24815233,0.24341932,0.24420409,0.2526828,0.2691057,0.29175505,0.31775084,0.34396905,0.36762312,0.3865349,0.39925474,0.4051343,0.40439004,0.39815873,0.38851225,0.37835667,0.3710829,0.36985195,0.37662327,0.39141762,0.41233584,0.43628487,0.45988008,0.4801138,0.49472657,0.5023814,0.5027379,0.4964722,0.48524457,0.47157854,0.45857984,0.44941592,0.44656736,0.4510829,0.46223965,0.47783315,0.49489492,0.51043326,0.52194476,0.52767223,0.5266836,0.5188482,0.504756,0.48560435,0.46306252,0.4391162,0.41588888,0.3954331,0.3794926,0.3692622,0.36521158,0.3670479,0.37383893,0.38423544,0.3966984,0.40967447,0.42171922,0.43159366,0.43835634,0.4414581,0.44083095,0.43695155,0.43085226,0.42404222,0.41830298,0.41534698,0.41639793,0.42183962,0.4311015,0.44284186,0.45532694,0.4668353,0.47596395,0.4817982,0.4839595,0.48256207,0.47810918,0.47135746,0.46317783,0.45444098,0.44594878,0.4384173,0.4324945,0.428777,0.4277838,0.42986614,0.435072,0.44302142,0.4528609,0.46333197,0.47294006,0.48017547,0.48373428,0.48270208,0.4766821,0.46586022,0.45100367,0.43339062,0.41466662,0.3966276,0.38094556,0.36888725,0.361115,0.35765806,0.35807058,0.36168867,0.36785194,0.37599847,0.38562825,0.39619535,0.40700978,0.41721046,0.42582917,0.4319276,0.43476814,0.43397707,0.42966577,0.42248312,0.41357476,0.40442762,0.39659297,0.391323,0.38922387,0.39006922,0.3928687,0.39615738,0.3983695,0.39816228,0.39462355,0.38736084,0.37649995,0.3626262,0.3466967,0.32994613,0.3137994,0.29978898,0.2894519,0.28416795,0.28492025,0.29203793,0.3050485,0.32273042,0.34332952,0.36482775,0.38518435,0.4025308,0.4153343,0.42254448,0.42372978,0.4192011,0.41010663,0.39846152,0.38703528,0.37897786,0.37710336,0.38298327,0.39632687,0.41508114,0.43614635,0.45621455,0.47237682,0.4824521,0.48512906,0.4800112,0.467612,0.44931546,0.42728898,0.40430862,0.38342336,0.36739182,0.35794786,0.3552002,0.35757488,0.36238295,0.36664572,0.3677614,0.3638715,0.35399625,0.33805132,0.31682342,0.2919432,0.26585516,0.2417172,0.22302754,0.21269178,0.21167149,0.21830878,0.22916801,0.24053119,0.2493542
43,0.2572003,0.2507721,0.24341957,0.23817343,0.23820823,0.24579956,0.26134112,0.28323057,0.3086482,0.3344932,0.35798663,0.3769517,0.38993493,0.39627713,0.396175,0.3907337,0.38197896,0.3727524,0.36636153,0.365875,0.37317857,0.38827047,0.40928912,0.4332157,0.4567427,0.47691992,0.49151677,0.4991954,0.49958637,0.49331182,0.48195884,0.46797052,0.4543872,0.444358,0.44042015,0.44375196,0.45378968,0.468462,0.48487854,0.50007343,0.5115336,0.5174716,0.5169142,0.5096846,0.4963268,0.4779963,0.45632932,0.4332903,0.4109931,0.39148653,0.37650454,0.36721224,0.36402223,0.36656412,0.37382632,0.38439772,0.3967069,0.40919992,0.42045906,0.42929152,0.4348127,0.43653223,0.43443644,0.42904893,0.42144254,0.41316617,0.40604755,0.4018554,0.40187383,0.40653718,0.41530508,0.42684668,0.4394301,0.451335,0.4611588,0.46797922,0.471392,0.4714591,0.4686003,0.46345982,0.45677727,0.44929042,0.44168815,0.4346139,0.4286976,0.42457613,0.42286015,0.42402577,0.42825347,0.43527773,0.44432375,0.45417318,0.46334293,0.47032157,0.47380376,0.4728827,0.46718058,0.4569114,0.44287357,0.42636892,0.4090446,0.39265868,0.37879226,0.36856928,0.36248186,0.36040303,0.36178163,0.36591327,0.37215286,0.37999076,0.38899818,0.3987066,0.4085009,0.41758716,0.4250545,0.4300136,0.4317712,0.42999828,0.4248561,0.41705096,0.40779164,0.398625,0.39114073,0.38658562,0.38550264,0.38755232,0.39161092,0.3960926,0.39934292,0.3999656,0.39702338,0.39011917,0.3793888,0.36543965,0.34926176,0.33213302,0.31552863,0.30103126,0.29021654,0.28447688,0.28477398,0.29138726,0.30378726,0.32071283,0.34040168,0.36086076,0.38010076,0.39632294,0.40807557,0.41439524,0.41493925,0.4101047,0.40111557,0.39003727,0.37963492,0.37295923,0.3726045,0.37983894,0.39409328,0.4131635,0.43394732,0.45323446,0.4682573,0.47698388,0.47824538,0.47177824,0.45822155,0.43908063,0.41664025,0.3937799,0.37360898,0.35885274,0.35107577,0.35010615,0.35408226,0.3601262,0.36520025,0.36674082,0.36297682,0.3530313,0.33692035,0.31552118,0.29054156,0.26448587,0.24054308,0.22218965,0.21223165,0.21147655,0.21814582,0.22877884,0.23970658,0.24796076
44,0.25121763,0.24459669,0.2368217,0.2308615,0.2299128,0.23638083,0.25083694,0.27181187,0.29654616,0.32195565,0.3452633,0.36428922,0.37757078,0.3844292,0.3850275,0.38042027,0.37256393,0.36421233,0.35857433,0.35862815,0.36620787,0.38132253,0.40217888,0.42585322,0.4491265,0.46911037,0.48360163,0.49125457,0.49165776,0.48536038,0.4738524,0.45947066,0.4451677,0.43406343,0.42876023,0.43059397,0.43919834,0.4526702,0.46822116,0.48292482,0.49426526,0.5004272,0.50039536,0.49394292,0.48156002,0.46435,0.44390267,0.42214575,0.4011662,0.38299054,0.36932373,0.36128306,0.35921028,0.36265153,0.37051827,0.3813464,0.3935431,0.40556395,0.41602638,0.42379075,0.42803535,0.42833447,0.42473435,0.41781014,0.4086785,0.398929,0.3904337,0.3850122,0.38399968,0.3878685,0.39609504,0.40734994,0.41990152,0.4320369,0.4423655,0.44997075,0.45443472,0.45577535,0.454333,0.4506396,0.44530126,0.43892023,0.4320711,0.425326,0.41930154,0.41468364,0.41218626,0.41242272,0.41571444,0.4219098,0.43030155,0.4396917,0.44858596,0.45545116,0.4589672,0.45822874,0.4528781,0.44316474,0.42993003,0.41451415,0.39858025,0.3838592,0.37184447,0.36351222,0.35917363,0.358534,0.3609289,0.3656114,0.37195623,0.37951565,0.38794407,0.39686075,0.405731,0.4138269,0.42028785,0.4242618,0.42508647,0.4224648,0.41659772,0.40824378,0.39867586,0.38950807,0.3823802,0.37854502,0.37848806,0.38175583,0.38708538,0.3927638,0.39704356,0.39847282,0.39608952,0.3894942,0.3788368,0.36475164,0.34826738,0.33070993,0.31360787,0.29859406,0.28727838,0.2810575,0.2808604,0.28690583,0.29860163,0.31464922,0.33328894,0.3525686,0.37056798,0.38557455,0.3962307,0.40166906,0.40164015,0.39662665,0.38792235,0.37762943,0.36848536,0.36340752,0.3647321,0.37339684,0.3885499,0.40785253,0.4282237,0.44657388,0.4602956,0.46752,0.46723047,0.4593022,0.4445031,0.42446265,0.40158764,0.37886927,0.3594861,0.3461296,0.3401764,0.3411431,0.34685686,0.35424608,0.36022368,0.36227843,0.35874006,0.34884462,0.33271512,0.31132254,0.28645256,0.26066753,0.23718186,0.21943578,0.21010698,0.20981108,0.21662436,0.2270636,0.23753008,0.24515729
45,0.24400905,0.23705351,0.22870064,0.22185302,0.21973626,0.22490698,0.23813793,0.25810012,0.28208548,0.3070151,0.33010724,0.34917653,0.3627491,0.37012297,0.3714202,0.36763334,0.3606349,0.35307702,0.34806168,0.34848043,0.3561315,0.3710559,0.39154702,0.4147881,0.43765563,0.45732686,0.47162703,0.47919968,0.47958434,0.4732453,0.46155912,0.44673678,0.43162394,0.4192985,0.4124288,0.41252658,0.4194528,0.4315015,0.4460066,0.46009243,0.47124597,0.4776274,0.47818065,0.47262758,0.46140125,0.44554636,0.4265974,0.4064334,0.38709962,0.37058207,0.35853603,0.35201004,0.35125926,0.35574037,0.36429316,0.37541327,0.3875017,0.39903742,0.4086841,0.41536346,0.4183229,0.41720632,0.41212374,0.4037045,0.3931094,0.3819663,0.37218493,0.3656247,0.36365587,0.36677003,0.3744429,0.38533637,0.39771897,0.4098946,0.42049965,0.4286397,0.4338979,0.4362596,0.43599322,0.433523,0.42932427,0.42386663,0.41761434,0.41107407,0.40485704,0.39970812,0.3964555,0.39585868,0.3983819,0.4039776,0.4119834,0.42119145,0.43006572,0.43702713,0.44072545,0.44025052,0.43526584,0.42606327,0.41353872,0.39908543,0.384399,0.37119845,0.36090112,0.35434204,0.35165477,0.35237965,0.35574272,0.36095962,0.36743087,0.3747764,0.382738,0.3910228,0.39917126,0.40651062,0.4122151,0.41545302,0.41557592,0.41230378,0.4058657,0.3970654,0.38723916,0.37807396,0.37127084,0.36810106,0.36900264,0.37341264,0.3799309,0.38671866,0.3919373,0.39408216,0.3921698,0.38580194,0.37514603,0.36086687,0.344034,0.32602215,0.30841148,0.2928804,0.28106564,0.27435917,0.27364817,0.27908495,0.29001427,0.305107,0.32261795,0.34065014,0.35736603,0.3711498,0.38074496,0.38538262,0.38490504,0.3798746,0.37164435,0.36233678,0.35463756,0.35130003,0.35437518,0.36446175,0.38044107,0.3998681,0.41970882,0.43701148,0.44933754,0.45498466,0.45308736,0.4436558,0.42758185,0.40661526,0.3832855,0.36070347,0.34212944,0.33022714,0.32617337,0.32915002,0.33665922,0.34543952,0.35236764,0.35499763,0.35176855,0.34203324,0.32602197,0.30479735,0.28021914,0.25490296,0.23208229,0.21514964,0.2066343,0.20693758,0.21398018,0.22426297,0.23427334,0.24126261
46,0.23610307,0.22866358,0.21959303,0.21172602,0.20832054,0.21209788,0.22404501,0.24296883,0.2661943,0.29063144,0.3134867,0.33256844,0.3463938,0.3542388,0.35618377,0.35315576,0.34693792,0.34007537,0.33556134,0.3362048,0.34377775,0.35836336,0.3783484,0.401027,0.4233739,0.44263467,0.4566652,0.46409917,0.46442547,0.4580188,0.44613388,0.43084398,0.4148732,0.40124437,0.39268625,0.39089513,0.39598,0.4064545,0.41978994,0.43316877,0.44408473,0.45067617,0.45184872,0.44727492,0.43733123,0.4230021,0.40576223,0.38743427,0.3700093,0.35541528,0.34523553,0.34042716,0.34114242,0.34674442,0.35601014,0.3674116,0.37936217,0.39038032,0.39918777,0.40477595,0.40646684,0.40397757,0.39748415,0.3876707,0.37574068,0.36335483,0.35245073,0.34491116,0.3421199,0.3445633,0.35169607,0.362161,0.3742289,0.38623238,0.3968518,0.40523314,0.4109772,0.4140508,0.4146618,0.41313624,0.4098275,0.4050813,0.3992611,0.39281818,0.3863688,0.38072723,0.37684497,0.37563163,0.37768778,0.38304847,0.3910615,0.400469,0.40965798,0.41697866,0.42103735,0.42091462,0.4162968,0.40752384,0.39555505,0.38184905,0.36814964,0.35618246,0.34730878,0.3422421,0.3409572,0.3428467,0.34704143,0.35272974,0.3593433,0.36657032,0.3742352,0.3821226,0.38983196,0.39672583,0.40199226,0.40479958,0.404496,0.40080443,0.39397174,0.38484034,0.37480742,0.365636,0.35909662,0.35649046,0.3582191,0.36361995,0.37116393,0.37889475,0.38489068,0.38760123,0.38602722,0.37977603,0.3690359,0.35450363,0.33728942,0.31881395,0.30070347,0.28467417,0.27238077,0.265202,0.26397756,0.26879233,0.2789329,0.29304892,0.30942124,0.3262187,0.34169412,0.35433248,0.3629781,0.36695695,0.3661958,0.3613269,0.35374933,0.34558836,0.33945546,0.33791694,0.34272602,0.3541537,0.37084675,0.39028868,0.40951517,0.42572045,0.43663302,0.44070932,0.43722436,0.426311,0.40897268,0.3870697,0.36325142,0.34075636,0.3229441,0.3124653,0.31029445,0.31526512,0.32454982,0.33470717,0.34259138,0.34583056,0.34297505,0.33349183,0.31771305,0.29678616,0.27263823,0.24793205,0.22591421,0.20992218,0.2023269,0.20330845,0.21063471,0.2208,0.23038681,0.23676997
47,0.22814547,0.22007807,0.21017645,0.20120932,0.19646879,0.19884598,0.20954306,0.2274858,0.25000444,0.27397764,0.2965928,0.31565398,0.3296746,0.33791474,0.340418,0.33804992,0.33250722,0.32623065,0.3221084,0.3228716,0.3302699,0.34442952,0.36382806,0.38586703,0.40761772,0.42639473,0.44008705,0.44732198,0.4475408,0.44103062,0.42892417,0.41315326,0.39631262,0.38135844,0.37107027,0.36732858,0.37050146,0.37933663,0.39145148,0.404089,0.41474977,0.42155185,0.42336592,0.41981965,0.4112369,0.39854476,0.3831583,0.36683956,0.35151532,0.33903813,0.33089638,0.3279329,0.3301832,0.3369179,0.346865,0.3584935,0.37024906,0.38070565,0.38865405,0.39316195,0.39362943,0.3898483,0.3820607,0.37100434,0.357922,0.34450045,0.33269212,0.32438326,0.32094452,0.32282928,0.32944968,0.3394209,0.3510206,0.36262345,0.37297112,0.3812677,0.38714874,0.39057848,0.39171967,0.39081502,0.38811123,0.38384548,0.3782955,0.37187123,0.365206,0.3591932,0.35491294,0.35342163,0.3554383,0.36104536,0.369554,0.3796106,0.38949117,0.39745674,0.40206376,0.40238392,0.39812917,0.38969028,0.3780933,0.36486757,0.3518155,0.3406874,0.33281472,0.3288224,0.32856163,0.33130923,0.33612502,0.34218353,0.34895077,0.35617706,0.3637549,0.371525,0.3791203,0.385912,0.39107785,0.39376712,0.3933109,0.38942587,0.3823705,0.3730213,0.3628334,0.3536448,0.34729767,0.34512913,0.34751362,0.35370108,0.36204785,0.3704949,0.37705073,0.38012984,0.37872514,0.37245485,0.3615308,0.3466821,0.32905707,0.310117,0.29152617,0.2750289,0.26228857,0.2546641,0.25294626,0.25715664,0.2665324,0.27971244,0.29501265,0.31067285,0.32503688,0.33668685,0.34456086,0.34807017,0.34721473,0.34268388,0.3359086,0.3290007,0.32448024,0.32471377,0.33116168,0.34379676,0.36107478,0.38044274,0.39902136,0.41414857,0.4237075,0.42629638,0.421312,0.40899113,0.39043084,0.3675876,0.3432241,0.32071367,0.30353716,0.29435652,0.29395336,0.30081114,0.31177762,0.3232447,0.33205467,0.33591163,0.3334721,0.32430816,0.3088434,0.28830037,0.26466504,0.24064098,0.21948385,0.20447382,0.1978243,0.19950217,0.20713624,0.21722396,0.22644383,0.2322894
48,0.22083737,0.21201749,0.2012073,0.19111705,0.18507473,0.18613867,0.19571409,0.2128157,0.2347438,0.2583242,0.28071988,0.29973447,0.31388557,0.3224264,0.3253736,0.32354078,0.3185482,0.3127419,0.30891362,0.30972221,0.31689522,0.33059567,0.34938234,0.3707546,0.39187396,0.4101218,0.42342186,0.4303993,0.4304544,0.42379433,0.41143724,0.3951787,0.37748426,0.36123648,0.34925434,0.34359452,0.3448852,0.35211328,0.36304316,0.37497443,0.3854107,0.39244905,0.39492863,0.39243832,0.38525656,0.37425926,0.36080548,0.34659517,0.3334819,0.3232258,0.3171982,0.3161089,0.3198703,0.32766974,0.33820656,0.34996948,0.36145574,0.37130812,0.37839413,0.38186082,0.38118652,0.37623602,0.36731508,0.35521168,0.3412029,0.32699296,0.3145343,0.30569392,0.30180046,0.30324608,0.3093822,0.31879207,0.32976753,0.34073836,0.350522,0.35839525,0.3640437,0.36744577,0.36873776,0.36810002,0.36569458,0.36167225,0.35624537,0.3497994,0.34299767,0.33681956,0.33247253,0.33114517,0.3336417,0.340042,0.34956563,0.3607202,0.37164843,0.38051826,0.38584203,0.3866899,0.38280305,0.37462166,0.36323276,0.35023028,0.33747402,0.32674968,0.31938633,0.31596336,0.3162591,0.31948137,0.3246522,0.33094874,0.33787122,0.3452184,0.35292637,0.360861,0.36865565,0.37566066,0.3810213,0.38385427,0.38346773,0.37957108,0.37243503,0.36296946,0.35268387,0.3434846,0.33727813,0.3354328,0.33829874,0.34504995,0.35394683,0.36284858,0.3697126,0.37293264,0.37150365,0.3650608,0.35384214,0.33860856,0.3205426,0.30113915,0.28209105,0.26516047,0.2520108,0.24397738,0.24180505,0.24546121,0.25414544,0.26649576,0.28086758,0.29556987,0.30903032,0.319917,0.32724848,0.33050707,0.32975197,0.3257162,0.3198494,0.31423724,0.31129792,0.31319875,0.3211289,0.33480725,0.3525461,0.37178615,0.38973835,0.40387183,0.4122032,0.41344893,0.40710402,0.39348674,0.37376732,0.349981,0.32499373,0.3023176,0.28557706,0.27747744,0.2786306,0.2871828,0.29967138,0.31233555,0.3220102,0.32646918,0.32446274,0.31565347,0.30054298,0.28041738,0.25731298,0.23396885,0.21364802,0.19957645,0.19382139,0.196158,0.20409761,0.21414815,0.22307669,0.22848125
49,0.21486545,0.20520425,0.19345342,0.18227838,0.17504594,0.17497098,0.18363525,0.20010176,0.22160406,0.24489716,0.2671175,0.28607363,0.30029556,0.30903974,0.3123074,0.3108737,0.30629706,0.30084383,0.29722202,0.2980253,0.30495763,0.31820932,0.33640602,0.35713094,0.37762532,0.39533144,0.40820682,0.41487834,0.41471332,0.40785065,0.39520785,0.3784579,0.35994616,0.34248182,0.32891324,0.32145947,0.32099944,0.32675374,0.33662614,0.3479624,0.35826084,0.36559486,0.36877486,0.3673575,0.36158434,0.3522884,0.34077784,0.32869005,0.31779727,0.3097518,0.3057911,0.30648312,0.31162322,0.32033563,0.33131626,0.34309572,0.35423812,0.36346316,0.36971727,0.37222505,0.37053862,0.36459017,0.354743,0.3418292,0.32715288,0.31242505,0.29958177,0.290447,0.28627992,0.28738898,0.29305515,0.30183306,0.31203842,0.3221657,0.33111596,0.33824655,0.34330368,0.34629548,0.34735322,0.346621,0.34420508,0.34019837,0.33477286,0.32830873,0.3215104,0.31544438,0.31143308,0.31076604,0.31428164,0.32199517,0.3329826,0.34558663,0.35781813,0.36776897,0.37392733,0.37537515,0.3718863,0.36394334,0.35267836,0.3397293,0.32699573,0.31629458,0.3089717,0.30560625,0.30596468,0.30924502,0.314474,0.32085055,0.3279065,0.33546847,0.34348416,0.351807,0.36003566,0.3674729,0.37321672,0.3763481,0.3761571,0.37235484,0.3652324,0.35573703,0.34542853,0.33626866,0.33020824,0.32862762,0.3318434,0.3389609,0.34816533,0.3572599,0.36417437,0.3672998,0.36564538,0.3588705,0.3472426,0.3315535,0.31301567,0.29315007,0.27366838,0.25634068,0.24282332,0.23442738,0.23185885,0.23504427,0.24315906,0.25484788,0.26850453,0.28249782,0.2953242,0.30572015,0.31276685,0.31600112,0.31552696,0.31210876,0.30720466,0.30286598,0.30140704,0.3048083,0.3140235,0.32856962,0.34666163,0.36575484,0.38314587,0.39641443,0.4036843,0.40376335,0.39622054,0.38143387,0.3606272,0.33589736,0.31020057,0.28718534,0.27063552,0.26333213,0.26575226,0.27573487,0.289532,0.30324337,0.31369388,0.31871307,0.31712613,0.30866823,0.29390383,0.27417144,0.25155047,0.2288119,0.20922698,0.19597502,0.19099727,0.19390896,0.20212981,0.21218185,0.22090565,0.22598194
50,0.21082719,0.20029001,0.18762195,0.1754624,0.16722053,0.16624764,0.1742615,0.19032906,0.2115889,0.23471686,0.25682452,0.27572984,0.28998098,0.29884535,0.3023195,0.30115423,0.296863,0.29165047,0.2881568,0.2889197,0.2956192,0.30846342,0.32612967,0.3462687,0.36618719,0.38337827,0.39582866,0.40216857,0.40173995,0.39462703,0.38166502,0.36442477,0.34514922,0.32658237,0.31159598,0.30255407,0.30056664,0.30507118,0.3140946,0.3250134,0.3353092,0.3430272,0.3469504,0.34660926,0.3422164,0.3345695,0.3249308,0.3148744,0.30608478,0.30009663,0.29800826,0.30025306,0.30653125,0.3159328,0.32717648,0.33885223,0.34959933,0.3582152,0.363721,0.36541116,0.36290208,0.35618308,0.34566483,0.33221343,0.3171494,0.30217746,0.2891994,0.2799742,0.2756713,0.27650595,0.28169325,0.28977197,0.29909185,0.30821517,0.31612423,0.3222545,0.3264157,0.32865742,0.32912764,0.3279642,0.32525188,0.3210596,0.31554753,0.30910975,0.30249837,0.29685804,0.2935968,0.29405397,0.2990355,0.30843136,0.32114273,0.33535394,0.34897545,0.36006021,0.36710113,0.36920747,0.36618644,0.35855016,0.3474514,0.3345394,0.32171956,0.31081682,0.30319583,0.29947025,0.29945478,0.30240232,0.30739307,0.31367067,0.32079524,0.32859823,0.33700377,0.34581605,0.35456902,0.36250088,0.36865976,0.3720998,0.37210894,0.36841756,0.36135203,0.35190406,0.3416795,0.33267626,0.3268572,0.32557875,0.32910037,0.33645794,0.34578112,0.35484543,0.36158037,0.36439547,0.3623287,0.3550727,0.3429282,0.32671794,0.3076806,0.28735617,0.2674666,0.24978137,0.23594482,0.22724551,0.22436085,0.22719173,0.23490247,0.24614848,0.25935456,0.27293316,0.28542867,0.29562426,0.3026441,0.30606318,0.3060178,0.30329472,0.29935393,0.29620922,0.29607567,0.3007688,0.31105036,0.3262883,0.34463954,0.36358574,0.38049707,0.39303917,0.39941514,0.39849892,0.38991207,0.37407517,0.3522515,0.3265865,0.3001137,0.2766073,0.2600108,0.25320092,0.25655925,0.2676641,0.28251907,0.29709837,0.30820876,0.3137156,0.3124971,0.30434194,0.28986287,0.27044156,0.24819553,0.22592653,0.20691635,0.19430798,0.18994191,0.19331113,0.20177074,0.21185647,0.22046192,0.22532457
51,0.20915839,0.19778192,0.18428408,0.17129861,0.16227792,0.16067813,0.16830274,0.18418734,0.2053682,0.2284474,0.25051552,0.26940033,0.2836681,0.2925998,0.29619423,0.29518953,0.29107046,0.28599855,0.28256348,0.283259,0.2897447,0.30224058,0.31946316,0.33911422,0.35854882,0.37529707,0.38736603,0.39338696,0.39268216,0.38529432,0.37199637,0.3542816,0.33431482,0.3147904,0.29860216,0.28823915,0.28501332,0.28855145,0.29698142,0.30769324,0.31814063,0.32633513,0.3310324,0.3317399,0.32864675,0.3225204,0.3145801,0.30633712,0.29938608,0.29514593,0.29458764,0.2980357,0.30512956,0.31495693,0.326281,0.33776048,0.34810936,0.35619596,0.36110535,0.36218876,0.35911235,0.3519075,0.34101748,0.327328,0.31216115,0.29719934,0.2842924,0.2751182,0.27074972,0.27131808,0.2759943,0.28332213,0.29169428,0.29973543,0.30649513,0.3114729,0.3145348,0.31577724,0.31538343,0.31351525,0.31027302,0.30573806,0.30008802,0.29374728,0.2875141,0.28258726,0.28041208,0.2823096,0.2889857,0.30016717,0.31458876,0.33032078,0.3452285,0.35737208,0.36527786,0.36809325,0.3656547,0.35848653,0.34773335,0.33501726,0.32220605,0.31109443,0.30304772,0.29872778,0.2980417,0.30035445,0.3048477,0.31083494,0.31790435,0.3258722,0.33461002,0.34384516,0.3530301,0.36133605,0.36777216,0.37138546,0.37148517,0.3678437,0.3608404,0.35152045,0.34153008,0.33287922,0.3275004,0.3266771,0.33057496,0.33815056,0.34749332,0.35637903,0.3627651,0.36510256,0.36247465,0.35461748,0.3418705,0.3250885,0.3055339,0.2847608,0.26449493,0.24649931,0.23240377,0.22347786,0.22038108,0.22300297,0.23050696,0.24155875,0.2546018,0.26807168,0.2805372,0.29080597,0.2980269,0.30179974,0.30228454,0.30028504,0.29726014,0.29518637,0.2961884,0.30194256,0.3130628,0.328816,0.3473315,0.3661219,0.38261542,0.39453927,0.40015098,0.3983697,0.38885438,0.37205848,0.3492788,0.32270426,0.29543653,0.27135828,0.25455144,0.24798225,0.25196648,0.26387954,0.27952623,0.29477313,0.30639982,0.31228665,0.31134313,0.3033938,0.2890882,0.2698445,0.24781641,0.22583707,0.20720203,0.19502808,0.19108105,0.19476981,0.20341046,0.21354933,0.22211067,0.22686186
52,0.21007513,0.19797723,0.18380378,0.1701995,0.16065295,0.15868188,0.16612464,0.1819739,0.20318542,0.22630626,0.24840903,0.2673249,0.28163067,0.29061657,0.29428485,0.29336834,0.28933594,0.28432277,0.2808856,0.28148898,0.28778043,0.29999295,0.31687462,0.33616385,0.35524622,0.3716714,0.38345397,0.38922027,0.3882749,0.38062984,0.3670148,0.3488709,0.32831147,0.30800104,0.29085684,0.2794705,0.27531838,0.2781811,0.28626406,0.2969579,0.30768126,0.316408,0.3218644,0.323535,0.3215865,0.3167582,0.3102285,0.30344877,0.29793128,0.2949956,0.29551476,0.2997435,0.3072992,0.31729546,0.32855272,0.3397986,0.34981346,0.35752332,0.3620613,0.36281776,0.35949,0.3521324,0.34120172,0.32758448,0.31258613,0.29784897,0.2851562,0.2760985,0.27166247,0.27192312,0.27604267,0.2825957,0.2900239,0.2970018,0.30262345,0.30642846,0.30832303,0.3084464,0.30702898,0.30428222,0.30035582,0.29537794,0.28956968,0.28339553,0.27768713,0.27365848,0.2727296,0.27613416,0.28443283,0.2971932,0.3130345,0.32998317,0.34592095,0.35895565,0.3676665,0.37124184,0.36953726,0.3630692,0.35294488,0.3407218,0.3281871,0.3170627,0.30868313,0.30375013,0.30228123,0.3037893,0.30759415,0.313102,0.31993335,0.32787922,0.3367434,0.34616628,0.3555193,0.3639196,0.37035874,0.3739024,0.37390736,0.37021095,0.36326298,0.35416937,0.34460935,0.336577,0.3319272,0.33181494,0.33626905,0.34415075,0.35351887,0.36217314,0.3681248,0.36988834,0.3666086,0.35807604,0.34467518,0.3272953,0.30722186,0.28602076,0.26541823,0.24716872,0.23288769,0.22383028,0.2206469,0.22322576,0.23073454,0.24184425,0.25500187,0.26864478,0.28134406,0.29191273,0.29951018,0.30375215,0.30481747,0.3035248,0.30133113,0.30017725,0.3021071,0.30868277,0.32040986,0.33649364,0.35505852,0.37364912,0.38973725,0.4010914,0.4060044,0.4034263,0.39304537,0.37534615,0.3516619,0.32422873,0.2962137,0.271588,0.254531,0.24805938,0.25243014,0.2648735,0.28105485,0.2967588,0.3087336,0.31485796,0.31405506,0.30617175,0.29188612,0.27264994,0.25065336,0.22876273,0.21029003,0.19833377,0.19460773,0.19847095,0.20722274,0.21741658,0.22598656,0.23070566
53,0.21354438,0.2009211,0.18628597,0.17230183,0.16247503,0.1603344,0.16771333,0.18358122,0.20486213,0.22807585,0.25027716,0.2692879,0.28368086,0.2927449,0.29648086,0.29561815,0.29161778,0.28660157,0.28310952,0.28359354,0.28970316,0.30169237,0.31833974,0.33740935,0.3563,0.3725623,0.38420275,0.3898336,0.38874018,0.38091093,0.367048,0.34856287,0.3275424,0.3066398,0.288796,0.27667937,0.27188686,0.2743147,0.28222764,0.29301396,0.30405793,0.31329453,0.31941745,0.32188484,0.32083893,0.3169906,0.3114806,0.30570886,0.30112275,0.29897177,0.30007136,0.3046496,0.31233698,0.3222927,0.33339837,0.34444305,0.35425952,0.36181426,0.3662693,0.3670336,0.36381415,0.35666642,0.34603864,0.33279675,0.31820962,0.30386314,0.2914651,0.28252465,0.27796662,0.27784982,0.2813687,0.2871546,0.29370207,0.29972053,0.3043223,0.3070592,0.30785468,0.3068793,0.30441266,0.3007316,0.29605976,0.2905981,0.28462893,0.2786574,0.27352554,0.27041516,0.2706605,0.27535963,0.28492194,0.29880175,0.3155788,0.33330896,0.34994167,0.36365914,0.37310085,0.37749034,0.37668777,0.3711801,0.3620101,0.3506386,0.33873647,0.32791623,0.31944937,0.31405556,0.31185687,0.31252295,0.31552842,0.320387,0.32675934,0.3344133,0.3430874,0.35234344,0.361489,0.36961067,0.37570935,0.3788962,0.3785993,0.37474114,0.36785555,0.35911334,0.35021597,0.34311193,0.3395309,0.3404465,0.3457104,0.35407192,0.36356455,0.37202892,0.37755004,0.37872368,0.3747701,0.36554384,0.35148033,0.3335062,0.3129312,0.29133305,0.27043906,0.25199673,0.23761073,0.22852698,0.22539271,0.22809917,0.2358173,0.24721488,0.26072702,0.27477443,0.28791294,0.29894704,0.30703735,0.31181058,0.31346226,0.3128249,0.31135273,0.31095186,0.31359404,0.32074875,0.3328456,0.34905925,0.36752647,0.38582447,0.40145856,0.4122247,0.41643873,0.4130738,0.40184575,0.38327426,0.3587381,0.33053046,0.3018861,0.27684495,0.25963026,0.2532443,0.25786635,0.2706283,0.28711805,0.3030718,0.31521147,0.32140544,0.32057944,0.31259447,0.2981529,0.2787393,0.25658187,0.23458195,0.21606888,0.20412762,0.2004372,0.20433411,0.21311943,0.2233514,0.23195781,0.23669806
54,0.21929151,0.20640045,0.19156009,0.17744677,0.16755606,0.16537821,0.17272063,0.18857394,0.20989484,0.2332077,0.25554845,0.27471358,0.28925374,0.2984415,0.302267,0.30145276,0.29745483,0.29239026,0.28879574,0.2891275,0.295055,0.30686688,0.3233768,0.34236807,0.36123782,0.37751985,0.3891966,0.39485505,0.3937572,0.3858712,0.37188277,0.35319084,0.33187488,0.3105899,0.29229593,0.27970806,0.2744981,0.27664247,0.28445655,0.29533505,0.30663761,0.31626293,0.32286912,0.3258832,0.3254191,0.32215935,0.31721237,0.3119405,0.30775067,0.30585808,0.30706233,0.3116043,0.31915477,0.3289296,0.339869,0.35081136,0.3606252,0.36829832,0.37300095,0.37413907,0.37140685,0.3648378,0.35484877,0.3422637,0.32829645,0.3144643,0.3023985,0.29354143,0.2887881,0.28822303,0.29111087,0.29616266,0.30192924,0.30714166,0.3109077,0.31276512,0.31263098,0.3106904,0.3072654,0.30270153,0.29730764,0.2913701,0.2852386,0.27945048,0.27483073,0.27248654,0.2736247,0.2791929,0.2894793,0.30389234,0.32104835,0.33909237,0.35607603,0.37026885,0.38036853,0.38562244,0.38587794,0.38157135,0.37365708,0.36347422,0.35255197,0.34236866,0.33410838,0.32848534,0.32570603,0.32558453,0.32774678,0.33181748,0.3375052,0.34456635,0.35269073,0.36138412,0.36991736,0.37737504,0.3827945,0.3853558,0.38457787,0.38048276,0.37369692,0.36545527,0.3574673,0.35160556,0.349432,0.3516963,0.35804355,0.36710012,0.3768771,0.3852661,0.39043796,0.3910807,0.38649878,0.37661707,0.3619259,0.3433917,0.32235017,0.3003929,0.27925175,0.26067266,0.2462561,0.23724498,0.23428722,0.23727658,0.2453818,0.25725687,0.27131146,0.2859357,0.2996581,0.31126592,0.31991556,0.32524166,0.3274546,0.3273987,0.326523,0.32669893,0.32983318,0.33732116,0.34954304,0.36566728,0.3838573,0.4017257,0.4168067,0.42691627,0.4303873,0.42621344,0.41414002,0.39472863,0.36941388,0.34055695,0.31146276,0.28621903,0.26903617,0.26282763,0.2676607,0.28060094,0.29721484,0.3132278,0.325349,0.33143675,0.33041558,0.32215706,0.30738628,0.28762114,0.2651287,0.24284542,0.22411698,0.21201664,0.20820059,0.2120034,0.22074254,0.2309811,0.23963012,0.24442244
55,0.2268412,0.21397561,0.1992061,0.1852075,0.1754315,0.17328967,0.18055971,0.1963072,0.2175868,0.24096069,0.26344708,0.28280303,0.29753926,0.30689618,0.31084126,0.3100832,0.3060713,0.3009219,0.29717833,0.29731676,0.3030454,0.31470424,0.33115068,0.35018495,0.36919168,0.385673,0.39757314,0.40344298,0.40251565,0.39473957,0.3807902,0.36206448,0.34064597,0.31919646,0.30068424,0.28783888,0.28236377,0.28428602,0.29197124,0.30283827,0.31423837,0.3240412,0.33086875,0.33411327,0.33385813,0.33075878,0.32589948,0.32062146,0.3163178,0.3142038,0.31510073,0.3192937,0.32651293,0.3360359,0.3468546,0.35784322,0.36788845,0.37598005,0.38127604,0.38315806,0.3812854,0.37564754,0.3666088,0.35493195,0.3417615,0.32853952,0.316826,0.30801588,0.30300575,0.30194125,0.30418733,0.3085525,0.3136476,0.3182172,0.32134825,0.32254437,0.32169595,0.31898534,0.3147643,0.30944017,0.3034048,0.29702905,0.2907251,0.28504872,0.28078395,0.27893594,0.2805687,0.28649297,0.29692265,0.31128523,0.3282939,0.3462239,0.3632491,0.37773,0.38841563,0.39456347,0.39599055,0.39306313,0.38662782,0.3778845,0.36820605,0.35892457,0.3511235,0.3454936,0.34230265,0.34148535,0.342802,0.34598202,0.35078698,0.35697705,0.3642169,0.3719851,0.3795457,0.3860092,0.39047256,0.39220297,0.39082333,0.38646376,0.3798456,0.37226203,0.36541352,0.36106846,0.3605882,0.36447152,0.37214333,0.3821047,0.39234722,0.4008175,0.40577587,0.40600574,0.40089807,0.39044946,0.3752058,0.35617384,0.33471632,0.31244153,0.29109117,0.2724172,0.25802493,0.24916203,0.24648058,0.24987464,0.25850326,0.27099645,0.28572768,0.3010468,0.3154476,0.3276947,0.33693662,0.34281275,0.34554473,0.3459842,0.34557077,0.34614015,0.34954122,0.35711244,0.36920744,0.38500953,0.40272206,0.4199987,0.43440267,0.44376832,0.44644377,0.4414434,0.4285447,0.40835673,0.38237727,0.35304123,0.32372078,0.2985271,0.2816036,0.27570906,0.28076681,0.29379737,0.31039083,0.32629767,0.338233,0.344052,0.3426795,0.33399746,0.31875327,0.29849744,0.27553466,0.25283378,0.23375353,0.22135559,0.2172822,0.22088127,0.2294986,0.23970453,0.24838887,0.25325072
56,0.23557913,0.22303952,0.20861314,0.19495241,0.18543436,0.18336555,0.19050068,0.2060273,0.22715355,0.250512,0.27310982,0.29265615,0.30760798,0.3171594,0.32124323,0.3205453,0.31650332,0.31123295,0.30729046,0.30718437,0.31267875,0.32418185,0.34060532,0.3597676,0.37903443,0.39586598,0.4081575,0.41441518,0.41383812,0.4063538,0.39262977,0.3740658,0.35275325,0.33135816,0.31284136,0.2999151,0.29427645,0.2959796,0.30344287,0.31412885,0.32540035,0.33510947,0.3418462,0.34496856,0.34453,0.34116304,0.33593717,0.33018914,0.32532215,0.3225812,0.32283872,0.32644758,0.3332101,0.3424662,0.35325152,0.364462,0.37498564,0.3837959,0.3900194,0.3929937,0.39232317,0.38793376,0.3801192,0.36956647,0.35734123,0.34480917,0.3334682,0.32468545,0.31938487,0.31779867,0.31941217,0.3231435,0.32766756,0.33173904,0.33441505,0.3351524,0.33380046,0.33052397,0.32569027,0.31975588,0.31318426,0.3064203,0.29992694,0.29426393,0.29015905,0.2885052,0.2902287,0.29603016,0.30609348,0.31991383,0.33634096,0.35380515,0.37061316,0.38521573,0.3964048,0.40343505,0.40607768,0.4046134,0.39976764,0.39259157,0.38429755,0.37607035,0.36888996,0.36341313,0.35994813,0.35852435,0.35901344,0.36123705,0.3650111,0.37011367,0.37620783,0.38277277,0.389093,0.394328,0.3976517,0.3984297,0.39639536,0.3917884,0.38542148,0.3786359,0.37310523,0.37047133,0.37187544,0.3775571,0.38672376,0.3977579,0.40863514,0.41735607,0.42226687,0.42224205,0.4167546,0.40586874,0.3901825,0.37074056,0.34893227,0.32638484,0.30485508,0.28610963,0.2717689,0.2630945,0.26074776,0.2646219,0.27386042,0.28706107,0.3025533,0.3186405,0.33377692,0.34670076,0.35654855,0.36295968,0.36616087,0.36700398,0.36691332,0.36768818,0.37112764,0.37853062,0.390246,0.40549156,0.4225245,0.43904757,0.45265687,0.4612065,0.4630604,0.457254,0.44359782,0.42274958,0.3962707,0.36666685,0.33736515,0.31247106,0.29601464,0.29055476,0.29585487,0.3089093,0.32536554,0.34102887,0.35263935,0.35805884,0.35621664,0.3470057,0.33119428,0.31036228,0.28684726,0.26364416,0.24411935,0.23132268,0.22689056,0.23019697,0.23862623,0.24876072,0.257469,0.26241422
57,0.24482134,0.23288944,0.21905406,0.20592338,0.19677605,0.19480076,0.2017392,0.21693254,0.23778225,0.26102135,0.2836583,0.30335337,0.31850195,0.32824144,0.33245945,0.33181,0.3277125,0.3222791,0.3180812,0.31766853,0.32287458,0.33419037,0.35059234,0.36992112,0.38952154,0.40680635,0.41961566,0.4264058,0.42633834,0.41931838,0.40600568,0.38780314,0.366808,0.3456826,0.32736203,0.31451255,0.30879283,0.31026348,0.3173955,0.32771122,0.3386048,0.3479263,0.3542433,0.3568856,0.3558819,0.35184836,0.34584966,0.33923283,0.33343056,0.3297399,0.3291063,0.33196673,0.33820328,0.3472168,0.35807782,0.36969084,0.38092974,0.39073506,0.39818507,0.40255603,0.4033806,0.4005053,0.39413965,0.38488474,0.37372312,0.3619471,0.35100344,0.3422487,0.33665293,0.33455077,0.33555844,0.33871,0.34274745,0.34643552,0.3487981,0.34923917,0.3475588,0.34389368,0.3386146,0.33221346,0.32521105,0.31811172,0.31141558,0.3056749,0.30155423,0.29983646,0.30132493,0.30663666,0.315957,0.32887727,0.34440473,0.36113727,0.3775191,0.3920893,0.40367553,0.4115193,0.41533485,0.41530764,0.41203582,0.40642112,0.39952034,0.39237863,0.38587755,0.38063538,0.37698483,0.3750258,0.37471738,0.37595847,0.37861702,0.38249937,0.3872861,0.39247963,0.39740598,0.40128967,0.40339145,0.4031796,0.4004969,0.39568773,0.3896472,0.3837517,0.3796329,0.3787934,0.3821512,0.38969657,0.40043673,0.4126489,0.42429635,0.43342882,0.43846893,0.43837136,0.43268082,0.4215198,0.40553075,0.38579082,0.36371285,0.34094337,0.31925848,0.30044717,0.2861553,0.27766913,0.27566665,0.28004307,0.28992382,0.30386975,0.3201615,0.33705202,0.3529526,0.36657113,0.37702715,0.38395292,0.38757145,0.3887258,0.38881826,0.38961163,0.39286485,0.39985546,0.41094956,0.42541894,0.44158936,0.45722234,0.46995285,0.47765753,0.47871652,0.47218487,0.457903,0.4365721,0.40980914,0.380177,0.35113525,0.3267515,0.31090748,0.30594307,0.31146827,0.32447362,0.34068957,0.3559983,0.36718053,0.37211418,0.36973646,0.35995084,0.3435423,0.32211336,0.29802516,0.27428907,0.25427175,0.24101163,0.23614828,0.23909424,0.24728239,0.25731343,0.26603818,0.2710849
58,0.25388253,0.24279968,0.22976173,0.21731356,0.20862061,0.20675157,0.21344423,0.22820863,0.2486626,0.27166423,0.2942396,0.31400594,0.3292952,0.3391824,0.34350243,0.34286937,0.33867714,0.33302948,0.32851234,0.3277212,0.3325682,0.34363833,0.35998192,0.3794672,0.39941946,0.4172034,0.43060252,0.43802202,0.43858522,0.43217427,0.41944042,0.40178752,0.38131335,0.3606656,0.34273523,0.33011737,0.32440525,0.32564577,0.33235714,0.34213078,0.35240984,0.3610603,0.36664224,0.36846867,0.3665529,0.36150372,0.3543909,0.34658346,0.3395577,0.3346781,0.3329774,0.33498698,0.34067243,0.34949246,0.36054364,0.37272695,0.3848885,0.395922,0.40484315,0.41085306,0.41339964,0.4122384,0.40748563,0.39965153,0.38963535,0.378662,0.36813867,0.35942554,0.3535515,0.3509611,0.35140434,0.3540319,0.35765344,0.3610444,0.36319563,0.363457,0.36157623,0.35765663,0.35206425,0.34531543,0.33797517,0.33059385,0.32369682,0.31782097,0.3135666,0.3116142,0.31265992,0.31725636,0.32560697,0.33740965,0.35183492,0.36765128,0.3834409,0.39782903,0.40967438,0.41819915,0.42305538,0.4243303,0.42249668,0.4183147,0.41269815,0.40656686,0.40071398,0.39571944,0.3919283,0.38949,0.38842914,0.38870588,0.390235,0.39285672,0.39628208,0.4000521,0.40354767,0.40606663,0.40695873,0.40579128,0.40250844,0.39754793,0.39187422,0.38688612,0.38416424,0.38507217,0.39031923,0.39967278,0.4119673,0.42539218,0.43790135,0.44758552,0.45292982,0.45295337,0.44725737,0.43600896,0.41988346,0.39998126,0.37773302,0.354802,0.3329852,0.3140996,0.2998258,0.2914861,0.2897864,0.29463106,0.30513045,0.319808,0.3368937,0.3545879,0.3712561,0.3855716,0.3966303,0.4040484,0.40803468,0.40941277,0.4095564,0.41019243,0.41305032,0.41940522,0.4296624,0.4431677,0.45833078,0.47298267,0.48480347,0.49169487,0.492052,0.48494476,0.47023535,0.44865614,0.42186233,0.3924505,0.36388266,0.34015602,0.3249838,0.32049364,0.3261703,0.33902913,0.3549042,0.36976978,0.38045824,0.3848695,0.38194984,0.37160966,0.3546431,0.33266413,0.3080442,0.28379768,0.26328304,0.24952845,0.24418761,0.24672541,0.25463414,0.26454052,0.27328306,0.27845842
59,0.2621397,0.2520901,0.2400008,0.22833936,0.22015186,0.21839254,0.22480269,0.2390633,0.25901628,0.2816618,0.30406052,0.32379666,0.33914244,0.34910923,0.3534747,0.35280687,0.34846747,0.34254596,0.3376399,0.33639148,0.34079683,0.351542,0.36775845,0.38734722,0.40761814,0.4258909,0.4398952,0.4479879,0.44925606,0.4435602,0.43154272,0.41460532,0.39483953,0.37486628,0.3575152,0.34528825,0.3396899,0.34073287,0.34697166,0.35606974,0.36553347,0.37326372,0.3778316,0.37854913,0.37542707,0.36907744,0.3605844,0.35134786,0.3428964,0.3366706,0.33379817,0.3349096,0.34005436,0.34874424,0.36009324,0.3729881,0.386236,0.39867255,0.40924037,0.41705543,0.421472,0.42214775,0.41910142,0.41275144,0.40391752,0.39376533,0.38367397,0.3750189,0.36889574,0.36586067,0.365794,0.3679582,0.3712275,0.37438747,0.3763971,0.376554,0.37455472,0.37046868,0.36465406,0.3576453,0.35004288,0.3424332,0.33535823,0.32933477,0.32490018,0.32264078,0.32315755,0.32694924,0.33424106,0.3448347,0.35805798,0.3728452,0.38791358,0.40197232,0.41390923,0.42292586,0.42861235,0.4309623,0.43033266,0.42735678,0.4228243,0.4175483,0.41224688,0.40746453,0.40354994,0.40068474,0.39893907,0.39831865,0.39877748,0.4001904,0.40230548,0.40471044,0.40684658,0.40808547,0.40786037,0.4058265,0.40201458,0.3969387,0.39161715,0.38746053,0.3859984,0.38847065,0.3954091,0.40639788,0.4201332,0.43473524,0.4481503,0.4584993,0.46431264,0.46465486,0.45916483,0.44803718,0.43196526,0.41206062,0.38976237,0.36674482,0.34482375,0.32584646,0.31153572,0.30326188,0.30177295,0.3069956,0.31803384,0.33337802,0.3512088,0.3696733,0.38708884,0.40208915,0.41373897,0.4216283,0.42593965,0.4274665,0.4275471,0.4278736,0.4301568,0.4356881,0.44493383,0.45733377,0.4713972,0.48503524,0.49597907,0.50215626,0.5019732,0.49450615,0.47962534,0.45807534,0.43152446,0.40257156,0.37464613,0.35164654,0.33711252,0.33298856,0.33867994,0.35126197,0.36669084,0.38104287,0.3912077,0.39510906,0.39169964,0.38088936,0.36347005,0.34105197,0.31599966,0.2913143,0.27033645,0.2560859,0.25024366,0.252343,0.25994805,0.26972026,0.2784923,0.28383335
60,0.26908934,0.2601874,0.24913216,0.23830567,0.23063618,0.22897445,0.2350716,0.24877289,0.26813978,0.29032263,0.31243056,0.33202666,0.3473304,0.35729176,0.36163,0.36086303,0.3563148,0.35005483,0.34468782,0.3429014,0.34677735,0.35710663,0.37310618,0.39271444,0.4132307,0.43193537,0.4465107,0.45527098,0.45727223,0.45235658,0.4411581,0.4250737,0.40618157,0.3870643,0.37047392,0.35880014,0.3534376,0.35434446,0.3600974,0.36843023,0.37692332,0.38353106,0.38685584,0.386227,0.38166797,0.37380552,0.36374658,0.3529278,0.34293404,0.33528462,0.33120352,0.33142006,0.33606428,0.34469458,0.35643396,0.37014577,0.3845897,0.39853567,0.4108465,0.42054746,0.42689502,0.42944643,0.42812315,0.42325526,0.4155896,0.40624243,0.39657602,0.387991,0.38165423,0.37823066,0.37772223,0.37949306,0.38247436,0.38545847,0.3873731,0.3874671,0.38539025,0.38118207,0.37519488,0.36798057,0.36017144,0.35238472,0.34517372,0.33903253,0.33443713,0.33188537,0.33189017,0.33489946,0.3411555,0.35055158,0.36255902,0.37626678,0.39052084,0.4041117,0.41595605,0.4252372,0.43148944,0.434623,0.4348947,0.43283156,0.42912194,0.424494,0.41960597,0.4149724,0.41093963,0.40770724,0.40537325,0.40397358,0.40349182,0.40383407,0.40478602,0.4059833,0.40692616,0.40705314,0.40586853,0.40309766,0.3988363,0.39365372,0.38860464,0.3851049,0.3846429,0.38836506,0.3966721,0.40901476,0.42398942,0.43966603,0.45398316,0.46507916,0.4715106,0.47236592,0.46730068,0.45651755,0.44071037,0.4209869,0.39878237,0.37577245,0.3537853,0.3346968,0.32027617,0.3119535,0.3105365,0.3159928,0.32743528,0.34333095,0.36181578,0.3809847,0.3991047,0.4147651,0.4269911,0.43533552,0.4399425,0.44156408,0.44149616,0.4413972,0.4429691,0.44753733,0.45564982,0.46685985,0.4797917,0.4924468,0.5026118,0.50823915,0.5077398,0.500184,0.48543164,0.4642148,0.4381838,0.4099035,0.3827348,0.36045435,0.3464375,0.34249145,0.34800026,0.36014012,0.37500796,0.38878846,0.3984297,0.4018763,0.39808047,0.3869405,0.36923066,0.34653887,0.3212024,0.29619092,0.274816,0.26009154,0.25374085,0.25538433,0.26267236,0.27231076,0.28113315,0.28668523
61,0.27439433,0.26667678,0.2566682,0.2466634,0.23948084,0.23788305,0.24363706,0.2567409,0.2754617,0.29709873,0.31881794,0.33817205,0.35333595,0.36320308,0.3674356,0.36649975,0.36167777,0.35501423,0.34911668,0.3467155,0.34997755,0.35979968,0.37548596,0.39501485,0.4156799,0.43472916,0.44980568,0.4591898,0.46191382,0.4578066,0.447496,0.4323722,0.41449365,0.39639366,0.38073188,0.36976856,0.36476964,0.3656197,0.3709028,0.3784188,0.3858305,0.39116296,0.39307013,0.39091805,0.38475847,0.37524474,0.36351398,0.35104275,0.33947203,0.33039713,0.325134,0.32450512,0.32871398,0.3373574,0.34955862,0.3641504,0.3798395,0.3953266,0.40939257,0.4209709,0.42922047,0.43360046,0.4339393,0.43048558,0.4239227,0.41532865,0.40606022,0.39755136,0.39104196,0.3872993,0.38643378,0.38789567,0.39066046,0.39352027,0.39537084,0.39541617,0.39326653,0.38893938,0.38278812,0.3753869,0.3674018,0.35948032,0.35218516,0.34598604,0.34129822,0.33853367,0.3381197,0.34045133,0.34577808,0.354068,0.36491695,0.3775529,0.39094067,0.4039477,0.41551992,0.42482707,0.4313567,0.4349504,0.43578458,0.43430406,0.4311219,0.42690504,0.42226934,0.41770703,0.41355926,0.4100321,0.40723613,0.4052226,0.4039933,0.4034786,0.40349746,0.40372908,0.40372497,0.40297818,0.40104535,0.3976983,0.39307132,0.38776293,0.3828461,0.37973842,0.37990645,0.38444626,0.39368665,0.407003,0.4229336,0.43951684,0.45468247,0.46657228,0.47374853,0.47530124,0.4708803,0.4606754,0.4453619,0.42602655,0.40408522,0.38120142,0.35920465,0.3399924,0.32538053,0.31686896,0.31534472,0.3208411,0.33250216,0.34878695,0.36779526,0.38757268,0.4063346,0.4226206,0.435408,0.4442013,0.44909385,0.45078492,0.45052105,0.44992664,0.45070317,0.4542253,0.46114177,0.47113788,0.48296764,0.49473205,0.5042762,0.50957435,0.50903255,0.5016994,0.48740274,0.4668337,0.44159004,0.4141643,0.387814,0.36617735,0.35248443,0.34846124,0.35353693,0.36503473,0.3792127,0.3923687,0.4015065,0.40458468,0.400544,0.3892565,0.3714605,0.3487004,0.32326388,0.29806873,0.27638572,0.26122496,0.25436834,0.2555448,0.26250818,0.2720191,0.2809183,0.28673145
62,0.27791682,0.27133933,0.26231462,0.25305519,0.24628359,0.2446926,0.2500721,0.26255873,0.2806045,0.30164677,0.32290995,0.34194338,0.35688522,0.36657834,0.37063125,0.3694591,0.36430076,0.35717285,0.3506822,0.3475995,0.35017523,0.35941097,0.37469673,0.3940513,0.4147655,0.43406165,0.4495528,0.45949522,0.46290636,0.45960844,0.45022634,0.4361428,0.41939104,0.40244514,0.38785905,0.37774795,0.37323275,0.374108,0.37895203,0.38562638,0.39188302,0.3958328,0.39620018,0.39240617,0.38454658,0.37331232,0.35987696,0.34575805,0.3326492,0.32221448,0.31585225,0.3144674,0.3183257,0.3270515,0.33975983,0.35524774,0.3721673,0.38915083,0.40489957,0.41825894,0.42829517,0.43437552,0.43624362,0.43407637,0.42850536,0.42058244,0.41166994,0.403242,0.39661086,0.39263633,0.39151946,0.3927761,0.39540806,0.39819664,0.40000293,0.39999065,0.3977396,0.39325652,0.38690746,0.37929863,0.37113702,0.36310405,0.35577294,0.34958854,0.34490463,0.34204718,0.3413571,0.34317172,0.34773567,0.3550733,0.36488345,0.37651396,0.3890348,0.40138325,0.41253328,0.42164564,0.42817163,0.43190044,0.43295005,0.43170926,0.42874366,0.42468485,0.42012623,0.41554824,0.41128734,0.40754804,0.40444022,0.40201616,0.4002834,0.39918658,0.39856982,0.39814684,0.39750838,0.39618498,0.39376262,0.39003143,0.385133,0.3796657,0.37469992,0.37165278,0.3719935,0.37682077,0.38646066,0.40027925,0.4168025,0.43405703,0.44996265,0.46265027,0.4706672,0.47308233,0.4695173,0.46012747,0.44554973,0.42683107,0.40535027,0.38274157,0.36081976,0.34149113,0.3266125,0.31776002,0.31592062,0.32122293,0.3328721,0.3493415,0.3687076,0.38897172,0.40829694,0.42516816,0.4385063,0.4477563,0.4529484,0.4547178,0.4542537,0.4531448,0.45309773,0.45554903,0.46126503,0.4700803,0.4808927,0.49191105,0.5010407,0.50627244,0.50599605,0.49922103,0.48571926,0.46611118,0.44190666,0.41548824,0.38997775,0.368863,0.3552522,0.3508495,0.35519886,0.3658217,0.37916163,0.39163485,0.400296,0.40310702,0.3989831,0.38775256,0.37009734,0.34749573,0.32216215,0.29694167,0.275051,0.25949752,0.25213844,0.25283542,0.2594655,0.26885557,0.27785906,0.28398332
63,0.27972972,0.274169,0.26599327,0.2573438,0.25086653,0.24920598,0.25418267,0.2660565,0.28343746,0.30388153,0.32466492,0.3433359,0.3580017,0.367461,0.3712735,0.3698062,0.3642557,0.35660997,0.3494741,0.34565797,0.3474946,0.35608816,0.370911,0.39001903,0.4107007,0.4301577,0.4459815,0.45641422,0.46046796,0.4579656,0.44953325,0.4365462,0.42100817,0.40532514,0.39193326,0.38278937,0.37885627,0.37982613,0.3842622,0.39008468,0.3951402,0.3976382,0.3963898,0.39088747,0.38128474,0.36832017,0.35320863,0.33750856,0.32296017,0.31128573,0.30395195,0.3019304,0.30553356,0.31440035,0.32762924,0.34397897,0.3620494,0.38041005,0.39768973,0.41265365,0.42428434,0.43186706,0.43507168,0.43401593,0.42929256,0.42194018,0.41333696,0.40500262,0.3983187,0.39422387,0.3929876,0.3941655,0.39676338,0.3995376,0.4013108,0.40121117,0.3987988,0.394084,0.38746044,0.37958035,0.37120318,0.36305237,0.35571563,0.34961367,0.34503776,0.3422264,0.3414312,0.34292582,0.34693828,0.35353047,0.3624815,0.37323704,0.3849546,0.3966299,0.40726072,0.41600126,0.42227587,0.42583734,0.42676744,0.42542592,0.42236006,0.4181942,0.41352215,0.40882725,0.40444592,0.40057656,0.39731783,0.3947094,0.39275128,0.3913904,0.39048496,0.38977122,0.3888642,0.38731182,0.3847042,0.38081887,0.37577054,0.37012398,0.3649219,0.3615751,0.36157954,0.3660928,0.3755153,0.38927862,0.40594864,0.4235645,0.44003668,0.4534718,0.46238232,0.46579352,0.46327695,0.45493272,0.4413393,0.42348465,0.4026911,0.38054353,0.35882148,0.3394207,0.32422596,0.31488955,0.3125164,0.31736404,0.32873616,0.34515095,0.36467978,0.38528758,0.40508544,0.4224986,0.43638298,0.44611275,0.45164305,0.45353335,0.4529069,0.451313,0.45046622,0.45187438,0.45643565,0.4641498,0.4740719,0.48452646,0.4934795,0.49893206,0.4992452,0.49337098,0.48100173,0.46265814,0.43972898,0.41445208,0.38978466,0.36905366,0.355267,0.35016143,0.35346398,0.36294973,0.37527826,0.38699266,0.39519307,0.3978325,0.39378408,0.38281322,0.36552426,0.34330654,0.31827822,0.29319042,0.27119172,0.2552858,0.24742073,0.24761666,0.25389686,0.26316735,0.2722983,0.27877864
64,0.28010094,0.27536374,0.26783985,0.2596165,0.25328702,0.251472,0.2560313,0.267331,0.2841069,0.3040056,0.3243401,0.3426544,0.35702822,0.36622176,0.36975205,0.36794323,0.36195335,0.35374463,0.3459225,0.3413379,0.3424071,0.35033458,0.36466932,0.38349774,0.40410262,0.42366686,0.43976694,0.45063952,0.45529997,0.45357904,0.44610837,0.4342565,0.41999388,0.4056509,0.3935357,0.3854367,0.3821501,0.38325933,0.3873079,0.39227384,0.39610302,0.39711297,0.39421386,0.38698235,0.375641,0.36098394,0.34427145,0.32710135,0.31125352,0.29849556,0.29034504,0.28782016,0.29126075,0.30030537,0.31402886,0.33115244,0.3502308,0.36978072,0.38836977,0.40469477,0.41766644,0.4265008,0.4308074,0.43065873,0.42662257,0.41973704,0.41140577,0.4031973,0.39655638,0.39248323,0.3912889,0.39253846,0.39521602,0.39803708,0.39978144,0.39954716,0.39688674,0.39182982,0.3848148,0.376557,0.36788324,0.35957077,0.3522292,0.34625825,0.3418866,0.3392635,0.33854863,0.33994615,0.3436562,0.34976,0.35809347,0.36817512,0.37922782,0.3902898,0.40037394,0.40862688,0.4144529,0.4175825,0.4180822,0.41630906,0.41282213,0.4082686,0.40326947,0.3983303,0.39379722,0.38986263,0.38660592,0.3840421,0.3821499,0.38086528,0.38004738,0.37944126,0.37866977,0.3772779,0.3748339,0.37107185,0.3660443,0.36024606,0.35466108,0.35067892,0.3498365,0.35340163,0.36192876,0.37499908,0.3912824,0.40886325,0.42564884,0.43971097,0.4495085,0.4540025,0.45269346,0.4456064,0.43324253,0.4165119,0.3966608,0.37520295,0.3538585,0.3344873,0.31898,0.30905527,0.30594718,0.31007555,0.320887,0.33698386,0.35645804,0.37724954,0.39741912,0.41532767,0.4297574,0.44000095,0.44592622,0.44800562,0.44728726,0.44527555,0.44369292,0.44412434,0.44761148,0.45433372,0.46351632,0.47360682,0.48263216,0.48859668,0.48981988,0.48517904,0.47426525,0.4574739,0.43604407,0.4120395,0.3882279,0.36776415,0.35356897,0.34745294,0.3493854,0.35745245,0.36856776,0.37941632,0.38714147,0.38967496,0.3858308,0.37529224,0.3585655,0.33692986,0.31238598,0.28757155,0.26555225,0.24932396,0.24093774,0.24059777,0.24649897,0.25564077,0.2649134,0.27178472
65,0.27944523,0.2752851,0.2681713,0.26015946,0.2538187,0.2517722,0.25592816,0.2667396,0.28303042,0.3025013,0.32247993,0.34049743,0.3546065,0.36353427,0.3667621,0.36457852,0.35810992,0.3492992,0.3407583,0.33538485,0.33568218,0.34295413,0.3568193,0.3753846,0.3959195,0.41558632,0.43194947,0.44324613,0.44850174,0.44756055,0.44106343,0.4303725,0.4174221,0.40446067,0.39366117,0.38663834,0.38402012,0.38528192,0.3889486,0.39305693,0.39565498,0.39517355,0.39062923,0.38169077,0.368657,0.3523833,0.3341776,0.3156754,0.29868874,0.2850168,0.27620843,0.2733055,0.2766536,0.28587618,0.3000198,0.3177735,0.33765802,0.35815123,0.37777376,0.3951681,0.40918723,0.4189922,0.42414677,0.42469272,0.4211868,0.41467854,0.40660498,0.39858434,0.39211506,0.3882376,0.38727385,0.38876542,0.3916476,0.39457956,0.39629492,0.39586794,0.39285597,0.38732374,0.37977168,0.37099567,0.36190706,0.35335174,0.3459724,0.34015435,0.3360664,0.33376867,0.33332714,0.33487168,0.33856383,0.34448588,0.35250542,0.36218542,0.372788,0.3833733,0.39295644,0.40067244,0.4059092,0.4083865,0.408174,0.40565085,0.40141723,0.3961749,0.3906023,0.38525185,0.38049504,0.37652323,0.37339243,0.3710823,0.36953673,0.36866653,0.3683178,0.3682298,0.36801693,0.36720178,0.3653076,0.36199683,0.35722724,0.3513869,0.34536445,0.34050006,0.33836675,0.34037542,0.34730685,0.35898325,0.37425807,0.39130962,0.40805873,0.42253774,0.43313676,0.4387337,0.43873915,0.43308505,0.42217803,0.40683317,0.38820192,0.3677055,0.3469789,0.32781634,0.3120837,0.30154338,0.29755676,0.3007324,0.31070688,0.32621488,0.3454032,0.36620423,0.38663232,0.4049803,0.41994828,0.430737,0.437116,0.43946013,0.4387331,0.43638802,0.4341526,0.4336918,0.43619922,0.4420465,0.45064154,0.46056226,0.46989632,0.47664455,0.47907302,0.47596878,0.46680385,0.45182854,0.43211073,0.4095185,0.386611,0.36635855,0.35159522,0.344225,0.34450006,0.35086972,0.3605469,0.370383,0.37756914,0.3800072,0.37643707,0.36644253,0.35041395,0.32950306,0.30557618,0.28114155,0.259168,0.24263588,0.23370458,0.23278356,0.23826516,0.24725768,0.25667417,0.26395673
66,0.27824432,0.27438647,0.26742157,0.2594001,0.2528986,0.2505712,0.25438276,0.26485088,0.28084347,0.30007225,0.31985104,0.33768559,0.35160035,0.3602939,0.36321962,0.36063924,0.35365713,0.34420663,0.33491635,0.3287407,0.32827792,0.33493304,0.34838748,0.36675614,0.38728362,0.40710485,0.42377087,0.43552133,0.44139493,0.4412526,0.43574598,0.42623067,0.41460192,0.4030225,0.3935275,0.38755986,0.38558653,0.38698372,0.3902636,0.39352393,0.3949145,0.3929794,0.3868425,0.37626642,0.3616286,0.34384733,0.3242787,0.30459315,0.28662753,0.27219892,0.26286757,0.25967595,0.26295504,0.27230176,0.2867348,0.30492076,0.32536104,0.34651032,0.36685765,0.3850058,0.39976457,0.41025466,0.41600847,0.4170511,0.4139411,0.40774956,0.39995238,0.39221516,0.38607696,0.38259366,0.3820654,0.3839774,0.3871916,0.39029863,0.39198527,0.39130926,0.38784444,0.38170397,0.3734649,0.3640191,0.3543789,0.34547526,0.33799878,0.33233154,0.32858953,0.32674727,0.3267774,0.32873148,0.33272153,0.338811,0.34687153,0.35647947,0.36690658,0.37721193,0.3863984,0.3935835,0.39814073,0.39978787,0.39861295,0.39503834,0.389732,0.38348126,0.37705404,0.371079,0.36597428,0.36194098,0.3590116,0.35712203,0.35616842,0.35602185,0.3565007,0.35732386,0.35808235,0.35826007,0.35731673,0.35482186,0.3506125,0.34493864,0.33855578,0.33271477,0.32899457,0.3289492,0.33363292,0.34319597,0.3567708,0.37270033,0.38895452,0.40353307,0.41474858,0.4213806,0.42273352,0.41863054,0.409369,0.39565417,0.37852666,0.359296,0.3394881,0.32080096,0.30503958,0.29397452,0.28907394,0.2911447,0.30005386,0.31472135,0.33339256,0.3540173,0.3745725,0.39328128,0.4087552,0.42009437,0.42696095,0.42962354,0.4289541,0.42634818,0.42353493,0.4222591,0.42387143,0.42894587,0.4370838,0.4470002,0.45684332,0.46460375,0.46848372,0.46716785,0.45999643,0.4470622,0.42925,0.40822086,0.38631454,0.36630577,0.3509306,0.34217978,0.3405993,0.34503672,0.35304967,0.36169115,0.3682151,0.37049305,0.36718157,0.35775262,0.3424684,0.32234192,0.2990951,0.2750971,0.2532093,0.23638578,0.22689019,0.22534768,0.23036869,0.23918562,0.24873704,0.25643367
67,0.27694476,0.2731175,0.26605117,0.25782013,0.2510421,0.24843068,0.25201416,0.2623479,0.27829438,0.29752824,0.3173178,0.3351295,0.34895688,0.35747433,0.3601149,0.35712335,0.3495928,0.33945918,0.32938102,0.32238352,0.32117245,0.32726046,0.34038752,0.3586636,0.37929335,0.39937294,0.41643322,0.42871293,0.43526268,0.43595925,0.43146417,0.4231245,0.41279468,0.40255114,0.3942954,0.38930994,0.38791788,0.38941282,0.39230406,0.3947514,0.3950019,0.39170614,0.3840888,0.37200132,0.35589576,0.33675042,0.31596655,0.2952452,0.27644044,0.26137456,0.25160158,0.24814576,0.25130954,0.26065993,0.2751947,0.29357153,0.3142877,0.3357894,0.3565479,0.37513968,0.3903449,0.4012572,0.40739092,0.40876675,0.40595555,0.4000574,0.39258894,0.38525718,0.37962535,0.37673852,0.37684378,0.3793422,0.3830045,0.38634706,0.3880131,0.38705185,0.3830628,0.3762163,0.36717445,0.3569351,0.34662384,0.33727217,0.32963544,0.32410815,0.32076573,0.31950513,0.32020846,0.32284525,0.3274653,0.3340909,0.34256756,0.35245237,0.3629977,0.37323993,0.38215736,0.3888456,0.3926659,0.39334118,0.39098898,0.38609046,0.37940216,0.3718232,0.36424148,0.35739255,0.3517672,0.34759226,0.34488106,0.34352016,0.3433459,0.3441752,0.3457839,0.34785682,0.34994859,0.3514926,0.35187376,0.35055673,0.34724355,0.34202603,0.33549654,0.32877365,0.32339096,0.32100537,0.3229452,0.3297476,0.34092116,0.3550678,0.3702683,0.3845166,0.39605066,0.40354335,0.4061805,0.4036642,0.39617065,0.3842837,0.36892083,0.3512653,0.33271497,0.31484565,0.29936606,0.28801176,0.28231773,0.28327233,0.29099253,0.30463,0.32257766,0.3428369,0.36336374,0.38231578,0.39821365,0.41005194,0.41738054,0.42035747,0.41975895,0.41691932,0.41356558,0.41151997,0.41229185,0.41666314,0.42443627,0.43446776,0.444965,0.45390207,0.4594084,0.46005788,0.45505238,0.4443231,0.4285704,0.409249,0.38847962,0.3688366,0.3529408,0.34284025,0.33935016,0.34172,0.34788498,0.355139,0.36082613,0.3627989,0.35963142,0.35068032,0.33607563,0.31668913,0.29409805,0.27053216,0.24874188,0.23164444,0.22159272,0.21942066,0.2239638,0.23258892,0.24226275,0.25035986
68,0.27585468,0.2718224,0.26444587,0.255853,0.24873617,0.24589624,0.24942796,0.25989303,0.2760954,0.2956237,0.31567025,0.3336487,0.34751976,0.3559373,0.35832104,0.35490763,0.34678954,0.3359174,0.324994,0.3171317,0.31516135,0.32071617,0.3335962,0.3518956,0.3727624,0.39323804,0.4108206,0.42373878,0.4310481,0.43263587,0.4291691,0.4219835,0.4128921,0.40388954,0.3967565,0.39263698,0.39173678,0.3932893,0.39581183,0.3975247,0.39676237,0.39226833,0.38335428,0.36994794,0.35256556,0.3322367,0.31040046,0.28878126,0.26924187,0.25359902,0.24338853,0.23960719,0.24252783,0.25169548,0.26610076,0.28440654,0.30511823,0.32668397,0.3475672,0.3663286,0.38172957,0.39284804,0.39919096,0.40078405,0.39821747,0.39262354,0.38555753,0.37875798,0.3737943,0.3716762,0.3725732,0.37578455,0.37998322,0.38361412,0.38528454,0.38404283,0.3795194,0.37194413,0.36206466,0.35098568,0.33995077,0.3301022,0.3222755,0.31689563,0.31401405,0.31346214,0.31503645,0.3186202,0.32418612,0.33169076,0.34092325,0.3513914,0.36230433,0.37266102,0.38140947,0.38762414,0.39065883,0.39024788,0.3865456,0.38010076,0.37177026,0.36258188,0.35356665,0.34559417,0.3392542,0.33481854,0.33228955,0.3315018,0.33222172,0.33419815,0.3371506,0.3407172,0.34440663,0.34759527,0.34959,0.3497499,0.3476414,0.34319404,0.33682275,0.32948163,0.32260332,0.31787667,0.3168493,0.32044658,0.32862195,0.3403378,0.3538745,0.36727408,0.37872228,0.38678873,0.39053562,0.38953605,0.383837,0.3738931,0.3604907,0.3446782,0.3277141,0.3110356,0.29622868,0.2849534,0.2787601,0.27877373,0.28534636,0.29788354,0.3149679,0.3346918,0.35501614,0.37404615,0.39021704,0.40242034,0.41009554,0.41329238,0.41269365,0.40957364,0.40565604,0.40283778,0.40278408,0.40648445,0.41394356,0.42415905,0.43539307,0.44559577,0.45281684,0.45551485,0.4527531,0.4443056,0.43069735,0.41318926,0.39369598,0.3745971,0.35838455,0.34712306,0.34184238,0.34215862,0.34638852,0.35209784,0.35675466,0.3582163,0.35498813,0.34631974,0.33221602,0.3134162,0.29136357,0.26816002,0.24645196,0.22911389,0.21856536,0.215821,0.21992564,0.22837809,0.23817359,0.2466483
69,0.27506793,0.2706584,0.26282895,0.25378802,0.24633408,0.24337919,0.24708347,0.25797954,0.2747602,0.29488352,0.31544068,0.33378294,0.347837,0.3562392,0.3584009,0.35455704,0.34580716,0.33412609,0.3222728,0.3134637,0.310676,0.3156848,0.32836094,0.34677744,0.3680092,0.3890233,0.40726706,0.42094406,0.4291025,0.43163037,0.42919302,0.4231112,0.41515857,0.40725866,0.40109292,0.39769787,0.3971952,0.39878294,0.40099573,0.4021092,0.40052977,0.3950745,0.38512176,0.37065676,0.35224307,0.3309472,0.30823365,0.2858396,0.26562697,0.2493992,0.23867066,0.23441586,0.23689288,0.24564499,0.25967345,0.27765766,0.29811704,0.3195057,0.34028372,0.35900247,0.37441227,0.38558343,0.39202288,0.39376673,0.39142698,0.38616663,0.37957284,0.37340343,0.36921677,0.36796987,0.36974204,0.37372804,0.37850964,0.3824714,0.38419518,0.38273495,0.37775275,0.36953342,0.35890198,0.34706107,0.33536637,0.3250717,0.31710187,0.31192777,0.3095943,0.30988118,0.31250533,0.31725886,0.32402182,0.33266145,0.34288472,0.35412866,0.36554608,0.37609503,0.3846968,0.39041275,0.39259756,0.39100417,0.38582805,0.37768766,0.36754212,0.35655248,0.34590313,0.3366148,0.32939646,0.32458267,0.32217443,0.321954,0.32361004,0.3268118,0.33121043,0.33638805,0.34180203,0.3467715,0.35053027,0.3523413,0.3516477,0.3482281,0.3423249,0.334716,0.3266926,0.31990075,0.31601465,0.3162826,0.32110807,0.32988736,0.34119776,0.35320833,0.36409986,0.37235996,0.3769337,0.37726474,0.37326792,0.36526528,0.35390916,0.3401106,0.32498664,0.3098314,0.29609624,0.2853384,0.27907547,0.27850708,0.28416935,0.29570514,0.31190425,0.33098304,0.3509384,0.36984634,0.3860728,0.39841902,0.40622553,0.40944508,0.4086777,0.40514597,0.40057406,0.39693198,0.39603457,0.39907113,0.40624028,0.4166717,0.42867208,0.44015843,0.44909462,0.4538236,0.453276,0.44708094,0.435606,0.41994104,0.40181854,0.38344076,0.3671675,0.35504234,0.3482414,0.34667963,0.34902272,0.353116,0.3565802,0.35730797,0.35376146,0.34510374,0.33123365,0.31277788,0.29106784,0.26810092,0.24643852,0.22891548,0.21799393,0.21482287,0.2186131,0.22697294,0.23692027,0.24575327
70,0.2744412,0.26956102,0.26121342,0.2517096,0.24398012,0.24106681,0.24518895,0.25681403,0.27447674,0.29547042,0.31676894,0.33565658,0.3500262,0.35849813,0.36047733,0.35619912,0.34677267,0.33420086,0.32130563,0.31142068,0.30769333,0.3120707,0.32451743,0.34308884,0.3647726,0.3864394,0.40546376,0.4200043,0.42908537,0.43258256,0.4311505,0.42609176,0.4191457,0.4121811,0.40680867,0.4039942,0.40381086,0.4054448,0.40745455,0.40816158,0.40602508,0.3999117,0.38924214,0.37403557,0.3548815,0.33286425,0.30945736,0.286397,0.2655346,0.24865666,0.23726253,0.23232384,0.23411326,0.24220164,0.25562,0.27307087,0.2930865,0.314124,0.33463955,0.35317707,0.36847988,0.379615,0.38609254,0.38795966,0.38584754,0.3809432,0.3748555,0.3693487,0.3659586,0.36558324,0.36821544,0.3729587,0.3783217,0.38264573,0.38449854,0.38294357,0.37767094,0.36901042,0.35784936,0.34547073,0.33332574,0.32276863,0.31481123,0.30997744,0.30831826,0.30957374,0.31338698,0.319455,0.32755253,0.33744043,0.34872833,0.36077416,0.37267518,0.3833569,0.39172718,0.39684826,0.3980883,0.39522713,0.3885047,0.37860706,0.36658937,0.3537386,0.34138814,0.33071128,0.32254374,0.31729218,0.3149623,0.31528422,0.3178633,0.3222812,0.32811332,0.33488125,0.34199134,0.34871185,0.35421577,0.35768753,0.35846844,0.35620907,0.35099947,0.34345028,0.33469647,0.32628757,0.31992993,0.31708765,0.31854832,0.3241527,0.33284512,0.34300658,0.35287946,0.36091062,0.3659497,0.36732113,0.36481234,0.3586154,0.34925133,0.337498,0.3243373,0.31092724,0.29858816,0.28876522,0.28290993,0.28223592,0.2873911,0.29820046,0.31364194,0.33206773,0.35153708,0.37012503,0.38615432,0.3983592,0.40600342,0.40896422,0.40777886,0.40363473,0.3982671,0.39372045,0.39195147,0.39433363,0.40123966,0.41191038,0.4246786,0.43741497,0.44799277,0.4546429,0.45617524,0.4520929,0.44263119,0.4287388,0.41199782,0.39445987,0.3783613,0.36569926,0.3577317,0.35459048,0.3552279,0.357747,0.35993263,0.3597404,0.35561985,0.3466773,0.33273426,0.31433433,0.29272857,0.2698425,0.24818158,0.23055434,0.21944559,0.21608223,0.21977396,0.22819375,0.23836653,0.24755442
71,0.27363366,0.26826823,0.25941148,0.24949214,0.24159096,0.23889127,0.24366191,0.2562726,0.27506462,0.29714656,0.3193695,0.33895132,0.35375205,0.36237577,0.3642192,0.35951495,0.34937802,0.33583516,0.32176962,0.31063876,0.3057825,0.30935836,0.32146147,0.34014446,0.36229843,0.38467583,0.40455368,0.4200234,0.43006653,0.4345313,0.43405208,0.42991084,0.42382023,0.41761425,0.41286457,0.41050434,0.41059202,0.41232228,0.4142801,0.4148207,0.41243473,0.40601292,0.394992,0.37939963,0.35982773,0.33735693,0.31345102,0.28983027,0.26832622,0.2507083,0.23847389,0.23261961,0.23347013,0.24065784,0.2532631,0.27001524,0.2894537,0.3100311,0.33019447,0.34847847,0.36361948,0.37468147,0.3811762,0.38315785,0.38126883,0.37670952,0.3710982,0.36619568,0.3635121,0.3638946,0.36726937,0.3726751,0.3785732,0.38328072,0.38536102,0.38388792,0.37857264,0.3697764,0.35842976,0.34587285,0.3336275,0.32312572,0.31545055,0.31117296,0.31035292,0.31269777,0.31778148,0.3252056,0.33463424,0.3457166,0.35796395,0.37066138,0.38286388,0.39348245,0.401431,0.40579134,0.40596014,0.40175426,0.3934617,0.3818328,0.3680086,0.3533869,0.33943295,0.32745788,0.31841415,0.31277522,0.31054837,0.3114082,0.31487304,0.32043377,0.3275887,0.33580115,0.3444338,0.3527165,0.35977966,0.3647521,0.3668999,0.3657748,0.36134315,0.3540717,0.3449466,0.33539703,0.32709268,0.321606,0.3200009,0.32250595,0.3284465,0.33647516,0.3449636,0.3523717,0.35748956,0.35954484,0.35821176,0.3535628,0.34599727,0.33617085,0.32494384,0.31335443,0.30260697,0.29404053,0.2890249,0.28874063,0.2938737,0.30435497,0.3192993,0.33717862,0.35612562,0.37423947,0.3898297,0.40159452,0.4087517,0.4111329,0.40924102,0.4042528,0.39793175,0.39240304,0.389757,0.3915293,0.398235,0.40919197,0.4227304,0.43665755,0.44875196,0.45714045,0.46052957,0.45832115,0.45064858,0.43835348,0.4229035,0.4062318,0.3904691,0.37755474,0.36877838,0.36441058,0.3636143,0.3647048,0.36562166,0.36439922,0.35950246,0.35001332,0.33570987,0.3170874,0.29535326,0.2723991,0.25070977,0.23308812,0.22202793,0.21877503,0.22265694,0.23134974,0.24186099,0.25141922
72,0.27219594,0.2663966,0.25709844,0.24685325,0.2389009,0.23657104,0.24217154,0.25595036,0.27603567,0.2993465,0.32261553,0.3429991,0.35832593,0.36718175,0.36894968,0.3638516,0.35299775,0.33842584,0.32306826,0.31050178,0.30427557,0.30680037,0.31835252,0.33701074,0.35956818,0.38263935,0.40337953,0.41979012,0.43079054,0.43618664,0.43658298,0.433239,0.42784935,0.42223376,0.41795608,0.41595218,0.41629568,0.41820595,0.42029446,0.42093697,0.41863433,0.4122768,0.40129167,0.38569048,0.3660441,0.34340817,0.31921786,0.29516268,0.27304524,0.2546182,0.24138997,0.23440973,0.23409115,0.24016333,0.2517779,0.2676966,0.28646076,0.30650964,0.32627368,0.3442731,0.3592338,0.3702128,0.37671775,0.37880072,0.37710372,0.37282687,0.36758596,0.36313325,0.36095998,0.361884,0.3657972,0.37170836,0.37806022,0.38316324,0.38558352,0.38440302,0.37934506,0.37078717,0.3596827,0.3474033,0.33551136,0.32548538,0.3184516,0.3150084,0.3152163,0.3187502,0.32511944,0.33383495,0.34445572,0.35652706,0.36947477,0.38252908,0.3947245,0.4049809,0.41224116,0.41562694,0.41458005,0.40896568,0.39912495,0.38587013,0.37041762,0.35425776,0.33896288,0.32595384,0.3162725,0.31043583,0.30843583,0.30988172,0.31420156,0.32079715,0.3290958,0.33851248,0.34837976,0.3579074,0.36620542,0.37237287,0.37562954,0.37545922,0.37173653,0.36481395,0.35554957,0.34525204,0.3355178,0.3279463,0.32376832,0.32350484,0.32681963,0.33265108,0.3395464,0.3460297,0.35087422,0.35324278,0.3527199,0.34927744,0.34320992,0.3350686,0.32561225,0.3157813,0.3066858,0.29957348,0.29572922,0.2962687,0.30185336,0.3124427,0.32722184,0.34474513,0.36321226,0.38076198,0.3957179,0.40677512,0.41314015,0.41463414,0.41175917,0.40571117,0.39830455,0.3917552,0.38827965,0.38954848,0.39617658,0.40751186,0.421844,0.43689632,0.4503503,0.46024144,0.46519566,0.46454296,0.45834836,0.44738302,0.43303722,0.41715956,0.40179828,0.3888343,0.379555,0.37430456,0.3723826,0.3722596,0.37200376,0.36972994,0.36393854,0.35371625,0.33883098,0.31976545,0.29772058,0.27459303,0.25288385,0.23541379,0.22467524,0.22187503,0.2262732,0.2354811,0.24646163,0.25641385
73,0.26968125,0.26354527,0.25391078,0.24344838,0.2355563,0.23370972,0.240248,0.25528532,0.27673385,0.30133182,0.32570538,0.346957,0.36288622,0.37205705,0.3738314,0.36840844,0.35687715,0.34126556,0.3245316,0.31035382,0.30249536,0.3036617,0.31437278,0.33277842,0.35558343,0.3792503,0.40079075,0.41809502,0.43000227,0.43626153,0.4374383,0.43476745,0.429933,0.4247589,0.42082885,0.41911203,0.41972247,0.42191696,0.42433214,0.42535195,0.42346847,0.41754976,0.4069911,0.39176613,0.37240362,0.34991473,0.32568863,0.3013697,0.27872196,0.2594783,0.24516478,0.23690169,0.23522127,0.23998305,0.25043663,0.265389,0.28338364,0.3028404,0.3221654,0.33985746,0.35462537,0.36551175,0.3720105,0.37415937,0.37258524,0.36847326,0.36342636,0.35918802,0.35724604,0.35841998,0.36260742,0.36882532,0.3755255,0.381027,0.38390252,0.38323805,0.3787588,0.37084344,0.3604477,0.34894845,0.33791655,0.32884,0.3228515,0.32054704,0.32197,0.3267583,0.3343621,0.3442131,0.3557807,0.36852556,0.38181072,0.39483678,0.4066436,0.41618508,0.4224563,0.42463928,0.42223766,0.41517705,0.40385816,0.3891544,0.37234893,0.35500613,0.33877718,0.3251555,0.3152302,0.30952156,0.30797526,0.31011814,0.3152847,0.322795,0.33201852,0.34233835,0.3530765,0.36344427,0.3725558,0.37950724,0.3835008,0.38398296,0.380768,0.374125,0.36481008,0.3540246,0.34327936,0.33415064,0.32794845,0.32538578,0.32638904,0.33015367,0.3354153,0.3407967,0.3450934,0.34743845,0.34735677,0.3447452,0.33981743,0.33304402,0.32510668,0.31687367,0.30938473,0.30381358,0.3013627,0.30306143,0.30949795,0.32059348,0.3355385,0.35292494,0.37100172,0.38795283,0.4021372,0.41227654,0.41760015,0.41795415,0.41387463,0.4066086,0.39804608,0.3905057,0.3863225,0.3872698,0.39401004,0.40586406,0.42103678,0.43714637,0.45177904,0.4628967,0.46907255,0.46959764,0.4645042,0.4545296,0.44102323,0.42578268,0.41079813,0.39789864,0.38834783,0.38251385,0.3797682,0.37867886,0.37740803,0.3741419,0.36742684,0.356377,0.34077936,0.32113653,0.29867774,0.27534088,0.25367767,0.23654845,0.22643273,0.22444001,0.22967972,0.2396351,0.2512023,0.2615599
74,0.26574895,0.25939873,0.24954955,0.23897703,0.23122822,0.22991954,0.23741986,0.25371173,0.27650306,0.3023703,0.32784978,0.35000008,0.366594,0.3761705,0.37806135,0.37242928,0.36032197,0.3437309,0.3256062,0.30969515,0.2999624,0.29943964,0.30895975,0.32680628,0.3496204,0.3737071,0.3959176,0.41401273,0.4267351,0.43376362,0.43561533,0.43349707,0.42908698,0.42422757,0.4205447,0.41906637,0.41996795,0.42255428,0.4254863,0.4271458,0.4260008,0.4208793,0.41112652,0.39665994,0.37794885,0.35594323,0.33197084,0.30761725,0.2845966,0.26461372,0.24920899,0.23957841,0.2363901,0.23966295,0.24877638,0.2626059,0.27970734,0.29848102,0.3173033,0.33464435,0.34918737,0.35995078,0.36640278,0.3685524,0.36699533,0.36288705,0.3578086,0.35349783,0.35145918,0.35254946,0.35671464,0.36301783,0.36994573,0.37583822,0.3792764,0.3793449,0.3757606,0.36888868,0.35966742,0.3494528,0.3397905,0.33213818,0.32759365,0.32671544,0.32950816,0.33556733,0.3442919,0.3550519,0.3672503,0.3802899,0.39349917,0.4060768,0.4170944,0.42556417,0.43055508,0.43132868,0.42746636,0.41896608,0.40629518,0.39038926,0.37259114,0.35452187,0.33788145,0.32419226,0.31453732,0.3093866,0.3085979,0.3115947,0.31761742,0.32591733,0.3358258,0.3467159,0.35792133,0.3686784,0.3781296,0.385394,0.3896836,0.39043593,0.38743433,0.38089377,0.37149498,0.36035103,0.34888896,0.3386351,0.3309177,0.3265561,0.3256555,0.3276134,0.331337,0.33556017,0.33912805,0.34117615,0.3412013,0.33905515,0.33489898,0.32915023,0.32244116,0.31559432,0.3096026,0.30558166,0.30465445,0.30774727,0.31533733,0.3272548,0.34264177,0.36008736,0.37787,0.3942192,0.40754423,0.41661835,0.42072356,0.41976336,0.41434038,0.40578282,0.3960801,0.38766447,0.3829785,0.38386017,0.39095894,0.40350467,0.41957217,0.4366576,0.4522599,0.4642915,0.47130463,0.4725864,0.4681721,0.45880067,0.445815,0.43099308,0.41629115,0.403496,0.3938348,0.38766208,0.38436776,0.3825651,0.3804734,0.37633502,0.36874557,0.35686278,0.34051606,0.3202555,0.2973687,0.27386644,0.25238073,0.23582754,0.22665524,0.22581443,0.23218632,0.24307574,0.25530267,0.26604226
75,0.26023993,0.25380552,0.24386375,0.23327312,0.22571251,0.2249333,0.23333938,0.25079694,0.27483335,0.30188873,0.32842913,0.35148022,0.3687916,0.37887454,0.3810226,0.37534785,0.36283615,0.34541285,0.32598022,0.30830747,0.296526,0.29400542,0.30195937,0.31888446,0.34140205,0.36566654,0.38835832,0.40709448,0.420507,0.4281923,0.4306089,0.4289301,0.42482913,0.4201761,0.41665575,0.41537532,0.41658935,0.4196609,0.42327544,0.42580578,0.42568424,0.4216856,0.41309106,0.39974806,0.3820525,0.36087954,0.33748233,0.31337488,0.29020885,0.26964834,0.25323522,0.24223198,0.23744458,0.23907138,0.24665532,0.2591737,0.27521634,0.29317224,0.3113872,0.32829672,0.34254986,0.3531303,0.35946783,0.36152795,0.35985923,0.3555726,0.35021874,0.34553334,0.3430573,0.3437203,0.3475584,0.35371763,0.36074328,0.36700666,0.37109798,0.3720952,0.36969692,0.3642407,0.3566281,0.34816754,0.34034473,0.33454576,0.3317912,0.33256745,0.33682075,0.344102,0.35377142,0.3651599,0.3776322,0.39056346,0.403277,0.41499707,0.4248512,0.43193117,0.4353987,0.43461132,0.42924207,0.41937232,0.40554282,0.38875306,0.37039924,0.35214192,0.33569735,0.3225674,0.31376702,0.3096543,0.30995482,0.31397074,0.32085434,0.32980824,0.3401504,0.35126817,0.36252984,0.3732184,0.38252673,0.3896197,0.39374307,0.3943507,0.39122123,0.38454187,0.37494323,0.3634701,0.35147467,0.34042162,0.33161777,0.3259226,0.32354373,0.32401702,0.32638538,0.32948735,0.33223167,0.33378133,0.3336343,0.33162743,0.3278996,0.3228448,0.31707394,0.31138963,0.30675882,0.30425176,0.30491155,0.30954584,0.31849068,0.33144617,0.3474674,0.36511138,0.38267127,0.3984218,0.41083434,0.41875324,0.42153805,0.4191767,0.41236615,0.40254146,0.39181095,0.38272652,0.37782133,0.37895146,0.38668585,0.40009823,0.4170937,0.43503904,0.45136312,0.4639588,0.47139192,0.47298083,0.46879792,0.45961645,0.44680393,0.43214697,0.41759026,0.404889,0.3952259,0.38891312,0.3853151,0.38304466,0.38034403,0.37549448,0.36714,0.3544927,0.3374426,0.31660956,0.2933646,0.26981765,0.24870436,0.2330033,0.22510217,0.22572471,0.23345555,0.24539095,0.2582827,0.2693287
76,0.25321412,0.24682066,0.23689884,0.2263615,0.21899603,0.21868128,0.22786866,0.24633475,0.27145845,0.2995725,0.32709315,0.35102484,0.36909857,0.37979668,0.38236818,0.3768627,0.36418563,0.34616813,0.32562324,0.30628592,0.29239726,0.28764644,0.2936806,0.30930024,0.33117253,0.35532457,0.37826473,0.3974567,0.41141036,0.4196278,0.4224985,0.42115402,0.4172594,0.41271597,0.40927866,0.40814978,0.40967903,0.4132978,0.41771904,0.42130253,0.42243743,0.41983584,0.41270497,0.40081188,0.38446862,0.36446473,0.34196797,0.31840977,0.2953676,0.27445066,0.25718462,0.24487923,0.23846593,0.23832914,0.2442037,0.25520682,0.26999363,0.2869593,0.30442396,0.32078582,0.33465326,0.34496573,0.35110307,0.3529736,0.3510638,0.3464257,0.34056967,0.33522952,0.33199826,0.33190924,0.33512765,0.34091726,0.34790534,0.3545049,0.35931632,0.36140573,0.36044425,0.35672805,0.35110176,0.34479836,0.3392075,0.33560243,0.33488724,0.33744752,0.34315878,0.35153165,0.36190584,0.3735994,0.3859692,0.39839324,0.41021794,0.42071733,0.42909515,0.4345396,0.4363197,0.43390158,0.42706084,0.41597104,0.40125233,0.3839689,0.36556348,0.3477166,0.3321237,0.32021004,0.31285486,0.31024292,0.31193033,0.31709144,0.32480735,0.33425918,0.34477904,0.3557926,0.36672243,0.3769158,0.38563326,0.39210322,0.39562464,0.3956886,0.3920912,0.38501498,0.3750629,0.3632312,0.35080874,0.33919558,0.32965204,0.32302895,0.31957257,0.3188956,0.32013386,0.32221192,0.3241051,0.3250209,0.32448336,0.32234287,0.3187454,0.31409028,0.30899435,0.30426374,0.30085644,0.29980466,0.302067,0.30831614,0.31872252,0.33282998,0.34958383,0.36749348,0.38486028,0.40000668,0.41147617,0.41819963,0.4196333,0.41587076,0.40772456,0.39675587,0.38520467,0.37574044,0.37095988,0.37268108,0.38132074,0.3957372,0.41363972,0.432273,0.44902286,0.4617972,0.46921054,0.47064516,0.4662409,0.45683396,0.44384325,0.42908877,0.41452366,0.40188143,0.39229506,0.38601038,0.38232964,0.3798263,0.37673524,0.3713604,0.36239168,0.3491032,0.33145973,0.3101687,0.28670472,0.26329795,0.24280356,0.22825763,0.22194223,0.22428061,0.23350754,0.24650608,0.2599867,0.27120396
77,0.24494915,0.2387089,0.22890548,0.21847354,0.21128038,0.21132281,0.2211173,0.240386,0.26639703,0.29540592,0.32379943,0.3485723,0.36744252,0.37886396,0.38203752,0.3769424,0.36438978,0.34609446,0.32474384,0.30398142,0.2880841,0.2810066,0.28484988,0.2988066,0.3196761,0.3434019,0.36633155,0.385772,0.4001025,0.4087204,0.41193488,0.4108256,0.40704215,0.4025157,0.39907688,0.3980354,0.39985025,0.40403244,0.40932715,0.4140804,0.41663355,0.41562974,0.4101953,0.40000945,0.38529262,0.36674103,0.3454294,0.32269877,0.3000441,0.27900878,0.26108608,0.24761055,0.23961656,0.2376653,0.2416982,0.25100568,0.26434335,0.28013688,0.29669252,0.31237373,0.32574514,0.33569598,0.34154785,0.34314108,0.3408872,0.3357655,0.32923394,0.32301888,0.31877252,0.3176544,0.31999236,0.32520184,0.3320162,0.3389021,0.34447208,0.34777644,0.34844962,0.3467317,0.3433886,0.33954784,0.3364662,0.3352658,0.3367025,0.34104326,0.34809166,0.35733145,0.36810482,0.37974563,0.39163297,0.40317622,0.4137696,0.42275643,0.42943168,0.43309134,0.43312064,0.4291019,0.42092034,0.4088473,0.3935857,0.37626344,0.35835972,0.34155047,0.32746622,0.31739327,0.31200773,0.31126997,0.31454766,0.3208994,0.32936415,0.3391338,0.34958184,0.36019212,0.370456,0.37979624,0.38755122,0.3930244,0.39558107,0.39476496,0.3904073,0.3827051,0.3722533,0.36001757,0.34723625,0.33524644,0.32524636,0.31804255,0.31386882,0.3123611,0.3127053,0.31388894,0.3149499,0.31515086,0.31406185,0.31157172,0.3078603,0.30335915,0.2987154,0.29475832,0.29244897,0.29278272,0.29662418,0.30449384,0.31637862,0.33165258,0.34914407,0.36731297,0.38447115,0.3989946,0.40950796,0.41504064,0.41515902,0.41007695,0.40073684,0.38883743,0.37675363,0.3672592,0.36297482,0.3656156,0.37537628,0.39085567,0.40956208,0.4286419,0.4454735,0.45801586,0.46496406,0.46579236,0.4607327,0.45070705,0.4372079,0.42210954,0.40739074,0.3947725,0.385333,0.3792311,0.37567466,0.37316445,0.36990216,0.3642011,0.35479468,0.3410252,0.32294327,0.30135825,0.27786452,0.25482795,0.23523019,0.22214447,0.21768567,0.22190288,0.232652,0.24662724,0.2605403,0.27173924
78,0.23590516,0.22991212,0.2203106,0.21002294,0.20296365,0.20323385,0.2134336,0.23327088,0.2599439,0.28966135,0.31879923,0.3443538,0.3640358,0.37627324,0.38021848,0.37577704,0.3636592,0.34545067,0.3236882,0.3018759,0.2842477,0.2749375,0.27647182,0.28849915,0.30804756,0.33104286,0.35369918,0.37317273,0.3877085,0.39659077,0.4000382,0.39906716,0.39530188,0.39069727,0.3871604,0.3861163,0.3881456,0.39285058,0.3990153,0.40497342,0.409016,0.40971327,0.4061056,0.3977796,0.38485926,0.367943,0.3480088,0.32630503,0.30424166,0.28329265,0.2649098,0.25043428,0.24097718,0.23725328,0.23940535,0.2469144,0.25866565,0.27314177,0.28865218,0.3035341,0.3163113,0.32582223,0.33132672,0.33259127,0.32994327,0.32427722,0.3169842,0.30977064,0.30434328,0.3019981,0.3032509,0.30770028,0.31421182,0.32132086,0.32765663,0.3322501,0.3346893,0.3351416,0.33426988,0.33306462,0.33261478,0.3338604,0.3373902,0.34334943,0.35148135,0.3612642,0.37206945,0.3832753,0.39431092,0.40464166,0.4137291,0.4209999,0.42584884,0.4276845,0.4260109,0.42052862,0.41123402,0.39849794,0.38310584,0.36624384,0.34941214,0.3342499,0.322271,0.31455827,0.31152737,0.31288606,0.317821,0.32530665,0.33437818,0.34427083,0.3544224,0.36438876,0.37373722,0.38196948,0.3885045,0.39272445,0.39406708,0.3921382,0.38681638,0.37832808,0.36727694,0.35461417,0.34154037,0.32933387,0.31912133,0.31163874,0.3070676,0.30502254,0.3047024,0.3051346,0.30541274,0.30486107,0.30311093,0.30011034,0.29609624,0.29155523,0.28718513,0.28385293,0.28252834,0.2841651,0.28952006,0.2989459,0.31223664,0.32859692,0.3467453,0.36510187,0.38199797,0.39587137,0.40543556,0.40982613,0.40872768,0.40248206,0.3921679,0.3796235,0.36735076,0.35820067,0.35476556,0.35858852,0.36958486,0.38607493,0.40538576,0.42460382,0.44113958,0.45303565,0.45909342,0.45889923,0.4527948,0.44180438,0.42751083,0.41185984,0.39687085,0.38426027,0.3750466,0.36928234,0.36605212,0.3637551,0.36053908,0.3547163,0.3450627,0.33099407,0.31265604,0.2909711,0.26766536,0.24524981,0.22682813,0.21547279,0.21305712,0.21919529,0.23137008,0.24613816,0.26026282,0.2712187
79,0.22666344,0.22098933,0.21165858,0.2015492,0.1945872,0.19495752,0.20535755,0.225522,0.2526216,0.2828477,0.312583,0.33883497,0.3593131,0.3724238,0.37727374,0.37369704,0.36230442,0.34455106,0.32281387,0.30042797,0.28151688,0.27028957,0.26961607,0.27961296,0.2976226,0.3196354,0.34177896,0.36107773,0.3756465,0.38465345,0.38821903,0.38728642,0.38344356,0.37865975,0.37491426,0.37375036,0.37587953,0.38100567,0.3879593,0.39506418,0.40056035,0.40294224,0.40116176,0.3947102,0.38361368,0.36837283,0.34987074,0.32926697,0.3078926,0.28715757,0.26847348,0.25317898,0.24243914,0.23709038,0.23745129,0.24318725,0.25332573,0.26642686,0.28082225,0.29483697,0.30696362,0.3159961,0.32113606,0.32207632,0.3190569,0.3128787,0.30485177,0.29664382,0.28999922,0.28634435,0.28639483,0.2899582,0.29605973,0.30332205,0.31039843,0.31629804,0.32055157,0.32323468,0.32488105,0.32631373,0.32842594,0.3319579,0.33732912,0.34457636,0.35340545,0.3633162,0.3737366,0.38411552,0.3939557,0.40279797,0.410185,0.4156342,0.41864195,0.4187271,0.4155084,0.4087999,0.39870527,0.38569102,0.37061968,0.35472438,0.33950305,0.32651782,0.31710997,0.31210217,0.31161547,0.31510833,0.3216209,0.3300893,0.33958465,0.34941345,0.3590935,0.36825913,0.37655333,0.38355285,0.3887521,0.39160803,0.39163,0.38848847,0.38211626,0.37277994,0.3611051,0.34804308,0.33476862,0.32250708,0.31230786,0.30481735,0.30013418,0.2978172,0.29704824,0.29687542,0.29644108,0.2951345,0.29265967,0.2890398,0.2845872,0.27986163,0.27562624,0.27279404,0.27234253,0.27517346,0.2819212,0.29276103,0.30729648,0.3245771,0.34323105,0.36165592,0.37821525,0.39141646,0.4000668,0.40341097,0.40125367,0.39406514,0.3830578,0.37020093,0.35810217,0.34964874,0.3473432,0.3524937,0.36470386,0.3820285,0.40165576,0.4206589,0.43651694,0.44738084,0.45217416,0.45060655,0.4431387,0.43090692,0.41559616,0.3992371,0.3839032,0.3713136,0.36242265,0.357158,0.35445496,0.35258657,0.34963045,0.34389076,0.33418626,0.3200106,0.30161124,0.28003165,0.25713652,0.23558302,0.21857847,0.20914024,0.20882525,0.21678372,0.23017101,0.24547519,0.25955796,0.27004266
80,0.21785116,0.21254118,0.20353532,0.19364072,0.1867588,0.18712845,0.19754638,0.21780975,0.24510406,0.27563238,0.3057997,0.33263317,0.35384712,0.3678317,0.37365437,0.3710854,0.3606452,0.3436688,0.32238102,0.29994163,0.28032053,0.26770198,0.26517642,0.27327237,0.28969136,0.3105716,0.33201817,0.350959,0.36539465,0.37438223,0.37794283,0.3769406,0.3729181,0.36784863,0.3637748,0.36235484,0.36443415,0.36982533,0.37741148,0.3855094,0.39230832,0.3962262,0.39612582,0.39140427,0.38199264,0.36829916,0.3511205,0.3315389,0.31082055,0.29032636,0.27143878,0.25549513,0.24369834,0.23697317,0.23577316,0.23991728,0.24856466,0.26035973,0.2736719,0.28683144,0.29831585,0.30688813,0.31170264,0.31238657,0.30909592,0.30253583,0.29392448,0.2848705,0.2771286,0.27223203,0.27108875,0.273728,0.27935836,0.28671053,0.29447216,0.30162916,0.30764332,0.3124789,0.31651595,0.32038674,0.32477415,0.3302191,0.3369882,0.3450368,0.35406342,0.36361778,0.37320942,0.38237965,0.39072302,0.39786914,0.40344903,0.40707147,0.40832904,0.40684158,0.40233096,0.39471355,0.3841899,0.37131238,0.35700887,0.34254104,0.32937425,0.31894878,0.3123828,0.3102028,0.31223446,0.3177224,0.32561317,0.33485287,0.34458268,0.3541991,0.36330757,0.37162,0.37884846,0.38463446,0.38853619,0.3900747,0.38882315,0.3845133,0.37713367,0.3669972,0.35476178,0.341391,0.32804534,0.31590334,0.30593467,0.29868272,0.29414147,0.29178932,0.2907697,0.29013723,0.28907698,0.2870446,0.2838237,0.27952334,0.27454367,0.26952922,0.26531655,0.26286626,0.26315704,0.26702634,0.2749758,0.2870044,0.30254194,0.32050943,0.3394717,0.35782418,0.3739746,0.38650522,0.39431748,0.39676255,0.3937603,0.38590178,0.3745213,0.36169872,0.350113,0.34263524,0.34161696,0.34808862,0.36134475,0.37921906,0.39881796,0.41724676,0.43208024,0.44159073,0.44482878,0.4416286,0.4325708,0.41890666,0.40242994,0.3852671,0.36955795,0.3570322,0.34857664,0.34397766,0.34199834,0.34076577,0.33827558,0.33281958,0.3232597,0.3091702,0.29090357,0.2696268,0.24734305,0.22684546,0.21141192,0.20394205,0.20562232,0.21515809,0.22945721,0.24500948,0.25880697,0.26862812
81,0.21006703,0.2051355,0.19649181,0.18685508,0.18006882,0.18038596,0.19068618,0.21085301,0.23812623,0.26874948,0.29916462,0.32642627,0.3482594,0.3630451,0.36982095,0.36830613,0.3589472,0.3429797,0.3224992,0.300506,0.28080234,0.26747108,0.26368448,0.27026382,0.2852518,0.3049945,0.32564577,0.34408787,0.3582374,0.36705723,0.37047747,0.3692853,0.364974,0.35951173,0.35499248,0.35317856,0.35504377,0.36050904,0.3685124,0.37736592,0.38520953,0.3903865,0.39167383,0.38837996,0.38034943,0.36790994,0.35178685,0.3330038,0.3127833,0.29245883,0.27340224,0.25695828,0.24435902,0.23658626,0.23417996,0.23706277,0.24449189,0.2551856,0.26755887,0.27996466,0.29088557,0.29907358,0.30365342,0.3042016,0.3008017,0.2940687,0.28512603,0.27550694,0.2669462,0.26104584,0.25887594,0.26067802,0.26585418,0.27326027,0.28162926,0.2899244,0.297529,0.3042801,0.31038782,0.31628445,0.32244676,0.3292364,0.33679888,0.34504336,0.3536931,0.3623735,0.37069628,0.3783113,0.38491702,0.39023888,0.39399683,0.3958846,0.39557868,0.39278296,0.38730416,0.37914255,0.368579,0.35623562,0.34308776,0.33040157,0.31957605,0.31188956,0.30820462,0.30874756,0.3130817,0.32029513,0.3292976,0.33908606,0.3488942,0.3582176,0.366749,0.3742713,0.38055414,0.38528857,0.38807982,0.38849688,0.3861634,0.3808637,0.3726388,0.36185032,0.34919572,0.33566126,0.3224036,0.3105617,0.30102563,0.29422852,0.2900467,0.28786325,0.28677016,0.28581914,0.28423265,0.28153127,0.27758017,0.2725788,0.26702043,0.26163867,0.25734463,0.25514212,0.25600204,0.26068875,0.26957124,0.28248805,0.29872507,0.31710917,0.33617052,0.3543208,0.37001997,0.38192543,0.3890276,0.39077544,0.3871919,0.3789731,0.36755347,0.35509184,0.34429318,0.33795628,0.33823326,0.34586594,0.3598791,0.3779521,0.39716932,0.41470397,0.4282405,0.43617308,0.43767303,0.43269107,0.42192075,0.406725,0.38900807,0.37100032,0.3549199,0.34251693,0.33461,0.33083194,0.32975578,0.32934818,0.327515,0.32253295,0.31330606,0.29948795,0.2815339,0.26072982,0.23920695,0.2198716,0.20602816,0.20040445,0.20380634,0.2145648,0.22943613,0.24496661,0.2582891,0.26732665
82,0.20382448,0.19925171,0.19098738,0.18165712,0.17501989,0.17529473,0.18540622,0.2053297,0.23239307,0.26290894,0.29337096,0.3208685,0.34314376,0.35857758,0.36619014,0.36566666,0.35740253,0.34256274,0.32314742,0.30202988,0.28285545,0.26955754,0.265261,0.2709239,0.2848493,0.30360982,0.3234706,0.3413278,0.35505766,0.3635587,0.36669016,0.36517456,0.3604603,0.35450557,0.34944233,0.347119,0.34862065,0.35396564,0.36214238,0.3714586,0.38000786,0.38606447,0.388328,0.3860296,0.37894216,0.36733097,0.3518717,0.3335535,0.31358105,0.29328588,0.27405116,0.25724134,0.24411304,0.23567668,0.23250702,0.23456943,0.24116941,0.25107393,0.26274276,0.27456662,0.28505537,0.29297298,0.29743686,0.29799306,0.29467073,0.2880091,0.27904364,0.26922634,0.26024723,0.25373396,0.2508688,0.25206843,0.25691432,0.26439035,0.27328232,0.28253323,0.29144448,0.2997204,0.30740008,0.31472576,0.32199225,0.32941782,0.33706763,0.34484202,0.35251847,0.3598193,0.36647335,0.37224963,0.37695676,0.38041666,0.38243213,0.38276857,0.38116667,0.37739065,0.3713066,0.36297435,0.3527322,0.34125102,0.32953158,0.3188191,0.31041756,0.30541927,0.30442753,0.30739772,0.31368807,0.3222928,0.33213305,0.3422836,0.3520808,0.36111894,0.3691718,0.3760824,0.38166258,0.38563442,0.38762957,0.387245,0.38413742,0.37813103,0.36931232,0.35809082,0.3452081,0.3316817,0.31867456,0.30729425,0.29835582,0.2921816,0.28852654,0.28667328,0.2856563,0.28451815,0.28251255,0.27921987,0.27458292,0.2688889,0.26272202,0.25690207,0.25240934,0.2502837,0.2514816,0.25669488,0.26617455,0.27962875,0.2962378,0.31477,0.3337459,0.3516061,0.36686492,0.3782494,0.38482812,0.386133,0.38227138,0.37402105,0.36288604,0.35106373,0.341235,0.33607674,0.3375169,0.34603307,0.3604476,0.3783603,0.39688525,0.41328564,0.42535645,0.43160275,0.43130133,0.42450348,0.4120019,0.39526153,0.37629429,0.35743937,0.34100503,0.32877433,0.321503,0.318665,0.31863314,0.31920567,0.3181943,0.31385726,0.30513602,0.2917566,0.27426702,0.25405803,0.2333674,0.21518037,0.20278312,0.19870618,0.20341994,0.21498851,0.2301062,0.24540517,0.2581478,0.26637763
83,0.19952433,0.19525701,0.1873665,0.17839135,0.1719883,0.17229134,0.18221235,0.20180273,0.2285026,0.2587207,0.28901777,0.31652617,0.33901292,0.35486925,0.36311343,0.3634178,0.35615417,0.3424514,0.32425493,0.3043525,0.286257,0.27372578,0.26972744,0.27519566,0.28857428,0.30663887,0.3258072,0.3430472,0.35624576,0.3642775,0.36696196,0.3649802,0.35974917,0.35321867,0.3475465,0.34464297,0.34567612,0.35073793,0.35885373,0.36832377,0.3772003,0.38369867,0.3864552,0.38464162,0.37798,0.3666971,0.351445,0.33320585,0.31319427,0.2927661,0.27333692,0.25630262,0.24293914,0.23425622,0.2308103,0.2325444,0.23875621,0.24823007,0.25946566,0.27090454,0.28110504,0.2888669,0.29332337,0.2940127,0.29093158,0.2845644,0.27587524,0.26624128,0.25729513,0.2506521,0.24754794,0.24851295,0.25326434,0.26089466,0.27023938,0.28022474,0.29007554,0.29937258,0.30800143,0.31604317,0.32365024,0.33094284,0.33794877,0.34459466,0.35073715,0.35621187,0.36087492,0.36462012,0.36736697,0.36902872,0.36947832,0.3685325,0.36596927,0.36158252,0.3552661,0.3471093,0.33748105,0.32707694,0.3169013,0.30815858,0.30204353,0.29946372,0.30079085,0.30576414,0.31360233,0.3232606,0.3337041,0.3440976,0.35387945,0.3627355,0.37050948,0.37709,0.3823133,0.38591114,0.3875187,0.38673836,0.3832402,0.37687305,0.36775944,0.35635337,0.3434431,0.3300846,0.31745702,0.3066474,0.29840532,0.29295045,0.2899223,0.2885061,0.28767785,0.28646573,0.28414625,0.2803496,0.27508628,0.26872158,0.26192155,0.2555828,0.25074592,0.2484801,0.24972782,0.25512153,0.26482293,0.2784495,0.29511625,0.31356436,0.33232284,0.34986684,0.36476102,0.37579107,0.38208807,0.3832468,0.37943512,0.37148303,0.36092788,0.3499617,0.34119415,0.33714572,0.33952335,0.34859225,0.36305207,0.38049296,0.39809722,0.41322705,0.42377824,0.42834818,0.42629737,0.41775593,0.40359634,0.3853705,0.36518973,0.3455031,0.32871968,0.3166714,0.3100645,0.30821976,0.30931044,0.31096548,0.31090018,0.30734852,0.29927936,0.28647664,0.26956272,0.2500092,0.23012869,0.21294576,0.20169538,0.19872543,0.2042634,0.2162269,0.23131667,0.24625501,0.25840664,0.26590264
84,0.19745623,0.19341326,0.18586871,0.17728965,0.17122173,0.1716652,0.18145083,0.20067212,0.22689322,0.25664228,0.28656247,0.3138383,0.33627075,0.352274,0.36088234,0.36177942,0.3553444,0.3427078,0.32580367,0.30737674,0.29083362,0.27973625,0.2768062,0.28280884,0.29620427,0.31392235,0.3325517,0.349179,0.36175254,0.36916828,0.37124485,0.36865294,0.3627997,0.35563436,0.34933075,0.34583393,0.3463571,0.35103047,0.35889384,0.36823317,0.37706557,0.38356206,0.38631546,0.38446143,0.37769723,0.3662388,0.35074323,0.3322144,0.3119039,0.29121554,0.2716149,0.25453535,0.2412602,0.2327637,0.22952756,0.23140904,0.237647,0.24701731,0.25805765,0.26927376,0.2792922,0.2869697,0.2914765,0.29236487,0.2896222,0.28370214,0.2755211,0.26639795,0.2579082,0.25162786,0.2487893,0.24996291,0.25493494,0.26286417,0.27261922,0.2831109,0.2935007,0.3032688,0.31218028,0.32019746,0.32737866,0.33379367,0.3394743,0.3444044,0.34854054,0.35184404,0.35430497,0.3559436,0.35678652,0.35682744,0.35599017,0.35411525,0.3509841,0.34638312,0.34019712,0.332511,0.3236954,0.31444713,0.30575722,0.29878137,0.2946121,0.2940013,0.29714277,0.30362692,0.31259447,0.3230021,0.33387557,0.34446955,0.3543156,0.36317867,0.37095758,0.37756923,0.38285375,0.3865296,0.3882113,0.38748342,0.38400888,0.37764508,0.3685398,0.35718656,0.34442076,0.3313428,0.3191584,0.30894783,0.30141145,0.2966831,0.29430193,0.2933653,0.2927927,0.2915918,0.28905037,0.28483385,0.27900484,0.27199152,0.264527,0.25757143,0.25221545,0.24955429,0.25052524,0.2557259,0.265267,0.27871865,0.2951682,0.31335422,0.33182514,0.3490897,0.36375389,0.37464702,0.38094327,0.38227713,0.37884954,0.37151068,0.36179346,0.351843,0.34416044,0.3410945,0.34415606,0.35346314,0.36766964,0.38441306,0.40096933,0.41479933,0.4238843,0.42689133,0.4232396,0.41311333,0.3974417,0.377844,0.35651717,0.33601537,0.31885582,0.30693784,0.3009409,0.30005273,0.30226067,0.30503112,0.30598173,0.30331287,0.29600447,0.28387687,0.26760066,0.24869679,0.22951527,0.21308227,0.2025675,0.20018676,0.2060426,0.21801944,0.2328698,0.24739315,0.2590208,0.26593456
85,0.19781266,0.19389623,0.18665186,0.17849502,0.17285775,0.17356473,0.18329929,0.20215411,0.2278167,0.25695103,0.28629616,0.31309843,0.3352028,0.35106057,0.3597418,0.36096755,0.35515693,0.34348062,0.32790288,0.31116262,0.29657698,0.28748748,0.28628945,0.29346523,0.30738887,0.32509395,0.3433423,0.35937238,0.37123713,0.37789777,0.37921247,0.37587652,0.36931318,0.36148325,0.3545693,0.35052288,0.35055986,0.3548059,0.3622864,0.3712638,0.37972715,0.3858212,0.38811922,0.3857481,0.3784093,0.3663376,0.3502243,0.33112234,0.31034455,0.2893615,0.26969838,0.25282133,0.23999648,0.23211609,0.22952786,0.23194852,0.23852432,0.24801315,0.25899863,0.2700662,0.27992797,0.28751436,0.29204965,0.29311872,0.2907213,0.28530574,0.277767,0.26938817,0.26169604,0.25620994,0.2541094,0.25593144,0.26145595,0.2698526,0.27999607,0.29078016,0.30132008,0.31102633,0.31958497,0.32688776,0.3329488,0.33783346,0.3416148,0.34436113,0.34614617,0.347067,0.34725177,0.3468459,0.34597534,0.34469768,0.3429618,0.3405973,0.33734858,0.33295208,0.32724324,0.32026747,0.31236863,0.30422497,0.29680517,0.29122305,0.28849715,0.28927642,0.2936466,0.30111957,0.31081024,0.321703,0.3328885,0.34370255,0.3537552,0.36287364,0.3709938,0.3780408,0.38383636,0.38806197,0.3902877,0.39005792,0.38700926,0.3809922,0.37216884,0.36106586,0.34856483,0.33581465,0.324058,0.31438476,0.3074682,0.30338123,0.30158493,0.30110323,0.30080226,0.29966226,0.29696807,0.29240236,0.2860606,0.2784147,0.27024686,0.2625653,0.25650078,0.25317454,0.2535333,0.25817102,0.2671894,0.28015378,0.29615682,0.31395346,0.33211634,0.3491828,0.3637876,0.37478653,0.3813757,0.3832051,0.3804809,0.37404197,0.3653823,0.35656595,0.34996128,0.34774607,0.35127184,0.36057258,0.37432012,0.39024147,0.40572134,0.41831443,0.42607054,0.42770404,0.4226681,0.4111761,0.39418966,0.37337306,0.3509899,0.3296878,0.31209284,0.30018872,0.29465914,0.2945936,0.29782155,0.30166152,0.30363303,0.30189028,0.2954031,0.28400165,0.26837397,0.25005564,0.23139636,0.21539295,0.20515281,0.20282882,0.20851867,0.22017105,0.23461998,0.24872173,0.2599369,0.26646122
86,0.20069113,0.19680057,0.18979955,0.18207118,0.17693372,0.17800531,0.18776932,0.20627727,0.23132974,0.2597336,0.28833327,0.31444556,0.33596998,0.3514095,0.3598903,0.36119732,0.35582185,0.34501123,0.33079576,0.3159339,0.30365357,0.2970383,0.29808754,0.30692142,0.3217627,0.339712,0.35770023,0.3731374,0.3842138,0.38999313,0.39041027,0.38621867,0.37888375,0.37039062,0.36292467,0.3584166,0.35804224,0.361879,0.36890778,0.37735802,0.38519898,0.39056885,0.39204764,0.3887823,0.38050836,0.36750883,0.35053685,0.33071885,0.30944803,0.28827235,0.26877406,0.2524309,0.24044864,0.23357877,0.2319783,0.23518875,0.2422574,0.25193706,0.26287597,0.27375618,0.2833885,0.29078808,0.29524496,0.29639113,0.29425815,0.28931284,0.2824552,0.27495542,0.2683016,0.263943,0.26296344,0.26580098,0.27215922,0.28116396,0.29166722,0.30254257,0.3128765,0.32204238,0.32968983,0.33568743,0.3400518,0.3428852,0.3443348,0.3445766,0.34381652,0.34229544,0.340282,0.3380431,0.33579212,0.3336288,0.33149436,0.32916626,0.32630593,0.32255486,0.31765857,0.31158972,0.30464032,0.29745498,0.2909787,0.2863016,0.28441167,0.28592163,0.290887,0.2988097,0.30882323,0.3199566,0.33136228,0.34244254,0.35286722,0.36250556,0.37130943,0.3791901,0.38592824,0.39114556,0.39434627,0.3950155,0.39274722,0.38737163,0.37905467,0.3683491,0.35617918,0.34374407,0.33233193,0.3230595,0.31659833,0.3129903,0.31164598,0.31153345,0.31147045,0.31040287,0.3075976,0.3027355,0.2959242,0.28765854,0.27875075,0.270241,0.26329026,0.25904664,0.2584821,0.26221773,0.2703868,0.28258932,0.29795256,0.31526294,0.33311996,0.35008225,0.3647999,0.37613758,0.38329276,0.3859077,0.38416842,0.37887496,0.37145424,0.36386505,0.35833126,0.35687086,0.36071298,0.3698591,0.38304496,0.39811465,0.41257018,0.42405424,0.43067074,0.4311623,0.42499486,0.41238886,0.39431623,0.3724635,0.34913895,0.32706466,0.30896658,0.29692283,0.29165408,0.29219747,0.2962658,0.30105236,0.3039809,0.30314577,0.2974839,0.28680745,0.27179083,0.25395086,0.23560366,0.21969374,0.20927726,0.2065118,0.21159506,0.22262152,0.23653036,0.25021592,0.26113394,0.2674608
87,0.20606987,0.20211397,0.19529514,0.18797846,0.18336894,0.1848599,0.19470401,0.21288234,0.23729268,0.2648823,0.29260483,0.3178541,0.3385936,0.3533922,0.3614517,0.36264572,0.35756755,0.34757206,0.33478174,0.32198405,0.31229803,0.30850115,0.3121421,0.32293892,0.33893675,0.35728535,0.37507886,0.38990834,0.40012255,0.40491557,0.4043291,0.39920306,0.3910672,0.38194156,0.37400782,0.3691508,0.368468,0.3719499,0.37850752,0.3863301,0.3933766,0.39779887,0.3982094,0.3938033,0.3843785,0.37029323,0.3523867,0.3318782,0.31025264,0.28913435,0.2701435,0.2547275,0.24397081,0.23842132,0.23800579,0.24208757,0.24963881,0.25943765,0.27022043,0.28077936,0.2900309,0.29707977,0.30128828,0.3023467,0.30033508,0.29576048,0.2895516,0.28298488,0.27751613,0.27450952,0.2749152,0.2790182,0.2863905,0.29607132,0.30686715,0.31763,0.32743406,0.33564603,0.34191778,0.34613693,0.34836343,0.34877178,0.34761095,0.3451841,0.34184164,0.33797455,0.3339927,0.33027798,0.32711545,0.32461923,0.322684,0.32098866,0.31906405,0.31641358,0.31265748,0.3076683,0.30166695,0.2952538,0.2893525,0.28505105,0.2833532,0.28490502,0.28980967,0.29762605,0.30754763,0.31866273,0.3301797,0.3415507,0.35248402,0.36286804,0.37264776,0.3816982,0.3897375,0.3963084,0.40083256,0.40272176,0.40151522,0.3970122,0.38937303,0.3791682,0.36735857,0.35519165,0.34400582,0.33495927,0.32874644,0.32540938,0.32433745,0.32446334,0.32456353,0.32354498,0.32064354,0.31552038,0.30827555,0.2994073,0.28973898,0.2803271,0.2723525,0.26698887,0.2652448,0.26779348,0.2748338,0.28603515,0.30058622,0.31731948,0.33486393,0.3517933,0.36676076,0.37862402,0.38656363,0.39019424,0.38966057,0.38570237,0.37965953,0.3733712,0.36891466,0.3681632,0.37225434,0.38119215,0.39380413,0.40806666,0.42160293,0.43213916,0.4378235,0.43741342,0.43037248,0.4169118,0.39799592,0.3753144,0.351198,0.3284193,0.30978423,0.29746214,0.29223552,0.29313725,0.29781297,0.30336174,0.30711904,0.3071094,0.30221662,0.29221,0.2777234,0.26022705,0.2419774,0.2258505,0.21486138,0.21122329,0.21531345,0.2254388,0.23866847,0.2519237,0.26262876,0.26891232
88,0.213765,0.20966928,0.20297073,0.19602497,0.19192472,0.19383433,0.203768,0.22162107,0.24537075,0.27209428,0.29885238,0.32311928,0.3429304,0.3569328,0.36442098,0.36537912,0.36052653,0.35134867,0.34007314,0.32950845,0.32262912,0.32185733,0.32825974,0.3411505,0.3584024,0.3772103,0.3948251,0.40901974,0.41831225,0.42204484,0.42038742,0.41428712,0.40535387,0.39564887,0.3873429,0.38225335,0.38136914,0.38456532,0.3906653,0.39781567,0.40397546,0.40732887,0.40654397,0.40088886,0.3902484,0.37507844,0.3563228,0.33530527,0.31360346,0.29290226,0.27482212,0.26072112,0.25149593,0.24744354,0.24825399,0.2531429,0.26105052,0.2708141,0.2812756,0.29134238,0.3000357,0.30654904,0.3103197,0.3111049,0.30904767,0.30471423,0.2990811,0.29344407,0.28922626,0.28768894,0.28961542,0.2950981,0.30354095,0.31387022,0.32483453,0.33526617,0.34424302,0.35115108,0.35567743,0.357764,0.3575474,0.35530293,0.35140315,0.34629345,0.3404778,0.33450115,0.3289125,0.3241992,0.32069686,0.31850082,0.31741542,0.3169737,0.31653267,0.31542328,0.3131161,0.3093667,0.30431312,0.2985045,0.29284388,0.28843266,0.28632715,0.28726506,0.2914675,0.29861426,0.30800217,0.3187967,0.3302595,0.34187728,0.3533751,0.36463758,0.37558028,0.38602147,0.39559984,0.40376553,0.4098474,0.41317552,0.4132268,0.40976176,0.40292618,0.39329883,0.38186827,0.36992386,0.35885388,0.34986657,0.34369907,0.34042093,0.3394289,0.33964175,0.33980525,0.33878666,0.3357819,0.33041847,0.32277256,0.31332862,0.30290496,0.2925599,0.28348333,0.27686977,0.2737684,0.274919,0.28060982,0.29060736,0.3041859,0.32023942,0.33743188,0.35434896,0.36963832,0.3821383,0.39099845,0.39579058,0.39660263,0.3940992,0.38952106,0.38458183,0.38121605,0.3811676,0.38550398,0.39425144,0.40634117,0.4198867,0.4326328,0.44238672,0.44733602,0.44624645,0.43857107,0.42450246,0.40498707,0.3817039,0.35698748,0.3336357,0.31450582,0.30183944,0.2964884,0.29751953,0.30256093,0.30865481,0.3130639,0.31374046,0.30950248,0.30005857,0.2859826,0.2686787,0.25032634,0.2337226,0.22184585,0.21699272,0.21976878,0.22874391,0.2411451,0.25392014,0.2644448,0.27077895
89,0.22339581,0.21910314,0.21246256,0.20582384,0.20217088,0.20444828,0.21444303,0.23196146,0.25504258,0.28087768,0.30662763,0.32984722,0.34864905,0.36176804,0.36860496,0.36927098,0.36462858,0.35630643,0.3466369,0.33842704,0.33446467,0.33677956,0.34595463,0.3609282,0.37942404,0.3986842,0.41610762,0.4296432,0.43797982,0.4406165,0.4378634,0.43078744,0.42108756,0.41086817,0.4022816,0.39706177,0.39606917,0.39904678,0.40472242,0.41120183,0.4164541,0.4187114,0.41671568,0.40982732,0.39803633,0.38191196,0.36251295,0.34126958,0.31984046,0.29994112,0.2831421,0.27065068,0.26312593,0.26060125,0.26255932,0.26811826,0.27622914,0.28581032,0.29581293,0.30525312,0.31324866,0.31907645,0.32224926,0.32259816,0.32034168,0.31612083,0.31097367,0.30622172,0.30324915,0.30319574,0.3066528,0.31349674,0.32294625,0.33380434,0.3447588,0.3546282,0.3625083,0.3678263,0.370331,0.37004614,0.36721063,0.3622216,0.35559058,0.34791484,0.3398564,0.33211398,0.32536998,0.32020256,0.31697193,0.3157168,0.31610736,0.3174894,0.31901503,0.31982407,0.31922817,0.31686133,0.3127745,0.30746096,0.30180025,0.2969114,0.29392138,0.29369614,0.2966268,0.30256996,0.31097037,0.32109535,0.33226454,0.3439891,0.3559932,0.36813742,0.380289,0.39219448,0.4034024,0.41326398,0.4210117,0.42589107,0.427313,0.42499328,0.4190549,0.41007444,0.3990567,0.38732263,0.37630403,0.36726084,0.36098415,0.35759133,0.3565104,0.35666716,0.35678977,0.35570997,0.3525804,0.34698632,0.3389686,0.32898524,0.31783676,0.30657142,0.29637784,0.28846368,0.28391528,0.283542,0.28773257,0.2963682,0.3088284,0.3240847,0.34084478,0.35770804,0.3733127,0.38647053,0.39629096,0.40229315,0.40449864,0.4034885,0.4003991,0.3968186,0.3945464,0.3952102,0.399821,0.40843448,0.42008543,0.43302128,0.44510558,0.45422563,0.45860815,0.4570266,0.4489225,0.43446794,0.4145877,0.39094338,0.36586028,0.34213898,0.32265586,0.3096919,0.3041549,0.30516383,0.31036925,0.31679538,0.32165596,0.322839,0.31909412,0.31006157,0.29624528,0.27897346,0.2603404,0.24305917,0.2300711,0.22376202,0.22498374,0.23259969,0.2440221,0.25623494,0.26655945,0.27297387
90,0.23438449,0.22985071,0.22320347,0.216788,0.21348673,0.21604475,0.22604567,0.24321117,0.26562545,0.29057506,0.31531015,0.33746332,0.35522676,0.36742923,0.3735866,0.3739473,0.3695261,0.3620973,0.354087,0.34827188,0.34721664,0.35254353,0.36437696,0.3813244,0.4009888,0.42066076,0.4378752,0.4507453,0.45812532,0.45967147,0.4558381,0.44781652,0.43739766,0.42672786,0.41793525,0.41266125,0.41162953,0.41444606,0.4197431,0.42559016,0.42997444,0.43118665,0.4280547,0.420043,0.40725705,0.39038634,0.37060556,0.34944287,0.32861593,0.30983314,0.2945663,0.2838284,0.27802536,0.27695128,0.27993232,0.28603774,0.29425615,0.30359027,0.3130887,0.32185996,0.3291039,0.33417234,0.33665234,0.33645406,0.3338819,0.3296633,0.3249065,0.32095954,0.31915912,0.3205087,0.32539403,0.3334684,0.34376395,0.3549624,0.365695,0.3747744,0.3813271,0.38483897,0.38514033,0.38235688,0.3768473,0.36914384,0.35990497,0.34988272,0.33989573,0.3307908,0.3233724,0.31828982,0.31589818,0.3161421,0.31852087,0.322166,0.3260122,0.3290075,0.33030975,0.32943603,0.3263515,0.32149047,0.31570327,0.31012103,0.3059414,0.30416983,0.305394,0.3096857,0.31667742,0.32576743,0.33634612,0.34794757,0.36028454,0.37318012,0.38644165,0.39973626,0.41251954,0.42404467,0.43344986,0.43989778,0.44273213,0.4416197,0.43665287,0.4283953,0.41785517,0.40637204,0.39541033,0.38627595,0.37981617,0.37620685,0.37492365,0.374917,0.37491167,0.37371224,0.37043032,0.3646065,0.35624042,0.3457562,0.33392832,0.32178664,0.31051028,0.30131176,0.29530632,0.29336688,0.29598114,0.3031513,0.3143743,0.32871303,0.34492978,0.3616437,0.37748486,0.3912366,0.40196452,0.40913066,0.41268593,0.41312504,0.41147995,0.40921792,0.40801236,0.40938646,0.41430226,0.42284417,0.43414277,0.44657037,0.45810407,0.46671054,0.47065833,0.46873286,0.46036854,0.445721,0.42569572,0.40193623,0.37675157,0.3529272,0.33332714,0.320232,0.31457397,0.31551966,0.320765,0.3273501,0.33246842,0.33396164,0.33051962,0.32171708,0.30798823,0.29058486,0.27151656,0.2534136,0.23917821,0.23127677,0.23079912,0.23690988,0.24722669,0.25878498,0.26885486,0.2753289
91,0.24599913,0.24118692,0.23446408,0.22817267,0.22510564,0.22783625,0.2377746,0.25456575,0.27632362,0.30040976,0.3241505,0.3452504,0.3619802,0.37326458,0.37873808,0.37879008,0.37458903,0.36805,0.36167678,0.3581899,0.3599106,0.36806262,0.382355,0.40111306,0.42184284,0.44188043,0.458881,0.47110602,0.4775642,0.47806233,0.4731961,0.46427947,0.4531938,0.44212523,0.43317538,0.42789263,0.42686588,0.4295689,0.43454367,0.43982846,0.44343325,0.44371182,0.43958232,0.4306168,0.41703764,0.39965236,0.37974343,0.35892057,0.33893415,0.3214514,0.30781335,0.2988254,0.29465964,0.29491782,0.29882097,0.3054223,0.31375477,0.3228919,0.3319568,0.34012714,0.34666654,0.35099113,0.35275906,0.3519631,0.3490007,0.34469315,0.34022328,0.3369641,0.33619803,0.3387856,0.34490648,0.3539976,0.36491495,0.37622842,0.3865208,0.39460748,0.3996565,0.40122506,0.39923877,0.39393768,0.38580987,0.3755275,0.3638959,0.3518169,0.3402569,0.33019835,0.32255092,0.318012,0.31690276,0.31904417,0.323743,0.3299094,0.33626714,0.34158602,0.3448833,0.345568,0.34352243,0.33912,0.33317557,0.32682297,0.32131946,0.31780204,0.3170564,0.319385,0.32463378,0.33235797,0.3420364,0.3532325,0.3656462,0.37905872,0.39321458,0.40770262,0.42189023,0.43493962,0.4459016,0.45386055,0.4580942,0.4582174,0.45428514,0.44683805,0.4368751,0.4257404,0.41491726,0.40574622,0.39912435,0.39528644,0.39376315,0.39354146,0.3933555,0.3919934,0.38853273,0.3824724,0.37377083,0.36281595,0.35035273,0.33738852,0.325088,0.3146619,0.3072455,0.30376408,0.30479467,0.31045565,0.3203644,0.3336835,0.34923983,0.36568022,0.3816317,0.39585173,0.4073629,0.41557047,0.42035502,0.42212653,0.42181665,0.42077917,0.42057213,0.42262444,0.427854,0.43636927,0.44738492,0.45938587,0.47045538,0.47863844,0.48224944,0.4800926,0.47160333,0.4569285,0.43696102,0.41332987,0.38832527,0.36470482,0.34529275,0.33232868,0.32672778,0.32768106,0.3329342,0.33956704,0.34478134,0.34639683,0.34306133,0.33429617,0.32047468,0.30278015,0.28314522,0.2641244,0.24858132,0.23904818,0.23682775,0.2413715,0.25050896,0.2613411,0.27109608,0.27758437
92,0.25742954,0.2523035,0.24543135,0.23915467,0.23619299,0.23897937,0.24878196,0.2651781,0.28629702,0.30955464,0.33233833,0.35241604,0.36813262,0.37850615,0.3832881,0.38300648,0.37897918,0.37325332,0.3683964,0.36705846,0.37131697,0.38202608,0.39852977,0.41891393,0.44060344,0.46097133,0.47777435,0.48940346,0.49500602,0.4945281,0.4886979,0.4789458,0.46723947,0.4558037,0.4467166,0.4414411,0.44044262,0.44307384,0.44779453,0.45261505,0.45556816,0.45506877,0.45012197,0.44040263,0.42624316,0.4085588,0.38872546,0.36841506,0.34938803,0.33324984,0.32120293,0.3138614,0.31120428,0.31269187,0.31747898,0.32461697,0.33317363,0.34226924,0.35107273,0.35880426,0.3647715,0.36844265,0.3695424,0.3681467,0.36474955,0.36027,0.35596687,0.35323682,0.3533069,0.356898,0.36399543,0.37383708,0.38512006,0.39631584,0.40596855,0.41290432,0.4163408,0.41591483,0.4116548,0.40392047,0.39333048,0.38069338,0.36695242,0.35314587,0.340371,0.32972696,0.32220778,0.31853682,0.31897986,0.3232198,0.330369,0.33912823,0.34803003,0.3556862,0.3609883,0.36324546,0.36225975,0.35834208,0.35226727,0.3451632,0.33833325,0.3330285,0.33021697,0.33042598,0.33372185,0.33983222,0.34833983,0.35884824,0.3710504,0.38468987,0.3994542,0.41486275,0.43020615,0.4445675,0.45692065,0.46627888,0.47185725,0.4732176,0.47037283,0.46383217,0.45457435,0.44393447,0.43339986,0.4243305,0.41766012,0.4136736,0.41195443,0.41153064,0.41115507,0.40961042,0.4059501,0.39963886,0.39059892,0.37918463,0.3661127,0.35236794,0.3390996,0.3275134,0.31875798,0.3138,0.31329212,0.31745717,0.32602695,0.33826455,0.35306668,0.36911443,0.38503796,0.39957356,0.411705,0.42078418,0.42662546,0.42955902,0.43042335,0.43046868,0.43114942,0.4338105,0.43932965,0.44783396,0.45860958,0.47024047,0.48090717,0.4887311,0.49207622,0.48977336,0.48126823,0.4667088,0.44698405,0.4237141,0.39917096,0.37607524,0.35718897,0.34467378,0.33938444,0.34050286,0.34581396,0.35244945,0.35764387,0.3592211,0.3558098,0.3468967,0.3328096,0.3146768,0.29436752,0.2743726,0.25752187,0.24640001,0.24249044,0.24550052,0.25346145,0.26354584,0.27295014,0.279411
93,0.26787648,0.26240125,0.25530282,0.24892665,0.24593778,0.24866205,0.25825655,0.27423954,0.29474184,0.31721354,0.33908638,0.35818037,0.37290648,0.38236922,0.38643005,0.3857484,0.38178346,0.3767062,0.3731414,0.37366968,0.3801441,0.39309016,0.4115356,0.43335992,0.45591345,0.47659352,0.49323767,0.5043451,0.5091832,0.50782156,0.501108,0.49058008,0.47828674,0.46649256,0.45726076,0.45198417,0.45102274,0.45362338,0.45817178,0.46265122,0.46511245,0.46402323,0.45846558,0.44820514,0.43367043,0.4158687,0.39625186,0.3765368,0.35848045,0.34362325,0.33304384,0.3272002,0.32592645,0.32858437,0.33428565,0.34207898,0.35104746,0.36032924,0.36910865,0.3766221,0.3822016,0.3853551,0.38586727,0.38389534,0.38002986,0.3752879,0.37100437,0.36860096,0.36925483,0.37356105,0.38133165,0.39162973,0.4030144,0.41387382,0.4227233,0.42840666,0.43019637,0.42781287,0.42138895,0.41140217,0.39859527,0.38390106,0.36838326,0.3531946,0.33953896,0.32860792,0.32145846,0.31882346,0.32090536,0.32725263,0.33679986,0.34806332,0.35941032,0.36931473,0.3765552,0.38034692,0.38041335,0.3770024,0.37084633,0.36306155,0.354986,0.34796587,0.34312832,0.34120497,0.3424724,0.34683168,0.3539772,0.36356205,0.37528136,0.38885126,0.4039145,0.41993594,0.43614575,0.45156363,0.46509987,0.47570643,0.4825412,0.48511493,0.4833962,0.4778576,0.46944878,0.45948416,0.44944027,0.44067916,0.43415278,0.43017954,0.42838487,0.42783478,0.42730522,0.42558286,0.42170832,0.41512305,0.4057219,0.3938328,0.38014936,0.3656381,0.35143554,0.33874345,0.32872096,0.32236832,0.32040116,0.32313198,0.33039445,0.34154508,0.35554862,0.37112245,0.3869035,0.40161166,0.4141968,0.42396316,0.43066505,0.43456066,0.43640485,0.4373562,0.43877864,0.44194433,0.44769555,0.45617378,0.46672505,0.47801888,0.48832348,0.49583328,0.49896467,0.49658182,0.4881502,0.47382885,0.4545117,0.4318168,0.4079997,0.3857379,0.36771318,0.3559779,0.35128665,0.35277617,0.3582517,0.36489934,0.3700043,0.37141898,0.3677772,0.35855252,0.3440462,0.32534888,0.30428305,0.28329182,0.26518044,0.25257814,0.24711713,0.24872036,0.2555946,0.26497853,0.2740432,0.2804612
94,0.27663583,0.27077785,0.26337662,0.2567872,0.25364053,0.25618812,0.2655053,0.28105962,0.3009712,0.3227043,0.34371737,0.3618689,0.37562436,0.38416356,0.38744622,0.38625166,0.38217056,0.37749243,0.37490264,0.37693003,0.38523805,0.40007064,0.42018196,0.44326782,0.46660334,0.48759425,0.504137,0.5148165,0.5189993,0.5168595,0.5093488,0.4981003,0.4852392,0.47307396,0.4636669,0.4583623,0.45743802,0.4600524,0.46452466,0.4688087,0.47096416,0.46949866,0.4635551,0.45297247,0.4382566,0.4204875,0.40117565,0.3820701,0.36492127,0.35121676,0.34194148,0.33744153,0.33745122,0.34126553,0.34796295,0.35657856,0.36618647,0.3759129,0.3849289,0.3924632,0.39785427,0.40063795,0.40065172,0.39812922,0.39375424,0.38863954,0.38419577,0.381874,0.3828141,0.3875073,0.39562047,0.40607005,0.41730002,0.42763057,0.4355577,0.43994835,0.44013238,0.43591356,0.4275253,0.41555476,0.4008549,0.384463,0.36753765,0.35131636,0.3370789,0.32608202,0.3194264,0.31784755,0.3214919,0.32979447,0.34154192,0.35509747,0.36868906,0.38067046,0.38971707,0.39495468,0.39602995,0.39312863,0.3869404,0.37856755,0.36937425,0.3607851,0.35406148,0.3501118,0.3494003,0.35198888,0.35768077,0.36618242,0.37719956,0.39043307,0.40549707,0.42182058,0.43859315,0.45478982,0.4692732,0.48094618,0.48891824,0.49265382,0.49207854,0.48762634,0.4802124,0.4711209,0.46180344,0.45360553,0.44747496,0.44374117,0.44205314,0.44150466,0.44089434,0.4390197,0.43492013,0.42802662,0.41821876,0.4058086,0.3914757,0.37617582,0.36103934,0.34726882,0.33603582,0.32837114,0.32504407,0.3264425,0.33248603,0.3426105,0.35583913,0.3709204,0.3864971,0.40127486,0.41417396,0.4244571,0.4318263,0.43647718,0.43909276,0.44075364,0.44274804,0.446288,0.45218688,0.4605983,0.4709183,0.48188952,0.49185768,0.49908546,0.5020425,0.49963176,0.49134645,0.47736555,0.4585967,0.4366623,0.41380396,0.39265183,0.37579343,0.36514658,0.36133206,0.36340842,0.36917987,0.37588322,0.38086605,0.38202947,0.378035,0.36836484,0.35331345,0.33395222,0.31207526,0.2900958,0.27080798,0.25688335,0.2500764,0.25048178,0.2564434,0.2652478,0.27404004,0.28043795
95,0.28316653,0.2768983,0.26912376,0.2622136,0.25878495,0.26104712,0.270022,0.28513503,0.3044848,0.32553095,0.34574065,0.36299515,0.3758,0.38339508,0.38582245,0.3839658,0.37953594,0.37493905,0.3729347,0.37603197,0.3857514,0.40210426,0.42360687,0.447785,0.47183272,0.49314663,0.50965977,0.5200196,0.5236693,0.5208665,0.5126485,0.5007305,0.48730916,0.47474304,0.46511215,0.45973915,0.4588465,0.4615231,0.46602803,0.47028136,0.47233924,0.4707321,0.4646441,0.45396605,0.43925902,0.421655,0.4027063,0.38418606,0.3678435,0.35513586,0.34699267,0.3436935,0.34491205,0.3498981,0.35769734,0.36731488,0.37779033,0.3882104,0.3977076,0.40548304,0.410867,0.41341275,0.41300252,0.4099397,0.4049951,0.39937213,0.3945565,0.39203584,0.39293078,0.3976565,0.40576774,0.41606474,0.42689967,0.4365404,0.4434723,0.44658962,0.44527978,0.439426,0.42935413,0.41574702,0.3995479,0.381872,0.36394006,0.34703806,0.33248594,0.32157657,0.31543908,0.31481478,0.31981584,0.32979843,0.3434393,0.35898173,0.37453836,0.3883576,0.39901993,0.40556622,0.40756947,0.40515584,0.3989746,0.3901136,0.37995768,0.36999568,0.36159945,0.35582393,0.35329106,0.35420033,0.35845053,0.36579773,0.37596297,0.38864338,0.40344167,0.4197719,0.43680507,0.4534923,0.4686669,0.4811977,0.4901572,0.49497184,0.4955296,0.49222735,0.48594353,0.47792494,0.4695852,0.4622335,0.45678833,0.45356283,0.45220542,0.45182207,0.45122892,0.44923916,0.44490188,0.43765163,0.42736736,0.41435853,0.39930266,0.38315544,0.36705077,0.35220054,0.33979487,0.33089688,0.3263249,0.32653022,0.33150068,0.34073198,0.3532881,0.36793607,0.38331744,0.39812165,0.411242,0.42190552,0.42977038,0.4349807,0.43816078,0.44032902,0.44271404,0.44648212,0.45242622,0.460712,0.47077784,0.48142803,0.4910753,0.4980444,0.50085706,0.49845833,0.49037516,0.47681412,0.45870396,0.4376776,0.41596562,0.39614826,0.3807082,0.37140915,0.36871165,0.3715688,0.37776402,0.3845786,0.3894292,0.39028123,0.38584304,0.375625,0.3599335,0.33983868,0.31712452,0.29419312,0.27384326,0.25879252,0.2508971,0.25037947,0.25567386,0.2640849,0.2727245,0.27916244
96,0.28713503,0.28044122,0.2722358,0.26490983,0.2610862,0.2629627,0.27153563,0.28619835,0.30501932,0.32543647,0.34490806,0.36132157,0.37320557,0.3798415,0.3813338,0.37865093,0.37361023,0.36873454,0.366879,0.37057692,0.3812618,0.3987619,0.42138544,0.44649526,0.47119498,0.49285382,0.50941974,0.51957965,0.5228299,0.5194889,0.51065904,0.4981228,0.4841427,0.47113505,0.46121913,0.45572674,0.45485538,0.45764464,0.46229985,0.46670112,0.46888685,0.467391,0.4614169,0.45088324,0.43638226,0.41907609,0.40054277,0.38257393,0.36692756,0.35505772,0.3478793,0.34564877,0.34801242,0.35418898,0.3631865,0.37396207,0.38549677,0.39681393,0.4069879,0.41517693,0.4206922,0.42309585,0.42230698,0.4186901,0.4130939,0.4068053,0.40138328,0.39836052,0.39885953,0.40325138,0.41101414,0.42086384,0.43108466,0.43990743,0.4458156,0.44773352,0.44510463,0.43788522,0.42648163,0.41165444,0.39441237,0.37591633,0.35741118,0.3401895,0.32557118,0.31485486,0.30918616,0.30932415,0.31538016,0.32667583,0.341821,0.3589725,0.37614968,0.39150915,0.40354443,0.41121715,0.41403165,0.4120592,0.4059124,0.39666614,0.3857219,0.3746205,0.364822,0.357497,0.35339096,0.35281026,0.355727,0.3619357,0.3711723,0.3831395,0.3974454,0.4135108,0.4305112,0.44739658,0.462991,0.4761466,0.48591343,0.49169156,0.49333996,0.4912237,0.48618525,0.479429,0.47231808,0.46610478,0.46165055,0.4592215,0.45843765,0.45839787,0.45792788,0.45585948,0.4512622,0.44358894,0.43273392,0.4190197,0.403136,0.38605163,0.36891645,0.35296327,0.33941066,0.3293604,0.32367936,0.32287267,0.32697776,0.3355255,0.34759572,0.36195347,0.37722588,0.39208063,0.4053847,0.4163349,0.42455485,0.43014917,0.43369848,0.4361756,0.43876758,0.4426106,0.44848734,0.4565776,0.46635622,0.47667852,0.48601356,0.49274042,0.4954298,0.49306974,0.485225,0.4721355,0.45475763,0.43474045,0.4143069,0.39598626,0.38214904,0.37439057,0.3729916,0.37677935,0.38350084,0.39047527,0.3951921,0.3956918,0.39074475,0.37990567,0.36350918,0.34264064,0.31909093,0.29526958,0.27399752,0.25804594,0.24935742,0.24823968,0.2531642,0.26141584,0.27006015,0.27662453
97,0.28843388,0.28131807,0.2726444,0.26482713,0.26051202,0.2619146,0.27003348,0.28424206,0.30257332,0.32242906,0.34124222,0.35688978,0.36790532,0.37359083,0.37408903,0.37042943,0.36451802,0.35899305,0.35683078,0.36064127,0.37183505,0.39010882,0.41358846,0.43947658,0.4647752,0.4868084,0.5035181,0.5136084,0.5166049,0.5128629,0.5035279,0.4904323,0.47589713,0.46240395,0.45213413,0.4464625,0.4455952,0.44854498,0.45347053,0.45820564,0.46075603,0.45963898,0.45405364,0.4439216,0.42984107,0.41298136,0.39492953,0.37749016,0.3624399,0.35125685,0.3448806,0.34358498,0.34701756,0.35437658,0.36462602,0.37665784,0.38937435,0.40171736,0.41268915,0.42139548,0.42712167,0.42943212,0.4282751,0.4240662,0.41772062,0.41059864,0.40432876,0.40049648,0.40024823,0.40394416,0.4110227,0.42014825,0.4295614,0.43747136,0.44236797,0.44320846,0.43948945,0.43123233,0.41890982,0.4033395,0.38556716,0.3667635,0.34815466,0.33099353,0.3165561,0.30611432,0.30081952,0.30146584,0.3082053,0.3203772,0.33657178,0.35489357,0.3732906,0.38984057,0.4029591,0.41153598,0.41501358,0.4134148,0.4073207,0.39779523,0.38625348,0.37427694,0.36339253,0.35485563,0.34949833,0.34769803,0.34947145,0.35463408,0.36293176,0.37407935,0.38770598,0.40326056,0.41994712,0.43673787,0.45246938,0.4659963,0.47636306,0.4829579,0.48562247,0.48469836,0.48099527,0.4756715,0.4700273,0.4652362,0.46207297,0.46072376,0.4607506,0.46122476,0.4609729,0.45884788,0.45395014,0.44576627,0.4342227,0.41967183,0.40283164,0.38469917,0.36645478,0.3493663,0.33469418,0.3235887,0.31696835,0.3153838,0.31890106,0.3270559,0.3389113,0.353203,0.36852577,0.38351744,0.3970187,0.40820208,0.41666678,0.42249125,0.42622846,0.4288238,0.4314413,0.43520397,0.44089574,0.44871408,0.4581658,0.46814734,0.47717303,0.48366722,0.4862444,0.48393428,0.47634146,0.4637434,0.4471293,0.4281698,0.40908408,0.39235118,0.38022524,0.37412354,0.3741344,0.37894574,0.38625738,0.39342105,0.39800033,0.39811802,0.39261702,0.38110912,0.3639703,0.34231514,0.317957,0.2933305,0.27129674,0.25469097,0.24553005,0.24416433,0.24904522,0.25739488,0.26621708,0.27300262
98,0.28717428,0.27966452,0.2705125,0.26215518,0.25727504,0.25813228,0.26575598,0.2795146,0.29740396,0.31677875,0.3350325,0.35001644,0.36025104,0.3650365,0.36452723,0.3597849,0.35278046,0.34626088,0.34334752,0.3467852,0.3580329,0.37671143,0.400789,0.4273086,0.45315874,0.47560164,0.49255416,0.5027158,0.5056185,0.5016297,0.4919141,0.47833446,0.4632602,0.44924262,0.43854788,0.4326294,0.43173888,0.43488815,0.44019833,0.44545168,0.44860664,0.44814387,0.44323495,0.43377918,0.4203549,0.40411475,0.38663626,0.36972842,0.355193,0.3445551,0.33881453,0.33829948,0.34268597,0.35116208,0.36264282,0.3759418,0.3898678,0.40326935,0.41506898,0.42431596,0.4302664,0.43248284,0.43093517,0.42607912,0.4188828,0.41076684,0.40342233,0.39849252,0.39716777,0.39982986,0.40591437,0.41406712,0.42250973,0.42944595,0.4333808,0.43330708,0.4287719,0.4198531,0.4070749,0.3912896,0.3735495,0.35499647,0.33679214,0.3201001,0.3061054,0.296018,0.29098257,0.2918466,0.29884905,0.3114052,0.3281382,0.34713775,0.36630338,0.38364816,0.39751974,0.40674478,0.41071203,0.4094034,0.40337425,0.3936799,0.38174587,0.3691834,0.35756508,0.3481997,0.34196785,0.3392786,0.34016037,0.34442818,0.35182965,0.36209622,0.37489235,0.38971567,0.40582237,0.42223057,0.43781158,0.45144305,0.46218216,0.46942183,0.47300062,0.47324687,0.47094235,0.46719608,0.4632323,0.46012235,0.45852318,0.4585077,0.4595512,0.46067822,0.46070924,0.45852125,0.45325676,0.44445118,0.43208045,0.4165442,0.3986053,0.3793053,0.35987118,0.34162238,0.3258773,0.31384802,0.3065096,0.30444926,0.30773568,0.31587115,0.32786146,0.34238032,0.35797003,0.3732308,0.38697842,0.3983689,0.40698868,0.4129047,0.41665894,0.41918793,0.42165184,0.42517772,0.43056324,0.43802813,0.4471076,0.45672998,0.46544316,0.47170666,0.47417152,0.4719058,0.4645538,0.45243293,0.43656948,0.41866058,0.40092638,0.38579804,0.3754122,0.37100366,0.37246174,0.37832862,0.38625088,0.39360896,0.39804018,0.39775312,0.3916699,0.3794677,0.361574,0.33914384,0.31402677,0.2886989,0.26607955,0.24907935,0.23977822,0.23852508,0.2436911,0.2523918,0.2615558,0.26864517
99,0.28365505,0.2758069,0.26619852,0.2572858,0.25179705,0.2520606,0.25916392,0.2724882,0.2899946,0.3089836,0.32679895,0.34125337,0.3508377,0.35482866,0.3533645,0.34750655,0.3392596,0.33146283,0.32739916,0.3300054,0.34086773,0.3595931,0.38401932,0.41103017,0.43738955,0.4602826,0.4775836,0.48796818,0.4909521,0.48689082,0.47694308,0.46297994,0.44740492,0.4328394,0.4216536,0.4154152,0.41446155,0.41783363,0.42362753,0.4295711,0.4335622,0.43402588,0.43008384,0.42158833,0.4090723,0.39364696,0.3768595,0.36051062,0.34642717,0.33619705,0.33090934,0.33098102,0.33614373,0.34558865,0.35818186,0.37265128,0.3877039,0.4020898,0.41465023,0.42437834,0.43050122,0.43257698,0.43059057,0.42502633,0.4168902,0.40764755,0.39904103,0.39277184,0.3900898,0.39142713,0.3962518,0.40322384,0.41057104,0.41650873,0.41956678,0.41877732,0.41373587,0.40456864,0.3918366,0.3764038,0.3592976,0.34159064,0.32433262,0.3085472,0.2952803,0.2856425,0.28075558,0.28153488,0.28835166,0.30075973,0.31747413,0.33661252,0.35605222,0.37375754,0.38801947,0.39761093,0.40187585,0.40076298,0.39480734,0.38505778,0.37294662,0.3601031,0.3481241,0.33833987,0.33164027,0.32842568,0.32870206,0.33226153,0.33884466,0.3482028,0.36004844,0.37394696,0.3892286,0.4049801,0.42012927,0.43359706,0.4444727,0.45217136,0.45654374,0.45791653,0.45704862,0.45499587,0.4528919,0.45168063,0.4518699,0.45338783,0.45559806,0.45746374,0.45779508,0.45549858,0.44977006,0.44020897,0.4268572,0.4101784,0.39099693,0.37041554,0.3497251,0.3303151,0.31358096,0.3008123,0.29304639,0.29089376,0.29439092,0.30295777,0.31549495,0.33057925,0.34668273,0.36236408,0.3764198,0.3879999,0.39669153,0.40256527,0.40616903,0.40844864,0.41057903,0.41370857,0.4186613,0.42568478,0.43434015,0.4435786,0.45196983,0.45799688,0.46033862,0.4580958,0.4509501,0.4392595,0.42409015,0.40717018,0.39072588,0.37714517,0.36844966,0.36569253,0.36856443,0.3754614,0.38397503,0.39151147,0.39577955,0.3950736,0.38839722,0.37549773,0.3568605,0.33368972,0.30788246,0.2819713,0.25895077,0.24181774,0.23270264,0.23190618,0.23765884,0.24693023,0.25656638,0.26401263
100,0.27831215,0.27020755,0.26019865,0.250753,0.2446487,0.24430062,0.25088045,0.26380134,0.28099617,0.29970878,0.3172268,0.33131546,0.34042314,0.34378412,0.34149417,0.33458066,0.32504478,0.31578916,0.3102596,0.31163362,0.32170624,0.34014177,0.36468074,0.39205068,0.41888133,0.44226766,0.46002662,0.4707926,0.47404495,0.47010413,0.46009827,0.4458828,0.42987692,0.41476613,0.40303794,0.39640698,0.39533806,0.39893547,0.40528753,0.41206783,0.41710266,0.4187442,0.41604328,0.40878204,0.3974237,0.38301384,0.3670472,0.35129938,0.33761513,0.32765168,0.32260874,0.323022,0.32870737,0.3388775,0.35235634,0.3677861,0.38377085,0.39896294,0.41212556,0.4221997,0.42838615,0.43023786,0.42774916,0.4214222,0.41228533,0.40183106,0.3918388,0.38406184,0.37981755,0.37961143,0.38297507,0.3886141,0.39478815,0.3997422,0.40204218,0.4007647,0.3955531,0.38657507,0.37441373,0.35992178,0.3440693,0.32781863,0.31206083,0.29763168,0.28539386,0.27632317,0.27149862,0.27190873,0.27809405,0.28980768,0.3059205,0.32462806,0.3438174,0.36142302,0.37569144,0.38535172,0.3897114,0.38869312,0.3828164,0.37312442,0.36105147,0.34823212,0.3362649,0.3264694,0.31970564,0.3163265,0.31628406,0.31932837,0.3251861,0.33363187,0.34443694,0.35724995,0.37149376,0.38634318,0.40080225,0.41385442,0.42463943,0.43261236,0.43765157,0.44009325,0.44067764,0.44040182,0.44029188,0.44113854,0.44327044,0.44644454,0.44989464,0.45251453,0.45310518,0.45060992,0.44428957,0.4338214,0.4193282,0.40135273,0.38079646,0.3588393,0.336854,0.3163205,0.29873273,0.28547597,0.2776535,0.27587745,0.28010347,0.28960785,0.30313343,0.31912926,0.33598724,0.3522288,0.36664203,0.37838447,0.38705823,0.39275235,0.39603603,0.397881,0.39949423,0.4020619,0.40644744,0.412933,0.42110425,0.42992726,0.4379815,0.44376102,0.4459616,0.4437088,0.43671685,0.42538238,0.41081244,0.39476976,0.3794925,0.3673322,0.36020276,0.35898322,0.36317304,0.37102753,0.3800843,0.38777208,0.39186642,0.39074337,0.3834862,0.36991274,0.35056925,0.3267147,0.3003025,0.27393436,0.25069502,0.23367624,0.22504319,0.22500028,0.23158206,0.24158384,0.25177097,0.25958762
101,0.2716568,0.26339778,0.25307474,0.2431574,0.2364723,0.2355323,0.24161437,0.25418225,0.27114955,0.28970525,0.30707934,0.3209856,0.32982185,0.33276644,0.32985148,0.32203978,0.31128985,0.30052757,0.29334235,0.29318154,0.30212516,0.31997332,0.3444112,0.3720188,0.39928573,0.42320666,0.44152924,0.45283228,0.45654193,0.45292354,0.44305235,0.42874458,0.41241378,0.39679694,0.384503,0.37741908,0.37617669,0.37998074,0.3869332,0.3946574,0.4008999,0.403925,0.40269426,0.39689934,0.38691232,0.37369156,0.3586587,0.34354612,0.33020392,0.3203563,0.31532496,0.31578803,0.32167387,0.33223984,0.3462818,0.36236352,0.37899122,0.3947251,0.40825707,0.41848254,0.42458048,0.42609975,0.4230403,0.41591302,0.4057543,0.3940663,0.38264734,0.3732905,0.36738014,0.36550865,0.36729592,0.37152138,0.37650183,0.38053095,0.38222378,0.38070822,0.3756762,0.36733073,0.3562625,0.34328905,0.32928935,0.31507513,0.3013364,0.2886827,0.27776185,0.26938963,0.26458293,0.26439646,0.26955792,0.2800668,0.29501188,0.3127225,0.3311344,0.3481759,0.3620636,0.3714926,0.375742,0.37471405,0.36891612,0.35938478,0.34754965,0.33503625,0.3234211,0.31398094,0.3075098,0.3042798,0.3041657,0.30686364,0.31208462,0.3196306,0.3293389,0.3409514,0.35399556,0.36774826,0.38130507,0.39372823,0.4042249,0.41230643,0.41789317,0.42134064,0.42337266,0.42491928,0.42688054,0.42986867,0.43400827,0.43886685,0.44353986,0.44685185,0.44760048,0.44477502,0.43771207,0.42617834,0.41038945,0.39097983,0.3689411,0.3455452,0.3222645,0.300691,0.28244147,0.26901597,0.26158267,0.26072013,0.26623684,0.27719423,0.29212853,0.3093427,0.32715243,0.3440554,0.358847,0.37070644,0.37926355,0.38463765,0.38743156,0.38865644,0.38956627,0.3914005,0.39507556,0.4009167,0.40853524,0.41690555,0.42460525,0.43012598,0.4321674,0.42986906,0.42296982,0.41189992,0.39780563,0.3824864,0.36819822,0.3572664,0.3515107,0.35165176,0.3570133,0.36572024,0.37525862,0.3830749,0.3870031,0.3854925,0.37769958,0.36350897,0.34352687,0.3190691,0.29215088,0.26545236,0.24215965,0.22546397,0.21754691,0.21847214,0.2260368,0.23685014,0.24760833,0.25577095
102,0.26421228,0.2559095,0.24538065,0.2350877,0.22789972,0.22643097,0.23207638,0.24436462,0.2611995,0.27972052,0.29710335,0.31101152,0.3197907,0.3225569,0.3192659,0.3107942,0.2990236,0.2868586,0.27799273,0.27614158,0.28372523,0.3007568,0.32491764,0.35265768,0.38032666,0.4048134,0.4237881,0.43576384,0.440101,0.43699527,0.4274515,0.41322702,0.39670876,0.38066742,0.367827,0.3602598,0.358795,0.362773,0.3703334,0.3790571,0.38660634,0.39114586,0.39153308,0.38735324,0.37887132,0.36694285,0.35290098,0.33842,0.3253419,0.31544918,0.31018642,0.3103879,0.3161175,0.3267013,0.34092602,0.35729,0.37421152,0.3901681,0.4037895,0.41393402,0.41976532,0.42083102,0.41713566,0.4091927,0.39803562,0.38516024,0.37236536,0.36146653,0.353905,0.3503625,0.3505623,0.35337996,0.35721263,0.36042234,0.36168718,0.3601945,0.35568628,0.34839413,0.33890045,0.32796124,0.31633022,0.30463138,0.29332215,0.2827657,0.27338615,0.26583353,0.26105046,0.26013952,0.264006,0.2729136,0.28621486,0.3024273,0.3195804,0.33562627,0.34876996,0.35768428,0.36162734,0.36048582,0.35475612,0.34546527,0.3340293,0.32204816,0.31105223,0.30224574,0.29632717,0.2934658,0.29344836,0.29591691,0.30057123,0.30724496,0.31584397,0.3262047,0.33796173,0.35049963,0.3630141,0.37465796,0.38471925,0.39277974,0.39881402,0.40320438,0.40665755,0.4100263,0.41406605,0.4191894,0.4253005,0.43177065,0.43755922,0.4414295,0.44218528,0.43887118,0.43090793,0.41815984,0.40094346,0.37999338,0.35640106,0.33154258,0.30700618,0.28451806,0.2658435,0.25261593,0.24605897,0.2466645,0.25401217,0.26687798,0.28355974,0.30221725,0.3211086,0.33872795,0.35389325,0.3658164,0.3741625,0.37908775,0.38123575,0.3816661,0.38169178,0.38261995,0.38543496,0.39051664,0.39750674,0.40538433,0.41271475,0.4179728,0.41984692,0.4174765,0.410613,0.39971143,0.3859519,0.37117016,0.35764626,0.3476932,0.34305823,0.3443297,0.35067943,0.36011672,0.37007812,0.37802002,0.381822,0.37999353,0.37175298,0.35704345,0.33652565,0.31157017,0.28425494,0.25734237,0.2341252,0.21789353,0.21082805,0.21282072,0.2214132,0.23303595,0.24433325,0.25279292
103,0.25646028,0.24821854,0.23760119,0.22705461,0.21948199,0.21759367,0.22290353,0.23501076,0.2518163,0.27041793,0.2879448,0.3020169,0.31093234,0.31374684,0.31033796,0.30148727,0.28897917,0.275659,0.26527324,0.26176962,0.26792312,0.28401846,0.30778798,0.33558053,0.36361596,0.38867864,0.4083585,0.42109808,0.4261858,0.42373997,0.41468593,0.4007098,0.3841561,0.3678106,0.3544963,0.3464669,0.34476316,0.34888577,0.35703355,0.36675525,0.3756285,0.38171187,0.38374954,0.38121116,0.37424663,0.36360213,0.3505166,0.33659953,0.32367584,0.3135753,0.3078571,0.30751184,0.31274998,0.32298446,0.33701122,0.35327902,0.3701316,0.38597605,0.3993916,0.40920988,0.41458738,0.41507617,0.4106874,0.40193513,0.38984334,0.3758898,0.36185694,0.3495631,0.34048843,0.33539432,0.33410996,0.3356206,0.3384222,0.34096304,0.3419982,0.34078225,0.3371075,0.33122543,0.3236911,0.31517085,0.30626088,0.29737034,0.28871164,0.28040788,0.2726789,0.26602677,0.26132038,0.25968605,0.26217037,0.26927987,0.28064302,0.2950045,0.31053177,0.32523626,0.33733526,0.34549403,0.34895846,0.34760374,0.34191507,0.3329048,0.32196411,0.31065,0.30042395,0.29239434,0.28714672,0.28474146,0.28488314,0.2871715,0.2913052,0.2971531,0.30468532,0.313824,0.32430205,0.33560616,0.3470324,0.35782927,0.36737496,0.37533215,0.381739,0.38700914,0.39182934,0.39696428,0.4030095,0.41016513,0.41811073,0.42602703,0.4327497,0.43699387,0.43758032,0.4336162,0.4246114,0.41053122,0.39179647,0.36924535,0.34407404,0.3177704,0.29205123,0.26879692,0.24994613,0.2372809,0.23206012,0.23462091,0.24422942,0.2593253,0.27796564,0.29819196,0.3182321,0.33659488,0.3521301,0.36408478,0.37215897,0.37654504,0.3779281,0.37742022,0.37640172,0.37626088,0.37806666,0.3822695,0.38855162,0.3958976,0.40285233,0.4078592,0.409578,0.40713012,0.40026322,0.38944313,0.37587383,0.36142352,0.34840193,0.3391281,0.33530784,0.33743486,0.34456214,0.35460168,0.3649415,0.37303624,0.3767936,0.37476498,0.36621448,0.35113037,0.3302178,0.30489457,0.2772961,0.25026345,0.22719288,0.2114683,0.20526023,0.20828359,0.21783659,0.23019406,0.24196473,0.25066864
104,0.24880752,0.24071133,0.23011747,0.2194532,0.21164708,0.20949237,0.21460871,0.22665845,0.24354129,0.26232183,0.28009453,0.2944475,0.3036419,0.30668303,0.3033793,0.29442376,0.28150165,0.26737905,0.25580823,0.25090602,0.255765,0.2709575,0.29431167,0.32211405,0.35047784,0.37609422,0.3964778,0.41000244,0.41588584,0.41417024,0.40570217,0.39209545,0.37564585,0.35914004,0.34547886,0.33707657,0.33517548,0.3394414,0.34814438,0.35881132,0.36893973,0.3764825,0.38006973,0.37905562,0.37347758,0.3639774,0.35170588,0.33821207,0.32530284,0.3148464,0.30850115,0.30739954,0.31189245,0.3214843,0.33499226,0.3508304,0.3672833,0.38270262,0.39563116,0.40488645,0.4096286,0.40942243,0.40429106,0.3947518,0.38181746,0.3669416,0.35187766,0.33842766,0.3280878,0.32167858,0.31912437,0.3195215,0.32147512,0.3235332,0.32453892,0.32381943,0.32121462,0.31698364,0.3116329,0.30571282,0.29963934,0.2935984,0.28757098,0.28147417,0.27536666,0.26963842,0.26509652,0.26286876,0.2640914,0.26945803,0.27884388,0.29122874,0.30494916,0.31811056,0.32897034,0.33620504,0.3390593,0.33740157,0.33170488,0.3229603,0.3125222,0.3018882,0.29243395,0.28515983,0.28053784,0.2785321,0.278786,0.28087792,0.28451824,0.28961143,0.29618078,0.30421534,0.31352586,0.32368472,0.33407867,0.3440498,0.35306984,0.3608887,0.36761388,0.37369245,0.37978774,0.38656837,0.39446238,0.40345645,0.41301474,0.4221445,0.4295765,0.4339927,0.43423992,0.42949164,0.4193471,0.40387115,0.3835864,0.3594327,0.33270934,0.30501676,0.27820608,0.2543254,0.23550674,0.22369094,0.22014455,0.22498094,0.23708877,0.25455764,0.27523252,0.2970729,0.3182994,0.33744377,0.3533847,0.36539665,0.37320527,0.37703055,0.37759343,0.376057,0.3738736,0.37252453,0.37318206,0.3763883,0.38188276,0.3886625,0.3952472,0.4000351,0.40163806,0.39913827,0.39225844,0.3814559,0.36794305,0.35361212,0.34080628,0.3318722,0.3285145,0.33118236,0.33885273,0.3493624,0.36005074,0.36835536,0.3721902,0.37012574,0.36145085,0.34618086,0.32505006,0.29950985,0.27174056,0.24464902,0.2217223,0.2064306,0.20094143,0.20482235,0.21517073,0.22813717,0.2403034,0.24921435
105,0.2415757,0.23368,0.22320522,0.21256152,0.20469595,0.20246498,0.20756608,0.21970242,0.23676676,0.25579944,0.27387512,0.28856573,0.29811102,0.30148253,0.2984378,0.28960118,0.276576,0.26205242,0.249759,0.24390902,0.2478258,0.2623263,0.28535149,0.313168,0.3418193,0.36792713,0.388945,0.40318826,0.4098132,0.4087967,0.4009182,0.38772985,0.37148455,0.35496464,0.3411278,0.3325143,0.33053252,0.3349914,0.34422782,0.35575297,0.36699378,0.3758068,0.38071755,0.3809761,0.37652126,0.36790714,0.35621387,0.34294504,0.32989678,0.31897044,0.31190467,0.3099462,0.31356186,0.3223348,0.33510482,0.35026234,0.36604893,0.38077828,0.3929737,0.40145367,0.40539497,0.40438575,0.39846978,0.3881736,0.37450254,0.35888496,0.34303844,0.32873276,0.3174558,0.31005925,0.3065394,0.30609182,0.3074303,0.30920804,0.3103617,0.3102917,0.3088788,0.3063755,0.3032206,0.29983217,0.2964419,0.29302952,0.2893836,0.28526828,0.28063512,0.27580345,0.2715356,0.26894453,0.26920432,0.27312338,0.28076148,0.2913053,0.30326647,0.31486833,0.32443467,0.3306739,0.33284265,0.3308085,0.32503188,0.3164763,0.30644903,0.296377,0.2875429,0.28084263,0.27665177,0.27486652,0.27510035,0.2769344,0.28010216,0.28454012,0.29030746,0.29743373,0.30577844,0.31497392,0.32447937,0.33372086,0.34226105,0.34993875,0.3569332,0.36372572,0.37095475,0.37919146,0.38869983,0.3992656,0.41015854,0.420237,0.42814767,0.43255287,0.43233073,0.42672026,0.4154055,0.39854422,0.3767533,0.35106558,0.32287475,0.29388514,0.2660766,0.24166656,0.22299008,0.21215254,0.21040651,0.21759714,0.23221557,0.25202805,0.27471185,0.2981747,0.3206389,0.34065166,0.3571058,0.36928558,0.37692523,0.38025755,0.38002798,0.37744412,0.3740309,0.3713724,0.37076363,0.37286404,0.37749428,0.38367814,0.3899106,0.39453307,0.39608958,0.39359933,0.386735,0.37592098,0.36235687,0.3479444,0.33505994,0.3260996,0.3228141,0.32566944,0.33361953,0.3444537,0.35546315,0.3640509,0.36811182,0.36620888,0.35763082,0.3423976,0.3212522,0.29566023,0.26782647,0.24070096,0.21783957,0.20279084,0.1977478,0.20219712,0.21310264,0.22652283,0.23901045,0.2481166
106,0.23501176,0.22734123,0.21706073,0.20657083,0.19883268,0.19674112,0.2020302,0.21440803,0.23174833,0.25107628,0.26946425,0.28448677,0.29438123,0.2981063,0.2953937,0.2868286,0.2739644,0.25943887,0.24694954,0.24073867,0.24424137,0.2584194,0.28130603,0.30918565,0.33807927,0.3645744,0.38608727,0.40089306,0.40810442,0.40765196,0.40026924,0.38746822,0.37147573,0.35507426,0.34126097,0.33265945,0.33078748,0.3355485,0.34532252,0.35760528,0.36976635,0.3795843,0.3855004,0.3866827,0.38299584,0.37493226,0.36352745,0.35026172,0.33693323,0.32547414,0.317682,0.31488147,0.31761578,0.32551882,0.3374432,0.3517623,0.36669078,0.38052404,0.391785,0.39931038,0.40230802,0.40040165,0.39366585,0.38264516,0.36834422,0.35217014,0.3358025,0.32096776,0.30912274,0.30111867,0.29699162,0.29601225,0.2969905,0.29868028,0.30010933,0.30074632,0.30050346,0.2996146,0.2984417,0.29727182,0.29617247,0.2949576,0.2932784,0.29080445,0.28743103,0.28344285,0.27957353,0.27691022,0.27662188,0.27956116,0.2858959,0.29496452,0.30543223,0.3156458,0.32401264,0.32929105,0.33076283,0.32830155,0.32235587,0.31385806,0.30406275,0.2943233,0.28583515,0.27940834,0.27535367,0.2735368,0.27357477,0.27507377,0.2777973,0.28170568,0.28687257,0.29333773,0.30097553,0.30944726,0.31826073,0.32691064,0.33504257,0.34258133,0.34977776,0.35714868,0.3653109,0.37474602,0.38556993,0.39739186,0.4093165,0.42008045,0.4282658,0.4325247,0.43176737,0.42529324,0.41286218,0.39471394,0.3715471,0.3444732,0.31496337,0.2848064,0.25609034,0.23118545,0.21262427,0.20268156,0.20259973,0.21196254,0.22889622,0.2508957,0.27550977,0.30060643,0.32439995,0.34543255,0.36258683,0.37513286,0.38279152,0.3857897,0.38488203,0.38131014,0.37666774,0.37264788,0.37068626,0.3715876,0.37528366,0.38084647,0.38675338,0.39128104,0.39288735,0.3905037,0.38372523,0.3729153,0.3592339,0.3445714,0.33132973,0.3219717,0.31834242,0.320994,0.32892156,0.33990282,0.35118517,0.36012003,0.36455646,0.36302102,0.3547747,0.33981645,0.31887344,0.29340118,0.26560217,0.23843877,0.21550554,0.2004212,0.19545071,0.20009607,0.21127169,0.22497411,0.2377157,0.2470273
107,0.22930618,0.22186448,0.21183775,0.20162843,0.1942087,0.19248268,0.19817005,0.2109396,0.22863173,0.24826689,0.2669345,0.28223187,0.29241478,0.29645234,0.29407877,0.28587487,0.27338338,0.25922543,0.24707434,0.2411436,0.2448491,0.25916445,0.282165,0.3101806,0.33926043,0.36600012,0.3878097,0.40294915,0.41051155,0.41040692,0.40335083,0.39084354,0.37510988,0.35894352,0.34536704,0.33704072,0.33552134,0.34073997,0.3510814,0.36402047,0.37688568,0.38740334,0.39395946,0.39567065,0.39235896,0.384487,0.3730756,0.35960644,0.34589413,0.33389914,0.3254547,0.3219219,0.3238727,0.3309541,0.34201503,0.35541543,0.3693595,0.38214517,0.3923156,0.39874345,0.40068236,0.3978037,0.39022323,0.3785128,0.36368468,0.3471312,0.3304958,0.31545448,0.30341342,0.29519188,0.2908288,0.28963745,0.29050103,0.29225975,0.2940222,0.29531565,0.29607487,0.29651034,0.29691273,0.2974606,0.29809794,0.29852766,0.29832202,0.29710835,0.29476568,0.2915702,0.2882375,0.28582087,0.2854509,0.28796494,0.2935648,0.3016746,0.3110729,0.32021672,0.3276017,0.33204722,0.33287057,0.32995802,0.32374898,0.3151448,0.30534863,0.29564714,0.2871658,0.28065866,0.27641007,0.274294,0.2739612,0.27505928,0.27738348,0.28090572,0.28569093,0.29175794,0.2989621,0.30696192,0.3152881,0.32348537,0.3312705,0.33864772,0.34593764,0.3536956,0.36252618,0.3728395,0.38463047,0.39736518,0.4100166,0.42122594,0.42952654,0.4335654,0.4322816,0.4250259,0.41162193,0.39237705,0.3680554,0.33982798,0.30921972,0.27807412,0.248551,0.22313519,0.20453086,0.19518802,0.19638334,0.20751084,0.22640999,0.25036123,0.27680543,0.30356184,0.32881233,0.35106492,0.36916313,0.38233647,0.39026934,0.3931625,0.39176285,0.38733286,0.38152742,0.37614956,0.3727895,0.37242353,0.37512738,0.38004908,0.38566217,0.3901764,0.39194846,0.38979897,0.38321817,0.37247875,0.35867095,0.34364656,0.32981598,0.31971487,0.31532356,0.3173511,0.32490766,0.33580717,0.34726596,0.35657114,0.36150068,0.36051595,0.35282144,0.33836773,0.3178401,0.2926567,0.26498723,0.23777062,0.21460387,0.19916418,0.19384101,0.19826317,0.20939092,0.22318958,0.23611571,0.24564987
108,0.22460477,0.21739097,0.20767301,0.19786741,0.19095315,0.18981057,0.1960903,0.20937799,0.22747025,0.24739595,0.26628146,0.28176668,0.29214618,0.2964228,0.29436198,0.28657505,0.27463427,0.26117975,0.24986939,0.24483319,0.24934132,0.264246,0.28760725,0.31582013,0.34500852,0.37181893,0.39368847,0.40889034,0.41652536,0.416512,0.40957874,0.39724487,0.38175938,0.365939,0.35281742,0.34504285,0.34413615,0.3499829,0.36092955,0.37442335,0.38777027,0.3986744,0.40550062,0.407349,0.40403354,0.39602008,0.3843444,0.37051228,0.356366,0.343889,0.33492446,0.3308267,0.33214718,0.33850798,0.3487372,0.36118558,0.3740636,0.38569328,0.39465803,0.39988327,0.4006815,0.39678195,0.38835022,0.37599346,0.36073965,0.34397343,0.32730553,0.31235734,0.30046803,0.29239577,0.28814563,0.28703746,0.28799838,0.28993326,0.29201534,0.2938187,0.2952951,0.29663658,0.29808348,0.29974422,0.30149227,0.30297768,0.30374724,0.30342755,0.30190957,0.29947692,0.29683194,0.29498544,0.2950031,0.2976592,0.30312642,0.31085163,0.31967992,0.3281541,0.33485135,0.33865508,0.33892414,0.3355628,0.3290054,0.32012686,0.3100865,0.30011913,0.291305,0.28437617,0.2796285,0.27697822,0.27613336,0.27679273,0.27877995,0.2820641,0.28667808,0.2925911,0.29960927,0.3073601,0.315373,0.32322362,0.33068562,0.33783355,0.34505445,0.35294703,0.36211917,0.37293625,0.38530797,0.3985963,0.41167685,0.42311972,0.43142155,0.43522546,0.43349275,0.4256141,0.4114624,0.39139637,0.36622703,0.33716315,0.3057559,0.27386695,0.24367924,0.21773362,0.19885595,0.18967128,0.19157209,0.20389508,0.2243044,0.24991782,0.2780693,0.30650443,0.3333399,0.35701725,0.37631205,0.39038837,0.3988725,0.4019205,0.40025517,0.39514577,0.3882977,0.3816199,0.3768637,0.37519765,0.37687227,0.38114238,0.3864974,0.39108446,0.39314958,0.39138398,0.38514873,0.37459815,0.36072254,0.34530383,0.33073425,0.31961238,0.31407717,0.31505632,0.3218536,0.33238038,0.3438485,0.35347715,0.35895342,0.35864708,0.3516791,0.33792523,0.3180028,0.29326564,0.26582015,0.23854508,0.2150004,0.19890177,0.19280514,0.19657493,0.20731913,0.2210089,0.23403281,0.24379247
109,0.22100356,0.21403034,0.20468362,0.19540344,0.18916729,0.18879598,0.19582035,0.20970996,0.22821636,0.2483931,0.26742232,0.28300393,0.2934891,0.2979355,0.29616544,0.28885207,0.27763048,0.26518604,0.2551582,0.25153574,0.2573337,0.27317926,0.29707628,0.32550117,0.35469013,0.3813768,0.40305611,0.41804203,0.4254706,0.42529723,0.4182931,0.40602514,0.39078888,0.37543157,0.3629796,0.35601896,0.35596302,0.36258572,0.37415817,0.38809708,0.4017062,0.4126987,0.41945308,0.42108768,0.41744182,0.4090147,0.39688215,0.3825912,0.36801687,0.3551548,0.3458299,0.34134787,0.3421964,0.34794095,0.35737807,0.3688565,0.3806111,0.39100817,0.3986896,0.40264735,0.40226245,0.39732894,0.38806766,0.3751266,0.35955542,0.342737,0.3262531,0.31166765,0.3002396,0.292641,0.28880984,0.28803787,0.2892653,0.29143658,0.29377046,0.29587597,0.2977201,0.29948986,0.30140573,0.3035529,0.30578995,0.30776894,0.3090563,0.30930966,0.30845046,0.30677757,0.304979,0.30401227,0.30485454,0.3081789,0.314079,0.32197234,0.33072767,0.33894598,0.34527302,0.34865284,0.34848732,0.34470245,0.33773273,0.32843417,0.31793457,0.30743614,0.29800054,0.2903698,0.28488332,0.28152552,0.28007704,0.28029174,0.2820148,0.2851972,0.28981906,0.2957766,0.30280316,0.31047302,0.3182943,0.32585546,0.3329713,0.33977467,0.346714,0.35443702,0.36357397,0.37447837,0.38701627,0.40048772,0.41370553,0.425191,0.43341336,0.4370107,0.43495798,0.42667267,0.41206136,0.39151672,0.3658775,0.33636808,0.3045384,0.27223083,0.24159904,0.21516925,0.19581573,0.18631653,0.18827057,0.20112856,0.22251788,0.2494453,0.27912894,0.30920884,0.33770192,0.36295274,0.38364372,0.39885274,0.40813074,0.41157392,0.40986732,0.404274,0.39653775,0.3886644,0.38256508,0.3796119,0.38025388,0.3838813,0.3890222,0.393771,0.3962604,0.39504027,0.38932446,0.37912667,0.36531082,0.3495582,0.3342098,0.32190058,0.31492648,0.31447345,0.32011145,0.32992142,0.34115392,0.35097134,0.35695958,0.35737714,0.3512384,0.33832124,0.31915188,0.29499602,0.2678696,0.24055828,0.2165457,0.1995551,0.19232556,0.19504374,0.2050668,0.21842088,0.23142457,0.24137829
110,0.21852726,0.2118337,0.20293461,0.1942968,0.1888821,0.1894168,0.19727418,0.21179353,0.23069192,0.25106558,0.270168,0.28577235,0.29630002,0.30088004,0.29941186,0.2926532,0.28232327,0.27116153,0.26276845,0.2609311,0.2683292,0.2853091,0.3098052,0.3383912,0.3674414,0.39380276,0.41505262,0.42956927,0.43654805,0.43600652,0.4287833,0.41651547,0.40155956,0.38679248,0.3752087,0.36928296,0.37026036,0.37775323,0.3899344,0.40419382,0.41785446,0.4286681,0.4350586,0.43619344,0.43196565,0.422932,0.4102263,0.39544562,0.38049516,0.3673661,0.35783553,0.35312426,0.3536233,0.35882288,0.36748624,0.37797228,0.3885584,0.3976733,0.40403154,0.40670097,0.40513647,0.3991992,0.38916677,0.3757298,0.35996288,0.34325126,0.32715067,0.31316572,0.30246496,0.29561472,0.29245895,0.2922317,0.29385766,0.29629588,0.29879117,0.30097634,0.30283487,0.3045653,0.30640194,0.3084534,0.31061578,0.3125914,0.31400394,0.31456617,0.3142418,0.31334698,0.31254923,0.31273907,0.31478298,0.3192224,0.32603526,0.3345717,0.34369063,0.3520268,0.35827973,0.36144722,0.36097246,0.35680518,0.3493853,0.3395592,0.3284376,0.31720984,0.30694336,0.29841596,0.29203373,0.28786558,0.28577235,0.2855616,0.28709128,0.29028085,0.29504177,0.3011814,0.30834532,0.31604016,0.32373747,0.33102196,0.33773243,0.34404516,0.35046187,0.35768315,0.36638153,0.37693372,0.38920677,0.4024828,0.41554698,0.42689332,0.43497202,0.43841368,0.4361975,0.427754,0.41300732,0.39236653,0.3666797,0.3371663,0.3053507,0.27302408,0.24226424,0.21551436,0.19561085,0.18542756,0.18682627,0.19954313,0.22132897,0.24914628,0.28009427,0.31167912,0.34178793,0.3686436,0.3908165,0.4072838,0.41750935,0.42151946,0.41995153,0.41405177,0.40559068,0.39665872,0.38931796,0.38514405,0.38479686,0.3878234,0.39281136,0.3978159,0.40086028,0.40034875,0.39533845,0.38568833,0.37211713,0.3561802,0.34013382,0.3266113,0.31803808,0.31586558,0.31998205,0.32871103,0.33940053,0.34918508,0.3555536,0.3566435,0.35134724,0.33932742,0.3210015,0.29752842,0.27081302,0.24352193,0.21902797,0.2010228,0.19241288,0.19375437,0.20274246,0.21551979,0.22834906,0.23841846
111,0.21710452,0.21075833,0.2023937,0.19449924,0.19000211,0.19150549,0.20020764,0.21532506,0.23456077,0.255071,0.27419144,0.28977633,0.30032575,0.30505013,0.30393812,0.29784355,0.28857508,0.27891544,0.27239004,0.27252996,0.28163907,0.299776,0.32481793,0.35345015,0.38219947,0.40804186,0.42865372,0.44249567,0.44884104,0.44778824,0.44026116,0.4279804,0.41336802,0.39931998,0.3887695,0.38403594,0.38615197,0.39453992,0.40726748,0.42170873,0.4352266,0.44563684,0.45143464,0.45186123,0.44688442,0.43713474,0.42381293,0.40856645,0.39332,0.3800395,0.37042642,0.36558926,0.3658041,0.37048125,0.378359,0.38782203,0.39720747,0.4050206,0.41005784,0.411467,0.40877667,0.4019127,0.39120635,0.37738916,0.3615609,0.3451115,0.329573,0.31639037,0.30663568,0.30075642,0.29848367,0.29897094,0.30110338,0.303832,0.30640942,0.30848205,0.31005114,0.3113426,0.31263462,0.31410027,0.31571782,0.3172808,0.3185011,0.31916556,0.3192874,0.31919774,0.31953388,0.32110336,0.32464206,0.33053702,0.33862665,0.34816965,0.35799295,0.3667465,0.37317,0.37630656,0.37563708,0.37113553,0.36325213,0.35283306,0.34098595,0.32890508,0.31768325,0.30815208,0.30079782,0.29578087,0.29304257,0.2924389,0.29383177,0.29709908,0.3020748,0.3084704,0.3158379,0.32360917,0.3312086,0.33820212,0.34443438,0.35010725,0.35576355,0.36215672,0.37001845,0.3797826,0.3913616,0.4040647,0.41668522,0.4277123,0.43558553,0.438926,0.43670756,0.4283599,0.41380858,0.3934622,0.36816067,0.33910084,0.30776244,0.2758624,0.24536976,0.2185921,0.19824721,0.18721767,0.18761665,0.19958673,0.22116609,0.2493674,0.28119087,0.31399578,0.3455204,0.37385052,0.39743364,0.41513887,0.4263378,0.43098193,0.42965567,0.42358103,0.4145448,0.4047086,0.39627078,0.39099976,0.38976505,0.39227954,0.39720497,0.40257052,0.40629855,0.40665135,0.4025289,0.39363134,0.38052332,0.36461812,0.34806007,0.3334401,0.32326707,0.31923163,0.3215588,0.32887384,0.33868825,0.34815443,0.35468528,0.35630107,0.35176703,0.34062144,0.3231624,0.30043063,0.27420697,0.24702221,0.22211266,0.20309754,0.19300666,0.1927644,0.20046382,0.21243079,0.22490391,0.23496333
112,0.21655989,0.21064775,0.20290166,0.19581941,0.19227311,0.19472651,0.2042085,0.21983877,0.239332,0.2599185,0.27902147,0.2945786,0.3051709,0.3100932,0.30942565,0.30411676,0.29605374,0.28803536,0.28346977,0.28559637,0.2963436,0.31551328,0.34095255,0.36946905,0.39774695,0.4228977,0.44270632,0.45572722,0.46132365,0.45968646,0.45183355,0.43957263,0.4253857,0.41216952,0.4027656,0.39930388,0.40258017,0.41181976,0.42499253,0.43947178,0.45267892,0.46251315,0.46756002,0.4671512,0.4613421,0.45084432,0.4369258,0.42127633,0.40582395,0.39248717,0.3828693,0.37795103,0.37788996,0.38202488,0.38908482,0.39749736,0.4056735,0.41220447,0.41597193,0.4162018,0.41249076,0.40482178,0.39357257,0.3795101,0.36375737,0.34770998,0.33287963,0.3206541,0.3120086,0.30726653,0.30603573,0.30737367,0.3101073,0.31315994,0.31577578,0.3176051,0.3186671,0.3192264,0.31962788,0.32014027,0.320859,0.32170105,0.32249153,0.32310575,0.32361066,0.3243474,0.32591107,0.32901078,0.3342357,0.3418047,0.35140502,0.3621928,0.3729508,0.3823316,0.3891039,0.39234743,0.39157602,0.38678733,0.37844568,0.3674056,0.35478368,0.3417937,0.3295677,0.31900167,0.31066668,0.30481356,0.30145833,0.30049735,0.30178884,0.30516377,0.31037727,0.31704676,0.32463282,0.3324918,0.3399942,0.3466741,0.35236365,0.35727036,0.3619624,0.3672409,0.37390786,0.38248315,0.3929661,0.40473694,0.41663396,0.42716458,0.43476775,0.4380535,0.43598142,0.427967,0.41392154,0.39423674,0.36972854,0.3415565,0.31114203,0.28011417,0.2503161,0.2238901,0.20337729,0.1915759,0.1907721,0.20154604,0.22235411,0.2503769,0.2825698,0.3161575,0.3487278,0.37822607,0.4029757,0.42173824,0.43379396,0.4390202,0.43794718,0.43176895,0.42228046,0.4117012,0.40234756,0.3961611,0.39420623,0.396356,0.40134984,0.4072,0.4117387,0.4130966,0.41002506,0.4020712,0.3896475,0.37401998,0.35720408,0.3417137,0.3300889,0.324208,0.3246147,0.33026698,0.33889934,0.34773788,0.35415602,0.3560754,0.35214105,0.3417677,0.3251318,0.3031522,0.27748105,0.2505062,0.2253124,0.2054114,0.19389662,0.19201368,0.19827053,0.20923398,0.22116394,0.23105328
113,0.21663761,0.21124734,0.2041834,0.19793487,0.19530194,0.19860826,0.2087393,0.22475547,0.24440904,0.26501387,0.28408083,0.29962814,0.31031394,0.31551298,0.31538945,0.310973,0.3042052,0.29786545,0.29520777,0.29916984,0.31133854,0.33131123,0.35693622,0.38514984,0.4127914,0.43710768,0.45599562,0.46810827,0.47290403,0.4706695,0.46251678,0.45033497,0.43665227,0.42434406,0.41613397,0.41394237,0.41832373,0.42831656,0.4418097,0.45619184,0.46895728,0.47810188,0.48231283,0.48102084,0.47437352,0.46316236,0.44871518,0.43275,0.41717923,0.40385413,0.39426556,0.3892633,0.38889608,0.3924491,0.39866146,0.40601963,0.4130186,0.41833884,0.42094445,0.42013174,0.41555429,0.4072399,0.3956012,0.3814325,0.36587617,0.35033494,0.33630544,0.32512605,0.3176821,0.31417656,0.31409186,0.31638104,0.31979847,0.32322392,0.3258787,0.3274078,0.32784617,0.32750306,0.32680368,0.32613257,0.3257256,0.325646,0.32585004,0.3263118,0.32715338,0.32871953,0.3315518,0.33624813,0.3432415,0.35257855,0.3637947,0.37594286,0.38775715,0.39788514,0.40511534,0.4085562,0.40774918,0.4027141,0.3939323,0.3822733,0.3688725,0.35497364,0.34175682,0.33018607,0.32091516,0.31427768,0.31035396,0.30907097,0.31027684,0.31375524,0.3191874,0.3261055,0.33388707,0.34181693,0.3492089,0.35555428,0.36065587,0.36470714,0.3682838,0.37222505,0.37740743,0.38445812,0.39349857,0.40402046,0.41494247,0.42481437,0.432085,0.43535313,0.4335558,0.42608148,0.4128121,0.3941075,0.37074536,0.34383613,0.31473416,0.28497496,0.25627217,0.23059423,0.21027675,0.19795968,0.19599085,0.20532763,0.22490528,0.25218704,0.2841678,0.31798005,0.35108066,0.38128603,0.40680453,0.4262985,0.43896422,0.4446105,0.44371668,0.43744832,0.4276033,0.41644683,0.40639347,0.39953184,0.3970939,0.39909184,0.40433288,0.41081408,0.41628805,0.4187694,0.41687742,0.41002157,0.3984738,0.38335845,0.36655673,0.35048202,0.33765855,0.33008993,0.32859126,0.33245042,0.3396646,0.34758803,0.35360092,0.35555753,0.35200176,0.34223592,0.32632142,0.30505934,0.27997613,0.25331834,0.22801495,0.20744601,0.19470699,0.19128633,0.19607654,0.20591858,0.21714292,0.2266902
114,0.2170601,0.2122611,0.20590638,0.20045713,0.19863153,0.20262766,0.21322726,0.22947322,0.24917838,0.2697448,0.28876674,0.30433527,0.31517664,0.32073376,0.32123902,0.31778038,0.3123226,0.3075899,0.30665964,0.31218243,0.32545894,0.3459411,0.37150738,0.39922482,0.42608136,0.44945407,0.46734944,0.4785182,0.4825121,0.47970942,0.4713085,0.4592669,0.4461408,0.43476266,0.4277207,0.42672133,0.4320903,0.44270167,0.45638412,0.4705564,0.48279533,0.49119958,0.49456212,0.49241373,0.48499098,0.4731574,0.45828724,0.44210956,0.42650247,0.4132354,0.40368187,0.39856917,0.39785638,0.40079832,0.40616402,0.41251162,0.41842481,0.42267048,0.42428625,0.42262495,0.4173806,0.40860882,0.39674234,0.3825921,0.36731535,0.35232437,0.33911029,0.32897654,0.32273474,0.32048076,0.32157773,0.32487142,0.32903382,0.33288768,0.33561894,0.33685827,0.33665204,0.33535483,0.33347702,0.33152756,0.32989427,0.32879886,0.32833865,0.32859185,0.32973465,0.33210897,0.3361937,0.3424685,0.35120878,0.36229405,0.37511683,0.38863298,0.40152934,0.41244403,0.42017844,0.4238627,0.42306077,0.41781288,0.40861914,0.396369,0.3822239,0.3674645,0.3533228,0.34082958,0.33071366,0.32337874,0.31895566,0.3173906,0.31851667,0.3220727,0.3276758,0.33478615,0.34271112,0.35067186,0.35792592,0.36391494,0.368399,0.3715405,0.37390563,0.37635952,0.3798518,0.38512942,0.3924624,0.40148768,0.4112361,0.42032218,0.4272151,0.43050197,0.42908967,0.4223274,0.41005412,0.3925837,0.3706439,0.34528705,0.3177959,0.28961325,0.2623285,0.23774335,0.21798329,0.20548652,0.2025574,0.21041515,0.2284535,0.2544969,0.28567436,0.31909263,0.35211805,0.38246435,0.40824467,0.4280383,0.44097096,0.44679356,0.44594178,0.43955612,0.42943496,0.41787907,0.40738094,0.40014505,0.39753273,0.39965898,0.4053745,0.41265434,0.41918078,0.42287174,0.42223844,0.4165762,0.406037,0.39161828,0.37507236,0.35870096,0.344977,0.3359697,0.33270282,0.3347618,0.34041923,0.3471993,0.35253605,0.35425544,0.3508288,0.3414665,0.32612962,0.3055131,0.28102753,0.25478715,0.22957015,0.20861264,0.19495903,0.19024819,0.19368683,0.20238918,0.2127976,0.22184421
115,0.21760777,0.21343546,0.20777138,0.20303111,0.2018488,0.20632254,0.21717674,0.23347764,0.25311747,0.27358717,0.29255614,0.308177,0.31923005,0.32520935,0.32639337,0.32390004,0.31968468,0.31638747,0.31690282,0.3236282,0.33764255,0.35830954,0.38356245,0.41059792,0.4365431,0.45889643,0.47576693,0.48599622,0.48922127,0.48590124,0.47730651,0.4654455,0.45288283,0.4423917,0.4364187,0.43646738,0.44266036,0.45373642,0.4674857,0.4813682,0.49304718,0.50072426,0.5032954,0.5003858,0.49231148,0.47999457,0.46483916,0.44856718,0.43300697,0.4198381,0.4103212,0.40507835,0.4040041,0.4063476,0.41092584,0.41637683,0.4213718,0.42475513,0.42562267,0.4233642,0.41769278,0.4086709,0.39673343,0.38269532,0.36772358,0.3532445,0.34075788,0.331555,0.32640028,0.32530615,0.3275309,0.3318158,0.33674404,0.34107012,0.34393337,0.34494108,0.34414485,0.34194025,0.3389204,0.33571735,0.332871,0.33076307,0.32963344,0.32966387,0.3310813,0.334219,0.33948812,0.34724936,0.3576275,0.3703484,0.38467652,0.3994821,0.41340905,0.4250847,0.43331823,0.43725583,0.43647972,0.43104896,0.42148355,0.40869656,0.39388007,0.37835535,0.3634064,0.35012504,0.33930305,0.33139786,0.32657367,0.32478306,0.3258388,0.32943907,0.33514854,0.3423717,0.35036126,0.35828593,0.36535177,0.37094852,0.37478563,0.37698254,0.37808266,0.3789655,0.3806483,0.3840028,0.389464,0.39683852,0.40529397,0.41352746,0.42003605,0.42339376,0.4224692,0.41656092,0.4054522,0.38939944,0.369071,0.34545568,0.3197641,0.29335183,0.26769584,0.24444672,0.22553152,0.21317083,0.20954889,0.21602163,0.232362,0.25678006,0.28661853,0.319034,0.35135722,0.381238,0.40672335,0.42633262,0.43914005,0.44485396,0.4438779,0.43733427,0.42702287,0.41527233,0.40463245,0.3973878,0.39498037,0.3975773,0.40403485,0.41229153,0.41996738,0.4249075,0.42554542,0.4210934,0.41161117,0.3979917,0.38187227,0.36544323,0.35110393,0.34093997,0.33611885,0.3364724,0.34053507,0.34602335,0.3504643,0.35169557,0.34815,0.33897308,0.3240473,0.30397922,0.2800793,0.2543447,0.22941494,0.20838046,0.19419375,0.18855171,0.19087891,0.19852792,0.20807804,0.216498
116,0.21819797,0.21464586,0.2096073,0.20543793,0.20469226,0.20939985,0.22027501,0.23644504,0.25589663,0.27620715,0.2951104,0.3108056,0.32210964,0.32854643,0.33041498,0.3288335,0.32571772,0.3236047,0.32521397,0.33273518,0.34709135,0.36760992,0.39229918,0.4184825,0.44341487,0.4647039,0.48054957,0.48987246,0.49238074,0.48859817,0.47984838,0.4681707,0.456121,0.44640398,0.4413313,0.44222778,0.44904816,0.46042827,0.47413942,0.48768994,0.4988282,0.50585306,0.50775474,0.5042412,0.49569407,0.483077,0.4678059,0.45157883,0.4361632,0.42314783,0.41369244,0.40833697,0.4069392,0.40876627,0.41269732,0.41745326,0.42178592,0.4246019,0.42503428,0.4224854,0.41666174,0.4076085,0.3957424,0.3818681,0.3671569,0.3530544,0.34108752,0.33256614,0.32824504,0.3280883,0.33127314,0.33644527,0.34209564,0.34690145,0.34994465,0.35079965,0.34951484,0.34651896,0.3424792,0.3381413,0.33418798,0.33115253,0.3294105,0.329241,0.33091572,0.3347547,0.3411004,0.35020056,0.36204314,0.37621948,0.39188522,0.40783897,0.4226885,0.43505108,0.44374093,0.4479167,0.44717613,0.4415961,0.43171766,0.41848016,0.40310892,0.38696674,0.37138626,0.3575109,0.34617928,0.3378824,0.33279744,0.33086812,0.33188045,0.3354955,0.34123814,0.34847435,0.35642007,0.36420625,0.37099677,0.37613332,0.37927356,0.3804892,0.3802935,0.37957236,0.37940452,0.38078564,0.38432267,0.3900051,0.39715174,0.40455163,0.41073188,0.41424832,0.41392204,0.4089898,0.39916834,0.3846475,0.36603013,0.34423968,0.32041824,0.29584357,0.27189615,0.2500963,0.23219304,0.2201934,0.21611731,0.22135285,0.23594905,0.25847724,0.28654134,0.31741577,0.34845462,0.37728935,0.40193605,0.42088276,0.43317577,0.43850031,0.43724337,0.4305199,0.42013556,0.40844086,0.39802167,0.39120108,0.38944188,0.39289895,0.4003857,0.40978497,0.41866478,0.42482635,0.42666245,0.42333934,0.4148581,0.4020353,0.3864138,0.37008145,0.35535404,0.34429744,0.33816436,0.33697402,0.3394894,0.34362057,0.3470133,0.34755164,0.34366453,0.33446306,0.31977746,0.30014864,0.2768079,0.25165507,0.22720908,0.20642057,0.19212021,0.18597713,0.18752551,0.19429588,0.20301144,0.21071857
117,0.21893802,0.21595772,0.21144004,0.20766962,0.20712936,0.21181247,0.2224674,0.23831634,0.25745326,0.2775379,0.29635546,0.31213468,0.3237088,0.3306082,0.33312538,0.3323504,0.33013445,0.32890126,0.33121383,0.33910385,0.3534012,0.37344366,0.39733213,0.422513,0.4463563,0.4665638,0.4814108,0.4898798,0.49173155,0.48753357,0.47864082,0.4671034,0.4554545,0.44633022,0.44192535,0.44342175,0.45064795,0.46217018,0.47575828,0.4889718,0.49963787,0.50614166,0.50755405,0.5036502,0.49485907,0.4821677,0.46698588,0.45097384,0.43583173,0.42306268,0.41374287,0.4083562,0.40675074,0.40823245,0.41175207,0.41611102,0.4201288,0.42275375,0.4231304,0.42064574,0.41497168,0.40611073,0.3944398,0.380738,0.36617357,0.35221612,0.34043944,0.33220804,0.32831475,0.3287228,0.33256316,0.3384026,0.3446413,0.3498715,0.35310736,0.35387975,0.3522236,0.3485895,0.34370545,0.33841532,0.3335277,0.32971126,0.32746264,0.32714686,0.32907206,0.33354136,0.3408314,0.35108814,0.36418137,0.37959075,0.39638424,0.4133044,0.42893144,0.44187546,0.45095557,0.45534143,0.45464566,0.44896322,0.43885773,0.42529663,0.40953973,0.39298975,0.37702125,0.36281595,0.35123935,0.34279165,0.33763924,0.33569884,0.33672115,0.34033278,0.34603056,0.35315982,0.3609194,0.36842054,0.3747995,0.37936026,0.38171527,0.38189164,0.38037273,0.3780485,0.376055,0.3755082,0.37718546,0.38126072,0.3872053,0.39389825,0.39988974,0.40370706,0.40411222,0.40026942,0.3918201,0.37888157,0.36198902,0.34200254,0.32000297,0.2972035,0.27490678,0.2545267,0.23766012,0.22611752,0.22173789,0.22586867,0.23873639,0.25921905,0.28519437,0.3141026,0.3433737,0.3706659,0.39400172,0.41186884,0.42331213,0.42801642,0.426371,0.4194978,0.40921533,0.39789104,0.3881224,0.3822208,0.3815977,0.38631997,0.39510483,0.40576297,0.41582695,0.42308995,0.4259464,0.42355832,0.41590515,0.40375867,0.38859245,0.37240714,0.35743463,0.34569734,0.33848482,0.33594474,0.33702317,0.3398071,0.34207082,0.34177032,0.33736128,0.32795116,0.31334627,0.29404828,0.27123407,0.24673034,0.2229574,0.20273685,0.1887539,0.18257089,0.18372186,0.18984249,0.19779383,0.20473504
118,0.22013012,0.21763843,0.21351027,0.20995106,0.2093805,0.21378396,0.22398256,0.23932374,0.25802052,0.27781084,0.29651755,0.31238037,0.32422733,0.33157104,0.3346715,0.33456445,0.33301702,0.33233634,0.33495203,0.34278747,0.35663712,0.37589136,0.39876035,0.42281023,0.44551262,0.46464613,0.47854206,0.48622382,0.48748195,0.48290348,0.4738509,0.4623653,0.45094764,0.4421726,0.43814656,0.43995303,0.44734123,0.4588418,0.47223824,0.48514044,0.49544403,0.5016052,0.50275797,0.49872527,0.4899645,0.4774665,0.46261874,0.4470328,0.43233982,0.41996655,0.41092566,0.405671,0.40406555,0.4054701,0.408911,0.4132621,0.4173928,0.42026854,0.42101735,0.4189819,0.4137726,0.4053249,0.3939557,0.38040268,0.36582142,0.35170567,0.3396916,0.33123386,0.3272169,0.32766208,0.33170277,0.33785453,0.34443477,0.34994632,0.35332566,0.35404837,0.35212344,0.34800923,0.34247756,0.33645043,0.33084005,0.3264278,0.32381144,0.3234257,0.325605,0.33063236,0.33872414,0.3499389,0.36404988,0.38044927,0.3981394,0.41582295,0.43206277,0.44546688,0.4548616,0.45942903,0.45879784,0.45308298,0.44287252,0.4291637,0.41325042,0.39657107,0.38053215,0.36633608,0.35485095,0.34655777,0.3415854,0.3398032,0.34091678,0.34451947,0.35009104,0.35697398,0.36437088,0.3713944,0.3771726,0.38098854,0.38242364,0.38147172,0.3785946,0.3746908,0.37095362,0.3686148,0.36861446,0.37130046,0.3762833,0.3825157,0.38855302,0.39287698,0.39417672,0.391534,0.3845093,0.37314543,0.35791162,0.3396106,0.31927252,0.29806164,0.27722377,0.2580923,0.24214128,0.23101091,0.22636364,0.22946501,0.24063993,0.25900775,0.28270426,0.30935943,0.3365172,0.36190104,0.38357413,0.40005434,0.41041213,0.41435647,0.41230014,0.40538868,0.39546177,0.38489658,0.3762703,0.3718202,0.3728218,0.37917376,0.3894497,0.40138373,0.41250083,0.42062914,0.42421088,0.4224462,0.41533098,0.4036248,0.38875884,0.37266627,0.35750178,0.34523064,0.3371412,0.33345506,0.3332503,0.3347608,0.33588472,0.3346643,0.32960618,0.31984228,0.30518362,0.28612074,0.26380396,0.24001439,0.21709831,0.19775976,0.18451518,0.17874421,0.17987737,0.1855851,0.19285691,0.19899467
119,0.22221363,0.22010475,0.21622457,0.21269341,0.21187435,0.21576644,0.22529383,0.23995544,0.25809547,0.27752715,0.296098,0.31204015,0.324155,0.331914,0.33552045,0.33593354,0.3348211,0.33437416,0.3369127,0.34429663,0.35733685,0.37551546,0.39716914,0.41998225,0.4415152,0.4596046,0.47261587,0.47958934,0.48031953,0.4753864,0.4661349,0.45457777,0.44317672,0.43445793,0.43047506,0.43226472,0.4395481,0.4508558,0.46399906,0.4766348,0.48671362,0.49274424,0.49390307,0.49004036,0.48162106,0.46962187,0.4553935,0.4404912,0.42647848,0.41471738,0.40617692,0.4013042,0.3999964,0.40167925,0.40545276,0.41025016,0.41496935,0.4185671,0.42012787,0.4189249,0.41448486,0.40665755,0.39568383,0.3822455,0.3674732,0.35287702,0.34015968,0.33089107,0.32609677,0.32592258,0.32956678,0.33553675,0.34208637,0.34763074,0.35102066,0.3516645,0.34953123,0.3450705,0.33907852,0.33253205,0.32642105,0.32161313,0.31878278,0.3184153,0.32085946,0.32637522,0.33512554,0.34709758,0.36199048,0.37913314,0.3974841,0.41572282,0.43240592,0.4461467,0.45578346,0.46051437,0.45998755,0.45434096,0.4441897,0.4305616,0.4147825,0.39831924,0.38259616,0.36881426,0.35781553,0.35003102,0.34552392,0.34409675,0.3454009,0.34899774,0.35436034,0.36084476,0.36767805,0.37399697,0.37894413,0.3818038,0.38214698,0.37995312,0.37567842,0.37024134,0.36489737,0.36099005,0.35960907,0.36125386,0.36564523,0.37177786,0.37818292,0.38327414,0.3856533,0.38431293,0.37873116,0.36887917,0.3551662,0.33834684,0.31941313,0.2994974,0.27981028,0.26163155,0.24634443,0.23545194,0.23046026,0.23253813,0.24205394,0.25830588,0.27965465,0.3039209,0.3287831,0.35205683,0.37187353,0.38680765,0.39598078,0.39914975,0.3967725,0.39003447,0.380802,0.37144756,0.36448315,0.36199513,0.3650324,0.37325475,0.38506657,0.39814258,0.41004094,0.4186721,0.42257026,0.42101324,0.41404763,0.40245146,0.38764048,0.37150174,0.35612407,0.34340942,0.3346156,0.32998958,0.32868904,0.32905623,0.32909718,0.32694396,0.32117105,0.31095842,0.29614884,0.27725038,0.2554164,0.23241176,0.2105333,0.19237478,0.18025382,0.1752924,0.17672928,0.18221751,0.18887225,0.19416422
120,0.2256459,0.22380598,0.220039,0.21637724,0.21513106,0.21832593,0.22700885,0.24085048,0.2583383,0.2773604,0.29577833,0.31179997,0.32418033,0.33232892,0.33637136,0.337172,0.33628803,0.33579606,0.33792642,0.34451315,0.35642737,0.37327895,0.39355016,0.41504526,0.4354025,0.4524981,0.46470875,0.47106615,0.47134158,0.46608025,0.4565836,0.44481635,0.4331947,0.42421082,0.41990438,0.42132074,0.42820856,0.43913665,0.45195916,0.46437594,0.47437713,0.4805033,0.48195136,0.47857678,0.47083217,0.45966312,0.44637156,0.43245134,0.41940144,0.40853062,0.40078133,0.39661136,0.39596462,0.39833444,0.40288666,0.4085973,0.4143709,0.4191324,0.42190188,0.42186627,0.41845602,0.41142616,0.4009331,0.38759255,0.37249634,0.35715467,0.34332436,0.3326938,0.32646134,0.32495716,0.32751647,0.33269864,0.3387299,0.34395045,0.34712344,0.3475802,0.3452352,0.34051207,0.33421004,0.327336,0.32092968,0.31591603,0.31301993,0.31275624,0.31547529,0.32141122,0.33068073,0.3432157,0.35866272,0.37631062,0.3950947,0.41368786,0.4306526,0.4446162,0.45443568,0.45933083,0.4589739,0.45352963,0.4436423,0.43036968,0.41506475,0.39921165,0.38423336,0.37130317,0.36120582,0.35429165,0.35053435,0.34965494,0.3512461,0.35484073,0.35991442,0.36585093,0.37191966,0.3773025,0.38117996,0.38286215,0.3819346,0.37838662,0.3726909,0.3658031,0.35904962,0.35388237,0.35152155,0.35258412,0.35685676,0.36333078,0.37047616,0.3766148,0.3802504,0.3802852,0.37612,0.36766228,0.35527122,0.3396644,0.32180902,0.3028215,0.28389752,0.26628956,0.2513226,0.24039994,0.23490298,0.23590916,0.24379833,0.25799537,0.27704474,0.29894155,0.32150203,0.3426473,0.36059487,0.37399572,0.38204327,0.3845628,0.3820755,0.37581795,0.36767986,0.36000022,0.3551648,0.35502377,0.36032027,0.37043643,0.3836179,0.39752126,0.40978643,0.41844958,0.42217293,0.42034245,0.4130829,0.40121654,0.3861683,0.36980063,0.35415015,0.34105417,0.33171725,0.32636878,0.32419515,0.32360467,0.32268727,0.31966016,0.31317526,0.30247936,0.28747112,0.26870364,0.24736255,0.22522482,0.20455769,0.18784118,0.17715292,0.17328775,0.17523439,0.18060793,0.18665816,0.19104548
121,0.23074779,0.22906823,0.22529985,0.22138798,0.21959284,0.22197068,0.22969899,0.24263155,0.25940883,0.27799577,0.2962608,0.31237453,0.32502955,0.33355647,0.3379873,0.33907792,0.3382669,0.33751798,0.3389863,0.34450695,0.35504517,0.37036994,0.38912937,0.4092535,0.42845136,0.44462258,0.45613357,0.4619827,0.46189126,0.4563424,0.44656828,0.4344653,0.4223956,0.41282877,0.40782672,0.40849915,0.41468042,0.42502028,0.43743402,0.4496621,0.4597186,0.46615496,0.46816587,0.46559066,0.45885056,0.44884488,0.43681693,0.42419565,0.41241872,0.4027506,0.39611894,0.39300218,0.3933948,0.3968532,0.4025969,0.4096273,0.41683748,0.42310506,0.4273753,0.42874417,0.42654607,0.42044333,0.41050887,0.39728877,0.38182405,0.36560372,0.35041088,0.338029,0.32982847,0.3263591,0.3271585,0.33090982,0.33586642,0.34032384,0.34296712,0.34304687,0.34041193,0.33544323,0.32892233,0.32186124,0.31532124,0.310256,0.30741397,0.30731878,0.31031,0.3165933,0.32624614,0.33915997,0.35494843,0.372881,0.3918889,0.4106539,0.42775664,0.44184792,0.45181108,0.45689377,0.45679745,0.45171666,0.44232553,0.4297085,0.4152364,0.40039456,0.38658112,0.37491232,0.36608592,0.3603476,0.35756713,0.35738048,0.3593249,0.362912,0.3676281,0.37289423,0.37803432,0.38229102,0.38490257,0.3852282,0.3828935,0.37792417,0.37083435,0.36263704,0.3547398,0.3486972,0.3458336,0.3468378,0.35150614,0.3587743,0.3670146,0.37443975,0.37945375,0.38087618,0.3780421,0.37080815,0.35949558,0.34479654,0.32766515,0.30921498,0.29064384,0.27319917,0.2581788,0.24692425,0.24072959,0.24060024,0.24691416,0.25918385,0.2760961,0.29579347,0.3162192,0.33540028,0.3516474,0.3636991,0.3708338,0.3729584,0.3706668,0.36524656,0.3585917,0.35296202,0.35054624,0.3528849,0.360375,0.37213266,0.38629296,0.40054923,0.41266704,0.42083827,0.4238747,0.4212884,0.4133002,0.4007962,0.3852315,0.36846384,0.35249215,0.33909023,0.32939085,0.32356784,0.32078856,0.31948474,0.31780288,0.3140351,0.30691466,0.2957687,0.28057185,0.26194632,0.24113584,0.21995164,0.20064002,0.18554829,0.17646597,0.17381391,0.17631903,0.18157355,0.18697825,0.19039315
122,0.23756528,0.23595107,0.2320925,0.22785465,0.2254515,0.22696872,0.23371048,0.2457133,0.26177445,0.27993783,0.29807532,0.31431168,0.32726634,0.33617985,0.34098023,0.34230724,0.34147692,0.34034184,0.34099063,0.3452749,0.3542754,0.36794353,0.38511264,0.40384802,0.4219273,0.43726197,0.44819024,0.45365554,0.45330575,0.44753745,0.4374896,0.42496946,0.412273,0.40185106,0.39581454,0.39538655,0.40054464,0.4100663,0.42195213,0.43398476,0.4441894,0.4511084,0.45391273,0.45240533,0.446959,0.43841356,0.4279457,0.4169165,0.40670452,0.39853492,0.3933258,0.3915781,0.39333293,0.39819992,0.4054384,0.4140615,0.42294028,0.4309006,0.43681505,0.4396966,0.43879506,0.43369198,0.42438638,0.4113577,0.39558965,0.3785302,0.36195427,0.34769738,0.3372662,0.331425,0.32995045,0.3317147,0.3350651,0.33830112,0.340056,0.3395077,0.3364356,0.33116594,0.3244446,0.31726602,0.31068745,0.30566445,0.30294493,0.3030429,0.30627668,0.31282175,0.32272282,0.3358435,0.35178098,0.36980277,0.3888521,0.4076334,0.42475662,0.43890503,0.4489955,0.45430923,0.4545803,0.4500343,0.44137236,0.42969784,0.4163854,0.4029006,0.39059025,0.3804863,0.3731777,0.36879432,0.36710355,0.36766598,0.36997622,0.37353483,0.37784567,0.38237104,0.3864936,0.3895243,0.39077154,0.38966095,0.38588026,0.37951538,0.37114534,0.36185876,0.3531512,0.34666798,0.3438028,0.34526175,0.35079142,0.35922503,0.36881304,0.3776564,0.38407,0.38680702,0.38515365,0.37893042,0.36843306,0.35433835,0.33759603,0.319326,0.30073956,0.28309655,0.26769304,0.2558434,0.24879156,0.24749671,0.2523342,0.26287735,0.27791846,0.29571623,0.31432077,0.33185473,0.34671864,0.35773945,0.36428338,0.36634052,0.36457345,0.36030424,0.3553961,0.35197517,0.35197413,0.35659114,0.3658946,0.37879398,0.39338166,0.4074371,0.41887763,0.426062,0.42795652,0.4242047,0.41513228,0.40170234,0.38541687,0.3681469,0.35186693,0.33828893,0.32845762,0.3224569,0.319392,0.31767836,0.31549183,0.31118685,0.30357754,0.29207993,0.27675888,0.2583236,0.23809339,0.21792436,0.20003484,0.18660897,0.17911208,0.1775897,0.1805466,0.18559007,0.19028257,0.1926767
123,0.24580187,0.24417247,0.2401574,0.2355543,0.23253825,0.23322171,0.23902339,0.25015026,0.26555073,0.28334633,0.30141062,0.31781876,0.3311119,0.34043562,0.34561065,0.34715918,0.34627604,0.3447063,0.34447673,0.3474612,0.35486388,0.3668309,0.38239506,0.39976746,0.4167968,0.4314004,0.44187605,0.44709647,0.44661823,0.44073242,0.43046522,0.417516,0.4040988,0.39264002,0.38531107,0.38348252,0.38732493,0.39579138,0.40699804,0.41877818,0.42916036,0.43666154,0.44041047,0.44015595,0.43620762,0.4293352,0.4206421,0.41141915,0.40298617,0.39653042,0.39295983,0.39279354,0.39611027,0.4025612,0.4114341,0.4217465,0.4323465,0.44201437,0.44956273,0.4539385,0.4543254,0.45024213,0.44162798,0.42890427,0.41299707,0.3953002,0.3775507,0.36158833,0.34899914,0.34071746,0.33675173,0.3361985,0.33755854,0.3391933,0.3397259,0.33828473,0.33458713,0.32890108,0.3219253,0.31461945,0.30801606,0.30305135,0.30045396,0.3007146,0.30412352,0.31082594,0.32083938,0.33400938,0.349929,0.3678767,0.38681987,0.40549627,0.42255393,0.43671566,0.4469371,0.45253614,0.45328015,0.44942302,0.44168565,0.4311776,0.4192588,0.40735167,0.39672765,0.38831538,0.38258734,0.3795643,0.37892866,0.38018778,0.38281262,0.38630506,0.39019084,0.3939724,0.39708787,0.39891505,0.39883533,0.3963496,0.39122102,0.38361263,0.3741845,0.3641114,0.35497496,0.3484899,0.3460767,0.34840384,0.35511914,0.36492583,0.37595028,0.38619635,0.39391136,0.39780325,0.3971271,0.39168116,0.3817457,0.36798945,0.35136297,0.3329972,0.31412336,0.2960245,0.28001335,0.26740417,0.25942236,0.25700557,0.26053172,0.2696173,0.28312957,0.29941294,0.3166002,0.33289242,0.34676787,0.35713282,0.36343256,0.36572903,0.364735,0.36177778,0.35864896,0.3572985,0.35938123,0.36577526,0.37628707,0.38970032,0.4041252,0.41745636,0.42776752,0.43357778,0.43400007,0.4288051,0.41842526,0.40390864,0.3868173,0.36905053,0.3525697,0.33902538,0.32935825,0.32353124,0.32054937,0.31877753,0.31639668,0.31181067,0.30391094,0.29220536,0.2768563,0.25866836,0.23904225,0.2198756,0.20334105,0.19143486,0.18529926,0.1846571,0.1878626,0.1925745,0.1965103,0.1978901
124,0.25484633,0.25313014,0.24890505,0.24391893,0.24032,0.24024668,0.24521689,0.25558627,0.27043784,0.28796285,0.30603388,0.32267562,0.3363511,0.34611234,0.35167584,0.35345152,0.35252005,0.350526,0.34943876,0.35115397,0.35699618,0.3673059,0.38132071,0.39740503,0.41348305,0.42747688,0.4376382,0.44276002,0.4422974,0.4364247,0.426043,0.4127297,0.39860183,0.38604686,0.37729138,0.37386578,0.37616628,0.38336337,0.3937222,0.40514275,0.4156565,0.42374504,0.42848092,0.42954567,0.42717454,0.42205942,0.41522595,0.4078932,0.4013219,0.39666057,0.39480358,0.39628094,0.401199,0.40924034,0.41971445,0.4316423,0.44385585,0.4551031,0.46415484,0.46991244,0.47151428,0.46843502,0.46056986,0.44829297,0.4324774,0.414458,0.39591467,0.37865287,0.3642798,0.35383523,0.3475131,0.3446276,0.3438638,0.3436944,0.34277922,0.3402312,0.33572516,0.32947794,0.3221387,0.3146237,0.3079286,0.30295727,0.30040827,0.30074233,0.30421942,0.3109563,0.32094797,0.33402854,0.3497944,0.36754277,0.38627264,0.40476155,0.4217009,0.43585664,0.446225,0.4521599,0.45345876,0.45039618,0.4437013,0.43447325,0.42403725,0.41375187,0.40479732,0.397994,0.3937076,0.39187235,0.39211515,0.3939181,0.39674997,0.4001256,0.4035951,0.4066963,0.40891436,0.4096852,0.40845737,0.40480542,0.39857104,0.38999972,0.37983695,0.36934188,0.3601679,0.3540683,0.35244623,0.3558889,0.36391926,0.3751106,0.38748533,0.39897817,0.40779525,0.4126201,0.41269183,0.40779674,0.39820644,0.38458562,0.36788788,0.34925655,0.32994473,0.3112638,0.2945539,0.28114688,0.27227154,0.26886225,0.271304,0.27924362,0.29159907,0.30677363,0.32295907,0.33841485,0.3516797,0.36172283,0.36805117,0.37077758,0.3706391,0.3689374,0.36736345,0.36767828,0.3712813,0.3787941,0.3898457,0.40316525,0.41691896,0.42912278,0.43799508,0.44219786,0.4409754,0.4342162,0.4224569,0.40683523,0.38898337,0.37084103,0.35436493,0.34114236,0.33199355,0.326732,0.32423043,0.32277507,0.3205323,0.31594336,0.3079708,0.29621178,0.2809254,0.26301032,0.24394348,0.22565278,0.21025082,0.1995482,0.1944111,0.19432652,0.19756964,0.20186704,0.20506589,0.20551556
125,0.26387748,0.26200327,0.2575162,0.25213504,0.24799652,0.24726789,0.2515513,0.2613241,0.2757781,0.29315835,0.31133032,0.32826856,0.342362,0.3525755,0.35853016,0.3605345,0.35956725,0.35718408,0.35530362,0.35584164,0.3602335,0.36900327,0.38158777,0.39650536,0.41175848,0.4252754,0.43526098,0.44042692,0.4401241,0.43440753,0.42404962,0.4104996,0.39576635,0.38218185,0.37200895,0.36692733,0.3675672,0.37334234,0.38269708,0.39361864,0.40414906,0.4127323,0.41837823,0.42069346,0.41983294,0.4164071,0.4113627,0.4058474,0.40106368,0.39812073,0.39789584,0.4009233,0.40732887,0.4168192,0.4287229,0.44206783,0.4556799,0.46829024,0.4786465,0.48562422,0.48833546,0.48622787,0.47916695,0.46749115,0.4520277,0.43405393,0.41518405,0.39716467,0.38157848,0.3695069,0.36126494,0.35634288,0.3536051,0.35165977,0.34924075,0.3454808,0.34003872,0.3330965,0.3252616,0.31740823,0.31049308,0.30538508,0.30275103,0.30302224,0.3064309,0.31306887,0.32291248,0.3357879,0.351298,0.36876178,0.38721234,0.40546885,0.42226684,0.43641496,0.44694746,0.4532496,0.45514074,0.45290524,0.44726554,0.43929344,0.43026224,0.42145386,0.41395414,0.40848568,0.40533137,0.4043714,0.40521073,0.40733448,0.41022855,0.41343066,0.41651642,0.41905296,0.42056155,0.4205233,0.41844139,0.41395378,0.40697262,0.39781862,0.3873136,0.3767853,0.36793292,0.36251274,0.36187336,0.36649722,0.37578386,0.38820142,0.40170336,0.41418844,0.42384708,0.42935568,0.4299484,0.42540625,0.41599578,0.4023791,0.38551274,0.3665513,0.34676877,0.32750538,0.3101324,0.29600757,0.28637418,0.2821721,0.2837933,0.290903,0.30245033,0.31687587,0.3324102,0.3473528,0.36028504,0.37022057,0.37670773,0.37988806,0.3804995,0.3797983,0.3793673,0.38079682,0.3852821,0.39326364,0.40426663,0.41701362,0.42974117,0.4405771,0.44786373,0.45038426,0.44749677,0.4391962,0.4261194,0.40949625,0.3910371,0.37273183,0.35653856,0.34397706,0.33573025,0.33143675,0.32981047,0.3290376,0.32725447,0.32292882,0.3150859,0.3034049,0.2882342,0.27055812,0.25191993,0.23426889,0.2196606,0.20975503,0.20521982,0.20539586,0.20852917,0.21240827,0.21497218,0.21465583
126,0.2720009,0.2698905,0.26508325,0.25928968,0.25465232,0.25337303,0.25712568,0.2664804,0.28070563,0.29807705,0.31644285,0.33372748,0.3482521,0.35890478,0.365224,0.3674319,0.36642167,0.36367527,0.3610709,0.3605448,0.36363235,0.37102407,0.38234127,0.39624783,0.4108221,0.42399925,0.4339397,0.43927687,0.43926197,0.43383572,0.42364648,0.41001803,0.3948476,0.38039818,0.36894485,0.3622891,0.3612785,0.36557332,0.37381473,0.3840968,0.39448506,0.40339178,0.4097654,0.41313753,0.4135834,0.41163367,0.4081594,0.40424064,0.40102506,0.39958394,0.400776,0.40513548,0.4128017,0.42350107,0.4365802,0.45107874,0.46582606,0.4795503,0.4909918,0.49901676,0.50272644,0.5015555,0.49535212,0.48442927,0.46957687,0.45201972,0.43330568,0.41511014,0.39896113,0.38593096,0.37639225,0.36995423,0.36562753,0.36215252,0.35835463,0.35341308,0.34699643,0.33927283,0.330823,0.3224898,0.3151987,0.30979025,0.30690628,0.30695522,0.31014764,0.31655523,0.32613856,0.3387174,0.35390136,0.37103036,0.38917002,0.4071789,0.42383316,0.43797925,0.44868293,0.45535192,0.45781633,0.45635682,0.45167458,0.44479972,0.43694326,0.42930844,0.42289624,0.41835397,0.41591343,0.41543567,0.41653496,0.41872358,0.42152038,0.42449358,0.42724487,0.4293649,0.4304001,0.42986214,0.42729256,0.42237577,0.41507736,0.40577528,0.39534613,0.38515934,0.37692702,0.37237415,0.3727706,0.37849224,0.38883895,0.4022129,0.41653913,0.4297127,0.43993014,0.44587424,0.44678172,0.44243225,0.43308878,0.41941065,0.4023558,0.3830874,0.36289716,0.34315106,0.3252499,0.3105772,0.30039206,0.29563895,0.29671028,0.30327708,0.31430307,0.32825002,0.3433728,0.35799742,0.37073398,0.3806254,0.38724506,0.3907467,0.39185593,0.39177892,0.39200312,0.3939845,0.39877263,0.40669236,0.4172168,0.4290858,0.440604,0.44999275,0.45569488,0.45659262,0.45214054,0.44242895,0.42819017,0.41074827,0.3918986,0.37368986,0.3580863,0.3465351,0.33956566,0.33661953,0.33623084,0.33647013,0.3354317,0.33159986,0.3240527,0.31254098,0.2974914,0.279963,0.261557,0.24424502,0.23004848,0.22053407,0.21625516,0.21647957,0.21944949,0.2229943,0.22510265,0.22425112
127,0.2783775,0.2759424,0.27074784,0.26451558,0.2594108,0.25767738,0.2610504,0.27016407,0.28432742,0.30181858,0.32045493,0.3381104,0.35304642,0.364087,0.37070367,0.37304977,0.37195143,0.36883488,0.3655513,0.36406124,0.36599135,0.37218013,0.38241205,0.39548025,0.4095297,0.4225002,0.43251008,0.43812096,0.43849334,0.43346438,0.42357025,0.41001898,0.3946009,0.37950364,0.36699286,0.3589573,0.35642704,0.3592889,0.36638045,0.37591392,0.38599214,0.39500707,0.40185454,0.40599883,0.40744257,0.4066444,0.4044077,0.40175277,0.39977902,0.39952394,0.40182886,0.407226,0.41586465,0.42748758,0.441459,0.45683336,0.4724509,0.48704684,0.49936613,0.5082778,0.51288414,0.5126179,0.5073196,0.49728626,0.48327884,0.46647704,0.44836617,0.43054673,0.41447484,0.4011777,0.39103296,0.3837113,0.37832397,0.3737199,0.3688146,0.3628465,0.35551342,0.3469896,0.33784768,0.3289153,0.32110143,0.31523156,0.31193453,0.31160617,0.31444317,0.32050216,0.32973078,0.34194285,0.35675356,0.37352118,0.39133984,0.40910196,0.42561772,0.439763,0.45062518,0.4576229,0.4605843,0.4597731,0.45585674,0.44981498,0.44279444,0.43592733,0.43014878,0.42605922,0.42387238,0.4234616,0.42447633,0.4264746,0.4290197,0.43171644,0.43419307,0.4360591,0.43687636,0.43617278,0.43351036,0.4285994,0.4214359,0.4124294,0.40248176,0.39297086,0.38558728,0.38199672,0.38338003,0.390021,0.4011556,0.41516387,0.4299814,0.44352826,0.45402548,0.46017298,0.46121573,0.45693454,0.44758925,0.4338353,0.4166297,0.39714068,0.37667295,0.35661274,0.3383844,0.32339117,0.31290114,0.30785462,0.30863273,0.3148977,0.32561392,0.33925295,0.35408565,0.36845747,0.3809998,0.39077634,0.39737654,0.40095916,0.40223533,0.4023699,0.40277916,0.40482602,0.4094663,0.41695756,0.4267506,0.43760854,0.44789138,0.45589155,0.46012825,0.4595617,0.4537267,0.44279847,0.42760038,0.40955248,0.3905422,0.37268633,0.35796076,0.34773642,0.34237522,0.3411032,0.34225914,0.34378627,0.34372807,0.340576,0.33345047,0.3221621,0.3072038,0.28969914,0.27130362,0.25402173,0.23987657,0.23040628,0.22612652,0.22628506,0.22912781,0.23249695,0.23438904,0.23328145
128,0.2823205,0.27946395,0.27380925,0.26710603,0.26155737,0.2594565,0.2625904,0.2716286,0.28588283,0.30360284,0.32256013,0.34057793,0.35586748,0.3672034,0.37400758,0.3763832,0.37510875,0.3715736,0.36761698,0.36523104,0.3661287,0.37127903,0.38060594,0.39300922,0.40668488,0.41957033,0.42974326,0.43570077,0.43652448,0.43196273,0.4224554,0.40911022,0.39362156,0.37810305,0.36479583,0.3556428,0.35181332,0.35338366,0.3593687,0.36809766,0.37772015,0.38662118,0.3936581,0.39824155,0.40031514,0.4002785,0.39887992,0.39709127,0.39597324,0.39653647,0.39960805,0.4057183,0.41502404,0.42728165,0.44187126,0.45786318,0.47411224,0.48936695,0.5023844,0.5120447,0.5174594,0.51806724,0.5137095,0.50467515,0.49170506,0.47594225,0.4588165,0.44185546,0.426435,0.41351342,0.40343332,0.39587688,0.39000884,0.38475376,0.37910232,0.37235302,0.36424375,0.35497096,0.3451169,0.33551237,0.32706714,0.320608,0.31676456,0.3159312,0.3182983,0.32391223,0.33271006,0.34450048,0.35890332,0.37529242,0.39278576,0.4103029,0.42667943,0.44081038,0.45179307,0.45904458,0.46237844,0.46202993,0.45862454,0.4530886,0.44650945,0.43996277,0.43434143,0.430228,0.4278478,0.42711216,0.42772493,0.42930275,0.43146166,0.43384734,0.4361153,0.4378907,0.43874273,0.43820256,0.43583488,0.4313541,0.4247611,0.41646743,0.4073677,0.39881358,0.39244252,0.38984105,0.3921012,0.39943808,0.41106242,0.42537355,0.4403523,0.45396838,0.46448332,0.47062352,0.47164723,0.46733844,0.45795408,0.44414443,0.42686278,0.4072785,0.38670367,0.36653772,0.34821975,0.33316255,0.3226311,0.3175476,0.31826594,0.32442436,0.33497557,0.3483938,0.36296275,0.37704638,0.38929647,0.39879617,0.4051499,0.40852264,0.4096183,0.40957695,0.4097723,0.41151318,0.41570267,0.4225627,0.43153483,0.4413992,0.45055154,0.4573306,0.46030805,0.45850176,0.45151135,0.4395868,0.42363837,0.4051842,0.3862119,0.36891788,0.35529864,0.34664902,0.34315354,0.34380874,0.34674647,0.34977484,0.35087928,0.34855,0.34193894,0.33090457,0.31599408,0.2983868,0.2797921,0.26226324,0.24786492,0.23816937,0.23371956,0.2337811,0.23660164,0.24000604,0.24195984,0.24090444
129,0.28335673,0.2799806,0.2737946,0.26658973,0.26061967,0.2582332,0.26125962,0.27037454,0.28485355,0.3028865,0.32218462,0.34052196,0.35607088,0.36757278,0.37441778,0.3766777,0.37510237,0.37106252,0.36640128,0.3631517,0.36311147,0.3673658,0.37595406,0.38785613,0.40129814,0.41420427,0.42461073,0.43095773,0.43226123,0.42819762,0.419129,0.4060813,0.39066818,0.3749363,0.3610948,0.3511133,0.34625706,0.34674567,0.3517377,0.35966533,0.36872724,0.37731352,0.3842596,0.3889403,0.391258,0.39157057,0.39058694,0.38924494,0.38857833,0.38957947,0.39306659,0.3995693,0.40925056,0.4218772,0.43684238,0.45323065,0.46991196,0.48565036,0.49921882,0.50951296,0.5156587,0.5171064,0.51370454,0.5057417,0.49394736,0.47943774,0.46359643,0.44788432,0.43359482,0.42160267,0.41218555,0.40499672,0.39921194,0.39379668,0.38779578,0.38056067,0.37187293,0.36196223,0.35143548,0.34114334,0.33201355,0.32488957,0.3204149,0.31899157,0.32080978,0.32590908,0.33421823,0.345542,0.35950533,0.37549603,0.39265218,0.4099142,0.4261342,0.44021586,0.45125455,0.4586538,0.4622015,0.4620959,0.4589161,0.4535373,0.44699717,0.44033286,0.43441886,0.4298463,0.42687643,0.42547753,0.42542082,0.42638952,0.4280574,0.43011385,0.43224272,0.43408257,0.43520373,0.43512952,0.4334111,0.42974585,0.42411408,0.4169001,0.40895897,0.40158427,0.3963342,0.39470324,0.3977015,0.4055008,0.4173226,0.43162137,0.44645262,0.45985696,0.4701504,0.47609457,0.476966,0.47255418,0.46311343,0.44928765,0.43202388,0.41248834,0.39199468,0.37194753,0.35379073,0.33893406,0.3286246,0.3237495,0.32461813,0.33082914,0.3413133,0.35454303,0.36881578,0.3825175,0.3943245,0.40334356,0.4091989,0.41206926,0.41266397,0.41211894,0.41179433,0.41297874,0.41655377,0.42272443,0.43092442,0.43993595,0.4481663,0.45397428,0.45595968,0.45317832,0.44527942,0.4325774,0.4160648,0.39735988,0.37856007,0.36195648,0.34958094,0.34265852,0.34119204,0.3439393,0.34881744,0.35349402,0.35589093,0.3544891,0.34846154,0.33770236,0.3228013,0.30498496,0.28601667,0.26801458,0.25312272,0.24300377,0.23828371,0.23827533,0.2412217,0.24490084,0.24721166,0.2465274
130,0.28125474,0.2772703,0.270494,0.26276818,0.2564072,0.25381985,0.25686705,0.26620004,0.28101903,0.29942378,0.3190538,0.33763826,0.35332412,0.36483663,0.37155217,0.37352878,0.371505,0.36684957,0.36142457,0.35731423,0.3564025,0.3598798,0.3678776,0.37942755,0.39276153,0.40577623,0.4164642,0.42321616,0.42499638,0.42142704,0.41281235,0.40011603,0.38488868,0.36912084,0.35498777,0.34446546,0.3388756,0.3385324,0.34269616,0.34987783,0.35832003,0.3664269,0.37302837,0.37748313,0.37967262,0.37993222,0.37894958,0.37764415,0.37703615,0.37810993,0.38168097,0.38828084,0.39807743,0.41084456,0.42598403,0.44259095,0.45954773,0.475633,0.48963568,0.5004684,0.50727355,0.50951695,0.507059,0.5001951,0.4896525,0.47653195,0.46218237,0.448007,0.43521956,0.42460275,0.4163479,0.41004723,0.40485153,0.39973536,0.39377552,0.38636532,0.37732914,0.3669362,0.35582948,0.34489325,0.33508736,0.32728475,0.32215235,0.320106,0.3213387,0.3258848,0.3336661,0.3444855,0.35797486,0.37353688,0.39032802,0.4073048,0.42332855,0.4373019,0.4483079,0.45572606,0.4593099,0.4592151,0.45597377,0.45041513,0.4435396,0.43636388,0.42976618,0.42436817,0.4204854,0.41815582,0.41722518,0.417447,0.41855446,0.42028216,0.4223429,0.42438763,0.4259833,0.4266364,0.42587066,0.42334774,0.41900402,0.41316995,0.4066325,0.40060017,0.39653182,0.3958229,0.39941123,0.40744913,0.41919914,0.43320015,0.44760635,0.46054718,0.4704057,0.47598705,0.47659102,0.47201523,0.4625121,0.44871825,0.43157208,0.41223267,0.39200938,0.37230414,0.35455507,0.34015602,0.3303205,0.32588327,0.32709172,0.33349076,0.34398028,0.35702887,0.37095064,0.3841594,0.39536312,0.40369937,0.40882042,0.4109295,0.4107569,0.40945622,0.4084018,0.40889147,0.41180906,0.41735256,0.4249406,0.43333676,0.44093248,0.4460788,0.44737977,0.44390932,0.4353508,0.42207202,0.40514183,0.38627976,0.36770368,0.35181844,0.34071308,0.3355574,0.33617535,0.34108162,0.3479742,0.35437685,0.35814342,0.35773814,0.35234475,0.34188077,0.3269662,0.30886552,0.28939414,0.27074707,0.25517964,0.2444946,0.23945042,0.23943263,0.24267228,0.2468722,0.24983251,0.2498306
131,0.27602783,0.27136874,0.2639666,0.2557216,0.2490166,0.2463232,0.24952163,0.25920695,0.27446496,0.29327863,0.31320894,0.33194834,0.34763387,0.35899198,0.36540204,0.36692402,0.36429977,0.35891017,0.3526492,0.3476629,0.3459252,0.34872392,0.35626152,0.3675925,0.38092795,0.39412135,0.40511847,0.41226795,0.41449663,0.4113907,0.403216,0.39089426,0.37593088,0.36027327,0.3460649,0.33527339,0.32924256,0.32833415,0.33186492,0.33839434,0.3461984,0.35370088,0.3597414,0.3636822,0.3654043,0.36524063,0.3638758,0.36222735,0.36131573,0.36212817,0.365485,0.37192288,0.38161388,0.394335,0.4094911,0.42618197,0.44329754,0.45962703,0.47397292,0.48526305,0.49265653,0.49563575,0.4940771,0.48828915,0.47900683,0.4673276,0.45457977,0.4421212,0.43109247,0.4221807,0.41547582,0.41048387,0.40630147,0.40188503,0.3963228,0.38903815,0.37989488,0.36920494,0.35765502,0.3461732,0.3357618,0.3273316,0.32157826,0.31893307,0.31959105,0.32358003,0.33081514,0.3410999,0.35407662,0.3691663,0.38554487,0.40218315,0.41794652,0.43172944,0.44259405,0.44988805,0.4533245,0.45301378,0.4494427,0.4434019,0.43586716,0.4278518,0.42025635,0.41375017,0.4087159,0.4052682,0.40332937,0.40272224,0.4032382,0.40465653,0.40671936,0.4090896,0.41132814,0.41291806,0.4133447,0.41221845,0.4094126,0.40518123,0.40022016,0.39563173,0.39276162,0.3929037,0.3969337,0.40500477,0.41644427,0.42989817,0.4436382,0.45589715,0.46513596,0.47021076,0.47044957,0.46566087,0.4560961,0.4423841,0.4254525,0.40644974,0.38667548,0.36752146,0.35041037,0.3367078,0.32757896,0.32378986,0.32551023,0.33221868,0.34277767,0.35565105,0.36917362,0.38179353,0.392258,0.39974338,0.40393922,0.40508485,0.40394768,0.4017206,0.39981824,0.39957395,0.4018921,0.40696734,0.4141902,0.42228052,0.42958426,0.43441698,0.43536338,0.43149644,0.42251825,0.4088375,0.39159113,0.3725989,0.35420862,0.3389614,0.32903278,0.3255618,0.32820436,0.33523327,0.34412593,0.3522608,0.35742,0.35804406,0.35331735,0.34316856,0.3282349,0.3098077,0.28974855,0.27033544,0.2539593,0.24260534,0.23721056,0.23725782,0.24095865,0.24591337,0.24979402,0.2507594
132,0.26791912,0.26255494,0.25452504,0.24579139,0.23881117,0.23612075,0.2396061,0.24977309,0.26555598,0.28479967,0.30498585,0.32378256,0.33933353,0.3503827,0.35632676,0.35724017,0.35387895,0.34764647,0.34047914,0.33459443,0.33206227,0.33426338,0.3414532,0.3526809,0.36611003,0.3795349,0.39085153,0.39837396,0.40100577,0.39831448,0.3905468,0.37860128,0.36395583,0.3485281,0.33443424,0.32362282,0.31743044,0.3162227,0.3193278,0.32532167,0.33250058,0.33931097,0.34461567,0.34779853,0.3487595,0.3478477,0.3457621,0.34343395,0.3418977,0.34215483,0.34503853,0.3510948,0.36049974,0.37302926,0.38808492,0.40476385,0.42195648,0.43845662,0.45307508,0.46475124,0.47265825,0.47629488,0.47555563,0.47076815,0.46268466,0.45241326,0.44127765,0.43060583,0.4214753,0.4144786,0.40959406,0.4062228,0.40338406,0.39999402,0.39513507,0.38825002,0.3792376,0.36845353,0.356633,0.3447543,0.33386824,0.3249272,0.31865555,0.3154965,0.31564176,0.3191082,0.32580274,0.33553192,0.34795398,0.3625142,0.37841251,0.39463544,0.41005075,0.42354012,0.4341394,0.4411592,0.4442687,0.44353253,0.43939593,0.43261883,0.4241644,0.41505736,0.40623558,0.39842865,0.3920939,0.38742444,0.38441613,0.38295585,0.38288823,0.3840346,0.38616598,0.38895768,0.39196357,0.39463952,0.39642492,0.39686748,0.3957626,0.3932714,0.3899813,0.38687426,0.38517445,0.38607508,0.3904,0.39831886,0.40924174,0.42193788,0.43481025,0.44620606,0.45467266,0.4591235,0.4589191,0.45388135,0.44426185,0.4306812,0.4140547,0.39551684,0.37635297,0.35793814,0.3416712,0.3288786,0.32066444,0.31771174,0.32009944,0.32723022,0.33792445,0.35064185,0.36374173,0.37571257,0.38534725,0.3918682,0.3950104,0.39506033,0.39283764,0.389595,0.38681194,0.38588092,0.38774145,0.39258376,0.3997523,0.40789473,0.41528127,0.42016536,0.42109114,0.41711348,0.4079384,0.3940021,0.37649855,0.35734233,0.3390176,0.32422447,0.31526113,0.3132708,0.31776205,0.32677278,0.33756167,0.3473615,0.35387954,0.355526,0.3514761,0.3416576,0.32671186,0.3079439,0.28725222,0.26699674,0.24971952,0.23762351,0.23186739,0.23205613,0.23637377,0.24229082,0.24732465,0.24949783
133,0.25737727,0.25132477,0.24270613,0.2335466,0.22638264,0.22381759,0.22772941,0.23850207,0.2548851,0.2745716,0.2949699,0.31373885,0.32904506,0.3396636,0.34501922,0.34520867,0.3410085,0.33385047,0.32572025,0.3189153,0.31560904,0.31727535,0.32420853,0.3354274,0.34902278,0.3627147,0.3743473,0.38220748,0.3851886,0.3828556,0.3754529,0.3638733,0.34958342,0.33448425,0.32067028,0.3100632,0.30396712,0.30271202,0.30559596,0.3111809,0.31777018,0.323835,0.32827252,0.33050373,0.33046395,0.32853448,0.32544345,0.3221496,0.31971413,0.31916416,0.32135493,0.3268472,0.33582175,0.34804985,0.3629226,0.3795262,0.39674318,0.41336405,0.42820093,0.44019872,0.44853994,0.4527371,0.45270315,0.44878924,0.4417743,0.4327916,0.42317846,0.4142517,0.40703997,0.40204656,0.399133,0.39758188,0.39631766,0.39419943,0.3902902,0.3840432,0.37538788,0.36472338,0.35283554,0.34075576,0.3295851,0.3203161,0.31369624,0.3101715,0.30991998,0.31293938,0.31912524,0.3282893,0.3401127,0.35407376,0.36940455,0.38511255,0.4000695,0.41314352,0.42334163,0.42993492,0.43254784,0.4312008,0.42630222,0.41858935,0.4090236,0.3986531,0.38846457,0.3792562,0.3715629,0.36565322,0.36158842,0.35930914,0.35870442,0.35963228,0.3618914,0.3651706,0.36901802,0.37286162,0.376091,0.37818438,0.3788499,0.37814468,0.37653726,0.3748812,0.37427652,0.3758195,0.38029155,0.38789117,0.39812315,0.40989053,0.4217361,0.4321287,0.43970773,0.4434485,0.44274715,0.437441,0.42778248,0.4143837,0.3981462,0.380188,0.36177614,0.34426385,0.32901907,0.3173206,0.3102005,0.30824772,0.31144005,0.319098,0.3299979,0.3425969,0.35528255,0.36658818,0.37535715,0.3808632,0.38289323,0.38179013,0.3784394,0.37417242,0.3705563,0.36906362,0.37067997,0.3755846,0.38305318,0.39163047,0.39948156,0.40477484,0.40599698,0.40217158,0.39299616,0.37892127,0.3611839,0.3417828,0.32333803,0.3087278,0.30041254,0.29958495,0.3056382,0.3163897,0.32888415,0.34020898,0.34799358,0.35061136,0.34721926,0.33773297,0.32278523,0.30368137,0.28234428,0.26120892,0.24297494,0.23009048,0.2239755,0.22438061,0.22945248,0.23650324,0.24287152,0.24643213
134,0.24502932,0.23835963,0.2292343,0.2197417,0.212503,0.21019241,0.2146681,0.2261621,0.24321288,0.26335666,0.28394037,0.3026299,0.3176279,0.32774985,0.33245394,0.33186176,0.32677156,0.31864402,0.3095167,0.3017735,0.29770064,0.29887062,0.3056093,0.31688526,0.33069524,0.34467235,0.35660717,0.36476603,0.36804307,0.36601353,0.35893387,0.3477056,0.33379856,0.3191093,0.30571684,0.29551044,0.28974018,0.28866607,0.29151982,0.29682347,0.30287656,0.3081764,0.3116633,0.31280676,0.31158966,0.308437,0.3041171,0.29962695,0.29606545,0.29449663,0.29580835,0.30058378,0.30901122,0.32085472,0.33548835,0.3519784,0.36919007,0.38590142,0.40091714,0.41317952,0.42187345,0.42651984,0.42704803,0.4238347,0.4176936,0.40979737,0.40151736,0.39418134,0.38878825,0.38576248,0.3848489,0.3852035,0.38564405,0.38496035,0.38218606,0.37677795,0.36869228,0.35837016,0.34664783,0.33460954,0.32340372,0.3140562,0.3073258,0.30364648,0.30316752,0.30585614,0.3115915,0.32019278,0.3313722,0.34465256,0.35930946,0.37438035,0.38874674,0.40126565,0.41091612,0.41693023,0.41888902,0.4167721,0.41095644,0.40216446,0.39136502,0.3796394,0.3680315,0.35741252,0.34839386,0.34131137,0.33627826,0.33327323,0.332216,0.33299288,0.33542785,0.33922547,0.34393206,0.3489506,0.35362148,0.35735148,0.3597574,0.36078748,0.3607871,0.3604797,0.36084345,0.36288437,0.36735058,0.3744788,0.3838758,0.3945835,0.40528822,0.41458324,0.4212024,0.4241847,0.42296338,0.41739193,0.407724,0.39456275,0.37879458,0.36151898,0.34398186,0.32751063,0.31343725,0.3029859,0.29710862,0.2962912,0.30040404,0.30868256,0.31986004,0.332394,0.34470376,0.35537055,0.36329114,0.3677938,0.3687222,0.3664831,0.36203974,0.35681915,0.3524963,0.35064128,0.35229072,0.3575995,0.36574605,0.3751403,0.3838164,0.38984117,0.39163437,0.3881813,0.37916303,0.365033,0.3470562,0.32729873,0.30850682,0.29374662,0.2856784,0.28559816,0.29282802,0.3049885,0.31891835,0.33156022,0.34046167,0.34395283,0.34116384,0.3319888,0.31704095,0.29761377,0.2756413,0.2536224,0.23441313,0.22072515,0.21427332,0.21497336,0.22091928,0.22923385,0.23705637,0.24210939
135,0.23165712,0.2244955,0.21498358,0.20527199,0.19807355,0.19614132,0.20130637,0.21362503,0.23140772,0.252038,0.2728164,0.29142937,0.3061239,0.31575865,0.31982455,0.3184653,0.3124963,0.30340284,0.29327187,0.2845769,0.27972716,0.2804053,0.28697106,0.29833174,0.31237477,0.32663688,0.33885354,0.3472745,0.3508018,0.34902987,0.34223717,0.33134553,0.31784025,0.30362493,0.2907698,0.28112826,0.275879,0.2751838,0.27817926,0.2833279,0.28891775,0.29347286,0.29598165,0.29596874,0.29347086,0.28896272,0.28325868,0.27740037,0.27253282,0.26976782,0.27003825,0.27396104,0.2817389,0.2931288,0.30748236,0.32383737,0.34103155,0.3578201,0.37298995,0.3854706,0.3944397,0.3994183,0.40034634,0.39762473,0.39210698,0.38501838,0.37778518,0.37177247,0.36797446,0.36675414,0.3677465,0.36997896,0.37215582,0.37298983,0.37147826,0.36707586,0.3597619,0.3500167,0.33872446,0.32701787,0.31608513,0.30697247,0.30043244,0.29686636,0.29637608,0.29888514,0.30425066,0.3123018,0.32279074,0.33529782,0.34915632,0.36344615,0.37706786,0.38887376,0.397819,0.40310013,0.40425846,0.40123758,0.39438942,0.3844289,0.3723404,0.359246,0.34625205,0.33430415,0.32408485,0.31598455,0.31014884,0.3065724,0.30518624,0.3058929,0.30853808,0.31284568,0.31836718,0.324488,0.33050486,0.33575612,0.3397687,0.34238294,0.34382278,0.3446858,0.34583533,0.3481967,0.3524944,0.35901034,0.36745685,0.37701502,0.3865132,0.39466715,0.4003035,0.4025237,0.40079698,0.39499256,0.38536456,0.3725064,0.35728842,0.34079015,0.32423434,0.30892,0.29613954,0.2870574,0.28253904,0.2829615,0.28808463,0.2970601,0.30858222,0.32111335,0.3331078,0.34319672,0.35033172,0.35389754,0.35379806,0.3505105,0.34508637,0.3390632,0.3342403,0.33229607,0.33431384,0.34040055,0.34960318,0.36016586,0.3699735,0.3769851,0.3795533,0.3766261,0.36786613,0.3537222,0.33547285,0.315231,0.29584867,0.28057525,0.2722988,0.2724762,0.28041667,0.29357848,0.30860677,0.3222993,0.3321163,0.33633712,0.33405766,0.32514268,0.31017828,0.29043695,0.2678529,0.24497706,0.22481482,0.21035053,0.20361775,0.20470656,0.21163374,0.22129898,0.23062731,0.23719335
136,0.21817741,0.2106932,0.20093952,0.19112888,0.18407556,0.18262525,0.18858257,0.20181419,0.22039694,0.2415724,0.26260874,0.28122061,0.29569966,0.30494353,0.30846953,0.30643567,0.2996662,0.28966215,0.27855268,0.26889908,0.26324233,0.2633922,0.2697559,0.28118145,0.29544097,0.30996883,0.32244265,0.33109552,0.33483896,0.33329,0.32675493,0.31618398,0.30308837,0.28938973,0.27715737,0.26820788,0.26363605,0.26348475,0.26677552,0.27189878,0.27712554,0.28100574,0.28257617,0.28141677,0.27761814,0.27170444,0.2645358,0.25719988,0.2508921,0.24678132,0.24586004,0.24879561,0.25581822,0.2666834,0.28071797,0.29692316,0.31409895,0.33096611,0.34628195,0.35895082,0.36813086,0.3733316,0.37449357,0.37203568,0.36685103,0.36022696,0.3536651,0.3485976,0.34604654,0.3463406,0.3490209,0.35299155,0.35684207,0.35920385,0.35903254,0.35577574,0.34943104,0.3405133,0.32994866,0.31890976,0.30861098,0.3000998,0.2940989,0.2909532,0.29069746,0.29319927,0.29828972,0.3058107,0.315563,0.3271973,0.34011936,0.35346615,0.3661698,0.37708768,0.38515875,0.3895503,0.38977036,0.38573316,0.3777727,0.36660388,0.3532339,0.33883145,0.32456866,0.31146377,0.3002614,0.29138836,0.28499672,0.28106797,0.2795187,0.28025106,0.28312734,0.2878958,0.2941239,0.30119148,0.30836245,0.3149155,0.3202946,0.32423866,0.3268579,0.3286337,0.33032665,0.33279395,0.336747,0.34251896,0.34992778,0.35828948,0.3665678,0.37359363,0.37828007,0.37978563,0.37761202,0.3716415,0.36212713,0.3496517,0.33506864,0.31943688,0.30395523,0.28989285,0.27850002,0.2708776,0.26779985,0.26953182,0.2757242,0.28545055,0.29737344,0.3099659,0.32172027,0.33131856,0.3377677,0.34051007,0.3395133,0.33533126,0.3291135,0.32252023,0.31748518,0.31579518,0.3185614,0.32580724,0.33641037,0.3484252,0.35958156,0.36773676,0.3711866,0.36885044,0.36037627,0.34620574,0.32761946,0.3067558,0.2865439,0.2703945,0.26143396,0.26133388,0.26946098,0.28316,0.29890054,0.31333414,0.32382542,0.32859406,0.32669428,0.3179564,0.30293515,0.28287804,0.2597133,0.23603487,0.21498892,0.19983244,0.19292636,0.19452643,0.20253396,0.21359149,0.22440459,0.23241532
137,0.20561719,0.19800113,0.1881532,0.17834929,0.17151879,0.17062053,0.17744334,0.19166277,0.21112722,0.23294926,0.25437278,0.27313888,0.28757563,0.2966091,0.2997721,0.29722697,0.28979686,0.2789884,0.26696202,0.25635937,0.24985586,0.24940585,0.25548837,0.26690957,0.2813323,0.29608712,0.3087889,0.3176486,0.32158253,0.32022846,0.31392187,0.30364716,0.29095092,0.27778414,0.26622438,0.25805408,0.25427714,0.25480512,0.25853345,0.2637735,0.2687751,0.27210945,0.2728564,0.27064556,0.26561522,0.25833306,0.24969938,0.24084316,0.2330092,0.22742917,0.22517005,0.22697142,0.23311286,0.24336246,0.25702524,0.2730606,0.29022023,0.3071783,0.32264897,0.3354977,0.3448485,0.3501844,0.351432,0.3490156,0.34386072,0.3373188,0.33098307,0.3263839,0.3246123,0.3260021,0.33002922,0.33548963,0.3408626,0.3446963,0.3459,0.343908,0.33872926,0.33090493,0.3213929,0.31139094,0.30211946,0.2946019,0.28950396,0.28709066,0.2873143,0.28997967,0.29489136,0.30190757,0.31088373,0.32155013,0.3333972,0.3456331,0.3572356,0.36707988,0.37409988,0.37744364,0.376595,0.3714477,0.36232656,0.3499546,0.33536878,0.31978935,0.3044557,0.29045427,0.27857876,0.2692687,0.26265016,0.25865537,0.25715467,0.25802878,0.26114962,0.26629493,0.2730618,0.2808414,0.28888103,0.29641393,0.30281383,0.30773053,0.31117395,0.3135247,0.31545743,0.31777745,0.32119533,0.32610074,0.33241495,0.33957994,0.34668237,0.35265517,0.3564856,0.3573798,0.35486493,0.34883186,0.33953023,0.32753113,0.31367105,0.2989886,0.28465888,0.2719207,0.26198068,0.25587288,0.25427765,0.25734884,0.2646344,0.27514037,0.28750768,0.3002262,0.3118285,0.32104713,0.3269439,0.32901996,0.32731023,0.3224517,0.31570044,0.30884665,0.30395865,0.30291525,0.30681947,0.31556627,0.3278312,0.34147054,0.35407025,0.36340472,0.36773083,0.36595204,0.35770932,0.34343836,0.32441482,0.30278373,0.28151894,0.26415604,0.25404736,0.2531208,0.26087886,0.27461722,0.2906554,0.30549702,0.31639948,0.321511,0.31983647,0.31116813,0.2960292,0.27564353,0.2519343,0.22753602,0.20572892,0.19003461,0.1831287,0.18539684,0.194572,0.20701231,0.21921426,0.22851449
138,0.19506164,0.18748929,0.17766772,0.16794187,0.16137353,0.16106017,0.16879402,0.1840699,0.20452009,0.22713816,0.24914181,0.26828673,0.28292173,0.2919862,0.29501635,0.29216975,0.28426155,0.2727966,0.25995666,0.24845082,0.24108095,0.23995462,0.24564993,0.2569623,0.2714649,0.28638896,0.29928076,0.30831876,0.31241462,0.3112204,0.30509993,0.29507634,0.28274137,0.27008787,0.2592132,0.25187108,0.24897309,0.2502946,0.25460088,0.2601208,0.2650771,0.2680536,0.26816258,0.26507246,0.25895965,0.250426,0.2404032,0.23005308,0.22066306,0.21352674,0.20979588,0.21030541,0.2154137,0.22492592,0.23813726,0.25396457,0.2711029,0.28816745,0.30381572,0.31685957,0.32637334,0.33179682,0.3330245,0.33046743,0.32506716,0.31823027,0.3116476,0.30697486,0.30541822,0.30737045,0.31228775,0.31888625,0.32554683,0.3307352,0.33330846,0.3326788,0.32885534,0.32239243,0.3142626,0.30566713,0.29780546,0.29164764,0.28777662,0.2863609,0.28726518,0.2902345,0.29505223,0.30159584,0.30977654,0.3194057,0.33006376,0.34103957,0.35136965,0.35996136,0.3657579,0.36790168,0.36586502,0.35953304,0.34923214,0.33570296,0.32001975,0.30345875,0.28732637,0.27276978,0.26061422,0.251283,0.24483816,0.24112254,0.23992562,0.24108341,0.24446757,0.24988867,0.25698656,0.26518255,0.2737277,0.2818292,0.28880912,0.2942467,0.29807127,0.30058405,0.3023961,0.30428085,0.30696258,0.31089288,0.31609127,0.322112,0.32814562,0.33320692,0.33633912,0.33678132,0.33407602,0.32811642,0.31914586,0.30772325,0.2946691,0.28100327,0.26787832,0.2565033,0.24803989,0.24345404,0.24333294,0.24772605,0.2560918,0.26738372,0.2802327,0.29315057,0.30470985,0.31369135,0.31920937,0.32082406,0.31864044,0.31338388,0.30642155,0.29967242,0.29532394,0.29531148,0.30068085,0.3111573,0.3252016,0.34048736,0.35448486,0.36491176,0.37000453,0.36866266,0.36052656,0.34602833,0.32643515,0.30388448,0.2813647,0.2624916,0.25081035,0.24852605,0.2553559,0.26862568,0.28454098,0.29945675,0.31050786,0.31575653,0.31414872,0.30543578,0.290112,0.26938406,0.24517825,0.22017543,0.19778793,0.18178552,0.17511784,0.17823143,0.1886307,0.20238148,0.21580225,0.22616085
139,0.1875408,0.18012542,0.17039211,0.16076696,0.15446408,0.15474394,0.1634223,0.17982917,0.20139508,0.22499762,0.24781635,0.26760164,0.28270295,0.29205725,0.29519424,0.29226258,0.2840695,0.27211893,0.25861007,0.24630626,0.23811537,0.23628695,0.24151294,0.25261283,0.26710114,0.28212243,0.29515094,0.30432144,0.30852947,0.30743438,0.30142733,0.29157612,0.27952904,0.26733533,0.25712493,0.25063026,0.24867241,0.2508903,0.25591853,0.26190004,0.26702183,0.2698673,0.26956707,0.2658155,0.2588163,0.24919747,0.23791479,0.22615519,0.21523993,0.20651713,0.20122336,0.20030354,0.20422344,0.21285686,0.22551116,0.24106844,0.25816372,0.27534392,0.2911981,0.30447164,0.31417528,0.3196895,0.32085782,0.31805602,0.31221697,0.3047803,0.29752353,0.2922402,0.29029405,0.2922004,0.2974596,0.30475396,0.31238878,0.3187516,0.32264078,0.3234334,0.32112223,0.31625465,0.30979338,0.30291417,0.29676437,0.29223302,0.28980303,0.28954422,0.2912437,0.29460114,0.29938865,0.30550447,0.3129092,0.32148626,0.3309001,0.34052134,0.34945342,0.35664958,0.36107853,0.36189386,0.35857287,0.35100725,0.33953854,0.32493636,0.30832028,0.29102632,0.27442515,0.25971293,0.24772336,0.23882999,0.23299198,0.22992606,0.2293118,0.23091993,0.23460996,0.24022207,0.24744496,0.25574437,0.26439494,0.27260074,0.27965596,0.28509438,0.28879145,0.29099724,0.29228717,0.293428,0.29517484,0.29804677,0.30215383,0.3071433,0.3122833,0.3166424,0.3192948,0.31949326,0.31678227,0.3110503,0.30253157,0.29177347,0.279583,0.26696417,0.25504968,0.24502002,0.23799269,0.23486784,0.23614727,0.24179156,0.25118992,0.26326185,0.27663827,0.28985456,0.30151868,0.31045294,0.31581882,0.3172321,0.31486738,0.30953804,0.30271822,0.2964402,0.29297745,0.29427332,0.3012712,0.31351125,0.32926056,0.3460504,0.361272,0.37261003,0.37829208,0.37721798,0.36902893,0.35415325,0.33384693,0.31023017,0.28628126,0.26565227,0.25203454,0.24790892,0.25327674,0.26558393,0.28097108,0.29564777,0.3066097,0.31181473,0.3101383,0.3012868,0.2857293,0.2646652,0.24003747,0.21458614,0.191857,0.17583993,0.16968422,0.17379965,0.18541402,0.20032695,0.21472993,0.2258612
140,0.18383867,0.17658672,0.16692123,0.1573696,0.15131873,0.15220596,0.16187783,0.17951003,0.20234235,0.22713296,0.25100526,0.27168152,0.28749248,0.2973602,0.30080336,0.29796508,0.28965425,0.2773857,0.26338336,0.25045666,0.24159122,0.23914295,0.24390453,0.25474074,0.26914114,0.2841848,0.2972777,0.30650467,0.31073746,0.30963886,0.3036299,0.29383203,0.28196442,0.27014852,0.26055965,0.2549153,0.2539472,0.25715798,0.26305056,0.26967645,0.2751753,0.27811483,0.27762887,0.27342546,0.26572794,0.25518635,0.24277955,0.22971871,0.21735516,0.20708324,0.20021456,0.19780143,0.20042981,0.20806806,0.22006238,0.23527704,0.25229263,0.26958555,0.28567025,0.29921782,0.309166,0.3148247,0.31597146,0.31292623,0.30658633,0.29839188,0.29017693,0.28386003,0.28098375,0.2822443,0.28726217,0.29475084,0.3029783,0.31026646,0.31534925,0.3175528,0.31683144,0.31369853,0.30907637,0.3040828,0.29978436,0.296971,0.29602498,0.29693305,0.29942924,0.30319023,0.3079888,0.3137419,0.3204455,0.32803512,0.33624083,0.3445048,0.35199758,0.3577277,0.36070514,0.3601134,0.3554541,0.34664378,0.33405513,0.31849945,0.30114973,0.28340346,0.26668808,0.25223047,0.24084383,0.23281765,0.22797725,0.22589223,0.22611965,0.22835495,0.23243265,0.23820886,0.24541216,0.25355357,0.2619432,0.26980272,0.2764253,0.28133008,0.28437233,0.28578627,0.28614646,0.28624296,0.28688222,0.28865665,0.29175603,0.29589504,0.3003849,0.30431214,0.3067505,0.3069429,0.3044212,0.29906172,0.29108846,0.28103957,0.26971295,0.25810164,0.24732259,0.23853137,0.23280637,0.23099166,0.23352169,0.24029346,0.25065288,0.2635031,0.27748087,0.29114014,0.3031136,0.31225252,0.3177537,0.31927887,0.31706315,0.31199703,0.305643,0.30011526,0.29772875,0.30039155,0.30892938,0.32272518,0.33990845,0.35792148,0.3741094,0.38613567,0.39221793,0.39124992,0.3828666,0.36748698,0.34635115,0.3215542,0.29604608,0.2734779,0.2576379,0.25126216,0.25468832,0.26557553,0.28006217,0.29422468,0.3049042,0.30993396,0.30810422,0.29907036,0.28327847,0.26193073,0.23700225,0.21130686,0.1885222,0.17281152,0.1674168,0.1726067,0.18532461,0.2011703,0.21626976,0.22786379
141,0.18427171,0.17706434,0.16736259,0.1578229,0.15202343,0.15357366,0.16433157,0.18331249,0.20756958,0.23373593,0.2588616,0.280622,0.29731518,0.30784237,0.31171402,0.30907893,0.30076587,0.28832245,0.27401462,0.26069835,0.25140768,0.24855168,0.25297904,0.2635937,0.27788374,0.29288834,0.30595833,0.31513256,0.31925985,0.3180098,0.31184158,0.3019438,0.29012322,0.27858925,0.26957262,0.26477772,0.264844,0.26913434,0.2760163,0.2834421,0.28949142,0.29270172,0.29219705,0.28769037,0.27942112,0.2680635,0.2546258,0.24035178,0.22662897,0.21489644,0.20652892,0.20266825,0.20400915,0.21061921,0.22190158,0.23672315,0.2536247,0.27101985,0.28735116,0.30121556,0.31147614,0.3173685,0.31859735,0.3154142,0.3086593,0.29974067,0.29050675,0.2829611,0.27880996,0.27895918,0.2832163,0.29040137,0.2988005,0.3066954,0.3127569,0.31624553,0.31705308,0.31562957,0.31282568,0.30967334,0.30714047,0.30591735,0.30630305,0.30823165,0.31141618,0.31553426,0.3203689,0.32584953,0.3319877,0.33874327,0.34588405,0.35290256,0.35902703,0.36332372,0.36485595,0.36285484,0.35686624,0.34685123,0.3332306,0.31686997,0.29900178,0.28108186,0.26458034,0.25072914,0.24028923,0.233439,0.22985841,0.22897467,0.23023316,0.23325688,0.23784344,0.24384055,0.25099018,0.25883082,0.2667049,0.2738637,0.2796238,0.2835226,0.28543362,0.28561637,0.28468502,0.2834878,0.2829058,0.2836104,0.28585652,0.28939396,0.29353485,0.29734096,0.29985014,0.30027038,0.2981066,0.29321796,0.28581914,0.27644435,0.2658893,0.25514314,0.24531412,0.23754103,0.23287518,0.2321244,0.23568444,0.2434211,0.2546636,0.26831195,0.28300726,0.29730967,0.30985823,0.31951305,0.32548627,0.3274658,0.32572633,0.32120997,0.31553453,0.31085497,0.3094884,0.3132929,0.32300735,0.3379278,0.35612217,0.37499535,0.39186624,0.40437418,0.41071266,0.40975195,0.40110523,0.3851698,0.36316052,0.33713862,0.31001133,0.2854006,0.2671473,0.25821143,0.2592974,0.26836506,0.28162557,0.2950476,0.30530822,0.3100962,0.3080997,0.2989136,0.28296018,0.26145086,0.23640455,0.21071738,0.18818393,0.17306948,0.16858411,0.17478083,0.18837072,0.20484987,0.22033621,0.232091
142,0.1885568,0.18117402,0.17127573,0.16167913,0.15616764,0.15849707,0.17048705,0.1909649,0.21679457,0.24448064,0.27099022,0.2939418,0.31159583,0.32283488,0.32717103,0.32477602,0.31652215,0.30401632,0.28958902,0.27614814,0.26674998,0.2637975,0.26813102,0.27866068,0.29287866,0.3078065,0.32076073,0.32974866,0.3336076,0.33202592,0.32551542,0.31534907,0.30343848,0.29209447,0.28360775,0.27966496,0.28080407,0.28624058,0.29420027,0.3025279,0.30923274,0.3128112,0.31236944,0.3076216,0.29882458,0.28668362,0.27224806,0.25680882,0.2418032,0.22872148,0.21899419,0.21382987,0.21400271,0.21966001,0.23026127,0.24469002,0.26146552,0.27895454,0.2955398,0.30975276,0.32038867,0.32661372,0.32806233,0.32491586,0.31794804,0.3085123,0.29843184,0.28974175,0.28426167,0.28308865,0.2862469,0.29272562,0.30089143,0.3090261,0.31575128,0.32025608,0.32235172,0.3224015,0.32116178,0.31956404,0.31847712,0.31850854,0.31990504,0.3225839,0.32626837,0.33065623,0.33554536,0.34086797,0.34662887,0.35278168,0.359099,0.36509567,0.3700398,0.37305,0.3732485,0.36992756,0.36269477,0.35157347,0.33704793,0.32004786,0.30186698,0.2840102,0.26796934,0.25495228,0.24564144,0.24009465,0.23786056,0.23825395,0.2406369,0.24457143,0.24980693,0.25615302,0.26332787,0.2708651,0.27812153,0.2843777,0.28898972,0.29154244,0.29196563,0.29058698,0.28810322,0.28545794,0.2836307,0.2833761,0.28499496,0.28823373,0.2923577,0.29635838,0.29920205,0.30003926,0.2983374,0.29393685,0.28704804,0.27820954,0.2682245,0.25808847,0.24891168,0.24182971,0.23788644,0.23788182,0.24220769,0.25073236,0.26279098,0.27728695,0.29285672,0.30804712,0.3214785,0.33199194,0.33878613,0.34154463,0.34054878,0.3367551,0.331796,0.32782963,0.32715786,0.33161315,0.34191927,0.35737967,0.37607926,0.39542684,0.41272166,0.4255642,0.4320996,0.4311493,0.42228135,0.40585235,0.3830367,0.35584947,0.32714206,0.30048615,0.27973992,0.2680519,0.2665035,0.27342892,0.2851949,0.29770303,0.30746725,0.31201577,0.30991685,0.3006925,0.2847348,0.26326433,0.23834549,0.21295068,0.19095448,0.17663163,0.17304732,0.18002556,0.19415094,0.2109195,0.22648387,0.23812893
143,0.19586575,0.18804362,0.17777666,0.1680732,0.16292895,0.16620307,0.17960484,0.20173056,0.22924791,0.25853503,0.28647634,0.3106344,0.32923657,0.34115633,0.3459226,0.34375054,0.33558035,0.3231038,0.30873588,0.29544064,0.286272,0.28357106,0.28810287,0.29873776,0.31296209,0.32779482,0.34054127,0.3491991,0.35261378,0.35051113,0.34347442,0.33287925,0.32075742,0.30952942,0.3015439,0.2984581,0.30069464,0.30731136,0.31638578,0.3256497,0.33303636,0.33699682,0.33661735,0.33161485,0.3222693,0.30932635,0.29388934,0.27731138,0.26109394,0.24678715,0.23587348,0.22960733,0.2288083,0.23367062,0.24369362,0.2577805,0.27444443,0.29202428,0.30886075,0.3234352,0.33448827,0.3411288,0.34293127,0.34001487,0.3330892,0.323445,0.31285432,0.3033349,0.2967542,0.29434207,0.2963179,0.30186403,0.3094763,0.31748214,0.32448196,0.32960254,0.33257115,0.333656,0.33351344,0.3329775,0.3328346,0.33363825,0.33561814,0.33870783,0.3426647,0.34721884,0.35218284,0.35747972,0.36308587,0.36891913,0.37472442,0.38000885,0.3840576,0.38602963,0.38510457,0.38064286,0.3723256,0.36025143,0.3449789,0.32750678,0.30918625,0.29155704,0.27610922,0.26400214,0.25582772,0.2515352,0.2505769,0.25219807,0.2557103,0.2606268,0.26663816,0.2734877,0.28083283,0.28816667,0.29483497,0.30013752,0.3034762,0.3045042,0.30323943,0.30011636,0.29595438,0.2918272,0.28883404,0.28781232,0.28908473,0.29235187,0.2967835,0.30125794,0.3046401,0.30600706,0.3047841,0.30079657,0.29425925,0.28572607,0.2760198,0.26615477,0.257257,0.25047624,0.24687286,0.24727009,0.25209072,0.26123542,0.27406204,0.28947726,0.3060985,0.3224348,0.33705762,0.3487559,0.356679,0.3604686,0.36037236,0.35732,0.35292065,0.34931272,0.34879243,0.35322168,0.3634023,0.3787446,0.39742246,0.4168802,0.4343954,0.44750786,0.4542846,0.45346704,0.44454944,0.42782256,0.40439987,0.3762336,0.346105,0.31751856,0.29432282,0.2798208,0.27546462,0.28001773,0.2900861,0.30155954,0.3108031,0.31517494,0.3131073,0.3040339,0.28830492,0.26714042,0.24263842,0.21782157,0.19658536,0.18311621,0.18026276,0.1876711,0.20192985,0.2186266,0.23397611,0.24528149
144,0.20503567,0.19652614,0.1857452,0.17591658,0.17124604,0.17564301,0.19062798,0.21452005,0.24378416,0.27467972,0.30401814,0.32931623,0.34878066,0.36129078,0.36641023,0.36441773,0.35634264,0.343981,0.32984486,0.3169514,0.30832654,0.30620152,0.31120908,0.32213637,0.3364481,0.35116962,0.36361644,0.37180138,0.37460172,0.37180227,0.36407715,0.35292056,0.34049517,0.32933265,0.32183054,0.31960055,0.32293424,0.33072236,0.34089065,0.35105768,0.35908163,0.36337078,0.36299592,0.35768294,0.3477428,0.33397126,0.31753623,0.2998639,0.282529,0.26714575,0.25524327,0.24810304,0.24655935,0.25082034,0.26040286,0.27422544,0.29080552,0.30847177,0.3255421,0.34046608,0.35194683,0.3590517,0.36131063,0.35879433,0.35215887,0.34263524,0.33193296,0.3220181,0.31474587,0.31140482,0.31234977,0.31693497,0.32380304,0.3313629,0.33822757,0.3434855,0.3467949,0.34833956,0.34868872,0.34859896,0.34880218,0.34983107,0.3519307,0.3550766,0.3590761,0.36369714,0.3687629,0.37417516,0.37986225,0.385681,0.39131987,0.39624995,0.39975002,0.40100327,0.39923927,0.3938866,0.3847046,0.3718736,0.35603082,0.33824354,0.3199122,0.30259544,0.28776208,0.2765099,0.26934525,0.266137,0.26628396,0.26900336,0.27358398,0.27949867,0.2863705,0.29385465,0.3015189,0.30878642,0.31496796,0.31936908,0.32143667,0.32090405,0.3179,0.3129957,0.30716532,0.30164012,0.29765296,0.29611748,0.29734942,0.30096054,0.30598098,0.3111419,0.31518707,0.31711316,0.3163057,0.3125831,0.30617553,0.29766482,0.2879059,0.27794456,0.26893678,0.26206395,0.25842607,0.25889856,0.2639652,0.27358305,0.28714365,0.30355245,0.32139018,0.33910146,0.35517663,0.368317,0.3775851,0.38254136,0.3833599,0.3809066,0.37673992,0.37297276,0.37192482,0.37555733,0.3848472,0.39940596,0.41756108,0.4368176,0.4544247,0.46783602,0.4750072,0.47456506,0.46589777,0.44920132,0.42550358,0.3966738,0.36540705,0.33512595,0.3096488,0.29240257,0.28519243,0.28724593,0.29548544,0.30585423,0.31459588,0.31889796,0.3170437,0.308362,0.29314408,0.27259028,0.2488058,0.22481968,0.20447677,0.1917934,0.18938221,0.19680238,0.21077053,0.22703785,0.24190012,0.25267202
145,0.21481597,0.20542483,0.19402981,0.18408418,0.17999189,0.18565747,0.20234227,0.22805122,0.25904498,0.29147723,0.32210252,0.34840882,0.368599,0.38157588,0.3869553,0.3850967,0.37713373,0.36497724,0.35123804,0.33897465,0.33115745,0.32986838,0.3355667,0.34692514,0.36137405,0.3759517,0.38800317,0.39558005,0.3976147,0.3939713,0.3854309,0.37361738,0.36082762,0.34969905,0.34266376,0.34127006,0.34566462,0.35456595,0.36574998,0.37672788,0.38529095,0.3898135,0.3893602,0.38367507,0.37310874,0.35851458,0.3411312,0.32246187,0.30415556,0.2878869,0.27522123,0.2674486,0.26539257,0.2692483,0.2785311,0.29216886,0.3086902,0.32642835,0.34369633,0.35893038,0.37081403,0.37839082,0.38116318,0.37916994,0.3730277,0.36391664,0.3534816,0.3436165,0.33611834,0.33226568,0.33247554,0.33622298,0.34228283,0.3491611,0.35551342,0.3604215,0.3635032,0.3648848,0.3650763,0.36478773,0.3647295,0.3654455,0.36722264,0.37009633,0.37393266,0.3785378,0.38373986,0.38940793,0.39540625,0.40151033,0.40732923,0.41227427,0.4155962,0.41648528,0.4142096,0.40825978,0.39847142,0.385106,0.36887765,0.35091683,0.33266303,0.31568015,0.30140424,0.2908708,0.28451797,0.28216803,0.28320542,0.28685212,0.2923933,0.29926705,0.30702323,0.31521568,0.32330456,0.3306241,0.33643293,0.34003055,0.34090522,0.33887562,0.33419487,0.32759053,0.32021302,0.3134681,0.30872682,0.30696476,0.30845872,0.31269175,0.31851962,0.32450473,0.3292618,0.33170918,0.33120075,0.3275588,0.32104066,0.31226763,0.3021379,0.29173946,0.2822698,0.2749564,0.27095798,0.27122518,0.27632684,0.2862942,0.30055848,0.3180164,0.33719265,0.3564407,0.3741389,0.38886753,0.39956793,0.40568447,0.40728512,0.4051444,0.40075535,0.39621288,0.39389902,0.3959461,0.40359777,0.41675374,0.43395308,0.45278168,0.47044918,0.48429343,0.4921222,0.49241117,0.4844083,0.46818474,0.4446567,0.41558918,0.38357487,0.35194162,0.32446194,0.30466077,0.29467213,0.29420376,0.30055872,0.30980194,0.31809306,0.32245728,0.32102036,0.3129905,0.298579,0.27893996,0.2561487,0.23318663,0.21377891,0.20171903,0.19940612,0.20641068,0.21967657,0.23517318,0.24929456,0.25936496
146,0.224062,0.21366084,0.20159447,0.19154769,0.18810284,0.1951101,0.21352004,0.24100274,0.27362084,0.30743948,0.33917627,0.36631027,0.38705942,0.400367,0.40591604,0.40415847,0.39633948,0.38448536,0.37129667,0.35985333,0.3530416,0.35276434,0.35928297,0.3711397,0.38572568,0.4000999,0.41165394,0.4184992,0.41964278,0.4150441,0.4056015,0.3930719,0.3798823,0.3687639,0.3621662,0.36155784,0.36693206,0.37683636,0.38890553,0.4005558,0.40952528,0.41416824,0.4135556,0.40745986,0.39627874,0.38092723,0.36271518,0.34321928,0.32415515,0.30724582,0.294077,0.28592798,0.2835908,0.2872288,0.29634267,0.30986604,0.32634413,0.34412676,0.36153746,0.3770159,0.3892434,0.39725715,0.40054983,0.3991453,0.393636,0.3851619,0.3753059,0.36587784,0.35858414,0.35463846,0.3544519,0.35755986,0.362835,0.36887723,0.37440425,0.3785219,0.38084224,0.38146988,0.38089138,0.37980554,0.3789344,0.37886098,0.37993404,0.38226008,0.38576716,0.3902972,0.39567652,0.40173203,0.4082518,0.41491556,0.42123613,0.4265471,0.43005326,0.4309358,0.42848805,0.42225263,0.41213384,0.39846814,0.38203993,0.36403453,0.34592035,0.3292571,0.31544426,0.30546317,0.29970586,0.2979785,0.2996816,0.30406433,0.31042096,0.3181595,0.32675558,0.33565697,0.3442093,0.35164908,0.3571738,0.3600698,0.3598628,0.35645798,0.35023916,0.3421003,0.33337894,0.32566103,0.32044992,0.31876153,0.3208002,0.32588583,0.3326764,0.339557,0.34501633,0.34790426,0.34755492,0.34380645,0.33695436,0.3276688,0.3168993,0.30578336,0.29556778,0.28753608,0.28291926,0.2827604,0.28773043,0.2979466,0.3128808,0.3314099,0.3519825,0.37283573,0.3922088,0.40853396,0.42060465,0.42772415,0.4298324,0.4275975,0.42244405,0.41646504,0.4121466,0.41186,0.41720027,0.42843476,0.44436517,0.4626699,0.4804983,0.49503523,0.50389946,0.50537735,0.49854344,0.48331594,0.46047613,0.43166617,0.399363,0.36679065,0.3376656,0.31559023,0.303001,0.30008584,0.3045755,0.31271946,0.32063562,0.3252014,0.32438153,0.31724933,0.30391482,0.28545576,0.26387647,0.24205734,0.22354868,0.21189913,0.20933777,0.21552968,0.22771576,0.242125,0.2552689,0.26448613
147,0.23185876,0.22037894,0.20761164,0.19746248,0.19466819,0.2029881,0.22303517,0.25214285,0.28618982,0.3211726,0.35379314,0.38154182,0.4026695,0.41617444,0.42181715,0.42014727,0.41252038,0.40106907,0.38856566,0.37808576,0.3724048,0.37322685,0.38060638,0.3929536,0.40762436,0.42170858,0.4326598,0.43866593,0.43882334,0.43319592,0.4228019,0.40952656,0.39591533,0.38477653,0.37855983,0.37864277,0.3848642,0.3956097,0.40838823,0.42053905,0.42976537,0.43441787,0.43358737,0.42708454,0.41535896,0.39938712,0.38054445,0.36047062,0.34093264,0.32368338,0.31030855,0.3020573,0.29967344,0.30327642,0.31234545,0.32581884,0.3422632,0.36005428,0.37753865,0.3931738,0.40565476,0.41402924,0.41779736,0.41698503,0.41217563,0.40448046,0.39542475,0.38672787,0.3799832,0.37629867,0.37602434,0.37869972,0.38325515,0.3883695,0.39283133,0.39579558,0.39690226,0.39627096,0.39440194,0.39201736,0.3898807,0.38863638,0.38870874,0.3902807,0.3933414,0.3977638,0.40336597,0.40992564,0.41714695,0.42460513,0.4317065,0.43769503,0.4417162,0.44292825,0.44063646,0.43442315,0.42425045,0.41051957,0.39407536,0.3761481,0.3582262,0.34185943,0.32841232,0.31882346,0.313459,0.31213275,0.31428164,0.31919643,0.3261897,0.3346449,0.3439678,0.35350347,0.3624852,0.37005213,0.37533942,0.3776175,0.3764474,0.37181997,0.3642507,0.35480243,0.34500083,0.33660743,0.331242,0.32993227,0.3327753,0.33889997,0.346754,0.3545484,0.36065868,0.3638818,0.36354694,0.35952035,0.3521451,0.34214714,0.33053204,0.31849068,0.30732304,0.29837444,0.29295698,0.29221743,0.29693955,0.307331,0.32289863,0.34248382,0.36443773,0.3868586,0.40782592,0.42560568,0.4388282,0.44664344,0.44885468,0.44602144,0.4395074,0.4314262,0.4244105,0.4211352,0.423626,0.4325908,0.44713336,0.4650184,0.48329496,0.49894288,0.50934356,0.5125554,0.50745076,0.49377382,0.47215554,0.44410488,0.41197714,0.3788905,0.34850273,0.32448044,0.30953714,0.30432877,0.30704048,0.314156,0.32179058,0.32669097,0.32666102,0.32062835,0.30858222,0.291496,0.27126515,0.250625,0.23291598,0.22144337,0.2183138,0.22334619,0.2341214,0.24715845,0.2591072,0.2673315
148,0.23759606,0.22501484,0.2115256,0.20123184,0.19900076,0.20848413,0.22995839,0.26043668,0.2956342,0.33149937,0.3647387,0.39287224,0.41419855,0.4277811,0.43346235,0.43188775,0.42451406,0.41356272,0.4018532,0.39242908,0.38793212,0.38985848,0.39806008,0.41082543,0.42548656,0.43917668,0.44942454,0.4545067,0.45361683,0.44692487,0.4355631,0.42153218,0.40747795,0.39626643,0.39033315,0.3909607,0.39784196,0.4092179,0.4224932,0.43495217,0.44428355,0.44885176,0.44778052,0.44092596,0.428791,0.4124087,0.3932091,0.37287837,0.35321423,0.33597645,0.32272848,0.3146706,0.3124857,0.3162421,0.3253948,0.33888736,0.3553113,0.37307477,0.3905566,0.40624404,0.4188596,0.42747742,0.431622,0.4313381,0.42721534,0.42034835,0.4122106,0.40442833,0.3984674,0.3953011,0.39517725,0.39759368,0.4015009,0.40563744,0.40886393,0.41040218,0.40994814,0.40766945,0.40411332,0.40005556,0.39632517,0.39364398,0.39251915,0.39321008,0.39576226,0.40007332,0.40594745,0.4131089,0.421175,0.4296137,0.43772122,0.44464582,0.44946533,0.45130438,0.44946784,0.44356498,0.433603,0.42003554,0.40375635,0.38603035,0.36835796,0.3522756,0.33911616,0.32978603,0.32464075,0.32351702,0.3259005,0.33113247,0.33855125,0.3475241,0.35739627,0.36742064,0.37672812,0.38436845,0.38941935,0.39113736,0.3891185,0.38343763,0.37473983,0.36425316,0.35368457,0.34495687,0.33978057,0.33915934,0.34304708,0.35035935,0.35933164,0.36801475,0.374692,0.37812802,0.37766412,0.37320703,0.36515537,0.35429534,0.34169072,0.32858652,0.3163371,0.30635256,0.30003104,0.29862943,0.30304754,0.31357893,0.32975045,0.3503457,0.37359515,0.3974395,0.41978595,0.4387278,0.4527304,0.46079227,0.4625862,0.4585739,0.45007664,0.4392582,0.42894387,0.42217803,0.42149612,0.4281125,0.44145066,0.45932025,0.47859412,0.49597064,0.5085367,0.5140876,0.51127577,0.49966437,0.47973362,0.45286325,0.42129424,0.38804883,0.35673386,0.33107668,0.31404686,0.30674702,0.307822,0.31401876,0.32147765,0.3268288,0.3277168,0.3229167,0.3122826,0.29666173,0.27781254,0.25829658,0.24122977,0.22969162,0.22570889,0.22929004,0.23837635,0.24979632,0.2603577,0.26746333
149,0.24101567,0.22734244,0.21310282,0.20256367,0.20070244,0.21107171,0.23364274,0.26514098,0.3011421,0.33756536,0.37113884,0.39942646,0.4207847,0.43434694,0.44003597,0.43858412,0.43153286,0.42116904,0.410331,0.4020033,0.39867797,0.4016444,0.4105674,0.42363307,0.43816614,0.45135632,0.4608181,0.46492347,0.46296412,0.45520955,0.44289196,0.42810658,0.41357628,0.4022051,0.3964055,0.39737114,0.40466812,0.41641867,0.42994982,0.44251525,0.45180976,0.45622766,0.45493582,0.44783998,0.43549368,0.41897708,0.39975932,0.37955245,0.36016086,0.3433266,0.33056876,0.32302243,0.3213001,0.32541507,0.3347972,0.34839535,0.36482695,0.38253564,0.39993823,0.4155606,0.42816493,0.4368664,0.4412303,0.44133723,0.43779907,0.43170676,0.4244906,0.41768494,0.41262054,0.41011792,0.41029373,0.4125701,0.41588682,0.41902292,0.42090774,0.42084086,0.41859546,0.41441336,0.40891555,0.40295497,0.39744323,0.3931885,0.39078143,0.3905521,0.39259377,0.396821,0.40301922,0.41085854,0.41987172,0.42942303,0.438701,0.44675845,0.45260185,0.45531496,0.45419216,0.44885737,0.43934977,0.4261625,0.4102259,0.3928291,0.37547708,0.35969004,0.34677148,0.33760262,0.33253708,0.33144218,0.33385798,0.3391819,0.3467855,0.3560307,0.36621687,0.37652123,0.3859886,0.3935935,0.3983662,0.39955547,0.3967943,0.39024034,0.3806638,0.36945033,0.3584744,0.34979656,0.34518194,0.34556594,0.35072163,0.35933462,0.3694364,0.37894163,0.3860696,0.3895781,0.38883948,0.38381344,0.37496114,0.36313176,0.34944746,0.3352066,0.3218178,0.31075722,0.3035121,0.30145088,0.30558455,0.31627604,0.33304477,0.3545857,0.37898389,0.40400866,0.42739245,0.44706234,0.46133137,0.46906388,0.46982285,0.46399724,0.45289654,0.4387752,0.42470738,0.4141837,0.41033608,0.41494042,0.4277143,0.44640413,0.4675706,0.48752227,0.50299084,0.51148826,0.51145136,0.50227964,0.4843255,0.45886427,0.42804846,0.3948302,0.36278734,0.3357165,0.31682947,0.30764776,0.30725914,0.31267586,0.3200714,0.3259639,0.32783923,0.32431647,0.3151074,0.30092135,0.28336543,0.26481664,0.24817136,0.23631102,0.23121817,0.23310784,0.24028383,0.24989128,0.2589096,0.2647934
150,0.24223793,0.22750576,0.21247296,0.20152314,0.1997282,0.21057856,0.23380399,0.26589024,0.30229822,0.33893272,0.3725547,0.40078044,0.42202872,0.43550137,0.44119367,0.43990985,0.43325412,0.42355138,0.41362986,0.40639207,0.40417203,0.40806356,0.41756827,0.4307953,0.44508117,0.4576844,0.46631184,0.4694315,0.46642667,0.45765194,0.44441682,0.4288837,0.41382498,0.4021641,0.3962887,0.39732155,0.40473336,0.41656223,0.43008813,0.4425588,0.4516938,0.4559299,0.45448357,0.4473097,0.43500534,0.4186844,0.39983618,0.3801756,0.36148897,0.3454767,0.3335938,0.32689694,0.3259218,0.33062437,0.3404079,0.35422418,0.3707141,0.38835573,0.40560597,0.42103538,0.43345582,0.44203693,0.4464007,0.44668067,0.44352785,0.4380447,0.43162993,0.4257328,0.42154872,0.41973677,0.42026517,0.42245695,0.42521775,0.4273504,0.42784703,0.4260905,0.4219449,0.41574472,0.40820384,0.4002679,0.39294034,0.38711664,0.38346398,0.38237113,0.3839662,0.38817096,0.39474887,0.40331888,0.41333732,0.42407477,0.43462133,0.4439401,0.45096743,0.45474267,0.4545419,0.4499932,0.44115528,0.42854804,0.41312635,0.39619312,0.37925044,0.36379814,0.35111004,0.3420441,0.33695424,0.33573952,0.3379954,0.34317845,0.35070145,0.35993496,0.37015116,0.38047338,0.38988203,0.39729524,0.40171075,0.40237898,0.3989744,0.39173722,0.3815579,0.3699685,0.3589911,0.35079026,0.3471376,0.34884673,0.35547057,0.36545566,0.37664863,0.38686216,0.394287,0.39770305,0.39653447,0.39080665,0.38104936,0.3681766,0.3533681,0.33797437,0.32345825,0.31136376,0.30326876,0.30064988,0.3046138,0.31556103,0.33296072,0.3553794,0.3807314,0.40660822,0.43057686,0.45041814,0.46431997,0.47104448,0.47008067,0.4617849,0.4475016,0.42963445,0.41158527,0.39739484,0.39089525,0.3944532,0.4079632,0.42887995,0.45323077,0.47680297,0.49593347,0.5078687,0.51087445,0.50423896,0.48823947,0.46409646,0.43392104,0.40063894,0.36783665,0.3394021,0.31878418,0.30789155,0.3062159,0.31100535,0.31844798,0.32493952,0.32780293,0.3255011,0.317604,0.30468363,0.28819707,0.2703449,0.25382587,0.24135934,0.23491445,0.23491713,0.24002126,0.24768218,0.2550545,0.25965124
151,0.24176134,0.22602732,0.21015139,0.19857316,0.19644336,0.20725462,0.23059471,0.26277423,0.29916364,0.33566082,0.36906305,0.39704043,0.4180714,0.4314188,0.43713677,0.43608162,0.42989495,0.420911,0.41192114,0.4057286,0.40451005,0.40918347,0.41911796,0.43237394,0.446319,0.4582902,0.46608853,0.4682723,0.46430272,0.45459732,0.4405135,0.42424688,0.40858862,0.39646438,0.39024326,0.39100823,0.39817944,0.40975478,0.42300138,0.4351844,0.44406283,0.44812325,0.4466325,0.43958905,0.42762202,0.41186222,0.39379823,0.37512454,0.35758594,0.3428205,0.3322035,0.32670406,0.32677683,0.33231834,0.34270158,0.3568754,0.37349734,0.3910748,0.40810362,0.42320222,0.43524003,0.4434528,0.44753402,0.44768676,0.44461888,0.4394617,0.43359846,0.42840615,0.42495298,0.42373785,0.4245738,0.4266712,0.42888525,0.4300289,0.42915002,0.42571524,0.41968673,0.41150248,0.40197986,0.39216447,0.38315207,0.37591752,0.37118915,0.36939463,0.3706786,0.37495852,0.38197413,0.39130133,0.40233457,0.414268,0.42610902,0.43674245,0.4450406,0.44999844,0.450869,0.4472759,0.4392868,0.42743644,0.41269273,0.39636222,0.37993562,0.36488655,0.35245514,0.34347278,0.33829018,0.33683375,0.3387513,0.34355995,0.3507221,0.35963273,0.36955917,0.37959653,0.38868675,0.39571482,0.3996644,0.39980054,0.3958465,0.38812652,0.37764618,0.3660702,0.35554093,0.3482814,0.3460072,0.34934747,0.35759747,0.36896646,0.3811486,0.39189878,0.3994205,0.40254775,0.40077776,0.39421415,0.38346103,0.36949834,0.3535627,0.33705652,0.32149825,0.3085027,0.29973912,0.29678255,0.3008059,0.31219628,0.33031356,0.353549,0.37962508,0.40595937,0.4299753,0.44934073,0.46215853,0.46713412,0.4637332,0.45233712,0.4343942,0.41254646,0.39064565,0.37343723,0.3655781,0.36997402,0.38638467,0.4115531,0.44068027,0.46893772,0.49230528,0.5078542,0.51377773,0.50934374,0.49483398,0.47148523,0.44143146,0.40763113,0.3737307,0.34374428,0.32136187,0.30884546,0.30603138,0.31034127,0.3179289,0.32503858,0.32881907,0.3275781,0.32075197,0.3087874,0.2930089,0.27546576,0.25869635,0.24530159,0.23726708,0.23522773,0.23816451,0.24382222,0.24952,0.25282574
152,0.24041732,0.2237728,0.20702161,0.1945824,0.19165792,0.20182468,0.22466518,0.25640175,0.29233924,0.328368,0.3613158,0.38889903,0.40964627,0.422868,0.42865908,0.42790502,0.42225826,0.4140353,0.40596822,0.40075138,0.40041313,0.40572283,0.41595137,0.42913952,0.442703,0.45406303,0.46111104,0.46248373,0.45770037,0.4472132,0.4323921,0.4154272,0.39909416,0.38630375,0.37941903,0.37952638,0.38605458,0.39701587,0.4097026,0.42141864,0.4299714,0.4338977,0.43250868,0.42583504,0.4145221,0.39969817,0.38282964,0.36556885,0.34959942,0.33648133,0.32750028,0.3235329,0.32495087,0.3315882,0.34278125,0.357466,0.37430638,0.3918309,0.40857002,0.42319098,0.4346259,0.44218588,0.44564795,0.44529966,0.4419226,0.43669608,0.43100798,0.42618322,0.42318025,0.42234954,0.42335287,0.42528367,0.42693716,0.42712587,0.42494556,0.41994354,0.41218114,0.4022032,0.39093316,0.3795151,0.36912808,0.36080825,0.3553189,0.35309765,0.3542809,0.3587683,0.36627698,0.3763538,0.38835388,0.40142,0.41449955,0.42641637,0.43598902,0.44217202,0.4441935,0.44166675,0.43465936,0.42371082,0.40979144,0.39420107,0.37840983,0.36385688,0.35174093,0.3428593,0.33755094,0.3357614,0.33718485,0.3413985,0.34792185,0.35619083,0.365492,0.37492055,0.3834091,0.389836,0.39319277,0.39277533,0.3883659,0.38037613,0.3699216,0.35878196,0.349183,0.3433453,0.34285107,0.34807712,0.358033,0.37070924,0.38369524,0.3947409,0.40210712,0.40471414,0.40215322,0.3946176,0.38279086,0.3677202,0.3506992,0.33318347,0.316751,0.30309176,0.29396468,0.2910236,0.2954595,0.30757406,0.32654592,0.35054567,0.3770937,0.40345123,0.4269325,0.44513622,0.45613062,0.45862117,0.4521159,0.43709984,0.41522682,0.38951772,0.36447138,0.34576786,0.3389908,0.3472894,0.36961058,0.4013814,0.43676156,0.4703883,0.4980638,0.5168565,0.5250259,0.52192885,0.507941,0.48439303,0.4535124,0.41835642,0.38269156,0.35070252,0.32633328,0.3121659,0.3083065,0.31225985,0.32006863,0.32777768,0.33234212,0.33191463,0.32581082,0.31437388,0.2988255,0.28110358,0.26363567,0.24895567,0.23909858,0.2349063,0.2356579,0.23935376,0.24345069,0.24555339
153,0.23925605,0.22184251,0.20424259,0.19076283,0.1866037,0.19549844,0.21719098,0.24793355,0.28299806,0.31826028,0.35056266,0.37765178,0.39808983,0.41121656,0.4171465,0.41677082,0.41172788,0.4042933,0.39712423,0.39280424,0.39323032,0.39905512,0.40948683,0.42257345,0.435792,0.4466485,0.45311576,0.45389196,0.44853005,0.43748552,0.42210257,0.40452406,0.38747233,0.37382314,0.36594632,0.36498195,0.37043926,0.38041106,0.39225855,0.40334433,0.41152704,0.41538632,0.41426384,0.40820506,0.39785126,0.3843072,0.36899653,0.3535112,0.33945972,0.32831556,0.32127166,0.31911278,0.3221278,0.33008477,0.34227467,0.35760868,0.3747443,0.39222124,0.4085988,0.4225912,0.43319535,0.43980256,0.44228098,0.44101286,0.43686745,0.43109012,0.42509654,0.4201864,0.41723585,0.41647032,0.4174156,0.4190535,0.42011657,0.41940963,0.41606864,0.4097155,0.4005066,0.3890902,0.37649068,0.3639396,0.35267943,0.343777,0.33799163,0.3357309,0.33709195,0.34194255,0.34998262,0.3607522,0.3735987,0.38764685,0.40181386,0.41488516,0.42564017,0.43300012,0.4361695,0.43474758,0.42879552,0.41884872,0.40587023,0.3911429,0.37610605,0.3621541,0.3504343,0.34169948,0.33626613,0.33408862,0.33489937,0.3383327,0.3439703,0.35130358,0.35966134,0.36816776,0.3757765,0.38138813,0.3840266,0.38303792,0.37827593,0.37024444,0.3601623,0.34989944,0.34171456,0.3377477,0.33935925,0.3466125,0.3582247,0.3720096,0.38551334,0.39653808,0.40344548,0.40527138,0.40171885,0.39308056,0.3801238,0.36396453,0.345955,0.3276075,0.31056517,0.29659703,0.28754345,0.28510144,0.29040945,0.30359465,0.3235825,0.34829274,0.37505275,0.40100014,0.42338383,0.4397831,0.44828787,0.44766954,0.43755957,0.41865382,0.39296198,0.3641054,0.33753443,0.3201411,0.31830266,0.33453834,0.3659042,0.40607294,0.44834828,0.48718747,0.5184998,0.53953785,0.5487491,0.5456663,0.5308301,0.5057297,0.47274944,0.43510926,0.39675677,0.36209732,0.3353495,0.31938732,0.31450692,0.3181899,0.3262725,0.33453837,0.33972067,0.33981404,0.33402696,0.3226255,0.30676597,0.28832382,0.2696741,0.2533419,0.24145082,0.23505288,0.23369592,0.23559196,0.23829232,0.23940462
154,0.23934862,0.2213676,0.20304605,0.18848611,0.18279436,0.18988247,0.20982112,0.23904654,0.2728522,0.30709374,0.338606,0.3651425,0.38527706,0.3983573,0.40449598,0.40456823,0.4001779,0.39354333,0.38723877,0.3837432,0.38484448,0.39111215,0.40172482,0.41476,0.42776376,0.43832216,0.44447592,0.44496498,0.43935078,0.42806166,0.41238034,0.39436236,0.37663752,0.36201984,0.3528891,0.35048366,0.35446852,0.3630932,0.37383926,0.38414928,0.39193186,0.39579484,0.39508945,0.3898523,0.38069725,0.3686839,0.35517508,0.34169003,0.32975623,0.3207617,0.3158127,0.31560907,0.32036078,0.32976744,0.3430658,0.35912973,0.37659785,0.39401084,0.40994996,0.4231723,0.43273747,0.43811613,0.43926802,0.43667266,0.43129364,0.42445573,0.41762456,0.41210568,0.40872943,0.407632,0.4082309,0.4094127,0.40985206,0.4083434,0.40405592,0.396678,0.38645273,0.37412214,0.36079773,0.3477768,0.33633187,0.32751495,0.32202843,0.32020047,0.322055,0.32741758,0.3359844,0.34731987,0.36080366,0.37558338,0.3905809,0.4045701,0.41630915,0.42469606,0.4289151,0.4285506,0.42365232,0.41474462,0.40277413,0.3889967,0.37481,0.36155292,0.3503109,0.34178236,0.3362519,0.33367315,0.33380798,0.33634213,0.34091973,0.34709656,0.35426164,0.3615933,0.3680953,0.37271926,0.37454745,0.37299672,0.3680061,0.36017522,0.35081416,0.34184703,0.3354979,0.3337345,0.3376114,0.3468432,0.3598829,0.37443313,0.3880654,0.39868784,0.40479875,0.40557173,0.40083462,0.39098617,0.37688076,0.35970524,0.34087318,0.3219583,0.30467373,0.29086593,0.2824343,0.2810613,0.28774258,0.30234155,0.32348135,0.34883198,0.37556088,0.40072644,0.42155915,0.4356691,0.44122586,0.43714005,0.42326647,0.40065596,0.3718924,0.34151953,0.3163165,0.30446434,0.3122615,0.3400278,0.3821532,0.43093434,0.4794697,0.52246386,0.5561411,0.5780321,0.5868213,0.58225346,0.5650706,0.5369618,0.5005164,0.45917085,0.41711053,0.3790123,0.34939694,0.33141327,0.32547656,0.32894146,0.3373394,0.3461246,0.3517734,0.3521135,0.3462563,0.33441573,0.31772155,0.29803795,0.2777491,0.25943375,0.2453498,0.23677148,0.23349059,0.23388185,0.23553509,0.23601197
155,0.24152556,0.22322729,0.2044274,0.18895543,0.18170977,0.18671449,0.20446722,0.23175742,0.26399025,0.29701266,0.32763267,0.35358566,0.37343338,0.3865101,0.39290795,0.39346957,0.3897513,0.3839065,0.3784275,0.37570137,0.37743142,0.38413468,0.39498717,0.40811065,0.42112118,0.43167523,0.43786535,0.43845373,0.43298906,0.42184907,0.40622902,0.38806713,0.3698669,0.3543485,0.34388596,0.33983502,0.34207413,0.3490826,0.35851976,0.36793485,0.37528548,0.37919006,0.37898418,0.37466878,0.36680582,0.35639036,0.34471244,0.33321512,0.32335067,0.31643516,0.3135051,0.31519085,0.32163218,0.33246008,0.34684986,0.36362705,0.3814002,0.39870167,0.41412723,0.42647073,0.43484798,0.4388019,0.4383758,0.43413907,0.42714545,0.41880256,0.4106412,0.4040023,0.3997123,0.39786413,0.39780816,0.3983642,0.39816374,0.39599362,0.3910517,0.38308346,0.37240604,0.35983822,0.34655422,0.33388147,0.323073,0.3151053,0.3105621,0.309643,0.3122738,0.3182395,0.32725635,0.3389503,0.3527762,0.367946,0.38342232,0.39799505,0.41042045,0.4195849,0.42465818,0.42521012,0.4212763,0.41336396,0.4023953,0.38958955,0.37629282,0.36377937,0.35306555,0.34479043,0.33920237,0.33624902,0.33571482,0.33732882,0.3407916,0.3457231,0.3515805,0.35761264,0.36289573,0.36645716,0.36746103,0.3654139,0.36035106,0.3529658,0.3446368,0.337291,0.3330376,0.33358392,0.33962473,0.35053825,0.36457887,0.37941736,0.39271352,0.4025216,0.4074992,0.40696967,0.4008917,0.38977334,0.37455782,0.3565049,0.33709222,0.31795773,0.30088332,0.28777742,0.28055438,0.2808032,0.28928548,0.3055412,0.32788917,0.35378942,0.38030076,0.40444994,0.42349225,0.4351142,0.4376224,0.430147,0.4128859,0.3874294,0.35721394,0.32806146,0.30825752,0.30656993,0.32742718,0.36781088,0.42003867,0.47607043,0.5293687,0.5750624,0.60970914,0.6310968,0.63812727,0.6307507,0.60991746,0.5775365,0.5364331,0.4903005,0.44360882,0.40135255,0.36838683,0.34813327,0.34107736,0.34436288,0.35312927,0.3624358,0.36846396,0.36885956,0.36264074,0.3499885,0.3320394,0.31069368,0.28840274,0.26786044,0.25150874,0.24086477,0.23594746,0.23524572,0.23632477,0.23664136
156,0.24613091,0.22777559,0.20882393,0.1928128,0.18433708,0.1873898,0.20286548,0.22802758,0.25851008,0.29019514,0.31986228,0.34521192,0.3647751,0.37785667,0.3845158,0.3855547,0.38247907,0.3773801,0.37267798,0.370685,0.37304294,0.38023955,0.3914644,0.40488803,0.41818973,0.42908257,0.43569446,0.43679413,0.43190393,0.42134047,0.40620244,0.3883003,0.36999434,0.35388365,0.34230348,0.33670592,0.33719397,0.34251875,0.3505655,0.35901982,0.36589375,0.36980298,0.3700453,0.3665628,0.35984653,0.35081592,0.34068736,0.3308383,0.32266653,0.31744352,0.31616446,0.31941283,0.3272706,0.33930203,0.35461488,0.37197703,0.38995785,0.40707344,0.4219272,0.43334225,0.4404815,0.4429481,0.440854,0.43484166,0.42603895,0.41592616,0.40610126,0.39796034,0.39236403,0.38941276,0.38844082,0.38824233,0.38743094,0.38479614,0.3795626,0.37152216,0.36104766,0.3490071,0.33659858,0.32512692,0.3157617,0.3093379,0.30626833,0.3065977,0.31015527,0.31670684,0.32601878,0.33781126,0.3516464,0.36683112,0.38239643,0.3971715,0.4099283,0.4195538,0.42521012,0.42645538,0.4233095,0.41625836,0.4061931,0.39428878,0.38183287,0.37003058,0.35982892,0.3518106,0.34619218,0.34291738,0.34179005,0.3425743,0.34501603,0.34878895,0.35341343,0.3582111,0.36234,0.36491755,0.36520448,0.36280817,0.35786226,0.35114023,0.34405327,0.33846942,0.33630764,0.33895946,0.34676248,0.35882232,0.37328362,0.38785875,0.40033987,0.40894732,0.4125045,0.41048524,0.402978,0.39059916,0.37438053,0.35565495,0.33596393,0.3170057,0.3006165,0.28873107,0.28321382,0.28547835,0.29599175,0.31396902,0.33747602,0.36382967,0.39003682,0.41313416,0.43043688,0.4397472,0.4395633,0.42931807,0.40968126,0.38297525,0.35373378,0.3291883,0.31861874,0.32978097,0.36389056,0.415221,0.47540256,0.5367631,0.59324974,0.6403423,0.6748373,0.69470674,0.6990233,0.68791616,0.66253436,0.62500966,0.57841724,0.5267308,0.4747364,0.42778212,0.39108932,0.3683651,0.3601438,0.36330342,0.372525,0.3824174,0.38883108,0.38921222,0.3824834,0.36880422,0.3493426,0.32607222,0.30156004,0.278669,0.2600728,0.24755706,0.24135889,0.24003793,0.24107209,0.24175161
157,0.25289974,0.23470667,0.21594203,0.1998822,0.19077954,0.19243932,0.20599328,0.22917895,0.25795427,0.2883075,0.31701607,0.34174785,0.36099795,0.37403673,0.38088867,0.38231868,0.37979007,0.37534532,0.37135,0.37006125,0.37307733,0.3808688,0.39264122,0.40660623,0.42049196,0.4320512,0.43943235,0.44140065,0.43744895,0.42783695,0.41357732,0.3963659,0.37842786,0.36223277,0.35004276,0.3433525,0.34244147,0.34631494,0.3530947,0.36062127,0.36697078,0.37075424,0.37122265,0.36824977,0.3622519,0.354078,0.344887,0.33601767,0.32884842,0.32464397,0.32439217,0.32865402,0.33746576,0.35032594,0.36626956,0.38399962,0.40203965,0.41888437,0.43313983,0.44365215,0.44962227,0.45070013,0.4470484,0.43936035,0.42881373,0.41693887,0.40538692,0.3956114,0.38853112,0.3842973,0.3822805,0.38129726,0.37997746,0.37712997,0.37200657,0.36443156,0.35480592,0.34400606,0.33319908,0.3236028,0.31623966,0.3117575,0.3103843,0.31202865,0.31645998,0.32346126,0.3328741,0.34452572,0.3580928,0.37298447,0.38831007,0.40295035,0.41570553,0.42547402,0.4314182,0.43308884,0.43049133,0.42408836,0.41473642,0.40356258,0.39179415,0.3805701,0.3707763,0.36295155,0.3572938,0.35375232,0.35215262,0.35228807,0.35393676,0.35680926,0.36047205,0.36430657,0.36754537,0.36939323,0.3692068,0.36669052,0.36206388,0.35615355,0.3503585,0.34643212,0.34605947,0.35031733,0.3592469,0.37177688,0.3860282,0.39980674,0.41105628,0.41816306,0.42010838,0.41650733,0.40757033,0.39401653,0.37696245,0.35781017,0.3381583,0.31975037,0.30444628,0.2941544,0.29062065,0.29502723,0.30754337,0.32711667,0.3516442,0.378373,0.40430683,0.42652422,0.4424268,0.4499641,0.447872,0.43595597,0.41545758,0.389546,0.3638788,0.34671924,0.34717727,0.37073448,0.4157544,0.47528312,0.5411278,0.6061037,0.6645143,0.71204966,0.7456413,0.7633753,0.7644474,0.7491343,0.71876365,0.6756787,0.6232011,0.5655888,0.50795597,0.45602405,0.41540635,0.39011803,0.38074479,0.38387242,0.39368048,0.40428713,0.41118377,0.4116016,0.40436265,0.38960993,0.36855716,0.3432757,0.31648222,0.29124913,0.27052072,0.2563757,0.24926592,0.24778648,0.24927309,0.2507942
158,0.26101935,0.24313007,0.22483401,0.20921311,0.20019647,0.20129286,0.21366076,0.23538436,0.2627623,0.29195228,0.31977597,0.343893,0.3627753,0.37566844,0.3825733,0.38423228,0.3820854,0.37814876,0.37475643,0.3741303,0.37783697,0.38633,0.39881998,0.41354093,0.42824882,0.44071805,0.44910565,0.45217,0.44938096,0.4409578,0.42785317,0.41167998,0.39455807,0.378841,0.36669797,0.35960513,0.35793293,0.36086488,0.36671692,0.37347305,0.3792773,0.38274357,0.38308448,0.38011682,0.37419888,0.36613393,0.35705632,0.34830505,0.3412805,0.33727914,0.33731216,0.3419373,0.35115305,0.36439216,0.38061315,0.39845052,0.41638017,0.43287477,0.4465421,0.45624852,0.46122622,0.4611608,0.45624894,0.4472127,0.43525302,0.42192152,0.40889624,0.3976719,0.3892275,0.3837885,0.38080138,0.37914863,0.37751123,0.3747358,0.37010068,0.36344343,0.35515672,0.34607425,0.3372726,0.32982644,0.32457647,0.32198527,0.32213533,0.3248594,0.32992396,0.3371641,0.34650517,0.35786986,0.37102866,0.38547376,0.40038162,0.4146819,0.427207,0.43687358,0.44285163,0.44469017,0.4423837,0.4363731,0.4274809,0.41678777,0.405466,0.39459878,0.38502663,0.3772642,0.3715097,0.36773244,0.36578673,0.36549315,0.3666511,0.36898953,0.37209812,0.37539357,0.37816015,0.37966964,0.37935534,0.37699738,0.37287354,0.36782783,0.36320645,0.36061707,0.36151308,0.36671028,0.37604758,0.38837314,0.40184963,0.41440272,0.42412663,0.429559,0.429821,0.42465222,0.41437155,0.39979044,0.38210133,0.36276594,0.34342504,0.32584175,0.3118586,0.30330318,0.3017541,0.30815214,0.32241797,0.34332106,0.3686778,0.39572802,0.4215102,0.44316807,0.45820832,0.4647484,0.46178827,0.4495369,0.4298281,0.40662664,0.38642865,0.3777827,0.3886546,0.42221484,0.4751673,0.54033244,0.6099283,0.67714876,0.73650837,0.7838002,0.81601745,0.8313079,0.8289508,0.80933803,0.77394754,0.72531,0.66697294,0.6034627,0.540212,0.48331663,0.4387965,0.41099945,0.4005803,0.40382725,0.414396,0.4258923,0.43343464,0.43403164,0.42640176,0.41067213,0.3881076,0.36088836,0.3318984,0.30444288,0.28176203,0.26624596,0.25856087,0.25731188,0.25965104,0.262383
159,0.26933542,0.25180465,0.23416422,0.21937768,0.21110253,0.21250288,0.22458345,0.24558884,0.27209058,0.30043712,0.32753676,0.3510763,0.36953127,0.38214463,0.3889157,0.39058807,0.38860473,0.38498288,0.38205078,0.38201392,0.38641346,0.39567786,0.40900227,0.4246175,0.44028348,0.45377907,0.46326214,0.4674869,0.46591347,0.45874473,0.44690645,0.43196833,0.4159839,0.40121645,0.38973767,0.382956,0.3812439,0.3838631,0.3892456,0.39547753,0.40076065,0.40372097,0.40355277,0.40004298,0.39352477,0.384793,0.37499765,0.3655183,0.357814,0.3532429,0.35286003,0.35723123,0.36632124,0.3794975,0.39564258,0.41332495,0.4309775,0.44705606,0.4601745,0.4692205,0.4734548,0.4725908,0.46684623,0.45695367,0.44411367,0.42987084,0.41589943,0.40370694,0.39431372,0.38801712,0.3843548,0.38230065,0.38061088,0.37818247,0.37431577,0.36883903,0.36209893,0.3548404,0.34800744,0.34250984,0.33901942,0.33786356,0.33905286,0.342417,0.34777114,0.35502377,0.36417618,0.37521848,0.38797736,0.40199196,0.41647795,0.43039754,0.44260898,0.45204785,0.45789582,0.45970526,0.4574644,0.45159644,0.44289455,0.43239993,0.42124066,0.41046003,0.40087378,0.39299455,0.3870418,0.38302103,0.38082498,0.38030326,0.3812701,0.38345772,0.38645595,0.38968837,0.39245927,0.3940748,0.3940114,0.39209038,0.38861158,0.3844009,0.38072565,0.3790466,0.38062468,0.38609442,0.39518818,0.4067516,0.41903067,0.43007872,0.4381275,0.4418442,0.44046634,0.4338365,0.42236382,0.40693676,0.38881,0.3694896,0.35063803,0.33400804,0.32138523,0.31447724,0.3146788,0.32271898,0.33834463,0.3602368,0.38620505,0.4135305,0.4393153,0.46078596,0.4755653,0.48194438,0.47918367,0.46787128,0.45035303,0.43117645,0.41721863,0.41665536,0.43601784,0.47681713,0.5350541,0.6037469,0.67551774,0.74382985,0.8033202,0.8498258,0.8803596,0.8930972,0.88736975,0.86365163,0.8235377,0.769711,0.70590943,0.6368934,0.56838477,0.5068352,0.4586714,0.4285937,0.41734827,0.4209311,0.43246835,0.44505176,0.4534313,0.45439854,0.44657135,0.43006104,0.40618244,0.37722385,0.34623843,0.31677023,0.2923651,0.27573428,0.2677587,0.26703763,0.27051288,0.27470034
160,0.27660528,0.25941312,0.24251613,0.2288293,0.22179672,0.2242297,0.23685792,0.2579137,0.28413236,0.31203038,0.33862352,0.36165687,0.37963927,0.39183852,0.39827886,0.39973187,0.39767134,0.39414322,0.3914945,0.39193067,0.39697105,0.40700758,0.4211971,0.43774083,0.45438027,0.468885,0.47941038,0.48471346,0.48426163,0.47826707,0.46766198,0.45401043,0.43933603,0.42583784,0.41549167,0.4096036,0.40847602,0.41135764,0.4167147,0.4226829,0.42750204,0.42981613,0.42882332,0.42431226,0.4166274,0.40659308,0.39541107,0.38453317,0.37550202,0.36975437,0.36839893,0.3720142,0.38053358,0.39326283,0.40901494,0.42630196,0.44352496,0.459134,0.4717576,0.48030958,0.48407933,0.48280346,0.4767112,0.46653175,0.4534467,0.43897015,0.42474383,0.4122559,0.4025365,0.39593098,0.3920569,0.38998014,0.38853765,0.3866783,0.3837161,0.37945053,0.37415612,0.36846563,0.36318246,0.35907075,0.3566837,0.35628566,0.3578903,0.36138412,0.36666486,0.37372157,0.38261607,0.39337415,0.4058387,0.41955525,0.43374443,0.44737643,0.45932093,0.4685263,0.47418496,0.4758548,0.4735214,0.46759525,0.4588468,0.44828758,0.43701524,0.42605114,0.41620705,0.40801477,0.40173417,0.3974222,0.3950203,0.394412,0.39542452,0.39778373,0.4010615,0.4046621,0.40787762,0.41001204,0.4105465,0.4093044,0.40657115,0.40312606,0.4001471,0.39896706,0.4007086,0.4059038,0.4142576,0.424669,0.43549144,0.4449043,0.4512597,0.45333067,0.45044553,0.44252568,0.4300489,0.4139617,0.3955636,0.37638724,0.3580954,0.3424044,0.3310151,0.32549793,0.32707438,0.33631024,0.35285208,0.37536585,0.40171036,0.42924532,0.45516014,0.47677794,0.49184147,0.49880514,0.4971573,0.48779026,0.473409,0.4588609,0.45098484,0.45724344,0.4829018,0.5284776,0.58980966,0.6602629,0.7328259,0.8011758,0.8600369,0.9052689,0.933888,0.9440783,0.9351981,0.9077737,0.86347955,0.80510855,0.73654175,0.6627247,0.5896218,0.52400416,0.47269022,0.44074228,0.42901447,0.43321666,0.44595128,0.4598149,0.4692154,0.47074926,0.4629462,0.4459043,0.42098346,0.39057058,0.35787678,0.32667536,0.30081332,0.28332335,0.27530012,0.2753274,0.2801228,0.2859043
161,0.28171813,0.26478955,0.24863487,0.23617905,0.23070505,0.23468162,0.24849334,0.27023304,0.2966944,0.32451728,0.35082442,0.3734376,0.39092258,0.4025959,0.40853015,0.40954825,0.40717793,0.4035166,0.4009501,0.40169787,0.40726075,0.41798478,0.43296996,0.45036653,0.46788043,0.4832632,0.49466833,0.5008652,0.50134546,0.49635407,0.48685762,0.4744446,0.4611364,0.4490868,0.44017693,0.43558618,0.43549523,0.43907154,0.4447504,0.45067167,0.45509383,0.45668218,0.4546574,0.44883716,0.43960738,0.42785102,0.4148464,0.40213576,0.39135647,0.38402882,0.3813162,0.38381037,0.39141673,0.4033871,0.41847736,0.43515888,0.45181745,0.46691233,0.47909787,0.48732075,0.49090055,0.4895939,0.4836344,0.47373724,0.46105096,0.44704115,0.43329355,0.4212469,0.41190603,0.40562847,0.40208152,0.40040225,0.39949578,0.39835393,0.396295,0.39307967,0.38890356,0.38429135,0.3799289,0.37648016,0.37444258,0.3740851,0.37548262,0.3786176,0.3834886,0.39016435,0.39875153,0.40928495,0.42159045,0.43518472,0.4492612,0.46277225,0.47458082,0.48363692,0.48913813,0.49064595,0.4881441,0.4820338,0.4730691,0.4622414,0.45063126,0.43925455,0.42893693,0.42024693,0.4135,0.4088172,0.40619853,0.40556827,0.40676928,0.4095177,0.41335648,0.4176512,0.42165464,0.424636,0.4260454,0.4256724,0.4237568,0.4210112,0.4185234,0.41752365,0.4190472,0.42358792,0.43088147,0.43991774,0.4491713,0.45694262,0.4616875,0.46226174,0.45805946,0.44905576,0.43577367,0.4191968,0.400651,0.38167807,0.36392373,0.34905064,0.33866224,0.33419257,0.33671468,0.34667957,0.36369297,0.38645938,0.41292793,0.44056642,0.46667212,0.48867577,0.50443786,0.5125543,0.51268786,0.50593233,0.49517477,0.48529845,0.48282072,0.49440372,0.5243417,0.5726276,0.63521665,0.7058789,0.77795583,0.8453292,0.90281373,0.9462978,0.9728018,0.9805112,0.9687937,0.93819964,0.89044523,0.82838595,0.7559916,0.6783333,0.6015581,0.5327058,0.4789569,0.44573098,0.4339924,0.4391615,0.45332924,0.4686372,0.4792016,0.48146516,0.47389355,0.4565793,0.43092152,0.39939046,0.36533424,0.33273375,0.3057203,0.2876395,0.2797943,0.28074387,0.2869745,0.29441023
162,0.28385174,0.2670728,0.2515821,0.2403621,0.23658031,0.24238189,0.25777155,0.28062174,0.3077043,0.33573702,0.3619374,0.38421014,0.40119135,0.41226164,0.41755676,0.41796547,0.41508335,0.41107336,0.4083739,0.40922946,0.415128,0.42636693,0.4419793,0.4600518,0.4782454,0.49429017,0.50634104,0.5131894,0.5143657,0.51016563,0.5016106,0.49033368,0.4783718,0.4678441,0.46053606,0.45748287,0.45870966,0.46325827,0.46948996,0.4755183,0.47960746,0.48044693,0.47729412,0.47001493,0.45905676,0.4453779,0.43034428,0.4155933,0.4028556,0.3937303,0.389431,0.39056194,0.39700624,0.407974,0.42218158,0.43807968,0.4540584,0.46860254,0.48040408,0.48844886,0.49208793,0.4910948,0.48570132,0.47660005,0.46489626,0.4519939,0.43940496,0.4284942,0.4202085,0.4148795,0.41218558,0.4113023,0.41117907,0.4108358,0.40958765,0.4071566,0.4036697,0.39956746,0.3954575,0.3919557,0.38956076,0.388598,0.3892421,0.3915939,0.39576042,0.4018868,0.4101125,0.420463,0.43272394,0.44635776,0.4605058,0.47408065,0.48592088,0.49496508,0.500407,0.5018061,0.49914172,0.49280614,0.4835405,0.4723232,0.46022782,0.44827703,0.43732333,0.42798394,0.42064035,0.41548678,0.4125906,0.411925,0.4133553,0.41659102,0.42114305,0.42632768,0.4313401,0.43539006,0.43786803,0.43850136,0.43745983,0.43537545,0.4332484,0.43222877,0.43330368,0.4369746,0.44304726,0.45062676,0.4583167,0.4645331,0.46782067,0.46709755,0.46180004,0.45193252,0.43803963,0.421121,0.40251073,0.38374525,0.36644197,0.35220274,0.3425334,0.33874393,0.3417866,0.35203752,0.36910376,0.39176503,0.41809016,0.44567877,0.4719539,0.49446267,0.5111777,0.52080816,0.52312994,0.5193307,0.51231533,0.5067995,0.50882137,0.5242779,0.55675584,0.606016,0.6682758,0.7377452,0.80813056,0.8735396,0.9289048,0.97016674,0.9943646,0.99968755,0.9855023,0.9523592,0.9019798,0.83723426,0.7621233,0.6817781,0.60246027,0.5314171,0.47614935,0.44241297,0.4312613,0.43780226,0.45362985,0.47049356,0.4822949,0.4853846,0.47820166,0.4608473,0.43475565,0.4024622,0.3674251,0.33380246,0.305984,0.28761092,0.28018048,0.28221127,0.28995168,0.2990457
163,0.28256896,0.2657981,0.25082296,0.24072403,0.2385978,0.246293,0.26342466,0.28759992,0.3155163,0.34393352,0.37014836,0.39214623,0.408637,0.41907015,0.42364866,0.4233297,0.4197792,0.41522902,0.41217607,0.41289917,0.4188827,0.43038186,0.4463639,0.46485022,0.48345494,0.49988794,0.51231045,0.5195434,0.52116615,0.5175363,0.50974137,0.49947023,0.4887841,0.47977194,0.47412142,0.4727126,0.47539562,0.48106235,0.4879769,0.49421087,0.49802873,0.49814796,0.49387214,0.4851266,0.47242942,0.45681858,0.4397462,0.42293724,0.40820447,0.3972141,0.39122254,0.39084685,0.3959569,0.40573788,0.41888794,0.4338594,0.4490667,0.46303567,0.47450578,0.482506,0.48641813,0.48602834,0.4815607,0.47367844,0.46343648,0.45216894,0.44130266,0.43211052,0.42545533,0.4216081,0.4202204,0.42047057,0.42132485,0.42181447,0.42124674,0.41931212,0.41608867,0.41196457,0.40751094,0.40334207,0.40000203,0.39790756,0.3973556,0.39857602,0.40178645,0.40720475,0.4149962,0.4251669,0.4374498,0.45123866,0.465607,0.4794121,0.49145406,0.5006475,0.50617176,0.50757605,0.5048294,0.49831182,0.48875156,0.47711673,0.46447945,0.45187587,0.44019204,0.43009958,0.4220509,0.4163186,0.41304407,0.4122588,0.41386113,0.4175635,0.42285007,0.42898664,0.43510228,0.44033217,0.44398776,0.44571325,0.44559085,0.4441619,0.4423407,0.4412126,0.44174245,0.44446844,0.44929075,0.45544428,0.46166575,0.46648145,0.4685129,0.46672282,0.46056837,0.4500603,0.43574232,0.41860965,0.39998835,0.3813982,0.36442325,0.35060582,0.34136328,0.33789918,0.34107074,0.35120836,0.3679475,0.39016584,0.41607165,0.4434144,0.46975753,0.49277166,0.51053435,0.52183914,0.5265161,0.52574974,0.52232987,0.5206642,0.52623814,0.5442572,0.57779515,0.62655586,0.6870996,0.7541044,0.8216691,0.884166,0.93668586,0.97525674,0.9969604,1.0,0.98373723,0.9487042,0.8965953,0.83024985,0.75364214,0.67189705,0.59131974,0.51929885,0.46360546,0.43029267,0.42044753,0.42881134,0.4464968,0.46495017,0.47796425,0.48188093,0.47516298,0.4579421,0.43168637,0.39897838,0.36335638,0.32912093,0.30088812,0.28256875,0.2758267,0.2791085,0.2884121,0.2991232
164,0.2778688,0.26094532,0.24627136,0.23706262,0.23639566,0.24586351,0.26470172,0.29023278,0.31904927,0.3479275,0.37422845,0.39601043,0.4120523,0.4218671,0.4257179,0.424621,0.4203025,0.4150553,0.4114332,0.41175616,0.4175199,0.42895406,0.4449741,0.46354493,0.4822397,0.49875242,0.5112549,0.518602,0.5204257,0.5171492,0.50992924,0.5005134,0.49098963,0.48341838,0.47938868,0.47962177,0.48378572,0.49061382,0.49826542,0.504766,0.5083808,0.5078594,0.50255674,0.49246132,0.47816113,0.46076787,0.44180742,0.42307523,0.40644726,0.39364082,0.38594693,0.38399833,0.38766527,0.39612913,0.40809387,0.4220361,0.4364128,0.4498029,0.4609987,0.46907234,0.47343206,0.47387078,0.47059852,0.4642443,0.45580965,0.44655642,0.437822,0.43077788,0.42618445,0.4242254,0.42449245,0.42613408,0.42810693,0.42943788,0.42942303,0.42773113,0.42441258,0.41983408,0.4145665,0.4092587,0.4045305,0.40091062,0.39882892,0.39864698,0.40069118,0.40524948,0.41251045,0.422459,0.43477294,0.44877312,0.46345913,0.47762495,0.4900224,0.49953184,0.5053077,0.50687903,0.50419587,0.49761975,0.4878616,0.4758777,0.46273854,0.44949445,0.437065,0.42617524,0.41734722,0.41093215,0.40714982,0.4060996,0.4077269,0.4117631,0.41767958,0.42470014,0.43188912,0.43830153,0.44315895,0.44600937,0.44683492,0.4460785,0.44456813,0.4433322,0.4433272,0.44514364,0.44878882,0.4536346,0.45855168,0.4621719,0.46318328,0.4605783,0.45381624,0.4428933,0.428331,0.41110107,0.39250666,0.37404278,0.35725942,0.34364724,0.33455035,0.3310865,0.33404037,0.3437168,0.35979465,0.38126084,0.4064737,0.43334416,0.4595869,0.48300084,0.5017616,0.5147215,0.5217145,0.523844,0.52368706,0.5252556,0.5334577,0.55288297,0.58622545,0.6332348,0.6908579,0.75426424,0.8179785,0.87668204,0.92567074,0.96110094,0.980127,0.9809828,0.96302736,0.92676234,0.8738286,0.8069947,0.730156,0.6483684,0.5679131,0.4962559,0.4413849,0.40958962,0.401886,0.41255122,0.43223628,0.45220703,0.46628547,0.47090825,0.46462452,0.44762498,0.4214147,0.3886073,0.352792,0.31837627,0.29016763,0.2723118,0.2665908,0.27132174,0.2822288,0.29447025
165,0.27020177,0.25295645,0.23830879,0.22964579,0.23008949,0.24103998,0.26138332,0.28815573,0.31782797,0.34717476,0.37360674,0.39524326,0.41092044,0.42020094,0.42339078,0.42154512,0.41642848,0.41037577,0.40598783,0.40563056,0.41083062,0.4218204,0.43749034,0.45576867,0.47419938,0.49046695,0.5027562,0.5099551,0.51174545,0.5086118,0.50177544,0.4930394,0.48451766,0.4782439,0.47571245,0.47749028,0.48306778,0.49102312,0.49941406,0.5062235,0.50972116,0.508692,0.5025433,0.49132314,0.47568113,0.45678756,0.43622142,0.41582417,0.39751026,0.3830295,0.37369975,0.370176,0.37234768,0.37941793,0.39012247,0.40298358,0.4165148,0.4293542,0.44034597,0.4485992,0.45353985,0.45495898,0.4530464,0.44839495,0.44195467,0.43492016,0.42854396,0.42389604,0.4216264,0.4218132,0.42396313,0.42716736,0.43034962,0.43251804,0.43295455,0.4313146,0.42763937,0.4222992,0.41589218,0.40912658,0.40271586,0.39731,0.39347273,0.39169353,0.3924031,0.39595717,0.4025698,0.41221014,0.4245074,0.43871534,0.45376226,0.46837777,0.48126087,0.49124995,0.49746493,0.49940422,0.49698868,0.4905518,0.48077995,0.4686113,0.4551096,0.44133383,0.4282304,0.41656974,0.40693527,0.3997513,0.39531645,0.39380658,0.3952315,0.3993637,0.4056847,0.41339475,0.42150465,0.4289928,0.43498817,0.43893555,0.44070917,0.4406471,0.4394884,0.438206,0.4377526,0.43877625,0.44139487,0.44511837,0.4489496,0.45162088,0.45187792,0.44873032,0.44162342,0.4305201,0.41590008,0.39869335,0.3801663,0.36178204,0.34505886,0.3314475,0.3222383,0.31848627,0.3209244,0.3298456,0.34497824,0.3654197,0.38967997,0.41583598,0.44175908,0.4653792,0.48496395,0.49940455,0.50850046,0.513218,0.5158573,0.5199872,0.5299425,0.5497633,0.5818526,0.62606215,0.67974555,0.7385792,0.7975437,0.85167235,0.89651275,0.9283915,0.9445685,0.94332963,0.9240396,0.88716424,0.8342724,0.76803017,0.69221073,0.6117482,0.5328423,0.46298227,0.41032276,0.38129893,0.37667593,0.39011502,0.4118434,0.43311712,0.44795933,0.4530224,0.4470129,0.43021443,0.4041762,0.3715308,0.33589315,0.30174586,0.2740543,0.25715378,0.25286412,0.25927797,0.27181017,0.2854372
166,0.26044902,0.24272299,0.22778112,0.21921344,0.2202732,0.23226294,0.25377342,0.2815649,0.31197557,0.34176275,0.36837077,0.38996413,0.40541878,0.4143264,0.41701102,0.41453746,0.40867713,0.40177792,0.39646888,0.39516246,0.39943957,0.4095739,0.42447075,0.4420519,0.45985,0.4755469,0.48733935,0.49414244,0.49567756,0.49247834,0.48581964,0.47755182,0.4698133,0.46461672,0.46337345,0.46651092,0.4733565,0.48234612,0.49144608,0.4986041,0.5020988,0.5007512,0.49401712,0.48199558,0.46538225,0.44538462,0.42360803,0.4019099,0.38221487,0.36628425,0.35545617,0.35041782,0.35110202,0.3567637,0.36619756,0.37799004,0.39071912,0.40307972,0.41395822,0.4224868,0.42809516,0.4305612,0.43004924,0.42711747,0.42267358,0.41785905,0.41385722,0.4116484,0.41177475,0.4142009,0.41833094,0.42317697,0.4276097,0.43060496,0.43142614,0.42972046,0.42553288,0.4192548,0.41152957,0.40313905,0.3948978,0.38757643,0.38186565,0.37837294,0.37762538,0.3800446,0.38587582,0.39508453,0.4072671,0.42162466,0.4370252,0.4521395,0.46561363,0.47623932,0.48309374,0.4856342,0.48374125,0.4777096,0.46819064,0.4560951,0.44247022,0.4283729,0.41476336,0.40244198,0.39203784,0.3840353,0.37880617,0.37660867,0.37753534,0.3814283,0.38781118,0.3958898,0.40464288,0.41298485,0.41995633,0.424898,0.4275719,0.42820635,0.42744726,0.42620924,0.4254391,0.4258398,0.42763686,0.43047407,0.4334817,0.43548658,0.4352842,0.43189052,0.4247231,0.41369492,0.39922595,0.3821869,0.3637931,0.34546852,0.32870185,0.31491712,0.30537298,0.30108705,0.30276164,0.31068847,0.32464465,0.34383106,0.36690223,0.39209726,0.4174442,0.4410038,0.46113116,0.47674283,0.4875792,0.4944353,0.49930012,0.505284,0.5161706,0.53550833,0.56546754,0.60602844,0.6549524,0.7084263,0.7619073,0.81081545,0.85099083,0.8789693,0.8921492,0.88889235,0.8685825,0.8316521,0.7795886,0.7149354,0.64131373,0.56349903,0.48757178,0.4210126,0.37209922,0.34726918,0.34674135,0.36335525,0.38700727,0.40918136,0.42430583,0.42937922,0.42333898,0.40659726,0.3807581,0.34846658,0.313346,0.2799316,0.25331792,0.23796916,0.23561214,0.24396898,0.25810555,0.272889
167,0.24985188,0.2315297,0.21596174,0.2069577,0.20800583,0.22045098,0.24267623,0.2711868,0.3021776,0.33236924,0.35922,0.38091937,0.39636126,0.4051413,0.40757188,0.40469298,0.39824474,0.39055037,0.38423917,0.38176328,0.3847798,0.39364925,0.40734348,0.42381892,0.44062045,0.4554348,0.4664665,0.47264522,0.47371468,0.47023833,0.46352684,0.4554669,0.44822097,0.44379288,0.44353357,0.44775775,0.45565507,0.4655391,0.47529864,0.48285398,0.48649517,0.48507646,0.47809404,0.4656839,0.44856787,0.42796513,0.40547687,0.38294372,0.3622695,0.34520417,0.33309877,0.32668483,0.3259664,0.33028382,0.33851835,0.3493351,0.3613761,0.37338084,0.38425794,0.39314058,0.39944267,0.4029162,0.40369618,0.40231344,0.3996507,0.39682192,0.3949699,0.3950105,0.3973934,0.4019716,0.4080366,0.4145043,0.42017442,0.4239767,0.42514923,0.42333168,0.41857925,0.41131413,0.4022339,0.3921992,0.38212398,0.3728905,0.36530173,0.36006698,0.35779724,0.35897654,0.3638894,0.3725163,0.38444456,0.39884642,0.41454813,0.43017307,0.44431868,0.45572788,0.4634284,0.46682698,0.46575272,0.46045008,0.45152408,0.43984625,0.42643473,0.4123293,0.39848575,0.3857128,0.3746612,0.36585355,0.35972017,0.3566005,0.35668597,0.35992035,0.36591053,0.37390873,0.3828948,0.39174142,0.3994131,0.40515074,0.40860367,0.40988728,0.40954998,0.40844268,0.40749997,0.40747237,0.40868443,0.4109056,0.41338578,0.41503888,0.41470233,0.41138914,0.40447757,0.3938167,0.37975055,0.3630738,0.34493572,0.32671124,0.30985874,0.29578644,0.28574285,0.28073463,0.2814555,0.28820586,0.30080763,0.3185515,0.34022158,0.36420816,0.3886902,0.41185677,0.43214738,0.44849762,0.46057764,0.46899796,0.4754285,0.4825315,0.49357635,0.51167244,0.53879654,0.57506335,0.61862653,0.6661719,0.71363884,0.7568558,0.79198503,0.815804,0.8258792,0.8206729,0.79960567,0.7630862,0.71252245,0.65032977,0.5799659,0.5060355,0.434494,0.3728162,0.32936236,0.31032056,0.31489322,0.33488363,0.36007747,0.38250694,0.39722756,0.4017083,0.39518288,0.37822464,0.35250562,0.3206847,0.28638908,0.25420016,0.22932123,0.21625307,0.21641704,0.22696228,0.24258867,0.258174
168,0.23986496,0.22092186,0.20444863,0.19445527,0.19476779,0.20696262,0.22935238,0.2582244,0.28961545,0.32018325,0.34737375,0.3693769,0.38507962,0.39405465,0.39657244,0.39361307,0.38684556,0.37852642,0.37124813,0.36748406,0.3689804,0.37622893,0.388327,0.40331694,0.4187864,0.43243676,0.44247392,0.44782484,0.44823185,0.44426215,0.43723872,0.42907032,0.42194486,0.41787788,0.41819572,0.42314184,0.4318045,0.44240108,0.45275754,0.46077257,0.46474618,0.46355858,0.4567338,0.4444272,0.4273646,0.40674993,0.3841497,0.36135504,0.34021732,0.32245046,0.30940762,0.30187374,0.2999508,0.3030979,0.31030887,0.3203365,0.33187777,0.3436939,0.35468677,0.36396188,0.3708949,0.37519935,0.37698087,0.376756,0.37540895,0.37406343,0.37386468,0.37570426,0.37996858,0.3864115,0.39420876,0.40216672,0.408997,0.4135682,0.4150831,0.41316956,0.40789336,0.39970997,0.3893728,0.3778186,0.36605188,0.35505033,0.345707,0.338809,0.3350318,0.33491397,0.33878726,0.3466704,0.35817394,0.37247398,0.3883818,0.4044908,0.4193579,0.4316779,0.44042438,0.44494516,0.44500798,0.44079605,0.43285662,0.42200992,0.40923107,0.39552593,0.3818247,0.36891836,0.35744938,0.34794742,0.34087512,0.33663964,0.33553782,0.33764425,0.34269562,0.35004312,0.3587148,0.3675762,0.37553757,0.381751,0.3857573,0.38755858,0.3876024,0.38667038,0.38567677,0.38540915,0.3862793,0.38817027,0.3904405,0.39208165,0.3919646,0.3890914,0.38279194,0.37284058,0.35949242,0.3434511,0.32578456,0.30780578,0.2909365,0.27657276,0.26596814,0.26014087,0.25979692,0.2652553,0.2763774,0.2925278,0.3126006,0.3351218,0.35841173,0.3807837,0.40076095,0.4172987,0.4299988,0.43929285,0.4465475,0.45400918,0.4644828,0.48069075,0.5044448,0.5359859,0.57382923,0.6151305,0.6562979,0.6935716,0.7234513,0.7429771,0.7499072,0.7428274,0.7212156,0.68547463,0.6369474,0.57793385,0.51174325,0.44283342,0.37707752,0.3219944,0.28594923,0.2743916,0.28483078,0.30797344,0.33393946,0.355694,0.36911964,0.3722477,0.36465237,0.34709215,0.321322,0.29002714,0.256854,0.22644772,0.20410287,0.19419383,0.19749805,0.21036214,0.22718574,0.24304435
169,0.23190656,0.21245532,0.19494055,0.18349603,0.18234196,0.19350478,0.21543081,0.24425882,0.2758531,0.30677307,0.33441916,0.35695285,0.37322816,0.3827696,0.3857791,0.38314697,0.37643644,0.36779717,0.35974318,0.35473698,0.3546078,0.36000863,0.37021828,0.3834217,0.39728805,0.40954813,0.41840416,0.42276153,0.42233363,0.41766006,0.4100472,0.40140718,0.39395452,0.38974386,0.39012685,0.39533395,0.40440187,0.41548377,0.42635778,0.43490258,0.4394214,0.43880802,0.43259805,0.4209466,0.40456122,0.38460603,0.36258602,0.34021452,0.3192619,0.30138063,0.28790918,0.27968407,0.27692017,0.2792192,0.28570592,0.29522303,0.3065066,0.3183114,0.32950014,0.3391224,0.34649584,0.35128692,0.35357606,0.3538831,0.35312545,0.35248196,0.35315502,0.35606715,0.36158553,0.36938977,0.37854424,0.38773546,0.3955702,0.40083888,0.40269566,0.4007477,0.39506632,0.3861369,0.37476444,0.36195397,0.34878632,0.3363128,0.32548764,0.31714305,0.31198925,0.31060198,0.313363,0.32035324,0.33124545,0.34526208,0.36123526,0.37775293,0.39334458,0.40666065,0.41661808,0.4224997,0.4240036,0.4212425,0.41469583,0.4051213,0.3934382,0.3806023,0.3674981,0.3548733,0.34333098,0.33337206,0.32545477,0.32002357,0.31746748,0.3180048,0.32154256,0.32758915,0.33528146,0.3435286,0.3512219,0.3574464,0.36164576,0.3637135,0.3639965,0.3632033,0.36222005,0.36186007,0.3626081,0.36444554,0.36682504,0.36880368,0.36927643,0.36722705,0.36193112,0.35308194,0.3408375,0.32579985,0.30894256,0.29150242,0.27485195,0.26036802,0.24931045,0.24271822,0.24132124,0.24546307,0.2550399,0.2694762,0.28775916,0.30853555,0.33025777,0.3513601,0.3704516,0.3865144,0.39909548,0.40847015,0.4157374,0.4227794,0.43199918,0.44578737,0.46581492,0.49243188,0.5244703,0.55950785,0.5943863,0.62573874,0.6503983,0.66567475,0.6695321,0.6606989,0.6387329,0.6040566,0.5579775,0.50271696,0.44148654,0.37867367,0.32017872,0.27364263,0.24716584,0.24452786,0.2608587,0.28620145,0.31169516,0.33158022,0.3426754,0.34360278,0.33428776,0.3156854,0.28965172,0.25892758,0.22722244,0.19928965,0.18046792,0.17468669,0.18160067,0.19661991,0.21407312,0.22947504
170,0.22702162,0.20732579,0.1888559,0.17573938,0.17254514,0.18192692,0.20272925,0.23107076,0.26264474,0.29387447,0.32207635,0.34535235,0.3624989,0.3729716,0.37688503,0.37502068,0.36881346,0.36027682,0.3518086,0.3458188,0.34419003,0.34773725,0.35595524,0.3672228,0.37933388,0.3900716,0.397636,0.40089613,0.3995104,0.39395863,0.38549733,0.37601706,0.36775446,0.3628306,0.36268193,0.36760074,0.376638,0.38792387,0.399204,0.40833503,0.4136109,0.41392162,0.40879482,0.3983652,0.3833019,0.36470947,0.3440122,0.32282636,0.30282122,0.28556558,0.27236095,0.26407683,0.26103136,0.26296812,0.26914388,0.2784852,0.2897512,0.30166784,0.313037,0.32283545,0.33031344,0.3350891,0.33722392,0.33725646,0.3361645,0.33522427,0.3357528,0.33876902,0.3446806,0.353133,0.36309466,0.37312782,0.3817191,0.3875629,0.38974845,0.38784984,0.38193482,0.37251118,0.3604277,0.34674662,0.3326086,0.31911418,0.3072454,0.29783908,0.29159877,0.28910542,0.2907798,0.2967817,0.30688593,0.32041147,0.33625767,0.35304093,0.36928317,0.3835992,0.39485052,0.4022517,0.40542543,0.40440693,0.39959988,0.39169052,0.3815319,0.37001768,0.35797182,0.34608045,0.33488387,0.32482386,0.3163159,0.30979866,0.30571452,0.30440608,0.30596268,0.3100944,0.31611076,0.32302952,0.32977664,0.33540815,0.33929497,0.34123647,0.3414859,0.34067988,0.33967188,0.3392904,0.34007815,0.3420967,0.34487474,0.34751925,0.34893814,0.34809035,0.34419414,0.3368605,0.32614875,0.31255558,0.29695296,0.2804903,0.2644759,0.25025058,0.23906484,0.23196667,0.22970238,0.2326348,0.24068879,0.25334045,0.2696605,0.28840795,0.3081616,0.3274755,0.34504944,0.35990527,0.37155795,0.3801625,0.38660243,0.39246365,0.39982215,0.4107991,0.42694998,0.44871268,0.4751807,0.5042871,0.53324866,0.55904895,0.5788287,0.5901568,0.59120524,0.58085823,0.5587768,0.52543736,0.48215982,0.43115464,0.3756341,0.32005656,0.27050692,0.23469244,0.2196158,0.22607434,0.24690259,0.27262127,0.2960303,0.31275806,0.32051447,0.31846187,0.30685133,0.28683516,0.2603962,0.23038298,0.20064318,0.17608315,0.16190606,0.16102444,0.17151313,0.18803774,0.20525149,0.21931975
171,0.22556293,0.2059863,0.18687579,0.17221536,0.16676435,0.17383693,0.1929294,0.22033957,0.2516364,0.28308266,0.31187585,0.33602995,0.3542635,0.36595014,0.3711089,0.37040702,0.36514518,0.3571892,0.34879684,0.34228647,0.33954674,0.34151968,0.34791288,0.3573255,0.36771345,0.3769407,0.38321757,0.38537312,0.3829945,0.37647548,0.36699104,0.35637915,0.34688154,0.34069955,0.33940887,0.34344676,0.3519598,0.36310905,0.37462902,0.38435102,0.39054346,0.39207143,0.38843277,0.37972173,0.36655167,0.34995362,0.33126065,0.3119839,0.2936832,0.27783132,0.26567116,0.258074,0.25542527,0.25757828,0.26389855,0.27338204,0.28480223,0.29685247,0.30827355,0.31797293,0.3251388,0.32934603,0.3306413,0.3295861,0.32722756,0.32496122,0.32426092,0.32630485,0.33161142,0.33985063,0.34992868,0.36029163,0.36929765,0.37552947,0.37799534,0.37622225,0.3702627,0.36063722,0.34822834,0.33414394,0.31956828,0.3056276,0.293299,0.28338134,0.27652276,0.27326286,0.27403063,0.27906147,0.28826004,0.301091,0.31657436,0.33339962,0.35011104,0.3653045,0.3777931,0.38672432,0.39164338,0.3925038,0.38962808,0.38362494,0.37527472,0.3654027,0.35476658,0.34398538,0.33352908,0.32376674,0.31504616,0.30775964,0.3023491,0.29922664,0.2986285,0.30046713,0.30426317,0.30920485,0.3143188,0.3186891,0.32165733,0.32295913,0.32277408,0.32167754,0.32049212,0.32005504,0.3209523,0.3233059,0.32669917,0.3302699,0.3329256,0.3335938,0.33143464,0.32597992,0.31719485,0.3054742,0.2915884,0.27659428,0.26172397,0.24826339,0.23742938,0.2302526,0.22747263,0.22945485,0.23614271,0.24705765,0.26134807,0.2778789,0.2953497,0.3124323,0.32792193,0.34089494,0.35086286,0.3579057,0.36275554,0.3667829,0.37182337,0.3798001,0.3921853,0.4094857,0.430995,0.454921,0.478776,0.49982837,0.51547915,0.5235272,0.5223412,0.5109663,0.48918977,0.4575839,0.41754785,0.37138006,0.3224316,0.27538654,0.23652086,0.21295924,0.20910092,0.22233005,0.24476129,0.26857105,0.28834066,0.30087858,0.3046015,0.29910222,0.28490862,0.26336715,0.2366235,0.20770445,0.18066993,0.1605165,0.15183876,0.15584277,0.16904245,0.18595488,0.20191939,0.21381341
172,0.22706024,0.20796816,0.18866359,0.17290285,0.16543706,0.1700881,0.18712017,0.21323304,0.2439817,0.2754826,0.30479753,0.32983494,0.34922484,0.3622551,0.3688524,0.36957783,0.36560813,0.35866866,0.3508728,0.34442183,0.3411613,0.34210113,0.34711775,0.35501906,0.36393794,0.3718443,0.37697965,0.3781445,0.37485498,0.3674087,0.35687792,0.3450184,0.33404675,0.32623163,0.3233135,0.32594222,0.33344468,0.34408033,0.3556052,0.36582828,0.37297797,0.3758731,0.3739598,0.36727288,0.35635534,0.34215552,0.32591173,0.30903146,0.29296872,0.27910045,0.26860029,0.26231325,0.26064846,0.26352024,0.27036396,0.2802241,0.2918867,0.30402339,0.31533208,0.32466996,0.33117875,0.3343992,0.33436316,0.3316462,0.32735056,0.32298023,0.32017317,0.32030368,0.32406515,0.33122393,0.3406803,0.35079455,0.35980383,0.3661733,0.36881897,0.36720815,0.3613666,0.3518164,0.3394634,0.32544908,0.3109867,0.29720894,0.28506142,0.2752701,0.26838425,0.2648535,0.26506925,0.26931283,0.27761725,0.28962126,0.3045127,0.3211031,0.33799905,0.35380462,0.36730084,0.3775764,0.38410234,0.3867507,0.3857612,0.38166273,0.37516138,0.36701483,0.35791868,0.3484328,0.33896664,0.3298235,0.3212803,0.3136614,0.30736235,0.30279717,0.30027547,0.2998571,0.30125716,0.3038593,0.30684403,0.3093863,0.3108576,0.31097877,0.30989262,0.30813822,0.30652025,0.30588534,0.3068524,0.30958468,0.31369704,0.3183369,0.322396,0.32476324,0.32454076,0.3211864,0.3145791,0.30501968,0.29318222,0.2800315,0.26671752,0.25445828,0.24441805,0.23758927,0.23468642,0.23606461,0.24167754,0.25108334,0.2634958,0.27786943,0.29300788,0.30768836,0.32079834,0.33147866,0.33926427,0.3442075,0.34695774,0.34875724,0.35129568,0.35637882,0.36543798,0.3790381,0.3966147,0.416564,0.4366021,0.45420024,0.4669552,0.47285092,0.4704273,0.45888567,0.43815568,0.40894562,0.3727988,0.33218732,0.2906734,0.25309187,0.2253447,0.21270639,0.2163833,0.23205054,0.25287962,0.27291325,0.2880917,0.29602715,0.295612,0.2867448,0.270175,0.24743816,0.22087537,0.19373688,0.1702614,0.15520343,0.15187478,0.1595807,0.17399003,0.19007702,0.20396025,0.21312189
173,0.23036881,0.21204063,0.19298443,0.17671625,0.16783337,0.17041263,0.18539669,0.21002926,0.23999922,0.27134073,0.30099657,0.32677257,0.34721342,0.3615294,0.36956826,0.37180343,0.36930943,0.36369172,0.35693118,0.35110348,0.34797347,0.34855556,0.35282758,0.3597597,0.36764747,0.3745769,0.37884215,0.37923723,0.37522537,0.36701798,0.35558376,0.34258026,0.3301672,0.3206427,0.3158919,0.31679842,0.3229288,0.33270717,0.34395647,0.35447964,0.36246094,0.36665848,0.36645025,0.3617969,0.35316125,0.3414051,0.327675,0.31328413,0.29959446,0.28789997,0.27930927,0.27462912,0.27426127,0.27813908,0.2857287,0.29610008,0.30804792,0.32023454,0.33133572,0.34018064,0.3458835,0.34796163,0.34643248,0.34187204,0.33541018,0.3286226,0.3232788,0.320941,0.32250834,0.3279064,0.33609968,0.3454168,0.35400462,0.36022222,0.36289287,0.36141804,0.35578734,0.34651402,0.3345156,0.320955,0.3070612,0.2939588,0.28254595,0.27345714,0.26711917,0.26385975,0.26399067,0.26779303,0.27539223,0.2865901,0.30075973,0.31687063,0.33363226,0.349692,0.36382496,0.37507927,0.38286325,0.38697463,0.38757482,0.3851165,0.38023615,0.3736315,0.36594847,0.357705,0.34927082,0.34090412,0.3328252,0.32528993,0.31862387,0.31319085,0.30929723,0.30706617,0.3063405,0.3066693,0.30739743,0.3078313,0.30742693,0.3059467,0.30354634,0.3007673,0.29842213,0.29737815,0.29828423,0.30133042,0.30614203,0.31185508,0.3173299,0.321409,0.32313633,0.32190162,0.31750664,0.3101677,0.3004708,0.2892931,0.27770266,0.26684552,0.25782752,0.25159833,0.24884693,0.24992143,0.2547878,0.26303548,0.2739271,0.28648078,0.29957435,0.3120633,0.32290953,0.33131516,0.33685413,0.3395883,0.34014523,0.33971983,0.33994684,0.34259626,0.34910768,0.36010444,0.37511596,0.39264756,0.410529,0.42634904,0.43782753,0.44307625,0.4407657,0.4302283,0.41152564,0.38550133,0.35383794,0.3191339,0.28497943,0.25587642,0.23654142,0.23008563,0.23596337,0.25008732,0.2671334,0.28250626,0.29297978,0.29663166,0.2926318,0.2810719,0.26286456,0.2397103,0.21413185,0.18954009,0.17010908,0.15984519,0.16048795,0.17005728,0.18420558,0.1985889,0.20996818,0.21625714
174,0.23400891,0.21660571,0.19814482,0.18193524,0.17235777,0.17351602,0.18680435,0.21000578,0.23906253,0.27002198,0.29975852,0.3260032,0.34723553,0.36260793,0.37191126,0.3755563,0.37454236,0.37038144,0.36494145,0.3601759,0.35774553,0.35861662,0.36279908,0.3693633,0.37673137,0.383098,0.3868237,0.38672075,0.38222724,0.37349468,0.36140716,0.34752858,0.33394387,0.32293758,0.31648505,0.31566772,0.32029742,0.329002,0.33971512,0.3502632,0.3587983,0.3640183,0.36522865,0.36231202,0.35565054,0.34602425,0.33449888,0.32231042,0.31074974,0.30104864,0.2942644,0.29116553,0.29213017,0.29708195,0.30548748,0.3164207,0.32867816,0.3409195,0.35181355,0.36018032,0.36512336,0.36614886,0.36326277,0.35703254,0.34859005,0.3395394,0.33172664,0.32685333,0.32600695,0.32929906,0.33581713,0.34392282,0.35172322,0.3575024,0.36000562,0.35857177,0.35315064,0.34423813,0.33275226,0.31986493,0.30680904,0.29469195,0.28435946,0.27635446,0.27098233,0.26844317,0.26894706,0.2727323,0.27996194,0.2905529,0.3040395,0.31955373,0.33593196,0.3518971,0.36624974,0.37802362,0.38658524,0.3916738,0.39338502,0.3921063,0.38841596,0.38296533,0.37636766,0.3691199,0.3615758,0.35397273,0.34649503,0.33934194,0.33276448,0.3270486,0.3224432,0.31905913,0.31678638,0.3152746,0.31399953,0.31239998,0.3100444,0.30677965,0.30282137,0.29875684,0.29544005,0.29377973,0.2944608,0.2976928,0.30309576,0.3097761,0.31654868,0.3222022,0.32572272,0.32643792,0.32408217,0.31879872,0.311096,0.30177206,0.29181865,0.28231344,0.27430737,0.26871362,0.26620612,0.26713938,0.27150318,0.27892193,0.2886987,0.2998947,0.31143272,0.32221544,0.331252,0.33778903,0.34143806,0.34228858,0.34098533,0.33873436,0.33718535,0.3381387,0.34308496,0.35271105,0.36660644,0.38332415,0.4007338,0.41646665,0.42829466,0.43439245,0.4335009,0.4250259,0.40909994,0.38662446,0.35930386,0.3296645,0.30100638,0.27712727,0.26154467,0.25616413,0.26019353,0.27044535,0.28279597,0.2935074,0.29981983,0.3000442,0.2934786,0.280307,0.2615314,0.2389499,0.21516931,0.19356786,0.17791949,0.1712232,0.17400186,0.18380882,0.19670396,0.20896587,0.21781588,0.22145191
175,0.23651779,0.22009821,0.20246112,0.18675357,0.1771334,0.1775825,0.18970357,0.21170005,0.23981416,0.27019575,0.29971987,0.32608917,0.34775242,0.3638334,0.37409374,0.37890914,0.37923133,0.37650475,0.37250462,0.36907026,0.3677454,0.36941,0.37404862,0.38077274,0.38808793,0.39427957,0.39777893,0.39743656,0.39269432,0.38367534,0.37120825,0.356783,0.34240964,0.33032903,0.32254627,0.32027084,0.323514,0.33110228,0.34110403,0.3514003,0.36013573,0.36596498,0.36813274,0.3664539,0.36124134,0.35320798,0.3433572,0.3328692,0.3229865,0.31489885,0.30962545,0.30789876,0.31006333,0.31601444,0.3251986,0.3366785,0.34924707,0.3615654,0.37230673,0.38029617,0.38464108,0.3848477,0.38091612,0.3734015,0.36342067,0.35257083,0.3427197,0.335643,0.33256313,0.3337607,0.33847272,0.34514704,0.35190722,0.35700658,0.35914057,0.35759977,0.35229743,0.34370813,0.33274153,0.32056805,0.30841574,0.297371,0.2882321,0.28146365,0.2772678,0.27573094,0.27695915,0.28112063,0.28836468,0.2986612,0.31165314,0.32660657,0.34248313,0.35809842,0.37230486,0.38415018,0.39298522,0.39851367,0.40078533,0.40014,0.39711463,0.39233142,0.3863895,0.37978506,0.37287727,0.36590412,0.3590339,0.35242388,0.3462562,0.34072933,0.33600485,0.33213067,0.32897815,0.32623065,0.3234418,0.32015407,0.31604558,0.3110656,0.3055205,0.30007812,0.29566634,0.2932591,0.2935893,0.29688507,0.30275047,0.3102482,0.31813556,0.3251417,0.33019596,0.33257127,0.3319461,0.32840437,0.32239056,0.3146358,0.30606532,0.2976959,0.29053003,0.28545174,0.28312993,0.28393835,0.28790432,0.29469815,0.30366704,0.3139094,0.3243778,0.33399945,0.3418063,0.34706756,0.34941852,0.34897414,0.3464086,0.34296536,0.34034455,0.34041205,0.3447322,0.35405707,0.3680158,0.38517204,0.40338808,0.42028418,0.4336258,0.44158664,0.44290832,0.4369921,0.4239502,0.4046313,0.38062453,0.35422844,0.32833526,0.30612397,0.29042676,0.2828126,0.2828687,0.28831387,0.29590988,0.30247584,0.3055069,0.303398,0.29546046,0.28187308,0.26363325,0.24252611,0.22108716,0.20244426,0.1897807,0.18521355,0.18861647,0.19759613,0.20872477,0.21878439,0.22532372,0.22672765
176,0.23669897,0.22125255,0.20456521,0.18965976,0.18048617,0.18082611,0.19230066,0.21337825,0.24058212,0.270223,0.29924262,0.3253684,0.34705952,0.36344475,0.37428588,0.37995043,0.38136736,0.37993583,0.3773557,0.37536004,0.3753689,0.3781504,0.3836223,0.39089048,0.39850602,0.40482458,0.40834677,0.40797496,0.4031778,0.39407814,0.38147753,0.3668153,0.35203627,0.33932284,0.33066267,0.32732183,0.32944208,0.33601016,0.3452273,0.35505003,0.36364415,0.369648,0.37226927,0.37127653,0.36693412,0.3599085,0.35116166,0.34183857,0.3331518,0.3262628,0.32215995,0.321539,0.32470328,0.33150816,0.3413686,0.35332915,0.3661785,0.37858492,0.389236,0.39697397,0.4009217,0.4005949,0.39599314,0.3876586,0.37668237,0.3646299,0.35334694,0.34462228,0.33974817,0.3391289,0.34214365,0.34735522,0.35295048,0.35719818,0.3587797,0.35695982,0.35162607,0.34323323,0.33267847,0.32112423,0.30978903,0.29973978,0.29173735,0.2861869,0.28321105,0.28280303,0.28497326,0.28980702,0.29740295,0.30772904,0.32047898,0.33500803,0.3503802,0.36550292,0.37929493,0.39084074,0.39950112,0.4049694,0.4072727,0.40672466,0.40384045,0.39923137,0.39350015,0.38715938,0.3805908,0.37404993,0.36770484,0.3616847,0.3561117,0.35109726,0.3467032,0.3428859,0.33945504,0.336076,0.33233044,0.32782602,0.3223295,0.31588933,0.30891383,0.30217186,0.29668835,0.29352278,0.29346785,0.29677147,0.3030133,0.31120017,0.32002187,0.32814392,0.33444193,0.33814302,0.3388834,0.33670336,0.33199996,0.3254523,0.31793112,0.3104011,0.3038221,0.29905313,0.29676288,0.29735178,0.3008956,0.30712354,0.31543905,0.3249847,0.33474177,0.3436531,0.35075757,0.355328,0.3570041,0.35591072,0.35274115,0.3487722,0.34575486,0.3456222,0.3500116,0.3597357,0.37445533,0.39273348,0.41240817,0.43106318,0.4464218,0.45661086,0.46031693,0.4568724,0.44629788,0.42931494,0.40733173,0.38239035,0.35704148,0.33408004,0.3160639,0.30463696,0.29992917,0.30046403,0.30370456,0.30687326,0.30760258,0.3042711,0.29610974,0.28319848,0.2664278,0.24744831,0.22857904,0.21256496,0.20200512,0.19841965,0.20146142,0.20902584,0.21818769,0.22614291,0.23068963,0.23034246
177,0.23375484,0.21923108,0.20354068,0.18960662,0.18118891,0.18183416,0.19305845,0.21345809,0.23978654,0.26854122,0.29678115,0.32230648,0.34362635,0.35990685,0.37093696,0.3770992,0.37932006,0.3789707,0.3776891,0.37710914,0.37852454,0.38257658,0.38908964,0.39713225,0.40527302,0.4119209,0.41564205,0.41539815,0.41070023,0.4016905,0.38916448,0.3745289,0.35967362,0.34671602,0.3375954,0.3335785,0.33487314,0.34057766,0.3490081,0.35820553,0.36638063,0.37218392,0.374814,0.37401882,0.37003726,0.36351022,0.35537672,0.34676182,0.3388593,0.33280885,0.32956925,0.3297966,0.33374754,0.3412319,0.35163,0.36396873,0.37703732,0.3895193,0.40012687,0.40772995,0.4114762,0.41089797,0.4059983,0.39730537,0.38587734,0.3732302,0.36115572,0.351407,0.3452862,0.3432675,0.34484395,0.34869894,0.35311303,0.35641006,0.35729346,0.35502884,0.34949422,0.34113175,0.33082682,0.319732,0.30905542,0.29984826,0.29284447,0.288407,0.28659937,0.2873406,0.2905563,0.29624557,0.30443487,0.31505185,0.3277932,0.3420586,0.35698324,0.37155253,0.38475406,0.39572275,0.40384924,0.40883908,0.4107194,0.40979877,0.40658987,0.40171036,0.39578158,0.38934612,0.38282084,0.37649092,0.37053624,0.36506972,0.3601634,0.3558474,0.3520818,0.3487191,0.34548286,0.34198692,0.33780324,0.33256984,0.32611582,0.3185744,0.31045303,0.30262834,0.2962344,0.2924286,0.29207048,0.29542536,0.30203867,0.31084904,0.3204698,0.32950085,0.33676913,0.34146702,0.34320349,0.34199268,0.338202,0.33247498,0.32564133,0.31862286,0.31234145,0.30763254,0.3051647,0.30536708,0.30837056,0.3139749,0.32165462,0.33061028,0.33986083,0.34836593,0.35516465,0.35951948,0.36105573,0.35988542,0.35669705,0.3527757,0.34989822,0.35004154,0.3548979,0.36533177,0.38103837,0.40058985,0.4218093,0.44224584,0.45957223,0.47184923,0.47768128,0.4762993,0.46759942,0.45215005,0.43117157,0.4064821,0.380387,0.35546902,0.33422145,0.31851348,0.30903247,0.3050218,0.3045481,0.3051584,0.30455142,0.3010161,0.29362532,0.28227738,0.26766554,0.2512083,0.23491822,0.22112629,0.2119562,0.20858906,0.21070485,0.2165753,0.22374561,0.22977158,0.23265935,0.23102142
178,0.22733808,0.21366511,0.198958,0.18605193,0.17853211,0.17970157,0.19090341,0.21076399,0.2362124,0.26393667,0.29114485,0.31574616,0.33633155,0.35213047,0.36298016,0.36929554,0.37201524,0.37249497,0.37232107,0.3730353,0.37580663,0.38114342,0.3887631,0.3976785,0.40645838,0.41355312,0.41759005,0.41759303,0.4131231,0.40435237,0.39208114,0.37769333,0.3630286,0.3501353,0.34088495,0.33650807,0.3372311,0.34222287,0.34989342,0.3583701,0.36592573,0.37124726,0.37354943,0.37258258,0.36858016,0.36217397,0.35429242,0.3460491,0.33862334,0.3331337,0.33050725,0.3313572,0.3358912,0.3438736,0.35465297,0.3672449,0.38044766,0.39297006,0.4035589,0.41112086,0.41483584,0.41425768,0.4093949,0.40076017,0.38937217,0.3766843,0.36441094,0.3542329,0.34741434,0.34444967,0.3449108,0.34759247,0.3508845,0.35319528,0.35328206,0.3504382,0.34455106,0.33606103,0.32584658,0.31505153,0.30487445,0.29635382,0.2902036,0.28675532,0.2860271,0.2878776,0.29215792,0.29878393,0.30770126,0.31877524,0.33167323,0.34580407,0.36034417,0.37433836,0.38683712,0.39703077,0.4043527,0.4085376,0.40963134,0.40795586,0.40403798,0.39851603,0.3920417,0.38519722,0.3784427,0.37210098,0.3663727,0.36136428,0.35710794,0.35356146,0.35058835,0.34793547,0.34523028,0.34201637,0.33783126,0.3323169,0.32534087,0.31710318,0.3082001,0.2996132,0.29258814,0.28838333,0.28792354,0.29148227,0.29855567,0.30799985,0.3183441,0.32812348,0.3361241,0.3415165,0.34389853,0.3432761,0.34000504,0.33471027,0.32819468,0.32134712,0.31505662,0.31013545,0.30725005,0.3068567,0.30914393,0.31399077,0.32095665,0.3293157,0.3381376,0.34640595,0.35315937,0.35764113,0.3594455,0.35864833,0.3559032,0.3524683,0.35010797,0.35080594,0.35628146,0.36744007,0.38401994,0.40462503,0.42709014,0.44895247,0.46784827,0.4817785,0.48926467,0.4894324,0.48204976,0.46753472,0.44693625,0.4218871,0.39451495,0.36728114,0.3427002,0.32290292,0.30910257,0.30119732,0.2977989,0.2967299,0.2957025,0.2928562,0.28704286,0.27791578,0.26590857,0.2521522,0.2383239,0.2263758,0.21808432,0.21447219,0.21537301,0.21945694,0.22470759,0.22900793,0.23055065,0.22802886
179,0.21755967,0.20465475,0.19086727,0.17894737,0.17231862,0.17405108,0.18529029,0.20463474,0.2291448,0.25569093,0.28164566,0.3050493,0.32459512,0.33959264,0.34994012,0.35609496,0.3590165,0.36005345,0.36074927,0.36256236,0.36654353,0.37307107,0.38175273,0.39153868,0.400989,0.40858802,0.41301987,0.41336912,0.4092474,0.40085822,0.38900805,0.37505826,0.36079717,0.34819904,0.33905604,0.33454144,0.33487234,0.33926165,0.3461985,0.35389662,0.36070293,0.36535868,0.3671134,0.3657368,0.36147037,0.35494608,0.34708726,0.33899787,0.33184162,0.32671306,0.32450455,0.32578507,0.33071452,0.3390165,0.3500156,0.3627256,0.37596416,0.38847554,0.39905012,0.4066387,0.4104588,0.41008878,0.40554297,0.39731637,0.38638252,0.37412187,0.36215442,0.35206258,0.34503675,0.34155157,0.3412248,0.34294704,0.34522235,0.3465634,0.34580678,0.34229776,0.335952,0.32722083,0.31698245,0.30637464,0.2965864,0.2886431,0.28323933,0.28067815,0.28093812,0.2838261,0.28912878,0.2966865,0.30636564,0.31796142,0.33109468,0.3451599,0.35935122,0.3727547,0.38447374,0.3937529,0.40007415,0.40321225,0.4032452,0.4005221,0.3955968,0.38913867,0.38183782,0.37432143,0.36709723,0.3605301,0.3548474,0.3501574,0.34646344,0.3436625,0.341532,0.3397197,0.33775723,0.3351108,0.33127025,0.3258637,0.31877837,0.31026408,0.30099306,0.2920432,0.2847665,0.2805161,0.28026977,0.28428933,0.2919994,0.30215752,0.31320396,0.3236141,0.33214477,0.33795965,0.3406619,0.34026623,0.33713403,0.33188814,0.3253191,0.31829414,0.311676,0.30625582,0.30269584,0.30147684,0.30284464,0.30676264,0.31288558,0.32057485,0.3289636,0.33706793,0.34392798,0.3487626,0.35112175,0.3510239,0.34905836,0.34641942,0.34481695,0.3462001,0.35228342,0.36400065,0.38114232,0.40237126,0.4255688,0.44829452,0.46817788,0.48318335,0.49176788,0.49296668,0.48643392,0.4724531,0.45192328,0.42632207,0.39763758,0.36824942,0.34071645,0.31741858,0.30004773,0.28909984,0.28368336,0.28184927,0.28126866,0.27987587,0.27625442,0.269776,0.26058936,0.24952854,0.23795567,0.22751094,0.21973598,0.21560933,0.2151746,0.2174918,0.22095132,0.22373964,0.22422273,0.22116432
180,0.20497784,0.19275428,0.17978062,0.1687172,0.16284028,0.16501564,0.17620298,0.19494997,0.21841712,0.24364282,0.2681653,0.2901635,0.30844086,0.32239228,0.3319803,0.33770663,0.340554,0.3418693,0.3431622,0.3458202,0.3507898,0.3583307,0.36794803,0.37853092,0.38862824,0.39675364,0.40164256,0.40243474,0.3987866,0.3909267,0.37966043,0.3663194,0.35263336,0.34049633,0.3316146,0.32709605,0.32713756,0.33098543,0.33720183,0.34408873,0.35007536,0.3539686,0.35506427,0.35316044,0.34851223,0.341754,0.33380267,0.32574877,0.31873566,0.31382963,0.3118865,0.31343246,0.31858522,0.32703617,0.33809647,0.35078883,0.3639606,0.37639996,0.38694793,0.39460465,0.3986283,0.3986233,0.39460945,0.38706166,0.37690392,0.36543652,0.35417372,0.34458205,0.33775368,0.33411402,0.3332995,0.3342802,0.3356731,0.33610657,0.3345154,0.3303166,0.32347128,0.31445402,0.30414993,0.29369253,0.28425893,0.27685574,0.27215117,0.27041417,0.27158263,0.27541682,0.28164944,0.29005826,0.30044082,0.31252626,0.325884,0.33988237,0.35371733,0.36650097,0.37737876,0.38564435,0.39082876,0.3927518,0.3915314,0.38755268,0.3814045,0.37379372,0.3654524,0.35705438,0.3491552,0.34216276,0.3363346,0.33178818,0.3285093,0.32634884,0.32501322,0.32406425,0.32294607,0.32104984,0.3178132,0.31284082,0.3060266,0.29765627,0.2884648,0.27961525,0.27255413,0.26871297,0.26909703,0.27392352,0.28251582,0.29351714,0.3052797,0.31623128,0.32511607,0.33110777,0.3338306,0.33332288,0.32996628,0.32439592,0.31740415,0.30984893,0.30257636,0.2963614,0.29186314,0.28958493,0.28982854,0.29264325,0.29778522,0.30471164,0.31262785,0.32058838,0.32763663,0.3329631,0.33606377,0.3368828,0.33592075,0.33427563,0.33356425,0.33566186,0.34224653,0.3542654,0.37156788,0.39290038,0.41622636,0.4391663,0.4593798,0.4748283,0.4839337,0.4856669,0.47959197,0.46588057,0.4453046,0.41920912,0.389464,0.3583805,0.3285574,0.3025933,0.28260693,0.2696359,0.26322797,0.26159358,0.26228833,0.2629843,0.26196903,0.25833148,0.25195304,0.24340492,0.2337891,0.2245127,0.21697271,0.21217129,0.2103786,0.21101876,0.21285397,0.21435039,0.2140346,0.21073276
181,0.19057634,0.1789524,0.16665508,0.15624341,0.15086226,0.15322185,0.16414244,0.1821288,0.20442207,0.2282087,0.2511808,0.27164933,0.28852212,0.30127305,0.3099216,0.31500715,0.31753245,0.3188453,0.32043272,0.32362986,0.3293018,0.3376113,0.34797657,0.35923383,0.36992198,0.3785799,0.38398695,0.3853281,0.38229308,0.37512228,0.36460653,0.352034,0.33906463,0.3275047,0.3189724,0.31451175,0.3143024,0.31762695,0.3231237,0.32918712,0.33433443,0.33744377,0.33786127,0.33541477,0.33037132,0.32336277,0.31529275,0.30723035,0.30029175,0.29551104,0.293708,0.2953717,0.30058715,0.30902523,0.31999534,0.33253968,0.34554327,0.3578443,0.3683383,0.376077,0.38036063,0.3808197,0.3774789,0.37079164,0.3616302,0.35121122,0.34093758,0.33215073,0.3258299,0.322332,0.32129177,0.32174364,0.32241228,0.32204688,0.31969216,0.31485173,0.30754587,0.298283,0.2879609,0.27770865,0.26868498,0.26186553,0.25787687,0.25694042,0.25894713,0.26361448,0.27063453,0.279741,0.2906813,0.30313206,0.31661722,0.33047616,0.34389815,0.35601026,0.36598969,0.37317172,0.37713298,0.3777383,0.3751479,0.3697867,0.3622819,0.35337943,0.3438527,0.33441928,0.32567874,0.31807926,0.31190926,0.307302,0.30423823,0.3025403,0.30186394,0.30170426,0.3014334,0.30037713,0.29792398,0.29365233,0.2874554,0.27964467,0.27100658,0.26277593,0.2564756,0.2535865,0.25509873,0.2611376,0.27089086,0.28287804,0.29537544,0.3067854,0.31586197,0.3218069,0.32427925,0.32335177,0.31943625,0.31319082,0.30542147,0.29698986,0.28873765,0.28143346,0.27573907,0.27218223,0.2711201,0.27268732,0.27674198,0.28283843,0.29025516,0.2980845,0.30537084,0.31127223,0.31522372,0.31708437,0.3172493,0.31669685,0.31692097,0.31969038,0.32661825,0.33864892,0.35569236,0.3765972,0.3994396,0.42193735,0.44181797,0.45707655,0.4661345,0.46793032,0.4619672,0.44833183,0.42769283,0.40128338,0.3708703,0.33870158,0.307405,0.27976695,0.2582864,0.24448217,0.23825437,0.23785354,0.2406087,0.24387407,0.24564773,0.244782,0.24095498,0.23454687,0.22647692,0.2179992,0.21043576,0.20484987,0.20173132,0.20083058,0.20124006,0.20167567,0.20080662,0.19751106
182,0.17572351,0.16463807,0.15286946,0.14285466,0.13762102,0.13979015,0.15012671,0.16713169,0.18811741,0.21039197,0.23177645,0.2506927,0.26613387,0.27763414,0.28525183,0.28954843,0.29153696,0.29256645,0.29411513,0.29749286,0.30351785,0.31228918,0.3231628,0.3349352,0.3461379,0.3553297,0.36132297,0.36333382,0.3610685,0.35476127,0.34516975,0.33352137,0.32139218,0.3104929,0.30235398,0.29796407,0.29749903,0.30029082,0.3050646,0.31031412,0.31464818,0.31701678,0.316814,0.31389213,0.30852196,0.3013225,0.29317248,0.2851089,0.27821273,0.27348316,0.27170768,0.2733481,0.2784704,0.28673923,0.29747435,0.30974582,0.32248148,0.3345715,0.34496632,0.35276875,0.3573201,0.3582764,0.35566694,0.34992406,0.3418692,0.3326368,0.32351917,0.31573147,0.3101348,0.30700707,0.30596736,0.30610126,0.30623314,0.30523193,0.3022577,0.29690915,0.2892752,0.27990538,0.26971287,0.25981855,0.2513506,0.24523377,0.24202976,0.2418931,0.24465965,0.25001034,0.2576149,0.26718825,0.27845365,0.2910568,0.30448988,0.31806836,0.3309723,0.34233665,0.35136127,0.35741487,0.3601132,0.35936207,0.35536197,0.34857616,0.33966872,0.3294215,0.3186438,0.30808896,0.2983916,0.29003266,0.2833287,0.27843362,0.27533713,0.27385497,0.2736182,0.27408156,0.27456784,0.27435362,0.272788,0.26942602,0.2641581,0.25731525,0.24972549,0.2426794,0.23774815,0.23641478,0.23959105,0.24725091,0.25841692,0.27149215,0.28470707,0.2964727,0.30558005,0.31127673,0.31326616,0.31166035,0.30690435,0.2996835,0.2908249,0.28120494,0.27167496,0.26301202,0.25589302,0.2508783,0.24838366,0.24862777,0.25156534,0.25683936,0.2637901,0.27153638,0.27911383,0.2856419,0.29049096,0.29343164,0.2947479,0.29528746,0.29640454,0.2997396,0.306819,0.3185688,0.33495605,0.3549418,0.3767364,0.3981841,0.41711318,0.43158683,0.44006032,0.44147334,0.43530008,0.42157203,0.40088144,0.37437308,0.34372833,0.31114176,0.2792684,0.25106725,0.22938398,0.21614422,0.21144545,0.21336888,0.21886475,0.22494441,0.2293876,0.2309175,0.22911686,0.22427237,0.21720697,0.20909522,0.20123616,0.19477174,0.1903901,0.18812136,0.18733759,0.18696378,0.18578437,0.18271308
183,0.16207258,0.15150963,0.14015236,0.13028307,0.124811046,0.12634148,0.13570382,0.15147288,0.17103605,0.19179046,0.21164773,0.22910544,0.24321002,0.2535258,0.26012146,0.2635557,0.26483425,0.26530373,0.26644897,0.2695906,0.27554864,0.28440654,0.29549322,0.3075833,0.31920338,0.3289237,0.33557487,0.33838525,0.33705717,0.3317975,0.32330978,0.31274164,0.3015704,0.29140317,0.2836844,0.27935928,0.27861845,0.28086346,0.28492153,0.28939453,0.29298487,0.29471123,0.29400834,0.2907425,0.28517538,0.27789897,0.26975265,0.2617285,0.2548637,0.2501209,0.24826196,0.24973515,0.25460488,0.26254606,0.2729008,0.2847733,0.29713538,0.30892742,0.31915128,0.32695737,0.33172548,0.33313602,0.33122355,0.32640213,0.31944737,0.31141844,0.30350518,0.29680362,0.2920603,0.28947166,0.28863272,0.2886685,0.28849208,0.2870856,0.2837223,0.27809808,0.2703737,0.26114205,0.25132942,0.2420384,0.23434685,0.22910097,0.22676876,0.22741795,0.2308254,0.23664844,0.24455975,0.2542865,0.26555905,0.27801898,0.2911459,0.3042419,0.31648037,0.32700044,0.33501774,0.33992615,0.34137264,0.3392971,0.3339344,0.32578087,0.3155313,0.30399564,0.29200798,0.28034344,0.26965562,0.2604432,0.2530418,0.24762711,0.24421243,0.24263357,0.24253154,0.24335644,0.24441296,0.24495262,0.24430062,0.241997,0.23793143,0.23245113,0.22641481,0.2211453,0.21821614,0.21904016,0.22436734,0.23396245,0.2466764,0.2608324,0.27466592,0.2866402,0.2956116,0.30088747,0.3022192,0.29975533,0.29396898,0.2855687,0.27540296,0.2643695,0.2533424,0.24312523,0.23442973,0.22786541,0.22391611,0.22288395,0.224808,0.2293968,0.23602384,0.243807,0.2517545,0.25893888,0.26466742,0.2686293,0.27100542,0.27251822,0.27438152,0.27810052,0.285103,0.29628468,0.31166205,0.3303095,0.3505811,0.37046462,0.3879121,0.40108168,0.40849236,0.40911633,0.40243104,0.38844466,0.36770454,0.34129682,0.31084576,0.27851832,0.24701989,0.21949767,0.19912605,0.18810834,0.18643974,0.1916998,0.20032512,0.20906796,0.21566175,0.21886514,0.21829599,0.21424773,0.20752548,0.19928376,0.19083476,0.18340369,0.17784783,0.17442352,0.17272165,0.1718222,0.17058443,0.16793285
184,0.15132482,0.14133596,0.13035795,0.120478824,0.11446038,0.114932306,0.12292199,0.13720097,0.15526326,0.17456385,0.19305654,0.20926785,0.22225524,0.2315742,0.23726702,0.23985595,0.24031276,0.23996916,0.24032804,0.24276122,0.24815346,0.2566388,0.2675691,0.27972183,0.2916213,0.3018374,0.3091995,0.3129259,0.31269196,0.3086551,0.30144474,0.2921113,0.28201982,0.2726664,0.26541024,0.26116326,0.26014915,0.26185942,0.2652404,0.26901144,0.27196983,0.2731976,0.27216032,0.26872543,0.263131,0.25592622,0.2478958,0.2399734,0.23314331,0.22832954,0.22627532,0.22743095,0.23187907,0.23932308,0.24913967,0.26047197,0.27233434,0.2837121,0.2936521,0.3013465,0.30620974,0.30794513,0.30659443,0.30255875,0.2965772,0.2896465,0.2828698,0.27723953,0.2733998,0.27147046,0.27101818,0.27119625,0.27099258,0.2694893,0.26606333,0.26050103,0.25303054,0.24428193,0.2351838,0.22680134,0.22013418,0.21591802,0.2145012,0.21585456,0.21970469,0.22570828,0.23357122,0.24306543,0.2539596,0.2659187,0.27843136,0.2908004,0.30219904,0.31177086,0.31874302,0.32252774,0.32279542,0.31951216,0.31293944,0.30359864,0.29220608,0.27958775,0.26658666,0.25397843,0.24241012,0.23237169,0.2241964,0.21807337,0.2140499,0.21201238,0.21165669,0.212478,0.213808,0.21490788,0.2151024,0.21392979,0.21128343,0.20752203,0.2035165,0.2005799,0.20021385,0.20366204,0.21142726,0.22303876,0.23721504,0.2522695,0.26650718,0.27848676,0.2871524,0.29187807,0.29245946,0.28907174,0.28220353,0.27257478,0.2610474,0.24854001,0.23595838,0.22415085,0.21388823,0.20585355,0.20061438,0.19855464,0.1997734,0.2040005,0.21059017,0.2186151,0.22703049,0.23485774,0.2413531,0.24614614,0.24933982,0.25155464,0.2538823,0.25770286,0.2643473,0.27467528,0.2887437,0.30573133,0.32413158,0.34207717,0.35765228,0.369125,0.37509876,0.37460396,0.36715108,0.3527584,0.33196494,0.30583873,0.27599275,0.2446203,0.21453978,0.18914004,0.17188114,0.16493884,0.16766573,0.17678885,0.18830717,0.19899209,0.20678012,0.21063155,0.21030492,0.20617276,0.19907667,0.19019172,0.18086606,0.17240597,0.16580595,0.16149089,0.15919952,0.15809785,0.15706581,0.15500599
185,0.14478816,0.13548332,0.12496915,0.11511642,0.108488925,0.10770775,0.11407117,0.1266884,0.14323758,0.1612241,0.17860007,0.19387196,0.20606315,0.21467933,0.21969788,0.22156703,0.22118963,0.21985637,0.21908334,0.22032352,0.22459283,0.23215924,0.2424677,0.25433713,0.2662971,0.27690458,0.2849656,0.28966415,0.29062584,0.28793925,0.2821436,0.27417988,0.26529217,0.25685993,0.25015545,0.24606092,0.24484205,0.24609315,0.24889189,0.25208253,0.25455818,0.2554593,0.25427333,0.25085756,0.245414,0.23843648,0.23064251,0.22289583,0.21611889,0.21119288,0.2088458,0.20954162,0.2133988,0.22016717,0.22927076,0.23989666,0.25109997,0.26190484,0.27139556,0.2787992,0.28356004,0.28540298,0.28437954,0.2808855,0.27563632,0.2695849,0.26376995,0.2591043,0.25614926,0.25495884,0.25507066,0.2556548,0.2557558,0.25453594,0.2514569,0.24637872,0.23958072,0.23171252,0.22368239,0.21648987,0.21102582,0.20789175,0.20730951,0.20916605,0.21316393,0.2189888,0.22640684,0.23525883,0.2453746,0.25646472,0.26804686,0.27944046,0.289829,0.29836503,0.30428728,0.3070228,0.30626002,0.30198458,0.29447743,0.28427687,0.27211094,0.25880834,0.24520206,0.23204175,0.21993327,0.20931755,0.20048621,0.19361374,0.18877591,0.18593346,0.18488784,0.18524514,0.18642938,0.18776429,0.18860978,0.18852128,0.18739934,0.18560001,0.18396777,0.18373369,0.1862244,0.1924139,0.20251513,0.21586122,0.23112628,0.24669933,0.26101235,0.27274898,0.28095093,0.28505656,0.28489634,0.2806581,0.27282968,0.2621262,0.24941,0.23561388,0.2216785,0.2085114,0.19696628,0.18782513,0.18175314,0.17920291,0.18028545,0.18467808,0.19164146,0.2001526,0.20909669,0.21745552,0.22446398,0.2297304,0.23332064,0.23579279,0.2381514,0.24167918,0.24762703,0.2568228,0.26935557,0.28449225,0.3008465,0.31668013,0.33020023,0.33978415,0.34412786,0.34233683,0.33397958,0.31911755,0.29832384,0.27270204,0.24392311,0.21429531,0.18684863,0.1652494,0.15300752,0.15161139,0.15916473,0.17160122,0.18493557,0.1963232,0.20408584,0.2074626,0.20638976,0.20134549,0.19323312,0.18327133,0.17285882,0.16337927,0.15593389,0.15105654,0.14855427,0.14759839,0.14702727,0.14568682
186,0.14284788,0.13433333,0.124439664,0.114841305,0.10787874,0.10607376,0.11093198,0.12196184,0.13712524,0.1540176,0.17057662,0.1852572,0.19701564,0.20527771,0.2099275,0.21130975,0.2102248,0.20788555,0.20579036,0.20546815,0.20810539,0.2141836,0.22332847,0.23446171,0.24614227,0.25691003,0.26552978,0.27113003,0.27326828,0.27195072,0.26761857,0.2610999,0.25351664,0.24613051,0.24012312,0.23634025,0.23508248,0.2360424,0.23842801,0.24120887,0.24337325,0.2441173,0.24294579,0.23970091,0.2345438,0.22790858,0.22044176,0.21293302,0.20623805,0.20119017,0.1984987,0.19864233,0.2017822,0.20772529,0.21595325,0.22570306,0.23607099,0.24611615,0.2549543,0.26184136,0.266247,0.26791647,0.26691395,0.2636383,0.2587964,0.2533191,0.2482086,0.24432756,0.24218038,0.24177067,0.2426079,0.24386609,0.24462369,0.24409528,0.24179809,0.23763694,0.23191296,0.2252648,0.21854903,0.21267119,0.20839663,0.20619665,0.20619343,0.20822963,0.21202102,0.21730699,0.2239261,0.2317937,0.24080718,0.25073317,0.26113296,0.27135825,0.28061634,0.28807884,0.29300132,0.29482743,0.29326227,0.28830796,0.2802602,0.2696683,0.2572638,0.24386649,0.23028134,0.21720569,0.20516787,0.19451417,0.18544354,0.17806755,0.17245676,0.16864058,0.16655721,0.1659875,0.16652767,0.16763866,0.16877006,0.1695225,0.16980375,0.16993704,0.17067629,0.1730769,0.17819557,0.18669279,0.1985327,0.2129522,0.22868071,0.24424772,0.25824136,0.2694773,0.27709076,0.2805752,0.27978376,0.27490303,0.266405,0.25498497,0.24149263,0.22686662,0.21208158,0.19811273,0.18591197,0.17637306,0.17025173,0.16802502,0.16973431,0.17491193,0.1826574,0.19182767,0.20125048,0.20990165,0.21703656,0.2222867,0.22572589,0.22789516,0.22975647,0.23253594,0.23743613,0.24526942,0.25615466,0.2694275,0.28379238,0.29760894,0.30918097,0.31697807,0.31978264,0.31678075,0.30761623,0.29242417,0.27185643,0.24711484,0.22001067,0.19306014,0.16954932,0.15323456,0.14703724,0.15104145,0.16218637,0.17629842,0.189896,0.20066652,0.2073119,0.20931436,0.20676227,0.2002306,0.1906892,0.17941245,0.16785981,0.15748931,0.14948022,0.1444153,0.14208771,0.14159425,0.14167677,0.1411006
187,0.14473155,0.13703786,0.12789664,0.11884758,0.11203869,0.109824434,0.11375923,0.123656504,0.13779415,0.15391928,0.16998616,0.18440334,0.19605546,0.2042824,0.20886973,0.21005145,0.20851085,0.205354,0.20201646,0.20005406,0.20080069,0.20498024,0.21247149,0.22237651,0.23333462,0.24388823,0.25276023,0.25901523,0.26213506,0.26204067,0.25907794,0.2539691,0.2477221,0.24148549,0.23634623,0.23309824,0.23205253,0.23297378,0.23517941,0.23775172,0.23976871,0.24048118,0.23941328,0.23639633,0.23155719,0.22527885,0.21814619,0.21088344,0.20428468,0.19913472,0.19611703,0.19571404,0.19811939,0.20319182,0.21047023,0.21924365,0.228651,0.23778579,0.24579264,0.25195286,0.2557587,0.25697464,0.25568035,0.2522857,0.24750367,0.24226548,0.2375657,0.23424907,0.23279153,0.23316364,0.2348481,0.23700798,0.23872831,0.23924126,0.2380814,0.2351592,0.2307594,0.22547446,0.2200823,0.21538366,0.2120321,0.2104084,0.21059005,0.21242708,0.21568152,0.22015645,0.22575554,0.23245427,0.24020526,0.24882723,0.25793037,0.2669108,0.27501446,0.28144574,0.2854878,0.28660774,0.28453055,0.27927488,0.2711488,0.26070789,0.24867968,0.23586392,0.22302188,0.21077743,0.19955513,0.18957585,0.18091083,0.17356828,0.16756871,0.16296892,0.15982144,0.15809415,0.15760389,0.1580173,0.15893742,0.16004927,0.1612721,0.16286388,0.16542757,0.16977942,0.17668186,0.18652831,0.19913515,0.21374483,0.2292053,0.24420865,0.25749755,0.26800853,0.27495766,0.2778816,0.27664518,0.27142283,0.26265988,0.25102088,0.23733285,0.22253239,0.20762363,0.19364779,0.18165141,0.17262308,0.16736408,0.16629903,0.16931345,0.17573635,0.18449537,0.19435175,0.2041122,0.21278076,0.219663,0.22444189,0.22723064,0.2285903,0.22948362,0.2311265,0.23471588,0.24107818,0.25037047,0.2619827,0.27467862,0.2868768,0.29694036,0.30340108,0.30510855,0.3013219,0.29176575,0.2766675,0.25679016,0.23347686,0.20871884,0.18522687,0.16635138,0.15542278,0.15419404,0.16151136,0.17400676,0.18797989,0.20053416,0.20977533,0.21466354,0.21483937,0.21049398,0.20227599,0.19121608,0.17864813,0.16609678,0.15508759,0.14684758,0.14195079,0.14010619,0.14027956,0.1410894,0.14121863
188,0.14882334,0.14189133,0.13355733,0.12529755,0.119128585,0.11722488,0.121049464,0.130541,0.14421687,0.1599974,0.1758986,0.19031811,0.20209408,0.21050137,0.21524683,0.21647231,0.21475664,0.21109664,0.20683572,0.20349538,0.20248039,0.20470557,0.21030813,0.21862327,0.22843412,0.2383333,0.24702933,0.25353816,0.25727677,0.2580928,0.25625134,0.25238565,0.2474054,0.24235542,0.23822501,0.23573668,0.2351768,0.23634,0.23861519,0.24117136,0.2431636,0.24389626,0.24291986,0.24006785,0.23544998,0.22941834,0.22251785,0.2154279,0.20889719,0.20366956,0.2003988,0.19955558,0.20134382,0.20565237,0.2120618,0.21990494,0.22836043,0.23655526,0.24366224,0.2489867,0.2520421,0.2526119,0.2507933,0.24701336,0.24200332,0.23671374,0.23215741,0.22919045,0.22828703,0.2294009,0.23198865,0.23518652,0.23805717,0.23981316,0.23996602,0.23839185,0.23532373,0.23128277,0.22696011,0.22306745,0.22018783,0.21867043,0.21860784,0.21990184,0.22238055,0.22590734,0.23043147,0.23596194,0.24248184,0.2498453,0.257706,0.2655093,0.2725514,0.2780833,0.28142843,0.28208658,0.2798079,0.27462834,0.26686504,0.25707242,0.24596304,0.23430218,0.22279158,0.2119674,0.20214164,0.19340894,0.18571676,0.17896983,0.173122,0.16821706,0.16436304,0.16165684,0.1601024,0.15957387,0.15985525,0.16074738,0.16219847,0.16440019,0.16779771,0.17298235,0.18047999,0.19051205,0.20284207,0.21677712,0.23130076,0.24525858,0.25752932,0.26715273,0.27341163,0.2758755,0.27441272,0.2691784,0.2605838,0.24925469,0.23598625,0.22170232,0.2074232,0.19423717,0.18325497,0.17551094,0.17178528,0.17238657,0.1770163,0.18482165,0.19460781,0.20508602,0.215068,0.22359443,0.23002163,0.23408578,0.23594862,0.2362116,0.23587072,0.23617408,0.23835865,0.2433033,0.25122362,0.26156074,0.27311364,0.2843233,0.29357207,0.29941696,0.30074435,0.29686427,0.28756762,0.2731652,0.25452211,0.23309846,0.21099192,0.19092192,0.17595738,0.16867422,0.16986558,0.17794971,0.18986586,0.20245935,0.21325016,0.22058837,0.22356898,0.22191192,0.21586302,0.20611693,0.1937511,0.18015197,0.16690202,0.15557753,0.14741962,0.1429474,0.14174621,0.14263663,0.14412326,0.1448246
189,0.1532654,0.14698711,0.13945656,0.13214314,0.12698533,0.12598807,0.13043934,0.14024612,0.15404508,0.16989994,0.1859136,0.20051257,0.21252705,0.22120252,0.22620128,0.22760637,0.22592218,0.22205667,0.21725951,0.21298009,0.2106159,0.21117744,0.21499324,0.22162148,0.23002577,0.23890176,0.24699207,0.25330234,0.25721574,0.2585339,0.257467,0.25458306,0.25071326,0.24680997,0.24376261,0.2422026,0.24235557,0.24400063,0.2465544,0.24924015,0.25127313,0.25200886,0.25103328,0.248199,0.24362111,0.23764636,0.23080629,0.22376074,0.21723369,0.21194082,0.20850731,0.20738052,0.20875262,0.2125161,0.21826933,0.225372,0.2330324,0.24040619,0.24669175,0.2512169,0.25351477,0.253387,0.25094905,0.24664873,0.24124311,0.23571509,0.2311141,0.22832952,0.22785416,0.22963764,0.23311004,0.2373667,0.24142277,0.24443972,0.24587297,0.24553476,0.24358527,0.24046701,0.23679599,0.23322725,0.23032217,0.22845273,0.22777344,0.22826698,0.22983651,0.23239698,0.23592189,0.24042596,0.24589431,0.2521934,0.25900623,0.2658236,0.27199632,0.27683124,0.27970192,0.2801487,0.27795038,0.27315882,0.26609337,0.2572956,0.24744755,0.23726334,0.22737195,0.21821794,0.21001147,0.20274663,0.19628218,0.19045128,0.18515615,0.18041335,0.17633803,0.17308055,0.17074849,0.16935615,0.1688321,0.16908726,0.17011409,0.1720678,0.17528282,0.18019609,0.18718764,0.19639637,0.20759484,0.22017851,0.23326129,0.2458239,0.25686145,0.2655009,0.27108094,0.27319658,0.27171466,0.2667665,0.25872383,0.24816568,0.23584364,0.22265147,0.20960039,0.1977896,0.18834503,0.1822901,0.180338,0.18267357,0.18885715,0.19792506,0.20862238,0.21964285,0.229807,0.23817909,0.24414721,0.24748437,0.24839246,0.24751645,0.24590209,0.24485895,0.24570185,0.24939975,0.25625354,0.26576316,0.27675033,0.28765067,0.29683018,0.3028333,0.3045459,0.30129242,0.29289263,0.2796975,0.26261556,0.24313396,0.22331464,0.20569246,0.19291145,0.18695182,0.18821004,0.19522433,0.20539045,0.2159798,0.22476634,0.23021844,0.23147854,0.22828561,0.2208975,0.21002427,0.19676691,0.18254456,0.16897605,0.15766092,0.1498222,0.14589953,0.14535463,0.14688905,0.14892805,0.15005144
190,0.15642358,0.15068738,0.14393611,0.13766854,0.13377495,0.1340953,0.13969405,0.15034512,0.16470596,0.18093877,0.19723846,0.21208954,0.22435023,0.23327304,0.23851125,0.24012336,0.23857169,0.23470204,0.22968397,0.22488256,0.2216383,0.22097285,0.22331522,0.22838864,0.23532921,0.24296588,0.2501213,0.2558379,0.25950733,0.26092225,0.2602703,0.2580813,0.25512815,0.25228125,0.25032768,0.24979062,0.2508043,0.25309354,0.25606468,0.2589659,0.26105663,0.26174092,0.2606487,0.25766805,0.25294057,0.24683118,0.23988175,0.23275436,0.2261662,0.2208164,0.21730494,0.21604967,0.21721613,0.22068012,0.22603692,0.23265538,0.23976101,0.2465299,0.25218087,0.2560604,0.2577183,0.25697187,0.25395334,0.24913134,0.24329136,0.23745452,0.23271638,0.23001187,0.22986454,0.23222752,0.23650399,0.24173892,0.24688344,0.25102806,0.25355303,0.25419244,0.25302833,0.25043148,0.24696364,0.24325642,0.23988955,0.23729648,0.2357234,0.23525079,0.2358603,0.23751044,0.24018206,0.2438728,0.24854481,0.25405324,0.26009226,0.26618734,0.27174062,0.27611658,0.2787432,0.2792045,0.27730787,0.27311662,0.26694313,0.25930265,0.2508318,0.24218139,0.23390353,0.2263608,0.2196868,0.21381307,0.20855197,0.20370214,0.19913648,0.19484483,0.19092326,0.18752185,0.18477795,0.18276727,0.18149829,0.18095554,0.18117228,0.18229565,0.1846051,0.1884587,0.19417112,0.20186512,0.21136071,0.2221519,0.23347469,0.24442942,0.25411242,0.2617264,0.2666584,0.26852474,0.26718834,0.26275426,0.2555502,0.24610038,0.23509856,0.22338632,0.21193376,0.20180887,0.19410537,0.18979697,0.18952131,0.19337574,0.20084862,0.2109364,0.22237097,0.23384613,0.24418664,0.25246298,0.25807297,0.26080477,0.26088312,0.25898686,0.2562119,0.25394124,0.25359002,0.2562453,0.26231828,0.27138102,0.28227538,0.29341492,0.30312276,0.30989838,0.31259033,0.31049603,0.303416,0.29168287,0.27617505,0.25831488,0.24002866,0.2236055,0.2113443,0.2049263,0.20473315,0.20963064,0.2174581,0.22581387,0.23263071,0.23642185,0.23632084,0.23204064,0.22381355,0.21233217,0.19869064,0.18431045,0.17081492,0.15979427,0.15242906,0.14907849,0.14911103,0.1511573,0.15360631,0.15502469
191,0.15708712,0.15180057,0.14580604,0.14065003,0.13818316,0.14007102,0.14712091,0.15891671,0.17407769,0.19083175,0.20746513,0.22253989,0.23497033,0.24404594,0.24944027,0.2512152,0.24981646,0.24604957,0.24101822,0.23600261,0.23226082,0.23077038,0.23198637,0.23573057,0.24127764,0.24759294,0.25360805,0.25844157,0.26153475,0.26270875,0.26216102,0.26040924,0.25818595,0.2562879,0.2553971,0.25591487,0.25786126,0.26087946,0.26433867,0.2674914,0.26962978,0.2702049,0.26889735,0.26564342,0.26062697,0.25424808,0.24707527,0.2397872,0.23310556,0.22772025,0.22420873,0.2229569,0.22409622,0.22747472,0.23267187,0.23905364,0.24585266,0.25225765,0.25750163,0.2609445,0.26214808,0.26094103,0.25746843,0.25221664,0.24599758,0.23987009,0.23497748,0.23230392,0.23240839,0.23525102,0.24020846,0.24627174,0.25232163,0.25737065,0.26071858,0.2620206,0.261286,0.258827,0.25517136,0.25095242,0.24679433,0.24321462,0.24056745,0.23903991,0.23869388,0.23952621,0.24151407,0.24462207,0.24877019,0.25378227,0.25934544,0.2650055,0.27020672,0.27436662,0.27696526,0.2776285,0.27618912,0.27271554,0.26750407,0.26103336,0.25388557,0.24664481,0.23979302,0.23362988,0.2282427,0.22353657,0.21931261,0.21536289,0.21154803,0.20783432,0.20428574,0.20102134,0.19816083,0.19578387,0.19392323,0.19259642,0.19186164,0.19187042,0.1928851,0.19523872,0.19923681,0.2050304,0.21251158,0.22127883,0.23068373,0.2399349,0.24821864,0.25480488,0.259124,0.26081175,0.25972685,0.2559477,0.2497558,0.24161357,0.23214388,0.2221145,0.21242414,0.20407303,0.19808857,0.19537736,0.19651562,0.20155945,0.20998646,0.22080605,0.2327698,0.24458428,0.25507662,0.26331228,0.26868185,0.27096915,0.27040207,0.2676761,0.26392528,0.2606021,0.25922745,0.2610208,0.2665212,0.27538636,0.2864824,0.2981945,0.30878824,0.31669688,0.32070455,0.3200482,0.3144685,0.30423144,0.2901308,0.27347034,0.2560073,0.23981002,0.2269557,0.21903072,0.21657854,0.21885294,0.22410935,0.23022394,0.23524404,0.23768932,0.23664933,0.23177764,0.22324857,0.21170484,0.19820037,0.18412404,0.17106763,0.16058068,0.15378648,0.15097882,0.15147658,0.15389234,0.15662065,0.15823886
