0,0.12843858,0.12701745,0.1238489,0.11994834,0.11666395,0.11545949,0.11749084,0.12314345,0.13188082,0.14252089,0.15367009,0.16404423,0.17262919,0.17874557,0.18207487,0.18267183,0.18096635,0.17774436,0.17408325,0.17120773,0.17024514,0.17192188,0.17633337,0.18292728,0.19070797,0.19853121,0.20535664,0.21040772,0.21325183,0.2138264,0.21242714,0.20966098,0.20635702,0.20342742,0.20168404,0.20164815,0.20342009,0.2066689,0.21074547,0.21486215,0.21826637,0.22036485,0.22079006,0.21941912,0.21636091,0.21192306,0.20656833,0.20086576,0.19543923,0.19091341,0.18785486,0.1867088,0.18773742,0.19097428,0.19621064,0.20302099,0.21082138,0.21894504,0.22672139,0.23354852,0.2389552,0.24264874,0.24454531,0.24477784,0.24367586,0.24171303,0.23942281,0.237292,0.23565438,0.23461592,0.23403852,0.23358956,0.23283966,0.23137558,0.2288972,0.22527917,0.2205908,0.21507707,0.20910886,0.20311524,0.19751406,0.19265908,0.18881786,0.18618287,0.18490224,0.18510465,0.18689434,0.19030865,0.19525456,0.20145725,0.20845036,0.21561818,0.22227624,0.22776744,0.23155168,0.23327532,0.2328134,0.23028165,0.22601743,0.22053005,0.21442415,0.20830506,0.20268294,0.19789964,0.19410123,0.19126494,0.18926735,0.18796267,0.18723959,0.18703826,0.18732923,0.18807241,0.18918121,0.19051364,0.19189906,0.19319284,0.19433977,0.1954226,0.19667442,0.19844075,0.20109133,0.20490028,0.20993342,0.2159863,0.22259669,0.22912243,0.23485206,0.2391141,0.24136339,0.24123722,0.23858316,0.23346436,0.22614957,0.21709488,0.20692231,0.19639759,0.18640114,0.17787652,0.17173147,0.1686791,0.16905147,0.17267476,0.17888647,0.18668562,0.19493061,0.2025089,0.20845623,0.21203896,0.2128181,0.21070734,0.20602745,0.19954965,0.19250219,0.18648455,0.18320814,0.18403299,0.18946299,0.19893165,0.21103922,0.22403087,0.23621559,0.24621157,0.25305533,0.2562383,0.25571024,0.25186232,0.24548872,0.23771296,0.22985674,0.22323167,0.21886297,0.21721938,0.21807559,0.220592,0.22356948,0.22574739,0.22603793,0.22366506,0.21822642,0.20970835,0.19847648,0.18525371,0.17108592,0.15727846,0.1452614,0.13632509,0.13122816,0.12986147,0.131253,0.13394864,0.136477,0.1376455
1,0.12581734,0.12442896,0.12118375,0.11708879,0.113511145,0.11197396,0.11372259,0.11921676,0.12793832,0.13867338,0.14997873,0.16052416,0.16925818,0.17547134,0.17882071,0.17934254,0.17745699,0.17395419,0.16993648,0.16667876,0.16537772,0.16682564,0.17115052,0.1777859,0.18568751,0.19365156,0.2005843,0.20566921,0.20844848,0.20884974,0.20717555,0.20405899,0.20037597,0.19710314,0.19512288,0.19501275,0.19689554,0.20042238,0.20489681,0.20947315,0.2133458,0.21588063,0.21668208,0.21560945,0.21276027,0.20843433,0.20308816,0.19728638,0.191653,0.1868225,0.18338713,0.18183686,0.18249434,0.18545797,0.19057254,0.19744226,0.2054844,0.21400808,0.22229996,0.22970465,0.23569289,0.23991469,0.24223407,0.24274106,0.24173601,0.2396815,0.23712167,0.23457634,0.23243077,0.23085141,0.22975759,0.22886088,0.2277583,0.22604679,0.22342539,0.21976252,0.21511969,0.20973344,0.2039639,0.19822362,0.19290495,0.18832655,0.18471496,0.18222392,0.18097535,0.18109326,0.18270233,0.18588136,0.19058837,0.19659428,0.20346145,0.21058106,0.21725664,0.22280687,0.22666304,0.22844474,0.22800656,0.22545275,0.22111909,0.21552244,0.20928134,0.20301673,0.19725022,0.19232616,0.1883828,0.18538348,0.18319277,0.18166405,0.18070227,0.18028116,0.18041609,0.18111198,0.18231535,0.18389703,0.18567687,0.18748285,0.18922229,0.19093835,0.1928279,0.19520628,0.19841892,0.20271982,0.20815699,0.21450908,0.2212973,0.22786367,0.233483,0.23747443,0.23929077,0.23857799,0.23520577,0.22927494,0.22110768,0.21122736,0.20033246,0.18926568,0.1789715,0.17042549,0.1645138,0.1618615,0.1626607,0.1665918,0.17289259,0.18053223,0.18839727,0.19543268,0.20073436,0.20361361,0.20365174,0.20075499,0.19521123,0.18774305,0.1795357,0.17218684,0.1674836,0.16693607,0.17119826,0.1797655,0.19120125,0.20367321,0.21542257,0.2250242,0.2314906,0.2343008,0.23340009,0.2291857,0.22247572,0.21444517,0.20650057,0.20006014,0.19623955,0.19553025,0.19763777,0.2015916,0.20605826,0.20968018,0.2113179,0.21017693,0.20585418,0.19834115,0.18800814,0.17558011,0.16210373,0.14888807,0.13737501,0.12887521,0.124165714,0.12313992,0.12481513,0.12773128,0.1304263,0.13172819
2,0.12157373,0.120104514,0.116709255,0.112397276,0.108562484,0.10678751,0.10838976,0.113864645,0.12266801,0.13352762,0.1449489,0.15557039,0.16432476,0.17049484,0.17373422,0.17407937,0.17195682,0.16817355,0.1638644,0.16035335,0.15889207,0.16030887,0.16472524,0.17152645,0.17960295,0.18769465,0.19467181,0.19970217,0.20232894,0.20249476,0.20053087,0.19711268,0.19317076,0.18974142,0.18775633,0.18781205,0.19000766,0.19393477,0.19882369,0.20376477,0.2079095,0.21060325,0.21144746,0.2103098,0.20730177,0.20273815,0.19708847,0.19092721,0.18488692,0.17961392,0.17572212,0.17373785,0.17403367,0.17676178,0.18181019,0.18880357,0.19715272,0.20613678,0.2149963,0.22302073,0.22962299,0.23439713,0.2371574,0.23795429,0.23706295,0.23493928,0.23214196,0.2292264,0.22662927,0.22457415,0.22303082,0.22174516,0.2203293,0.21837953,0.21558546,0.21180452,0.2070906,0.20167784,0.19592774,0.19025378,0.18504354,0.18060137,0.17713016,0.17475621,0.17357957,0.17371702,0.1753053,0.17845176,0.18314944,0.18919799,0.19617257,0.20345864,0.21033902,0.21610335,0.22015157,0.22207485,0.22170557,0.21913429,0.21469297,0.20890507,0.20240536,0.19583766,0.18974853,0.18450351,0.1802544,0.1769706,0.17452061,0.17276673,0.1716331,0.17112297,0.17128515,0.1721513,0.17367771,0.17572299,0.17807499,0.18051806,0.18291382,0.18526521,0.1877384,0.1906282,0.19426723,0.19890095,0.20456946,0.21104184,0.21782784,0.22425771,0.22959663,0.23315935,0.23440246,0.23298642,0.22880782,0.22200727,0.2129588,0.20224686,0.1906357,0.17903118,0.16842791,0.15982394,0.15408365,0.15175764,0.15292563,0.1571585,0.16362923,0.17130059,0.17909499,0.18600775,0.1911759,0.19392747,0.19382907,0.19073866,0.18486483,0.17682914,0.16771725,0.15907522,0.15275367,0.1504775,0.15318994,0.16058634,0.17126013,0.18329738,0.19483262,0.20434904,0.21078557,0.21355885,0.21255879,0.20813672,0.20108485,0.19259092,0.18413475,0.17727673,0.17331134,0.17286731,0.17567472,0.1806777,0.18641251,0.19140694,0.19444361,0.19468069,0.19168445,0.18542147,0.17623638,0.16482595,0.1522082,0.13967028,0.1286509,0.12048781,0.11601178,0.115171544,0.117018804,0.12010968,0.1229935,0.12450995
3,0.11676912,0.11509524,0.1114772,0.106948175,0.10294722,0.10111978,0.10282641,0.10853578,0.11761399,0.12869895,0.140247,0.15088548,0.1595562,0.16555944,0.16856939,0.16864581,0.16624339,0.16220534,0.15771246,0.15413906,0.15277284,0.15443705,0.15919529,0.16634442,0.17469485,0.18293867,0.18993224,0.19485514,0.19727996,0.19719154,0.19497359,0.19136177,0.18734814,0.18401848,0.18232188,0.18282326,0.18554236,0.18996815,0.19523792,0.20038006,0.20451961,0.20700458,0.20745891,0.20578471,0.20213331,0.19685969,0.19047,0.18356943,0.1768153,0.1708756,0.16638811,0.16390997,0.16385108,0.16639975,0.17146675,0.17867756,0.1874207,0.19693545,0.20641218,0.21508616,0.2223163,0.22764674,0.23084919,0.23194256,0.23118524,0.22903456,0.22607045,0.22288786,0.21997435,0.2176044,0.21578622,0.21428342,0.21270442,0.21062656,0.20771451,0.20380376,0.19893566,0.19334443,0.1874041,0.18154933,0.17619088,0.17165051,0.16813777,0.16577493,0.16465317,0.16488355,0.16660538,0.16993596,0.17487885,0.18123652,0.18857451,0.19625689,0.20353754,0.20967442,0.2140369,0.21618888,0.21594067,0.21336743,0.20879412,0.20274736,0.19587684,0.18885322,0.18225965,0.17650276,0.1717736,0.16807441,0.16530003,0.16333596,0.16212946,0.16170566,0.1621278,0.16342567,0.16553175,0.1682601,0.171342,0.17450461,0.17756127,0.18048075,0.18341018,0.1866381,0.1904997,0.19524646,0.20092317,0.2072991,0.2138793,0.21998654,0.22487964,0.22787179,0.22842616,0.2262198,0.2211768,0.21347545,0.20353563,0.19199264,0.17966235,0.16749822,0.15653284,0.1477849,0.14211231,0.14002502,0.14153662,0.14615484,0.1530219,0.16110882,0.16936883,0.17682636,0.18262704,0.18607669,0.18668509,0.18421875,0.17876239,0.17078705,0.16121766,0.15147312,0.14339837,0.13893853,0.1394729,0.14513071,0.15470606,0.16624618,0.1777378,0.18750264,0.19433425,0.1975192,0.19682671,0.192496,0.18522365,0.17614001,0.16674355,0.15873268,0.15366533,0.1524749,0.15509157,0.16047807,0.16706009,0.17322059,0.17761776,0.17931531,0.17780596,0.1729931,0.1651614,0.15494788,0.14331229,0.13149278,0.12090559,0.112916656,0.10844578,0.10756057,0.10940714,0.11258753,0.11566224,0.117466256
4,0.11279934,0.11081264,0.10692367,0.10222142,0.09821637,0.096616775,0.09877714,0.10505359,0.11465414,0.12610716,0.13783365,0.14847347,0.15700148,0.16275801,0.1654603,0.16521476,0.16252823,0.1583026,0.15378006,0.1503841,0.14941187,0.15163156,0.15699641,0.16468416,0.17342308,0.18187395,0.18890299,0.1937262,0.19596934,0.19568169,0.19331852,0.18968768,0.18584152,0.18289423,0.1817701,0.18294857,0.18632327,0.19125618,0.19679081,0.20190728,0.20572253,0.20760536,0.20721951,0.2045187,0.19971272,0.19321764,0.18559942,0.17751841,0.16968001,0.162793,0.15753007,0.1544788,0.15407309,0.15651222,0.16169834,0.16922753,0.17844412,0.18853667,0.19864438,0.20795384,0.21577959,0.22162713,0.22523774,0.22661118,0.22600135,0.22387834,0.2208525,0.21756314,0.21454737,0.2121215,0.21031557,0.20888893,0.2074222,0.20545068,0.20259431,0.1986509,0.19363873,0.18778805,0.18148991,0.17521566,0.16942644,0.16449848,0.16068852,0.158151,0.15699247,0.15732609,0.15928468,0.1629723,0.16837193,0.1752578,0.18316193,0.19141363,0.19923435,0.20585328,0.21061455,0.21305984,0.21298002,0.21043433,0.2057371,0.19941238,0.1921189,0.1845517,0.1773349,0.17093052,0.16559228,0.16138367,0.15825212,0.15612352,0.1549715,0.15483043,0.15575041,0.15772219,0.16061594,0.16417088,0.16804527,0.17190687,0.17552917,0.17886096,0.18204622,0.18538289,0.18922308,0.1938375,0.19928704,0.20535038,0.21153449,0.21715893,0.22147849,0.22380614,0.22361189,0.22058864,0.21468528,0.2061121,0.19532534,0.1829971,0.16997693,0.15724695,0.145864,0.13686943,0.13114269,0.12920843,0.13108222,0.13626605,0.14390098,0.15296488,0.1624154,0.17126448,0.17861846,0.18371397,0.18596317,0.18500939,0.18079123,0.17361227,0.16421361,0.15383592,0.1442199,0.13741605,0.13523614,0.13844672,0.14632624,0.15704899,0.16846937,0.1786859,0.1862672,0.1902957,0.19035505,0.18651131,0.17929974,0.16971292,0.15917014,0.14941645,0.14225715,0.13906346,0.14021657,0.14492087,0.15158567,0.15843472,0.1639408,0.16700616,0.16699223,0.16369306,0.15729758,0.14835495,0.13774315,0.12662934,0.11638627,0.108395666,0.103681065,0.1024815,0.10410354,0.10723608,0.11045508,0.11257202
5,0.111165546,0.108815275,0.10466545,0.099896066,0.096111946,0.095067404,0.09803975,0.10518847,0.11552634,0.12748243,0.13946547,0.15014607,0.15854532,0.16405562,0.16645125,0.16590238,0.16298714,0.15868397,0.15430543,0.15131499,0.15098715,0.15399227,0.16014414,0.16849932,0.17772007,0.18645544,0.19359726,0.19840986,0.20058188,0.20023511,0.19790111,0.1944571,0.19100022,0.18864268,0.1882446,0.19016728,0.19416673,0.1994885,0.20510326,0.20996168,0.21318404,0.21416485,0.21260938,0.20852497,0.2021848,0.19407575,0.18483911,0.17521138,0.16597077,0.15789112,0.15169777,0.1480129,0.14728022,0.14967914,0.15506472,0.16297029,0.17267652,0.18331675,0.19398554,0.20383345,0.21214557,0.2184043,0.22233571,0.22393537,0.2234667,0.22142503,0.21846046,0.2152607,0.21240884,0.21025087,0.20881908,0.2078448,0.206857,0.20532784,0.2028148,0.19906354,0.19405693,0.18801145,0.18132962,0.1745213,0.16811134,0.16255687,0.15819904,0.1552642,0.15390624,0.15425602,0.15643583,0.16051647,0.16643289,0.1739064,0.18242045,0.19126567,0.19963533,0.20673807,0.21190156,0.2146523,0.21476592,0.21228667,0.2075155,0.20096783,0.19330299,0.18523137,0.17741232,0.17036434,0.16441442,0.15970536,0.15625662,0.15404709,0.15307562,0.15336844,0.15493247,0.15768568,0.16140962,0.16575699,0.17031667,0.1747114,0.17869359,0.18221013,0.18541671,0.1886317,0.19223213,0.19651404,0.20155998,0.20716317,0.21283694,0.21790098,0.22160801,0.22327136,0.22236733,0.21860258,0.2119466,0.20263475,0.19114883,0.17818254,0.16459957,0.15138856,0.13961186,0.13032967,0.12446886,0.12263088,0.124914,0.13087867,0.13968693,0.15030263,0.16163957,0.17263913,0.18231378,0.18978837,0.19435091,0.19551368,0.19307992,0.18721354,0.17850934,0.16805638,0.15746385,0.14875832,0.14399053,0.14449452,0.15020277,0.15966634,0.17074996,0.18134941,0.18977031,0.194842,0.19592133,0.19287074,0.1860376,0.17623927,0.16474408,0.15321645,0.14354785,0.13746414,0.13592194,0.13865015,0.14428161,0.15097106,0.156986,0.1610071,0.1622039,0.16021404,0.15509889,0.14730085,0.13760623,0.12710401,0.11711102,0.10900216,0.10388229,0.10216573,0.10335748,0.106274806,0.10952533,0.111887984
6,0.1130164,0.11034417,0.10601774,0.101331554,0.097987734,0.097748384,0.10174939,0.1099222,0.12110597,0.13366373,0.14600743,0.15683828,0.16521788,0.17058654,0.17277566,0.17202328,0.16898556,0.16472204,0.16061239,0.15814471,0.15854955,0.16238983,0.16935426,0.17840734,0.18816955,0.19728836,0.20467937,0.20964725,0.21193331,0.2117202,0.20960122,0.2065034,0.20354356,0.20180628,0.20207356,0.20459744,0.20902736,0.21453106,0.22003615,0.2244777,0.22697909,0.22695182,0.22413062,0.21856496,0.2105831,0.2007394,0.18975346,0.17844787,0.16768947,0.15833531,0.15117718,0.14687292,0.14585939,0.14826538,0.15386634,0.16211179,0.17221396,0.18325941,0.1943133,0.20450765,0.21311517,0.21961129,0.22372203,0.22545265,0.22508891,0.22316171,0.22036734,0.21744233,0.21500862,0.2134273,0.21271375,0.21255161,0.21240184,0.21166156,0.2098175,0.20655622,0.20181756,0.19579451,0.18888927,0.1816383,0.1746221,0.16837935,0.16334805,0.15984894,0.15810838,0.1582936,0.16052343,0.16483217,0.17110002,0.17899178,0.18794498,0.19721915,0.20598894,0.21345174,0.2189264,0.22192998,0.22222675,0.21984763,0.21507955,0.20842549,0.20053796,0.19213171,0.18388785,0.1763683,0.16996388,0.16489272,0.1612457,0.15905248,0.15832855,0.15907651,0.16124329,0.16466415,0.169035,0.17393778,0.17891532,0.18356948,0.18765199,0.19112262,0.1941576,0.19709918,0.20034873,0.20422488,0.20882885,0.21396664,0.2191578,0.22372286,0.22691344,0.22804347,0.22659478,0.2222854,0.2151013,0.20529641,0.19336879,0.18002129,0.16611578,0.15262865,0.1406085,0.13112113,0.12514617,0.12339763,0.12611726,0.13297865,0.14318246,0.15565512,0.16921994,0.18269855,0.19497137,0.20502982,0.21203469,0.21538189,0.21477167,0.21027789,0.20241435,0.19219184,0.18114258,0.17124563,0.16462503,0.1629284,0.16660842,0.17467752,0.18517871,0.19592161,0.20499653,0.21099125,0.2130399,0.2108111,0.20448332,0.19472131,0.18265104,0.16981363,0.1580462,0.14919592,0.1446093,0.14457855,0.14818656,0.15373637,0.15939526,0.1636394,0.16542715,0.16421641,0.1599265,0.15289056,0.14381072,0.13370997,0.123855084,0.115598,0.11007819,0.10782783,0.10852092,0.11111057,0.11425405,0.11670601
7,0.11865895,0.11578836,0.1114106,0.10693444,0.104139656,0.10476079,0.10978112,0.118947186,0.1309838,0.14421587,0.15705314,0.16820686,0.17675686,0.18217252,0.18432802,0.18351892,0.18047057,0.17631416,0.1724852,0.17048812,0.17151666,0.17605881,0.18372722,0.19343513,0.20377813,0.21339612,0.2212089,0.22653617,0.22914468,0.22925015,0.22747946,0.224782,0.2222728,0.22100276,0.22169425,0.2245332,0.22911656,0.23458014,0.23983477,0.24380633,0.24561352,0.24466938,0.24071983,0.23383851,0.22439285,0.21299218,0.20042634,0.18760052,0.17547087,0.16497976,0.15698422,0.15216872,0.15094537,0.15337247,0.15913421,0.16759793,0.17791991,0.18915698,0.20036249,0.21066591,0.21934216,0.22587276,0.22999567,0.23173663,0.23141249,0.22959562,0.22702992,0.22449651,0.22264613,0.22184129,0.22206661,0.22294822,0.22387464,0.22416818,0.22324717,0.2207408,0.21654487,0.21082334,0.20396702,0.19652198,0.1891028,0.18230766,0.17665432,0.1725506,0.17029893,0.17011492,0.17213017,0.17636082,0.18265179,0.19063118,0.19970852,0.20912637,0.21805058,0.22567336,0.23130865,0.23446693,0.23490354,0.23263821,0.22794497,0.22131369,0.21338584,0.2048713,0.1964575,0.18872872,0.18211511,0.17688555,0.17318094,0.17106453,0.17055672,0.17163241,0.17418514,0.17798653,0.18267542,0.18779491,0.19287053,0.1975055,0.20146587,0.20473284,0.20750627,0.21015075,0.21308632,0.21664546,0.22093819,0.22577453,0.2306737,0.23495324,0.23786119,0.23871025,0.23698518,0.23241174,0.22498718,0.21497734,0.20288877,0.18942511,0.17543842,0.16188584,0.14979592,0.14023295,0.13422133,0.13258433,0.13571694,0.14342551,0.15496168,0.16920935,0.1848842,0.20067088,0.21530873,0.22765827,0.23676726,0.24194033,0.24281015,0.2394062,0.2322177,0.22224268,0.21100183,0.20046097,0.19276084,0.189674,0.19193557,0.19889808,0.20882003,0.21952814,0.22898908,0.23561276,0.23835662,0.23673663,0.23080659,0.22112861,0.20873748,0.19508564,0.18193138,0.17110217,0.16407736,0.16148177,0.16281007,0.16664699,0.17122321,0.17492151,0.17654723,0.17540812,0.17130192,0.16447374,0.1555669,0.14556566,0.13570778,0.12732089,0.1215365,0.11892189,0.11923494,0.12151845,0.12447441,0.12684678
8,0.12743591,0.12451684,0.1201937,0.1159704,0.1136811,0.115029015,0.12089185,0.13091156,0.14375481,0.15771775,0.17118771,0.18285629,0.19179198,0.19746667,0.19977413,0.1990466,0.19605982,0.1920003,0.18835019,0.18663745,0.18805233,0.19306403,0.20126614,0.21155529,0.22250728,0.23273747,0.24114107,0.24701929,0.2501296,0.25068662,0.24931934,0.24697539,0.24475795,0.24369651,0.24449113,0.24731609,0.25177085,0.25700006,0.2619184,0.26544547,0.26668635,0.2650397,0.26024395,0.25237727,0.24182734,0.22924112,0.21546295,0.20146692,0.18828584,0.17693494,0.16832308,0.16314751,0.16178592,0.16422564,0.17007019,0.1786217,0.18899748,0.20023882,0.21139833,0.22161251,0.23016737,0.23655921,0.24054596,0.24218051,0.24181527,0.2400652,0.23771884,0.23559488,0.23436347,0.2343798,0.23559341,0.2375745,0.23964603,0.24106474,0.24118944,0.23959842,0.23614606,0.23096506,0.22442622,0.21706949,0.20952022,0.20240678,0.19629581,0.19165634,0.18885265,0.18814982,0.18970853,0.19355403,0.19952798,0.2072518,0.21613011,0.22540325,0.23423566,0.2418173,0.24745806,0.2506626,0.25117886,0.24901761,0.24444261,0.237932,0.23011474,0.22168928,0.21333574,0.20563897,0.19904004,0.19382708,0.19016193,0.1881207,0.18772078,0.18891697,0.19157183,0.19542582,0.20009612,0.2051184,0.21002468,0.21443516,0.21813917,0.2211436,0.2236727,0.22611068,0.22888976,0.2323461,0.23658584,0.24140958,0.24632439,0.2506351,0.25357875,0.25446042,0.2527615,0.24820866,0.24080278,0.23081386,0.21875021,0.20531236,0.19134395,0.17779101,0.16567601,0.15607506,0.1500584,0.14853974,0.15203613,0.16046238,0.17311358,0.18883483,0.20624223,0.22389396,0.24040219,0.25451502,0.26518998,0.2716676,0.2735439,0.2708389,0.2640558,0.25422198,0.24288914,0.23204033,0.22382055,0.22003193,0.22151901,0.22781403,0.23733069,0.24794674,0.25757784,0.264529,0.26764366,0.2663397,0.260597,0.2509253,0.23831904,0.2241882,0.21023569,0.19823116,0.18964493,0.18521002,0.18464649,0.18677562,0.18996535,0.19261555,0.19347443,0.1917707,0.18723392,0.18006496,0.17088722,0.16068119,0.15068223,0.14220063,0.13633123,0.13360485,0.13377015,0.13588633,0.13866928,0.14085549
9,0.13806432,0.13522041,0.13100548,0.12699482,0.12506537,0.12691407,0.13338202,0.1440815,0.1576589,0.17238007,0.18658827,0.19892769,0.20842761,0.21453588,0.21714051,0.2165867,0.21367916,0.2096443,0.20600773,0.20433897,0.20586729,0.2110994,0.21965806,0.23044708,0.2420205,0.25294933,0.26207528,0.26864815,0.2723825,0.27345988,0.27248463,0.27038553,0.26825336,0.26711628,0.2676917,0.27019194,0.2742656,0.2790997,0.28363025,0.28677383,0.2876147,0.28552377,0.28021446,0.2717503,0.26051915,0.24718517,0.232627,0.2178674,0.20399617,0.19208276,0.1830729,0.17766933,0.17622,0.17865801,0.1845281,0.19308606,0.20342167,0.21456562,0.225572,0.23558637,0.24390896,0.25005484,0.2538059,0.25524512,0.25476095,0.25300875,0.25081635,0.24903318,0.24834287,0.24909166,0.25119847,0.25418806,0.25733128,0.25983316,0.26100445,0.26038057,0.25777835,0.25329804,0.24728376,0.24025574,0.23282951,0.2256366,0.21926202,0.21420759,0.21087974,0.20958784,0.21053249,0.2137718,0.21917388,0.22638124,0.23481439,0.24372351,0.25227663,0.25966212,0.26518506,0.26834384,0.26887995,0.2667978,0.26235408,0.25601783,0.24840604,0.2402015,0.2320665,0.22456846,0.21813464,0.21304487,0.20945689,0.20744355,0.20701689,0.20812424,0.210622,0.21425037,0.21863496,0.22332834,0.22788563,0.23195387,0.23535074,0.23811081,0.24048261,0.24286774,0.24570549,0.24932696,0.25382203,0.2589675,0.26424345,0.2689286,0.2722371,0.2734559,0.27205327,0.2677474,0.26053423,0.2506809,0.23869398,0.22527327,0.21126442,0.19762215,0.1853896,0.1756803,0.16962089,0.16819793,0.17200693,0.1810236,0.19455837,0.21141498,0.23012464,0.24914177,0.26697722,0.28229335,0.29398474,0.3012547,0.30368927,0.3013246,0.29470262,0.28490326,0.27352926,0.26259342,0.25423628,0.25023773,0.25144804,0.25745925,0.26676542,0.2772893,0.28693715,0.29396796,0.29717007,0.2959164,0.29015994,0.28040043,0.26763016,0.25324956,0.23892753,0.22636889,0.21697211,0.2114471,0.20958032,0.21032257,0.21216366,0.21357223,0.21331501,0.21061513,0.2051966,0.19726825,0.18747728,0.17683622,0.16660325,0.15807918,0.15230298,0.14971714,0.14998765,0.1521229,0.15481468,0.15678565
10,0.14910297,0.14641102,0.14231044,0.1384279,0.13668182,0.1387962,0.14563642,0.15683939,0.17105475,0.18651515,0.20150402,0.21459815,0.2247664,0.23141089,0.2343921,0.23404686,0.23119025,0.22707647,0.22327541,0.22141765,0.22280931,0.22803947,0.23679501,0.24800174,0.26018733,0.27186102,0.28178668,0.2891357,0.29355246,0.29516035,0.29451907,0.29252836,0.29027015,0.28879106,0.2888592,0.2907645,0.2942417,0.2985478,0.3026558,0.30548367,0.3060905,0.3038085,0.29831102,0.28962877,0.2781298,0.26447397,0.24955197,0.23441271,0.22018142,0.20796376,0.19873169,0.19319506,0.19168712,0.19411078,0.19997583,0.2085074,0.21877356,0.22979349,0.24061926,0.25040245,0.2584561,0.2643139,0.26778185,0.26897228,0.26830745,0.26647833,0.26434615,0.2627855,0.26249117,0.26380387,0.26662192,0.27043906,0.27449054,0.2779448,0.28007737,0.28038976,0.278666,0.27497393,0.26962548,0.2631098,0.25601482,0.2489523,0.24249966,0.23716666,0.23338361,0.23149699,0.23175333,0.23426074,0.23893626,0.24546522,0.25330007,0.2617096,0.269868,0.2769609,0.2822864,0.28533524,0.28584287,0.28380966,0.27948874,0.27334398,0.26598206,0.25806856,0.2502407,0.24303536,0.23684771,0.23192883,0.22841455,0.22636431,0.22578573,0.226631,0.22877128,0.23197067,0.23588537,0.24010175,0.24420883,0.24788594,0.25098112,0.25355685,0.25588542,0.2583843,0.2614965,0.26554176,0.27058384,0.27636272,0.2823171,0.28768504,0.2916445,0.29345214,0.29255235,0.2886456,0.28171578,0.27202356,0.260075,0.24657726,0.2323938,0.21851109,0.20601961,0.1960932,0.18992299,0.18855207,0.19261451,0.20209958,0.21630062,0.23397274,0.253576,0.2734863,0.29214248,0.30815086,0.32037076,0.32799384,0.33061823,0.3283148,0.32167858,0.31185213,0.30049413,0.2896452,0.28142783,0.27756464,0.2788484,0.2848542,0.29409894,0.304536,0.31408557,0.32100397,0.32407257,0.3226645,0.31674537,0.3068379,0.29395854,0.2795176,0.26516002,0.25252044,0.24289246,0.2368911,0.23426932,0.23401783,0.23470594,0.2348808,0.23336996,0.22944465,0.22287609,0.21392778,0.20331039,0.19209997,0.18159866,0.17310426,0.16758594,0.16536206,0.16596523,0.16830435,0.17101635,0.17280167
11,0.15926687,0.15675834,0.15274838,0.1488995,0.14717346,0.14934824,0.15635602,0.167893,0.18262666,0.19875568,0.21449564,0.228345,0.23919953,0.24640143,0.2497682,0.24961253,0.2467458,0.24244133,0.2383148,0.23607321,0.23712699,0.24217811,0.25099966,0.26254687,0.2753152,0.2877383,0.29848456,0.306628,0.3117241,0.31382138,0.31342244,0.31139284,0.30881038,0.30675605,0.30607355,0.30716,0.3098642,0.3135354,0.31719717,0.31977397,0.32029703,0.31805146,0.31265768,0.30409786,0.29270166,0.27910462,0.26418784,0.24900481,0.23469608,0.22238828,0.21307333,0.20747398,0.20592645,0.20832713,0.21417208,0.22266883,0.23286794,0.24377514,0.25443578,0.2640026,0.27179742,0.2773696,0.2805464,0.28146613,0.28057992,0.27860838,0.27643964,0.27496862,0.27490085,0.2765769,0.27988562,0.28430507,0.2890515,0.29327276,0.2962226,0.29737923,0.29650033,0.2936232,0.28902397,0.28315136,0.27655095,0.26979527,0.2634325,0.2579596,0.2538149,0.25137466,0.25093415,0.25266287,0.2565431,0.26231888,0.26948604,0.2773375,0.2850537,0.29181468,0.29690763,0.29981315,0.30026025,0.29824728,0.29402772,0.2880646,0.28095794,0.27335674,0.2658698,0.25899512,0.25308365,0.2483441,0.24487889,0.24272834,0.24189784,0.24235478,0.24400067,0.24664067,0.24997658,0.25363907,0.25725648,0.2605419,0.26337287,0.2658384,0.26823348,0.27099085,0.27455616,0.27923456,0.28505728,0.2917179,0.29860172,0.30489334,0.3097221,0.31230316,0.31204763,0.30863103,0.3020211,0.2924717,0.28049338,0.26681077,0.2523209,0.23806109,0.22518799,0.21494858,0.2085989,0.20722204,0.21145877,0.22127582,0.23592442,0.2541062,0.27422354,0.29459834,0.3136263,0.32988602,0.3422275,0.3498524,0.3523881,0.34995228,0.34319952,0.3333357,0.3220707,0.31146243,0.3035985,0.30011734,0.3017145,0.30790102,0.31718025,0.3275253,0.33688566,0.3435468,0.34632048,0.34461585,0.33844188,0.3283686,0.31545413,0.30112857,0.28701502,0.27466998,0.26526013,0.25926414,0.25634235,0.25546584,0.2552455,0.25430053,0.25153834,0.24631108,0.23847365,0.22837925,0.21683261,0.20499839,0.1942398,0.18585719,0.18074103,0.17906179,0.18018647,0.18289366,0.18574542,0.18741423
12,0.16756895,0.16523734,0.16127767,0.15737608,0.15553765,0.15761027,0.16461699,0.17633164,0.19144729,0.20812976,0.22452553,0.23905239,0.25052908,0.25823212,0.26192808,0.26189634,0.2589358,0.2543333,0.24975109,0.24698211,0.24755758,0.25230908,0.2611055,0.27293095,0.2862411,0.29938334,0.31091964,0.3198166,0.3255315,0.32803035,0.32775348,0.32553154,0.32244357,0.31961665,0.31798744,0.3180804,0.31987846,0.3228392,0.32604715,0.32843673,0.32900926,0.32699612,0.3219548,0.31380594,0.30282602,0.28960925,0.27500895,0.26006463,0.24591541,0.23369668,0.224416,0.21881504,0.21724804,0.21962403,0.22544268,0.23390523,0.24404936,0.25486675,0.26539272,0.27477682,0.2823452,0.28765848,0.29056087,0.29121125,0.29008344,0.28792045,0.28563043,0.28412378,0.2841159,0.28595185,0.28952092,0.29429933,0.29950002,0.30426607,0.30784413,0.30970132,0.3095778,0.30748463,0.30366132,0.29850978,0.29252148,0.28621393,0.28008804,0.2746106,0.27021444,0.26729837,0.2662069,0.26717815,0.27027068,0.2752979,0.28180626,0.28911456,0.29640698,0.30285263,0.3077225,0.31048307,0.31085587,0.30883873,0.3046897,0.29887626,0.29199708,0.28468806,0.27753004,0.27097884,0.26533473,0.2607562,0.25730592,0.2550024,0.2538516,0.25384367,0.2549212,0.2569412,0.2596594,0.26275483,0.26589513,0.26882428,0.27144536,0.27387074,0.27641693,0.27953303,0.28366923,0.289117,0.2958733,0.30357996,0.31156063,0.31893668,0.32477885,0.328252,0.32872668,0.32584882,0.31956825,0.31013405,0.29806674,0.28411782,0.2692295,0.25450176,0.24116641,0.23054628,0.22395605,0.22250271,0.22681047,0.2368006,0.2516685,0.27006352,0.29034522,0.3108048,0.32982084,0.34596923,0.3581121,0.3654779,0.36773464,0.36505225,0.35814485,0.3482758,0.33719572,0.32696557,0.31962112,0.31669688,0.3187669,0.32525146,0.33461997,0.3448599,0.3539618,0.3602633,0.36263388,0.3605451,0.3540717,0.34384805,0.33098474,0.31693655,0.30330306,0.29155463,0.28271574,0.27710372,0.2742523,0.2730762,0.27220035,0.27030522,0.26638395,0.25988582,0.25077048,0.2395025,0.22700137,0.21453863,0.20355305,0.19535488,0.19075297,0.18975715,0.19155055,0.19476439,0.19787505,0.19952422
13,0.17337099,0.17117807,0.16721855,0.16319256,0.1611455,0.16300052,0.16987951,0.18163812,0.19699559,0.21408623,0.23099123,0.24605282,0.25801718,0.26609755,0.2700096,0.2699972,0.26684365,0.26184675,0.25671607,0.25333494,0.25336194,0.25776187,0.26649573,0.27856654,0.29237875,0.306185,0.31843683,0.3279922,0.33421108,0.33697832,0.3366747,0.3340999,0.3303406,0.32657897,0.32385594,0.32283568,0.32364708,0.32586494,0.32863933,0.33091477,0.3316591,0.33004412,0.32555705,0.31804842,0.30773133,0.29514697,0.28110796,0.26662627,0.25282708,0.24084538,0.23170106,0.22615863,0.22460067,0.22696231,0.23275942,0.24119598,0.25130162,0.26205522,0.27248064,0.28172126,0.289104,0.2941965,0.2968547,0.29725245,0.29587924,0.2934931,0.29101473,0.28936452,0.28926536,0.29106918,0.29467288,0.29956183,0.3049594,0.3100192,0.31399605,0.31635985,0.3168446,0.31544268,0.3123596,0.3079477,0.30263668,0.29687718,0.29110867,0.28575382,0.28122836,0.27794683,0.2763016,0.27660313,0.27899235,0.2833577,0.2892981,0.29615572,0.30311233,0.3093183,0.3140212,0.31666854,0.31697235,0.31493157,0.31081304,0.30509523,0.2983828,0.2913053,0.2844203,0.27814338,0.27272323,0.26826602,0.26479244,0.26229924,0.2607955,0.2602994,0.26080045,0.26221204,0.2643449,0.26692367,0.269649,0.2722876,0.2747607,0.27719924,0.27994072,0.28345406,0.28820035,0.294464,0.30221143,0.3110327,0.32018596,0.328723,0.33564895,0.34007174,0.34131655,0.33899677,0.33304405,0.32370496,0.31151453,0.29725724,0.28192636,0.2666887,0.25285134,0.24180792,0.23492143,0.23330879,0.23756334,0.24755011,0.2624061,0.28073576,0.3008722,0.3210973,0.33979455,0.35555688,0.36727422,0.37421235,0.37608477,0.37311316,0.36606523,0.35625193,0.34545124,0.3357132,0.3290084,0.3267556,0.32939562,0.33624578,0.34573212,0.35585514,0.3646545,0.37053522,0.37244233,0.3699271,0.3631444,0.35280347,0.34007427,0.32643878,0.31347197,0.30255333,0.29455653,0.28962457,0.2871457,0.28595653,0.28467655,0.2820359,0.27711013,0.2694493,0.25912514,0.24672276,0.23328698,0.22020866,0.20901573,0.20104042,0.19701603,0.19678994,0.19935443,0.2031858,0.20667003,0.20841677
14,0.17640348,0.17428383,0.17026743,0.16606164,0.16374749,0.16531995,0.171994,0.18369775,0.1991689,0.21651004,0.2337444,0.24915001,0.2614125,0.26969197,0.27366093,0.27353266,0.2700776,0.26460657,0.25887796,0.25486684,0.25435704,0.25843698,0.26714116,0.27946943,0.29375806,0.3081583,0.32101387,0.33108273,0.33763835,0.34049562,0.33998612,0.33688837,0.3323054,0.3274825,0.3235718,0.32138306,0.32119417,0.32269707,0.3251034,0.32736135,0.3283984,0.3273208,0.323541,0.31683552,0.3073504,0.29556903,0.28225744,0.2683931,0.25508028,0.24344797,0.23452601,0.2291033,0.22759591,0.2299721,0.23577073,0.2442043,0.2542981,0.26501998,0.27538252,0.2845218,0.29176277,0.29667664,0.2991269,0.29929668,0.29768494,0.2950573,0.29234,0.29045695,0.29013473,0.2917315,0.29515526,0.29990792,0.3052344,0.31031227,0.3144196,0.31704417,0.31792775,0.31705487,0.31460404,0.3108803,0.30624872,0.30108616,0.29576117,0.29064178,0.28611752,0.28261232,0.28056365,0.2803545,0.28220928,0.28609058,0.29164544,0.29823124,0.30501652,0.3111223,0.31576398,0.31836444,0.3186242,0.3165447,0.31240648,0.30670664,0.3000653,0.293116,0.28640255,0.28030783,0.2750345,0.2706394,0.26710364,0.26440433,0.2625565,0.2616086,0.26159802,0.2624921,0.26414984,0.2663304,0.26875356,0.27119496,0.27358258,0.27605984,0.27898574,0.28285655,0.28815657,0.29517663,0.30386394,0.31376266,0.32406628,0.33375424,0.3417613,0.3471339,0.34914827,0.34738347,0.3417527,0.33250144,0.32018143,0.3056119,0.28983748,0.2740888,0.25974146,0.24824947,0.2410124,0.2391472,0.24321096,0.253013,0.26763874,0.28566024,0.30540097,0.32515135,0.3433164,0.3585194,0.36968654,0.37612408,0.37758934,0.37434918,0.36721462,0.35753128,0.3470918,0.33792436,0.33192798,0.33040348,0.33365813,0.34090504,0.35052457,0.3605298,0.36901313,0.37445366,0.37588048,0.3729323,0.36585093,0.35542586,0.34289056,0.32975775,0.31758043,0.30764887,0.30068582,0.29665652,0.2947956,0.2938485,0.29241446,0.28925955,0.28353167,0.2748743,0.2634663,0.25001052,0.2356779,0.22198541,0.21056469,0.2027898,0.19933686,0.19990149,0.20328794,0.20781633,0.21178004,0.21375486
15,0.17677747,0.17464265,0.17050733,0.16608347,0.16348286,0.16476251,0.17121246,0.18281022,0.19829507,0.21573487,0.2331047,0.24863504,0.2609692,0.26923132,0.27306542,0.27266625,0.26880094,0.26280043,0.25647658,0.2518959,0.25095764,0.25484952,0.26364312,0.27629858,0.29106122,0.3059767,0.31929147,0.32968214,0.33635685,0.3390812,0.3381564,0.33435556,0.3288108,0.32283944,0.31770957,0.31437615,0.3132601,0.31415853,0.3163287,0.31870642,0.32016647,0.3197428,0.3167715,0.31095773,0.302384,0.29148,0.2789678,0.2657916,0.2530345,0.24181879,0.23318332,0.22794114,0.22654171,0.22898632,0.23483707,0.24331537,0.25344327,0.26417893,0.27452445,0.28360832,0.29075262,0.29552984,0.29780778,0.2977748,0.29593408,0.29305306,0.29005703,0.28786716,0.28720853,0.28844213,0.29148653,0.29586348,0.30084625,0.30564708,0.3095807,0.3121682,0.3131747,0.31259164,0.31058255,0.30741325,0.3033879,0.2988089,0.29396972,0.28917783,0.28479022,0.28123492,0.27899042,0.27850863,0.2800923,0.28376967,0.28922322,0.29580986,0.30266938,0.30888012,0.31361598,0.31626981,0.31652918,0.3144001,0.31018198,0.30439904,0.29769844,0.29073128,0.28404212,0.2779952,0.2727588,0.26834995,0.26471686,0.26182172,0.25968778,0.25839347,0.25801903,0.25857538,0.25995365,0.26192683,0.26421186,0.266573,0.26893,0.27143162,0.27446088,0.27855343,0.28423646,0.29182982,0.3012813,0.3121027,0.32342866,0.33416647,0.34317774,0.34944385,0.3521889,0.3509555,0.34563765,0.33647913,0.32404763,0.30919465,0.29301092,0.27678213,0.26194006,0.24998562,0.24234377,0.24012698,0.24386013,0.25330782,0.26751843,0.2850477,0.30422446,0.3233608,0.34089276,0.35547903,0.36608228,0.37204495,0.3731595,0.3697261,0.36258525,0.35310382,0.34307837,0.3345107,0.32923117,0.32843208,0.33229804,0.33994508,0.34970948,0.35961497,0.3678037,0.37282667,0.3737951,0.3704339,0.36307088,0.35257652,0.340251,0.32764408,0.31629646,0.30742022,0.30159724,0.2986208,0.29757112,0.2970944,0.29575577,0.29234082,0.28605244,0.2766107,0.26428518,0.24988219,0.23468933,0.22035024,0.20861578,0.20093185,0.19795206,0.19924636,0.20344332,0.20870924,0.2132423,0.21557969
16,0.17498878,0.17273346,0.16841544,0.16375415,0.16088895,0.16192447,0.16819616,0.17969449,0.19513433,0.21254344,0.22986062,0.2452893,0.25745368,0.26546463,0.2689584,0.26812994,0.2637595,0.2572118,0.2503613,0.24536517,0.24421951,0.24816939,0.257266,0.27037868,0.2856356,0.3009783,0.31457633,0.3250537,0.33158413,0.33391345,0.33233878,0.3276505,0.32102737,0.31387055,0.307568,0.30321407,0.3013557,0.30186802,0.30402225,0.30671316,0.30874383,0.3090688,0.30695087,0.30203322,0.29434812,0.2842851,0.2725349,0.26001886,0.24780685,0.23701917,0.2287056,0.22370142,0.22248419,0.22508045,0.23106752,0.23966986,0.2499035,0.26071653,0.27110127,0.28017956,0.28727064,0.2919476,0.2940809,0.2938619,0.29179502,0.28864586,0.2853342,0.28277332,0.28168097,0.28241563,0.2849022,0.28868034,0.2930535,0.29727438,0.3007043,0.30291134,0.30370054,0.30308825,0.30124065,0.29839975,0.29482046,0.29073793,0.2863734,0.28197336,0.27785966,0.27446023,0.2722891,0.27185848,0.27353647,0.27739817,0.28313825,0.29008967,0.29734325,0.30392095,0.30894712,0.31178176,0.31209978,0.30991465,0.30555016,0.29956624,0.2926491,0.28548342,0.27863356,0.272465,0.26713046,0.2626229,0.2588694,0.2558244,0.25352147,0.2520646,0.25156513,0.25205773,0.25343874,0.2554645,0.25781912,0.2602302,0.2625919,0.26505086,0.26801825,0.27208567,0.27785012,0.28569293,0.29559278,0.30705112,0.31915575,0.3307451,0.34060618,0.34765157,0.35104963,0.35030356,0.34528542,0.33623448,0.32373026,0.30865023,0.29212117,0.2754702,0.2601691,0.24775006,0.23965396,0.23699036,0.24026532,0.24921957,0.26288578,0.2798205,0.2983697,0.31687322,0.33379903,0.347837,0.35797784,0.36358812,0.36448056,0.3609723,0.35391772,0.3446921,0.33508953,0.32708865,0.3224654,0.32232538,0.3267525,0.3347797,0.34470233,0.35454878,0.36250052,0.36716807,0.36773273,0.36399484,0.3563602,0.3457765,0.33361334,0.32146856,0.31088895,0.30303136,0.2983587,0.2965076,0.2964087,0.2966029,0.29560626,0.29220313,0.2856277,0.27565104,0.26260734,0.24738108,0.2313559,0.216294,0.20407932,0.19626963,0.19355029,0.1954114,0.20032963,0.20632213,0.2114863,0.21431077
17,0.17190032,0.16941266,0.16485338,0.15995812,0.15689349,0.1577932,0.16399793,0.175463,0.19084688,0.20813166,0.22523369,0.2403525,0.25211883,0.25965607,0.2626178,0.26122355,0.2562898,0.2492358,0.24201208,0.23686439,0.23585474,0.24022153,0.24991663,0.26365817,0.27943578,0.29509962,0.30877367,0.31906724,0.32515767,0.32680663,0.32433975,0.31859314,0.3108156,0.3025075,0.29518068,0.29005677,0.28777793,0.2882511,0.29071057,0.29396847,0.29673243,0.2978726,0.2965881,0.29247877,0.28554928,0.27617258,0.26503032,0.25304076,0.24127641,0.23086673,0.22287688,0.21816117,0.21721421,0.2200718,0.22630997,0.23514384,0.24557662,0.25654426,0.26703003,0.2761504,0.283223,0.28782216,0.28982124,0.28941444,0.2871072,0.2836625,0.27999315,0.27700174,0.27539408,0.27551973,0.27730256,0.28029343,0.28382105,0.28717723,0.28977358,0.29123434,0.2914194,0.2903898,0.2883375,0.28550446,0.28211793,0.27836293,0.27440056,0.27042273,0.2667179,0.26371118,0.26194373,0.26197264,0.26420683,0.2687363,0.2752334,0.2829766,0.29098722,0.29822022,0.30374828,0.30690047,0.3073429,0.3051007,0.30052695,0.29422405,0.28692803,0.2793729,0.27216363,0.26569128,0.260118,0.25543463,0.25156397,0.24846196,0.24617332,0.24481815,0.2445187,0.2453028,0.24703515,0.24941741,0.25206715,0.2546494,0.25701603,0.25930473,0.26195905,0.2656438,0.27105674,0.2786808,0.28856665,0.30023798,0.31275532,0.3248958,0.33537155,0.34302256,0.3469565,0.34663233,0.34189546,0.33297527,0.32045606,0.30523112,0.28844997,0.27146387,0.2557655,0.2429015,0.23432061,0.23113602,0.23385678,0.24222909,0.25529662,0.2716339,0.2896106,0.30759203,0.32406926,0.33774984,0.34763578,0.353099,0.35395312,0.35051388,0.34363344,0.33468518,0.3254594,0.31792295,0.31382245,0.31421053,0.31910235,0.32746732,0.33756274,0.34741107,0.35521418,0.35962033,0.3598593,0.35578725,0.34787297,0.33713335,0.3250096,0.31316262,0.30317312,0.2961789,0.2925591,0.29181862,0.29274833,0.29377797,0.29335722,0.29024434,0.28367552,0.27344117,0.25990662,0.24400015,0.22716996,0.2112762,0.1983413,0.1900787,0.18727945,0.18942451,0.19487834,0.20151693,0.20732714,0.2107327
18,0.1686723,0.16585138,0.16100907,0.15591128,0.15275362,0.15367638,0.15997693,0.17152207,0.18688318,0.20399472,0.22076628,0.235416,0.24660598,0.25349763,0.2557887,0.25375086,0.24826513,0.24083085,0.23349044,0.22856894,0.22814466,0.23336135,0.24397992,0.25851414,0.27481163,0.29065993,0.30417842,0.31400374,0.31935653,0.32005176,0.31647873,0.30955175,0.3006174,0.29129386,0.28321955,0.27772194,0.27548954,0.27639306,0.27956158,0.2836758,0.28732657,0.2893027,0.28875864,0.28527805,0.27886862,0.26991728,0.25912598,0.2474363,0.23594561,0.22580804,0.21811041,0.21372063,0.21313389,0.21637183,0.22298649,0.23216695,0.24289484,0.25409123,0.26473078,0.2739263,0.2809954,0.28551528,0.2873637,0.28673974,0.28415233,0.2803647,0.27628526,0.27280697,0.27062213,0.2700664,0.27105412,0.2731359,0.27565384,0.27792853,0.27941564,0.2797959,0.27899292,0.2771305,0.2744525,0.2712323,0.26770216,0.26402682,0.2603305,0.25676614,0.25359568,0.25123873,0.25024995,0.25120455,0.25451308,0.260234,0.267974,0.27692682,0.28603035,0.2941725,0.30038172,0.3039657,0.30458945,0.30229512,0.29746822,0.29075703,0.28295338,0.2748521,0.26711717,0.2601898,0.25426894,0.24936941,0.24542925,0.24241617,0.24038346,0.23945127,0.23972328,0.24118178,0.24361813,0.24664235,0.24977742,0.25260764,0.25493163,0.25687242,0.2589063,0.26178154,0.26632154,0.27315116,0.28244087,0.29378024,0.3062323,0.31852767,0.32930645,0.33733284,0.3416481,0.34166044,0.3371817,0.32842368,0.3159659,0.3007053,0.28379846,0.26660174,0.2506083,0.23736142,0.22830956,0.22457805,0.226705,0.23447692,0.24697845,0.26281816,0.28039026,0.29807496,0.31436855,0.32797492,0.33788475,0.3434531,0.34447414,0.34124434,0.33460057,0.32590774,0.31695604,0.30971792,0.30594274,0.30667192,0.3118907,0.32052827,0.33080637,0.34072658,0.34848595,0.35274127,0.35274172,0.34837344,0.3401475,0.32913765,0.31685695,0.30504587,0.29535386,0.28894702,0.28616878,0.28642768,0.28838897,0.29036614,0.29072273,0.28816307,0.2818933,0.2716891,0.25791076,0.24149217,0.22390635,0.2070768,0.1931516,0.18403254,0.18069938,0.18272105,0.18841282,0.19552644,0.20192632,0.20594855
19,0.16659853,0.16337815,0.15824212,0.15300295,0.14988634,0.15101326,0.15758832,0.16934437,0.18474698,0.20168775,0.21808454,0.23219186,0.24272211,0.24889582,0.25047883,0.24782225,0.24190031,0.23431751,0.22721721,0.22297819,0.22362201,0.23009668,0.2418944,0.2573043,0.27405787,0.28992298,0.30305633,0.31215888,0.3165282,0.3160653,0.3112559,0.30312476,0.29314452,0.28306866,0.27465796,0.26930946,0.26768887,0.26954594,0.27383265,0.27905872,0.28369206,0.28645656,0.2864896,0.2833903,0.27720115,0.26835442,0.25760207,0.24593657,0.23450348,0.22449778,0.21703316,0.21298316,0.21282344,0.21653609,0.22362615,0.23324129,0.24433382,0.2558074,0.26662797,0.2759054,0.2829583,0.28736782,0.2890183,0.28811705,0.28518146,0.28098175,0.27642906,0.27241343,0.26961765,0.26836267,0.26854628,0.26970613,0.27117974,0.27229685,0.27253902,0.2716309,0.2695564,0.26651114,0.26281336,0.2588023,0.25475702,0.25086415,0.24724758,0.24404714,0.24151012,0.24004628,0.24020077,0.24252567,0.24737887,0.25473285,0.26408848,0.2745374,0.28493714,0.29412383,0.3010999,0.3051671,0.30599993,0.3036622,0.29857263,0.29142374,0.28306252,0.27434808,0.2660136,0.25856826,0.25227085,0.24718337,0.2432769,0.24053735,0.23901874,0.23881838,0.23998722,0.24242392,0.24581365,0.24965295,0.2533604,0.25643694,0.25862667,0.26003364,0.26115903,0.2628286,0.26599687,0.2714554,0.27953783,0.28994912,0.3017965,0.31378952,0.32450718,0.33263835,0.3371533,0.33740258,0.33315656,0.32460037,0.31229803,0.2971372,0.28026566,0.26302692,0.24689506,0.23339279,0.22395866,0.21973526,0.22131224,0.2285495,0.24060167,0.25612524,0.27353546,0.2912112,0.3076311,0.32147068,0.33168578,0.3375941,0.33895352,0.33602926,0.32963568,0.3211282,0.31230432,0.30516076,0.30148137,0.30233723,0.30772266,0.31655043,0.3270091,0.33706307,0.3448771,0.34908488,0.34892365,0.34428138,0.33568814,0.3242594,0.31157637,0.29947284,0.28970134,0.2835087,0.2812596,0.28230995,0.28521967,0.2881824,0.28945595,0.28766277,0.28194818,0.27204147,0.25826594,0.2415264,0.22328123,0.20547363,0.19034104,0.17997433,0.17560776,0.17700844,0.18253376,0.1898475,0.19668496,0.20126987
20,0.16682722,0.16319753,0.15779647,0.15249605,0.14954978,0.15103431,0.15802611,0.17010339,0.18562745,0.2024577,0.21852976,0.2321421,0.24206589,0.24759264,0.24857259,0.2454565,0.23933284,0.2319246,0.22546646,0.22234175,0.22442962,0.23240224,0.24545744,0.26169047,0.2787673,0.2944791,0.30704975,0.31526652,0.3185241,0.31683096,0.31079367,0.30157268,0.29078776,0.28033498,0.27207813,0.2674295,0.2669513,0.2701935,0.27588344,0.28235075,0.2879576,0.2913906,0.29179835,0.28882137,0.28256077,0.27351698,0.26251408,0.2506164,0.2390354,0.22901838,0.22170779,0.21797366,0.2182552,0.22247632,0.23008044,0.2401649,0.2516478,0.26341242,0.2744135,0.2837558,0.29075736,0.29500297,0.296385,0.29512292,0.2917497,0.28705207,0.2819564,0.27736264,0.27395532,0.27204677,0.2715169,0.27187937,0.27244815,0.27253687,0.27162522,0.26945597,0.2660542,0.26167983,0.25673378,0.25164655,0.24678396,0.24240223,0.23867038,0.23574904,0.23388599,0.23347282,0.23501289,0.23898382,0.24563475,0.25480893,0.26588404,0.27785736,0.28952926,0.29971084,0.3074013,0.31191245,0.31293666,0.31056204,0.30523795,0.29769546,0.28882974,0.2795585,0.27068272,0.2627838,0.2561902,0.2510226,0.24729264,0.24500264,0.24419376,0.24491678,0.24714287,0.25066563,0.25505507,0.2596988,0.263924,0.26716214,0.2691105,0.2698511,0.26989475,0.2701214,0.27159506,0.27526873,0.2816594,0.29062915,0.30137643,0.31262773,0.32292336,0.3308863,0.33541632,0.33580202,0.33176517,0.32345548,0.3114111,0.2964987,0.27984408,0.26276365,0.24669787,0.23313512,0.22349401,0.21893214,0.22010045,0.22695203,0.23873185,0.25415385,0.27164963,0.28958076,0.3063875,0.32069606,0.33140987,0.33779636,0.33956945,0.33696017,0.3307621,0.32232702,0.31346953,0.30622578,0.30243608,0.3032295,0.30863777,0.31757596,0.32820156,0.3384282,0.346365,0.35059538,0.35031784,0.34539798,0.3363647,0.32435974,0.3110254,0.29829478,0.28804865,0.28165987,0.27957034,0.2811312,0.28482267,0.2887198,0.29095918,0.2900578,0.2850751,0.2756703,0.26210734,0.24523926,0.22648166,0.20775801,0.19134447,0.17948018,0.17366755,0.17395857,0.17886002,0.18601178,0.19303183,0.19801489
21,0.1700275,0.16603923,0.16043173,0.15514134,0.1524439,0.15435833,0.16182789,0.17429027,0.19002284,0.2068633,0.22276427,0.23606262,0.24558364,0.25068903,0.25131676,0.24802315,0.24201399,0.23512135,0.22963683,0.22788568,0.2315409,0.2409817,0.25515628,0.27203536,0.28927234,0.30470794,0.31664202,0.3239505,0.32612813,0.32329747,0.3161957,0.30612928,0.29486936,0.28444257,0.27677795,0.27324083,0.27422473,0.27904144,0.2861944,0.2938601,0.30032754,0.30427182,0.30487016,0.30181572,0.2952771,0.285831,0.27438256,0.26207668,0.2501982,0.24005061,0.23280402,0.22931965,0.22999391,0.23468836,0.24278311,0.2533236,0.2651904,0.2772408,0.288412,0.29779744,0.30470964,0.3087345,0.30977267,0.30805966,0.30415165,0.29886422,0.29315475,0.28795153,0.2839586,0.2814934,0.2804232,0.2802328,0.28019714,0.27958977,0.27785918,0.27473444,0.27025163,0.26471078,0.25858268,0.25239235,0.246613,0.2416049,0.23762143,0.23487595,0.23363075,0.23424965,0.23716329,0.24273488,0.2510732,0.26188383,0.27443725,0.28766686,0.30034816,0.31129313,0.31951496,0.3243448,0.32549652,0.3230812,0.31757402,0.30973682,0.30050233,0.29083475,0.2815905,0.2734127,0.26669154,0.2616,0.2581829,0.25644827,0.2564097,0.2580575,0.26127595,0.26575917,0.27098083,0.2762468,0.2808209,0.28408763,0.28570968,0.2857461,0.28470173,0.28347996,0.28321466,0.2849847,0.28947625,0.2967235,0.30605298,0.3162494,0.3258475,0.33342457,0.33781892,0.3382585,0.33441296,0.32639003,0.3146939,0.30016115,0.28388718,0.26715338,0.25136042,0.23795664,0.2283343,0.22365804,0.22463311,0.23130369,0.24300742,0.25851732,0.27627733,0.29462236,0.31194276,0.3268055,0.33805534,0.34490806,0.3470371,0.34464714,0.33852193,0.33002174,0.32098958,0.31350985,0.30948618,0.31011245,0.31546587,0.3244701,0.33525157,0.34566513,0.3537504,0.3580243,0.35763088,0.35239917,0.34284467,0.33012515,0.3159359,0.30230695,0.29125655,0.28430998,0.28202745,0.2837978,0.28804955,0.29274756,0.29590005,0.2959044,0.291719,0.28292045,0.26970434,0.25286445,0.23376381,0.21428461,0.19669761,0.1833246,0.17588568,0.1747367,0.17861767,0.18522699,0.1921052,0.19722189
22,0.17616649,0.17190865,0.1661555,0.16090415,0.15844965,0.16076124,0.16867933,0.1815434,0.19757535,0.21459565,0.23056212,0.24383265,0.25326982,0.25829124,0.25891042,0.255776,0.2501916,0.24406566,0.23969884,0.23931177,0.24436332,0.25499484,0.26999563,0.28728625,0.30454275,0.31965962,0.33100206,0.3375205,0.3387971,0.3350589,0.32716584,0.31656078,0.30514878,0.2950558,0.28823096,0.28594756,0.28840977,0.29470918,0.3031693,0.3118582,0.3190215,0.32333577,0.32400802,0.32077965,0.31388035,0.30395743,0.29199225,0.27920684,0.2669564,0.25659811,0.24932851,0.24600218,0.24697964,0.25206998,0.26059848,0.27156153,0.28379852,0.29613277,0.307474,0.31689492,0.32369533,0.32745767,0.32808995,0.32584673,0.32131505,0.31535187,0.3089628,0.3031251,0.2985837,0.29567894,0.2942761,0.29383177,0.2935726,0.2927146,0.29065135,0.28707063,0.2819894,0.27571738,0.26876757,0.26173908,0.25520378,0.24963038,0.24537048,0.24270542,0.2419198,0.24334615,0.24733207,0.25412083,0.26369163,0.27564138,0.28917176,0.3031885,0.31646848,0.3278398,0.33633655,0.3413106,0.3424952,0.3400205,0.33438197,0.326364,0.3169262,0.3070646,0.29767275,0.28943467,0.28278023,0.27791375,0.27489448,0.27372065,0.2743696,0.27677217,0.28074038,0.28589624,0.29165247,0.29726937,0.3019787,0.30514038,0.3063952,0.3057813,0.30378687,0.30131343,0.2995243,0.2995759,0.30228215,0.30783182,0.31568998,0.32472914,0.33351138,0.34059465,0.3447724,0.3452197,0.34155548,0.33384264,0.32254678,0.30846965,0.29267284,0.27640286,0.26102364,0.24794827,0.2385439,0.23397458,0.23498169,0.241678,0.25347587,0.26919737,0.28729445,0.30607393,0.32387677,0.33921376,0.35087729,0.35804135,0.36035213,0.35800406,0.3517882,0.3430894,0.3337906,0.3260273,0.32175913,0.32223028,0.32754862,0.3366366,0.3475847,0.35818636,0.3664092,0.3707011,0.3701496,0.36454588,0.3543907,0.34085527,0.32568303,0.31099355,0.2989367,0.29119292,0.28845704,0.2901817,0.29476807,0.30008474,0.30401555,0.3048363,0.30140167,0.29320532,0.28037775,0.26366013,0.24436943,0.22434595,0.20583248,0.1911736,0.18222019,0.1795741,0.1822271,0.18800317,0.19442424,0.19936503
23,0.18453965,0.18010291,0.17423859,0.168997,0.16669711,0.16928798,0.17756127,0.1908113,0.2072305,0.22461914,0.24092124,0.25449127,0.26420403,0.2695082,0.27046698,0.2677919,0.2628483,0.2575784,0.2542531,0.25497913,0.26104853,0.27245963,0.28793803,0.30541095,0.32259223,0.33741933,0.34830138,0.3542392,0.35487857,0.350528,0.34214622,0.33128485,0.3199491,0.31032562,0.30434975,0.30319273,0.3068971,0.31439137,0.32387915,0.33336163,0.34105858,0.34564787,0.34635606,0.3429581,0.33572903,0.32537144,0.3129288,0.29968762,0.2870634,0.2764608,0.269103,0.26584628,0.26703086,0.2724311,0.28133065,0.29268175,0.30527937,0.3179045,0.32942882,0.3388944,0.34558022,0.34905994,0.34924704,0.346417,0.34119394,0.33448708,0.32736582,0.3208756,0.31582254,0.31258777,0.31104612,0.31062955,0.31051198,0.30984113,0.3079406,0.30443838,0.2993104,0.2928502,0.28558382,0.27815348,0.27120018,0.26527753,0.26082036,0.25817123,0.25763687,0.25952446,0.26411396,0.2715576,0.28174695,0.29421726,0.3081431,0.32243147,0.33587593,0.3473259,0.35583532,0.36077288,0.36188656,0.35932076,0.3535857,0.3454821,0.33598703,0.32611483,0.3167773,0.30867505,0.3022504,0.29771203,0.2951109,0.29442173,0.29558384,0.29848158,0.30288118,0.30836836,0.31433323,0.32002532,0.32467127,0.3276253,0.32851726,0.32736778,0.32464364,0.32122856,0.3182855,0.3170048,0.31827962,0.3224145,0.32899728,0.33699542,0.34501922,0.35163036,0.35559586,0.35604933,0.3525644,0.34516063,0.33426434,0.3206424,0.30532533,0.28953138,0.274599,0.26191893,0.2528419,0.24852763,0.24973333,0.25660825,0.2686084,0.28458494,0.30299133,0.32210973,0.34024113,0.35585323,0.36770162,0.37493607,0.37719452,0.37468067,0.36821207,0.3592144,0.34961993,0.3416135,0.33719417,0.33762783,0.34302184,0.35227436,0.36342993,0.3742213,0.3825508,0.38680664,0.38602984,0.37998322,0.3691609,0.3547524,0.33854875,0.3227512,0.30962634,0.30099377,0.29767486,0.29919082,0.3039297,0.30967972,0.31421325,0.31569475,0.3128846,0.30520388,0.29273072,0.27616888,0.25680593,0.23645316,0.2173229,0.20174514,0.19161785,0.18768986,0.18915477,0.19398257,0.1997289,0.20421971
24,0.19402315,0.18947062,0.18349135,0.17818195,0.17589776,0.17860863,0.18711689,0.20072022,0.21759975,0.2355278,0.25241342,0.26658162,0.27689165,0.28279352,0.28436744,0.2823511,0.27813166,0.2736483,0.2711246,0.27257785,0.2792064,0.2909616,0.306582,0.32403824,0.3410848,0.35568625,0.3662712,0.3718631,0.37214214,0.3674669,0.35886076,0.3479466,0.33679104,0.32760826,0.3223069,0.32197753,0.3265562,0.33487642,0.34507713,0.35512295,0.3632159,0.36802846,0.36879233,0.36529806,0.35784674,0.34717646,0.33437377,0.32077226,0.30783337,0.29700106,0.2895254,0.28627473,0.28758666,0.29322013,0.30243164,0.31413594,0.32708275,0.34000456,0.35172707,0.3612533,0.36783427,0.37103,0.37075683,0.3673118,0.36136,0.3538707,0.3459888,0.33884275,0.33331555,0.32984322,0.32831937,0.32815456,0.32846805,0.3283337,0.32699752,0.32401803,0.31931794,0.3131584,0.30605602,0.29866725,0.2916687,0.28566396,0.28114069,0.27848232,0.2780112,0.28001952,0.28474745,0.29229876,0.30252698,0.31495208,0.3287562,0.34286776,0.356105,0.36733842,0.37563744,0.38038185,0.38132888,0.37863246,0.3728137,0.36468506,0.35523453,0.34548423,0.3363481,0.32852164,0.32243404,0.3182727,0.31606,0.3157369,0.317208,0.32032844,0.3248473,0.3303484,0.33623323,0.3417693,0.34619972,0.34888703,0.34945816,0.34791917,0.34471342,0.34069818,0.33701727,0.3348639,0.335169,0.33831078,0.3439694,0.35119554,0.3586524,0.3649184,0.36874807,0.36924484,0.36594427,0.35882697,0.3482835,0.33505043,0.3201345,0.3047375,0.2901877,0.27786973,0.2691292,0.2651208,0.26659968,0.2737205,0.2859498,0.3021452,0.32075402,0.34003928,0.35827577,0.37390637,0.38567004,0.3927127,0.3946843,0.39181682,0.38497108,0.3756263,0.36576965,0.35762933,0.35322282,0.35380372,0.3594411,0.3689801,0.38040692,0.39139637,0.39979818,0.4039576,0.40288657,0.39633548,0.384805,0.36951175,0.35229656,0.33543533,0.32129392,0.31180575,0.30789486,0.30913854,0.31391415,0.31994328,0.32490468,0.3268704,0.32452458,0.31723377,0.3050419,0.2886344,0.26928878,0.24880494,0.22937272,0.21328984,0.20244005,0.19762117,0.19814351,0.20209704,0.207097,0.21096407
25,0.20338508,0.19874057,0.1926097,0.18713088,0.18471177,0.18738349,0.19600998,0.20992833,0.22731788,0.24591273,0.26356766,0.2785553,0.28969392,0.29640666,0.2987592,0.29748094,0.29394725,0.29007074,0.28802913,0.28978932,0.29652843,0.30822837,0.32369524,0.3409654,0.35783225,0.37227198,0.38271007,0.38816592,0.3883239,0.38355917,0.374923,0.36407104,0.3530961,0.34421813,0.33932337,0.33945847,0.34451324,0.3532872,0.3638983,0.37429613,0.38266876,0.38767633,0.38854244,0.38505659,0.37752697,0.36670715,0.35370618,0.33988518,0.32673553,0.31573007,0.30814454,0.30486757,0.30624968,0.31205192,0.32151812,0.3335339,0.34680638,0.36001787,0.37194374,0.38154292,0.3880336,0.39095807,0.39023307,0.3861763,0.37949535,0.37122363,0.3625883,0.35480955,0.34885705,0.34522957,0.34384435,0.34409183,0.3450353,0.34567288,0.34517118,0.3430175,0.3390777,0.33357328,0.32699826,0.32000262,0.31327048,0.3074229,0.30296877,0.30030847,0.29977027,0.30163968,0.30614313,0.3133747,0.32319263,0.33513907,0.34843013,0.36202973,0.37478498,0.38558498,0.39350912,0.397942,0.39864475,0.39577672,0.38986704,0.3817375,0.37238353,0.36282846,0.35397708,0.34650332,0.34080285,0.3370214,0.33513707,0.33505037,0.33663645,0.3397381,0.34411252,0.3493706,0.35495263,0.36016652,0.36428744,0.36669564,0.36701941,0.36525112,0.3618086,0.35751712,0.3534905,0.35090518,0.35070074,0.35329425,0.35842636,0.3652103,0.37235484,0.37845778,0.38226867,0.38286865,0.37976235,0.3728976,0.36263537,0.34968957,0.3350536,0.31992602,0.30564022,0.29358926,0.28512296,0.28138998,0.2831292,0.29047564,0.3028796,0.31918663,0.33783266,0.35706875,0.37515908,0.3905413,0.40195814,0.4085717,0.41006145,0.406703,0.39941216,0.38972902,0.37969604,0.37157506,0.3673799,0.3683186,0.37438595,0.38434684,0.39611816,0.4073219,0.41577047,0.419786,0.4183712,0.4112817,0.39903829,0.38289317,0.3647391,0.34691992,0.33188373,0.32165152,0.3172207,0.3182036,0.32296148,0.32915872,0.33439985,0.33668685,0.33465046,0.32762393,0.31563705,0.29937562,0.28012538,0.259691,0.24025014,0.22406176,0.21295589,0.2077024,0.20764273,0.21093668,0.21525832,0.21845229
26,0.21152651,0.20677668,0.200438,0.19468848,0.19200288,0.19450594,0.2031591,0.21735942,0.23528509,0.25462076,0.2731516,0.28908095,0.30116722,0.30878505,0.3119609,0.3113899,0.30841282,0.3049047,0.3030088,0.3046812,0.3111359,0.32244122,0.3375064,0.35444677,0.37109104,0.38541377,0.3958184,0.40129727,0.40151194,0.39682347,0.3882775,0.37752908,0.36666968,0.35791332,0.35313642,0.3533802,0.35854033,0.36743042,0.37818006,0.3887395,0.3972864,0.40246397,0.40347844,0.40010503,0.3926433,0.38184413,0.36881968,0.3549394,0.34170747,0.3306139,0.32295588,0.31964678,0.32106134,0.32697725,0.33663923,0.348914,0.36247215,0.3759486,0.38806847,0.39774513,0.4041617,0.40684026,0.40569562,0.40106446,0.3936961,0.38468826,0.3753522,0.36700267,0.36069852,0.3570027,0.35585546,0.356625,0.35831732,0.35985562,0.36033052,0.35916248,0.3561647,0.35151958,0.34569407,0.33931983,0.33306912,0.3275554,0.32328215,0.32064503,0.31996748,0.3215321,0.32557008,0.33219442,0.3412998,0.3524782,0.3649989,0.3778708,0.38997132,0.40020445,0.40765306,0.41169992,0.41210422,0.40902686,0.4030032,0.39486367,0.38561064,0.37626636,0.36772078,0.36061606,0.3553009,0.35186517,0.35023192,0.35025752,0.35179323,0.35468385,0.35871506,0.36354744,0.36868075,0.37347895,0.37725937,0.3794244,0.37960374,0.3777735,0.37432227,0.37003878,0.36600018,0.3633553,0.36303464,0.36547035,0.3704381,0.37709293,0.3841769,0.3903033,0.39421842,0.39498582,0.392085,0.38543722,0.37538132,0.36261725,0.34813568,0.33314374,0.31899187,0.30709133,0.29880106,0.2952609,0.29718235,0.30466363,0.31712142,0.33337834,0.35185888,0.3708117,0.3885063,0.40339363,0.4142389,0.42023644,0.42110878,0.41718453,0.4094402,0.3994778,0.38939062,0.38146225,0.37768182,0.37918332,0.3858579,0.39636925,0.40855825,0.42000124,0.42848942,0.4323412,0.43056858,0.42294753,0.4100295,0.39310768,0.37412572,0.3554881,0.3397097,0.32887632,0.3240327,0.32480505,0.32953045,0.33582303,0.3412305,0.34370747,0.3418537,0.3349902,0.3231507,0.3070378,0.28795972,0.26773894,0.24855009,0.232612,0.22167751,0.21643505,0.21618783,0.21911298,0.22292732,0.22551295
27,0.2176234,0.21272628,0.20611785,0.20001525,0.1969715,0.1992261,0.20785633,0.22232334,0.24079548,0.260896,0.2803301,0.29722285,0.31026295,0.3187644,0.32269964,0.3227143,0.32010287,0.31670102,0.31463253,0.3158753,0.32172176,0.3323627,0.34683126,0.3633266,0.3797076,0.39393586,0.40437806,0.40998137,0.4103635,0.40584695,0.39744544,0.3867879,0.37594566,0.36712155,0.3621968,0.3622392,0.36718962,0.37591,0.38656425,0.39711508,0.40573347,0.41104478,0.41223267,0.40905008,0.40177646,0.3911457,0.37825677,0.36446995,0.35128593,0.3401991,0.33252117,0.32919055,0.3306131,0.33659384,0.34639058,0.3588623,0.37265202,0.38635367,0.3986462,0.4083994,0.41476178,0.41723433,0.4157282,0.41059682,0.40262842,0.39298254,0.38305166,0.37424198,0.36769763,0.36403987,0.36322504,0.36459345,0.3670917,0.36957097,0.37105334,0.3709029,0.36889032,0.36516705,0.36017573,0.3545262,0.348868,0.34379008,0.3397709,0.33718356,0.33633593,0.33750764,0.34094533,0.34679967,0.35502303,0.3652761,0.37689376,0.38893518,0.4003068,0.40992182,0.41685894,0.42049122,0.42056954,0.4172524,0.41107962,0.4028913,0.39369896,0.38452584,0.37624708,0.36947,0.36448994,0.3613334,0.35986245,0.35988846,0.36124396,0.3637871,0.36734763,0.37165174,0.37627247,0.38063923,0.38411513,0.38612354,0.38629118,0.38457173,0.3813186,0.3772792,0.37349004,0.3710676,0.37092543,0.37349793,0.37857968,0.38535163,0.39257744,0.3988798,0.40300027,0.40398708,0.4012986,0.3948354,0.3849208,0.37224883,0.35781577,0.3428458,0.32871318,0.31685153,0.308629,0.3051724,0.30715787,0.314637,0.32698506,0.34299973,0.36109918,0.37954137,0.3966168,0.41080594,0.42091107,0.42617023,0.42635626,0.42185405,0.41370016,0.40355414,0.3935522,0.38598737,0.3828069,0.38504958,0.39248282,0.40365618,0.4163332,0.4280533,0.43660143,0.44030872,0.43821082,0.4301142,0.41660616,0.39902073,0.37934774,0.3600428,0.3436744,0.3323763,0.32722262,0.3278387,0.3325317,0.33887142,0.34436384,0.34693506,0.34517348,0.3384047,0.32668087,0.31073287,0.29190165,0.27203658,0.25331718,0.23792458,0.2275226,0.22268476,0.2226267,0.2254987,0.22903945,0.2311709
28,0.22119407,0.21608998,0.20915627,0.20265043,0.19921125,0.20120203,0.2098162,0.22456543,0.24358983,0.26443872,0.28473297,0.30251926,0.31641686,0.3256773,0.33021536,0.33062258,0.32814527,0.3245846,0.32206023,0.3225963,0.32759058,0.33737543,0.35111502,0.36708924,0.38317835,0.39732045,0.40783423,0.4136097,0.41420683,0.40989375,0.40163496,0.39101723,0.38008103,0.3710175,0.36572504,0.36532104,0.369817,0.37814385,0.38851285,0.3989064,0.40749276,0.412881,0.41423187,0.411273,0.4042579,0.39389464,0.38125697,0.36768234,0.35465372,0.34365728,0.33601058,0.33267385,0.33408636,0.34008765,0.3499584,0.36256078,0.37652075,0.39040038,0.4028395,0.4126693,0.41900632,0.42133138,0.41955104,0.41403285,0.4056003,0.39546964,0.38510817,0.3760054,0.36937997,0.36589864,0.36552057,0.367548,0.37086466,0.37425444,0.37668198,0.37747008,0.37636268,0.37349412,0.36929256,0.3643499,0.35929027,0.35466918,0.3509273,0.3484019,0.34737587,0.34812307,0.3509102,0.3559358,0.36322275,0.3725111,0.3832075,0.39442194,0.4050851,0.41411132,0.42056563,0.42380235,0.42355663,0.41997972,0.41361448,0.4053124,0.39609858,0.3870036,0.3788939,0.37234598,0.3676032,0.364628,0.36322072,0.36314926,0.36423263,0.36635092,0.3693881,0.373146,0.37727752,0.38127953,0.3845579,0.38654986,0.38686958,0.3854387,0.38256744,0.37895665,0.37560055,0.37358359,0.3738024,0.37669098,0.38205644,0.38909712,0.39659017,0.4031621,0.4075477,0.40878034,0.4063002,0.3999913,0.39016685,0.37752044,0.36305922,0.34802815,0.33382696,0.32191047,0.31365255,0.31016225,0.31207561,0.31939504,0.3314549,0.34703287,0.36455056,0.3822881,0.39857075,0.4119213,0.42118838,0.42565918,0.42515776,0.4201221,0.41164228,0.401427,0.3916461,0.38459215,0.38215974,0.38528106,0.39358985,0.4055173,0.41875252,0.43080726,0.43947226,0.4431027,0.44076613,0.43230325,0.41833586,0.40023282,0.38002053,0.36019433,0.34336498,0.33170488,0.32631013,0.32680076,0.33145443,0.33780298,0.34332228,0.3459241,0.3441988,0.33748764,0.3258693,0.3101092,0.29158628,0.27218324,0.25409228,0.2394639,0.22987193,0.22575817,0.22621915,0.22934555,0.23287754,0.23477231
29,0.22212173,0.21674526,0.2094481,0.20253189,0.19872533,0.2005129,0.2091854,0.22427316,0.24386017,0.26541013,0.28646216,0.30499393,0.31956545,0.32937422,0.3342836,0.33483645,0.3322373,0.32826316,0.32504442,0.32466936,0.3286554,0.33748144,0.35043642,0.3658679,0.38166344,0.3957265,0.40631986,0.41227037,0.41307458,0.40893996,0.40077493,0.3901179,0.3789757,0.36953086,0.3637087,0.3626893,0.3665665,0.37434715,0.38429263,0.39440653,0.4028569,0.40824,0.4096975,0.40693432,0.4001783,0.3901091,0.37776965,0.36446598,0.35165298,0.34079787,0.33321497,0.3298804,0.33126536,0.33724675,0.34713486,0.35980457,0.37387544,0.387888,0.40045223,0.41036767,0.41672367,0.41898316,0.417048,0.4112977,0.4025867,0.39218134,0.38161454,0.37244642,0.36595327,0.36282718,0.36301014,0.3657519,0.36986884,0.37408334,0.3773168,0.3788693,0.37847805,0.3762789,0.3727012,0.3683297,0.36376822,0.35953802,0.35603613,0.35355613,0.35234845,0.352677,0.35482872,0.3590539,0.3654506,0.37384158,0.38370496,0.3941965,0.40426248,0.41280758,0.41887188,0.4217805,0.42124462,0.41740257,0.41079813,0.4022959,0.39294094,0.38378084,0.37568527,0.36921155,0.3645605,0.36163718,0.36018515,0.3599331,0.36069182,0.3623692,0.36490914,0.36819208,0.37194988,0.37574074,0.37900266,0.38117304,0.3818392,0.3808779,0.37854657,0.3754949,0.37267503,0.37114426,0.37178937,0.37505025,0.38074946,0.38810197,0.39589545,0.4027572,0.40741342,0.40888265,0.40658844,0.40040115,0.39062682,0.3779614,0.3634242,0.34828022,0.3339515,0.3219089,0.3135263,0.3098909,0.31159806,0.31860435,0.33021063,0.34518498,0.36196432,0.37886328,0.39425257,0.4067047,0.41511807,0.4188276,0.41770273,0.41222522,0.40352735,0.39335614,0.3839066,0.37746644,0.37587616,0.3799614,0.38922355,0.40197858,0.41584703,0.42832062,0.43720308,0.44087866,0.43844792,0.42978227,0.41552997,0.3970828,0.37648955,0.3562717,0.33907318,0.3271026,0.32148278,0.3218365,0.32642022,0.33273607,0.33823815,0.34083143,0.33911395,0.332446,0.32093394,0.30537742,0.28719413,0.26830423,0.25092226,0.23718178,0.22857745,0.22541769,0.22666334,0.23032251,0.2341186,0.2360346
30,0.22064781,0.21494167,0.2072716,0.19999048,0.19591826,0.19764578,0.20652239,0.2220472,0.24221367,0.26439202,0.28605074,0.3051168,0.32010993,0.3301905,0.33518523,0.33560175,0.3326164,0.32799673,0.32389945,0.32248995,0.32540998,0.33327672,0.34548375,0.36042166,0.37596464,0.38996872,0.40063593,0.40673026,0.40768775,0.40365887,0.39549953,0.38470387,0.37325022,0.36331925,0.3568702,0.35515013,0.3583335,0.3654956,0.37493923,0.38468382,0.3928968,0.39816633,0.3996222,0.39695448,0.3903723,0.38053155,0.36844596,0.35538855,0.34278122,0.33206528,0.32454374,0.32120135,0.32253614,0.32846096,0.33831838,0.35100248,0.36513582,0.37924805,0.3919293,0.4019561,0.40839678,0.41069978,0.40876338,0.40297732,0.39422262,0.3838084,0.37332183,0.36437678,0.3582843,0.35573456,0.35662636,0.3601393,0.36501744,0.36992908,0.3737686,0.37583387,0.37587747,0.37405837,0.37082693,0.36677796,0.36250752,0.35851014,0.35514122,0.35264856,0.35124588,0.35118294,0.35276413,0.3562895,0.3619302,0.3695877,0.37880394,0.38876975,0.3984342,0.4066789,0.4125064,0.4152019,0.41444358,0.41035053,0.4034641,0.39466313,0.38501886,0.3756081,0.3673205,0.36071333,0.35596293,0.35293162,0.3513172,0.35081723,0.3512399,0.3525245,0.35467523,0.35764715,0.36124152,0.36506265,0.36856174,0.3711563,0.37238818,0.3720746,0.37041056,0.36799088,0.36572847,0.36466208,0.36568162,0.36924678,0.37520692,0.3828006,0.3908287,0.39791936,0.40278962,0.40444314,0.4022876,0.39618063,0.38642207,0.37370974,0.35907295,0.34379184,0.3293039,0.31708798,0.3085116,0.30463773,0.30602458,0.31259188,0.32361946,0.33787906,0.35383528,0.3698468,0.3843355,0.39592475,0.40355894,0.40661228,0.40498728,0.39919457,0.39039382,0.38035846,0.37130356,0.36551535,0.36479095,0.3698631,0.38011304,0.39375108,0.40833575,0.4213426,0.43058947,0.43448707,0.43216267,0.4235081,0.4091841,0.39058846,0.36977443,0.34927416,0.33175635,0.31946993,0.31358,0.31373316,0.31818253,0.3244114,0.32985696,0.332418,0.33069766,0.3240702,0.31266272,0.29730237,0.27944145,0.26103988,0.24434713,0.23150243,0.22394586,0.2218659,0.22408369,0.22850895,0.23283088,0.23504479
31,0.21733916,0.21127035,0.20325892,0.19571905,0.19155994,0.19344987,0.2027374,0.21882677,0.23958673,0.26229507,0.28437006,0.3037139,0.31883076,0.3288665,0.3336317,0.33361813,0.32999334,0.32453436,0.31944105,0.31696606,0.31887212,0.32589376,0.33749458,0.35207132,0.367457,0.3814465,0.3921796,0.3983642,0.399387,0.39535454,0.387084,0.37603903,0.36418223,0.3537033,0.34660062,0.34418413,0.34669414,0.3532527,0.36218333,0.37150782,0.37938976,0.38441354,0.3857071,0.38295832,0.3763707,0.36658835,0.3546055,0.3416684,0.3291686,0.31851977,0.31100854,0.30762067,0.30887315,0.31470838,0.32449892,0.33716056,0.35132584,0.3655232,0.37833318,0.38851863,0.395134,0.39761797,0.395867,0.39028016,0.38176113,0.37165385,0.36158633,0.35320532,0.3478279,0.34610918,0.34787476,0.35221583,0.3578009,0.36325398,0.36745924,0.3697325,0.36986274,0.3680535,0.36479807,0.36072266,0.3564356,0.35242045,0.3490019,0.3463869,0.34475276,0.34433222,0.3454421,0.34842572,0.35351843,0.3606885,0.36952695,0.37924293,0.3887717,0.39695704,0.40275174,0.40539107,0.40451193,0.4002074,0.3930117,0.38381666,0.3737243,0.36385268,0.35513127,0.34814236,0.34306434,0.3397404,0.3378407,0.3370439,0.33716235,0.33816794,0.34012017,0.34303644,0.34676787,0.35093996,0.35498995,0.35829005,0.36031628,0.36081195,0.3599021,0.3581254,0.3563604,0.3556389,0.35687053,0.36055434,0.3665848,0.37423792,0.38233596,0.3895118,0.39447454,0.3962132,0.39411944,0.38803792,0.37826082,0.36548495,0.3507441,0.33532572,0.32067287,0.30826303,0.29945108,0.29527578,0.29626584,0.30231774,0.31270605,0.32622054,0.3413637,0.35654312,0.3702312,0.38109607,0.38811696,0.39069217,0.38873923,0.38277847,0.37397966,0.36413124,0.3554677,0.35028684,0.35036692,0.35637605,0.36759868,0.38215336,0.397542,0.4112224,0.42102,0.4253621,0.42338946,0.41499874,0.40084496,0.38231227,0.36143827,0.3407487,0.3229285,0.3102733,0.3040141,0.30385333,0.30806816,0.3141378,0.3194848,0.32199603,0.32026923,0.31367928,0.3023598,0.28715187,0.26953307,0.251503,0.23536134,0.22328548,0.21670139,0.21570757,0.21899256,0.22435635,0.22943547,0.23221944
32,0.21302184,0.20659989,0.1983314,0.19070317,0.18670502,0.18903741,0.19897133,0.21574958,0.23709388,0.26020423,0.28247738,0.30182013,0.31674767,0.3264153,0.3306404,0.32992196,0.32544154,0.3190083,0.31288394,0.30941653,0.31047928,0.3168905,0.3281349,0.34256744,0.3579477,0.37199652,0.38279435,0.38900602,0.38998735,0.38582188,0.3773102,0.3659071,0.3535795,0.3425403,0.33483097,0.331813,0.33376557,0.33982286,0.34829766,0.35719436,0.36466572,0.36929673,0.37022468,0.36715084,0.36029086,0.35029528,0.33815613,0.3251077,0.31252185,0.30179015,0.29418206,0.29067805,0.29180345,0.29751918,0.30721965,0.31984013,0.33402684,0.34831506,0.36128595,0.37169814,0.37860006,0.38142607,0.38007325,0.37494987,0.3669781,0.35752797,0.34825242,0.34080607,0.33647856,0.33585346,0.33865416,0.34386963,0.35009506,0.3559221,0.36024085,0.36240116,0.3622441,0.36003482,0.35632914,0.3518077,0.347116,0.3427511,0.33902708,0.33612368,0.33418837,0.33343664,0.334192,0.3368302,0.34163532,0.3486226,0.35740995,0.36720303,0.37690473,0.38530698,0.39130342,0.3940723,0.3932035,0.38875785,0.3812563,0.3715993,0.36091962,0.350385,0.34098357,0.33335108,0.32770115,0.32389018,0.32158673,0.32046807,0.32035887,0.3212623,0.3232816,0.32647485,0.3307127,0.33560735,0.34054872,0.34483692,0.34786388,0.34928954,0.34916598,0.3479779,0.34657648,0.34599784,0.34718856,0.35070813,0.35651866,0.36395285,0.37186798,0.37890947,0.38378203,0.38546118,0.38332245,0.37719592,0.36736336,0.35451537,0.33968258,0.32414976,0.30935425,0.29676193,0.28770953,0.283214,0.28378555,0.2893141,0.29908642,0.3119233,0.32637125,0.3408856,0.35398126,0.36435753,0.371011,0.37334353,0.37126565,0.36528614,0.35656676,0.3469009,0.33854625,0.33383414,0.33456194,0.3413758,0.35349682,0.36896932,0.38524073,0.39974317,0.41029605,0.41532642,0.41397074,0.4061118,0.39237994,0.3741262,0.35335326,0.33256313,0.31444678,0.30135074,0.2945958,0.29397777,0.29783255,0.30365452,0.30885378,0.31129533,0.309555,0.30298904,0.29171717,0.27657545,0.25905183,0.24118157,0.22532962,0.21375199,0.20791757,0.20788305,0.212223,0.21861912,0.22463392,0.22822799
33,0.20867021,0.2019638,0.19358176,0.18609121,0.18254249,0.1856061,0.19639313,0.2139346,0.23580684,0.25916123,0.28140515,0.30047682,0.31492525,0.32393655,0.32735658,0.3257146,0.32023105,0.3127716,0.30567935,0.3014037,0.30191007,0.3080553,0.31928438,0.33385706,0.3494278,0.3636354,0.37450957,0.38069013,0.38152504,0.37710053,0.36822748,0.35637876,0.34354955,0.33199245,0.3237939,0.3203491,0.32194036,0.3276707,0.33580506,0.34430757,0.35131207,0.3554069,0.3557493,0.3520694,0.34461415,0.334062,0.3214253,0.3079482,0.29500175,0.28396848,0.27610582,0.2723846,0.27332637,0.2788947,0.28849208,0.3010663,0.3152781,0.32967645,0.34285247,0.35357043,0.36088085,0.36421925,0.36348617,0.35909817,0.35199115,0.3435503,0.33543423,0.32927683,0.32630482,0.32699707,0.33095467,0.33706167,0.34385014,0.349894,0.35410136,0.35586435,0.35508212,0.3520885,0.3475138,0.34211224,0.3365928,0.33149645,0.32715613,0.3237479,0.32140392,0.3203268,0.32084125,0.3233412,0.32813755,0.33526537,0.34434122,0.35454267,0.36472285,0.37361243,0.3800418,0.3831313,0.3824219,0.37793824,0.3701811,0.36005118,0.3487061,0.33736384,0.32708362,0.31858027,0.3121386,0.30766642,0.30486432,0.303431,0.3032133,0.3042409,0.30664176,0.31048268,0.31561375,0.321593,0.32772967,0.33323026,0.33739343,0.33979538,0.34041998,0.33970433,0.33847862,0.33779168,0.33863878,0.34165725,0.34689832,0.35377306,0.36119172,0.36782432,0.37237814,0.3738182,0.37150428,0.36525047,0.3553244,0.34240434,0.3275092,0.31191006,0.29702675,0.2843036,0.27505445,0.2702782,0.27047887,0.2755576,0.28482962,0.29715657,0.3111297,0.32524392,0.33804178,0.34823474,0.35481483,0.357165,0.3551668,0.34929687,0.34069264,0.3311442,0.3229385,0.31846717,0.3195934,0.32699487,0.33987147,0.35621288,0.37341145,0.3888599,0.40035203,0.406294,0.40579805,0.39871508,0.38563463,0.36785963,0.34734347,0.32655004,0.30816427,0.2945808,0.28722444,0.2860165,0.28938755,0.29487017,0.2998666,0.30221018,0.30043715,0.29386353,0.28257284,0.26737377,0.2497457,0.2317491,0.2158238,0.20434575,0.19889618,0.19955693,0.20482089,0.21224624,0.21929711,0.22387725
34,0.20524482,0.19838914,0.1900888,0.18298817,0.18016218,0.18418051,0.195929,0.21421391,0.23649685,0.25991827,0.28192338,0.3005001,0.3142458,0.3223921,0.32483065,0.3221413,0.31560662,0.30717233,0.29928073,0.2944837,0.29481235,0.30110708,0.31270868,0.3277321,0.3437045,0.35818326,0.36916134,0.3752739,0.37588435,0.37110707,0.36178985,0.34945047,0.33613613,0.32415387,0.31563407,0.31198373,0.3134498,0.31906143,0.32700217,0.33517632,0.34169132,0.34513983,0.34470558,0.34015897,0.33179384,0.32033637,0.3068424,0.2925911,0.27897686,0.26739272,0.25909454,0.25504193,0.25573942,0.2611338,0.27061814,0.28314278,0.29738247,0.3119061,0.32532454,0.3364171,0.34424424,0.3482475,0.3483324,0.34492132,0.3389564,0.33182353,0.32516447,0.3205626,0.31915128,0.32128444,0.32643846,0.33340588,0.34067455,0.3468152,0.3507597,0.35194007,0.35030645,0.34625477,0.3404886,0.33384466,0.32711607,0.32091856,0.3156394,0.31148383,0.30859202,0.3071643,0.30752334,0.31006467,0.31509924,0.32265,0.33230147,0.34318072,0.3540796,0.36366597,0.37071157,0.37428457,0.37388107,0.36948857,0.3615817,0.3510507,0.3390655,0.32688528,0.3156409,0.30614153,0.29877284,0.29353252,0.2901896,0.2884905,0.28831404,0.28970787,0.29279783,0.29761955,0.30395833,0.31128037,0.318791,0.32559603,0.33090636,0.33422652,0.3354848,0.33507982,0.33382535,0.3327838,0.3330006,0.3351975,0.33952853,0.34550217,0.35210118,0.35803616,0.36202788,0.36303714,0.3604106,0.3539459,0.34389344,0.3309136,0.31600526,0.30041558,0.2855361,0.27278042,0.26343518,0.25848445,0.25843716,0.26322025,0.27218992,0.28425315,0.2980405,0.31207284,0.3249014,0.33522832,0.34202015,0.34462142,0.34286717,0.3371874,0.32868358,0.31913647,0.31086716,0.30635133,0.3075628,0.31526667,0.3286876,0.3457827,0.36388728,0.38033864,0.39288342,0.3998858,0.40041605,0.39427957,0.3820154,0.3648718,0.34474707,0.3240596,0.30547723,0.2914306,0.28344533,0.28158143,0.28438964,0.28946328,0.2942057,0.2964141,0.29457188,0.28793773,0.27653977,0.26113945,0.24318741,0.22475281,0.20834811,0.19649883,0.19096777,0.19194305,0.19788384,0.20622684,0.21431339,0.21996014
35,0.20349619,0.19668192,0.18868123,0.18219636,0.18027787,0.18533404,0.19800287,0.21689981,0.23942342,0.2627381,0.28434247,0.30228022,0.3152012,0.32238895,0.32379097,0.32005253,0.31253642,0.30328682,0.2948566,0.28989333,0.29045904,0.29732075,0.30965936,0.32541293,0.34197566,0.35683405,0.36796093,0.37400478,0.37436298,0.36919725,0.35941297,0.3465932,0.3328545,0.32056764,0.31190148,0.3082536,0.30980456,0.3154809,0.32336524,0.33129168,0.33733627,0.3400939,0.33877507,0.33319372,0.32369825,0.31107542,0.2964426,0.2811364,0.26659858,0.254254,0.24536978,0.24089387,0.2413005,0.24649921,0.25585565,0.2683138,0.28256336,0.2972007,0.31086612,0.32236326,0.33076888,0.3355336,0.3365668,0.33429098,0.32964304,0.32399195,0.31893912,0.3159932,0.31617826,0.319725,0.3260048,0.3337469,0.34141845,0.3475981,0.35123935,0.35180122,0.34926635,0.34407243,0.33698034,0.32890233,0.32072294,0.31315482,0.30667305,0.30154854,0.29795998,0.2961226,0.29635736,0.29904574,0.30447143,0.3126141,0.32300064,0.3346934,0.3464219,0.35679954,0.3645524,0.3687089,0.36872864,0.36456493,0.35666227,0.34588996,0.33341432,0.32051843,0.3083918,0.29793653,0.28965318,0.28365597,0.279813,0.2779415,0.27795914,0.2799186,0.28391352,0.28990933,0.29759124,0.30631262,0.31517234,0.32318833,0.32950476,0.33357626,0.3352928,0.33502418,0.33356845,0.3319944,0.3313865,0.33254212,0.33571777,0.34052902,0.34604734,0.3510414,0.3542601,0.3546703,0.3516115,0.3448671,0.33466932,0.32165685,0.3068023,0.29132116,0.27656817,0.26391897,0.25462908,0.24966861,0.24955723,0.25425577,0.2631663,0.27523908,0.28913394,0.30338162,0.31652364,0.32723525,0.33444265,0.3374407,0.3360107,0.330531,0.32206365,0.3123775,0.30382895,0.2989887,0.2999704,0.30767035,0.32137987,0.3390464,0.35794953,0.37535807,0.3889539,0.39704287,0.39864162,0.39350384,0.38211736,0.36567906,0.34603703,0.32556614,0.3069106,0.2925192,0.28399515,0.28152308,0.2837772,0.28842518,0.2928832,0.29491624,0.292952,0.28618476,0.274578,0.25883442,0.2403609,0.22121695,0.2039718,0.19130613,0.18521254,0.18606481,0.19235004,0.20139836,0.2104106,0.21708919
36,0.20378862,0.19722912,0.18972228,0.18399297,0.18301843,0.18901785,0.20241265,0.22169751,0.2442642,0.2673247,0.28843328,0.3056841,0.31777415,0.32403675,0.32447746,0.31981328,0.31149644,0.30167803,0.29302213,0.28825468,0.2894303,0.2971956,0.31053966,0.3272182,0.34450516,0.35983348,0.37117034,0.3771886,0.37732846,0.37180793,0.36159888,0.34835854,0.33427897,0.3217944,0.31310427,0.30958304,0.31133303,0.31717342,0.32508695,0.33283857,0.3384707,0.34057468,0.338381,0.33174184,0.32105824,0.30718046,0.29129604,0.27481288,0.2592374,0.24604255,0.23651606,0.23159236,0.23170178,0.23669882,0.24590819,0.2582636,0.2724743,0.2871732,0.30104,0.31291032,0.3218816,0.3274137,0.32941568,0.32830083,0.32498682,0.32080752,0.31730604,0.31590548,0.3175264,0.3223013,0.32953367,0.3379242,0.34594074,0.35217488,0.35559267,0.35566145,0.3523711,0.3461731,0.33785814,0.3283923,0.3187407,0.30971766,0.30190614,0.29567277,0.29126495,0.2889335,0.2890028,0.29183027,0.29765195,0.3063833,0.31748083,0.32994187,0.3424444,0.35356426,0.36199963,0.3667544,0.36726257,0.36344838,0.3557251,0.3449331,0.33222035,0.31887317,0.30611715,0.29492903,0.2859165,0.2793153,0.2751052,0.2731852,0.27351195,0.27612904,0.28107375,0.28821787,0.2971347,0.30707037,0.317038,0.3259964,0.33305207,0.33763418,0.3396113,0.33933216,0.33757672,0.33540744,0.33392736,0.3339871,0.33592916,0.33947152,0.34378135,0.34769952,0.35001847,0.34972447,0.34615925,0.33909762,0.32875547,0.31574893,0.30102143,0.28575253,0.2712556,0.2588643,0.24979994,0.24501695,0.24504484,0.24987683,0.25895667,0.27126965,0.28549275,0.30015302,0.31376973,0.3249821,0.33267164,0.3360841,0.33495122,0.32960626,0.3210778,0.3111249,0.30213577,0.296771,0.29728597,0.30472532,0.31847322,0.3364883,0.3560019,0.37421083,0.3887244,0.39778382,0.40034974,0.39612722,0.38556105,0.36980903,0.35068288,0.3305243,0.3119533,0.2974178,0.28856158,0.28565422,0.2874696,0.29174727,0.29592612,0.29775056,0.29560176,0.288616,0.27669626,0.2604876,0.24134938,0.22131878,0.20299931,0.18920569,0.182169,0.18250135,0.1887798,0.19825797,0.20799328,0.21555783
37,0.20601884,0.19990656,0.1930191,0.18806224,0.18790706,0.19459812,0.20841308,0.2278091,0.25021923,0.27291444,0.29349747,0.31010017,0.3214548,0.32693523,0.326599,0.32123128,0.31237146,0.30227286,0.2936979,0.28942567,0.29146966,0.3003315,0.3148086,0.33249563,0.35057178,0.36643437,0.37805352,0.38412791,0.3841388,0.3783567,0.36781573,0.35424194,0.33989564,0.3272658,0.3185749,0.3151745,0.31710133,0.32308865,0.33103922,0.33865914,0.34395656,0.34551096,0.34256107,0.3349854,0.32322797,0.30819646,0.2911472,0.27356246,0.2570195,0.24304545,0.23295042,0.2276491,0.22751577,0.23233756,0.24139225,0.25360507,0.26771206,0.28239185,0.2963714,0.3085238,0.317969,0.32417405,0.32704112,0.32696426,0.32482862,0.3219202,0.31971696,0.3195635,0.32230234,0.32800806,0.33595878,0.3448582,0.35318944,0.3595559,0.36292383,0.36274895,0.35900348,0.35212424,0.342901,0.33232337,0.32141185,0.3110673,0.30197984,0.29462424,0.2893363,0.2864203,0.28621367,0.28904912,0.2951098,0.30424413,0.31584334,0.32885414,0.34192222,0.35360616,0.36259392,0.36787906,0.36887968,0.3654968,0.3581135,0.3475367,0.33488503,0.32142946,0.30840635,0.29683813,0.28741315,0.28046945,0.27608788,0.27424237,0.27492103,0.2781483,0.2838975,0.29194865,0.30177966,0.3125586,0.32324788,0.33278078,0.34025407,0.345092,0.3471548,0.34677547,0.34471235,0.34200838,0.33976206,0.33884808,0.33966687,0.34201983,0.345164,0.34801787,0.34942934,0.3484168,0.34433538,0.33695891,0.3264918,0.3135297,0.29898742,0.2840085,0.26986513,0.25784904,0.24914695,0.24469495,0.24502614,0.2501565,0.2595597,0.2722436,0.28689128,0.30201796,0.31611678,0.32779232,0.33588758,0.33960992,0.33865568,0.3333282,0.3246356,0.31433374,0.30483714,0.29887688,0.29882482,0.30585778,0.31945443,0.33759812,0.3574855,0.3762508,0.39143714,0.4012275,0.4045352,0.40102872,0.39112535,0.3759619,0.35733247,0.33756042,0.3192447,0.30481443,0.29591167,0.29283577,0.29441583,0.29844457,0.3023874,0.303984,0.30158788,0.29429582,0.28196666,0.26520172,0.24532154,0.22433941,0.20487458,0.18983978,0.18167241,0.18122828,0.18721502,0.19684727,0.20705476,0.2152805
38,0.20967136,0.20414251,0.19791019,0.1936241,0.1940399,0.20107445,0.21495055,0.23416564,0.25623065,0.2784794,0.298552,0.31460264,0.3253834,0.33029428,0.32943147,0.3236353,0.314518,0.3044171,0.29616952,0.2925798,0.29560024,0.30559078,0.32118657,0.3398597,0.35872445,0.3751568,0.38713142,0.39336625,0.39337215,0.38745797,0.37670368,0.3628862,0.34831592,0.33552185,0.32674566,0.32333097,0.32528248,0.33128795,0.33920223,0.34668827,0.35172066,0.35285813,0.34933403,0.34103832,0.3284437,0.31250316,0.29453227,0.276081,0.2587931,0.24424575,0.23376557,0.22823915,0.22797616,0.23269147,0.24161638,0.2536721,0.26762718,0.2822114,0.2962031,0.30851516,0.31828982,0.3249983,0.3285302,0.32925227,0.32800925,0.32603538,0.3247495,0.32543856,0.3289031,0.33520278,0.3436278,0.35290778,0.3615483,0.3681596,0.37169546,0.37158313,0.36775693,0.36061546,0.35092047,0.33965483,0.32786277,0.3165034,0.30635384,0.29798883,0.29183522,0.28826004,0.28762454,0.29024723,0.29627028,0.30549133,0.3172579,0.33048946,0.34382164,0.355814,0.36515832,0.37084794,0.37229252,0.3693746,0.36244914,0.35228834,0.33997455,0.32674953,0.3138374,0.30227515,0.29279563,0.28580424,0.28145376,0.27977252,0.28076807,0.28444368,0.2907191,0.29930696,0.30962536,0.32080403,0.3317917,0.34152576,0.34911466,0.35399216,0.3560188,0.3555153,0.35321575,0.35013297,0.34734112,0.3457106,0.34566796,0.34707022,0.3492471,0.35118964,0.35180506,0.35015264,0.34561002,0.33795816,0.32739586,0.31450263,0.30016825,0.28550422,0.27174607,0.26014867,0.25186738,0.2478187,0.24853174,0.25403184,0.26380697,0.27687415,0.29191414,0.30742794,0.32188672,0.33386958,0.34219489,0.34604868,0.34511068,0.3396733,0.3307403,0.3200723,0.3101035,0.30360886,0.3030331,0.3096421,0.32298633,0.34107608,0.36109054,0.38012227,0.39566836,0.40587243,0.40961927,0.40656003,0.3971044,0.3823888,0.36420888,0.3448842,0.3269957,0.31293628,0.30430397,0.3013691,0.3029628,0.30690226,0.31067827,0.31204218,0.30934423,0.30166712,0.28885022,0.27147317,0.25083533,0.22893515,0.20839924,0.1922031,0.1829345,0.1816515,0.18719429,0.1967684,0.20720515,0.21583846
39,0.21398151,0.20910166,0.20347828,0.19967924,0.20035443,0.20735253,0.22092552,0.23967555,0.2612192,0.28295487,0.3025496,0.31816518,0.3285571,0.33313432,0.33201298,0.3260678,0.31695986,0.3070832,0.2993195,0.2964754,0.30043897,0.31145555,0.32804477,0.34760067,0.3672003,0.38420817,0.39660028,0.40310228,0.40323758,0.3973322,0.3864877,0.3725054,0.3577207,0.34468523,0.3356599,0.33200485,0.33373773,0.33955035,0.34728688,0.35458604,0.3593917,0.36023462,0.35633,0.34756404,0.33442214,0.31788674,0.29931778,0.28031936,0.2625895,0.2477445,0.2371177,0.23156051,0.23131543,0.23602723,0.24488518,0.2568099,0.2706038,0.28504756,0.29897028,0.31132355,0.32127047,0.32828394,0.33223772,0.33346784,0.33277744,0.33135366,0.33057082,0.33168536,0.33549187,0.34207162,0.3507545,0.36031,0.3692678,0.37623882,0.3801543,0.38040063,0.3768602,0.36987695,0.36016434,0.34867325,0.3364418,0.32445502,0.31354648,0.3043676,0.29742402,0.29314473,0.29192412,0.2940841,0.29975024,0.30869853,0.32026234,0.3333601,0.34663716,0.35866746,0.36815533,0.37409994,0.37590697,0.37344402,0.36704072,0.3574351,0.34567037,0.33294955,0.32046673,0.30924553,0.3000274,0.29324555,0.28908896,0.28761432,0.2888369,0.29274377,0.29922265,0.30795357,0.3183353,0.32949814,0.3404084,0.35003003,0.35749763,0.3622634,0.36419335,0.36359793,0.36118558,0.35793224,0.35487342,0.35285246,0.35229298,0.35307828,0.3545872,0.35586953,0.35588768,0.35374388,0.3488436,0.34098077,0.3303542,0.31753266,0.30338675,0.28900275,0.27558795,0.26436913,0.25647706,0.25281,0.25388685,0.25972936,0.2698248,0.28318727,0.2984901,0.31422263,0.32884288,0.3409185,0.34926042,0.3530522,0.3519763,0.346332,0.337133,0.32615066,0.31583074,0.30896235,0.3080125,0.3142794,0.32734725,0.34524608,0.36515522,0.38415408,0.3997238,0.4099967,0.41385457,0.41095462,0.40172073,0.38730836,0.36953145,0.3507166,0.3334265,0.3199997,0.31194982,0.3094631,0.3113216,0.31533757,0.31902406,0.32016036,0.31711876,0.30899623,0.29563975,0.27763206,0.25627252,0.2335594,0.2121275,0.19498952,0.18482462,0.18282336,0.18792199,0.19732691,0.2078036,0.2166102
40,0.21812968,0.21389857,0.20878112,0.20524846,0.20586297,0.21246074,0.22539143,0.24341224,0.2642681,0.28542477,0.30456865,0.3198567,0.3300326,0.33449605,0.33336198,0.32751423,0.3186333,0.30913734,0.30192316,0.29978344,0.30455375,0.3164051,0.33379337,0.35407686,0.37431872,0.39187875,0.40472922,0.41159075,0.41198057,0.40621823,0.3953989,0.38131854,0.3663093,0.35292697,0.3434529,0.33929053,0.34051725,0.34587947,0.35324943,0.36026263,0.36483824,0.36547503,0.36135992,0.35236168,0.3389624,0.32215673,0.30333102,0.28412572,0.2662761,0.25142294,0.24089573,0.23550645,0.23543304,0.24025743,0.24913342,0.26098332,0.27464122,0.28893423,0.30273774,0.3150385,0.3250183,0.3321503,0.33629188,0.33774924,0.33728802,0.33605787,0.33540633,0.33658496,0.34041193,0.34701663,0.35578588,0.3655357,0.3748187,0.38224098,0.3867044,0.38754755,0.38459334,0.3781215,0.3687842,0.35748225,0.3452235,0.3329891,0.32163745,0.31186762,0.30424362,0.29924855,0.29731616,0.298791,0.30381072,0.31216216,0.32319474,0.3358488,0.34879413,0.36062703,0.3700682,0.3761248,0.37820077,0.37615153,0.37028432,0.3613055,0.35021898,0.3381845,0.32635376,0.3157155,0.30698934,0.30060118,0.29674268,0.29547474,0.29681122,0.30073136,0.3071149,0.3156434,0.32573283,0.336546,0.34709054,0.3563722,0.3635607,0.36813128,0.36995777,0.3693414,0.3669643,0.36376193,0.3607222,0.3586455,0.3579298,0.35845837,0.35963503,0.3605504,0.3602117,0.35776052,0.35263067,0.3446322,0.3339682,0.3212021,0.3071922,0.29300827,0.27983966,0.26889572,0.261291,0.25790888,0.25925383,0.26533404,0.27562413,0.28912708,0.3045071,0.32024774,0.3348056,0.3467526,0.3549096,0.3584755,0.3571519,0.3512589,0.34182915,0.33064637,0.32015604,0.31313092,0.31201002,0.31806648,0.3308763,0.34847876,0.3680707,0.38675004,0.40201688,0.4120247,0.41568068,0.41267237,0.40345806,0.38922906,0.37182987,0.3536,0.33707944,0.32453212,0.31734997,0.31558728,0.31793413,0.32217428,0.32584187,0.32676,0.32334766,0.31474277,0.30082563,0.28220516,0.26020068,0.23682553,0.21472858,0.19694467,0.18619451,0.1837244,0.18850565,0.19773398,0.2081361,0.2169329
41,0.22140117,0.2177668,0.21302249,0.20953508,0.20979735,0.21567559,0.22766723,0.24472262,0.26473448,0.28524047,0.30394214,0.31898227,0.32907966,0.33360797,0.33265957,0.3271015,0.31860325,0.30957508,0.30290264,0.30135664,0.30673996,0.31919238,0.33715424,0.35798386,0.37874952,0.3968117,0.41013482,0.41742337,0.41817117,0.41266856,0.40197733,0.38785785,0.3726111,0.35877815,0.34865978,0.34372562,0.34415478,0.34879506,0.3555848,0.36217925,0.36648232,0.36696061,0.36276627,0.35373932,0.34034425,0.32357064,0.30481228,0.2857261,0.26806542,0.25347906,0.24328178,0.2382433,0.2384824,0.24352784,0.2525061,0.26434395,0.27790454,0.29205588,0.30571362,0.31789535,0.3277988,0.33489713,0.33903247,0.340485,0.33998948,0.33866918,0.3378609,0.33883137,0.34244287,0.34888878,0.35762113,0.36750364,0.37710878,0.3850342,0.39014965,0.39174414,0.38957947,0.38386834,0.3751954,0.36440045,0.35244372,0.34027907,0.32876176,0.3186107,0.31042612,0.30473423,0.3020111,0.30264065,0.30679888,0.31431273,0.32457298,0.3365591,0.348974,0.36043882,0.36969024,0.37574267,0.37799853,0.37630326,0.37094522,0.36260304,0.35224438,0.34098512,0.32992834,0.32001358,0.31191632,0.30602783,0.3025157,0.30142584,0.30276436,0.30651093,0.31255853,0.32061854,0.33015278,0.34038028,0.35036635,0.35916808,0.36599445,0.37034506,0.3721017,0.3715563,0.3693646,0.36642012,0.36365885,0.3618284,0.36128533,0.36189255,0.3630574,0.36389312,0.36343873,0.36086774,0.35563958,0.34758058,0.33690092,0.3241636,0.31022134,0.29613626,0.28309,0.27228475,0.2648271,0.26158908,0.26305878,0.2692242,0.27954003,0.29299432,0.30824444,0.32377645,0.33805868,0.34968266,0.35749513,0.36072496,0.35910502,0.35298458,0.3434182,0.33219722,0.3217509,0.31480458,0.31372336,0.31970483,0.332281,0.3494928,0.36857244,0.38666856,0.40133515,0.41077924,0.41396067,0.4106194,0.4012654,0.38713825,0.37012047,0.35256562,0.3369825,0.32553908,0.31947118,0.31866205,0.32167792,0.326259,0.32996356,0.33067432,0.32687894,0.31777945,0.30331105,0.28412744,0.26158375,0.2377212,0.21521015,0.19710043,0.18611741,0.18349293,0.18816395,0.19728938,0.20757541,0.2162429
42,0.2232855,0.22015887,0.21564552,0.21200451,0.21167175,0.21657126,0.22738074,0.24327078,0.2622981,0.282078,0.30032548,0.31516287,0.325274,0.32999244,0.32936943,0.3242316,0.31620973,0.3076783,0.301491,0.300394,0.30617902,0.3189937,0.3373022,0.35849094,0.37964854,0.39814135,0.41192424,0.41967756,0.4208582,0.41570845,0.4052328,0.39112937,0.37564176,0.36127695,0.35035062,0.34441376,0.3437804,0.34744036,0.35343382,0.3594599,0.3634199,0.3637516,0.35956934,0.3506766,0.33750793,0.32103238,0.30263272,0.28396234,0.26677272,0.25270322,0.24304241,0.23851453,0.23918468,0.2445386,0.25368506,0.26556015,0.2790555,0.2930759,0.3065721,0.3185882,0.3283357,0.33528778,0.33927396,0.3405531,0.33983636,0.33823052,0.337074,0.33766174,0.34091112,0.34708562,0.35570282,0.36567074,0.37557793,0.38401163,0.38981056,0.39221755,0.3909375,0.38611916,0.3782801,0.36819467,0.35676524,0.3449016,0.33343405,0.32307804,0.3144497,0.30810657,0.30456734,0.3042674,0.30744183,0.31398034,0.3233333,0.33452967,0.34630802,0.35731184,0.3662896,0.37225938,0.37462103,0.3732115,0.3683043,0.3605561,0.350904,0.34042394,0.3301698,0.3210251,0.31360742,0.30825472,0.3050916,0.30413494,0.3053786,0.3088096,0.3143502,0.32176214,0.33057356,0.34007546,0.34940067,0.35766172,0.3641072,0.3682595,0.37000662,0.36963037,0.3677602,0.36524847,0.36297837,0.36164036,0.3615402,0.36250606,0.36393222,0.3649382,0.36458203,0.36206028,0.356853,0.34880137,0.338124,0.32538703,0.31144354,0.29735556,0.28430557,0.27349693,0.2660348,0.26278326,0.26421362,0.27029082,0.2804471,0.29365626,0.30857438,0.32370025,0.337527,0.34867984,0.35604453,0.3588906,0.35698935,0.35072175,0.34116107,0.3300957,0.31991875,0.31327713,0.31242225,0.31843713,0.33078542,0.34750867,0.36589423,0.38317162,0.39698085,0.405611,0.40809798,0.40425184,0.39464676,0.38057858,0.36397117,0.34718958,0.33270046,0.3225544,0.31780103,0.31812206,0.32193953,0.32694414,0.3307254,0.33124074,0.32706496,0.31748226,0.3024984,0.28282493,0.2598634,0.23569198,0.21300949,0.19487974,0.1840084,0.1815552,0.18635637,0.19550194,0.20568849,0.21416876
43,0.22352022,0.22078668,0.21636473,0.21240446,0.21129154,0.21502091,0.22446737,0.23903829,0.25696626,0.2759494,0.29371586,0.30836385,0.31853557,0.32351446,0.32329637,0.3186489,0.3111423,0.30309314,0.29730844,0.29651028,0.30249858,0.3154591,0.33390844,0.35528103,0.37669724,0.39553493,0.40974,0.41796502,0.41962135,0.4148895,0.40469834,0.3906622,0.3749447,0.35999995,0.34814963,0.34103248,0.33912015,0.34157717,0.34657738,0.35188788,0.35542163,0.35559416,0.35148218,0.34284782,0.33008653,0.31413376,0.2963448,0.27835062,0.26188135,0.24854934,0.2396042,0.23572022,0.23691283,0.24263497,0.25198844,0.263926,0.27737027,0.29126108,0.30458084,0.31639683,0.32593283,0.33266258,0.3364062,0.3374063,0.33635736,0.33435753,0.3327547,0.33287817,0.3357027,0.34155902,0.35002345,0.36004066,0.37021038,0.37910956,0.3855506,0.3887382,0.3883299,0.3844194,0.37746352,0.36817303,0.35738862,0.34596616,0.3346957,0.32427078,0.31530663,0.308381,0.30405298,0.30281696,0.30498105,0.3105129,0.3189331,0.32932338,0.34045458,0.35098526,0.35966796,0.36551887,0.36793268,0.36673883,0.36220053,0.3549594,0.34593052,0.336158,0.32665178,0.31823975,0.3114762,0.3066355,0.3037874,0.30291075,0.30398408,0.30700618,0.31193888,0.3186078,0.32661945,0.33534515,0.34398884,0.3517177,0.3578167,0.36182705,0.36363977,0.36352533,0.3620879,0.36014116,0.35851797,0.357852,0.35839406,0.35992917,0.36182648,0.3631992,0.36311278,0.36077806,0.3556902,0.34770268,0.3370425,0.32428136,0.31027684,0.29609627,0.28292897,0.27198514,0.26437327,0.2609523,0.2621782,0.2679936,0.27780998,0.29059133,0.30500057,0.31955996,0.3327995,0.34338966,0.35026488,0.35274166,0.350632,0.34434578,0.33496654,0.32426444,0.31457376,0.3084336,0.3079495,0.31406382,0.3261607,0.34228954,0.35981387,0.376071,0.3888134,0.39643466,0.39806393,0.39359355,0.3836695,0.36964747,0.3534929,0.33757788,0.32431576,0.31561995,0.3123291,0.3139022,0.31860694,0.32408646,0.32797128,0.32830703,0.32376915,0.31373587,0.2982929,0.2782165,0.25495964,0.2306427,0.2079994,0.19011177,0.17965353,0.17766865,0.18283534,0.1921436,0.20228657,0.21057405
44,0.22209501,0.21962167,0.2151595,0.21075042,0.20873168,0.2111709,0.21914297,0.23229797,0.24905011,0.26718283,0.28443733,0.29888585,0.30912587,0.3143853,0.3145961,0.31045493,0.30345678,0.29584602,0.2903738,0.28974038,0.29576802,0.3087003,0.3271232,0.34853065,0.3700824,0.38917306,0.40374294,0.41241708,0.41455802,0.41027707,0.40041593,0.38648993,0.37056547,0.35502723,0.34219047,0.33377984,0.33043626,0.33152196,0.33537108,0.33984068,0.34287012,0.34286067,0.33885413,0.33056948,0.31835726,0.30310923,0.28613967,0.2690406,0.25350273,0.24109393,0.23301148,0.22987366,0.23164935,0.23776853,0.2473381,0.259337,0.2727236,0.2864734,0.29959857,0.31118748,0.32047525,0.32693753,0.33038843,0.33105966,0.32963523,0.32721075,0.32514742,0.32480887,0.32722154,0.3327723,0.34108263,0.35112214,0.36149612,0.37077275,0.37774616,0.38159543,0.38194498,0.37884736,0.37271026,0.3641887,0.35406414,0.3431349,0.33214158,0.321743,0.31254008,0.30512062,0.3000803,0.2979755,0.29919505,0.30379194,0.3113601,0.3210301,0.33159575,0.34171936,0.35014695,0.3558852,0.3583202,0.35727447,0.35300535,0.34614757,0.3376048,0.32840094,0.3195129,0.3117205,0.3055173,0.30111194,0.29851428,0.2976601,0.29851076,0.30107868,0.30537048,0.31128162,0.3185014,0.3264826,0.3344974,0.34176224,0.34759185,0.35154036,0.35349795,0.3537228,0.35279614,0.35149762,0.3506155,0.3507308,0.35204026,0.3542819,0.35679233,0.35866898,0.35897544,0.356929,0.35203442,0.3441543,0.3335232,0.32071924,0.30660662,0.29226097,0.2788816,0.26768872,0.25979698,0.2560634,0.25693184,0.26232663,0.27164394,0.28384525,0.29760924,0.31149182,0.32406965,0.33406684,0.34047198,0.3426506,0.34045297,0.33431083,0.32530558,0.31517118,0.30615976,0.3006765,0.30065787,0.30689254,0.31868705,0.33411294,0.3506307,0.3657074,0.37722695,0.38370228,0.38436604,0.3791987,0.36892062,0.35494775,0.3392853,0.32430848,0.3123681,0.3052248,0.30348787,0.3063812,0.31201714,0.31799868,0.32200778,0.32218796,0.31732315,0.30689085,0.29105932,0.27067,0.24722719,0.22289503,0.20044841,0.1829976,0.17318423,0.17190777,0.17764254,0.18725216,0.19742976,0.20556006
45,0.21923016,0.216871,0.21224625,0.20729323,0.20430027,0.20540127,0.2118628,0.2235723,0.23912328,0.2563825,0.27310258,0.2873294,0.29761592,0.3031342,0.30375028,0.3000854,0.29355302,0.28631887,0.2810752,0.28050327,0.2864557,0.29924226,0.3175234,0.33885518,0.36044008,0.37969413,0.3945573,0.40363106,0.4062311,0.40239844,0.39288336,0.37909463,0.36299098,0.34687445,0.33304095,0.32329193,0.31843862,0.31805384,0.32065085,0.32419464,0.32666418,0.32645458,0.32257706,0.31470817,0.30315074,0.28874645,0.2727584,0.25672624,0.2422852,0.23094244,0.22382957,0.2215025,0.22388656,0.23039913,0.24016525,0.25220066,0.26550555,0.27909273,0.29200324,0.30334496,0.31236413,0.31854016,0.32168505,0.3220253,0.32024038,0.31742778,0.31496292,0.31423822,0.31631893,0.32162926,0.3298158,0.3398582,0.3503609,0.3598867,0.36722243,0.37153727,0.37244055,0.36996177,0.36447594,0.35659522,0.34704998,0.33658344,0.32588348,0.31556657,0.30620956,0.29840174,0.29277033,0.28993288,0.2903603,0.29419115,0.30108753,0.31021804,0.32038462,0.33023834,0.33850646,0.34417787,0.34662592,0.34566647,0.3415553,0.3349283,0.32668954,0.31785735,0.3093911,0.30203682,0.29623792,0.29214296,0.2897033,0.28881103,0.28940913,0.2915234,0.29520538,0.3004193,0.30693394,0.31427696,0.32177985,0.3286982,0.3343671,0.3383464,0.34052175,0.34113938,0.3407616,0.34014153,0.34003142,0.34096754,0.34309703,0.34611133,0.34931064,0.35177007,0.35254413,0.35085,0.34619695,0.33845335,0.3278596,0.31499973,0.30074498,0.28617963,0.2725136,0.26097792,0.25269532,0.24852437,0.24890256,0.2537431,0.2624351,0.27394634,0.28698003,0.30013368,0.31203726,0.32147264,0.32748374,0.3294827,0.32735217,0.3215354,0.3130973,0.3037169,0.2955426,0.2908248,0.29131767,0.29765588,0.3090807,0.32370445,0.33910322,0.35288882,0.36308745,0.3683377,0.3679784,0.36207804,0.35142976,0.3375075,0.32235485,0.30834818,0.29777128,0.29222256,0.29207137,0.29630297,0.30288014,0.30937564,0.31353146,0.3135936,0.30845544,0.29769206,0.28155035,0.2609317,0.23738669,0.21312135,0.190958,0.17405124,0.16502403,0.16461848,0.17107195,0.18110135,0.19140096,0.19944045
46,0.21533886,0.21293968,0.2080394,0.20247814,0.1984953,0.19828025,0.20327343,0.21358308,0.22796962,0.24437469,0.2605584,0.27454066,0.2848333,0.29055727,0.2915171,0.28826195,0.2821261,0.27519858,0.27011538,0.2695421,0.2753636,0.2879528,0.30603755,0.3272304,0.34877518,0.36811313,0.38319,0.39259103,0.39559123,0.39216653,0.38297874,0.3693305,0.35306993,0.33640933,0.32161343,0.31054723,0.30418402,0.3023087,0.30362338,0.30621263,0.30810454,0.30769506,0.30396947,0.2965645,0.28573528,0.2722705,0.25737575,0.24252819,0.2292946,0.21910712,0.21301995,0.21152197,0.21449941,0.22136895,0.23128715,0.24331713,0.25650635,0.26990625,0.2825856,0.29367048,0.30241826,0.30831438,0.31117338,0.31122246,0.3091426,0.3060367,0.30329245,0.3023208,0.3042063,0.30938482,0.31750306,0.32753327,0.33807352,0.34768632,0.3551645,0.3596853,0.3608633,0.35872585,0.3536349,0.34617704,0.33704495,0.32693493,0.31648472,0.306266,0.29682592,0.2887486,0.282687,0.2793157,0.2791832,0.28250572,0.2890001,0.29785466,0.3078602,0.3176396,0.32588908,0.3315723,0.33404642,0.33312073,0.32905275,0.32248667,0.31433824,0.30563584,0.29734027,0.29018375,0.28457767,0.28062412,0.2782242,0.2772298,0.27756578,0.2792691,0.28243124,0.28707728,0.29304394,0.29991964,0.30707982,0.31380495,0.3194391,0.32354078,0.3259887,0.32701942,0.32718316,0.3272163,0.32784688,0.32957706,0.33251214,0.33630005,0.34020343,0.34327114,0.34454292,0.34323052,0.33884305,0.33125138,0.32069945,0.30777562,0.2933566,0.27853397,0.26452643,0.25257492,0.24381128,0.23910007,0.23888034,0.24306455,0.25104532,0.26180592,0.27408135,0.28651556,0.297794,0.30675587,0.31249705,0.31447038,0.31258175,0.30727446,0.29958206,0.29111186,0.2838909,0.28000134,0.28101173,0.28741333,0.29840156,0.3121491,0.3263614,0.33880207,0.34764135,0.35164177,0.35024393,0.343599,0.33256763,0.31867853,0.3040135,0.29095265,0.28171495,0.27773547,0.27914205,0.28468543,0.292189,0.29920503,0.30353925,0.30353844,0.29819936,0.28718624,0.2708149,0.25003648,0.2264384,0.20226343,0.1803866,0.16402876,0.15582235,0.15635756,0.16361576,0.17415269,0.18466163,0.1926984
47,0.21097712,0.20838298,0.20310542,0.19689953,0.19195871,0.19051605,0.19416133,0.20319547,0.21652229,0.23214261,0.24781716,0.261541,0.27179146,0.2776475,0.2788625,0.27592438,0.2700986,0.26340753,0.25843915,0.2578474,0.26354474,0.27595332,0.29385066,0.31489214,0.33635798,0.35571665,0.37092638,0.3805651,0.38387734,0.38078377,0.3718673,0.3583327,0.34192267,0.3247596,0.30906942,0.296766,0.28896907,0.28566617,0.2857472,0.28741965,0.288765,0.28818443,0.2846412,0.27773592,0.2676784,0.2552045,0.24145938,0.22785152,0.2158697,0.20686024,0.20179205,0.20108636,0.20459868,0.21175845,0.2217668,0.23374265,0.24678397,0.2599801,0.27242517,0.28326178,0.29175848,0.29740936,0.30003652,0.29987434,0.29761118,0.29435796,0.2915099,0.29048163,0.29235154,0.29753634,0.30565524,0.3156565,0.32612827,0.3356404,0.34300599,0.34742886,0.34854922,0.34641358,0.34139228,0.3340667,0.3251094,0.3151834,0.3048849,0.29474396,0.28527677,0.27705815,0.27076122,0.2671099,0.2667193,0.26986647,0.27630037,0.28520414,0.29533523,0.30527252,0.31367186,0.319467,0.32199752,0.32106632,0.31693476,0.31026003,0.30197805,0.29314104,0.2847309,0.27749008,0.27182245,0.2678052,0.26530457,0.26414073,0.26422262,0.26559427,0.2683774,0.27264273,0.27827516,0.28490195,0.29192144,0.2986219,0.30434492,0.30864215,0.31138563,0.31280744,0.31345513,0.31406105,0.3153426,0.31778067,0.3214483,0.32595482,0.33052626,0.33418238,0.3359442,0.33501342,0.330895,0.32345915,0.31295064,0.29995984,0.28536633,0.27026567,0.25588208,0.24346375,0.234152,0.22882245,0.2279258,0.23138678,0.23861387,0.248615,0.26016158,0.27194482,0.282703,0.2913272,0.29695797,0.29907966,0.29761112,0.29298395,0.28618795,0.2787454,0.2725509,0.26951307,0.27102125,0.27744135,0.28794524,0.3007827,0.31379542,0.32489747,0.33239648,0.33516952,0.33274898,0.32535923,0.31392086,0.30001396,0.28576082,0.27355343,0.26555648,0.2630504,0.26592943,0.2727207,0.28112,0.28866512,0.29322335,0.29323295,0.2877815,0.27660844,0.26008448,0.23919667,0.21555673,0.19143526,0.1697626,0.1538505,0.14638352,0.14782703,0.15590397,0.1669993,0.17779796,0.18593314
48,0.2067822,0.20384946,0.19810994,0.19125085,0.18542726,0.18290588,0.1853965,0.19335443,0.20579204,0.22074685,0.23597148,0.2494385,0.2595996,0.26550484,0.2668717,0.26414338,0.258534,0.25201622,0.2471431,0.24656086,0.25219926,0.26450646,0.2822832,0.30320883,0.32459196,0.34392896,0.3591968,0.36897564,0.3724912,0.36962247,0.36088812,0.3474097,0.33083752,0.31321162,0.29671726,0.28330407,0.27421758,0.26962873,0.26860267,0.26946375,0.270345,0.2696532,0.26633266,0.2599515,0.2506781,0.23919807,0.22659658,0.2142106,0.20344582,0.19555756,0.19142823,0.19141802,0.19536519,0.20272669,0.21275887,0.22464071,0.2375196,0.25051886,0.26275387,0.27338094,0.28167975,0.2871558,0.2896439,0.28939193,0.2871007,0.28388977,0.281154,0.28029212,0.2823466,0.28768253,0.2958663,0.3058104,0.31609404,0.3253039,0.33228758,0.33629146,0.33699912,0.33449537,0.32917935,0.3216485,0.31257617,0.30261055,0.29232064,0.28220418,0.27275038,0.26452386,0.25821224,0.25457746,0.25428247,0.257638,0.2643934,0.27369696,0.2842519,0.2945824,0.30330092,0.30931225,0.31193995,0.31098157,0.30670273,0.29977432,0.29115602,0.28193277,0.273124,0.26550612,0.25950444,0.25519934,0.25244513,0.2510445,0.2508949,0.2520423,0.25462428,0.25873458,0.26427853,0.27089363,0.27797675,0.28480655,0.29071304,0.29523924,0.2982547,0.29999563,0.3010188,0.30206636,0.30385974,0.30687186,0.31115344,0.31628117,0.32144567,0.32563636,0.3278521,0.32728088,0.32342017,0.3161364,0.30567276,0.29261884,0.27785385,0.2624732,0.24770194,0.2347918,0.22489275,0.21889643,0.21727641,0.21998449,0.22645871,0.23574011,0.24663861,0.2578889,0.26827455,0.27672875,0.28242588,0.28487092,0.28398532,0.28017938,0.27439043,0.26804873,0.2629125,0.26072058,0.2626969,0.26910397,0.27911058,0.29105428,0.3029119,0.31273848,0.31896544,0.32056972,0.31716147,0.30902618,0.29713613,0.28311986,0.269145,0.25762886,0.25070062,0.24950515,0.2537203,0.2616657,0.27092037,0.27900824,0.28384835,0.28395462,0.2784876,0.26724437,0.2506343,0.22966553,0.20596007,0.18180457,0.16018154,0.1445147,0.13759293,0.13980809,0.14864285,0.16030684,0.17146201,0.17979978
49,0.2033987,0.20001249,0.19375445,0.18626547,0.17967485,0.1762755,0.17786527,0.18500651,0.19677714,0.21122491,0.22608612,0.23931473,0.24934795,0.25522187,0.256636,0.25400913,0.24852628,0.24213174,0.23736006,0.23685281,0.24254192,0.25487193,0.2726366,0.29351884,0.31484666,0.33414355,0.34940964,0.3592356,0.3628401,0.36007524,0.35141304,0.33791125,0.32114676,0.3030919,0.28589576,0.27153403,0.26135507,0.25568572,0.25374326,0.2539538,0.25449377,0.25377306,0.25071788,0.24486752,0.23635334,0.22581479,0.21427967,0.20301476,0.19334312,0.1864319,0.18308578,0.18361959,0.18787244,0.19534293,0.20534833,0.21712561,0.22986494,0.24271592,0.2548087,0.26530963,0.27350903,0.27892607,0.28141278,0.28123528,0.27910987,0.27616176,0.27377304,0.2733032,0.2757287,0.28133497,0.28961933,0.29945573,0.30942163,0.3181313,0.3244779,0.3277616,0.32772088,0.32449248,0.31852102,0.3104394,0.30094337,0.2906883,0.28023598,0.27006716,0.26065373,0.25255263,0.24646,0.24315952,0.24333356,0.24728891,0.2547366,0.26476127,0.2759981,0.2869159,0.29609,0.30240366,0.3051697,0.30418238,0.29971036,0.29243517,0.28333744,0.2735359,0.264096,0.2558468,0.24926274,0.2444591,0.2413069,0.23961115,0.23926531,0.24031143,0.2428841,0.24707122,0.25276488,0.25958124,0.26689172,0.273952,0.2800769,0.2848046,0.2880107,0.28994685,0.29119194,0.2925116,0.2946447,0.298068,0.30281866,0.3084458,0.31410643,0.31875825,0.32137564,0.32112983,0.31750804,0.31037068,0.29995716,0.2868538,0.27193624,0.2562956,0.24115264,0.2277579,0.21726795,0.21059382,0.20824218,0.21020685,0.21596938,0.22461154,0.23498122,0.24584922,0.2560327,0.26449385,0.27042797,0.27334964,0.27317414,0.27028444,0.26556227,0.26034567,0.25626102,0.25488862,0.25730577,0.26369295,0.2732309,0.28434736,0.29514527,0.30380476,0.30886278,0.30937856,0.30502453,0.2961352,0.2837266,0.26947394,0.2555966,0.24455343,0.23846269,0.23836115,0.24373595,0.25271887,0.26278058,0.27142555,0.2766082,0.27689716,0.27150503,0.26026812,0.24361907,0.22257407,0.19875342,0.17444734,0.1526803,0.13699599,0.13033676,0.1330936,0.1425532,0.15475248,0.16630885,0.17494315
50,0.20139427,0.19748902,0.19069886,0.18264225,0.17543839,0.17140105,0.17238194,0.17899856,0.19034846,0.20446542,0.21906455,0.23208751,0.24196847,0.24774426,0.24911414,0.24649353,0.24106163,0.23475748,0.23011333,0.22976747,0.23563576,0.24812904,0.2660065,0.28693742,0.30826086,0.32752484,0.3427541,0.35255498,0.35614854,0.35337391,0.34467453,0.33106574,0.31407344,0.2956217,0.2778333,0.2627036,0.2516605,0.2451534,0.24252051,0.24226788,0.2426034,0.24193554,0.23917265,0.23382802,0.22600019,0.21628718,0.20566428,0.19533339,0.18654278,0.18038438,0.17760505,0.17849791,0.18292336,0.19043176,0.20039986,0.21211326,0.2247926,0.23760232,0.24967898,0.2601943,0.26844767,0.27397326,0.27664238,0.27674127,0.27499995,0.27254134,0.2707181,0.27082646,0.27375242,0.27968663,0.288056,0.29770547,0.30722308,0.31526086,0.32076377,0.32308912,0.32203388,0.31779215,0.31086338,0.3019303,0.29173034,0.2809488,0.27016348,0.25985914,0.25050482,0.24265498,0.23700677,0.23434259,0.23532623,0.24021542,0.24864458,0.25961488,0.27169347,0.28330588,0.29300565,0.29966733,0.3026011,0.30160072,0.2969359,0.28929296,0.27966568,0.26919922,0.25900322,0.24996732,0.2426344,0.23718303,0.23353074,0.23150764,0.2310129,0.23207828,0.23481408,0.23927057,0.24529241,0.252446,0.26006022,0.26736256,0.27365655,0.27848518,0.2817418,0.2837061,0.284991,0.28639674,0.28868946,0.29235792,0.29743174,0.30343574,0.30949396,0.31453165,0.31749672,0.31754163,0.31414148,0.30714908,0.29679868,0.28367177,0.26863816,0.25278124,0.23731329,0.2234788,0.21243753,0.20512049,0.20207424,0.2033466,0.20847467,0.21658728,0.22656797,0.23721392,0.24736218,0.25598922,0.26229852,0.26580453,0.26641074,0.26447138,0.2608151,0.25669476,0.25361654,0.2530193,0.25585452,0.26223838,0.27137092,0.28176415,0.29163146,0.2992579,0.30326602,0.3027796,0.29751927,0.28785855,0.2748516,0.26021957,0.24623969,0.23542735,0.22991447,0.23066096,0.23699453,0.24688172,0.2576911,0.26689708,0.2724691,0.2730073,0.26775518,0.25657183,0.23990123,0.21875972,0.19475959,0.17018583,0.14808986,0.13212311,0.12540749,0.12841296,0.13830318,0.15095861,0.16292785,0.17192589
51,0.20117466,0.19675146,0.18947172,0.18095428,0.17332341,0.16890764,0.16957748,0.17595477,0.18711725,0.2010693,0.2155062,0.22836521,0.23808728,0.24372162,0.24498174,0.2422977,0.23686373,0.2306339,0.22615138,0.22604981,0.23221162,0.24499063,0.26309344,0.28416517,0.30554938,0.32481357,0.34000418,0.3497442,0.35326263,0.35039654,0.34157687,0.32779714,0.31055492,0.29174688,0.27348164,0.25777012,0.24609624,0.23899588,0.2358932,0.23535037,0.23559506,0.23503056,0.23254788,0.22763674,0.22036661,0.21129912,0.20136392,0.19170806,0.1835204,0.17784032,0.17538513,0.1764541,0.18094711,0.18847007,0.19845033,0.21020634,0.22297247,0.23591404,0.24816428,0.25889435,0.2674099,0.27325842,0.27632916,0.276925,0.27578223,0.2740083,0.27290797,0.27369556,0.27715573,0.2833879,0.2917646,0.30112165,0.3100732,0.3173163,0.32184783,0.32307836,0.320858,0.3154347,0.30736294,0.29738158,0.2862825,0.27479997,0.2635508,0.25304613,0.24376915,0.23627742,0.2312584,0.22946377,0.23149541,0.23751877,0.24706534,0.25905073,0.27198997,0.28428796,0.29449677,0.301497,0.30460474,0.30361632,0.2988007,0.29084304,0.28073987,0.26965085,0.2587184,0.24888746,0.2407747,0.23463833,0.23046473,0.22812888,0.22754447,0.22872677,0.23174144,0.23657337,0.24299338,0.25050098,0.2583773,0.2658266,0.2721521,0.2769146,0.28003827,0.28184196,0.28298193,0.28429994,0.28659427,0.29036865,0.29564673,0.3019294,0.30830747,0.31367263,0.31694502,0.31725714,0.31407112,0.30723166,0.29696748,0.2838549,0.268757,0.25274798,0.23702908,0.2228354,0.21132627,0.20345029,0.19979528,0.20046864,0.20507033,0.21277978,0.22251277,0.23308297,0.24333388,0.25224283,0.25901058,0.26314467,0.26453477,0.26350942,0.2608519,0.25774214,0.25558326,0.25569326,0.25891837,0.26532367,0.27412847,0.28391647,0.29299134,0.29972157,0.30279574,0.3013869,0.29525325,0.2848011,0.27112043,0.25597924,0.24171656,0.2309132,0.22573216,0.22708443,0.23417142,0.2448192,0.25630018,0.26604733,0.27202398,0.27283975,0.2677509,0.2566264,0.23991525,0.21863282,0.19438526,0.1694516,0.14689672,0.1304486,0.123394154,0.1263433,0.13643093,0.14941902,0.16176897,0.17115475
52,0.20291612,0.19804908,0.19038232,0.18155307,0.17370094,0.16915953,0.16978423,0.1761598,0.18731998,0.20123771,0.21559621,0.22833605,0.23791108,0.24338934,0.2445075,0.24172254,0.23625842,0.23009822,0.22580373,0.22600049,0.23252591,0.24566633,0.2640715,0.28535992,0.30687436,0.32619402,0.34138003,0.35106835,0.35449722,0.35150835,0.34253266,0.32855883,0.3110761,0.29197222,0.2733524,0.2572387,0.24514747,0.2376656,0.23426986,0.23355816,0.23377065,0.23330523,0.23103754,0.22643647,0.21954596,0.21089667,0.20138134,0.19210616,0.18422154,0.17874211,0.17638671,0.17748675,0.18199465,0.18956947,0.19967495,0.21164307,0.22470322,0.23800665,0.25067255,0.26186424,0.27088815,0.27729997,0.28100038,0.2822997,0.28192782,0.2809611,0.2806416,0.2820945,0.28601065,0.29242036,0.3006711,0.30961522,0.31790802,0.3242954,0.32782158,0.32794058,0.324544,0.31792247,0.30867738,0.29760018,0.28554052,0.27329206,0.26152697,0.2508012,0.24162611,0.23456502,0.23028141,0.22946517,0.23261845,0.23978682,0.2503945,0.26328892,0.27696034,0.2898189,0.30043465,0.30770677,0.31096426,0.31000897,0.3051085,0.29694206,0.28650063,0.27494514,0.26343504,0.2529551,0.24418575,0.23746362,0.23285088,0.23027638,0.22967206,0.23103087,0.23435971,0.23956198,0.24632396,0.25407696,0.2620621,0.26947325,0.2756279,0.28011832,0.28291085,0.28437245,0.28520828,0.28630435,0.28849065,0.29228354,0.2976975,0.30420673,0.31086645,0.31653345,0.32009923,0.32067588,0.31771255,0.3110462,0.3009007,0.2878479,0.272745,0.25665772,0.24077639,0.22632615,0.2144637,0.20615168,0.20201533,0.2022195,0.20642659,0.21386555,0.22347985,0.23409095,0.24453798,0.25378886,0.261034,0.26577064,0.26787603,0.26765898,0.26586834,0.2636266,0.26225355,0.26296878,0.2665328,0.27296928,0.28151226,0.2908007,0.299207,0.30516192,0.3074029,0.30514023,0.298163,0.28690815,0.2725027,0.25676358,0.24209261,0.23113589,0.22609238,0.22784257,0.23549192,0.24675249,0.25880936,0.2690451,0.27539986,0.2764748,0.27152508,0.26042214,0.24361885,0.22213468,0.1975792,0.17223392,0.14917083,0.13215426,0.12458037,0.12721555,0.13726136,0.15042302,0.16307288,0.1728167
53,0.20653555,0.20136192,0.19346043,0.18449672,0.17662793,0.17217879,0.17296092,0.17949681,0.1907715,0.20473723,0.21907675,0.23173977,0.24119464,0.24652906,0.24750532,0.2446124,0.23911077,0.23301846,0.22891732,0.22942139,0.23632036,0.24983774,0.2685753,0.2901289,0.31183603,0.3312783,0.34652168,0.35620803,0.35958242,0.35649407,0.3473817,0.33324143,0.31556877,0.29625604,0.27741155,0.26106155,0.2487323,0.24102974,0.2374561,0.23663189,0.23680873,0.23638332,0.23422025,0.22977114,0.22305825,0.21458721,0.20522372,0.19604853,0.1881955,0.18268162,0.1802545,0.18129791,0.18582442,0.19354005,0.20392933,0.21631864,0.22991437,0.24383904,0.25718656,0.26910338,0.27888805,0.28609517,0.29062563,0.29278377,0.2932783,0.29314116,0.29354563,0.2955353,0.2997305,0.30612722,0.3140827,0.32249162,0.330063,0.3355928,0.3381653,0.33726576,0.33281246,0.3251233,0.31483227,0.30277175,0.28984192,0.27689475,0.2646624,0.25375342,0.24471304,0.23810744,0.23456107,0.23467846,0.23884216,0.24697536,0.25841317,0.2719647,0.28612483,0.29933098,0.31018555,0.31761476,0.32096556,0.32004786,0.31512845,0.30687875,0.29627857,0.28447977,0.27264303,0.26177296,0.2525927,0.24550027,0.24062262,0.2379369,0.2373893,0.23894553,0.24254927,0.24802175,0.254971,0.26277307,0.27064526,0.27778763,0.28354618,0.28755638,0.28983587,0.29080576,0.29122347,0.2920185,0.29404867,0.29783624,0.3033795,0.31011972,0.31707254,0.32305753,0.32693654,0.3278011,0.3250878,0.31862676,0.30863816,0.29569113,0.28063908,0.26454177,0.24858186,0.2339771,0.22188257,0.21327259,0.20880353,0.20868933,0.21264659,0.21994692,0.22955467,0.24029166,0.25098485,0.2605861,0.2682714,0.27352694,0.27622077,0.27664953,0.27553934,0.27397174,0.2732039,0.27437994,0.2781939,0.2846365,0.29295096,0.30181494,0.3096489,0.31492656,0.31641957,0.31336612,0.30558234,0.29353645,0.27839527,0.26202685,0.246893,0.23569651,0.23066443,0.23265372,0.24069901,0.2524257,0.2649444,0.27558467,0.2822521,0.28352764,0.278657,0.26751086,0.2505489,0.22880353,0.20390129,0.17814001,0.15459946,0.13704208,0.12889433,0.13104692,0.1408394,0.15399686,0.16682258,0.17684183
54,0.21170811,0.20640418,0.19844703,0.18953165,0.18182683,0.1776325,0.1786973,0.1854748,0.19691302,0.21096183,0.22531568,0.23793681,0.24730602,0.25252703,0.25338486,0.25039878,0.24486499,0.2388346,0.23490617,0.23568027,0.24290524,0.2567583,0.2758106,0.2976434,0.31958598,0.33921304,0.35458526,0.36434233,0.36773163,0.36460978,0.35542706,0.3411941,0.3234215,0.30401328,0.28508225,0.26864955,0.25623044,0.24842419,0.2447391,0.24381214,0.24391054,0.2434371,0.24125196,0.23679422,0.23006919,0.22156367,0.21212578,0.20282479,0.19479643,0.18908122,0.18647541,0.1874286,0.19201697,0.19998723,0.21083142,0.22385433,0.23822409,0.25302112,0.2673024,0.28018647,0.2909528,0.29914212,0.30464152,0.30773482,0.3090967,0.30970776,0.31067702,0.31298584,0.31721717,0.3233708,0.33084762,0.3386067,0.34542087,0.3501357,0.3518678,0.3501213,0.34482616,0.3363111,0.32522535,0.3124253,0.29884645,0.28538656,0.27282923,0.26183012,0.25296307,0.24678925,0.24388294,0.24475487,0.2496714,0.25845358,0.27037913,0.2842508,0.2985925,0.31188437,0.32276982,0.3302074,0.33356532,0.33266425,0.32777193,0.31955245,0.30897188,0.29716623,0.2852841,0.2743299,0.26504424,0.25785965,0.25294423,0.2503058,0.24989425,0.2516446,0.25544146,0.26103574,0.26797524,0.27560106,0.2831261,0.28977218,0.29492626,0.29827604,0.29989728,0.30027002,0.3002055,0.3006751,0.3025587,0.30637598,0.31209928,0.3191286,0.32643414,0.3327946,0.33704054,0.33824244,0.33582446,0.32961074,0.319819,0.3070177,0.29205933,0.2760019,0.26002556,0.24534656,0.23312289,0.2243411,0.21968327,0.21940131,0.22325288,0.23054005,0.24023844,0.2511627,0.2621219,0.27204758,0.28009936,0.28575307,0.28887132,0.28974563,0.2890907,0.28796312,0.2875783,0.28902802,0.2929599,0.29934138,0.3074211,0.31590146,0.32323268,0.32791463,0.32874015,0.32496762,0.31643683,0.30364758,0.2878083,0.27083784,0.25525135,0.24379323,0.2387032,0.24081431,0.24911116,0.26115978,0.2740135,0.28495213,0.2918427,0.2932399,0.28837603,0.27712113,0.25994608,0.23790547,0.21265563,0.18652388,0.16259983,0.14461187,0.13593817,0.13753308,0.1469092,0.15988563,0.17273481,0.1829062
55,0.21792434,0.21267514,0.20484026,0.19613741,0.1887358,0.18489645,0.18629733,0.1933311,0.20492929,0.21905912,0.23343721,0.24603994,0.25535685,0.2605017,0.2612759,0.25822264,0.252667,0.24668582,0.24288784,0.24386,0.25132135,0.2654249,0.28473207,0.30681953,0.32900774,0.34885788,0.36441702,0.37431586,0.37779966,0.3747305,0.36557132,0.35135025,0.33359632,0.3142272,0.29535717,0.2789916,0.2666171,0.25880653,0.2550613,0.25403237,0.25400838,0.25340703,0.25109175,0.24649546,0.23961197,0.23091543,0.22124434,0.21166667,0.20333257,0.19731931,0.1944835,0.19534826,0.20005532,0.20838784,0.21983677,0.23367423,0.24901822,0.26489538,0.28031397,0.29435244,0.30625787,0.31554332,0.32206804,0.32608274,0.32822013,0.32941028,0.33071092,0.33306742,0.33706033,0.34272903,0.34954643,0.35655394,0.3625954,0.36656472,0.3676037,0.3652243,0.35935447,0.35031787,0.3387614,0.32554644,0.31162375,0.29791668,0.28524143,0.27428403,0.2656333,0.2598351,0.25740942,0.2587802,0.264119,0.27317727,0.28520977,0.2990406,0.3132401,0.326341,0.33703297,0.34431,0.34756443,0.3466306,0.34178025,0.3336721,0.32325867,0.3116559,0.29999042,0.2892486,0.28016362,0.27317294,0.268457,0.26603097,0.26583487,0.26777086,0.2716735,0.27724123,0.28398365,0.2912285,0.298202,0.3041613,0.3085436,0.3110958,0.311957,0.31166977,0.3111009,0.31126207,0.31305003,0.31697345,0.32296857,0.33038488,0.33813968,0.34496608,0.34966046,0.3512707,0.34920806,0.3432907,0.3337349,0.32111022,0.30627152,0.29028004,0.2743202,0.2596147,0.24733189,0.2384742,0.2337466,0.23342882,0.23730472,0.24469194,0.25456524,0.26572374,0.27695283,0.28716066,0.29548904,0.30140412,0.30476594,0.30586693,0.30542034,0.3044728,0.30421865,0.30572116,0.30960277,0.31581995,0.32362652,0.3317393,0.3386233,0.34278953,0.34304014,0.33864507,0.3294631,0.3160229,0.2995723,0.28207582,0.26609066,0.25438505,0.24919505,0.25132936,0.25974253,0.27196872,0.28502375,0.29614633,0.30316576,0.30460912,0.2996944,0.28829205,0.270888,0.24856529,0.22301835,0.19661093,0.17244008,0.1541724,0.14507504,0.14610411,0.15495057,0.16758485,0.18029478,0.19047269
56,0.22456741,0.2195389,0.21197833,0.2036152,0.19660643,0.1931649,0.1949001,0.20216006,0.21388157,0.22806574,0.24245945,0.255054,0.2643441,0.26944745,0.270174,0.26708204,0.2615153,0.25556564,0.25184402,0.2529241,0.26050887,0.27474907,0.29421654,0.3164945,0.33889687,0.35896876,0.37473947,0.3848265,0.38847002,0.38553604,0.37649956,0.3624064,0.34480408,0.32562202,0.30697042,0.2908285,0.27863944,0.27093494,0.2671994,0.26609552,0.2659379,0.26516712,0.2626582,0.25784525,0.25071687,0.2417402,0.23174977,0.22181843,0.2131169,0.20676528,0.20368564,0.20447823,0.20935205,0.21812597,0.23028608,0.24506536,0.26152313,0.27862203,0.29531023,0.31061354,0.32373363,0.33414277,0.34166062,0.34649658,0.3492393,0.35077542,0.3521295,0.35423875,0.3577136,0.36266297,0.3686542,0.3748241,0.38009226,0.3833991,0.3839052,0.38112074,0.37495962,0.3657263,0.3540491,0.34077564,0.32685024,0.31319833,0.30064437,0.28988236,0.2814981,0.27601227,0.27389288,0.27549365,0.28092065,0.28989053,0.30166584,0.31511334,0.32886258,0.34150496,0.35177982,0.358719,0.36174184,0.36069965,0.35587192,0.34791556,0.33777133,0.32653368,0.31529987,0.30502394,0.29640925,0.28987077,0.28557262,0.28351402,0.2836114,0.28573284,0.28967303,0.29509607,0.30149397,0.30820012,0.31446865,0.3196022,0.32309493,0.32475784,0.32479703,0.3238206,0.3227528,0.32264546,0.3244089,0.32853404,0.3349126,0.3428343,0.35115585,0.3585588,0.36380124,0.36590573,0.36426875,0.35870168,0.34941956,0.33699438,0.32228658,0.30636576,0.2904282,0.27571213,0.26340503,0.25453135,0.24981883,0.2495673,0.2535734,0.26115513,0.27127343,0.2827023,0.29419762,0.30464035,0.3131528,0.31919107,0.32261437,0.32372028,0.32322904,0.3221915,0.32180104,0.32311672,0.32675886,0.33268794,0.34016657,0.3479195,0.35441437,0.35815987,0.35795498,0.35307136,0.34337828,0.32942608,0.31249374,0.29458028,0.27826947,0.26633567,0.2609999,0.26305228,0.27144057,0.28369525,0.29681587,0.30801135,0.31507757,0.3165149,0.31152713,0.29998547,0.28239197,0.25985977,0.23412262,0.20757882,0.18332273,0.16493408,0.15552692,0.1560142,0.16425544,0.17640911,0.18882245,0.19885713
57,0.23099148,0.22631033,0.21913333,0.21118966,0.20461324,0.20156537,0.20359604,0.21102709,0.22281845,0.23701692,0.25140485,0.26398933,0.2732676,0.2783563,0.27906665,0.27596238,0.27039438,0.2644577,0.26075658,0.261851,0.26943865,0.28368628,0.30319303,0.3255601,0.34810054,0.36834538,0.3843065,0.39458787,0.39842412,0.39568463,0.38685602,0.3730009,0.3556834,0.33684096,0.31857324,0.30282363,0.29097974,0.28351972,0.27990112,0.2787941,0.278541,0.27761132,0.2748998,0.26984936,0.2624499,0.25316662,0.2428337,0.23253128,0.22345212,0.21675994,0.21344297,0.21418,0.21924935,0.2285076,0.24143574,0.25722438,0.27486783,0.29325598,0.31126636,0.32786074,0.34218404,0.3536574,0.3620532,0.3675362,0.37065423,0.37226203,0.373371,0.37493637,0.37762588,0.3816414,0.38666105,0.39192572,0.3964328,0.39916644,0.39930004,0.39633366,0.39015695,0.38104343,0.3695888,0.35660964,0.34302348,0.32973424,0.31754938,0.30714697,0.29909143,0.2938701,0.2919045,0.29349792,0.29872033,0.30728462,0.3184863,0.33125138,0.3442774,0.35621902,0.36586732,0.37229404,0.374948,0.3737011,0.36884493,0.36103934,0.35121685,0.34045115,0.329806,0.3201918,0.31226403,0.30639115,0.30269617,0.3011412,0.30160725,0.3039273,0.30786538,0.3130667,0.31902286,0.32508764,0.33055392,0.3347766,0.33731094,0.33803433,0.3372219,0.3355495,0.33400112,0.3336702,0.3354802,0.33990112,0.34677383,0.355321,0.36433116,0.37242794,0.3783258,0.3810179,0.37988296,0.37472355,0.3657526,0.35354534,0.3389704,0.3231108,0.30718178,0.29244617,0.28011996,0.27125674,0.26660883,0.26649156,0.2707035,0.27854976,0.28896502,0.30068874,0.31244084,0.3230711,0.33167946,0.3377108,0.34102336,0.34192264,0.3411426,0.33975103,0.33895984,0.33984828,0.3430587,0.3485731,0.35566983,0.3630784,0.36925903,0.3727053,0.37219998,0.3670037,0.3569841,0.34270033,0.325448,0.30724367,0.29067886,0.27851865,0.27296582,0.27480713,0.28301224,0.2951378,0.308189,0.31935716,0.3264104,0.3278238,0.32278636,0.31116828,0.29348508,0.27087596,0.24510755,0.21860185,0.19443318,0.176072,0.16645654,0.16643335,0.17401803,0.18557669,0.19755219,0.20730382
58,0.23659055,0.23233262,0.22559683,0.21810146,0.21195048,0.2092555,0.21151966,0.21905524,0.23085779,0.24502602,0.2593804,0.27194443,0.2812167,0.28630933,0.28702864,0.28393504,0.27837545,0.27243605,0.26870516,0.26972702,0.27720082,0.29132152,0.31072885,0.33305284,0.3556141,0.37593582,0.39201725,0.40245238,0.40647277,0.4039526,0.3953904,0.38186467,0.36495385,0.34659928,0.3288836,0.31370553,0.30238628,0.2953386,0.2919826,0.29098877,0.29072598,0.28969675,0.28682253,0.28156272,0.2739148,0.26434636,0.25369334,0.24304317,0.23360935,0.2265971,0.2230593,0.2237535,0.22902961,0.23878448,0.25249514,0.26930776,0.28814647,0.30782074,0.3271287,0.34495917,0.36039203,0.3727912,0.38187867,0.38777617,0.39099807,0.39238122,0.39294377,0.39368185,0.3953426,0.39823806,0.4021679,0.40648115,0.41025218,0.4125049,0.41241938,0.4094783,0.40353927,0.3948357,0.38391942,0.371562,0.3586362,0.34600294,0.33442914,0.32455453,0.31690523,0.3119286,0.31000593,0.31140843,0.3161959,0.32410294,0.33447805,0.34631887,0.35839754,0.36943436,0.37827334,0.38402703,0.38617548,0.38461444,0.37965247,0.37195787,0.36246046,0.35221645,0.342255,0.33343583,0.3263523,0.32130733,0.31836185,0.31742364,0.31832802,0.32087225,0.32479703,0.32974088,0.3352079,0.3405828,0.34520414,0.34848246,0.3500349,0.34980497,0.34813663,0.34577447,0.34376457,0.3432456,0.3451571,0.34994876,0.3574084,0.36668643,0.376497,0.38539904,0.39205763,0.39543125,0.39487678,0.39018473,0.38156402,0.36959293,0.3551501,0.33933592,0.32339093,0.30861062,0.29624817,0.28739345,0.28282702,0.2828774,0.28733784,0.29549018,0.30623248,0.3182614,0.33025482,0.34102696,0.34965232,0.35556176,0.35861126,0.35911492,0.35782528,0.35583797,0.35440135,0.3546385,0.35723838,0.36222404,0.36889917,0.3759973,0.3819632,0.3852627,0.38464814,0.37935403,0.36923027,0.3548271,0.3374369,0.31907204,0.3023113,0.28989843,0.284023,0.28549284,0.29333436,0.3051625,0.31801033,0.3290641,0.33606935,0.33747664,0.33245793,0.3208778,0.30325833,0.28075528,0.25515485,0.22888485,0.20497762,0.18677562,0.17703421,0.1765287,0.18342152,0.1942947,0.20571367,0.21506181
59,0.24085493,0.23704106,0.23075028,0.2236824,0.2179089,0.21549806,0.21792002,0.22549109,0.23724902,0.25134543,0.26563874,0.27816892,0.28743568,0.2925447,0.29329303,0.29023036,0.2846896,0.2787371,0.27493605,0.2758109,0.28306454,0.29692715,0.3160878,0.33821523,0.3606477,0.38091025,0.39699787,0.40750164,0.41165516,0.40934098,0.4010711,0.38794,0.3715384,0.35380772,0.3368075,0.32238352,0.31177995,0.30533192,0.3024099,0.30167586,0.3015217,0.3004853,0.297521,0.2921117,0.28426856,0.27446523,0.26354077,0.25258914,0.24284211,0.2355435,0.23180866,0.23247327,0.23795988,0.2482068,0.2626867,0.2804985,0.3004911,0.32138753,0.34190032,0.36083972,0.3772169,0.390337,0.39987352,0.40591088,0.40894058,0.40979677,0.40952274,0.4091748,0.40959615,0.4112206,0.41397443,0.41731462,0.42038834,0.4222532,0.42208952,0.4193569,0.41387537,0.40583238,0.39572853,0.38427997,0.37230045,0.36058968,0.34985352,0.34067348,0.33352265,0.32880265,0.32686004,0.32794967,0.33214208,0.33921397,0.34858215,0.35932502,0.3702929,0.3802724,0.3881593,0.39310598,0.39462405,0.39263546,0.3874703,0.3798121,0.3705953,0.360865,0.35161865,0.34366235,0.33751816,0.33340886,0.331317,0.33108202,0.3324856,0.3352884,0.33921355,0.3439017,0.34887847,0.35356608,0.35735178,0.3597013,0.36029106,0.35912696,0.35661882,0.3535791,0.3511186,0.35042655,0.35246548,0.35767037,0.36577788,0.37586427,0.3865645,0.3963669,0.4038807,0.40802398,0.4081265,0.40396255,0.3957341,0.38402107,0.36971253,0.35392877,0.33794034,0.32308155,0.31065002,0.30177876,0.297281,0.2974991,0.3022172,0.31068715,0.32176322,0.33409277,0.34630674,0.3571799,0.3657577,0.3714535,0.37411794,0.37407246,0.37209046,0.36930346,0.36701176,0.36640412,0.36824054,0.37260574,0.37884077,0.3856848,0.39156014,0.394893,0.39439005,0.38924262,0.37926406,0.36497438,0.34763888,0.32924092,0.3123257,0.29960644,0.29327086,0.29417926,0.30145472,0.3128053,0.32531518,0.33617783,0.3431206,0.34456885,0.339673,0.32828456,0.3109214,0.28874174,0.26353303,0.2377064,0.21422899,0.19630146,0.18650047,0.18553755,0.19171691,0.2018384,0.21260875,0.22145784
60,0.24341613,0.24001329,0.23411977,0.22741333,0.22193478,0.21971878,0.22221662,0.2297586,0.24142578,0.25541887,0.2696308,0.28211698,0.2913785,0.2965139,0.29730833,0.29429516,0.28878516,0.28281513,0.27891454,0.27958265,0.28652468,0.30000767,0.31877512,0.34054267,0.36267695,0.38271654,0.3986632,0.40911463,0.41331396,0.41115743,0.40317377,0.39047432,0.37466115,0.3576725,0.34153935,0.328046,0.31834847,0.31269097,0.31038123,0.31006268,0.31014594,0.309206,0.3062354,0.30074728,0.29277217,0.2827937,0.27165538,0.2604571,0.25044706,0.24290533,0.23900737,0.23966525,0.2453723,0.25610566,0.27132955,0.29009056,0.3111573,0.33316225,0.35472956,0.37459013,0.3916874,0.40527132,0.4149733,0.4208499,0.4233824,0.42341748,0.42204005,0.420382,0.41939422,0.41963825,0.4211667,0.4235393,0.42596808,0.42753607,0.4274172,0.42504346,0.4201948,0.4130111,0.4039388,0.3936328,0.38283795,0.37227848,0.36258215,0.35425547,0.34770584,0.3432841,0.3413066,0.34202427,0.3455349,0.35167292,0.35993463,0.36948466,0.3792522,0.3880874,0.39493382,0.39897984,0.3997665,0.39724267,0.39176404,0.3840367,0.37500942,0.365726,0.3571597,0.35006532,0.3448896,0.34176576,0.34058595,0.34111065,0.3430617,0.3461626,0.35012266,0.35459095,0.35911992,0.36317194,0.36618197,0.3676666,0.36735466,0.36530703,0.36199299,0.35828987,0.35537502,0.354496,0.35664925,0.36226594,0.37103873,0.38197157,0.3936176,0.40438938,0.41283423,0.41782343,0.41865376,0.41507816,0.4072876,0.39586088,0.3816963,0.3659347,0.34987864,0.33490536,0.32236212,0.31343096,0.30896312,0.30931804,0.31427088,0.32304105,0.33443522,0.34704792,0.3594599,0.3704033,0.37889063,0.38431358,0.38651273,0.38581303,0.38300776,0.37926868,0.37595972,0.37435448,0.37530735,0.37898642,0.3847842,0.39144942,0.39737687,0.40094158,0.40078938,0.3960507,0.38648164,0.37254876,0.35546458,0.33715746,0.32011762,0.30702046,0.30006567,0.30020064,0.30668864,0.31736887,0.32940155,0.33999988,0.3468767,0.34842974,0.34378147,0.33276,0.31586555,0.29424125,0.2696547,0.24447617,0.22158585,0.20403397,0.19422999,0.19283564,0.19829513,0.20762418,0.21768282,0.22596534
61,0.24408,0.2410063,0.2354166,0.22896717,0.22367428,0.22155139,0.22404474,0.23150504,0.24305269,0.2569286,0.27105343,0.28349546,0.292757,0.29792994,0.2987865,0.29584017,0.29037365,0.2843866,0.28036723,0.28078362,0.28733936,0.30033645,0.3185742,0.33982125,0.36148295,0.38112363,0.39676428,0.40702015,0.41115302,0.40907955,0.40134966,0.3890938,0.37392542,0.35777715,0.34264597,0.3302458,0.321632,0.31694344,0.31541148,0.31565136,0.31608868,0.31533733,0.31243345,0.30692708,0.29887414,0.2887724,0.27747232,0.26608044,0.255861,0.24812897,0.24411756,0.24481118,0.2507675,0.26199389,0.27793673,0.29758248,0.31961477,0.34257424,0.3649984,0.38554302,0.40309018,0.41684306,0.42640123,0.43180588,0.4335419,0.4324832,0.42977047,0.4266226,0.42410484,0.42290685,0.42320168,0.42464122,0.42649007,0.42784587,0.42786905,0.42596152,0.42186442,0.41567296,0.40778196,0.39878473,0.38935214,0.38012317,0.37163433,0.3643035,0.35846195,0.35440546,0.3524235,0.35277274,0.35559073,0.36078104,0.3679263,0.37627897,0.38484368,0.39252764,0.3983142,0.40142015,0.40141082,0.39826027,0.39235273,0.38442436,0.37545013,0.36648637,0.3584949,0.35218796,0.347939,0.34578776,0.34552866,0.3468358,0.34936666,0.35280707,0.356855,0.3611713,0.36533725,0.3688541,0.37119943,0.37193203,0.3708221,0.36797357,0.36390483,0.3595522,0.3561607,0.3550453,0.35725203,0.36322528,0.37262663,0.38439408,0.396999,0.40877438,0.41819966,0.42409307,0.425712,0.42278218,0.41547856,0.4043747,0.39037505,0.37463894,0.35850054,0.34338066,0.33067906,0.32163155,0.31713343,0.31756708,0.32270315,0.33173063,0.343409,0.35627937,0.36887097,0.37987098,0.3882555,0.39338896,0.39509544,0.39369667,0.39000094,0.38521996,0.38078803,0.37807876,0.37806267,0.38101372,0.3863926,0.3929644,0.39909348,0.40309379,0.40353596,0.3994719,0.39058015,0.37725034,0.3606163,0.3425251,0.32539088,0.31184268,0.30410442,0.303244,0.30870974,0.3185132,0.32991895,0.34017366,0.34697887,0.34870112,0.34442657,0.33394802,0.31773242,0.296889,0.27314332,0.24880166,0.22663872,0.2095508,0.19979563,0.19800149,0.20275214,0.21127479,0.22058925,0.22826709
62,0.24284741,0.23997988,0.23456329,0.22823729,0.2230037,0.22086965,0.22328953,0.23063725,0.24206322,0.25583455,0.26988897,0.2823029,0.2915795,0.29680523,0.29773986,0.2948759,0.28946435,0.28346282,0.2793127,0.2794454,0.28555772,0.29798213,0.31557244,0.3361541,0.35717973,0.37625113,0.3914207,0.40133265,0.40527713,0.40319878,0.3956743,0.3838565,0.36937138,0.3541442,0.34013224,0.32896894,0.3215949,0.31802803,0.31741014,0.31832018,0.3191968,0.31869552,0.31590232,0.3104111,0.3023097,0.29211545,0.2806898,0.26914883,0.25877434,0.25091603,0.24686188,0.24766083,0.25392213,0.2656672,0.2823096,0.30276552,0.32563043,0.34935588,0.37239972,0.39335227,0.4110457,0.4246491,0.43374377,0.43836975,0.43903,0.43663922,0.43240535,0.42764187,0.42353007,0.42088234,0.4199803,0.42055136,0.4218957,0.42311203,0.42334002,0.42195135,0.41865385,0.41350672,0.40686193,0.39925665,0.39128852,0.3835065,0.3763469,0.3701287,0.36509877,0.36149466,0.3595812,0.35962802,0.3618213,0.36614063,0.3722575,0.37950903,0.38696745,0.39358577,0.39837474,0.4005682,0.39974678,0.39590523,0.38945714,0.38117605,0.3720762,0.36324427,0.35564947,0.34997714,0.34653705,0.34527797,0.34589404,0.34796908,0.35109338,0.3549145,0.35912016,0.36338362,0.36731344,0.37044472,0.37228814,0.37243176,0.3706715,0.36713794,0.3623841,0.35739562,0.3534845,0.35204345,0.3541881,0.3603997,0.3703288,0.38285896,0.39638323,0.4091526,0.4195736,0.4264051,0.4288586,0.4266264,0.41986135,0.4091263,0.39532685,0.3796362,0.36341608,0.3481284,0.33522505,0.32599846,0.3213946,0.32182765,0.32707238,0.3362946,0.3482112,0.36131248,0.37407687,0.38514522,0.3934533,0.398332,0.39958027,0.3975068,0.39292577,0.38708282,0.38148358,0.37761202,0.37657386,0.37877232,0.38375598,0.39031696,0.39678958,0.40141922,0.40268895,0.3995561,0.39160275,0.3791197,0.36313766,0.3453975,0.32821542,0.31416258,0.30549288,0.30342188,0.30762586,0.31633332,0.32694575,0.33676016,0.34347078,0.34540886,0.3416148,0.33183315,0.31648144,0.29661596,0.27389938,0.2505536,0.2292339,0.21268366,0.203026,0.20087181,0.20494364,0.21267362,0.22124273,0.22830777
63,0.23991844,0.23710331,0.23170273,0.22534889,0.22004321,0.21780352,0.22010478,0.22734275,0.23868251,0.2523975,0.26642793,0.27885157,0.28817168,0.29347113,0.2944995,0.2917293,0.28637955,0.2803637,0.27607346,0.2759,0.2815284,0.29331622,0.31016815,0.32996774,0.35022116,0.36857712,0.38313025,0.39256427,0.39620697,0.3940389,0.38666952,0.37527853,0.36150622,0.34726915,0.3344787,0.32467592,0.31867045,0.31634346,0.31673542,0.3183839,0.31974098,0.31950873,0.31682965,0.31134915,0.3031945,0.29290944,0.2813726,0.26971477,0.2592393,0.25133124,0.24732839,0.24833143,0.25498033,0.26728648,0.28461057,0.3057883,0.3293271,0.3535974,0.37699017,0.39804515,0.41556033,0.42868656,0.43700272,0.44056284,0.43990198,0.43598774,0.43010396,0.42366216,0.41795644,0.4139108,0.41189668,0.41169423,0.41261697,0.41374823,0.4142002,0.41331673,0.4107829,0.4066368,0.40120274,0.3949743,0.38848275,0.38218778,0.3764213,0.37139684,0.36727124,0.36422122,0.3624888,0.3623612,0.3640782,0.36769778,0.37297767,0.3793313,0.38588554,0.39162338,0.3955665,0.3969506,0.39535958,0.390801,0.38371614,0.3749212,0.36548308,0.35653922,0.34909084,0.34382018,0.34099138,0.34047225,0.34186023,0.34464842,0.34835884,0.3526001,0.357049,0.36138913,0.36525118,0.3681946,0.36974987,0.36951703,0.36729798,0.36322945,0.3578801,0.35227126,0.3477782,0.34588125,0.34778935,0.35405123,0.36433432,0.37748578,0.39182773,0.40552905,0.4169191,0.4246915,0.42800543,0.42651322,0.42033923,0.41002887,0.39648187,0.3808781,0.36459932,0.349142,0.33600593,0.32654095,0.32174993,0.32209015,0.327354,0.33669627,0.34880054,0.36211213,0.3750611,0.3862412,0.3945438,0.39925876,0.40014943,0.39749873,0.39211312,0.38526076,0.3785129,0.37346774,0.37138206,0.37281185,0.37741712,0.3840325,0.3909671,0.39639392,0.39869875,0.39673123,0.3899608,0.3785607,0.36343727,0.34620234,0.32905266,0.3144849,0.30477855,0.30131188,0.30402514,0.31140962,0.3210422,0.33029217,0.33685294,0.3390169,0.3357695,0.32679385,0.31244254,0.29370153,0.27215257,0.24991716,0.22952236,0.2135637,0.2040472,0.20158045,0.20502256,0.21200126,0.2198552,0.22632907
64,0.235676,0.23274136,0.22718656,0.22064966,0.21514952,0.2127339,0.21490937,0.22208719,0.23342456,0.24717534,0.2612636,0.2737601,0.28316724,0.288567,0.28970268,0.2870304,0.28173962,0.2757013,0.2712581,0.2707602,0.27587813,0.28698957,0.3030456,0.3219864,0.3413747,0.35891226,0.3727439,0.38160113,0.38485742,0.3825364,0.37528676,0.36431968,0.3512924,0.33811122,0.3266342,0.31829596,0.31375796,0.3127494,0.31420115,0.31660822,0.31843996,0.3184511,0.31584802,0.3103354,0.30208796,0.29168424,0.28002828,0.2682736,0.25775054,0.24988055,0.24604307,0.24737087,0.25450528,0.26741686,0.28539154,0.307177,0.33119848,0.3557595,0.3792022,0.4000348,0.41703975,0.42936745,0.43661094,0.43885309,0.43667403,0.4311042,0.42350894,0.4153975,0.40816855,0.40284032,0.3998487,0.39899704,0.3995849,0.40066183,0.40130585,0.40083924,0.39893955,0.3956448,0.3912738,0.38629606,0.38119036,0.37633413,0.37195578,0.3681611,0.36501387,0.3626285,0.36122504,0.36111015,0.36257812,0.36576226,0.37049794,0.37626106,0.38221514,0.3873536,0.3906899,0.39144447,0.38919005,0.38393688,0.37614855,0.3666861,0.35667998,0.34733912,0.33972535,0.334549,0.33205616,0.332053,0.3340505,0.33745527,0.3417218,0.3464189,0.35120982,0.3557832,0.35978273,0.362779,0.36430478,0.36395162,0.3615047,0.35708338,0.3512495,0.3450421,0.3398913,0.33737248,0.3388126,0.34486482,0.3552499,0.3688046,0.3837926,0.39830324,0.41058597,0.4192639,0.42343798,0.42271435,0.41718197,0.40736148,0.39413825,0.37868893,0.36240453,0.34680519,0.33343035,0.32368413,0.31863147,0.31878582,0.32397476,0.3333594,0.34560385,0.3591172,0.37228537,0.38365448,0.39206707,0.3967637,0.3974602,0.3943987,0.38836113,0.38062155,0.37280428,0.3666189,0.36348352,0.3641296,0.36835542,0.3750593,0.3825357,0.3888858,0.3923924,0.39178786,0.3864169,0.3763207,0.36226472,0.3457134,0.32872373,0.31369722,0.3029221,0.29793665,0.2989669,0.30480927,0.31325957,0.3217882,0.3280996,0.33044648,0.32775122,0.3196239,0.3063385,0.28879634,0.26848444,0.24741335,0.22797905,0.21263789,0.2032961,0.20056926,0.20344824,0.20974368,0.21694316,0.22287631
65,0.23064397,0.22741504,0.22153814,0.21467437,0.20888162,0.2062585,0.20835245,0.21557723,0.22705168,0.24097799,0.25524276,0.2679007,0.27745265,0.28298345,0.28423542,0.28165388,0.2764043,0.27032036,0.2657003,0.26485708,0.26944718,0.27986583,0.295106,0.31316093,0.33164865,0.34832585,0.36139104,0.36962843,0.37246266,0.36996633,0.3628327,0.35230947,0.34007308,0.32801726,0.31793785,0.31114757,0.30814284,0.3084894,0.3110061,0.31414905,0.31641123,0.31660673,0.31401217,0.3083984,0.29999524,0.28942493,0.27762687,0.26578686,0.25526905,0.2475305,0.24397977,0.24575457,0.2534613,0.26699638,0.2855522,0.3077881,0.33206016,0.3566251,0.37979817,0.40007728,0.41624916,0.42748138,0.43339676,0.43412066,0.43028912,0.4230026,0.4137105,0.40401554,0.39540783,0.38897663,0.38519034,0.38383988,0.38417968,0.38520575,0.38595703,0.38574302,0.38425344,0.38155213,0.3779808,0.3740111,0.3700904,0.36652777,0.36345538,0.3608733,0.35875216,0.3571437,0.3562455,0.35638228,0.35789824,0.36099267,0.36556354,0.3711296,0.37686926,0.38176513,0.3848034,0.38517284,0.38242128,0.37655017,0.3680375,0.3577859,0.3469947,0.3369607,0.3288346,0.3233912,0.32089496,0.32111984,0.32350942,0.32739338,0.33216214,0.33734348,0.3425825,0.34756398,0.35193163,0.35525012,0.35703442,0.35684532,0.354428,0.34986025,0.34367308,0.3369016,0.3310166,0.32768932,0.32838672,0.33390605,0.34406602,0.35772774,0.3731159,0.388247,0.40128988,0.41079327,0.41579497,0.41584906,0.41100287,0.40174457,0.38893577,0.3737382,0.35753834,0.34186518,0.32828462,0.3182476,0.31288308,0.31277362,0.3178024,0.32715884,0.33950558,0.35322714,0.36667055,0.37833443,0.38700777,0.3918733,0.3925871,0.38933504,0.38285625,0.37441078,0.36565784,0.35840753,0.35424238,0.3540883,0.35791016,0.36469647,0.37274358,0.38008717,0.38490573,0.38580924,0.38201034,0.37340945,0.36062127,0.34495074,0.32829937,0.31295174,0.30117714,0.29465026,0.29388192,0.29800278,0.3050715,0.312696,0.318611,0.32103416,0.3188206,0.31149885,0.29925427,0.28289354,0.2638009,0.24387194,0.22537488,0.21063948,0.201489,0.19855513,0.20095219,0.20665668,0.21329086,0.21876055
66,0.22541764,0.22173439,0.2153868,0.20807953,0.20193408,0.19912222,0.20123807,0.20867749,0.2204823,0.23476678,0.24935809,0.26228663,0.27205184,0.27774578,0.27911586,0.27660364,0.27135825,0.26518464,0.2603457,0.2591255,0.2631728,0.27290204,0.28734496,0.3045423,0.322162,0.33801168,0.3503418,0.35798934,0.36043197,0.35779417,0.3508179,0.34079066,0.32940957,0.31855226,0.30994195,0.3047551,0.3033106,0.3050074,0.30855724,0.31238616,0.31501812,0.3153312,0.31267574,0.30689242,0.29827183,0.28748778,0.27552477,0.26361033,0.25314814,0.24562718,0.24246669,0.24477674,0.2530909,0.26720324,0.28620413,0.30867413,0.33292037,0.35717657,0.37975404,0.39916134,0.41420758,0.42409325,0.42848417,0.427559,0.42201734,0.41303396,0.4021413,0.39102733,0.38125607,0.3739595,0.36960143,0.3679212,0.3680957,0.36904863,0.36977696,0.36958817,0.36820546,0.36574662,0.36260796,0.359295,0.35625178,0.35374048,0.351811,0.35036546,0.34928453,0.34855756,0.34835726,0.34902048,0.35093045,0.3543355,0.35917413,0.36498353,0.37093383,0.37597743,0.37905842,0.37932238,0.37628266,0.3699223,0.36072376,0.34962285,0.33788395,0.32689846,0.31792694,0.3118436,0.30897343,0.30909717,0.31161976,0.31581098,0.32100385,0.32668456,0.33247292,0.3380379,0.3430066,0.34691814,0.34924874,0.34950745,0.3473786,0.3428775,0.3364821,0.32920042,0.32252365,0.3182098,0.31787753,0.32250428,0.33205545,0.34546047,0.36093307,0.3764295,0.3900409,0.40024024,0.40599868,0.4068141,0.40268677,0.39406535,0.38177812,0.3669594,0.35097548,0.33534637,0.32164666,0.31136096,0.30567926,0.3052629,0.31007135,0.31934685,0.3317718,0.34572044,0.35950753,0.37158477,0.38068345,0.38592082,0.38688266,0.38368502,0.37700737,0.36807597,0.35856357,0.35036308,0.34521466,0.3442495,0.34762442,0.35444707,0.36303788,0.3713787,0.37754804,0.3800335,0.37791398,0.37094733,0.35959536,0.34500048,0.32890144,0.3134485,0.30085957,0.2929036,0.29034624,0.2926558,0.2981871,0.304725,0.31006208,0.31239396,0.310511,0.30385736,0.2925253,0.27722323,0.25923145,0.24033414,0.22268175,0.20849393,0.19952765,0.19643548,0.19844238,0.20366873,0.20985119,0.2149574
67,0.22057083,0.21630615,0.20937498,0.20154788,0.19503646,0.19210765,0.19440386,0.20227472,0.21464095,0.22949234,0.24457745,0.2578965,0.26794857,0.2738368,0.27531928,0.27284083,0.26754275,0.26121178,0.25608838,0.25444183,0.25792605,0.26698232,0.28068134,0.29710457,0.3139599,0.32909575,0.34080637,0.34797564,0.35013106,0.3474482,0.34071824,0.33126953,0.3208189,0.3112231,0.30412385,0.30055228,0.30064812,0.30365175,0.30818176,0.31264558,0.31560326,0.31599665,0.31324744,0.3072646,0.29840055,0.287385,0.27525422,0.26328418,0.25291967,0.24567293,0.24295153,0.24580552,0.25466606,0.2692116,0.2884367,0.31086293,0.33477286,0.35840055,0.38007405,0.39833,0.4120144,0.42037255,0.42312267,0.4205033,0.4132815,0.40270653,0.39038885,0.37808985,0.36742595,0.3595405,0.3548543,0.3530173,0.3531003,0.35394043,0.35449216,0.35407135,0.35245287,0.3498334,0.346694,0.34360784,0.34104908,0.3392623,0.3382373,0.33779228,0.33772513,0.33796364,0.33865064,0.34012353,0.34278575,0.34690952,0.3524458,0.3589234,0.36548343,0.3710351,0.3744743,0.37490115,0.37179226,0.36510763,0.3553252,0.34340125,0.33065206,0.31855586,0.30848888,0.30144882,0.2978606,0.29755604,0.29993948,0.3042459,0.30976287,0.31593564,0.3223508,0.32864675,0.33441547,0.33915058,0.3422709,0.34321746,0.34159973,0.3373567,0.3308972,0.3231818,0.31569764,0.31026793,0.30865794,0.31204692,0.32059163,0.33333936,0.34853026,0.36408126,0.3780149,0.38873076,0.39513314,0.39666176,0.39326632,0.38535032,0.3737002,0.3594109,0.34381273,0.3283973,0.3147271,0.30430207,0.29836285,0.2976525,0.30222324,0.31139356,0.32388824,0.33808717,0.35228112,0.36487675,0.3745455,0.38033423,0.38175157,0.37883526,0.37219363,0.36300352,0.35293117,0.34392986,0.33788052,0.33611682,0.33900273,0.34579036,0.35484836,0.3641218,0.37159902,0.37565127,0.37522894,0.36995304,0.36013964,0.34677607,0.33144245,0.31614774,0.30303076,0.2939034,0.2897291,0.2902824,0.29422167,0.29953966,0.30411893,0.30615473,0.30438432,0.29817334,0.28752455,0.2730524,0.25594035,0.23787273,0.22089934,0.20715043,0.19833331,0.19512293,0.19683717,0.20171261,0.20757441,0.21243273
68,0.21655433,0.21162966,0.20404992,0.19567345,0.18882787,0.18589535,0.1885631,0.19710127,0.2102657,0.22589107,0.24163425,0.2554623,0.26587453,0.2719874,0.27357283,0.2710837,0.26566112,0.2590847,0.25358763,0.2514437,0.25433213,0.2627361,0.2757699,0.2915488,0.30780655,0.32241622,0.3337007,0.34057865,0.3426181,0.34003934,0.33367875,0.3249026,0.31544417,0.30713516,0.3015327,0.29952592,0.30108953,0.30532742,0.31078523,0.31586215,0.31915355,0.31965724,0.31685612,0.3107185,0.30165306,0.29044342,0.27817822,0.26618186,0.25593588,0.24896273,0.24663688,0.2499264,0.25914964,0.27387697,0.29302856,0.3150923,0.3383495,0.3610536,0.3815645,0.39845884,0.41062883,0.41737136,0.4184612,0.41419846,0.4054165,0.39343408,0.37993038,0.3667243,0.3554613,0.34726548,0.3424815,0.3406415,0.34069255,0.34137902,0.34161484,0.3407305,0.3385618,0.33539838,0.3318275,0.32851937,0.32601345,0.3245725,0.3241568,0.32452273,0.3253972,0.32664818,0.32838038,0.33091354,0.33464453,0.33983746,0.34642395,0.35389993,0.36136407,0.3676804,0.3717025,0.37249386,0.36950174,0.3626651,0.35245213,0.339826,0.32613462,0.31292132,0.30166385,0.29348674,0.28893963,0.28794545,0.2899496,0.2941848,0.29991126,0.30653715,0.3136087,0.3207194,0.32740846,0.33310762,0.33716547,0.33894718,0.33798328,0.3341335,0.32773152,0.31967664,0.31142825,0.3048435,0.30180806,0.3036996,0.31089404,0.32260242,0.33713552,0.35240176,0.36637256,0.3773833,0.38427573,0.38643318,0.3837541,0.37659365,0.36569008,0.3520889,0.3370703,0.32207942,0.30864534,0.29826126,0.2922009,0.2912821,0.29565614,0.30473533,0.31730676,0.33177227,0.34640875,0.35958245,0.36990637,0.37635702,0.37836564,0.37589064,0.36946654,0.36021376,0.34977785,0.34015045,0.33332762,0.33082625,0.33321398,0.3399001,0.34932154,0.3594057,0.36806628,0.37357125,0.3747551,0.37111634,0.36284187,0.35078225,0.33637547,0.32149634,0.30818918,0.2982616,0.29280356,0.29183117,0.29427728,0.2983503,0.30204812,0.3035919,0.30168667,0.29563507,0.28536373,0.2714068,0.25486684,0.23734821,0.2208239,0.20735943,0.19862956,0.19533007,0.19684938,0.20150729,0.20718674,0.2119176
69,0.21361262,0.20800658,0.19976503,0.1908523,0.18373412,0.18092382,0.18414691,0.19356237,0.20772658,0.2243001,0.24084237,0.255286,0.2661293,0.27250025,0.27418366,0.27164167,0.26601964,0.25909942,0.2531228,0.2503906,0.25263384,0.2604005,0.27285805,0.28815013,0.3040193,0.31834194,0.32944834,0.33627322,0.33840948,0.3361098,0.33024618,0.32221577,0.3137641,0.3066978,0.30249786,0.30193225,0.30484226,0.31022796,0.3165835,0.3223047,0.3260134,0.3267468,0.32403043,0.31787527,0.30873266,0.2974302,0.28510118,0.27311066,0.2629665,0.2561878,0.25410342,0.2575969,0.26688763,0.28146502,0.30020508,0.3215872,0.34390914,0.36545575,0.38462704,0.40004528,0.41065222,0.4157973,0.41531032,0.40954864,0.39940453,0.38625556,0.3718349,0.3580001,0.34640297,0.33812487,0.3334152,0.3316783,0.33173725,0.33224854,0.33208895,0.33060244,0.32768118,0.3237044,0.31936967,0.315461,0.31261277,0.31114376,0.31102252,0.31197378,0.31367114,0.31592637,0.3187951,0.32255593,0.32756636,0.3340471,0.34188104,0.3505144,0.35900196,0.36617368,0.37085876,0.37210324,0.3693404,0.36249685,0.35203058,0.33890048,0.32446423,0.31029975,0.29795468,0.28865921,0.28308755,0.28127626,0.2827474,0.28676543,0.29258624,0.29959,0.3072795,0.31519312,0.32280546,0.32947737,0.33448404,0.33711758,0.33683684,0.33343056,0.3271623,0.3188666,0.30995712,0.302291,0.29783112,0.29812095,0.30375302,0.31413153,0.3276804,0.34233811,0.3560523,0.36711198,0.3743076,0.37697276,0.37495813,0.3685705,0.35849681,0.34572634,0.33147877,0.31713843,0.30418235,0.2940751,0.28810084,0.28713426,0.29141882,0.30046535,0.313136,0.32786867,0.34293783,0.35667777,0.36765006,0.3747678,0.3773928,0.37541264,0.36929595,0.36011076,0.34947774,0.33941013,0.33198926,0.32888025,0.3308277,0.33738914,0.34707734,0.35781872,0.36747193,0.37422168,0.3768078,0.3746291,0.3677691,0.35696933,0.34355345,0.32928208,0.31610554,0.3057938,0.299494,0.29738098,0.29859927,0.30154848,0.30434865,0.30526853,0.3030055,0.29682294,0.28659368,0.272794,0.2564699,0.23917271,0.22282788,0.20946412,0.20074087,0.19737127,0.19878839,0.20335856,0.20898886,0.21370481
70,0.2117478,0.20549501,0.196624,0.18721576,0.17988905,0.17729977,0.18120688,0.19163792,0.20693238,0.2245716,0.24201757,0.25716645,0.26851043,0.27518255,0.2769746,0.27435416,0.2684709,0.26111472,0.25454953,0.25112638,0.2526586,0.2597878,0.27175048,0.2867154,0.30241635,0.3167082,0.32790303,0.33492744,0.33737817,0.33552223,0.3302529,0.32298842,0.31548372,0.30952853,0.3065508,0.3072356,0.3113357,0.31778407,0.32504106,0.33149624,0.3357808,0.33694732,0.3345385,0.3285842,0.319558,0.30831385,0.29601422,0.28405076,0.2739447,0.26720315,0.26511157,0.2684875,0.27748516,0.29155165,0.3095508,0.32997403,0.35114655,0.37138948,0.38914472,0.4030797,0.41218325,0.41585255,0.41396478,0.40692356,0.39566603,0.3816114,0.36652714,0.35228902,0.3405378,0.33230248,0.32773986,0.32614106,0.32622483,0.32657495,0.32603517,0.32395363,0.32025975,0.3153995,0.3101631,0.3054441,0.30198622,0.30019546,0.3000882,0.3013937,0.30375618,0.30693796,0.31093496,0.3159593,0.3222963,0.3300917,0.3391592,0.3488911,0.3583102,0.36623484,0.37149665,0.37314948,0.3706328,0.36387348,0.35332292,0.33992872,0.3250389,0.31023446,0.29709205,0.28690705,0.28045154,0.277872,0.2787845,0.28251243,0.2883309,0.29560605,0.30380127,0.31239817,0.32080477,0.32831293,0.33413222,0.33749497,0.33780518,0.33479807,0.32868153,0.3202315,0.31080773,0.30223835,0.29651403,0.29528865,0.29933536,0.30825102,0.32060182,0.33439502,0.3475897,0.35845518,0.36574966,0.3687701,0.3673275,0.3616846,0.3524775,0.3406368,0.32731608,0.31383032,0.3015918,0.29201853,0.28638154,0.28558657,0.28994784,0.29906395,0.3118728,0.32685652,0.3422987,0.35651422,0.36802647,0.3756999,0.37884334,0.37729183,0.3714662,0.36239707,0.35168698,0.34136203,0.33356017,0.33004916,0.33170164,0.33818883,0.3480883,0.35933423,0.36975086,0.37746587,0.38115323,0.38014328,0.3744495,0.36474004,0.35225952,0.33868426,0.32588398,0.31557372,0.30890226,0.30611962,0.306501,0.30858517,0.31059757,0.31086284,0.30809218,0.30153567,0.29104006,0.27705222,0.2605912,0.24318664,0.22674881,0.21329875,0.20449781,0.2010717,0.2024709,0.20707054,0.21276824,0.21756235
71,0.2107465,0.20392792,0.19449167,0.18463594,0.17713778,0.17480364,0.17943004,0.19091293,0.20737834,0.22613467,0.24454854,0.26047486,0.27239048,0.27942252,0.2813592,0.27866498,0.27248883,0.26462907,0.25738084,0.25316542,0.25390902,0.26037973,0.2719043,0.28667793,0.30240947,0.31690714,0.3284369,0.33589032,0.3388431,0.33755475,0.33292243,0.32637504,0.31967747,0.31461948,0.3126121,0.31430793,0.31942198,0.32685518,0.3350455,0.34236652,0.3474358,0.34929234,0.3474664,0.34197882,0.33329988,0.32228726,0.31011268,0.29817748,0.2880053,0.28109074,0.27869144,0.28159246,0.2899267,0.3031404,0.32011455,0.3393683,0.3592596,0.37814552,0.39450628,0.40704912,0.41480237,0.41720048,0.41415453,0.40609738,0.3939904,0.3792714,0.36371896,0.34920806,0.33736014,0.32916066,0.32470086,0.3231967,0.32329884,0.323541,0.32273734,0.32022563,0.3159434,0.310366,0.30433884,0.2988375,0.2947067,0.29245365,0.29217368,0.29363668,0.29648557,0.30044484,0.30544445,0.31160998,0.31912923,0.32805306,0.33811915,0.34867564,0.3587356,0.36713517,0.37273845,0.37463376,0.3722875,0.3656408,0.35514393,0.34172958,0.32672116,0.3116745,0.29815415,0.28747144,0.28045073,0.27731982,0.2777831,0.28123468,0.2869878,0.29441097,0.30293998,0.3120084,0.32096747,0.3290531,0.3354268,0.3392823,0.3399916,0.33725926,0.33125725,0.3227165,0.31294388,0.3037194,0.297017,0.2945367,0.29717094,0.30467707,0.31576842,0.32855046,0.3410299,0.3514893,0.35868067,0.36188337,0.36088222,0.35590428,0.3475398,0.3366627,0.32436073,0.3118772,0.30055457,0.2917526,0.28670895,0.28633147,0.29097322,0.30029494,0.31329727,0.3285064,0.3442243,0.35876152,0.370622,0.37864316,0.38210484,0.3808155,0.3751743,0.36619812,0.35548648,0.34507778,0.33714202,0.33349907,0.33508542,0.34162968,0.3517436,0.36336717,0.3743088,0.38266885,0.38709027,0.38687235,0.38199773,0.37310156,0.36138925,0.34848782,0.33620793,0.32620522,0.3195898,0.31661472,0.31660357,0.31816855,0.31960535,0.31928822,0.31595483,0.3088649,0.29786655,0.28340697,0.26650915,0.24871294,0.2319453,0.21824747,0.2092985,0.20583156,0.20728792,0.21201582,0.21787274,0.22281103
72,0.21026002,0.2029893,0.19306962,0.18280485,0.17512527,0.17299469,0.17826605,0.19072814,0.20831569,0.22817703,0.24758437,0.26434368,0.27690408,0.28437272,0.28652045,0.28379628,0.27733853,0.2689487,0.26095513,0.25586292,0.25573775,0.2615077,0.27261582,0.28729075,0.3032048,0.31809664,0.33015922,0.3382217,0.34181276,0.3411612,0.33714947,0.331207,0.32511243,0.3206785,0.31934246,0.32177967,0.3277182,0.336058,0.34522077,0.35355034,0.35962495,0.36243972,0.36148164,0.3567331,0.3486342,0.338022,0.3260565,0.31413302,0.30377018,0.29645625,0.29344448,0.29552597,0.30285722,0.31492275,0.33064672,0.3485882,0.36714038,0.38469282,0.39975724,0.41107148,0.41769165,0.4190749,0.41514775,0.4063504,0.39364314,0.3784556,0.36255312,0.34779477,0.3357849,0.32749152,0.32298708,0.32146716,0.32156008,0.3217753,0.3209008,0.31824735,0.3137284,0.3078056,0.30133128,0.29531786,0.29067937,0.28801468,0.28751108,0.28900588,0.2921677,0.2966999,0.30246866,0.3095048,0.31788784,0.32756975,0.33822015,0.34916294,0.35942933,0.36790362,0.37351102,0.37539876,0.3730793,0.3665205,0.35617778,0.3429668,0.3281749,0.3133091,0.29988477,0.2891801,0.28201896,0.2786665,0.27889085,0.28215295,0.28781408,0.29526106,0.30391917,0.31319186,0.32239264,0.3307234,0.33732137,0.34136674,0.34222487,0.33959374,0.33363134,0.3250403,0.3150822,0.30547953,0.29815552,0.2947961,0.2963417,0.30265507,0.3125765,0.32432216,0.33597654,0.34586883,0.3527745,0.3559791,0.35525867,0.35081738,0.34320867,0.33325657,0.32198822,0.31057984,0.30030537,0.29246175,0.2882379,0.28851587,0.29365087,0.3033303,0.3165933,0.33200157,0.34788087,0.3625528,0.3745236,0.3826297,0.38615105,0.3849001,0.3792853,0.3703378,0.35967445,0.3493503,0.3415462,0.33808342,0.3398907,0.3466849,0.35706785,0.36897433,0.38021198,0.38888425,0.39364076,0.39379042,0.38932684,0.38089457,0.36970094,0.35736036,0.345649,0.33616623,0.32995534,0.32721427,0.32724175,0.32865754,0.32978508,0.32903197,0.32516623,0.31747407,0.30582848,0.29070342,0.27315372,0.2547581,0.23748805,0.22342917,0.21429124,0.21080893,0.21238992,0.21732411,0.2234039,0.22852267
73,0.20990707,0.20231861,0.19200568,0.18135478,0.17343384,0.17137076,0.17711034,0.19038194,0.20896521,0.2298639,0.2502549,0.26788533,0.28116295,0.28916004,0.2916148,0.28894576,0.28226718,0.27337268,0.26461834,0.25859734,0.2575336,0.26254585,0.27322292,0.28784063,0.30402964,0.31944147,0.33217257,0.34096467,0.34527466,0.34527773,0.34182316,0.33633095,0.3305977,0.32648286,0.3254937,0.32838246,0.3349384,0.3440884,0.35424176,0.3636979,0.37097064,0.37498233,0.3751473,0.37138176,0.36406973,0.35400474,0.34231585,0.33037892,0.31970352,0.31178054,0.3078828,0.3088437,0.31488353,0.32555982,0.33986318,0.35640398,0.37361214,0.3899051,0.4038178,0.41410726,0.4198433,0.42048848,0.41596395,0.4066926,0.3936063,0.37809885,0.36189905,0.34683895,0.33451632,0.32591808,0.3211553,0.31946516,0.31950286,0.31978008,0.31906226,0.31661782,0.31230626,0.30653444,0.30011198,0.29403576,0.2892423,0.2863911,0.28575245,0.28724158,0.29057312,0.29544818,0.3016813,0.30921498,0.31802666,0.32798082,0.33869812,0.34950328,0.35947362,0.36756894,0.3728001,0.37439397,0.3719249,0.36539856,0.35528046,0.34246787,0.3282023,0.3139218,0.30105987,0.29081726,0.28396606,0.2807612,0.281001,0.28419864,0.28976578,0.29712072,0.30569744,0.31489167,0.32400382,0.33222744,0.33870158,0.34261847,0.34336126,0.3406443,0.3346323,0.3260169,0.31602448,0.3063176,0.29874474,0.2949282,0.2957883,0.30122906,0.3101804,0.320965,0.33176416,0.34098256,0.34744823,0.3504779,0.349859,0.3457886,0.33879587,0.32966584,0.3193752,0.30904213,0.2998788,0.29311976,0.28989428,0.29103333,0.29685766,0.3070425,0.32063568,0.33622026,0.3521474,0.36676377,0.37860027,0.3865198,0.38983288,0.38838816,0.38263527,0.3736485,0.3630831,0.35301587,0.34561864,0.34266385,0.34500054,0.35226226,0.36299324,0.37510806,0.38642606,0.39508298,0.39977208,0.3998521,0.39536905,0.38701802,0.37604827,0.36409664,0.35292992,0.34409702,0.33855405,0.33639747,0.33684003,0.33845147,0.33954236,0.33853427,0.33422464,0.32593706,0.31358716,0.2976967,0.27937463,0.26026082,0.2423933,0.22792009,0.21859045,0.21513347,0.2169011,0.22209918,0.22843741,0.23374417
74,0.2093649,0.20160607,0.19099675,0.17997314,0.17171529,0.16951966,0.17547122,0.18930672,0.20869726,0.23051842,0.25184956,0.27036884,0.28442952,0.2930546,0.29593462,0.29344216,0.28665164,0.27733365,0.26785922,0.26090398,0.25885776,0.2630541,0.27325806,0.287813,0.30431086,0.32030535,0.33377877,0.34336466,0.34842628,0.34906414,0.34607622,0.340862,0.33523753,0.33112863,0.33015105,0.3331838,0.34012252,0.34994802,0.36106202,0.3717069,0.38031012,0.38569558,0.38717932,0.3845868,0.37822378,0.36882028,0.35745826,0.34548336,0.33439332,0.3256897,0.32068458,0.320283,0.3248018,0.33390117,0.34665948,0.36174944,0.37764025,0.39277306,0.40569752,0.41517833,0.42028454,0.4204665,0.41561913,0.4061238,0.3928575,0.3771518,0.36067784,0.34523198,0.33241752,0.3232781,0.31802112,0.3159871,0.31590706,0.31632197,0.31597972,0.31409428,0.31044623,0.30535212,0.29953483,0.29392502,0.28943053,0.2867285,0.28614587,0.2876698,0.29107058,0.29606488,0.30243498,0.310054,0.31881744,0.32852474,0.33877245,0.34891164,0.35809013,0.36536548,0.3698538,0.37087777,0.36808658,0.36153233,0.35169473,0.33945063,0.32598642,0.31265286,0.3007726,0.29143,0.28530076,0.28258672,0.28308377,0.2863402,0.29181623,0.29897213,0.30726892,0.31611744,0.32483023,0.3326179,0.33864602,0.34214208,0.34252846,0.3395558,0.3334136,0.32479778,0.31490982,0.30535242,0.29788297,0.29402104,0.29460892,0.29953095,0.30776355,0.31772062,0.32768875,0.33616936,0.34206796,0.34475595,0.34405258,0.34016502,0.33361325,0.32515714,0.31573626,0.3064233,0.29837808,0.29277548,0.29067653,0.29283866,0.2995143,0.31032988,0.32431245,0.34005114,0.3559223,0.37030995,0.38179043,0.38927925,0.39214674,0.3903079,0.38428333,0.3752169,0.3648201,0.35519388,0.348479,0.34634963,0.34950718,0.35743725,0.36858466,0.38083172,0.39202154,0.40034872,0.40458387,0.4041721,0.39924917,0.39059812,0.37954623,0.36778522,0.35709536,0.3489812,0.34429535,0.34299466,0.34415683,0.34625503,0.34755388,0.34647238,0.3418349,0.33300978,0.31996793,0.3032938,0.28416598,0.2643009,0.24581735,0.23093729,0.22145309,0.21807884,0.22009091,0.22559138,0.2321973,0.23767352
75,0.20842631,0.2006527,0.18985394,0.17847621,0.16977619,0.16721646,0.1730754,0.18717721,0.20713945,0.22972792,0.25192246,0.27132297,0.28621694,0.29556593,0.29899937,0.2968295,0.290075,0.2804663,0.2703714,0.26253316,0.2595029,0.26284268,0.27252123,0.28697467,0.30376753,0.32035345,0.33458993,0.34498712,0.35079738,0.35202807,0.34940854,0.3443045,0.33854774,0.33414185,0.33284086,0.3356934,0.34274438,0.3530571,0.36503378,0.37685162,0.3868341,0.393686,0.3966042,0.39530393,0.3899947,0.3813276,0.37032467,0.3582927,0.34671488,0.3371081,0.33083683,0.3288978,0.3317287,0.3391162,0.3502453,0.36386257,0.3784799,0.3925598,0.4046596,0.41354164,0.41826138,0.4182415,0.4133321,0.40385187,0.3905998,0.37482205,0.35811263,0.34222263,0.32876852,0.31888068,0.31291214,0.31036332,0.31008852,0.31068632,0.3108954,0.3098676,0.30728516,0.30334592,0.29864952,0.29401726,0.29028133,0.2880918,0.28779835,0.28944245,0.29285035,0.29776794,0.30396742,0.3112787,0.31954324,0.32852313,0.33781654,0.34682342,0.35478142,0.36086214,0.36430097,0.36452842,0.3612781,0.35465506,0.3451556,0.33363342,0.3212101,0.3091312,0.2985824,0.29049852,0.28542307,0.28347182,0.28441337,0.28781754,0.29319155,0.3000461,0.30788514,0.3161552,0.324203,0.33127832,0.336594,0.3394315,0.3392698,0.33591154,0.32958534,0.3210036,0.31135103,0.30217105,0.2951169,0.29157507,0.2922636,0.29699662,0.30475783,0.3140338,0.32321745,0.3309207,0.33614546,0.3383376,0.3373667,0.33346707,0.32716548,0.31921223,0.31052482,0.30214396,0.2951872,0.2907722,0.28988338,0.29318398,0.30082864,0.31236404,0.3267724,0.3426366,0.35835862,0.37237075,0.3833131,0.3901765,0.39241645,0.39004043,0.38366482,0.3745239,0.36439776,0.3554079,0.34963784,0.34861463,0.35283256,0.3615783,0.3731688,0.38545007,0.3963024,0.4040027,0.40742713,0.40613714,0.40038896,0.39108485,0.379661,0.367892,0.35759154,0.35022482,0.34652612,0.34628078,0.34839234,0.3512027,0.35290718,0.3519113,0.34706566,0.33778864,0.32411513,0.30670184,0.28680614,0.26622915,0.2471776,0.23195192,0.22238559,0.21916589,0.22147535,0.22729848,0.2341576,0.23976247
76,0.20701596,0.19938657,0.18851905,0.17682727,0.16760044,0.16445197,0.16990061,0.18394424,0.20421022,0.22737679,0.25032416,0.27056703,0.2863185,0.2964692,0.30057734,0.29888287,0.29233512,0.28260764,0.27204555,0.26343682,0.25947773,0.26195887,0.27107233,0.28537324,0.3024169,0.31956315,0.33454213,0.34573245,0.3522636,0.3540352,0.35169193,0.34655088,0.34044954,0.33547047,0.3335237,0.33586162,0.34271842,0.35327074,0.36593494,0.37882036,0.3901348,0.39844882,0.40282506,0.40285453,0.3986382,0.39073727,0.3801049,0.36800233,0.35589483,0.34531552,0.33768678,0.33410758,0.33515123,0.34074783,0.3502047,0.36235306,0.37575263,0.38888675,0.40031624,0.40879396,0.4133524,0.4133749,0.4086528,0.39942592,0.38639694,0.37070748,0.35385647,0.3375369,0.3233766,0.3126079,0.30576405,0.30255228,0.30199513,0.30278006,0.30364978,0.30369166,0.30247653,0.30006206,0.29689667,0.29365855,0.29106635,0.2897048,0.28991324,0.2917662,0.29513982,0.2998186,0.3055852,0.312254,0.31964213,0.32750204,0.33545667,0.34297267,0.3493905,0.35400593,0.35618207,0.35546464,0.35167766,0.34498313,0.33589453,0.3252382,0.31406027,0.30348364,0.29453307,0.28796753,0.28417313,0.28315935,0.28465378,0.28824136,0.2934771,0.29992968,0.30715904,0.3146634,0.32184106,0.3279977,0.33240858,0.33442283,0.3335879,0.3297695,0.32324523,0.31475246,0.3054643,0.29686338,0.29048735,0.28756538,0.28865668,0.29346842,0.30096206,0.30968112,0.3181228,0.32501692,0.32947454,0.33103073,0.32962054,0.32552087,0.31928083,0.31165665,0.30355895,0.2960096,0.29009208,0.28686735,0.28723344,0.29174018,0.30042022,0.31271794,0.32755503,0.34350184,0.3589889,0.37250674,0.38277444,0.38887662,0.39037353,0.38738498,0.38064122,0.37148052,0.3617559,0.3535982,0.34900305,0.349304,0.354741,0.3643698,0.37636873,0.38855302,0.39885548,0.40565473,0.40795344,0.40545097,0.3985463,0.38828415,0.37623388,0.3642761,0.3542748,0.3476592,0.3450311,0.34597722,0.34919673,0.35287687,0.3551303,0.354345,0.3493993,0.33976677,0.3255517,0.30748805,0.28691545,0.26572186,0.24620247,0.23073438,0.221185,0.21820033,0.22085261,0.22700092,0.23407799,0.23975281
77,0.20517188,0.19784081,0.18703803,0.17510507,0.16531464,0.1613988,0.1661449,0.17980684,0.20009242,0.22362103,0.24717705,0.26818615,0.28478178,0.29577798,0.30065522,0.29957375,0.29340374,0.28374895,0.272913,0.2637043,0.2589374,0.2606161,0.26916203,0.28327093,0.30051088,0.3181622,0.33383337,0.34577116,0.35297695,0.35523325,0.35308734,0.3477921,0.3411756,0.33538988,0.33250523,0.33399987,0.340332,0.35082453,0.36392716,0.37768552,0.39018652,0.39985776,0.40561882,0.40692893,0.40377387,0.39661917,0.38634402,0.3741598,0.36151013,0.3499416,0.3409333,0.33568758,0.33491832,0.3387078,0.34649643,0.35720944,0.36946028,0.38175508,0.39265722,0.40090692,0.40550897,0.40580076,0.40150678,0.39277753,0.3802072,0.36481863,0.3479995,0.33136836,0.31655115,0.30487925,0.29708073,0.29310194,0.29217404,0.2931073,0.2946679,0.29588374,0.29620767,0.29554325,0.29416853,0.29259524,0.29140204,0.29108045,0.29193342,0.29404923,0.29734594,0.30165178,0.30677712,0.31254554,0.3187767,0.32523796,0.33159548,0.3373944,0.34208468,0.34508985,0.34590325,0.34418797,0.33986056,0.3331407,0.32455733,0.3149032,0.3051373,0.29624268,0.2890635,0.28416464,0.28176227,0.28175327,0.2838226,0.28757146,0.29260644,0.29856095,0.30506024,0.3116657,0.3178387,0.3229515,0.32635078,0.3274609,0.32590437,0.32161558,0.31492662,0.3066039,0.2978103,0.2899639,0.2844754,0.28239775,0.2841085,0.28918573,0.296552,0.30479795,0.31252226,0.31857547,0.32218438,0.32298243,0.32098132,0.31651306,0.31016284,0.30270725,0.29506367,0.28824615,0.28330943,0.2812549,0.2828825,0.28861144,0.29833505,0.31138286,0.32661045,0.3425765,0.3577458,0.3706766,0.3801786,0.38544306,0.386148,0.38253784,0.37546656,0.3663813,0.35720322,0.3500538,0.34680685,0.34856275,0.3552769,0.365764,0.37807038,0.38999528,0.39953938,0.4051971,0.40611017,0.4021277,0.39380395,0.3823404,0.36945662,0.3571573,0.3473706,0.34149215,0.33997852,0.342195,0.34661508,0.35125816,0.3541503,0.35366356,0.3487085,0.33881795,0.3241687,0.30557305,0.28445166,0.26277626,0.24292569,0.22734646,0.21792838,0.21525975,0.21828863,0.22474687,0.23198944,0.23766334
78,0.2030057,0.19610892,0.18550836,0.1734411,0.16311525,0.15833329,0.16214994,0.17514016,0.19516546,0.21882343,0.24281253,0.26447,0.28184843,0.29368398,0.2993778,0.29900807,0.29336196,0.28396618,0.27306944,0.26347715,0.2580898,0.25909406,0.26712894,0.28104112,0.29843265,0.31652406,0.33281648,0.34543297,0.35324946,0.35592908,0.35391384,0.34837937,0.34112668,0.33435914,0.33029693,0.3306513,0.33612967,0.346233,0.35946822,0.37382844,0.38728154,0.39811042,0.4050897,0.4075457,0.4053485,0.39886788,0.38890815,0.37662914,0.36344963,0.3509246,0.34058294,0.33372316,0.33119476,0.33323184,0.3394119,0.34876058,0.35995063,0.3715153,0.38202313,0.39020306,0.3950323,0.39580145,0.39216578,0.38418278,0.37233216,0.35750932,0.34097815,0.3242645,0.30897027,0.29650494,0.28778288,0.28300205,0.28163236,0.28264123,0.28484413,0.28722218,0.28911212,0.29025823,0.29075843,0.29094616,0.29124588,0.29204008,0.29357883,0.2959502,0.29910678,0.30292302,0.30724958,0.31193894,0.31683528,0.32173967,0.32637426,0.33036855,0.33328205,0.3346632,0.33413172,0.33146492,0.32666895,0.32001838,0.3120527,0.30352283,0.2952882,0.28817695,0.28283918,0.27963844,0.27862248,0.27958298,0.28217095,0.286011,0.29076663,0.29614124,0.30183133,0.30746758,0.31258026,0.3166126,0.3189856,0.31920025,0.31695476,0.31225297,0.30548176,0.29743636,0.28926697,0.2823209,0.27787122,0.27678233,0.2792395,0.28468513,0.2919986,0.2998142,0.30682912,0.31201324,0.31470993,0.31465462,0.311942,0.30696815,0.3003654,0.2929427,0.28563538,0.27945718,0.2754355,0.27450576,0.2773574,0.2842654,0.2949753,0.30870062,0.32423535,0.3401339,0.35490355,0.3671782,0.37586567,0.38027042,0.38019398,0.37600908,0.3686944,0.35980123,0.3513056,0.34529454,0.34348756,0.34672377,0.35466513,0.36589664,0.3783544,0.38984114,0.39843857,0.40276402,0.40210146,0.3964515,0.38652587,0.37368768,0.35981584,0.3470522,0.33740112,0.33222762,0.33183295,0.33534423,0.34099635,0.3466375,0.3502107,0.35007828,0.34518823,0.33513573,0.32017058,0.30118078,0.27966315,0.25766572,0.23764183,0.22209604,0.21292563,0.21064465,0.21406719,0.22080283,0.22814608,0.2337434
79,0.20065793,0.19429626,0.18402314,0.17195146,0.16118507,0.15553951,0.15830159,0.17039938,0.18991451,0.21346748,0.23768893,0.25983438,0.2778795,0.2904863,0.29698044,0.29736173,0.29233718,0.28335673,0.27260816,0.2628761,0.2571132,0.25764596,0.26529866,0.27906182,0.2965859,0.31505433,0.3318825,0.3450866,0.35342857,0.35645816,0.3545118,0.34868017,0.3407209,0.3328656,0.32746154,0.3264426,0.33077586,0.34016556,0.35320145,0.36784115,0.38194272,0.39365032,0.401599,0.4049879,0.40357766,0.39764735,0.3879306,0.37553704,0.36185887,0.34845337,0.33688867,0.3285453,0.32439408,0.3248107,0.32950562,0.3376061,0.34784877,0.3587997,0.36903837,0.3772882,0.38250375,0.38393313,0.38116562,0.3741679,0.36330587,0.3493452,0.33341855,0.31694368,0.301472,0.2884573,0.27896968,0.27344656,0.27160904,0.27260974,0.27534264,0.27876306,0.2821032,0.28495294,0.287232,0.28909534,0.290812,0.29265139,0.2948042,0.29735026,0.30027145,0.30348918,0.30690247,0.31040663,0.3138859,0.317188,0.3200978,0.3223288,0.3235441,0.3234078,0.32165605,0.3181712,0.31304133,0.30658862,0.2993552,0.29204038,0.28539267,0.28007528,0.2765404,0.27495658,0.27521828,0.2770303,0.28002506,0.28386027,0.28826153,0.29300508,0.2978607,0.30252993,0.30661216,0.30962023,0.31104627,0.31046358,0.3076412,0.3026476,0.2959201,0.28827807,0.28085327,0.27491468,0.27159035,0.27155256,0.27479783,0.28064063,0.28792334,0.2953246,0.30163592,0.30594054,0.3076937,0.30673057,0.3032303,0.29765776,0.2907,0.28320697,0.27613932,0.2705141,0.26732865,0.2674436,0.27142695,0.27940297,0.2909716,0.3052405,0.3209556,0.33667916,0.35096958,0.36254185,0.37040418,0.37397435,0.37317502,0.3685025,0.36105162,0.3524643,0.34475046,0.33993578,0.3395597,0.34418988,0.3532083,0.36500058,0.37742278,0.3883011,0.39580616,0.39867705,0.3963339,0.38892043,0.37729752,0.362985,0.34802222,0.33469638,0.32509947,0.32057175,0.3212551,0.32602966,0.33288833,0.33951283,0.34377196,0.34402627,0.33926573,0.32914877,0.31399524,0.29476306,0.27301663,0.2508696,0.23083715,0.21546742,0.20664892,0.20480712,0.20861873,0.21558331,0.22295648,0.2284057
80,0.19826439,0.19248652,0.18263416,0.17069055,0.15963078,0.15322782,0.15493593,0.1660237,0.18483791,0.20806967,0.23230918,0.25474486,0.2732857,0.28652883,0.29373425,0.29483348,0.29046336,0.28200537,0.271589,0.2619677,0.25611502,0.25644636,0.26391923,0.2776406,0.29531246,0.3141034,0.33137006,0.34504664,0.35380167,0.3570863,0.35514018,0.34896916,0.34027684,0.33130002,0.32448184,0.32195148,0.32492653,0.33332616,0.34584475,0.36042506,0.37483162,0.38708353,0.39568934,0.3997343,0.3988818,0.39333162,0.3837551,0.37121704,0.35708356,0.34290874,0.33028737,0.32066306,0.3151058,0.31411257,0.31751332,0.3245317,0.33396986,0.3444328,0.3545196,0.36295706,0.3686863,0.37092122,0.36919296,0.36338472,0.35375518,0.34094477,0.32595488,0.31008598,0.29481637,0.28160563,0.2716336,0.26554015,0.26328483,0.26421815,0.26733834,0.27160126,0.27615613,0.2804553,0.2842544,0.2875428,0.2904447,0.29312363,0.2957127,0.2982818,0.30083886,0.30335188,0.30577248,0.30804706,0.3101092,0.31185982,0.3131473,0.31376323,0.31346262,0.3120101,0.30924243,0.3051324,0.2998372,0.29371578,0.28730297,0.2812373,0.27614942,0.27253646,0.27066174,0.27051857,0.27187392,0.27436996,0.27763757,0.2813762,0.28537646,0.28948724,0.29355013,0.29733476,0.30050525,0.3026375,0.30328622,0.30208716,0.29887003,0.29375803,0.28722978,0.2801204,0.27353537,0.26865935,0.26647466,0.26747033,0.27147198,0.2776862,0.28493086,0.29193038,0.29756352,0.30101588,0.3018439,0.299975,0.29566884,0.28945935,0.28209144,0.2744604,0.2675554,0.26239592,0.25994378,0.2609762,0.26593417,0.27479473,0.28702646,0.30165142,0.31738666,0.33281595,0.34655607,0.3574043,0.36446613,0.36726573,0.3658368,0.36078584,0.35330695,0.34511134,0.33821797,0.33456707,0.3355058,0.34134144,0.35121033,0.3633409,0.37554213,0.38567924,0.3920122,0.3933926,0.38936147,0.3801876,0.36686307,0.35104948,0.33493915,0.32096764,0.3113263,0.30734316,0.30900657,0.3149524,0.3229381,0.33049002,0.33541384,0.3360752,0.3315078,0.32143033,0.30622622,0.286914,0.26511386,0.24299155,0.22310875,0.20804083,0.19965197,0.19827034,0.20244093,0.20957305,0.21690707,0.22215077
81,0.19594464,0.19073588,0.18134883,0.169646,0.158467,0.15149894,0.15228255,0.16236767,0.18037564,0.20311031,0.22715674,0.24965963,0.26847863,0.28216177,0.289919,0.29162985,0.28787798,0.27999213,0.27005443,0.26078475,0.2551505,0.2555999,0.2631563,0.27699614,0.29486343,0.31393054,0.33152598,0.3455336,0.35455653,0.357971,0.35593742,0.34938645,0.33996534,0.32989818,0.32169008,0.31762514,0.31914085,0.3263634,0.33810312,0.35230792,0.36667055,0.37910637,0.38801846,0.3923982,0.39183086,0.38645318,0.3768878,0.3641636,0.34962398,0.33481607,0.3213486,0.31070682,0.30403137,0.30191144,0.30427328,0.3104239,0.31922862,0.32933682,0.33937702,0.34809104,0.35441804,0.35754898,0.35696802,0.35248613,0.3442664,0.33283517,0.31907067,0.30415693,0.28948548,0.27648884,0.26640543,0.26002216,0.2574975,0.25836816,0.26174927,0.26662287,0.2720838,0.27747506,0.282415,0.28675234,0.29048818,0.29369625,0.2964615,0.29884675,0.3008856,0.30259162,0.30397025,0.30502215,0.3057338,0.3060598,0.30590728,0.3051345,0.30357152,0.30106324,0.29752597,0.2930034,0.28770554,0.28201497,0.27645007,0.2715838,0.26793075,0.2658335,0.26538885,0.2664452,0.26867288,0.2716756,0.27509636,0.27868143,0.28228566,0.28582722,0.289215,0.29228044,0.29474413,0.29623407,0.2963544,0.29478863,0.29141203,0.286388,0.28022343,0.27375808,0.26806375,0.26423988,0.26313317,0.26507246,0.2697438,0.27627328,0.28346866,0.29009935,0.29511958,0.29780135,0.29778627,0.29508096,0.2900169,0.28319234,0.27540818,0.26760465,0.2607979,0.25600588,0.25414854,0.25591543,0.26162422,0.2711203,0.28376582,0.29852396,0.31410396,0.32912332,0.34226075,0.35239223,0.35871157,0.3608359,0.35889283,0.35357824,0.34616154,0.3383971,0.33228812,0.32967407,0.33171532,0.33849096,0.34894156,0.3611858,0.37301463,0.38234097,0.38750696,0.38745928,0.381837,0.37100798,0.35606837,0.33879682,0.3215214,0.30682275,0.29700437,0.29340416,0.29587832,0.30283636,0.31181714,0.32020688,0.32575798,0.32684433,0.32254037,0.31261724,0.29751134,0.27828875,0.25661108,0.23467982,0.2150858,0.20041452,0.1924936,0.1915541,0.19602643,0.203256,0.21049142,0.21549523
82,0.19381431,0.18909544,0.18016231,0.16877706,0.15765406,0.15036896,0.15046659,0.15968204,0.17687832,0.198999,0.22266302,0.24500273,0.263853,0.2777344,0.28582802,0.28798366,0.28475443,0.27743873,0.26808867,0.25939423,0.25429273,0.25520635,0.26314637,0.27729797,0.29542723,0.31472528,0.33252424,0.34669322,0.35580403,0.35918826,0.3569525,0.3499705,0.33984032,0.32876366,0.3192771,0.3137717,0.3138561,0.31983244,0.33062217,0.3441932,0.35819104,0.37045515,0.37931123,0.38368365,0.3831039,0.3776673,0.36796495,0.35500252,0.34010702,0.32481712,0.3107443,0.29939255,0.29194117,0.28903505,0.2906646,0.2961996,0.30456135,0.3144475,0.324526,0.33356628,0.34051818,0.3445625,0.3451494,0.34203196,0.33529353,0.3253636,0.31301385,0.29932287,0.28559452,0.27321297,0.26342964,0.25711575,0.25456795,0.25547075,0.25904807,0.26432416,0.27036962,0.27645394,0.28209507,0.28703618,0.29118574,0.2945512,0.29718465,0.2991492,0.30050588,0.30131334,0.30163,0.30151019,0.30099177,0.30007818,0.298725,0.29684088,0.29430902,0.29102957,0.28697297,0.2822308,0.27704734,0.27181664,0.26703578,0.26321614,0.26077068,0.2599128,0.2606063,0.2625903,0.26546827,0.26882428,0.2723214,0.27575216,0.27903116,0.28213966,0.28504643,0.28763592,0.28967372,0.29082552,0.29072785,0.28909323,0.28582343,0.28110394,0.27545384,0.26970607,0.2648944,0.26204056,0.26187852,0.26461366,0.2698326,0.27661172,0.28376088,0.2900894,0.29461095,0.29666302,0.2959522,0.29254678,0.2868365,0.27947423,0.27131018,0.26332408,0.2565538,0.25201038,0.2505684,0.25283343,0.25901487,0.26885325,0.2816363,0.2962967,0.311555,0.3260708,0.33858344,0.34803936,0.35370642,0.35527587,0.35294625,0.34747672,0.34018347,0.33283642,0.32740262,0.3256179,0.32847974,0.3358886,0.3466474,0.3588108,0.37017456,0.37870002,0.38279724,0.38148478,0.37447113,0.3621908,0.34580985,0.32718986,0.30876684,0.29325438,0.28308007,0.27962554,0.2826568,0.29039413,0.3001854,0.3092936,0.315424,0.31695572,0.3129946,0.3033515,0.28850052,0.26953933,0.24815355,0.2265621,0.20736593,0.19314398,0.18568061,0.1851218,0.18981247,0.19706556,0.20415844,0.20891634
83,0.19201234,0.18765128,0.17911053,0.16808037,0.15717259,0.14984262,0.14956588,0.15814686,0.17462113,0.19607806,0.21920782,0.24116683,0.25979522,0.2736125,0.2817968,0.2841946,0.2813557,0.27457497,0.2658959,0.2579847,0.2537248,0.25545067,0.264079,0.27873832,0.29719287,0.31666523,0.33452258,0.34865627,0.3576434,0.36080524,0.35822517,0.35074517,0.3399294,0.32795653,0.3173706,0.310621,0.30942565,0.3142111,0.32398653,0.33674562,0.35011113,0.36187914,0.37033167,0.3743581,0.37346485,0.3677307,0.35773584,0.34447783,0.32927632,0.31366232,0.29924026,0.28751078,0.27965719,0.2763387,0.27757108,0.28276,0.29087165,0.3006538,0.31082314,0.32018867,0.3277237,0.33261165,0.33428285,0.33244905,0.3271338,0.31869233,0.30781335,0.29549077,0.2829515,0.27152282,0.2624342,0.25658074,0.25432596,0.25544313,0.25923494,0.26476935,0.27111745,0.27751285,0.28341547,0.28850427,0.29263172,0.29576766,0.2979509,0.29925594,0.29977572,0.2996144,0.29888168,0.2976827,0.2961013,0.29418048,0.29190928,0.28922534,0.28603864,0.28227487,0.27792948,0.2731164,0.26809555,0.26326331,0.25909817,0.2560656,0.2545055,0.25453997,0.25604102,0.2586744,0.2620016,0.2655986,0.26914927,0.2724869,0.27557757,0.27845675,0.28114352,0.28356415,0.28551534,0.28668335,0.28671724,0.28533703,0.28244913,0.2782406,0.273226,0.26822102,0.26422223,0.2621904,0.26278126,0.26612285,0.27174732,0.2787108,0.2858345,0.2919586,0.29613656,0.29774758,0.2965396,0.29262176,0.28642464,0.2786418,0.27016154,0.26199406,0.25519153,0.25075382,0.24951264,0.2520026,0.2583504,0.26822576,0.28087577,0.29522872,0.31003097,0.32398748,0.33589274,0.34475085,0.34988576,0.35104024,0.34845743,0.34293044,0.33579233,0.32880276,0.32387945,0.32266438,0.32603133,0.3337619,0.34458122,0.35652062,0.3673959,0.37521145,0.37842605,0.37610325,0.36798918,0.35454974,0.33698153,0.31718785,0.29767376,0.28126135,0.27050865,0.26688445,0.27012965,0.27833527,0.2886978,0.29837424,0.3050233,0.30701938,0.30348414,0.29424995,0.27980998,0.26127437,0.24033357,0.219204,0.20047668,0.18670864,0.17964114,0.17935938,0.18416259,0.19136506,0.1982887,0.20282213
84,0.19072537,0.18656078,0.1783197,0.16765341,0.15710042,0.14999796,0.14968994,0.15793245,0.17384434,0.19464883,0.21713836,0.2385304,0.25670263,0.27020255,0.27823353,0.28066754,0.2780811,0.27179378,0.26386258,0.25693372,0.25380877,0.25666988,0.26625946,0.28159025,0.30040514,0.31997114,0.33772007,0.3516008,0.3602317,0.36295855,0.35987434,0.3518178,0.3403401,0.3276033,0.31614226,0.30841893,0.3061929,0.30994925,0.31874582,0.3305986,0.3431299,0.35412693,0.36186495,0.36523306,0.36374384,0.3574861,0.34705102,0.3334448,0.31799012,0.30221257,0.28770104,0.27593082,0.26805377,0.2646993,0.2658666,0.2709677,0.27900082,0.28876442,0.2990319,0.30866244,0.31666404,0.32223514,0.3248012,0.32405147,0.3199726,0.312873,0.30338776,0.29245347,0.28123853,0.27101412,0.26296178,0.25794575,0.2563243,0.25789085,0.26198262,0.26769954,0.27412972,0.28050515,0.28627032,0.29108325,0.29477903,0.29732126,0.29875767,0.2991878,0.29874337,0.2975758,0.29584497,0.29370293,0.29127204,0.28862247,0.28575784,0.28261918,0.27911204,0.27515405,0.27073276,0.26595682,0.26108336,0.25650576,0.25269425,0.25009573,0.24901804,0.24954045,0.2514891,0.25449136,0.2580862,0.2618467,0.2654725,0.26882753,0.2719178,0.27482146,0.27759624,0.280197,0.28243557,0.2839999,0.28453016,0.28373107,0.28149098,0.27797776,0.27368498,0.2694033,0.26609778,0.26469177,0.26580402,0.26953578,0.27540988,0.28248993,0.28961468,0.2956446,0.29965186,0.30103227,0.29954997,0.29533195,0.2888297,0.28076047,0.2720366,0.26368752,0.25677255,0.2522794,0.25100592,0.25343704,0.2596489,0.2692761,0.28155676,0.29543558,0.309694,0.32308114,0.3344374,0.34280935,0.3475568,0.3484499,0.3457489,0.34025142,0.33327898,0.32655916,0.32195434,0.3210327,0.32459176,0.3323571,0.34303284,0.3546616,0.3650889,0.37235248,0.3749388,0.37192875,0.36307442,0.34883767,0.33040607,0.3096794,0.28918386,0.27181083,0.26024133,0.25607562,0.25911382,0.26740235,0.27803984,0.28809667,0.29518086,0.29764578,0.29460785,0.28589898,0.27200982,0.25404245,0.23367195,0.21309178,0.19486298,0.18150711,0.17472851,0.17458569,0.17937906,0.18645777,0.19319867,0.19754824
85,0.19018927,0.18606225,0.17802513,0.16772357,0.15765268,0.15103576,0.15103206,0.15924335,0.17478406,0.19499035,0.21677968,0.2374633,0.2549871,0.26795483,0.27562317,0.27791846,0.27547324,0.26965913,0.26256415,0.25681144,0.25508478,0.25934923,0.27010497,0.28620717,0.30536908,0.32491705,0.34237373,0.35577613,0.3638158,0.36589518,0.36214826,0.3534393,0.3413293,0.32797372,0.31588656,0.307501,0.304551,0.3075087,0.31543398,0.32635534,0.33791465,0.34792405,0.3546891,0.35713345,0.35480642,0.34783298,0.33683687,0.32284912,0.30720568,0.2914288,0.27708313,0.26559612,0.25805187,0.25500643,0.256402,0.26163006,0.26970977,0.2794909,0.28980982,0.2995841,0.3078658,0.31388,0.31706265,0.31710088,0.31397069,0.3079641,0.29969528,0.29007384,0.28023076,0.27138397,0.26464427,0.26079497,0.26012105,0.26236945,0.26686546,0.2727242,0.2790611,0.28513595,0.29041666,0.29458106,0.29748437,0.2991144,0.2995504,0.29893166,0.29743657,0.29526758,0.2926347,0.28973362,0.2867176,0.28367007,0.28058785,0.27738643,0.27393192,0.27009627,0.2658229,0.26118502,0.25641757,0.25190672,0.24812917,0.24554741,0.2444873,0.24504164,0.24704184,0.25011313,0.25378978,0.2576438,0.26138186,0.2648852,0.26818517,0.2713885,0.2745773,0.27771968,0.28062525,0.28296405,0.28434598,0.28443843,0.28309,0.28042996,0.2769165,0.2733095,0.2705504,0.26955086,0.2709344,0.2748248,0.2807786,0.2878932,0.2950312,0.30106333,0.30506048,0.30641088,0.30486986,0.30055872,0.2939287,0.28570244,0.2768011,0.2682621,0.2611461,0.25643164,0.25489658,0.25700185,0.2628062,0.271943,0.28366753,0.2969567,0.31063136,0.32348055,0.33437932,0.34240037,0.34691912,0.34770954,0.34502292,0.33963442,0.3328291,0.3262855,0.3218105,0.32092273,0.32439196,0.33194733,0.34232277,0.35360157,0.3636653,0.37057483,0.37282386,0.36948502,0.36028776,0.34565848,0.32673982,0.30538487,0.2840896,0.265762,0.25317726,0.24809597,0.25046733,0.2583981,0.26896012,0.2791632,0.28655976,0.28946277,0.2869595,0.27885726,0.26562184,0.24832666,0.22861196,0.20862874,0.19088927,0.17786781,0.17124109,0.17107873,0.17573068,0.1826121,0.189161,0.19337189
86,0.19065404,0.1864411,0.17853944,0.16861898,0.15915549,0.15325753,0.15385252,0.16230497,0.17765751,0.19734,0.21840961,0.23829617,0.25503886,0.26732206,0.27448064,0.27652135,0.2741585,0.2688372,0.2626857,0.25828946,0.2581713,0.2640206,0.27605003,0.29294026,0.31238046,0.33177233,0.34875014,0.36146212,0.3686984,0.3699447,0.3654031,0.35598916,0.34329444,0.32947767,0.31702164,0.3082931,0.30493802,0.3073488,0.31454268,0.32455117,0.3350536,0.34391853,0.34951565,0.35083467,0.34748906,0.33966327,0.32803223,0.31366596,0.29792145,0.28231755,0.26838323,0.25747377,0.25056982,0.24811439,0.24996015,0.25545925,0.2636459,0.27342272,0.28369352,0.2934393,0.30176306,0.30792695,0.31139308,0.31186837,0.30934578,0.30413297,0.29685625,0.28842705,0.2799563,0.2726071,0.2673932,0.26496825,0.26548347,0.26858386,0.27354598,0.27948755,0.28556103,0.2910794,0.2955676,0.298759,0.30056173,0.301015,0.3002497,0.2984583,0.29587448,0.29275596,0.28936484,0.28593898,0.28265634,0.27960008,0.27673793,0.2739288,0.27096188,0.26762325,0.26377365,0.25941837,0.25474787,0.2501339,0.24607152,0.24307218,0.24153168,0.2416178,0.243225,0.24601884,0.24955092,0.2533956,0.25725773,0.26102045,0.26472342,0.26848477,0.27239406,0.27641553,0.28033838,0.2837957,0.28634784,0.28760538,0.28735882,0.28568253,0.282987,0.27999666,0.2776366,0.27682862,0.2782373,0.28205213,0.2879027,0.29494596,0.30207694,0.30817032,0.3122794,0.3137631,0.31234494,0.30811805,0.3015128,0.29323915,0.2842124,0.27546754,0.26806313,0.26297343,0.26097226,0.26252195,0.26769426,0.27614957,0.28718162,0.2998104,0.3128979,0.32526684,0.33581543,0.34362695,0.34807372,0.34891254,0.3463633,0.341156,0.3345194,0.3280708,0.3235641,0.32249147,0.32563773,0.33278683,0.34274605,0.35366452,0.36346588,0.3702254,0.37242708,0.36911416,0.35997045,0.34536237,0.32635957,0.3047337,0.28290346,0.2637353,0.2500473,0.24375714,0.24503385,0.25215524,0.26225492,0.27232155,0.27985388,0.28310758,0.28111768,0.27364406,0.26110667,0.2445318,0.22550786,0.20612688,0.18883613,0.17605227,0.16943231,0.16909057,0.1734698,0.18007855,0.18641976,0.19052505
87,0.192313,0.18795152,0.18016675,0.17067516,0.16194648,0.15696421,0.15838405,0.16728191,0.18259214,0.20182715,0.222191,0.24124701,0.25714466,0.26866707,0.2752465,0.2769902,0.27471292,0.2699452,0.2648525,0.26195672,0.26357466,0.27107894,0.2843796,0.30199188,0.32159677,0.34068558,0.35701716,0.3688657,0.37513676,0.3754188,0.3700025,0.3598747,0.346673,0.33256495,0.31999034,0.31121466,0.3077428,0.3098341,0.31643033,0.32556182,0.33496264,0.34258437,0.34688896,0.34695753,0.34248975,0.33374754,0.32147133,0.30677956,0.2910539,0.27580485,0.26251027,0.2524266,0.24639834,0.24472539,0.2471519,0.25298393,0.26127136,0.2709718,0.28105763,0.2905751,0.29868227,0.30468756,0.30809474,0.30865264,0.30639908,0.30168825,0.2951885,0.28783578,0.28072956,0.2749659,0.27142814,0.27059227,0.27242717,0.27643862,0.28183493,0.28773475,0.29334047,0.29804134,0.30144766,0.3033776,0.3038187,0.3028832,0.3007694,0.29773358,0.29407132,0.29010075,0.28613934,0.2824683,0.27928635,0.2766645,0.27451935,0.2726219,0.27064672,0.26825398,0.26518393,0.2613411,0.256847,0.25204572,0.24745332,0.24365245,0.24115217,0.24025443,0.24097967,0.2430863,0.24617587,0.24983655,0.25376645,0.2578359,0.26207405,0.26659077,0.2714639,0.27663517,0.28185573,0.2867052,0.2906785,0.29331493,0.29433313,0.29374015,0.2918892,0.2894648,0.28737915,0.28657883,0.28779507,0.29131618,0.29687795,0.30372193,0.3107878,0.3169532,0.32124287,0.3229697,0.3218058,0.3177964,0.31133243,0.30309483,0.29397976,0.28501123,0.27724302,0.27165088,0.2690187,0.26983163,0.27419886,0.2818304,0.2920743,0.30400157,0.3165154,0.32846633,0.33876532,0.34649277,0.35100237,0.3520168,0.34970695,0.3447407,0.33827615,0.33186153,0.3272006,0.32577708,0.32842335,0.3350174,0.34447494,0.35503274,0.36466333,0.3714516,0.3738598,0.37088686,0.36215493,0.34795424,0.32926404,0.3077516,0.28572416,0.26595435,0.25123942,0.24361312,0.243491,0.24941215,0.2586678,0.2682828,0.27571872,0.27916688,0.27759364,0.27069315,0.2588231,0.24294822,0.22459273,0.2057778,0.18887372,0.17623048,0.16948809,0.16882738,0.1728154,0.1790758,0.18518013,0.18918794
88,0.19521785,0.19071524,0.18308507,0.17410201,0.1662297,0.16230828,0.16469495,0.17416102,0.18952683,0.20838378,0.22808312,0.24632667,0.26138252,0.27214298,0.2781496,0.2796221,0.27748436,0.2733528,0.26941466,0.26809612,0.27147195,0.2805836,0.29505435,0.3132617,0.33289802,0.35155308,0.36711508,0.37798965,0.38320643,0.38246775,0.37616572,0.36537042,0.35177377,0.3375512,0.3250845,0.31650722,0.3131439,0.3150872,0.32118797,0.32947895,0.33776498,0.34410122,0.34706193,0.34583738,0.34022802,0.3305851,0.3177225,0.3028109,0.28725404,0.27254343,0.26008603,0.25101352,0.24600913,0.24521476,0.24826369,0.25442094,0.26275656,0.27228355,0.28204042,0.2911363,0.29878628,0.30435273,0.30739602,0.3077282,0.30545777,0.30101272,0.29512668,0.288773,0.28303528,0.2789181,0.27713445,0.2779404,0.28109074,0.28593707,0.29161918,0.2972666,0.3021485,0.30575135,0.3077942,0.3082026,0.30706325,0.30457655,0.3010183,0.2967148,0.2920277,0.28733945,0.28302744,0.27941948,0.2767337,0.27501875,0.2741194,0.2736886,0.27325132,0.27230644,0.2704412,0.26743135,0.26330623,0.25836504,0.25313574,0.24827659,0.24443315,0.2420856,0.2414391,0.24240461,0.2446798,0.24789153,0.25173554,0.25605938,0.2608639,0.26623008,0.27220386,0.27868629,0.2853752,0.291784,0.29733205,0.3014783,0.30386108,0.30441234,0.30342114,0.30152744,0.29963014,0.2987059,0.29956546,0.30261606,0.30772355,0.31423607,0.32115254,0.32735837,0.33184537,0.33386955,0.33303735,0.3293305,0.32308543,0.31494042,0.30576164,0.29655507,0.2883677,0.28218085,0.27879897,0.27874514,0.2821835,0.28888947,0.29827702,0.30947393,0.32142466,0.3330029,0.34312424,0.350856,0.3555218,0.35679808,0.3547949,0.35010713,0.34381372,0.33738935,0.33249027,0.33060303,0.3326277,0.33856228,0.34745568,0.35765043,0.36717582,0.3741257,0.37693465,0.37454882,0.36652026,0.35305524,0.33503494,0.31401247,0.292165,0.27213508,0.25663933,0.24776128,0.2461366,0.25060874,0.25870818,0.26756454,0.27463764,0.27806336,0.27673495,0.27027163,0.2589592,0.24369304,0.22592655,0.20760408,0.19101244,0.17842776,0.17146932,0.1703901,0.1738963,0.17974024,0.18556584,0.18945564
89,0.19921386,0.19463666,0.18724214,0.17886302,0.17194541,0.16916649,0.17257759,0.18266086,0.19813792,0.2166789,0.23577613,0.2532667,0.26753783,0.2775941,0.28309023,0.28436115,0.2824384,0.27901343,0.27627265,0.27651712,0.28156307,0.29213506,0.30760795,0.32625654,0.345801,0.36393136,0.37866196,0.38852784,0.3926833,0.39094794,0.38381982,0.372456,0.35860258,0.34443548,0.3322618,0.32405972,0.32095146,0.3228516,0.3285214,0.33600602,0.3431941,0.34825745,0.34989384,0.347412,0.34072044,0.33026418,0.3169323,0.30194482,0.28671923,0.27271274,0.2612408,0.25329003,0.2493711,0.24947019,0.2531216,0.25956076,0.26788184,0.27714968,0.2864619,0.29498532,0.30199173,0.30690414,0.3093529,0.30923238,0.30674377,0.3024097,0.29704314,0.29165548,0.2872968,0.28484643,0.2848077,0.28718722,0.29151502,0.29699472,0.30271247,0.30782634,0.31169018,0.313906,0.3143195,0.31298,0.31008667,0.30593675,0.30088782,0.2953371,0.2897128,0.2844635,0.28003085,0.27679384,0.27499026,0.27463785,0.27549067,0.27705714,0.27868375,0.27968168,0.27946293,0.27765602,0.2741817,0.2692779,0.2634688,0.2574759,0.25207943,0.24795458,0.24553013,0.24492346,0.24598202,0.24841017,0.2519192,0.2563334,0.26161277,0.26779175,0.27486634,0.28268182,0.29087165,0.298876,0.30603418,0.31172162,0.31549332,0.31720236,0.3170698,0.31568694,0.31393564,0.31282037,0.31323215,0.3157029,0.32024026,0.32631424,0.33299702,0.3391904,0.34385505,0.34618595,0.3457157,0.3423525,0.33636755,0.32834673,0.31911817,0.30966434,0.30102366,0.2941851,0.28997934,0.28897628,0.29140478,0.29711515,0.30559468,0.31603196,0.3274131,0.33863223,0.34860447,0.35637754,0.3612379,0.362809,0.36113366,0.3567289,0.3505913,0.3441215,0.3389303,0.3365125,0.33784476,0.34305733,0.35134658,0.36117288,0.37063035,0.3778246,0.381162,0.37953374,0.37242,0.3599426,0.34288538,0.32268763,0.30139226,0.2814938,0.26558515,0.25573057,0.25272146,0.2556922,0.26245674,0.27031255,0.2767659,0.27992353,0.27861595,0.2723902,0.26146007,0.24665096,0.22934581,0.21141261,0.19505402,0.1824683,0.1752454,0.17370103,0.17667685,0.18205644,0.18755904,0.19128925
90,0.20392673,0.199374,0.19231234,0.18462294,0.1787174,0.17709714,0.18152076,0.19221728,0.20783305,0.22611542,0.24468651,0.26150948,0.27508527,0.28452715,0.28959984,0.2907479,0.28910032,0.28640634,0.28482893,0.2865269,0.29306436,0.3048856,0.32116485,0.34010664,0.3594684,0.3770355,0.39093915,0.3998355,0.40299785,0.4003593,0.39252087,0.38072264,0.3667577,0.3527911,0.3410405,0.33331603,0.3305341,0.332439,0.33771572,0.34443375,0.3505736,0.3544284,0.35482246,0.35118434,0.34353045,0.33239782,0.31874636,0.3038376,0.28909054,0.2759123,0.2655111,0.25871968,0.2558806,0.25684065,0.26105392,0.26773694,0.27600756,0.28497398,0.29378238,0.30164993,0.3079035,0.31203187,0.31374663,0.3130397,0.31022134,0.3059217,0.30103683,0.29660544,0.29361787,0.29279292,0.294395,0.29817054,0.3034344,0.3092632,0.31471196,0.31898606,0.32153958,0.3221038,0.32066345,0.31740245,0.31263965,0.30677205,0.30023742,0.29349968,0.2870491,0.2813994,0.27705908,0.27446294,0.27386966,0.27525952,0.27828032,0.28227606,0.2863957,0.2897484,0.29156134,0.29130885,0.28879568,0.28418824,0.2779913,0.27096942,0.26401666,0.2579916,0.25355452,0.25106025,0.25055143,0.25185418,0.2547254,0.2589778,0.264528,0.2713536,0.27938902,0.2884147,0.29799494,0.30749574,0.31617782,0.32333484,0.3284399,0.3312677,0.33197019,0.33108744,0.3294794,0.32817125,0.3281256,0.32999223,0.33391917,0.3395032,0.3458991,0.35203415,0.35684398,0.35946438,0.35935244,0.35633862,0.35062373,0.34273577,0.33346,0.32375205,0.31464007,0.307121,0.30205378,0.30005783,0.30143034,0.3061,0.31363058,0.32327366,0.33405763,0.34489584,0.35470077,0.3624976,0.36753294,0.36937496,0.36799842,0.36384267,0.35782388,0.3512714,0.34575364,0.3427752,0.34338954,0.3478599,0.35553288,0.36499202,0.3744016,0.38188353,0.38581914,0.385048,0.37898213,0.3676639,0.35178646,0.33268255,0.31226653,0.29288206,0.2769753,0.26653668,0.2624378,0.26404902,0.26946577,0.27619237,0.2818291,0.28449032,0.28296763,0.27675033,0.26598972,0.25144866,0.2344463,0.21678084,0.20057584,0.18795185,0.18045978,0.17845832,0.18090512,0.18580572,0.19095379,0.19447777
91,0.20880917,0.20438077,0.19773544,0.19078842,0.18590131,0.18539867,0.1907755,0.20205095,0.21781817,0.23589621,0.25402203,0.2702718,0.28325048,0.29217178,0.29690123,0.29798174,0.29662463,0.2946191,0.29408917,0.2970507,0.30484182,0.31767422,0.33456764,0.353681,0.37281102,0.38982812,0.40296683,0.41099185,0.41328472,0.40988263,0.40148047,0.38939157,0.37544495,0.3617831,0.3505254,0.34331423,0.34087288,0.3427959,0.3477101,0.35371885,0.35889602,0.3616532,0.36093643,0.35628873,0.34782842,0.33617753,0.32235825,0.3076634,0.29350168,0.28121886,0.27191004,0.26625913,0.26445773,0.26623607,0.2709856,0.27790943,0.28614265,0.2948243,0.30313683,0.31033915,0.31581062,0.31910908,0.32003507,0.31868827,0.3154976,0.31120536,0.30678582,0.3032876,0.30161417,0.30229753,0.30535096,0.31026927,0.31617603,0.3220478,0.32693034,0.33009145,0.3310957,0.3298115,0.3263694,0.32109278,0.3144221,0.30685169,0.29889256,0.29106548,0.28391352,0.2780098,0.27393013,0.2721689,0.27300844,0.2763883,0.28184137,0.28853697,0.29542002,0.30139595,0.30550918,0.3070825,0.30580536,0.30176863,0.2954469,0.28762805,0.2792925,0.2714527,0.2649801,0.26046687,0.25817308,0.25808126,0.26002657,0.2638318,0.26937875,0.27658853,0.28533173,0.2953232,0.30606067,0.31684119,0.3268532,0.33531517,0.34162363,0.34547892,0.34696606,0.34657353,0.34513545,0.34368858,0.34325314,0.34458038,0.34794492,0.35306382,0.3591754,0.36523864,0.3701714,0.37305647,0.3732795,0.37059525,0.36513433,0.35736606,0.3480318,0.33805904,0.328465,0.320254,0.3143125,0.31130853,0.311606,0.31521067,0.32176203,0.3305744,0.34071833,0.35112625,0.36070767,0.36846527,0.37360653,0.37564632,0.3744946,0.37051803,0.36455852,0.35788053,0.35201463,0.34847552,0.34838846,0.3521412,0.3592234,0.36833832,0.3777212,0.38551375,0.39007774,0.39020756,0.38525513,0.37519264,0.36063308,0.3428143,0.32353327,0.30499026,0.28947812,0.27887905,0.274079,0.27461293,0.27882016,0.2844193,0.2891375,0.29113358,0.28919056,0.28276286,0.2719565,0.25748587,0.24061854,0.22309434,0.20696773,0.19428627,0.18655427,0.18414992,0.18611762,0.19056484,0.19535333,0.19863696
92,0.21323134,0.20900138,0.20281926,0.19661991,0.19270603,0.1932362,0.19947928,0.21128568,0.22721058,0.24513513,0.2628938,0.2786604,0.29113132,0.29960892,0.3040469,0.305072,0.3039622,0.30253255,0.30286357,0.30684304,0.31562105,0.32922643,0.34656295,0.3657595,0.3846479,0.4011698,0.41364676,0.42093632,0.42251387,0.41850707,0.40969163,0.39744124,0.3836091,0.37030688,0.35955596,0.35284328,0.35072324,0.35266662,0.35725948,0.36264324,0.3669799,0.36878967,0.36712945,0.36164576,0.35254827,0.34053364,0.32667613,0.31229037,0.2987671,0.28738818,0.27914134,0.2745781,0.27376276,0.27633125,0.28162417,0.2888298,0.2970896,0.3055589,0.31344318,0.32003435,0.3247604,0.32724863,0.32739204,0.3254024,0.3218299,0.31752682,0.31353605,0.31089908,0.31041348,0.31241384,0.31666893,0.3224451,0.32870424,0.3343485,0.33843103,0.3402905,0.33960566,0.33638364,0.3309013,0.32362065,0.3151003,0.3059243,0.29666469,0.28788382,0.2801626,0.27412355,0.27040657,0.26956937,0.2719234,0.2773712,0.285332,0.29480273,0.30453032,0.31322598,0.31976166,0.3233176,0.32347322,0.32024455,0.31406972,0.3057447,0.29631057,0.28689915,0.27855727,0.2720891,0.26796654,0.26634228,0.26715377,0.2702567,0.27551457,0.2828023,0.29193416,0.3025675,0.31414312,0.32590005,0.33696568,0.34649372,0.35381326,0.35855782,0.3607511,0.3608326,0.35960853,0.3581186,0.35742423,0.358356,0.36129197,0.3660517,0.37194848,0.37797308,0.38303173,0.38616276,0.38668883,0.3842962,0.37905094,0.37136772,0.3619463,0.35168773,0.3415988,0.3326907,0.32587585,0.3218676,0.3210921,0.3236274,0.3291844,0.33713707,0.34659648,0.3565135,0.36579514,0.3734235,0.37857008,0.38070157,0.37966993,0.37577778,0.36980256,0.3629537,0.35673076,0.35265946,0.3519292,0.35503778,0.3616018,0.37043202,0.37982878,0.38795424,0.3931557,0.39419118,0.39036328,0.38158634,0.36840668,0.35198167,0.3340059,0.3165493,0.30175626,0.29138425,0.28628555,0.2860918,0.2893312,0.29391763,0.29771784,0.2989623,0.2964547,0.28964013,0.27860084,0.2640206,0.24713138,0.22962959,0.21351425,0.20076904,0.19284806,0.19012721,0.19170466,0.19576298,0.20021985,0.203254
93,0.21658657,0.21258801,0.20686778,0.20137002,0.19833793,0.19978459,0.20679215,0.21907628,0.2351622,0.2529799,0.27044252,0.28580484,0.29784015,0.30592546,0.31008798,0.311023,0.3100612,0.30903602,0.30999056,0.31471065,0.32420203,0.33835614,0.3559909,0.37521273,0.39388007,0.40998948,0.42193145,0.42863867,0.4296634,0.42520759,0.41611242,0.4037985,0.3901336,0.37719652,0.36691973,0.36065748,0.35882545,0.3607974,0.36513153,0.37000555,0.37365794,0.37470233,0.3722904,0.36615726,0.35659003,0.3443478,0.33054718,0.31651807,0.3036324,0.29311478,0.28586167,0.28231567,0.28243864,0.2857897,0.2916639,0.29922804,0.3076164,0.31598556,0.32355115,0.32962885,0.3336897,0.3354276,0.33482638,0.33220828,0.32824126,0.32388142,0.32023066,0.31831312,0.3188153,0.32188162,0.32705843,0.33341447,0.33977908,0.3450004,0.34814858,0.34863496,0.34624964,0.34113353,0.3337041,0.3245553,0.31435478,0.30376315,0.29339615,0.28383696,0.27568406,0.26959386,0.2662646,0.26632115,0.27011514,0.2775254,0.28787157,0.29999378,0.3124579,0.32379815,0.33272958,0.3383017,0.33999187,0.33774397,0.33195642,0.32342222,0.31322172,0.30257398,0.29266158,0.2844621,0.27863243,0.2754871,0.27507347,0.27729645,0.28201893,0.2890858,0.29827008,0.30918673,0.3212354,0.33361307,0.34540153,0.35570383,0.3637945,0.3692514,0.37204581,0.372574,0.37161472,0.37020338,0.3694262,0.3701675,0.3728794,0.37745714,0.38327128,0.38933775,0.39455423,0.3979235,0.3987168,0.39656353,0.39147532,0.3838204,0.37426323,0.36368242,0.35307673,0.34346482,0.3357835,0.3307877,0.32895997,0.3304436,0.33501372,0.34209812,0.35084412,0.36021882,0.3691269,0.376532,0.38157454,0.38368014,0.38265228,0.37874117,0.37267274,0.36561415,0.3590437,0.3545003,0.3532292,0.3558198,0.3619921,0.3706434,0.3801262,0.3886191,0.394459,0.39637697,0.39363912,0.38611683,0.3743057,0.35929942,0.34270778,0.3264876,0.3126468,0.30281463,0.29777873,0.29721165,0.2997731,0.30353773,0.30650628,0.30699497,0.30385038,0.29653162,0.2851185,0.2702833,0.25324008,0.23565854,0.21949846,0.206692,0.19864422,0.19571103,0.19701272,0.20077716,0.2049616,0.20776601
94,0.21838735,0.21460806,0.2092992,0.20440881,0.20212826,0.20435195,0.21201311,0.22471938,0.24096756,0.25872096,0.27595177,0.29097793,0.30263376,0.31035566,0.31422862,0.31500152,0.31404686,0.31321493,0.31452584,0.31969664,0.3296334,0.34413078,0.361943,0.38115618,0.39964366,0.4154392,0.42698294,0.43326357,0.43389165,0.42912573,0.41985652,0.40753904,0.39404973,0.3814388,0.37156755,0.36568707,0.36410725,0.3661291,0.37029088,0.37479925,0.37795272,0.3784384,0.37548307,0.368892,0.35901383,0.3466572,0.3329723,0.31930205,0.30700523,0.29726413,0.29090723,0.28829518,0.2893105,0.29344824,0.29995778,0.30797496,0.3166125,0.32501364,0.33239186,0.33807683,0.3415751,0.34264043,0.34134072,0.3381012,0.33369973,0.3291883,0.32572234,0.32430887,0.3255338,0.32937452,0.3351872,0.34187612,0.3481639,0.35285872,0.3550513,0.3542215,0.35026214,0.34343734,0.3342935,0.3235436,0.3119494,0.30022976,0.2890213,0.27890226,0.2704628,0.26437333,0.26138133,0.26218417,0.2671914,0.27628362,0.2887086,0.30317694,0.318099,0.33185437,0.34301907,0.35052532,0.35375714,0.35259008,0.3473813,0.338912,0.32828444,0.3167767,0.3056693,0.29607078,0.2887849,0.2842628,0.28265342,0.28391615,0.28792676,0.29451722,0.30343786,0.31428096,0.32642508,0.33904514,0.35119614,0.36194825,0.3705376,0.3765008,0.37976894,0.38070348,0.38005874,0.37886035,0.37820324,0.3789989,0.38173977,0.3863638,0.39227375,0.39849833,0.40392616,0.40753308,0.40855235,0.4065712,0.4015609,0.39385507,0.38409203,0.37313482,0.3619784,0.35165098,0.34311318,0.33715814,0.33431894,0.3347957,0.33841872,0.34466058,0.35269755,0.3615084,0.36999378,0.37710088,0.3819443,0.38391694,0.38278544,0.37876147,0.37253514,0.36524674,0.35836536,0.35344726,0.3517851,0.35403818,0.36000028,0.3686265,0.3783014,0.38721174,0.3936863,0.39643896,0.3947139,0.3883566,0.37783024,0.36418423,0.34896362,0.33403236,0.32127893,0.31220922,0.30752826,0.30690685,0.3090839,0.31225446,0.31453535,0.31433043,0.31054226,0.3026618,0.290785,0.2755907,0.258292,0.24054934,0.22430067,0.2114416,0.20333305,0.20029812,0.20145106,0.20503567,0.20903014,0.21164963
95,0.21833657,0.21472467,0.20973398,0.20531611,0.2036252,0.20646785,0.21466418,0.22773427,0.24414402,0.2618731,0.27893272,0.29368564,0.3050105,0.31238648,0.31594017,0.31645963,0.31535032,0.31448215,0.31587198,0.32120478,0.33133128,0.34598503,0.3638738,0.3830617,0.4014235,0.41701174,0.4282961,0.43430123,0.43467644,0.4297184,0.42035148,0.40805423,0.3947095,0.38234898,0.37278688,0.3672052,0.36584184,0.36794668,0.37204173,0.3763509,0.3792126,0.37936416,0.37608474,0.36922914,0.35918954,0.3468106,0.33326885,0.3199208,0.3081229,0.2990362,0.29344913,0.29166898,0.29352015,0.29844284,0.3056382,0.3142003,0.3232066,0.3317735,0.33910048,0.34452096,0.34756693,0.34804162,0.34608525,0.34221366,0.33730295,0.3324933,0.32899377,0.3278056,0.32943898,0.33373925,0.3399108,0.34672633,0.3528232,0.3569787,0.35830286,0.35633546,0.35105905,0.3428454,0.33235276,0.32039472,0.3078065,0.29534143,0.28362948,0.2732135,0.26464558,0.25858557,0.25581834,0.25711957,0.26298147,0.27332363,0.2873629,0.30371818,0.32067585,0.33648604,0.34960502,0.35886183,0.36355627,0.36350012,0.3590083,0.3508432,0.3401134,0.32813144,0.31624115,0.30564007,0.29723644,0.2915835,0.28891107,0.2892278,0.292429,0.298348,0.30673152,0.31717035,0.32904443,0.34152892,0.35367376,0.3645366,0.3733342,0.3795791,0.3831771,0.38446578,0.38417974,0.383331,0.38300762,0.3841208,0.38716754,0.3920915,0.3982982,0.40481257,0.41051146,0.4143519,0.4155437,0.41364908,0.40861547,0.40075648,0.3906963,0.37929124,0.36753872,0.35648003,0.34710044,0.34022915,0.3364441,0.3359935,0.33875164,0.3442241,0.35160542,0.35987836,0.36793575,0.37470907,0.3792922,0.3810547,0.37973914,0.37553453,0.36911288,0.3616052,0.35448542,0.34933242,0.34747744,0.349625,0.35560727,0.36440203,0.37440035,0.3837857,0.3908801,0.39439085,0.39355615,0.38821453,0.3788175,0.3663918,0.35244045,0.33875754,0.3271323,0.31895736,0.31484574,0.31443408,0.31649557,0.31930512,0.32107136,0.32027835,0.31588975,0.3074399,0.29505506,0.27943572,0.2618099,0.24384521,0.22747566,0.21457659,0.20647252,0.20344503,0.2045782,0.20810434,0.21200386,0.21449973
96,0.216368,0.21284331,0.20804602,0.20393518,0.20264708,0.20593466,0.21453942,0.22791113,0.24447986,0.26222438,0.27917498,0.29372057,0.30476657,0.31181774,0.31502536,0.31520203,0.31377822,0.3126477,0.31384596,0.319064,0.32914037,0.343781,0.36166131,0.38081995,0.39911884,0.41461036,0.4257736,0.43164858,0.43190315,0.42685342,0.4174416,0.40516025,0.39189884,0.3796845,0.37031284,0.36493382,0.3637477,0.36597303,0.37011665,0.37440553,0.37719524,0.3772481,0.3738708,0.36694464,0.35688612,0.34456137,0.33116576,0.3180717,0.30664688,0.2980556,0.29307735,0.29199594,0.29459873,0.30027923,0.30818716,0.31736475,0.32684168,0.33569545,0.3431002,0.34838212,0.3510867,0.35105258,0.3484764,0.34394768,0.33842614,0.3331325,0.32933417,0.3280478,0.3297436,0.33417878,0.34044784,0.34722364,0.3530765,0.35675815,0.35739335,0.35457024,0.34834492,0.3391774,0.32781625,0.31515226,0.30206823,0.28932348,0.27750996,0.2671022,0.25858188,0.2525712,0.24987675,0.2513571,0.2576155,0.26865762,0.28372195,0.30138245,0.3198383,0.3372372,0.35193568,0.362674,0.36867744,0.36969888,0.36601076,0.35834998,0.34781784,0.33573857,0.3234874,0.31231126,0.30317992,0.29670992,0.29318446,0.29264808,0.29501587,0.3001329,0.3077589,0.3175039,0.32877192,0.3407617,0.3525412,0.36317784,0.37188983,0.37818503,0.38196048,0.3835426,0.38365236,0.3832848,0.3835057,0.38519812,0.38882643,0.39430165,0.40100095,0.40792766,0.41394362,0.41799542,0.41928488,0.41736755,0.41218552,0.40404877,0.39358094,0.38164237,0.36924064,0.35743526,0.3472384,0.3395144,0.33488113,0.33362567,0.33565342,0.34048802,0.34732822,0.3551496,0.36283115,0.36928788,0.37359783,0.37511694,0.37357756,0.36916322,0.36254698,0.35486978,0.34762555,0.34242103,0.34061563,0.3429308,0.34919703,0.35837492,0.36883405,0.37874252,0.3864177,0.39057204,0.39045545,0.38592005,0.37742785,0.36600658,0.35314208,0.34058377,0.33004394,0.32281485,0.31941283,0.3194153,0.32159117,0.32425734,0.3256875,0.3244334,0.3195184,0.31052607,0.2976231,0.28154328,0.26354292,0.24531238,0.22879891,0.21587443,0.20783646,0.20491913,0.20615554,0.20974192,0.21364333,0.21608314
97,0.21265413,0.209123,0.20437704,0.2003884,0.19929837,0.20284307,0.21172057,0.22532642,0.24204975,0.25985143,0.2767614,0.2911761,0.30200994,0.30877548,0.3116311,0.31139863,0.3095242,0.3079291,0.30868828,0.3135362,0.3233421,0.33781692,0.35561717,0.37475222,0.39305726,0.40856576,0.41974607,0.42563307,0.42589295,0.42084217,0.41142508,0.3991388,0.38588068,0.373689,0.364371,0.35908374,0.35802522,0.36040258,0.36470774,0.36915553,0.37209505,0.37228715,0.36903968,0.36223638,0.35229695,0.34009302,0.32682997,0.3138975,0.3026882,0.29439527,0.28982252,0.2892623,0.29248774,0.29885536,0.30746165,0.31728873,0.3273078,0.33654654,0.3441434,0.34940577,0.35187924,0.35142127,0.34826526,0.34305376,0.33681223,0.33083314,0.32644945,0.32472008,0.32611883,0.33036506,0.33648795,0.34309167,0.34869552,0.35202894,0.3522247,0.34890592,0.34218383,0.33258456,0.32092196,0.30813608,0.2951273,0.2826285,0.27116072,0.2610977,0.25281996,0.24688466,0.24410103,0.24540934,0.25155014,0.26266643,0.2780801,0.29637548,0.31570622,0.33414713,0.34997556,0.36185765,0.36895418,0.37096438,0.36811826,0.3611214,0.3510548,0.33923328,0.3270338,0.31571516,0.3062673,0.29933077,0.2952116,0.29397276,0.29554456,0.29979002,0.30649534,0.31530803,0.32567734,0.33684835,0.3479301,0.3580224,0.36636683,0.37248692,0.37628865,0.3781006,0.37863675,0.37887156,0.37983248,0.38234568,0.38680577,0.3930534,0.40040782,0.40783486,0.41417953,0.41838744,0.41966867,0.41759136,0.41211116,0.40355167,0.3925504,0.3799834,0.36687747,0.35431662,0.3433438,0.33485863,0.32951453,0.32762772,0.32911953,0.3335137,0.3399953,0.34751862,0.35494044,0.3611577,0.36523703,0.36653087,0.36477584,0.36016798,0.35340136,0.3456464,0.33843195,0.3333966,0.33191428,0.33469087,0.3415117,0.3512794,0.3623155,0.37276325,0.3809401,0.38557726,0.38595465,0.38195905,0.37408587,0.36338827,0.35136095,0.3397352,0.33016983,0.32387078,0.32125533,0.32182068,0.32429814,0.32701227,0.32827517,0.32669115,0.32133803,0.31185043,0.2984413,0.28188667,0.26348206,0.24495414,0.22827984,0.21534435,0.2074281,0.20471342,0.20616436,0.20991927,0.21391235,0.2163608
98,0.20758107,0.20395261,0.19911437,0.19505712,0.19395104,0.19755472,0.20656022,0.22032663,0.23719789,0.2551011,0.27204734,0.2864225,0.29713243,0.30367982,0.3062121,0.30554366,0.30312535,0.30090576,0.30101684,0.30527124,0.31461093,0.32878512,0.34644628,0.36557183,0.38395697,0.39959872,0.41093522,0.41697645,0.41736692,0.41240466,0.4030201,0.3907049,0.37736446,0.36506286,0.35564917,0.35032728,0.34932977,0.351874,0.35643843,0.3612114,0.36451212,0.36507338,0.36217776,0.35568643,0.34600028,0.3339785,0.32082534,0.307946,0.29676896,0.28854072,0.28412318,0.28385246,0.28751412,0.29444107,0.3036781,0.31414133,0.32473478,0.3344272,0.3423114,0.34766492,0.3500191,0.3492322,0.3455525,0.3396517,0.3325996,0.32574844,0.32050246,0.31799117,0.31873956,0.3224836,0.32823467,0.33456016,0.33994362,0.34309414,0.34314495,0.33973962,0.33302453,0.32356787,0.31222057,0.29994053,0.28761172,0.27590683,0.26524448,0.25587064,0.248041,0.24222478,0.23921216,0.24001415,0.24552327,0.2560665,0.2711144,0.28932476,0.30885392,0.3277364,0.3441925,0.3568294,0.36475345,0.36761588,0.3656047,0.3593888,0.35001662,0.3387739,0.3270112,0.31596443,0.30660474,0.2995596,0.29512796,0.2933727,0.2942328,0.29759195,0.3032727,0.31097442,0.32020935,0.33028898,0.340385,0.34965152,0.35737512,0.3631152,0.3668045,0.36878702,0.36977556,0.37071934,0.3725901,0.3761276,0.38162068,0.38880524,0.39691776,0.40487537,0.41150796,0.41577137,0.41690087,0.4144961,0.40854493,0.3994014,0.38773146,0.3744387,0.3605788,0.34726784,0.33558425,0.32646435,0.32059312,0.31830475,0.3195189,0.32373768,0.33011118,0.33755565,0.34489602,0.35100907,0.35495496,0.35609275,0.3541782,0.34943765,0.34260592,0.33490142,0.32790092,0.32327533,0.32239524,0.32591513,0.33353138,0.34405205,0.35573018,0.36668065,0.37522888,0.3801394,0.38074005,0.37697205,0.36938578,0.35908356,0.34759507,0.3366603,0.3279085,0.32247356,0.32067218,0.3219028,0.32482967,0.32775384,0.3290012,0.32721266,0.32151312,0.31158715,0.29769695,0.2806667,0.26183984,0.24299096,0.22614178,0.21320668,0.20545907,0.20302609,0.20478666,0.20880243,0.21296379,0.21547668
99,0.201692,0.19789301,0.19283362,0.18852614,0.18719189,0.19065233,0.1996343,0.21348135,0.23049039,0.24854049,0.2656065,0.2800471,0.29074314,0.29717046,0.2994482,0.29836634,0.2953667,0.29242066,0.29172823,0.2952098,0.30392012,0.31768098,0.33515766,0.35429525,0.3728377,0.38872945,0.40036088,0.40669847,0.40734667,0.40256688,0.39325982,0.38090056,0.3674003,0.35486004,0.34519762,0.3397023,0.3386794,0.3413807,0.34627563,0.3515137,0.3553626,0.3565018,0.3541631,0.348161,0.33885527,0.3270736,0.314005,0.30106416,0.28972113,0.28129554,0.27674007,0.27647215,0.28032184,0.28761762,0.29735848,0.30839196,0.31954852,0.3297303,0.33797595,0.3435226,0.34587368,0.34487003,0.34075224,0.3341954,0.3262888,0.31842738,0.3120868,0.30849153,0.30826464,0.31121567,0.31638882,0.3223487,0.32755935,0.33071125,0.33093002,0.32786432,0.32167485,0.3129455,0.30253324,0.2913791,0.2803148,0.26991993,0.26048586,0.25211528,0.24492916,0.23929596,0.23596585,0.23599757,0.24042943,0.24980088,0.26379055,0.28119698,0.3002348,0.31893668,0.33549064,0.34846133,0.35691136,0.3604497,0.35922334,0.3538596,0.34536314,0.33497187,0.32398427,0.31358123,0.30468038,0.29786304,0.29339513,0.29132316,0.29158813,0.29409534,0.2987093,0.30519065,0.31312716,0.32191247,0.33079886,0.3390144,0.3459106,0.351102,0.35456485,0.3566706,0.35813504,0.35987535,0.36278817,0.36749756,0.37415367,0.3823597,0.3912525,0.39969605,0.4065115,0.41067815,0.41147336,0.40854597,0.40193325,0.39203516,0.3795596,0.36544928,0.3507986,0.33676368,0.32446453,0.31487608,0.30871043,0.30630696,0.30756253,0.311932,0.31850618,0.32614535,0.33363304,0.33982456,0.343779,0.34487262,0.34289432,0.3381176,0.33133543,0.32383,0.31723484,0.31324905,0.31321785,0.31770805,0.3262891,0.3376479,0.34995914,0.36131236,0.37005123,0.37498704,0.37551025,0.37163267,0.36397785,0.3537185,0.34244376,0.33192915,0.3237983,0.31912768,0.3181323,0.32009515,0.32358682,0.32685733,0.32822356,0.3263477,0.32039326,0.31009144,0.2957543,0.27825767,0.258999,0.23981051,0.22277209,0.20984232,0.20229769,0.20020787,0.2023532,0.2067029,0.21109337,0.21371552
100,0.19560196,0.19158801,0.18620825,0.18149488,0.17973775,0.18285958,0.19166546,0.2055085,0.22263986,0.24087855,0.25814787,0.27276438,0.28356957,0.28999797,0.292125,0.29070032,0.28714207,0.28343529,0.28185135,0.2844394,0.2924017,0.30566633,0.32293028,0.34210855,0.3608853,0.37713906,0.38919726,0.39596733,0.3969976,0.39249724,0.38332254,0.3709204,0.35720268,0.3443133,0.33425954,0.32845,0.32729992,0.33012208,0.33538496,0.34119025,0.3457355,0.34762457,0.3460159,0.34065533,0.33184123,0.32035127,0.30734357,0.2942319,0.2825263,0.27363187,0.26861972,0.2680264,0.27176338,0.2791804,0.28924242,0.30072966,0.31239522,0.32306874,0.33172783,0.33756033,0.34002954,0.33894256,0.3345109,0.32738736,0.3186535,0.30972424,0.30213773,0.29722792,0.29575628,0.297662,0.3020755,0.3075963,0.31268713,0.3160227,0.31671283,0.31439528,0.30922255,0.3017656,0.29285377,0.28337407,0.27407065,0.2654031,0.25752294,0.25039148,0.2440034,0.23862831,0.23496102,0.23407532,0.23712398,0.24485627,0.2571972,0.273149,0.29104573,0.30896398,0.32508972,0.33796412,0.34661812,0.35062498,0.35009214,0.34560144,0.33810338,0.32877135,0.31882837,0.30937257,0.30123875,0.29493585,0.29067722,0.28848153,0.28828725,0.29002088,0.29359064,0.29882178,0.30538344,0.31276035,0.32029808,0.32731402,0.3332417,0.33776757,0.34092626,0.3431263,0.3450879,0.34768656,0.35172328,0.35767877,0.365538,0.37475312,0.38435483,0.39315784,0.39998522,0.40385422,0.40409988,0.40043575,0.39296302,0.3821409,0.36873096,0.35372555,0.33826727,0.32356077,0.3107741,0.30092305,0.29474142,0.29255798,0.2942215,0.29911038,0.30623057,0.31436926,0.32226124,0.3287412,0.33287328,0.33406103,0.33213875,0.32744056,0.32083103,0.31366673,0.3076413,0.30447286,0.30545837,0.31104672,0.32065535,0.33283886,0.3456948,0.35729533,0.36601174,0.37071082,0.37085447,0.366535,0.35846165,0.3478945,0.33650425,0.32612768,0.31840783,0.3143795,0.31415686,0.3168927,0.32104066,0.3247749,0.32638282,0.32453302,0.3184182,0.30781123,0.29307228,0.27512962,0.25543827,0.23589519,0.21864974,0.205719,0.1983933,0.19668527,0.19926675,0.20400286,0.20866838,0.21143629
101,0.18989487,0.18565424,0.17989494,0.1746624,0.17232406,0.17493582,0.18342337,0.1971779,0.21440971,0.23286861,0.2504137,0.26530728,0.2763406,0.282896,0.284994,0.2833317,0.2792903,0.2748569,0.27236983,0.27401695,0.28117257,0.29389992,0.31094655,0.33020177,0.3492847,0.36599842,0.37859628,0.38591522,0.3874359,0.38330364,0.37431908,0.3618908,0.3479247,0.33460766,0.32404846,0.31780028,0.3164204,0.3193088,0.32494336,0.3313734,0.336712,0.33946982,0.33871388,0.3341046,0.32586294,0.31470135,0.30173236,0.2883559,0.2761139,0.26649907,0.26071873,0.25946164,0.26275912,0.27001363,0.28017387,0.2919586,0.3040428,0.31518018,0.32428256,0.33048198,0.33319262,0.33217454,0.3275924,0.32005385,0.31060565,0.30065566,0.29178515,0.2854374,0.28253925,0.28320837,0.28671566,0.2917368,0.29675525,0.30043456,0.30186078,0.30064386,0.2969037,0.2911676,0.28420144,0.27680197,0.2695958,0.2629078,0.25675437,0.2509767,0.24546964,0.24042088,0.23646364,0.23465252,0.23620354,0.24203733,0.2523276,0.26632324,0.28253657,0.29914016,0.31435487,0.32672247,0.33525696,0.3395043,0.3395351,0.3358828,0.3294355,0.3212875,0.31256723,0.30426788,0.29712012,0.2915432,0.28768682,0.28553683,0.28502747,0.28610557,0.288721,0.29276043,0.2979721,0.3039328,0.31008652,0.31584948,0.32074943,0.32455802,0.32737944,0.32966563,0.3321394,0.33562276,0.3408007,0.3479885,0.35698938,0.36709887,0.37724605,0.38620752,0.3928219,0.3961582,0.39562204,0.3910039,0.38248,0.37057894,0.3561254,0.34017047,0.32391343,0.30861586,0.29550028,0.28562525,0.27973858,0.27813873,0.28059694,0.28638414,0.29439744,0.303338,0.31188905,0.31886804,0.32335103,0.32477674,0.32303333,0.31852365,0.31219077,0.3054694,0.30011073,0.29784086,0.29989088,0.30657557,0.31715444,0.3300547,0.34330645,0.3549722,0.36345494,0.36767802,0.36717513,0.36212057,0.35331464,0.3421158,0.3302948,0.31977475,0.31224495,0.3087184,0.3092132,0.3127413,0.31761912,0.32192326,0.32389233,0.3221866,0.31601733,0.3051918,0.29011378,0.27176172,0.2516486,0.2317399,0.21426326,0.20130773,0.19419074,0.19287325,0.19591497,0.20106982,0.20604539,0.20899345
102,0.18502288,0.18057086,0.1744153,0.16860464,0.16558313,0.16755927,0.17561454,0.1892062,0.2065116,0.22520593,0.24307515,0.2583194,0.269673,0.27646074,0.2786429,0.27685773,0.27244154,0.26737314,0.26404816,0.2647907,0.2711572,0.2833632,0.30022082,0.31959882,0.33904943,0.3562954,0.36951053,0.3774556,0.3795383,0.37583467,0.36708415,0.35465136,0.34043032,0.32664743,0.31551552,0.30874488,0.30705592,0.30995595,0.3159428,0.32301173,0.3291828,0.33286208,0.33301434,0.3292048,0.3215682,0.31074283,0.2977858,0.28407133,0.2711612,0.26062784,0.25381893,0.2515966,0.2541457,0.2609547,0.27097848,0.28288507,0.2952743,0.30682382,0.31637785,0.3230096,0.32607877,0.32529026,0.32074928,0.31300098,0.30303428,0.29222226,0.28216198,0.27438945,0.27000368,0.26933485,0.2718425,0.27632195,0.2813031,0.28544563,0.28780478,0.28794512,0.28592834,0.28220645,0.27744788,0.27232897,0.26734143,0.26267758,0.25824186,0.25379205,0.24916112,0.24448137,0.24032801,0.23770915,0.23784755,0.24177049,0.24986191,0.26162487,0.27579203,0.29068214,0.30459324,0.31609732,0.32421058,0.32846293,0.3288931,0.32598576,0.32056063,0.3136228,0.30619258,0.2991443,0.29309285,0.28836116,0.2850336,0.28306437,0.2823849,0.28296086,0.28477803,0.28777537,0.29176986,0.29642224,0.3012714,0.3058342,0.3097384,0.31284857,0.3153451,0.31772572,0.32071084,0.32505673,0.33131668,0.33962798,0.34960926,0.36040714,0.37086338,0.37973195,0.3858807,0.38844135,0.38689914,0.38112903,0.37138936,0.35828492,0.34271032,0.32578206,0.30876347,0.29298037,0.2797156,0.27007052,0.26479632,0.26413715,0.26775497,0.27478436,0.28399593,0.2939998,0.30343038,0.31109372,0.31608325,0.31787673,0.3164183,0.31218007,0.3061826,0.2999351,0.2952402,0.29382408,0.29684722,0.30449498,0.3158831,0.32932863,0.3428058,0.35437045,0.3624523,0.36602288,0.36467808,0.35866678,0.34887695,0.33676922,0.3242278,0.3132864,0.30571112,0.3025203,0.30364883,0.30796355,0.31362796,0.3186013,0.32105488,0.31962478,0.3135279,0.30259576,0.28726763,0.26856622,0.24805868,0.22777858,0.2100373,0.19700864,0.19005474,0.18909897,0.19259402,0.19818103,0.203496,0.20666438
103,0.18123654,0.17660128,0.17006758,0.16367708,0.15994167,0.16122538,0.16878486,0.18216445,0.19951724,0.21844254,0.23664953,0.25227338,0.26399067,0.27106944,0.27341163,0.27159852,0.26692113,0.26134518,0.25731322,0.25727293,0.26295477,0.27472582,0.29146567,0.31102487,0.3308899,0.34870407,0.36256278,0.37115237,0.37380964,0.37054393,0.36203575,0.34960675,0.3351379,0.320891,0.30917796,0.30186468,0.29983893,0.3027228,0.3090389,0.31672853,0.32371548,0.32829785,0.32933617,0.32629964,0.31923708,0.30871266,0.29572582,0.28161865,0.26796108,0.25639075,0.24838577,0.24498554,0.24654871,0.2526774,0.26235643,0.2742176,0.28679308,0.29868826,0.30868208,0.31578988,0.3193163,0.3189082,0.31460577,0.30688155,0.2966511,0.28522962,0.2742004,0.26516286,0.25937256,0.25738242,0.25887403,0.26280105,0.26776758,0.2724396,0.2758364,0.2774606,0.2772915,0.2756779,0.27316445,0.27029037,0.26741257,0.264611,0.26171437,0.25843984,0.25459835,0.250295,0.2460574,0.24283163,0.24180016,0.24402574,0.25003493,0.25955272,0.27154237,0.28450477,0.29685488,0.30722773,0.314665,0.31869534,0.31933403,0.31701994,0.31250313,0.3066951,0.30050275,0.29467756,0.28971863,0.28585628,0.28311598,0.28142643,0.28071934,0.28097656,0.28221107,0.28439975,0.28741127,0.29097384,0.29470903,0.29822707,0.30125403,0.3037483,0.30596757,0.3084535,0.31191838,0.31704387,0.32424486,0.33348215,0.34420174,0.3554204,0.36591232,0.3744247,0.37986502,0.38143387,0.37869984,0.37162527,0.36055335,0.34616816,0.32943773,0.3115483,0.2938323,0.27768502,0.2644534,0.25527894,0.25090212,0.25148663,0.2565558,0.26508737,0.2757194,0.28697544,0.29744905,0.30594057,0.31156233,0.31382844,0.31273317,0.30880985,0.3031471,0.2973196,0.29317477,0.29244018,0.29621935,0.30459428,0.31656757,0.3303688,0.34392476,0.35527897,0.36287397,0.36571106,0.3634296,0.35633615,0.3453938,0.33216017,0.31863976,0.30699873,0.29911563,0.29605213,0.2976857,0.30274412,0.3092278,0.31496093,0.31802812,0.31702313,0.31115258,0.30025804,0.28480217,0.26584128,0.24498783,0.22433789,0.2062873,0.19310659,0.18622628,0.18555833,0.18946536,0.19547987,0.20116201,0.20460281
104,0.17857152,0.17377628,0.16690245,0.15997978,0.15557486,0.15619363,0.16326456,0.17642464,0.19380818,0.21294183,0.2314606,0.24743861,0.25950024,0.2668642,0.26938355,0.26759285,0.2627467,0.2568012,0.25223905,0.25161278,0.256801,0.26829934,0.28504086,0.30485404,0.3251628,0.34353787,0.35800478,0.36718506,0.370355,0.36746812,0.35915688,0.3467094,0.33199906,0.3173223,0.30508137,0.29728302,0.29496726,0.29785982,0.3045018,0.31277874,0.3205202,0.3259215,0.32774642,0.32537752,0.3187878,0.30847678,0.29539308,0.28084838,0.26641402,0.2537771,0.24452586,0.2398625,0.24031964,0.24562706,0.2548179,0.26650354,0.27916008,0.2913294,0.30173215,0.3093315,0.31338122,0.3134728,0.30958217,0.3021077,0.2918851,0.28015804,0.26847142,0.25845414,0.25148505,0.248323,0.24888001,0.25229293,0.2572637,0.26247653,0.26691303,0.27000174,0.27162164,0.2720001,0.2715463,0.2706634,0.2695912,0.26832977,0.26667202,0.26433423,0.2611383,0.2571864,0.2529713,0.24937257,0.24750206,0.248398,0.25265428,0.26015678,0.270075,0.28110158,0.29179555,0.30088416,0.3074588,0.31106478,0.31170586,0.30978277,0.30598074,0.3011213,0.29600248,0.29126045,0.28728896,0.2842386,0.28208783,0.28074834,0.28015456,0.28030047,0.2812146,0.28289396,0.2852368,0.2880162,0.29091626,0.29362574,0.29595867,0.2979611,0.29996353,0.30254754,0.30641323,0.3121672,0.32009262,0.32999077,0.34115967,0.35251173,0.36277378,0.37069827,0.3752373,0.3756604,0.37161767,0.36315665,0.35070372,0.33502147,0.31715155,0.29835072,0.28002214,0.26363266,0.25059325,0.2420798,0.23880623,0.24083298,0.24752548,0.25769922,0.26986763,0.2824804,0.29409954,0.30352184,0.30987358,0.31269473,0.31201547,0.3084142,0.3030315,0.29749504,0.29369405,0.2933701,0.2976016,0.30641115,0.31872845,0.332719,0.34626463,0.35738343,0.3645084,0.3666446,0.3634482,0.3552581,0.3430904,0.32858437,0.3138618,0.30123827,0.2927438,0.28953525,0.29147685,0.29717797,0.30447385,0.31103778,0.31484672,0.31443092,0.3089665,0.2982868,0.28286093,0.26376325,0.24263716,0.22162917,0.20321445,0.18977015,0.18282518,0.18232077,0.18656021,0.19297808,0.19905381,0.20283216
105,0.17689681,0.17194669,0.16477524,0.15740292,0.15243958,0.15250693,0.15917684,0.17216279,0.18957861,0.20888497,0.2276527,0.24390571,0.25622824,0.26380363,0.26645204,0.26467907,0.2597204,0.25353464,0.24864388,0.24768443,0.25264284,0.2640979,0.2810038,0.30115497,0.3219169,0.34080037,0.355777,0.36542058,0.36896482,0.3663261,0.35810757,0.34558108,0.3306256,0.3155764,0.30291682,0.29477036,0.29229528,0.29528862,0.3022893,0.31112117,0.3195257,0.32560885,0.3280546,0.32617772,0.31989428,0.3096573,0.29638007,0.28135356,0.26615104,0.25249696,0.2420654,0.2361924,0.23556332,0.24002945,0.24867922,0.26011667,0.27277634,0.2851502,0.29591268,0.303985,0.30857873,0.30923748,0.30587935,0.2988339,0.28886014,0.27712682,0.26512668,0.25448903,0.24667497,0.24261056,0.24241789,0.2454182,0.25042355,0.25614655,0.2615335,0.26593482,0.26912272,0.27119982,0.27244538,0.27314442,0.27344933,0.2733165,0.2725391,0.27086273,0.2681437,0.26449877,0.2603975,0.25665584,0.25429997,0.25430214,0.25725797,0.2631441,0.271287,0.28055334,0.2896529,0.2974236,0.3030268,0.3060424,0.30647755,0.30470744,0.3013641,0.29719186,0.29289487,0.28901172,0.28585038,0.28349996,0.28190625,0.28097174,0.2806344,0.28089356,0.28177965,0.2832895,0.28532636,0.28768164,0.2900769,0.29225782,0.29410952,0.29575324,0.2975837,0.30021808,0.30434632,0.31051064,0.31888437,0.3291398,0.3404594,0.3516782,0.3614921,0.3686648,0.372191,0.37140346,0.3660263,0.3561852,0.3423838,0.32545847,0.3065204,0.2868937,0.26804912,0.25152194,0.2387829,0.23103419,0.22895056,0.23247744,0.2408214,0.25264853,0.26636714,0.28036866,0.29318938,0.30361828,0.31078324,0.31423235,0.31401056,0.31071913,0.30553052,0.3001117,0.29639447,0.29615715,0.3004982,0.30943578,0.32187244,0.33593154,0.34944826,0.36039674,0.36717314,0.36875522,0.3647839,0.35559824,0.34223667,0.3263935,0.31029236,0.29640442,0.286949,0.2832428,0.28520325,0.29136306,0.2994015,0.30682817,0.31148994,0.31182852,0.30696538,0.2967029,0.2814953,0.26241454,0.24111508,0.2197754,0.20093755,0.18709052,0.17989573,0.17937852,0.18382894,0.1906017,0.19709061,0.2012789
106,0.17600213,0.1708814,0.16345128,0.1557331,0.15037304,0.15007536,0.15650524,0.16941398,0.18688431,0.2063206,0.2252461,0.24165203,0.25410014,0.26175737,0.26443213,0.26262447,0.2575747,0.25126284,0.24625485,0.2452492,0.25028956,0.26197493,0.27923313,0.29980633,0.32100728,0.34030423,0.35563672,0.36555398,0.36927098,0.36669138,0.3584137,0.34571692,0.3305047,0.3151602,0.30223957,0.29395193,0.29152468,0.29477483,0.3022049,0.31156722,0.32052475,0.3271148,0.32996655,0.32835314,0.32215956,0.31181663,0.29822376,0.2826675,0.26673016,0.25216705,0.24071483,0.23380649,0.23224124,0.23596518,0.24411389,0.25529143,0.26790625,0.2804182,0.29147193,0.299961,0.3050669,0.3062962,0.30351987,0.29700938,0.28745696,0.27596346,0.26396686,0.25307846,0.24480382,0.24018641,0.23951408,0.24226776,0.24736404,0.25354806,0.25973678,0.2652078,0.2696335,0.2730043,0.2754901,0.2772871,0.27849442,0.27905855,0.27880076,0.27751634,0.2751103,0.27172485,0.2678157,0.26414058,0.26163495,0.26118022,0.26332447,0.2680716,0.27484673,0.28265384,0.29034078,0.29685977,0.30145437,0.30375385,0.30378455,0.3019125,0.29873475,0.29493922,0.29116017,0.28786436,0.28529882,0.28351197,0.2824306,0.28195378,0.28202078,0.28262714,0.28378937,0.28548294,0.28759056,0.28989434,0.2921258,0.2940623,0.29563865,0.29703438,0.29869804,0.3012803,0.30547035,0.311769,0.32027468,0.3305706,0.34175983,0.3526246,0.36184093,0.36818314,0.37068066,0.36871773,0.36208025,0.35096037,0.33592886,0.3178867,0.2980065,0.27767125,0.2584107,0.2418193,0.2294187,0.22242974,0.22148506,0.22642243,0.23631023,0.24969359,0.2649001,0.28027534,0.29432902,0.30583096,0.3138922,0.31804618,0.31832784,0.31533617,0.31025314,0.30477145,0.3008682,0.3003858,0.3044938,0.3132667,0.32562786,0.33968112,0.35321215,0.36413118,0.37076852,0.37204188,0.36754215,0.35757282,0.34315765,0.3260095,0.30842337,0.29301527,0.28222054,0.27758583,0.27917117,0.2855005,0.29412392,0.30238092,0.3079654,0.3092026,0.30513144,0.29549697,0.28071374,0.26182714,0.24047835,0.2188534,0.19954093,0.18513873,0.17747326,0.17671898,0.18121412,0.18826124,0.1951653,0.19983062
107,0.17568666,0.1703681,0.16271697,0.15477088,0.14920942,0.14878252,0.1551838,0.16814753,0.18570876,0.20522812,0.22420321,0.24061458,0.25302282,0.26060054,0.2631684,0.26124704,0.2561082,0.24977538,0.24486476,0.24411343,0.249564,0.261763,0.27955788,0.30061972,0.32221675,0.3417961,0.35729071,0.36725175,0.3709025,0.36816153,0.35965046,0.34668234,0.33120757,0.31566885,0.30268624,0.294518,0.29239982,0.29610515,0.30405784,0.3139282,0.32331464,0.33021194,0.33322513,0.33161628,0.32526872,0.31461856,0.3005758,0.28444204,0.2678201,0.25249413,0.240243,0.23255701,0.23029944,0.23346867,0.24122612,0.252177,0.2647192,0.27730063,0.2885559,0.29736763,0.30290148,0.30463988,0.30241963,0.29646805,0.2874255,0.27633828,0.2645969,0.25378734,0.24543044,0.240637,0.23980333,0.24252464,0.2477986,0.25439847,0.2612187,0.26747727,0.27276522,0.2769849,0.28022736,0.28263393,0.2842842,0.28514287,0.2850796,0.28395197,0.28172114,0.27856058,0.27491805,0.2714981,0.26914498,0.26863483,0.27043444,0.27452436,0.28037378,0.28708038,0.2936043,0.2990034,0.3026059,0.30410048,0.3035468,0.30132002,0.29800487,0.29425943,0.2906778,0.2876852,0.28549495,0.28413498,0.2835248,0.28356284,0.28418466,0.28537053,0.2871063,0.28932485,0.29186368,0.29446894,0.29685497,0.2988046,0.3002788,0.30149665,0.3029493,0.30532175,0.30931854,0.31543162,0.3237284,0.33374882,0.34455338,0.35489324,0.36343086,0.3689456,0.37048867,0.36747968,0.35974967,0.3475415,0.33147877,0.31251407,0.29186857,0.27097085,0.25139505,0.23477975,0.22268483,0.21634577,0.21636423,0.22249916,0.23372066,0.24848974,0.2650759,0.28178462,0.2970914,0.30973047,0.31877455,0.32371834,0.32456118,0.3218748,0.3168286,0.31112695,0.30679405,0.3057618,0.3093206,0.31766185,0.32977998,0.3437845,0.35741132,0.36848882,0.3752543,0.3765339,0.3718349,0.36138934,0.3461673,0.32785752,0.30878276,0.2916715,0.27917832,0.27313992,0.2738626,0.27995908,0.2889021,0.29786703,0.30437508,0.30660626,0.30348694,0.29467624,0.28052214,0.26201734,0.24076313,0.2189246,0.19910927,0.18400937,0.17563877,0.17438781,0.1787175,0.18591814,0.19320805,0.19839567
108,0.1758158,0.17027807,0.16245265,0.1544101,0.14886105,0.14856142,0.15516198,0.16832064,0.18600927,0.2055608,0.22447182,0.24073592,0.2529348,0.26026922,0.26259628,0.2604833,0.25525978,0.24901357,0.24441473,0.24421084,0.25038123,0.26334715,0.28182685,0.3034077,0.32532594,0.34503084,0.36047497,0.37023824,0.37357938,0.3704596,0.36155167,0.34822935,0.33251193,0.31691167,0.3041006,0.2963434,0.29481667,0.2991826,0.30774602,0.31808966,0.32776627,0.33475807,0.33767837,0.3358098,0.32906374,0.31790873,0.30328947,0.28654224,0.2693024,0.25338283,0.24058586,0.2324191,0.2297558,0.23259673,0.24010125,0.25087386,0.26331717,0.2758887,0.2872335,0.29624048,0.30207413,0.30420607,0.30245274,0.2970126,0.28849134,0.27789798,0.26658848,0.25612417,0.24802086,0.24341184,0.24274182,0.24566458,0.2512233,0.25820714,0.26549414,0.27226,0.27803937,0.28267732,0.28622013,0.28878868,0.2904732,0.2912797,0.2911407,0.2899834,0.28782827,0.28488192,0.2815869,0.27859735,0.27666602,0.27645513,0.27832747,0.28220266,0.28754947,0.29351762,0.29914948,0.30359182,0.30625284,0.3068846,0.30559167,0.30277637,0.29903474,0.2950243,0.29133096,0.28836995,0.2863475,0.2852897,0.28511772,0.28572932,0.28704926,0.2890298,0.29160962,0.29465914,0.2979487,0.30116484,0.30397993,0.30615747,0.30766097,0.3087295,0.30988565,0.31185046,0.3153635,0.320945,0.32867992,0.3381135,0.34830102,0.35798314,0.36581263,0.3705653,0.37129828,0.36744717,0.3588681,0.34583563,0.32900822,0.3093735,0.2881847,0.2668985,0.24711426,0.23049483,0.21862346,0.21275048,0.21347076,0.22051054,0.23279324,0.24873443,0.26656342,0.28454542,0.30110985,0.31493747,0.32504192,0.33085677,0.33232296,0.32996243,0.32491174,0.31887236,0.3139138,0.31207573,0.31481093,0.32248348,0.33420962,0.3481339,0.3619473,0.37338364,0.38056457,0.38219744,0.37767652,0.36713052,0.35143995,0.33222684,0.31179115,0.29292217,0.27846426,0.27057338,0.26990032,0.2752675,0.28415334,0.29359657,0.30093572,0.3041796,0.3021126,0.29427934,0.28093427,0.26299176,0.24198647,0.22003327,0.19972594,0.18382402,0.17453264,0.17251398,0.17643316,0.18362254,0.19122566,0.19694233
109,0.17633207,0.17057845,0.16264635,0.1546529,0.14933339,0.1494071,0.15641344,0.16988395,0.18772069,0.2072484,0.22598718,0.24196565,0.25380677,0.26075953,0.26273912,0.26038253,0.25509936,0.24905685,0.24497564,0.24557969,0.2527236,0.26664183,0.28589037,0.30797154,0.3301066,0.34976968,0.36495677,0.37430042,0.37711912,0.37344155,0.3640168,0.35030276,0.3344057,0.31891224,0.30652773,0.2994747,0.29880232,0.30400115,0.31322825,0.32398295,0.3337965,0.34066942,0.3432543,0.34088323,0.33352196,0.3216954,0.30640367,0.28903428,0.27126464,0.25493416,0.2418492,0.23349509,0.2307024,0.23342672,0.24079986,0.25142553,0.26372686,0.27619168,0.2874944,0.2965461,0.30252305,0.30489844,0.30348152,0.2984573,0.29041424,0.28034255,0.26957846,0.25966316,0.25209272,0.24798414,0.24777445,0.25111964,0.2570692,0.26441267,0.272016,0.27903104,0.28496298,0.28963152,0.29307175,0.29541573,0.29679093,0.29726318,0.29683846,0.29551768,0.29338086,0.2906669,0.2878124,0.28542128,0.2841532,0.28454998,0.28685483,0.29090068,0.29612187,0.3016858,0.30668825,0.31034538,0.31213588,0.3118749,0.30971974,0.30611524,0.30169138,0.29713294,0.29304892,0.28987446,0.28783327,0.28696567,0.28720105,0.28843465,0.29057217,0.29352552,0.29717106,0.30130053,0.3055995,0.309676,0.31313977,0.3157129,0.3173393,0.3182586,0.3190125,0.32035863,0.3230897,0.3277905,0.33461228,0.3431548,0.35250685,0.36141995,0.3685415,0.37263492,0.3727461,0.36830565,0.35917252,0.34563142,0.32835546,0.308348,0.28687555,0.2654032,0.24553375,0.2289323,0.21718936,0.21157192,0.2126985,0.22031614,0.23335685,0.2502281,0.26913348,0.28829533,0.3060854,0.32111531,0.3323224,0.3390615,0.34119725,0.33918372,0.3341073,0.32765242,0.32192722,0.31908733,0.32077658,0.3275775,0.338776,0.35258442,0.3666603,0.37863672,0.3865036,0.38882905,0.3848715,0.3746318,0.35887235,0.33911246,0.31758144,0.297068,0.28054675,0.2704756,0.2679136,0.27201685,0.28038222,0.28996885,0.29794097,0.30211946,0.30112177,0.2943523,0.28194767,0.26472044,0.24411525,0.22216956,0.20143001,0.18468627,0.17431527,0.17128223,0.17453279,0.18150826,0.18930347,0.1955054
110,0.17722626,0.17129794,0.16335408,0.15556481,0.15067647,0.15132788,0.15889136,0.17274301,0.19072163,0.21016558,0.22863942,0.24422425,0.25559962,0.26207834,0.2636501,0.2610385,0.25574782,0.25003093,0.24664596,0.24825512,0.25653562,0.27149534,0.29151723,0.31402978,0.33625805,0.35572067,0.37047568,0.37922674,0.38137102,0.3770242,0.36703104,0.35295078,0.33698708,0.3217972,0.31009263,0.30400187,0.30438605,0.3105215,0.32040775,0.33147702,0.34126624,0.3478227,0.34986427,0.34679565,0.33865753,0.32604906,0.31004083,0.29208225,0.27389675,0.2573433,0.24421006,0.23592202,0.23322172,0.23598307,0.24329524,0.2537664,0.26585644,0.27810138,0.2892203,0.2981584,0.304114,0.3065719,0.30534577,0.30062124,0.29298607,0.28342873,0.27327994,0.26406518,0.25724798,0.25389564,0.25438863,0.25833574,0.26475745,0.27242914,0.28020865,0.28724116,0.29302773,0.2973922,0.30038872,0.30218825,0.30297753,0.3028974,0.30203497,0.3004666,0.29833004,0.29589313,0.2935835,0.29195192,0.29156214,0.29283038,0.2958702,0.30041075,0.30582866,0.31128255,0.31589714,0.31893906,0.31994584,0.318792,0.3156916,0.31114355,0.30583036,0.30048856,0.29577732,0.29217818,0.28995374,0.28917187,0.28977484,0.29165253,0.29468364,0.29872927,0.30359235,0.3089745,0.31446484,0.31957984,0.32385135,0.32694194,0.3287561,0.32951516,0.32976612,0.3303002,0.33197558,0.33547205,0.341051,0.34841475,0.35672536,0.3647694,0.37119576,0.37474847,0.37444583,0.36969215,0.36032644,0.34662065,0.32924092,0.30918607,0.28771645,0.26628563,0.2464788,0.22994162,0.21825498,0.21270236,0.21395254,0.22182304,0.23530665,0.2528385,0.27261105,0.2928038,0.3117231,0.32790107,0.3401878,0.347848,0.35065815,0.34899196,0.34387255,0.33695427,0.3303736,0.32639992,0.32688147,0.33265075,0.34320346,0.35685298,0.37123975,0.3838973,0.39267558,0.39599067,0.39295092,0.38341326,0.3680036,0.3481138,0.3258651,0.30398846,0.28551376,0.27313843,0.2683361,0.27069116,0.2780445,0.287364,0.29567412,0.3006078,0.30060032,0.2948966,0.28349617,0.26709136,0.24701798,0.22521459,0.20415094,0.18660574,0.17508678,0.17085952,0.17320532,0.17974648,0.18757072,0.1941607
111,0.17849,0.17246857,0.16463119,0.15719779,0.15290418,0.15426898,0.16246396,0.1767067,0.19479197,0.21409242,0.23223232,0.24735597,0.25820875,0.26417628,0.2653319,0.26249436,0.2572672,0.25198382,0.24941872,0.2521359,0.26160088,0.2775833,0.29830468,0.32113948,0.34333432,0.36246607,0.37666672,0.38472253,0.38612118,0.3810776,0.3705434,0.35618755,0.3403115,0.32562888,0.31482327,0.30988035,0.31142962,0.31851625,0.32899362,0.34025237,0.34986177,0.3559387,0.3572851,0.35339373,0.34439301,0.33096683,0.31426367,0.29579797,0.2773356,0.26074204,0.24776232,0.23972751,0.23725972,0.24013208,0.24738988,0.25765705,0.26944527,0.2813519,0.2921506,0.3008278,0.30661023,0.30900148,0.30782884,0.3032905,0.2959876,0.28692153,0.27742854,0.26902065,0.26311657,0.26070508,0.26207083,0.26673725,0.27366942,0.28161797,0.28943703,0.29627997,0.3016654,0.3054463,0.30772114,0.30872256,0.30871433,0.30792373,0.30652416,0.30466717,0.30254456,0.300448,0.2987908,0.2980663,0.29873884,0.30109566,0.3051155,0.31041417,0.31629598,0.32189217,0.32633692,0.32893047,0.32925704,0.32724443,0.32316396,0.3175756,0.31122774,0.30492705,0.2994044,0.2952089,0.29265913,0.29186112,0.2927731,0.2952769,0.29921815,0.30440018,0.31054637,0.31726333,0.32403898,0.33029166,0.3354657,0.33915064,0.3411951,0.3417848,0.34145728,0.34102964,0.3414303,0.34345445,0.34750903,0.35344166,0.36052734,0.36761463,0.37336472,0.37649828,0.3759921,0.37120432,0.36193156,0.3484105,0.33127874,0.31151053,0.29034138,0.26919544,0.24962199,0.23322847,0.22157004,0.21594125,0.21707661,0.22490065,0.23851068,0.2564036,0.27677915,0.29777983,0.31764618,0.33482778,0.34808356,0.35658368,0.36001134,0.35865328,0.35346088,0.34604803,0.33856738,0.33339185,0.33257276,0.33720708,0.3470279,0.36047795,0.37519914,0.38863248,0.3984874,0.40302384,0.40119445,0.39270595,0.3780394,0.3584466,0.335918,0.3130842,0.29295897,0.27839145,0.27121684,0.27148473,0.27738836,0.28601146,0.2943015,0.29972592,0.3005379,0.29581398,0.2854049,0.26987103,0.25042716,0.22889844,0.20765552,0.18942808,0.1768015,0.17130409,0.17257318,0.17847487,0.18614307,0.19297972
112,0.18007481,0.17407294,0.16646916,0.15952028,0.15592563,0.15805523,0.16687387,0.18146168,0.19959547,0.21869911,0.23646452,0.251103,0.261428,0.2668995,0.26767522,0.26466757,0.25957298,0.25479016,0.25308505,0.2568974,0.26747206,0.28435668,0.30563956,0.32866427,0.3507122,0.36942548,0.38301438,0.39035168,0.39101952,0.3853355,0.37436017,0.3598698,0.34425306,0.33025676,0.32050046,0.31678963,0.31950375,0.32746688,0.33841443,0.34972477,0.359022,0.36450776,0.3650783,0.3603215,0.3504583,0.33625942,0.31895038,0.3001056,0.28152236,0.26505393,0.25237772,0.24470599,0.24252503,0.24550694,0.2526644,0.2626515,0.2740435,0.28550637,0.29587197,0.30417022,0.30965835,0.31186265,0.3106305,0.3061816,0.29914156,0.2905354,0.28171256,0.27417114,0.26927322,0.2679064,0.27023175,0.27566248,0.28309205,0.2912412,0.2989646,0.30543578,0.31020793,0.3131826,0.3145221,0.3145378,0.3135837,0.31198123,0.30999222,0.30784112,0.30576837,0.3040827,0.30317688,0.30348206,0.30536082,0.30897093,0.31415603,0.3204159,0.32697496,0.33292493,0.3373948,0.3397041,0.33947212,0.3366723,0.33163056,0.32497045,0.31751356,0.3101483,0.30369166,0.29877478,0.29578432,0.29487163,0.2960128,0.29907954,0.30388105,0.31016067,0.31756222,0.32559925,0.33366045,0.34106627,0.3471695,0.3514784,0.35377347,0.35419017,0.35324213,0.35176152,0.35074383,0.3511089,0.35343263,0.35774225,0.36346176,0.3695297,0.37463343,0.3774702,0.3769644,0.37241068,0.36354297,0.35054147,0.33399516,0.3148351,0.29425538,0.27363583,0.25447574,0.23833011,0.22671442,0.22092447,0.22176225,0.22927818,0.24270524,0.2606332,0.28129196,0.30280054,0.3233415,0.3412867,0.35530737,0.36448172,0.3684006,0.36726308,0.36194557,0.35401434,0.34562668,0.33924407,0.33710796,0.34057707,0.349633,0.3628659,0.37793517,0.39219967,0.40323466,0.40914837,0.40874112,0.401572,0.38797864,0.36907113,0.34670016,0.3233712,0.3020278,0.28558242,0.2761413,0.27419126,0.27833992,0.28588858,0.29379013,0.29939175,0.30078307,0.29687667,0.2873731,0.27269688,0.253937,0.23279826,0.21153903,0.1928104,0.17922099,0.1725,0.17262056,0.17773096,0.18506615,0.1919842
113,0.18187842,0.17602165,0.16876756,0.1623895,0.15952592,0.16238712,0.17175034,0.18659498,0.20470725,0.22357297,0.24095285,0.25512242,0.26495856,0.2699896,0.27044967,0.26733333,0.26241347,0.25813234,0.25722522,0.26199895,0.2734954,0.29107878,0.31274098,0.33581617,0.35762787,0.3758834,0.3888686,0.39553913,0.39556745,0.38936833,0.37810308,0.3636425,0.3484425,0.33525464,0.32660392,0.32409737,0.32787287,0.3365657,0.3478305,0.3590611,0.36795172,0.37279585,0.3725861,0.3670046,0.35636157,0.34150892,0.32374063,0.30467847,0.2861341,0.269928,0.25764954,0.25037986,0.24847175,0.2515113,0.25849718,0.2681277,0.27904817,0.2899943,0.29985407,0.30769828,0.31281316,0.3147483,0.31337437,0.30893835,0.3020975,0.2939078,0.2857357,0.27906382,0.27518854,0.27488202,0.27816662,0.2843336,0.29219818,0.3004499,0.307948,0.3138946,0.3178893,0.31989565,0.3201532,0.31906357,0.31707886,0.3146182,0.31203097,0.30960962,0.30763602,0.30642825,0.30635208,0.30777293,0.31095186,0.31592083,0.32239333,0.32975608,0.33715194,0.34362632,0.34829262,0.35047787,0.34982568,0.346347,0.34041715,0.33272168,0.32415712,0.31569836,0.30825505,0.3025477,0.29903695,0.29792255,0.2991987,0.30272567,0.30827582,0.3155351,0.32407376,0.33332083,0.3425744,0.35106295,0.35804993,0.3629594,0.36549652,0.36573595,0.36415517,0.36158925,0.35909215,0.35770717,0.3581897,0.36076918,0.3650472,0.37007755,0.37458897,0.37725788,0.37694877,0.37287885,0.3647019,0.3525236,0.3368666,0.31860283,0.29887116,0.27899575,0.26041618,0.24462612,0.23309116,0.22709677,0.22750363,0.23449005,0.2474412,0.26506513,0.28564677,0.30730185,0.32817003,0.34655777,0.36105865,0.3706674,0.37488955,0.37384117,0.36832532,0.3598579,0.35059187,0.34306085,0.33967552,0.3420385,0.35037243,0.36341769,0.37885976,0.39398625,0.4062501,0.41362017,0.4147568,0.4090828,0.39680213,0.3788905,0.35706136,0.33368567,0.3116033,0.29371896,0.28230998,0.2782256,0.2804918,0.286699,0.29388937,0.29935133,0.30104694,0.2977437,0.2890016,0.27511433,0.25704774,0.23638688,0.21527317,0.19626045,0.18193397,0.17415196,0.1731692,0.17742035,0.18428531,0.19112182
114,0.18376529,0.17817177,0.17135385,0.16557857,0.1634062,0.16689494,0.17667289,0.19166216,0.20968217,0.22828528,0.24529633,0.25904658,0.26846567,0.27313742,0.2733561,0.2701784,0.26542976,0.26157215,0.26129633,0.26678747,0.27892542,0.2969433,0.318776,0.34176537,0.3632784,0.3810814,0.39352664,0.3996421,0.39917856,0.39263386,0.3812528,0.36697906,0.3523094,0.33997285,0.33238086,0.3309461,0.33559695,0.34482574,0.35624507,0.36728606,0.3757212,0.37993503,0.37901148,0.37271923,0.3614476,0.34611744,0.32807612,0.3089751,0.29062065,0.27478153,0.26294675,0.2560679,0.25438073,0.2574095,0.26415917,0.27338246,0.2837958,0.29419988,0.30353227,0.31089786,0.31560707,0.31723022,0.3156613,0.31117675,0.30446902,0.29662842,0.28904063,0.28317183,0.2802496,0.28092685,0.28508517,0.29189345,0.3000894,0.30833238,0.31548882,0.32079422,0.32390106,0.3248426,0.32394284,0.32169926,0.31866482,0.31535548,0.3122035,0.30956176,0.30774444,0.30707052,0.3078732,0.31045094,0.31496733,0.32133693,0.32915318,0.3376978,0.34603527,0.35316232,0.35816988,0.36038345,0.3594616,0.35544434,0.34874982,0.34012085,0.3305258,0.32102436,0.31261823,0.30611688,0.30205414,0.3006763,0.30199334,0.30585286,0.31199235,0.32004687,0.32952464,0.33978415,0.35004738,0.35946286,0.3672122,0.37263831,0.3753694,0.37541413,0.37320518,0.3695698,0.36560875,0.3624801,0.36111745,0.3619616,0.36480924,0.36884835,0.37286153,0.3755079,0.37558714,0.37222856,0.36499268,0.3538965,0.33938244,0.322251,0.30357546,0.2846164,0.26674858,0.25140008,0.2399811,0.23375677,0.23363268,0.23990493,0.25211376,0.2691022,0.28923342,0.31064302,0.33144802,0.34990677,0.36455083,0.3743051,0.37860164,0.37748328,0.37168625,0.3626782,0.35260275,0.34405068,0.33957633,0.3409958,0.34874567,0.36170107,0.37757087,0.39358005,0.40707543,0.41590682,0.41861525,0.41450697,0.4036699,0.38695997,0.36596408,0.34292138,0.3205526,0.30170548,0.28874078,0.28277478,0.2832075,0.28794694,0.29419145,0.2992359,0.3009625,0.298025,0.28986314,0.27665356,0.2592489,0.23912168,0.21829931,0.19922984,0.18444031,0.17584898,0.17391771,0.17733818,0.18365806,0.1902764
115,0.18561341,0.18037757,0.17404196,0.16884606,0.16726488,0.1712279,0.18126273,0.19627741,0.21414308,0.2324782,0.24916236,0.2625696,0.27166674,0.2760742,0.27612382,0.27290773,0.26827583,0.26468703,0.2647843,0.2706602,0.28309008,0.30123606,0.3230143,0.34578714,0.36696142,0.38435096,0.39635974,0.40207136,0.40129596,0.394593,0.3832659,0.36930352,0.3552153,0.3436857,0.3370091,0.33642873,0.34171188,0.3512591,0.3626761,0.37344664,0.381422,0.3850712,0.38355833,0.37672526,0.36502504,0.3494301,0.3313222,0.31236225,0.29433206,0.27893493,0.26755717,0.26103398,0.25950974,0.2624737,0.26895484,0.2777655,0.28768906,0.29758203,0.30642083,0.31333497,0.31765127,0.3189553,0.31716108,0.3125731,0.30591878,0.29832342,0.29119328,0.28598073,0.28384954,0.28534177,0.29020834,0.29750478,0.30589655,0.31401494,0.32073414,0.32532385,0.32749116,0.32734102,0.32528335,0.3219114,0.31787652,0.31378588,0.310146,0.30735958,0.30576217,0.30566478,0.30736357,0.3110921,0.31692475,0.32467204,0.33382234,0.34356487,0.3528931,0.3607564,0.36621988,0.36860108,0.3675658,0.36317527,0.3558831,0.3464822,0.33600602,0.32559225,0.31632727,0.30910188,0.30451515,0.30285257,0.30413392,0.30819184,0.31473202,0.32334825,0.33350185,0.34449983,0.35550743,0.36561054,0.37392238,0.37971362,0.3825402,0.38234505,0.3795126,0.37485445,0.36950675,0.36472902,0.3616223,0.360835,0.36236304,0.36553675,0.36919898,0.37199312,0.37265056,0.37020612,0.36411852,0.3543071,0.34112543,0.3252946,0.3078161,0.2898829,0.27280337,0.2579402,0.24664736,0.24016339,0.2394251,0.24483043,0.2560671,0.27211973,0.2914477,0.31222817,0.33257723,0.35072544,0.36516106,0.3747568,0.37888733,0.3775363,0.3713849,0.36185953,0.3510944,0.3417254,0.3364231,0.33717477,0.34458506,0.35762772,0.3740194,0.39092803,0.40561494,0.4158385,0.42004982,0.41746598,0.4080832,0.39265883,0.37267008,0.35023513,0.32795325,0.3085863,0.2945105,0.2870154,0.2858023,0.28908387,0.29425353,0.2986693,0.30018458,0.29737857,0.2895996,0.2769287,0.26012176,0.24055175,0.22014128,0.20123224,0.1862705,0.17717479,0.17453298,0.17723936,0.18300824,0.1893123
116,0.18736851,0.1825527,0.17670393,0.17201765,0.17088637,0.17514439,0.18527026,0.20019741,0.21786246,0.23594558,0.2523687,0.26553228,0.27442098,0.27866873,0.27861777,0.2753651,0.27075478,0.2672225,0.26736858,0.2732345,0.2855586,0.3034962,0.3249824,0.34741008,0.36821857,0.3852536,0.3969515,0.40242952,0.4015327,0.39485475,0.38372785,0.37015507,0.35663155,0.34578356,0.33979976,0.33979458,0.34543177,0.35507149,0.3663424,0.37678954,0.38433826,0.3875298,0.3855932,0.3784258,0.36652523,0.35089514,0.33293056,0.3142823,0.29669186,0.28179017,0.27086776,0.26466483,0.26326355,0.26614368,0.2723713,0.28081852,0.29032704,0.2997966,0.30822945,0.31476748,0.31874397,0.3197518,0.31771868,0.31297198,0.30627024,0.29877183,0.29190522,0.28711665,0.28552088,0.28756967,0.2929049,0.3004852,0.30891216,0.3167911,0.32300225,0.32684684,0.3280835,0.32688576,0.32374564,0.3193468,0.3144311,0.30968687,0.30568218,0.30285555,0.30155087,0.30206203,0.30464527,0.3094742,0.31654674,0.32558742,0.3359987,0.3468939,0.35720652,0.36584356,0.37184417,0.37451425,0.37352106,0.3689403,0.3612531,0.3512943,0.34015274,0.32903284,0.3190928,0.3112905,0.30627543,0.30435884,0.30556032,0.30969313,0.3164342,0.32534704,0.33586395,0.34726295,0.35867617,0.3691491,0.3777457,0.3836793,0.38644424,0.38592434,0.38245752,0.37683636,0.37022305,0.3639637,0.35930946,0.3571008,0.35752293,0.3600428,0.3635606,0.3667007,0.3681232,0.36676526,0.36198118,0.35359004,0.3418539,0.32741204,0.31119236,0.29432034,0.2780398,0.26365197,0.25245774,0.2456675,0.24423903,0.24865526,0.25873727,0.27360892,0.29183516,0.31165162,0.3311931,0.34868255,0.36258513,0.3717411,0.375487,0.37376577,0.3672196,0.35724652,0.34597623,0.33608124,0.33031833,0.33079293,0.33821192,0.35159189,0.36863056,0.38644335,0.40223226,0.4136998,0.4192439,0.4180269,0.40998337,0.395798,0.37686035,0.35518417,0.33325383,0.31373137,0.29896033,0.29032186,0.28773555,0.28967643,0.2937422,0.2973938,0.29850262,0.29561514,0.28802213,0.27573597,0.25943783,0.24041907,0.22051147,0.20195672,0.18710566,0.17782894,0.17476206,0.17693399,0.18220454,0.18813977
117,0.18908376,0.18471797,0.1793261,0.1750486,0.1742057,0.1785741,0.18863286,0.2033754,0.22081421,0.23868471,0.2549366,0.26797852,0.27679116,0.2809967,0.28091827,0.27762538,0.27292535,0.26921183,0.26905128,0.27448028,0.28627226,0.3036429,0.32458583,0.3465345,0.36695173,0.38369673,0.3952151,0.4006318,0.39979815,0.39331093,0.38249817,0.36934564,0.35631025,0.3459543,0.3403833,0.34063333,0.34632626,0.35583082,0.36682397,0.37691575,0.38409635,0.38696355,0.38479242,0.37751514,0.3656526,0.35021776,0.33259845,0.3144175,0.2973653,0.28300023,0.27253085,0.2666281,0.265341,0.26816148,0.27420098,0.28238732,0.29160866,0.30079326,0.30895427,0.31523278,0.318957,0.3197171,0.31744537,0.3124833,0.305613,0.2980211,0.2911601,0.2864822,0.28507745,0.28734007,0.292835,0.30044723,0.30872598,0.31625223,0.32190865,0.32502168,0.32539457,0.32326168,0.31918842,0.31393847,0.30833212,0.3031237,0.29892617,0.2961965,0.2952719,0.29641932,0.29985353,0.30569604,0.3138848,0.32408023,0.33562207,0.34756774,0.35880524,0.36820766,0.3747913,0.37784967,0.377048,0.3724705,0.36461878,0.35435987,0.34282643,0.33127487,0.32091758,0.31275907,0.30747867,0.30539435,0.3065117,0.31061804,0.31736377,0.32629323,0.33682874,0.34824353,0.35966358,0.3701204,0.37865275,0.3844373,0.38692334,0.38594794,0.38181016,0.375285,0.36755466,0.36003754,0.35411334,0.3507893,0.35041508,0.3525738,0.35620755,0.35991272,0.36227465,0.36213413,0.35874492,0.35183054,0.341566,0.3285124,0.31352755,0.29767296,0.2821334,0.2681552,0.25699306,0.24983214,0.24764547,0.25098625,0.25979206,0.27331564,0.2902281,0.30883276,0.32729766,0.34385574,0.35696843,0.36546427,0.36866313,0.36648875,0.35956523,0.3492797,0.3377673,0.32773042,0.32197785,0.32266647,0.3305205,0.34452885,0.36233896,0.38102296,0.39775744,0.41023207,0.41683444,0.41671076,0.40976796,0.39664733,0.37867585,0.35778323,0.3363515,0.31693897,0.30182365,0.29241174,0.28875956,0.28954554,0.29255667,0.29537785,0.29593578,0.29278353,0.28519002,0.27312928,0.25723332,0.23873395,0.21938986,0.20135257,0.18687016,0.17772548,0.17453015,0.17637679,0.18123741,0.18677953
118,0.19092685,0.1870145,0.1820268,0.17804368,0.17732717,0.18163319,0.19148587,0.2059691,0.2231797,0.24090116,0.257096,0.27016172,0.27905297,0.28335455,0.2833412,0.28002292,0.27513975,0.27102363,0.27021304,0.27478185,0.28560892,0.3020407,0.32217398,0.34349683,0.36348757,0.37999928,0.39146143,0.39697835,0.39637667,0.39022312,0.37980804,0.36706892,0.3544036,0.3443098,0.33883837,0.33900172,0.34444153,0.35358256,0.36417228,0.37388682,0.3807693,0.38345572,0.38124594,0.37408483,0.36249387,0.34747392,0.33038628,0.3128115,0.2963824,0.28259018,0.2725793,0.26697814,0.2658293,0.26865402,0.27461323,0.2826834,0.29178566,0.300861,0.30891848,0.31508514,0.31867224,0.3192562,0.31676245,0.3115349,0.30436727,0.29646593,0.28930706,0.2843631,0.28273082,0.28479004,0.29007146,0.2974173,0.30533957,0.31239724,0.31747013,0.31990105,0.3195272,0.3166322,0.31184193,0.3059856,0.299945,0.29452154,0.29035208,0.28789178,0.28745392,0.2892684,0.29350787,0.30025163,0.30939686,0.32056487,0.3330587,0.34590295,0.35795784,0.3680742,0.37525183,0.37877387,0.37830195,0.37392476,0.3661571,0.35588834,0.34428114,0.33262625,0.32216817,0.31393325,0.30860502,0.30648595,0.30755165,0.31155592,0.31812418,0.32679182,0.33698925,0.3480091,0.35899898,0.36900562,0.37707043,0.3823588,0.3842971,0.38269344,0.37782094,0.3704436,0.36176154,0.35325277,0.3464011,0.34234658,0.34156448,0.3437176,0.34776232,0.3522522,0.35569543,0.35684326,0.3548606,0.34938824,0.3405258,0.32876605,0.31490472,0.2999471,0.2850268,0.27134448,0.26011822,0.25251433,0.24952005,0.2517476,0.25923324,0.27134255,0.28684428,0.30410996,0.3213485,0.33681583,0.34898666,0.3566979,0.3592752,0.35664716,0.34944394,0.3390631,0.32765734,0.31795016,0.31275877,0.31420863,0.32294226,0.33784667,0.35649624,0.37594098,0.39337543,0.4065244,0.41380998,0.41440174,0.40821326,0.39587262,0.3786706,0.35847524,0.3375819,0.31844738,0.30326214,0.2934035,0.28899035,0.28883946,0.29089627,0.29287428,0.29278174,0.28921247,0.28144738,0.26945364,0.25384194,0.23580895,0.21706049,0.19967015,0.18577828,0.17704578,0.17399698,0.17572172,0.1802676,0.18540415
119,0.19314514,0.18967114,0.18502466,0.18122388,0.18048766,0.18458365,0.19411896,0.20829436,0.22529896,0.2429579,0.25923207,0.27248973,0.28163838,0.28620175,0.28637967,0.28309372,0.2779877,0.2733099,0.27156794,0.27490205,0.28435716,0.29948127,0.31852713,0.33905953,0.35856926,0.37488514,0.38639534,0.39215416,0.3919324,0.38623407,0.37627903,0.36392736,0.35149878,0.34142724,0.3357369,0.33546907,0.34034535,0.34889272,0.35895145,0.3682647,0.37491575,0.3775592,0.3754976,0.3686655,0.3575627,0.34315744,0.32676756,0.30992016,0.29418814,0.2810037,0.2714664,0.2661871,0.26522484,0.2681435,0.27415457,0.28227457,0.29144403,0.30060214,0.30874032,0.3149598,0.31854427,0.31904554,0.31637007,0.3108495,0.30327338,0.2948538,0.28708515,0.2814713,0.2791489,0.28053352,0.28517446,0.2919113,0.29924,0.30570242,0.31017026,0.3119919,0.31102523,0.30758807,0.30235037,0.29618865,0.29002553,0.2846865,0.28080836,0.27882126,0.2789966,0.28151682,0.28651276,0.29403254,0.30395296,0.3158824,0.32911506,0.3426678,0.35539335,0.36613482,0.3738847,0.37792033,0.37790042,0.373915,0.36648515,0.35651165,0.34517172,0.33376974,0.32355705,0.31555375,0.31042045,0.3084219,0.30948934,0.31333712,0.31956723,0.32771468,0.33723262,0.34745392,0.35757378,0.36668274,0.37385476,0.3782725,0.37936562,0.3769359,0.37124842,0.3630673,0.35361236,0.34441006,0.3370214,0.3326766,0.33192417,0.33445576,0.33920458,0.34466413,0.34926733,0.35169032,0.35102934,0.34686297,0.33923385,0.32858142,0.3156517,0.30140406,0.28693116,0.27339903,0.26200035,0.25389206,0.2500779,0.25122097,0.25743848,0.26818818,0.2823201,0.2982656,0.3142747,0.32863387,0.33984452,0.34677023,0.34876457,0.34578565,0.33849496,0.3283221,0.31744632,0.3085946,0.30453348,0.3072599,0.31723502,0.3331877,0.3526201,0.37259832,0.3903845,0.4037858,0.41129968,0.4121541,0.40630034,0.39438102,0.37767607,0.35801414,0.3376205,0.31885555,0.3038063,0.2937773,0.28888452,0.28801972,0.28924853,0.2904064,0.2895994,0.28548932,0.2773999,0.2653214,0.24987136,0.23223673,0.21409152,0.1974435,0.18432005,0.17622861,0.17355157,0.17532022,0.17962581,0.18433718
120,0.19599196,0.19292977,0.18856092,0.18484402,0.18396898,0.18774125,0.19688089,0.21072757,0.22757041,0.2452714,0.26177746,0.27541143,0.28501582,0.29003376,0.29056883,0.2874308,0.28214264,0.27684584,0.2740034,0.27583018,0.28357783,0.2970597,0.31474417,0.33430701,0.3532576,0.369388,0.38102242,0.38713828,0.3874211,0.38228217,0.37284112,0.36085415,0.34854454,0.33828047,0.33208102,0.33106077,0.33507568,0.3428007,0.35219365,0.36106828,0.3675369,0.3702541,0.368503,0.3621855,0.3517587,0.33813974,0.3225885,0.3065704,0.29159802,0.27905396,0.27001026,0.26508173,0.26436207,0.26746747,0.27365965,0.2819873,0.2913989,0.30082026,0.30921528,0.3156509,0.31937557,0.31990755,0.31712246,0.3113243,0.30327955,0.29418638,0.28554335,0.27888757,0.27542165,0.27564698,0.2791914,0.2849427,0.29141134,0.29713306,0.3009682,0.3022598,0.30087143,0.29713777,0.29175353,0.28562087,0.27967936,0.2747527,0.2714513,0.2701572,0.27108237,0.2743535,0.28006062,0.2882316,0.2987421,0.31121263,0.32495543,0.3390054,0.3522294,0.36347935,0.37175187,0.37632507,0.37685677,0.3734359,0.366583,0.357198,0.34645504,0.33564907,0.32601118,0.31852728,0.31381053,0.31207117,0.31318787,0.31683448,0.3225927,0.3300029,0.3385503,0.34762192,0.35647988,0.36428335,0.3701667,0.37335917,0.3733221,0.36987698,0.36330244,0.35437763,0.34434667,0.33477357,0.32726568,0.32309186,0.3228098,0.32607922,0.3317701,0.33830288,0.34404558,0.34762287,0.3480903,0.34499103,0.3383333,0.32852173,0.31626713,0.30249542,0.28826973,0.27473342,0.26306623,0.25442633,0.24983867,0.2500107,0.25512278,0.26470038,0.27765182,0.29245254,0.30738726,0.32077524,0.33115408,0.33742937,0.33900228,0.33588284,0.3287859,0.31918857,0.30929458,0.30179968,0.29934433,0.3036998,0.31507286,0.33201924,0.35200253,0.37215596,0.3898562,0.40303046,0.41028178,0.41092247,0.40496522,0.39309007,0.37658805,0.35726842,0.33730182,0.3189572,0.30420488,0.2942397,0.28911895,0.28775236,0.2882876,0.28866994,0.28711194,0.28236434,0.2738195,0.261518,0.24611072,0.2287994,0.21124586,0.19540173,0.1831734,0.17588514,0.17373359,0.17565145,0.1797514,0.18399885
121,0.19963318,0.1969482,0.19279662,0.189083,0.18798088,0.19135273,0.20005274,0.21357591,0.23031826,0.24817544,0.26507074,0.27926895,0.28953397,0.29521447,0.29630357,0.29348406,0.28814083,0.28228846,0.2783233,0.2785211,0.28435144,0.2959375,0.31202254,0.33043882,0.34873384,0.36466008,0.37646192,0.38301805,0.38390458,0.37941492,0.37054414,0.35892203,0.34665844,0.3360489,0.32911724,0.327081,0.32997414,0.33666247,0.34524974,0.35362926,0.35993585,0.3628082,0.36149043,0.35583165,0.3462275,0.333528,0.31892353,0.3038115,0.28964496,0.27776477,0.26922932,0.26467314,0.2642378,0.26759848,0.2740669,0.2827186,0.2925031,0.30232635,0.31111997,0.31791312,0.32191503,0.32260472,0.31981787,0.3138168,0.30532545,0.29550478,0.2858348,0.27787304,0.2728975,0.27153364,0.27354634,0.27793097,0.28325546,0.2880699,0.2912263,0.29205385,0.2904068,0.2866179,0.28138503,0.27561185,0.27022848,0.26602966,0.26357427,0.26317605,0.26497528,0.2690382,0.27541688,0.28412816,0.29506144,0.3078693,0.32190493,0.3362444,0.3497895,0.3614182,0.37014365,0.3752525,0.3764044,0.3736849,0.36760607,0.35905358,0.34917912,0.33924428,0.330434,0.32367647,0.31952143,0.3181182,0.31929508,0.32269135,0.3278742,0.33439273,0.3417663,0.34944043,0.3567536,0.36294946,0.3672446,0.3689409,0.36755875,0.36296618,0.35547858,0.34590662,0.33552346,0.32591748,0.3187057,0.3151358,0.3157039,0.3199776,0.32673168,0.33431348,0.34104803,0.34554058,0.34683853,0.3444785,0.33845818,0.32916617,0.31729338,0.3037449,0.28956637,0.2758905,0.26389652,0.25475466,0.24951567,0.24892502,0.25320676,0.26192656,0.2740235,0.2879968,0.30215496,0.3148483,0.32465637,0.3305376,0.33195534,0.3289872,0.32241368,0.31376088,0.30523607,0.29945096,0.29884186,0.30488604,0.31751844,0.33515844,0.355289,0.37515977,0.39229494,0.40476283,0.4112876,0.41128,0.40482888,0.3926677,0.37611547,0.35697812,0.33738354,0.31951183,0.30520362,0.29551208,0.29038975,0.28871793,0.2886936,0.28835908,0.28603765,0.28058413,0.27148008,0.25883922,0.24336897,0.22630706,0.20931923,0.19430597,0.18304144,0.17664082,0.17508586,0.1771895,0.18107498,0.18480167
122,0.20406482,0.2017133,0.19771989,0.19394334,0.19255248,0.1954801,0.20372699,0.21695326,0.23366591,0.25179186,0.26922384,0.28415987,0.29527673,0.30182102,0.30366892,0.30137032,0.29616484,0.28992748,0.28496596,0.28358716,0.28745902,0.2970276,0.3113558,0.32848248,0.34602526,0.36170706,0.37368736,0.3807327,0.38229322,0.37852746,0.37028885,0.35906497,0.34683782,0.33581957,0.32803568,0.3248167,0.32640043,0.3318781,0.339529,0.3473415,0.3534733,0.3565373,0.35572377,0.35081264,0.34212288,0.33042508,0.3168312,0.3026665,0.28932512,0.27811173,0.27007955,0.2658925,0.26574764,0.26938355,0.27616268,0.28518653,0.29540443,0.30570245,0.31498083,0.32223237,0.32662773,0.32760498,0.32495442,0.3188864,0.31006643,0.29959556,0.28890815,0.279556,0.27287942,0.2696411,0.269786,0.27247548,0.27638718,0.2801191,0.28252754,0.28292543,0.28114527,0.27749944,0.27266622,0.2675252,0.26297048,0.25974303,0.25833073,0.25896764,0.26171896,0.26659268,0.27360755,0.2827748,0.29400516,0.30699378,0.32114926,0.3356055,0.34931642,0.3612013,0.37030175,0.37592047,0.37772167,0.3757845,0.37060392,0.363037,0.35419372,0.34528062,0.3374161,0.33145705,0.32788622,0.326799,0.32798645,0.33106688,0.3356013,0.34114903,0.34725994,0.35343254,0.35907954,0.36353314,0.36610374,0.3661836,0.36337456,0.35761422,0.3492757,0.33921525,0.32873607,0.31943205,0.3128862,0.31026158,0.3119266,0.317312,0.32508606,0.33354062,0.3409904,0.34605646,0.34780982,0.34580666,0.34005517,0.3309447,0.31916,0.30559757,0.29129675,0.27739114,0.26507074,0.2555268,0.24983826,0.24877948,0.25259632,0.2608649,0.27252632,0.2860822,0.29985332,0.31221735,0.3217976,0.32761085,0.3291887,0.32668045,0.3209291,0.3134923,0.30654234,0.30254927,0.3036921,0.3111427,0.32460913,0.34244633,0.36221647,0.38131854,0.3974371,0.4087851,0.4142091,0.41322142,0.40599316,0.39332026,0.37656048,0.35752726,0.33831254,0.321006,0.3073043,0.29809123,0.29317898,0.29138628,0.29093564,0.28995624,0.2868842,0.28068843,0.27095494,0.25788808,0.2422699,0.22539051,0.2089301,0.19473815,0.18444435,0.17893739,0.17797321,0.18024196,0.1838751,0.18702179
123,0.2090728,0.20699759,0.20309806,0.19919787,0.19747257,0.1999344,0.20773615,0.22070529,0.2374595,0.25595373,0.27404502,0.28985965,0.30198357,0.30955976,0.31234828,0.31076872,0.30591822,0.29953033,0.29380932,0.29105988,0.2931072,0.30069897,0.31323466,0.3290003,0.34572193,0.361115,0.3732609,0.38081166,0.38308516,0.38009712,0.372552,0.36178774,0.34965006,0.33825678,0.32962185,0.32517952,0.32537436,0.32954141,0.33616057,0.34333456,0.3492522,0.35249862,0.3522019,0.34806263,0.34031302,0.32963607,0.31706002,0.30383584,0.29129958,0.28072238,0.27315634,0.26929802,0.26940256,0.27327392,0.28032762,0.2896943,0.30032763,0.31109932,0.32088453,0.32864523,0.33351776,0.33490115,0.33253917,0.32658535,0.31763658,0.30671787,0.29519323,0.28457722,0.27624097,0.27106783,0.26919517,0.26999086,0.27229357,0.2747914,0.27636927,0.27633035,0.27447858,0.2710903,0.266803,0.2624486,0.25886253,0.25671473,0.2564141,0.25811678,0.26182115,0.2674862,0.27510285,0.2846775,0.29613993,0.30922678,0.3234043,0.3378712,0.35164335,0.36369187,0.37309608,0.37918067,0.38161585,0.38047096,0.3762154,0.36966407,0.36186948,0.35396752,0.347,0.34175143,0.33864772,0.33774877,0.33883002,0.3415071,0.34534553,0.34991607,0.35479206,0.3595136,0.36355576,0.3663317,0.36724472,0.36578375,0.36164382,0.3548467,0.3458363,0.33552054,0.32522544,0.31652352,0.31091678,0.30942672,0.31224918,0.31866214,0.32724276,0.33626035,0.34405547,0.34929654,0.35110316,0.34907055,0.34323284,0.33399314,0.32204133,0.30827567,0.29373938,0.27957663,0.26699698,0.25721776,0.25134352,0.25016358,0.25392082,0.2621721,0.27383474,0.28739548,0.30117837,0.31358498,0.32328126,0.3293408,0.33135965,0.32954928,0.32479668,0.31865928,0.31323153,0.3108026,0.31328726,0.32159817,0.3352987,0.3527552,0.37165165,0.38954863,0.4042869,0.41421473,0.41829315,0.4161314,0.40798232,0.39470717,0.37770775,0.35880968,0.34007013,0.32348198,0.31058186,0.3020611,0.29756632,0.2958324,0.2950929,0.29355752,0.2897758,0.28283688,0.2724409,0.25889465,0.24306713,0.22631124,0.210327,0.19691008,0.18753724,0.1828666,0.18243532,0.18482041,0.18816225,0.19069187
124,0.21424955,0.21237515,0.20849276,0.20440336,0.20230076,0.20428373,0.21165746,0.22441244,0.24127091,0.26021,0.27904657,0.29583296,0.30906495,0.3177855,0.321645,0.32094213,0.3166424,0.31034595,0.3041498,0.30033055,0.30082297,0.30663043,0.3174736,0.33190468,0.3477909,0.36286828,0.37515706,0.3832035,0.3861969,0.38401282,0.37720892,0.36697537,0.35502118,0.3433632,0.33398765,0.32840946,0.32726127,0.3301186,0.3356742,0.3421629,0.34781787,0.35120213,0.3513816,0.3479742,0.34112188,0.33141714,0.31980336,0.3074576,0.2956594,0.2856479,0.27847424,0.27486652,0.27513623,0.27915224,0.2863858,0.2960025,0.30696848,0.3181506,0.32840812,0.33668068,0.34207684,0.34396115,0.34203342,0.33639032,0.32755715,0.31647488,0.30442172,0.29284817,0.28311855,0.27619836,0.272396,0.27129406,0.2719251,0.27310687,0.2737837,0.2732643,0.27132538,0.2681978,0.26446298,0.26088828,0.25823757,0.25710565,0.25782898,0.26050118,0.26507148,0.27146354,0.27964532,0.28961426,0.30130878,0.31449464,0.3286862,0.34314212,0.35694048,0.36910754,0.3787647,0.38526133,0.3882738,0.38785815,0.38445082,0.3788154,0.3719374,0.36487636,0.35859907,0.35382903,0.35095537,0.3500277,0.35083067,0.35299698,0.3561084,0.35974967,0.36351115,0.36696106,0.36962026,0.37096685,0.37048495,0.36775365,0.36255974,0.3550105,0.34562084,0.33534405,0.32551086,0.3176398,0.31310982,0.312765,0.31661636,0.32380676,0.33285835,0.34205645,0.34979874,0.35482302,0.3563127,0.35391328,0.34769416,0.33808064,0.32577613,0.3116888,0.29687375,0.2824927,0.26977915,0.2599759,0.25420398,0.2532482,0.2573221,0.26593763,0.2779699,0.29188144,0.30599588,0.31873685,0.3288094,0.3353367,0.33796698,0.33695468,0.33320326,0.32823673,0.32404143,0.3227178,0.32595146,0.33447158,0.34778103,0.3643148,0.3819002,0.39825645,0.4113674,0.41970223,0.4223243,0.4189316,0.40985405,0.39601704,0.37886655,0.36024,0.3421557,0.32649896,0.31462988,0.3070288,0.30316153,0.30166844,0.30078757,0.29880545,0.29438466,0.28673708,0.2756815,0.26163357,0.24555597,0.22886978,0.21329701,0.20057802,0.19203685,0.18811145,0.18813987,0.19060025,0.1936405,0.19556098
125,0.21905954,0.21728878,0.21332948,0.20897269,0.20644207,0.20792928,0.21488972,0.22746725,0.24447675,0.26390773,0.2835318,0.30132732,0.31570387,0.32561192,0.330603,0.33086875,0.3272589,0.3212553,0.31485397,0.3102893,0.30956444,0.3138833,0.32324764,0.33646858,0.35157213,0.3663399,0.378753,0.38726836,0.39095965,0.38957337,0.38353133,0.37388626,0.3622182,0.35044318,0.340507,0.3339778,0.33164328,0.3332959,0.33783603,0.34363925,0.348996,0.3524582,0.3530365,0.3502705,0.34421474,0.33537418,0.3246107,0.31303114,0.3018615,0.29231048,0.28542703,0.28196684,0.28229293,0.2863363,0.29362506,0.30336556,0.31454554,0.32603762,0.3366956,0.34544605,0.3513775,0.35382628,0.35245317,0.34730163,0.33882812,0.32788956,0.31567273,0.30354795,0.29284152,0.2845567,0.27912894,0.27633083,0.2753917,0.27528143,0.27503005,0.27397138,0.27186367,0.268892,0.26557618,0.26261425,0.26069942,0.26036158,0.2618843,0.26532248,0.27059823,0.27761376,0.2863175,0.29669085,0.3086659,0.32201874,0.33629343,0.3507941,0.36465162,0.37694275,0.38682866,0.39368248,0.3971849,0.39737555,0.39465395,0.3897286,0.38351682,0.37700638,0.37110075,0.3664819,0.36352682,0.362301,0.36262193,0.36415806,0.3665193,0.36930853,0.37212914,0.37456626,0.37616944,0.37646207,0.37498957,0.37140396,0.3655693,0.35766548,0.34826392,0.33834407,0.3292147,0.32230866,0.3188552,0.3195141,0.32413244,0.33175904,0.34090477,0.34990513,0.357236,0.36171597,0.3625984,0.35958305,0.35277835,0.34263635,0.32987913,0.31543034,0.30036187,0.28585625,0.27317008,0.26356423,0.25816026,0.25771573,0.26239043,0.2716337,0.28427064,0.29873934,0.31336552,0.32659495,0.33716747,0.34424603,0.34751478,0.347249,0.34434277,0.34026232,0.33687508,0.33611104,0.3394804,0.34760332,0.35998628,0.375167,0.3911218,0.4057188,0.41707015,0.4237515,0.42491677,0.4203438,0.41043374,0.39617226,0.37904695,0.36090317,0.34371248,0.3292398,0.31865284,0.31220752,0.3091814,0.30811724,0.3072556,0.30495748,0.29999647,0.29170617,0.28002465,0.26547796,0.2491248,0.23245697,0.21722059,0.20510465,0.19729124,0.19401984,0.19445378,0.19698435,0.1997612,0.20113768
126,0.22292946,0.22114368,0.21699563,0.21227814,0.20925567,0.21021906,0.2167708,0.2291951,0.24638206,0.2663196,0.2867278,0.3055121,0.32100293,0.33206892,0.33817643,0.33942637,0.3365714,0.33099365,0.32460126,0.319583,0.317981,0.32114804,0.32931504,0.3415233,0.3559564,0.37045693,0.38298756,0.3919361,0.39627916,0.39565182,0.39035708,0.381327,0.37002677,0.3582789,0.34798253,0.3407351,0.3374419,0.3380757,0.3417227,0.3468952,0.35194847,0.3554347,0.35632068,0.35407776,0.34868196,0.34055883,0.33049634,0.31953785,0.30886114,0.29964676,0.29294014,0.28951964,0.28979322,0.29374868,0.3009698,0.31070733,0.3219781,0.33366996,0.34464103,0.35381374,0.36026457,0.36330858,0.36257356,0.35805622,0.35015005,0.33963355,0.32760462,0.3153478,0.30413148,0.2949591,0.28834385,0.28420356,0.2819395,0.2806719,0.27952915,0.2778862,0.27549562,0.27250484,0.26937824,0.26675245,0.26526406,0.26539928,0.2674149,0.27135321,0.27712986,0.2846375,0.2938072,0.30459714,0.31691813,0.33053675,0.34500518,0.35965306,0.37364787,0.386105,0.39621758,0.40337726,0.40726554,0.40790334,0.4056527,0.40116897,0.39530775,0.3889969,0.3830946,0.37826374,0.37489355,0.37308845,0.37271872,0.3735045,0.37509492,0.3771167,0.37918544,0.3808953,0.38181007,0.3814787,0.37948516,0.37553042,0.36953175,0.36171722,0.35268906,0.34342465,0.3351819,0.32928482,0.32680663,0.32824206,0.3333161,0.34103215,0.34993005,0.35841984,0.36506677,0.36877334,0.36886224,0.3650866,0.3575935,0.34686285,0.33363757,0.31885925,0.30361813,0.28911623,0.27662697,0.26741603,0.26258546,0.2628426,0.26827544,0.27826288,0.2915828,0.30665684,0.32181972,0.33554208,0.34659526,0.35417235,0.35797876,0.3582922,0.3559787,0.35243484,0.34941384,0.34870455,0.35169342,0.35894793,0.3700179,0.38355848,0.39769155,0.41042233,0.41997823,0.4250298,0.42481187,0.4191747,0.40858522,0.39408556,0.37720144,0.35978132,0.34374157,0.33071402,0.3216606,0.31660396,0.31463116,0.31418848,0.31351855,0.31105426,0.30567595,0.29683498,0.28458548,0.26956198,0.2529188,0.23622018,0.22124135,0.20963103,0.20244965,0.19976544,0.20059,0.20323417,0.20583911,0.20679301
127,0.22533797,0.22340138,0.21893914,0.21375552,0.21016519,0.2105643,0.21669953,0.22898027,0.24634998,0.26677707,0.28792244,0.30762112,0.32413352,0.33625975,0.34339675,0.34557244,0.34346187,0.33836737,0.33212534,0.326883,0.32470343,0.32704574,0.33431718,0.3457479,0.35966152,0.37396505,0.38661793,0.39595875,0.40088817,0.40095103,0.39635253,0.3879244,0.37703538,0.36542708,0.35495248,0.34722117,0.34322158,0.34306604,0.3459939,0.3506382,0.3554182,0.35889485,0.36000356,0.35816076,0.35327682,0.34571007,0.3361856,0.32569265,0.31536764,0.30636668,0.29973096,0.29625675,0.2963895,0.30016652,0.30722323,0.31685513,0.3281127,0.33990577,0.35110486,0.36063606,0.3675711,0.37121058,0.37115654,0.36736614,0.36017838,0.35030198,0.3387533,0.32673356,0.31544396,0.30586174,0.29853487,0.29347715,0.29022127,0.2880159,0.28608418,0.28384972,0.2810712,0.2778716,0.27467427,0.27207196,0.27066645,0.2709261,0.2731074,0.27726355,0.28332067,0.2911713,0.3007311,0.3119298,0.3246457,0.33861914,0.35339054,0.36829433,0.38251555,0.3951925,0.40553835,0.412955,0.41711983,0.41803354,0.41602263,0.41169557,0.40585726,0.39939153,0.3931311,0.38774112,0.38364378,0.38100064,0.37975022,0.37967664,0.3804782,0.38181162,0.38330644,0.38456133,0.3851433,0.3846093,0.3825591,0.3787162,0.3730223,0.36572322,0.35742077,0.34906018,0.34182385,0.3369161,0.33526513,0.33723515,0.3424765,0.34999198,0.3583809,0.366143,0.37193683,0.3747467,0.37396064,0.36938068,0.36118978,0.34989393,0.33625618,0.3212355,0.30593848,0.29158112,0.2794429,0.27077758,0.2666468,0.26768875,0.27390954,0.28461978,0.29856065,0.31415027,0.32974243,0.34383726,0.3552364,0.36315697,0.36731523,0.3679794,0.36597782,0.36263564,0.35960418,0.35856032,0.3608063,0.36689195,0.37642905,0.388191,0.40043548,0.4112926,0.41909415,0.42259654,0.4211087,0.4145482,0.40344417,0.38889298,0.37245667,0.35598385,0.34132943,0.32998264,0.3226897,0.31923518,0.31851634,0.31888527,0.31858605,0.31611893,0.3104646,0.30118516,0.2884446,0.2729813,0.256043,0.23926845,0.22447117,0.2132776,0.20665328,0.20452358,0.20576648,0.20861316,0.21118326,0.21188125
128,0.22588813,0.22365615,0.21874914,0.21298933,0.20874877,0.2085346,0.21423532,0.22636935,0.24390808,0.26477927,0.2865764,0.30706787,0.3244555,0.33748624,0.3455048,0.34848455,0.34704214,0.34241965,0.33639866,0.331093,0.32857707,0.3303835,0.33704752,0.347942,0.36150244,0.37569302,0.38847846,0.39816543,0.40359995,0.40425885,0.40027237,0.39239413,0.38191673,0.37051657,0.36000618,0.35199702,0.34753284,0.3468264,0.3492331,0.3534824,0.35804906,0.36150664,0.36277017,0.36121532,0.356702,0.34953582,0.34039208,0.3302169,0.32011384,0.31121898,0.30456957,0.30097544,0.3009118,0.3044572,0.31129187,0.3207532,0.33192605,0.34374627,0.35510197,0.36492917,0.37230107,0.37651065,0.3771411,0.37411845,0.36773667,0.3586454,0.34779003,0.33629543,0.32529444,0.31572226,0.30812904,0.3025801,0.2986955,0.29581994,0.29325518,0.29047152,0.28724164,0.28367755,0.280179,0.27731577,0.27567863,0.27574265,0.2777871,0.28189462,0.288015,0.2960483,0.30589733,0.31746164,0.33058047,0.34495673,0.3601037,0.37534282,0.3898586,0.40279576,0.41337398,0.4209957,0.42532885,0.42635262,0.42436135,0.4199249,0.41381022,0.4068735,0.39994016,0.39369568,0.38861093,0.38491756,0.38263264,0.38161328,0.38161463,0.3823296,0.38340467,0.3844412,0.38500148,0.38463596,0.3829397,0.37963334,0.37465405,0.36823472,0.36094618,0.35367507,0.34751183,0.34354132,0.34256816,0.3448642,0.35004836,0.35715783,0.3648721,0.37178847,0.37665838,0.37854344,0.3768908,0.37154594,0.36272267,0.3509493,0.3370059,0.32186553,0.30664578,0.29256815,0.28090495,0.27288035,0.2694974,0.27131218,0.27824724,0.28955382,0.30395153,0.3198698,0.33569264,0.34995604,0.36149347,0.3695436,0.37382886,0.37460276,0.37265384,0.36924046,0.36592695,0.36430204,0.36560974,0.3703997,0.37834775,0.38833547,0.3987414,0.40780702,0.41395792,0.41602954,0.41340005,0.40605137,0.39457375,0.3801184,0.36428562,0.3489257,0.3358311,0.32634398,0.32098976,0.31931308,0.32002372,0.32138115,0.32162878,0.3193278,0.31355023,0.30395922,0.2908195,0.27496594,0.2577363,0.24084684,0.22616158,0.21530826,0.20918792,0.20761026,0.20933272,0.21250328,0.21520582,0.2158436
129,0.22435546,0.22168662,0.2162107,0.20977053,0.20479965,0.20392112,0.20916398,0.22113907,0.23881784,0.26006415,0.28239584,0.30352056,0.3215951,0.33533028,0.34403652,0.34765092,0.3467502,0.34253454,0.33674702,0.33147797,0.32880858,0.3303203,0.33663377,0.34721878,0.36058873,0.37475055,0.387677,0.39765692,0.4035014,0.40464178,0.40115607,0.39374223,0.38363782,0.37247077,0.3620222,0.35390073,0.3491839,0.34815046,0.35023478,0.35423443,0.35866562,0.36211383,0.36348236,0.3621199,0.35785148,0.35094547,0.3420415,0.3320547,0.32206455,0.31319252,0.30647287,0.30272523,0.30244708,0.3057487,0.31234673,0.3216143,0.3326684,0.34447134,0.3559318,0.3659996,0.37375474,0.37848827,0.37977195,0.37750927,0.37195954,0.36372542,0.3536939,0.34292412,0.33248454,0.3232608,0.3157823,0.31013003,0.30597073,0.30270997,0.2997054,0.2964652,0.29277837,0.2887566,0.28479204,0.2814509,0.27933362,0.27894232,0.2805967,0.28442264,0.29040322,0.2984524,0.30846402,0.32030904,0.3337861,0.3485554,0.36409345,0.3796957,0.39453134,0.40773684,0.41852576,0.4262916,0.43068728,0.43166974,0.429505,0.4247327,0.4180941,0.4104323,0.40258053,0.3952579,0.3889945,0.38409966,0.38067478,0.37865514,0.37785807,0.37801787,0.37880123,0.37981224,0.3806032,0.3807068,0.37969622,0.37726712,0.37332642,0.368067,0.3620035,0.3559444,0.35088015,0.34778434,0.34736276,0.34983003,0.35480788,0.36139238,0.3683557,0.37439546,0.378353,0.37936133,0.37692022,0.37091175,0.36157477,0.34945464,0.3353435,0.32022277,0.30521393,0.29153362,0.28043324,0.2730914,0.27043888,0.27294374,0.28044936,0.29216084,0.30679238,0.32279938,0.3386072,0.35279468,0.36423096,0.37217748,0.37636268,0.37702605,0.37491968,0.37124398,0.36749113,0.36518022,0.36551207,0.36904004,0.37549424,0.38384536,0.39257243,0.4000117,0.40467125,0.4054584,0.40181682,0.39379132,0.3820345,0.36775634,0.35260233,0.33843252,0.3269835,0.31945294,0.31614557,0.3163671,0.31864223,0.32113865,0.322095,0.32012486,0.31438023,0.304613,0.29117677,0.27499324,0.25748488,0.24044806,0.22581187,0.21523206,0.20957765,0.20856808,0.21084934,0.21448004,0.21749425,0.2182785
130,0.22071226,0.21748276,0.21133354,0.20412636,0.1983568,0.19676773,0.20152883,0.21332748,0.23110579,0.25263977,0.27536508,0.29693648,0.31548145,0.32969245,0.33886376,0.34291357,0.34239584,0.33848533,0.33290184,0.32772225,0.3250331,0.32644552,0.33262882,0.34310588,0.3564325,0.3706399,0.3837078,0.3939185,0.4000664,0.4015585,0.39844254,0.3913826,0.38158134,0.37063566,0.36030558,0.3521959,0.34740192,0.34623873,0.34818497,0.35207686,0.35645512,0.35991344,0.36134997,0.36009893,0.3559657,0.34919694,0.34041104,0.33050424,0.3205413,0.31163466,0.30481693,0.30091438,0.30043957,0.30352455,0.30991215,0.3190031,0.3299411,0.3417128,0.35324752,0.36351123,0.37159404,0.37679034,0.37866715,0.37711433,0.37236774,0.36499617,0.3558425,0.34591338,0.33622104,0.3276,0.32054403,0.31512213,0.31101298,0.30764982,0.3044214,0.30086055,0.2967706,0.29226908,0.28775248,0.28379837,0.2810327,0.2799991,0.28106964,0.28442246,0.2900808,0.29797786,0.3080036,0.3200048,0.33374244,0.34883398,0.36471537,0.3806484,0.3957765,0.40921667,0.42016593,0.4280008,0.43235466,0.43316168,0.43066338,0.4253768,0.41802788,0.4094585,0.40052062,0.39197588,0.38441896,0.3782396,0.37362468,0.3705891,0.36901498,0.3686814,0.3692786,0.37041417,0.3716273,0.3724249,0.3723449,0.3710402,0.36836708,0.3644574,0.35975116,0.35496715,0.35099506,0.34870985,0.34874266,0.35127977,0.35597065,0.3619859,0.36819616,0.37339842,0.37651893,0.37675554,0.37365344,0.3671245,0.35742596,0.345114,0.33098665,0.31602693,0.30135176,0.28816235,0.27767652,0.27101508,0.26902804,0.27209547,0.27999067,0.29188713,0.30650902,0.3223506,0.3378884,0.35175127,0.3628489,0.37046933,0.3743505,0.37472263,0.3723089,0.3682633,0.36402065,0.36104482,0.36050117,0.36294147,0.36813143,0.37510437,0.38241372,0.3884697,0.39184922,0.39152312,0.38699627,0.37837538,0.36637774,0.35227913,0.33778226,0.32477292,0.31494755,0.3093704,0.30813137,0.31030074,0.31422067,0.31796655,0.31976664,0.31827652,0.31271484,0.30290776,0.28928348,0.27283823,0.2550714,0.23786074,0.22321494,0.21284609,0.20762461,0.20720369,0.21012428,0.21434829,0.21784715,0.21897756
131,0.21513191,0.21125145,0.20435809,0.1963262,0.18970983,0.18737422,0.19163191,0.2032331,0.22106142,0.24278219,0.26574484,0.2875618,0.30634794,0.3207952,0.33019865,0.33447346,0.33416575,0.33043948,0.32500464,0.31993434,0.31732106,0.3187903,0.3250279,0.33556938,0.34897795,0.36328965,0.3764884,0.38685918,0.39319605,0.39490104,0.39201212,0.3851795,0.3755901,0.36482608,0.35463756,0.3466268,0.34189466,0.34076735,0.34273592,0.34664696,0.35104793,0.35453564,0.35600805,0.3547964,0.35070089,0.34396142,0.3351891,0.32527322,0.31527287,0.30629733,0.29937917,0.29534858,0.29472604,0.29765534,0.30389428,0.31286114,0.3237189,0.33547395,0.34707436,0.3575021,0.3658595,0.37144813,0.37383637,0.37290907,0.36889017,0.36232877,0.35403952,0.34499195,0.3361537,0.32831123,0.32191414,0.3169987,0.31322682,0.3100297,0.3068031,0.3030897,0.2987014,0.2937639,0.28868535,0.28406447,0.28056258,0.27877337,0.27912787,0.28186125,0.28704074,0.2946235,0.30450097,0.31650254,0.33035806,0.34564662,0.3617649,0.37793833,0.3932789,0.40687686,0.4179052,0.42571786,0.42992538,0.4304393,0.42748025,0.42154914,0.413365,0.40377712,0.39366356,0.3838326,0.3749445,0.36746737,0.36167052,0.35764608,0.35534045,0.35457912,0.35507822,0.35645044,0.3582205,0.35986406,0.36087444,0.36084896,0.35957858,0.35711986,0.3538272,0.35032538,0.34740815,0.34586677,0.34627977,0.34882766,0.35320473,0.3586644,0.36417666,0.3686335,0.37103936,0.3706495,0.36704698,0.36016625,0.35027593,0.3379365,0.32394508,0.30927896,0.29504216,0.28241077,0.27255887,0.26654118,0.26512426,0.268605,0.2766982,0.28856018,0.3029381,0.31837562,0.33340827,0.3467209,0.357269,0.36437207,0.36778343,0.36773172,0.36492178,0.36047474,0.35578334,0.35226884,0.3510642,0.35270843,0.3569775,0.3629348,0.36917678,0.37416303,0.3765225,0.37527922,0.3699934,0.3608316,0.34857792,0.3345824,0.3206212,0.3086295,0.30028957,0.296553,0.2973069,0.30139226,0.3069712,0.31202513,0.31476507,0.313877,0.30863157,0.2989131,0.28520826,0.26857305,0.25057352,0.23316722,0.2184551,0.20823354,0.203408,0.2035884,0.2072155,0.21214697,0.2162807,0.21793333
132,0.20797864,0.20340568,0.19574346,0.18686797,0.17938349,0.17627822,0.18001267,0.19139044,0.20921066,0.2310083,0.2540461,0.27590677,0.29470897,0.3091604,0.31857148,0.32286748,0.3225991,0.31893167,0.31357715,0.30861425,0.30614325,0.30779192,0.3142347,0.3249827,0.33857417,0.35303158,0.36633974,0.37679437,0.3832034,0.38498104,0.38217345,0.3754348,0.3659534,0.35531202,0.34526172,0.33740512,0.33283937,0.33188,0.33400193,0.33803588,0.34251925,0.3460468,0.34752065,0.3462795,0.3421317,0.3353246,0.3264749,0.31647626,0.30639085,0.2973304,0.2903294,0.28621954,0.28552246,0.28838357,0.29456395,0.3034885,0.31433043,0.3261096,0.33778873,0.34836408,0.35695028,0.3628583,0.36566278,0.3652516,0.36184812,0.35599643,0.34850007,0.34030905,0.3323609,0.32540122,0.31983176,0.3156409,0.31245053,0.30966428,0.30666292,0.30298358,0.29843944,0.29316333,0.2875783,0.28230911,0.27805704,0.27546895,0.2750361,0.2770513,0.28162706,0.28874725,0.29831088,0.3101379,0.3239361,0.33925438,0.35545537,0.37172994,0.38715735,0.40079743,0.41179532,0.41947886,0.4234345,0.4235522,0.42003512,0.41337362,0.4042863,0.39363575,0.38232994,0.3712243,0.3610413,0.3523212,0.34540832,0.34046558,0.33750013,0.3363833,0.33685887,0.3385464,0.34095642,0.34353077,0.3457122,0.3470343,0.3472137,0.34622383,0.34432945,0.34206277,0.3401311,0.33925813,0.33998922,0.34251672,0.34659067,0.3515504,0.3564615,0.36030376,0.3621512,0.36130774,0.35738617,0.35033578,0.34042972,0.32822588,0.31451386,0.30025816,0.28654233,0.27450946,0.26528308,0.25984803,0.2588895,0.26262987,0.27073842,0.28236723,0.296297,0.31112814,0.3254603,0.3380387,0.34786886,0.3543071,0.35712904,0.3565713,0.3533331,0.3485185,0.34349445,0.3396514,0.33809054,0.33932257,0.34310353,0.3484896,0.3540851,0.3583717,0.36001158,0.35806993,0.35215464,0.3424878,0.32992062,0.31588447,0.30224717,0.29102305,0.2839161,0.2817966,0.28436834,0.29025155,0.29743096,0.30379134,0.3075185,0.3073166,0.30249304,0.29297358,0.27928627,0.2625307,0.2443267,0.22670649,0.21187246,0.20173079,0.19725472,0.19803293,0.20240971,0.2081314,0.21301374,0.21532637
133,0.19978704,0.19454105,0.18614103,0.17644939,0.168107,0.16422229,0.16741192,0.17853102,0.19627513,0.21803527,0.24099083,0.26270762,0.28132266,0.29557204,0.3047922,0.308928,0.3085439,0.30481616,0.299469,0.29459605,0.29230896,0.294229,0.30099505,0.31206128,0.3259122,0.3405407,0.35392967,0.3643922,0.3707619,0.37247923,0.3696133,0.3628372,0.35335538,0.34276494,0.33282858,0.32515305,0.3208248,0.32013032,0.32250327,0.3267352,0.33133873,0.33490214,0.33633584,0.33499566,0.3307101,0.3237463,0.31473854,0.3045949,0.2943888,0.28523985,0.27818656,0.27406037,0.27337798,0.27627665,0.28250927,0.29149583,0.3024103,0.31427824,0.32607153,0.33679688,0.34557918,0.3517391,0.35486072,0.35484144,0.35191458,0.34663382,0.33980957,0.33239165,0.32530472,0.31926444,0.31462535,0.3113178,0.30890507,0.30674174,0.3041741,0.3007197,0.29618484,0.29070643,0.2847223,0.27888414,0.27393326,0.27056766,0.26933554,0.27058387,0.2744683,0.28100085,0.29009324,0.30156496,0.31511265,0.3302658,0.34636158,0.36256182,0.37791517,0.3914512,0.40228614,0.40972108,0.41331884,0.41294992,0.4088039,0.4013654,0.39135763,0.37966034,0.36721233,0.3549133,0.34354073,0.3336966,0.32578844,0.32003963,0.31651095,0.31511715,0.3156306,0.31768063,0.32076538,0.32429272,0.32765254,0.33031073,0.3319056,0.3323254,0.33174643,0.3306154,0.3295655,0.32926983,0.33025828,0.332749,0.3365545,0.3410986,0.34553543,0.34892225,0.35039178,0.34928623,0.34523898,0.33820617,0.32845834,0.31654435,0.30324003,0.28949103,0.27635434,0.26493478,0.25630185,0.25137138,0.25075355,0.2546076,0.2625705,0.27380148,0.2871222,0.30119368,0.31468213,0.32639506,0.33539096,0.34106758,0.3432304,0.34213462,0.33848867,0.33339697,0.3282181,0.32432318,0.32277977,0.3240509,0.327838,0.3331498,0.33856204,0.3425515,0.34379515,0.3413873,0.33497488,0.3248289,0.31186396,0.29759628,0.28400102,0.27320415,0.26697576,0.26614723,0.27026638,0.27774525,0.28639337,0.2939952,0.29870257,0.29922488,0.2948914,0.28565308,0.27206275,0.25524715,0.23686531,0.21901591,0.20400685,0.19387527,0.18969205,0.19104508,0.19618481,0.20274,0.2084384,0.21149915
134,0.19123337,0.18540096,0.17635441,0.16592477,0.15677017,0.15211067,0.15472868,0.16553947,0.18312845,0.20473799,0.22747071,0.24888648,0.26715022,0.28103366,0.2899048,0.29373318,0.29310244,0.28920695,0.28379235,0.27897698,0.2768898,0.2791409,0.28631422,0.29777956,0.31194368,0.32675654,0.34019682,0.35059968,0.356833,0.35837355,0.35532427,0.34838882,0.33879966,0.32818025,0.31831515,0.31082013,0.30676657,0.30639675,0.3090819,0.31355485,0.31829137,0.32187015,0.32321405,0.32170403,0.31719905,0.30999646,0.3007581,0.29041526,0.28005987,0.27082467,0.263755,0.259681,0.25910944,0.26216093,0.2685693,0.27773884,0.2888342,0.30087844,0.3128454,0.3237464,0.33271238,0.33907148,0.34241787,0.34266284,0.34005848,0.33518162,0.32886752,0.32208657,0.31577054,0.31061962,0.30694622,0.30461696,0.3031228,0.30175185,0.29979965,0.29675165,0.2923994,0.28687957,0.28064248,0.2743644,0.26882255,0.26476005,0.26277417,0.2632583,0.26640618,0.27225694,0.28073943,0.29168165,0.30478135,0.31956136,0.33534455,0.351272,0.366367,0.37963188,0.3901556,0.39721435,0.40034965,0.39941594,0.3945936,0.38636628,0.37546605,0.36279193,0.34931237,0.3359655,0.32357332,0.31278446,0.3040534,0.29764873,0.2936745,0.29208446,0.29268065,0.29510608,0.29885116,0.30329257,0.3077682,0.3116761,0.3145767,0.3162753,0.31686598,0.31672034,0.31641257,0.3165827,0.31776193,0.32020557,0.323792,0.32802513,0.33213693,0.3352489,0.33653873,0.33537483,0.33140078,0.3245712,0.31514692,0.3036619,0.2908731,0.27770257,0.26517686,0.25435993,0.2462678,0.24175219,0.24135824,0.2451954,0.25288132,0.26359153,0.27619287,0.28940794,0.30196846,0.31274384,0.3208468,0.3257205,0.3272075,0.32559365,0.32161236,0.31638747,0.31128713,0.30767295,0.30657297,0.30837727,0.31269404,0.31844336,0.32413894,0.32822955,0.32939315,0.32674375,0.31995943,0.30935213,0.2958924,0.28117797,0.26730043,0.25652644,0.2507413,0.25079036,0.25610313,0.2649001,0.27481842,0.2835368,0.2891627,0.29039782,0.28657883,0.27766734,0.26422602,0.24739394,0.22885507,0.21076377,0.19553238,0.18534353,0.18139037,0.18327713,0.18916199,0.1965512,0.20308164,0.20692198
135,0.18309568,0.17682618,0.1672809,0.15624224,0.14636222,0.14095445,0.14297245,0.15341127,0.17075796,0.19211392,0.21451333,0.23551622,0.25331786,0.26672572,0.275139,0.27855223,0.27757043,0.27341104,0.26784945,0.26303974,0.26113778,0.2637425,0.27136993,0.28328407,0.29779497,0.31279922,0.32626826,0.33656126,0.34258434,0.3438562,0.3405202,0.33331838,0.32352033,0.312786,0.30293167,0.29558843,0.29181087,0.29178604,0.29480627,0.29953027,0.30438823,0.3079473,0.30914593,0.30739665,0.30259633,0.29508072,0.28554663,0.2749557,0.26442465,0.25510466,0.24805124,0.24409404,0.24372697,0.24704704,0.25376,0.26324448,0.2746463,0.2869768,0.2992035,0.3103343,0.31949937,0.32602942,0.32952642,0.32991704,0.32747808,0.32282102,0.316823,0.31049606,0.30480137,0.30044216,0.29769856,0.296373,0.29587525,0.29541412,0.29422146,0.29174033,0.28774014,0.28235233,0.2760357,0.269486,0.26350912,0.25888315,0.25624263,0.2560159,0.25842637,0.2635372,0.27129737,0.28155234,0.29401368,0.30821165,0.32346797,0.33891338,0.35355356,0.3663688,0.37642512,0.38297746,0.38555017,0.38398656,0.37846294,0.3694672,0.35774407,0.3442132,0.32987,0.31568268,0.30250326,0.2910079,0.28167576,0.27480048,0.27051473,0.26880497,0.2695047,0.27227738,0.27661365,0.2818657,0.287324,0.29232234,0.29634705,0.29912674,0.3006826,0.3013246,0.30158475,0.30208826,0.3033834,0.30577254,0.3092009,0.3132446,0.31719953,0.32023445,0.32155582,0.3205438,0.31684083,0.31039122,0.3014398,0.29050076,0.27830842,0.26575866,0.2538462,0.24359491,0.23597157,0.23177256,0.23149094,0.23520103,0.24251331,0.25262645,0.26445386,0.276777,0.28838956,0.29822,0.3054348,0.30952573,0.31038016,0.30832684,0.30414134,0.2989863,0.29425567,0.29130656,0.29111344,0.2939604,0.29932007,0.30598605,0.31238455,0.31692296,0.31827396,0.31556746,0.30850795,0.29744065,0.28338164,0.26800013,0.2535021,0.24231414,0.23648357,0.2369311,0.24301723,0.25279444,0.26373082,0.2733914,0.27982673,0.28171688,0.2783924,0.26981297,0.2565395,0.23971163,0.22102644,0.20268272,0.18719162,0.17688741,0.17310189,0.17546763,0.18205108,0.19023314,0.19756038,0.20215389
136,0.17619355,0.16967957,0.15982409,0.1483499,0.13788028,0.13179314,0.13320315,0.14320852,0.16023107,0.18125412,0.2032531,0.22378747,0.24107689,0.25395736,0.26185334,0.26478067,0.26336533,0.25885126,0.2530519,0.24816982,0.24640097,0.24933958,0.25742784,0.26980972,0.2846849,0.29988748,0.313377,0.32353407,0.32930237,0.33024308,0.32654247,0.3189849,0.30888364,0.29794353,0.28802204,0.280773,0.27723587,0.27753636,0.2808767,0.2858314,0.29077888,0.29427353,0.29527116,0.29321936,0.2880575,0.28016436,0.2702768,0.2593919,0.24865639,0.23924513,0.23222871,0.22843933,0.22835787,0.232054,0.23919848,0.24913573,0.2609836,0.2737321,0.28633234,0.29777917,0.3071927,0.3138986,0.31750128,0.31794083,0.31552136,0.31089693,0.30500084,0.29890704,0.29362985,0.2898977,0.2879741,0.2876029,0.28810984,0.28861633,0.2882815,0.28649774,0.28300577,0.27792627,0.27172065,0.26509675,0.2588788,0.2538664,0.25071624,0.24987707,0.25159103,0.25594038,0.262896,0.27232894,0.28397724,0.2973934,0.3119122,0.32666612,0.34065273,0.3528376,0.36226973,0.36818853,0.37010708,0.36786368,0.361637,0.351925,0.33948928,0.3252713,0.3102894,0.29553154,0.28186178,0.26995897,0.26029864,0.2531726,0.24872282,0.24696003,0.24775214,0.2507937,0.25558862,0.2614765,0.26770958,0.27356467,0.2784614,0.2820606,0.28432268,0.28551158,0.28613517,0.2868223,0.28815362,0.2904866,0.2938316,0.2978253,0.30180946,0.3049795,0.30655104,0.30589995,0.30265546,0.29674342,0.2883873,0.27807862,0.2665276,0.25460392,0.24327217,0.23352048,0.22627425,0.22228682,0.22201458,0.22551198,0.23239353,0.24188547,0.2529459,0.26440972,0.27512607,0.28407753,0.2904826,0.29388425,0.29422224,0.29188114,0.28769565,0.2828845,0.27887815,0.2770237,0.27821538,0.28258955,0.289442,0.29741284,0.3048302,0.31006,0.3117729,0.3091173,0.30182293,0.290263,0.27548805,0.2592234,0.24377614,0.23173596,0.22534843,0.22567445,0.23206763,0.24244587,0.25411272,0.26450875,0.27161166,0.274064,0.271177,0.26289797,0.24977781,0.23294975,0.21411616,0.19551103,0.17973556,0.16927284,0.16559863,0.16837922,0.17558978,0.18448673,0.19253011,0.19779852
137,0.17129518,0.16473587,0.15476912,0.14306077,0.13219295,0.12557158,0.12643471,0.13599099,0.15264411,0.1732991,0.19488516,0.21495496,0.23173963,0.24409111,0.25144935,0.2538458,0.25192606,0.24696386,0.24081928,0.23575735,0.23403054,0.23724037,0.24575703,0.25859788,0.27384296,0.28925538,0.30277476,0.31279603,0.3182946,0.31887057,0.31475174,0.30676657,0.29627594,0.2850366,0.27495557,0.26771793,0.2643525,0.26492265,0.2685356,0.27367648,0.27866864,0.282052,0.28279927,0.28039342,0.27481717,0.26649383,0.2562026,0.24497882,0.23400338,0.22448023,0.21750145,0.21390791,0.21417123,0.2183336,0.22602674,0.23655395,0.2489961,0.26231164,0.27542412,0.2873038,0.29705003,0.3039738,0.3076744,0.3081003,0.30558133,0.3008175,0.29480788,0.2887054,0.28360048,0.28027192,0.2789879,0.27944702,0.28089482,0.28236344,0.28293395,0.281942,0.27909353,0.274492,0.26859394,0.26210943,0.25586796,0.2506748,0.24719132,0.24587068,0.24696189,0.25056034,0.25665966,0.26516327,0.27584717,0.28830013,0.30188432,0.31574702,0.32888845,0.3402683,0.34892637,0.3540937,0.35527956,0.35232493,0.34541863,0.33507556,0.32207936,0.30739444,0.29205775,0.27706447,0.2632689,0.25132212,0.24166094,0.23454174,0.23009074,0.22833201,0.22917145,0.23234911,0.23740141,0.24367352,0.25039446,0.256796,0.26224205,0.2663377,0.2689969,0.2704545,0.2712134,0.27192461,0.2732153,0.27550346,0.27885893,0.2829627,0.2871789,0.2907047,0.29274258,0.29264706,0.29002273,0.28477025,0.27708894,0.26744738,0.25653347,0.24519393,0.23436831,0.22501692,0.21803541,0.21414936,0.21379587,0.21702519,0.22346555,0.23237279,0.24274497,0.25346184,0.26341897,0.27164602,0.2774104,0.28030774,0.2803373,0.27795127,0.27405742,0.26994124,0.26706815,0.26675358,0.26977134,0.27606606,0.28472853,0.2942393,0.30283746,0.30886042,0.3109872,0.3083901,0.30082557,0.28869098,0.2730622,0.25570375,0.2390018,0.22569533,0.21824624,0.21791616,0.22412577,0.23470442,0.24679954,0.25771332,0.26532984,0.2682354,0.26570773,0.2576728,0.24466638,0.22781266,0.20881669,0.1899422,0.17387031,0.16322152,0.15960865,0.16273084,0.17047513,0.17997958,0.18862452,0.1944513
138,0.16899028,0.16254263,0.15263306,0.14089215,0.1298694,0.12296737,0.12347829,0.13268532,0.14901179,0.16933568,0.19055931,0.21022257,0.22655348,0.23840597,0.24522579,0.24705535,0.24455997,0.23904818,0.2324363,0.22706568,0.22526191,0.22864853,0.23753151,0.2508019,0.2664149,0.28205374,0.29562703,0.30553278,0.31076866,0.31096727,0.30639508,0.29792476,0.2869682,0.2753392,0.26500174,0.2576793,0.25439626,0.25515682,0.2589741,0.26424348,0.26923195,0.2724627,0.2729223,0.2701262,0.26409805,0.25530434,0.2445661,0.23295803,0.22169793,0.21202414,0.20505805,0.20165844,0.2022956,0.20698822,0.21532793,0.22657144,0.23975386,0.25379124,0.26756772,0.28001726,0.2902073,0.2974243,0.30125383,0.3016458,0.29895073,0.29391292,0.28760046,0.28125563,0.2760637,0.27287894,0.27200004,0.27310082,0.2753594,0.277723,0.27919397,0.2790473,0.27694824,0.2729757,0.2675719,0.26143703,0.255391,0.2502275,0.24659505,0.24493617,0.24549612,0.24837829,0.2535989,0.26109833,0.270699,0.28203738,0.29451594,0.30730942,0.3194321,0.3298481,0.33759704,0.3419106,0.3423032,0.3386277,0.33109224,0.32023695,0.30687338,0.29199085,0.2766396,0.26180753,0.24831364,0.23674609,0.22746255,0.2206458,0.2163778,0.21468197,0.21550414,0.21864514,0.22369659,0.23003326,0.23688221,0.24344814,0.24905491,0.25326753,0.25597057,0.25738892,0.2580402,0.25861564,0.25980112,0.26207674,0.2655602,0.26995367,0.27461407,0.27871123,0.28141075,0.28202942,0.2801379,0.2756085,0.26861736,0.2596137,0.24926855,0.23841268,0.2279694,0.21888253,0.2120328,0.20813586,0.20762847,0.2105723,0.21661775,0.2250498,0.23489869,0.2450774,0.25451586,0.26228118,0.2676839,0.27037176,0.27040738,0.26831728,0.26508784,0.26206833,0.2607396,0.26234773,0.26750258,0.27592987,0.2865163,0.29760465,0.30737066,0.31414208,0.31661612,0.31399217,0.3060525,0.2932154,0.27657422,0.25791794,0.23968728,0.22474378,0.21576285,0.21425451,0.21978739,0.2301632,0.24238892,0.25361255,0.26159927,0.26485622,0.2626114,0.2547599,0.2418192,0.22490497,0.20572667,0.18657605,0.17020419,0.15935026,0.1557468,0.15912227,0.16728576,0.17727016,0.18638423,0.192635
139,0.16955549,0.16329107,0.15354055,0.14194,0.1310393,0.12422364,0.12475077,0.13388644,0.15007122,0.17020223,0.19118215,0.21053983,0.2264913,0.23788336,0.24416244,0.24538197,0.24223194,0.23606434,0.22886278,0.22305699,0.22105777,0.22452201,0.23370053,0.24736285,0.26333794,0.27922082,0.29287654,0.3026932,0.30768022,0.30749598,0.30244324,0.29344013,0.281953,0.26985762,0.25917944,0.2516848,0.24839766,0.2492677,0.2532189,0.2585604,0.26350337,0.26655143,0.26670042,0.26349285,0.25698888,0.24769469,0.2364712,0.22443199,0.21283334,0.20295258,0.19594863,0.19270931,0.19371477,0.1989678,0.20802167,0.22008236,0.23413092,0.24903038,0.26361436,0.27676994,0.28752327,0.2951279,0.2991484,0.29952905,0.29663464,0.29124764,0.28450146,0.2777292,0.27222058,0.2689247,0.2681968,0.2697123,0.2726022,0.2757411,0.27805698,0.27876297,0.27747846,0.2742497,0.26949373,0.26388758,0.25822607,0.25327513,0.24965574,0.2477886,0.24790835,0.25012326,0.2544716,0.2609319,0.26937643,0.27949563,0.29074115,0.3023258,0.3132891,0.32261044,0.32933983,0.33272004,0.33228117,0.32789877,0.31981045,0.30859092,0.2950861,0.2803114,0.26532397,0.25108707,0.23835589,0.22761862,0.21911445,0.21291775,0.2090403,0.20748995,0.20824909,0.21118754,0.21597023,0.22202559,0.22860415,0.23490746,0.24024142,0.24415204,0.2465159,0.24756962,0.24786687,0.24815653,0.24919197,0.2515112,0.25526017,0.26013085,0.26543772,0.27029166,0.27379847,0.27522427,0.27410132,0.27027518,0.2639044,0.25542703,0.24550675,0.23496878,0.22473216,0.21573845,0.2088706,0.20485431,0.20414576,0.20683356,0.21259744,0.22074871,0.2303388,0.24029852,0.24957623,0.2572625,0.26270074,0.26558414,0.26603475,0.26464927,0.26248294,0.26092735,0.26144382,0.2651705,0.2725318,0.28304613,0.2954344,0.30794433,0.3187184,0.3260879,0.32876912,0.3259837,0.3175334,0.30385107,0.28604075,0.26590377,0.2459136,0.22902274,0.21810001,0.21493225,0.21931534,0.2290985,0.24117519,0.2525259,0.26076832,0.26430342,0.26228973,0.25458035,0.2416704,0.22466853,0.20529215,0.18586132,0.16918676,0.15810296,0.15443952,0.15795475,0.1664016,0.1767283,0.18617937,0.19272572
140,0.17286842,0.16675742,0.15719013,0.1458614,0.13537163,0.12909122,0.1301532,0.13967572,0.15606262,0.17625073,0.19717136,0.21635449,0.23200642,0.24296743,0.24868804,0.24924032,0.24535073,0.2384288,0.23053864,0.22420728,0.22193395,0.22540945,0.23483285,0.2488578,0.26518884,0.28132746,0.2950845,0.30482692,0.30956742,0.30898616,0.30342257,0.29384416,0.2817774,0.26916477,0.2580953,0.25037688,0.2470315,0.24795605,0.25199088,0.2573646,0.26223475,0.26508328,0.26491022,0.26127964,0.25428307,0.24446285,0.23271741,0.22019833,0.20820129,0.1980459,0.19093558,0.18779767,0.18913393,0.19494058,0.20473616,0.21767347,0.23267266,0.248535,0.26403487,0.27800483,0.2894237,0.29750726,0.30179468,0.30222002,0.29915646,0.29341716,0.2861918,0.2788959,0.27292103,0.2693183,0.26851848,0.2702249,0.2735472,0.27730653,0.2803669,0.28188217,0.28142264,0.27899435,0.27497852,0.27001634,0.26486403,0.26024753,0.25675124,0.25476894,0.2545231,0.25612658,0.25963864,0.26507327,0.27234963,0.28121102,0.29116076,0.301456,0.31117055,0.31930962,0.32494512,0.32734245,0.32605928,0.3210053,0.31245875,0.3010378,0.2876281,0.27327055,0.25901914,0.24579212,0.2342518,0.22475427,0.21739249,0.21211281,0.20884371,0.20756598,0.20828715,0.2109383,0.21525909,0.2207444,0.22669029,0.23232189,0.23695521,0.2401451,0.24178745,0.2421569,0.24186638,0.24173921,0.24260111,0.24503627,0.24919079,0.25470805,0.26082155,0.26655307,0.27093068,0.27316275,0.27274475,0.26950252,0.2635875,0.25543848,0.2457242,0.23527749,0.22502704,0.215928,0.20888412,0.20465183,0.20372708,0.20624074,0.21190755,0.22005963,0.22975498,0.2399222,0.24950647,0.25760144,0.26356483,0.26711863,0.2684275,0.26813814,0.26734784,0.26745686,0.26987478,0.27561933,0.28495353,0.2972448,0.3111117,0.32475302,0.33629778,0.34408042,0.3468247,0.34375954,0.33469224,0.32005966,0.3009677,0.27922034,0.2573061,0.2382391,0.22505176,0.21981533,0.22262068,0.23144872,0.24312185,0.2544475,0.2628682,0.26664895,0.26485592,0.25728565,0.24440424,0.22731246,0.20773767,0.18802728,0.17103992,0.1596805,0.15585534,0.15936397,0.16793889,0.17846991,0.18814221,0.19488288
141,0.1784168,0.17234804,0.16293111,0.15197642,0.14218721,0.13692425,0.13911109,0.1495841,0.16662642,0.18720406,0.20829546,0.22744974,0.24287629,0.25342,0.258548,0.25836682,0.2536579,0.24590765,0.23727596,0.23039259,0.22783746,0.23132125,0.24098325,0.25536346,0.27204657,0.28844,0.30229533,0.31195226,0.31642327,0.31541076,0.30929556,0.2991022,0.28642547,0.27328014,0.26181802,0.25388116,0.25047955,0.25145227,0.25555834,0.26095173,0.26573992,0.26838273,0.2678813,0.26381713,0.25630975,0.24593528,0.23362866,0.22057953,0.20812386,0.19762579,0.19033724,0.18723166,0.18884102,0.19516268,0.20568475,0.21950644,0.23548323,0.2523494,0.2688154,0.28365612,0.29580128,0.3044284,0.30905107,0.3095924,0.3064311,0.30040452,0.29274765,0.2849435,0.27847004,0.2744721,0.27346057,0.27518493,0.27875867,0.28297275,0.28664345,0.28887302,0.28918317,0.28753516,0.28426668,0.2799738,0.27536565,0.27112228,0.26778942,0.26573554,0.2651742,0.26622495,0.26896623,0.27344152,0.27960783,0.2872525,0.2959252,0.30492732,0.31337184,0.32029855,0.32481205,0.3262124,0.32409686,0.3184209,0.3095134,0.2980433,0.28493842,0.27125996,0.25804496,0.24614505,0.23610544,0.22813213,0.22216575,0.21802856,0.21557017,0.21473926,0.21555038,0.21797034,0.22179176,0.22656795,0.23164882,0.23630464,0.23989093,0.24200395,0.24259163,0.24199739,0.24091917,0.24027057,0.24095039,0.24357092,0.24824424,0.25452447,0.2615285,0.26816556,0.27337554,0.27630922,0.2764323,0.27356216,0.26785615,0.2597677,0.2499848,0.23936163,0.22885102,0.21943772,0.21206479,0.20754004,0.20641923,0.20888992,0.21470569,0.2232108,0.23345049,0.24432543,0.25474936,0.26379004,0.27079123,0.27547482,0.27801734,0.27908233,0.27977434,0.28147414,0.2855334,0.29288062,0.30368617,0.3172493,0.33215314,0.3465822,0.35865715,0.36670125,0.36942342,0.36603627,0.35633227,0.34073588,0.32034296,0.29694957,0.27304524,0.25168103,0.23602076,0.22840972,0.22928162,0.23683375,0.24787596,0.2590514,0.26760605,0.27163997,0.27010182,0.2627136,0.24990152,0.23275316,0.21300307,0.19302085,0.175699,0.16398983,0.15986489,0.16319008,0.1717244,0.18232922,0.19213262,0.19900554
142,0.18539779,0.17922123,0.16990297,0.15942103,0.15062249,0.14684963,0.15073462,0.1627197,0.18088761,0.20220552,0.22370464,0.24296995,0.2582321,0.2683586,0.27285263,0.27187616,0.26628843,0.25767437,0.24830538,0.24091531,0.23814785,0.24170609,0.25164977,0.26640216,0.2834339,0.3000637,0.31398597,0.32351422,0.3276633,0.3261636,0.3194459,0.3086026,0.29530704,0.28165185,0.2698484,0.2617597,0.25836596,0.25943545,0.2636433,0.2690727,0.27378583,0.27622256,0.27538487,0.27087086,0.26282722,0.25186408,0.23895407,0.22532658,0.21235977,0.20146342,0.1939385,0.19080509,0.19262718,0.19940646,0.21060379,0.22526659,0.24218586,0.2600287,0.277442,0.29314464,0.3060202,0.31521183,0.3202117,0.32093525,0.31776774,0.3115673,0.30360436,0.2954117,0.2885302,0.2841755,0.28292623,0.28458166,0.28827658,0.29279444,0.29692346,0.29972738,0.3006856,0.2997155,0.2971089,0.29341388,0.2892908,0.28537503,0.28217813,0.28004965,0.2792004,0.2797595,0.28182238,0.2854536,0.2906349,0.29718307,0.3046818,0.31246972,0.31969833,0.32544678,0.32886097,0.32928607,0.32636997,0.32012406,0.3109357,0.29952857,0.28687084,0.27403516,0.26202625,0.25161144,0.24320757,0.23687291,0.23241284,0.2295489,0.22806826,0.22788657,0.22900419,0.23138809,0.23484607,0.23896237,0.2431311,0.24667649,0.24901603,0.249818,0.24911593,0.24735415,0.24534169,0.24409707,0.24458987,0.24743973,0.25269106,0.2597735,0.2676608,0.275136,0.28104827,0.28449607,0.28492504,0.28215647,0.27636713,0.26803878,0.2578919,0.2468153,0.23579942,0.22587353,0.21803737,0.21316968,0.21190487,0.21449971,0.22074749,0.2299917,0.24124047,0.25333518,0.26512343,0.27561152,0.28409252,0.29025093,0.2942375,0.29669628,0.2987116,0.30163762,0.3067954,0.31509116,0.3266939,0.34092155,0.35637945,0.37125978,0.3836686,0.39189565,0.39460605,0.39096698,0.38073,0.36428577,0.3427036,0.3177585,0.29192746,0.26827806,0.25007457,0.23991309,0.23859431,0.24460728,0.2548203,0.26573917,0.27440378,0.2787256,0.2775111,0.27038768,0.25772655,0.24059135,0.22071494,0.2004785,0.1827923,0.17063794,0.16605121,0.1689999,0.17732185,0.18788151,0.19775191,0.20473371
143,0.19285707,0.18642609,0.17716962,0.16727543,0.15975618,0.15790433,0.16397983,0.1779508,0.19764589,0.22000656,0.24211456,0.26160344,0.27674338,0.28644502,0.29026872,0.28845438,0.2819616,0.2724941,0.26244706,0.25465503,0.2518021,0.25554892,0.26584926,0.28100264,0.29837272,0.31519952,0.32912925,0.33845705,0.3422084,0.34015125,0.33277792,0.3212603,0.30736038,0.2932528,0.2812028,0.27307698,0.26980287,0.27105993,0.27543247,0.28093508,0.28558984,0.28782138,0.28663585,0.28165013,0.27304035,0.2614532,0.24790214,0.23365949,0.22014785,0.20882282,0.20103124,0.19783403,0.1998213,0.20699622,0.21879338,0.23421195,0.25198296,0.27071115,0.28898555,0.30547523,0.31902504,0.32875142,0.33413282,0.33508375,0.33200032,0.32576135,0.31766507,0.30927697,0.30217388,0.29761064,0.29620704,0.29780033,0.30155206,0.3062551,0.31068972,0.31389824,0.3153298,0.31486556,0.31275672,0.3095075,0.3057349,0.30203694,0.29889956,0.2966622,0.29553938,0.29567218,0.29716998,0.30010924,0.3044819,0.31011662,0.31661448,0.32333875,0.32947326,0.3341364,0.33651996,0.33602187,0.33234885,0.32557562,0.31615272,0.30485922,0.29269892,0.28074622,0.26996174,0.26102164,0.2542195,0.2494867,0.2465247,0.24498451,0.24460863,0.24527828,0.24695882,0.24958207,0.25293034,0.2565834,0.25995782,0.26242685,0.26348063,0.26288092,0.26077425,0.25773376,0.25470233,0.25281549,0.25311047,0.2561962,0.2620234,0.26987347,0.27856243,0.2867424,0.2931744,0.29691142,0.29738855,0.2944417,0.28827864,0.27942127,0.26863405,0.25685164,0.24511369,0.23450705,0.2261037,0.22087094,0.21953823,0.22244093,0.22940849,0.23976572,0.25245467,0.26622242,0.27981305,0.29213318,0.302387,0.31018376,0.31561294,0.319271,0.32220966,0.32577094,0.33129522,0.33974802,0.3513909,0.3656406,0.38117343,0.39620405,0.40881303,0.41723064,0.4200461,0.41634864,0.40581876,0.38878772,0.36627704,0.34002388,0.31247768,0.28670382,0.26603836,0.25329694,0.2496489,0.25393286,0.26315176,0.27371883,0.2824746,0.28712752,0.28632137,0.2795687,0.2671682,0.2501443,0.23021387,0.20975439,0.19167718,0.17898022,0.17377034,0.17615497,0.18410172,0.19451013,0.20440264,0.21149793
144,0.19981945,0.1930169,0.18381567,0.17464277,0.16867712,0.16910903,0.17775014,0.19404788,0.21555401,0.23916915,0.26202273,0.2818062,0.29684556,0.30611315,0.3092463,0.3065824,0.29919964,0.28893518,0.27831364,0.27026105,0.26747486,0.27153805,0.2822724,0.29784733,0.31552777,0.33248913,0.34634322,0.35537952,0.35864606,0.35596022,0.34788704,0.33568853,0.32122263,0.30674708,0.29457206,0.28654844,0.28352726,0.28508025,0.2896931,0.29531333,0.29992908,0.30195647,0.3004117,0.29493526,0.28573707,0.27350426,0.25929463,0.2444267,0.23036888,0.21862075,0.21056834,0.2073023,0.20942691,0.21693912,0.22924624,0.24530403,0.26379147,0.28326046,0.30225185,0.31939554,0.33350807,0.34369004,0.34941643,0.3506099,0.34768376,0.34153935,0.33349738,0.32514042,0.31805468,0.31349948,0.3121017,0.31371358,0.31751746,0.3223247,0.3269246,0.33035684,0.33205706,0.33188412,0.33006,0.32705596,0.32345638,0.31983274,0.31665593,0.31426355,0.31287915,0.312657,0.3137165,0.31613693,0.3199064,0.32484803,0.33056208,0.3364211,0.34163085,0.34534425,0.34679946,0.34545052,0.34106782,0.3337935,0.32414317,0.31294972,0.3012476,0.29010633,0.28043878,0.2728351,0.2674844,0.26422146,0.2626772,0.26245856,0.26327586,0.2649722,0.26745954,0.2706056,0.27413327,0.27758554,0.28037694,0.281917,0.281768,0.2797955,0.27627584,0.27192998,0.26785108,0.26530024,0.26538017,0.26867747,0.2750341,0.283572,0.29294485,0.30167475,0.30843896,0.312251,0.3125426,0.30917248,0.30238816,0.29276055,0.28110704,0.2684169,0.25578836,0.24437684,0.23533988,0.22974844,0.22843999,0.2318329,0.2397836,0.25157517,0.26605168,0.28183085,0.29751816,0.3118863,0.3240175,0.3334147,0.34007987,0.34454563,0.34783214,0.35129642,0.35635492,0.36411333,0.37501377,0.38864556,0.40380067,0.41872907,0.43147346,0.4401772,0.44331962,0.43987682,0.4294258,0.4122093,0.38917673,0.3620072,0.33310533,0.3055158,0.28261942,0.2674161,0.2614272,0.26387727,0.27197644,0.28210413,0.2909249,0.29594234,0.29562405,0.28935063,0.27733046,0.26053134,0.24063659,0.2200024,0.20152481,0.1882093,0.18224241,0.18390323,0.19133267,0.2014968,0.21137665,0.21860245
145,0.20539196,0.1981363,0.18900944,0.18069446,0.17651884,0.17950556,0.19095325,0.2097723,0.23324111,0.25821766,0.28187972,0.3019847,0.31692758,0.32575774,0.32820472,0.3247172,0.31650332,0.30553964,0.29447758,0.28631905,0.28374702,0.28823617,0.2994571,0.31544724,0.33338407,0.35039482,0.3640738,0.37272003,0.37541717,0.37204316,0.36324525,0.35038227,0.33541074,0.32066813,0.30849758,0.30071515,0.2980742,0.30002362,0.30494502,0.31072208,0.3153161,0.31714302,0.31523645,0.30926672,0.29948208,0.28661376,0.27176645,0.2563058,0.24174502,0.22962251,0.2213534,0.21804349,0.22029623,0.22809231,0.24081023,0.2573682,0.2764037,0.29642808,0.31594726,0.33356503,0.3480828,0.35859796,0.36459398,0.3660117,0.36328906,0.3573525,0.34954074,0.3414395,0.33461952,0.3303113,0.3291133,0.3308651,0.33475626,0.3396185,0.34426308,0.34774494,0.34950507,0.34939763,0.34763157,0.3446597,0.34104735,0.33735168,0.33403826,0.3314498,0.32982212,0.32932216,0.33007526,0.33215517,0.3355338,0.3400131,0.34517562,0.3503875,0.3548641,0.35778522,0.3584319,0.3563142,0.3512675,0.34350243,0.33359963,0.3224437,0.3110967,0.30062172,0.29188803,0.28541404,0.281309,0.27934143,0.2790997,0.28016552,0.28222352,0.28507367,0.28856036,0.2924666,0.29643205,0.29993883,0.30237857,0.30318254,0.30197844,0.29873627,0.29386878,0.28825405,0.28314444,0.2799315,0.27978262,0.28325695,0.29008237,0.29921895,0.3091597,0.31830046,0.3252391,0.32895446,0.32887998,0.32490265,0.31731573,0.30674502,0.2940669,0.2803316,0.266703,0.254414,0.24471882,0.23880413,0.23762375,0.2416772,0.25083157,0.2643004,0.2807974,0.29877964,0.31668591,0.33312982,0.3470486,0.35781872,0.36533964,0.37007424,0.37302065,0.37558115,0.37930265,0.38550523,0.39489317,0.4072988,0.42167348,0.4363144,0.44921178,0.45839158,0.4621863,0.459422,0.44953778,0.4326579,0.40963385,0.3820652,0.3522935,0.32332417,0.29855758,0.28114143,0.27291983,0.27351832,0.28041604,0.2900238,0.2988685,0.30426022,0.30448607,0.298783,0.28725415,0.27079377,0.25103375,0.2302912,0.21143204,0.19746192,0.19065231,0.19147477,0.19827566,0.2081166,0.2179515,0.22532259
146,0.20884426,0.2010791,0.19205135,0.18470605,0.18248975,0.18819053,0.20254675,0.22394012,0.24939771,0.27574405,0.30020982,0.32062602,0.33546692,0.34386966,0.34566525,0.3414205,0.33247593,0.32094425,0.3095921,0.3014765,0.29923952,0.3042252,0.31594372,0.33230594,0.3504166,0.3673733,0.3807706,0.38893232,0.39098993,0.38689056,0.37736878,0.36388165,0.34848148,0.33357695,0.32153055,0.3141063,0.3119446,0.31436324,0.3196397,0.32559952,0.33018598,0.33182374,0.32957166,0.32313564,0.31280598,0.2993596,0.28394783,0.26798105,0.253012,0.2406092,0.23220362,0.2289001,0.23128586,0.23931584,0.252339,0.26924303,0.28863582,0.3090023,0.32882822,0.34670594,0.36143625,0.37212697,0.37828243,0.3798723,0.3773663,0.37171856,0.3642816,0.3566316,0.35030168,0.34646356,0.34565523,0.34767604,0.35170686,0.3565971,0.3611886,0.36456716,0.36619753,0.36594775,0.3640311,0.3608979,0.35710803,0.35321534,0.34968808,0.3468786,0.3450362,0.344339,0.3449139,0.3468222,0.35000974,0.35424474,0.359078,0.36385506,0.36778882,0.37007722,0.37003848,0.36723575,0.36156797,0.35331348,0.3431165,0.33191186,0.3207885,0.3108056,0.30279794,0.29722935,0.29415283,0.29329556,0.29422373,0.2965056,0.2998034,0.30387002,0.30847338,0.3132998,0.3178917,0.32165536,0.32394508,0.32420105,0.32210734,0.3177333,0.31162667,0.3048242,0.29873934,0.2948956,0.2945245,0.29815614,0.30540407,0.31506902,0.32548788,0.3349357,0.34193587,0.345437,0.3448781,0.34017825,0.3316797,0.32006666,0.30627775,0.2914281,0.27675232,0.26356795,0.25323507,0.24706452,0.24612908,0.2509993,0.26152855,0.2768286,0.2954519,0.31567076,0.33573976,0.35410005,0.36953324,0.3812811,0.38913637,0.39349484,0.3953461,0.3961672,0.39768416,0.40149924,0.40865624,0.41929984,0.43258318,0.44685796,0.46004018,0.47000045,0.4748822,0.47332186,0.46458656,0.4486535,0.42625263,0.39888453,0.36881107,0.33898214,0.31279504,0.29351068,0.28325954,0.28206506,0.2877216,0.29673597,0.30554497,0.3112883,0.3120781,0.3070031,0.296051,0.28002873,0.2605013,0.23973088,0.2205402,0.20592758,0.19824816,0.19817291,0.20427221,0.21372734,0.22348285,0.23100072
147,0.20967758,0.20135039,0.19242212,0.18609872,0.1859137,0.19436076,0.21159093,0.23548397,0.26284835,0.29049096,0.315703,0.33639583,0.35112995,0.35913602,0.3603494,0.3554537,0.34591565,0.33397147,0.32248396,0.31454107,0.31272146,0.31822613,0.33040679,0.34706083,0.3652389,0.38202813,0.3950408,0.4026391,0.4040113,0.3991782,0.38896143,0.37491155,0.3591678,0.34419784,0.33236915,0.325381,0.3237539,0.32667452,0.33232254,0.33847463,0.34306604,0.34453908,0.3419847,0.33514842,0.32436407,0.31045264,0.29460812,0.27827904,0.2630482,0.2505017,0.24207121,0.23884435,0.24137852,0.2495958,0.2628165,0.27990574,0.29945418,0.31993482,0.33982825,0.3577306,0.3724565,0.383138,0.38931262,0.39098886,0.38867506,0.3833552,0.37639168,0.36933976,0.36367604,0.36048874,0.36022857,0.36263138,0.36685416,0.37175953,0.37622523,0.3793803,0.3807291,0.38017052,0.37793827,0.37449422,0.3704045,0.36622798,0.36244074,0.35940674,0.35738832,0.3565725,0.35708424,0.35896733,0.36213478,0.3663122,0.37100816,0.37553686,0.37909845,0.38090032,0.38029176,0.3768845,0.3706381,0.36189625,0.3513649,0.34002793,0.32900158,0.31934553,0.3118696,0.3069981,0.30474624,0.30481735,0.30676877,0.31016305,0.31464258,0.31991234,0.32566097,0.33147448,0.33679298,0.3409405,0.34322557,0.34308842,0.34026033,0.33490226,0.32769102,0.31981733,0.31285283,0.30845007,0.3079023,0.3117086,0.3193683,0.32952645,0.34037003,0.35006055,0.3570539,0.360274,0.35916972,0.35369495,0.34424275,0.33155686,0.31663927,0.3006719,0.2849638,0.2709228,0.2600221,0.25370145,0.25314784,0.2589824,0.2710108,0.2882068,0.30893466,0.3312672,0.3532694,0.37320986,0.38971683,0.40190125,0.40945476,0.41271597,0.41268268,0.41093466,0.40942192,0.41009262,0.41440657,0.4228898,0.43493435,0.4489407,0.46271136,0.47390845,0.48043492,0.48069587,0.47375497,0.45941973,0.438282,0.4117309,0.3819381,0.35178727,0.32465574,0.30388778,0.29186228,0.28898376,0.29339063,0.30174214,0.31043574,0.31647146,0.31780034,0.31336582,0.30303597,0.28752202,0.26831064,0.2475971,0.2281503,0.21295264,0.20443463,0.20345959,0.20882574,0.21785045,0.22748801,0.23513374
148,0.20769133,0.19872598,0.18983786,0.18449157,0.18628357,0.19737153,0.21731217,0.2435208,0.272624,0.30142924,0.3272964,0.34822235,0.36285695,0.37052462,0.37126133,0.36585867,0.3558947,0.343709,0.33223537,0.32456815,0.32320574,0.32920423,0.34176967,0.35860628,0.37673184,0.3932424,0.40578312,0.41276506,0.41343805,0.40789554,0.39703977,0.38250402,0.36650014,0.35153964,0.33998236,0.3334567,0.3323655,0.33577415,0.34177706,0.34811452,0.35272416,0.3540739,0.35129157,0.3441639,0.33306605,0.3188582,0.3027688,0.28627375,0.27097297,0.25845495,0.25013605,0.24707192,0.24977946,0.25814366,0.27145892,0.28857622,0.3080807,0.32844707,0.34816504,0.36584866,0.38034025,0.39080894,0.3968369,0.39848056,0.39629304,0.39129007,0.3848408,0.37847042,0.37358442,0.37116888,0.3715674,0.37443474,0.37889194,0.3838101,0.3881057,0.39095965,0.39192817,0.3909539,0.38830352,0.38446084,0.38000584,0.37550715,0.3714503,0.36821043,0.36606115,0.3651962,0.36573648,0.36770594,0.37098157,0.37524194,0.37994727,0.38437325,0.38770002,0.3891376,0.3880604,0.38412398,0.3773448,0.36812866,0.3572409,0.3457127,0.33468807,0.32523012,0.31813025,0.313783,0.31217682,0.31300166,0.31581396,0.32017633,0.32571545,0.33209202,0.33891952,0.34568745,0.3517368,0.35631013,0.35866803,0.35824564,0.3548144,0.3486186,0.34045538,0.33166158,0.3239593,0.31912303,0.31850028,0.3225524,0.33066145,0.34131905,0.35257012,0.36247295,0.36942622,0.3723376,0.37067157,0.36441988,0.35402742,0.340297,0.3242936,0.30726632,0.29060134,0.275802,0.26445976,0.25814345,0.2581399,0.26508734,0.27869907,0.29777208,0.3204612,0.34463632,0.3681807,0.3892033,0.40619388,0.41814765,0.42467105,0.42606255,0.42334914,0.41824284,0.41296235,0.4098675,0.41091424,0.4170784,0.42801353,0.4421334,0.45705333,0.4701472,0.4790139,0.4817854,0.4772995,0.46518418,0.44589072,0.42069745,0.3916877,0.36167818,0.33401906,0.3121164,0.2985628,0.2941185,0.29727715,0.30489308,0.3133702,0.31960183,0.3213969,0.3175624,0.30784923,0.2928704,0.27402896,0.25344622,0.23382983,0.21813752,0.20886041,0.2070348,0.21167566,0.22024322,0.22971876,0.23744854
149,0.20305066,0.19331886,0.18431468,0.17976458,0.18332535,0.19680384,0.21917297,0.24742407,0.2780362,0.3078338,0.3342518,0.35537443,0.36993974,0.37736058,0.37776324,0.3720314,0.36183295,0.34958413,0.3382619,0.3309437,0.33003807,0.33646503,0.3493072,0.36620152,0.38415584,0.4002928,0.41230285,0.41865167,0.41865015,0.41245744,0.40104395,0.38610864,0.36991736,0.35500896,0.34372643,0.33762914,0.3370154,0.3408482,0.34715554,0.35365593,0.35829943,0.3595854,0.35668036,0.34941024,0.338186,0.323898,0.3077975,0.29137388,0.27622852,0.2639363,0.25588295,0.2530799,0.25599638,0.26447886,0.2777998,0.29480374,0.3140809,0.3341193,0.35343,0.37065744,0.38468355,0.39472586,0.4004209,0.401881,0.3997094,0.39495572,0.38899422,0.3833145,0.3792418,0.37764862,0.37875938,0.3821368,0.38685763,0.39179742,0.39591208,0.3984391,0.3989936,0.3975701,0.39447507,0.39021948,0.3853996,0.38059393,0.37629548,0.3728877,0.37065306,0.3697907,0.37041748,0.37253866,0.37599623,0.38042194,0.38522643,0.38964415,0.3928312,0.39399576,0.39253283,0.3881376,0.3808792,0.37122205,0.35998747,0.34825137,0.33718362,0.32785022,0.32102522,0.31707582,0.31596705,0.31737936,0.32087272,0.3260152,0.3324247,0.33972666,0.34747002,0.35505918,0.3617462,0.36669952,0.36913547,0.36848328,0.3645501,0.35765636,0.34871054,0.33918515,0.3309416,0.32586318,0.32533628,0.3297697,0.33841854,0.34962156,0.36129138,0.3713981,0.37829843,0.3808964,0.3786805,0.37168473,0.36040685,0.3457077,0.32871374,0.31074122,0.2932559,0.27786127,0.26627058,0.26017502,0.26093426,0.26915446,0.2844011,0.3052552,0.32965007,0.35526192,0.379813,0.4012779,0.4180339,0.42898667,0.433683,0.43240708,0.42624336,0.417072,0.40743306,0.4001752,0.39784244,0.4019256,0.41232806,0.42737982,0.4443734,0.46027616,0.47230932,0.47830117,0.47686192,0.46745422,0.45040938,0.42691657,0.39899,0.36939436,0.34145856,0.31864122,0.30372128,0.29778543,0.2996776,0.30647075,0.3146086,0.32090554,0.32304752,0.31971774,0.31055734,0.29608533,0.27762222,0.25721467,0.2375063,0.22142228,0.21149562,0.20890601,0.21286058,0.22095801,0.23021962,0.23796192
150,0.19635193,0.18565038,0.17624292,0.17213227,0.1770702,0.19253622,0.21694417,0.24689655,0.27875024,0.30935687,0.33622816,0.35753325,0.37209186,0.3793945,0.3796418,0.37378782,0.36356348,0.35143143,0.34038293,0.3334589,0.33297664,0.33973864,0.35273424,0.36956266,0.38724488,0.4029453,0.41440722,0.4201518,0.41954476,0.41279814,0.40093198,0.3856888,0.36936635,0.3545141,0.34345335,0.33768553,0.33742827,0.34157082,0.34809852,0.35472414,0.35941878,0.36071578,0.35781848,0.3505861,0.33945608,0.32533675,0.3094878,0.2933963,0.27864882,0.2667912,0.25916567,0.2567306,0.25990364,0.2684936,0.28175503,0.29853275,0.31742987,0.33695665,0.35565504,0.3722094,0.38555074,0.39495355,0.40011632,0.4012135,0.39890277,0.39427048,0.38869682,0.38363513,0.38032827,0.37953204,0.38134804,0.3852426,0.390244,0.3952289,0.39919108,0.4014249,0.40160605,0.39978233,0.39630067,0.3916977,0.38658276,0.3815391,0.37706187,0.37353808,0.3712563,0.3704213,0.37114903,0.3734311,0.37708038,0.38168707,0.3866159,0.39106178,0.3941566,0.39510503,0.39331985,0.38853243,0.38086087,0.37082404,0.3592948,0.34738913,0.33629748,0.32708293,0.32049617,0.31687135,0.31614608,0.3179897,0.32196778,0.32765976,0.33468524,0.34264868,0.35105163,0.3592314,0.36636806,0.37156937,0.37401617,0.37313566,0.36876988,0.3613104,0.35176888,0.3417423,0.33321607,0.3281616,0.32797787,0.33299428,0.34232172,0.3541451,0.36625847,0.37656504,0.38340133,0.3856853,0.38294157,0.37525284,0.36317155,0.34761578,0.32977197,0.31102353,0.29291856,0.2771653,0.26559877,0.26001635,0.26180652,0.2714763,0.2883796,0.31084794,0.33659336,0.36312094,0.38802418,0.40917847,0.42488426,0.43399337,0.43602872,0.43129686,0.42098007,0.40717766,0.39282528,0.38136625,0.37604827,0.37892723,0.39006257,0.40748197,0.42792234,0.44778985,0.463868,0.47368795,0.47567302,0.4691726,0.45445025,0.43265322,0.40576717,0.3765374,0.3482936,0.3245521,0.30826193,0.30080718,0.3013624,0.30722028,0.31487748,0.3210843,0.32341713,0.3204473,0.31171724,0.29766154,0.27952644,0.25929013,0.23953524,0.22314954,0.21268763,0.20943628,0.21275923,0.22037849,0.22936264,0.23701683
151,0.1886693,0.1767157,0.1664672,0.16222781,0.1679343,0.1848194,0.21077643,0.24203967,0.2748526,0.30609348,0.33334506,0.3548526,0.3695057,0.37685665,0.3771596,0.37141344,0.36138207,0.3495433,0.33887517,0.33236772,0.33225343,0.33924434,0.35227233,0.36893073,0.38627487,0.4015222,0.41247156,0.41769478,0.41660056,0.40943566,0.3972464,0.38179255,0.36537898,0.3505493,0.3396028,0.33400247,0.3339202,0.33820856,0.3448391,0.35153547,0.35629573,0.3576862,0.35494062,0.34794164,0.3371405,0.3234489,0.30811912,0.29261997,0.27850834,0.2672882,0.26024908,0.25829133,0.26178032,0.27048907,0.2836579,0.30013594,0.31854403,0.3374203,0.35534367,0.3710445,0.3835088,0.3920734,0.39650318,0.39703834,0.39439437,0.3896975,0.3843379,0.37973788,0.37706408,0.37696213,0.37941596,0.38379806,0.38908777,0.39415994,0.3980421,0.40008122,0.40000868,0.39792022,0.39419636,0.38939124,0.38411772,0.37895408,0.37438884,0.3708067,0.36850026,0.36768234,0.36847436,0.3708637,0.37464496,0.37937695,0.3843873,0.38883743,0.3918387,0.39259335,0.39053127,0.3854178,0.37741652,0.36709622,0.3553756,0.343403,0.33237973,0.32335386,0.3170388,0.31372228,0.31330374,0.31543583,0.31969017,0.3256649,0.33299485,0.34128255,0.35000482,0.35845605,0.36576682,0.37100342,0.3733253,0.3721662,0.36740637,0.35950705,0.34957686,0.33932537,0.33084214,0.32615557,0.3266362,0.33249328,0.342669,0.35519466,0.36776617,0.37824947,0.3849899,0.3869427,0.38368458,0.3753558,0.36256698,0.34629354,0.3277811,0.3084811,0.29002735,0.27423596,0.2630577,0.25836512,0.26151013,0.27281713,0.29136455,0.31521404,0.3418732,0.36871073,0.3932316,0.41325346,0.42704237,0.43343994,0.43199167,0.4230772,0.4080368,0.3892699,0.37022692,0.35510984,0.34802,0.35156187,0.36566153,0.38761014,0.41325423,0.43830675,0.4591335,0.47305736,0.47841853,0.47454974,0.46172982,0.44113386,0.41477734,0.38543427,0.356472,0.3314848,0.31358856,0.30443937,0.30351117,0.30829313,0.3153217,0.32127774,0.32362914,0.32084242,0.31237257,0.2985834,0.28066123,0.26052943,0.24071929,0.2240811,0.21317257,0.20934896,0.21208866,0.21921399,0.2278414,0.23527957
152,0.1815361,0.1680062,0.15635058,0.15119109,0.1568067,0.17435424,0.20126952,0.23341642,0.2669087,0.29863366,0.32622874,0.3479991,0.3628868,0.3704854,0.371079,0.36568362,0.35606614,0.34468934,0.33449423,0.32841125,0.32860154,0.33571973,0.3486797,0.36510035,0.38209003,0.39692566,0.40745908,0.41230273,0.4108918,0.40348575,0.3911305,0.37557435,0.35910267,0.34423664,0.33325568,0.32761028,0.3274698,0.33169547,0.33827847,0.34497017,0.3497991,0.35135898,0.34890363,0.34232542,0.3320742,0.31904918,0.30447978,0.28980252,0.27653283,0.26612458,0.2598101,0.2584311,0.26230222,0.27116325,0.28424194,0.30039322,0.31825712,0.33640143,0.3534443,0.3681646,0.3796052,0.38716632,0.39067987,0.39045197,0.38725695,0.3822642,0.3768809,0.37250957,0.37025613,0.37067276,0.3736405,0.3784476,0.3840273,0.3892498,0.39316952,0.39517632,0.39504603,0.39290956,0.38916686,0.3843745,0.37913385,0.3740045,0.36945802,0.36587057,0.3635382,0.3626866,0.36345252,0.36583242,0.36961758,0.37435058,0.3793349,0.3837089,0.38657042,0.38712344,0.38481623,0.3794472,0.3712224,0.36075553,0.34900331,0.33713555,0.32634926,0.31765836,0.31171793,0.30874914,0.30859837,0.3108938,0.3152134,0.321182,0.32846522,0.33668566,0.34532222,0.35365495,0.3607927,0.36578438,0.36778718,0.36625516,0.3611149,0.3529,0.34281218,0.3326608,0.32461253,0.32070756,0.3222287,0.32921064,0.3403993,0.3536794,0.3666799,0.3772686,0.38383582,0.38540247,0.38161662,0.37268764,0.3592895,0.34245658,0.3234943,0.30392376,0.28546765,0.27004915,0.2597168,0.25636604,0.26122418,0.274342,0.2944732,0.3194125,0.3464968,0.37300125,0.39638537,0.414452,0.42547813,0.4283455,0.4226799,0.4090044,0.3889103,0.36523297,0.34214255,0.32486042,0.31849453,0.3259368,0.3462726,0.37537137,0.4079084,0.43896523,0.46468157,0.4823645,0.49042702,0.48830485,0.47638538,0.45594722,0.42909974,0.3987014,0.36820403,0.3413133,0.32132262,0.31014284,0.30750877,0.31106043,0.3173323,0.3229049,0.32512158,0.32234147,0.31394026,0.30022606,0.28234428,0.2621832,0.24223924,0.22533135,0.21400717,0.20965587,0.21182941,0.2184241,0.226599,0.23367502
153,0.17677104,0.16139789,0.14774992,0.14072149,0.14513142,0.1623676,0.18953426,0.22210091,0.25600073,0.28808925,0.31602803,0.33815718,0.35344797,0.36151218,0.36263868,0.35783428,0.3488411,0.33808115,0.32843986,0.32278478,0.32322383,0.33038995,0.34321848,0.35938355,0.3760609,0.39058876,0.4008645,0.40552709,0.4040192,0.39658934,0.38425604,0.36872724,0.3522422,0.33728203,0.32610735,0.32018256,0.31972137,0.3236444,0.33,0.33658516,0.34146053,0.3432385,0.3411789,0.33516765,0.32563683,0.31345788,0.29982418,0.28612986,0.27384257,0.2643636,0.25886923,0.25814587,0.26246098,0.27152285,0.2845465,0.3003909,0.31771353,0.33511046,0.3512377,0.36492115,0.37525827,0.38170928,0.38416886,0.3830048,0.37904772,0.3735117,0.3678291,0.36339924,0.36129117,0.36199105,0.3653015,0.37044325,0.37631,0.3817643,0.38587728,0.3880669,0.38813552,0.38622937,0.38274705,0.37822703,0.37324038,0.368313,0.36388904,0.36033192,0.35794276,0.3569672,0.3575694,0.35977054,0.36337638,0.36793125,0.37273112,0.3769049,0.3795473,0.37987062,0.37734497,0.37180197,0.3634876,0.35305417,0.34148645,0.32996044,0.31964797,0.3115034,0.30609682,0.30356032,0.30367187,0.3060284,0.3102153,0.315892,0.32276976,0.33051303,0.3386304,0.3464185,0.35299543,0.3574211,0.3588746,0.35684898,0.35133064,0.34293234,0.332947,0.32326734,0.31609887,0.31342924,0.31637537,0.32473508,0.33703786,0.35104382,0.36435968,0.3749032,0.38115084,0.38222018,0.377852,0.36833778,0.3544218,0.33720055,0.31804103,0.29853597,0.2804967,0.2659431,0.25698417,0.25546008,0.2623705,0.27741516,0.2990067,0.32470468,0.35172197,0.3772839,0.39884377,0.41422918,0.4217733,0.42045367,0.41004837,0.3913232,0.3662679,0.3383849,0.31290817,0.29643357,0.2950022,0.31085312,0.34098303,0.37929118,0.41946936,0.45637426,0.48625246,0.50661266,0.51607746,0.51427805,0.5017805,0.4800268,0.45127568,0.4185237,0.38535872,0.35564166,0.33286884,0.3192016,0.3145979,0.31678736,0.32223496,0.32736447,0.32935882,0.32645497,0.31795102,0.30411276,0.28606507,0.26568466,0.24545504,0.22817682,0.2163838,0.21147622,0.21304868,0.21904823,0.22666661,0.23323688
154,0.1760575,0.15877138,0.14274378,0.13296697,0.13491416,0.15065105,0.17722327,0.20969191,0.24372314,0.27607122,0.30437386,0.32697144,0.34283647,0.35157406,0.35345465,0.3494529,0.3412646,0.33125204,0.32223335,0.3170144,0.31766894,0.3248417,0.3375248,0.3534723,0.36993715,0.38431638,0.39454213,0.39926428,0.3979139,0.39070725,0.37861198,0.36327088,0.34685287,0.3317804,0.32029107,0.3138816,0.31285095,0.31622857,0.32215968,0.32850707,0.33336547,0.33535627,0.33373,0.32834977,0.31961456,0.30835557,0.29572177,0.2830608,0.271793,0.26327163,0.25862363,0.25858676,0.26338574,0.27269796,0.28572315,0.3013202,0.31815952,0.33486137,0.35011584,0.36279097,0.37203285,0.37735412,0.37870294,0.37649947,0.37162292,0.36532944,0.35908285,0.35429728,0.3520344,0.35275015,0.35620263,0.36156908,0.3677138,0.37348902,0.37796977,0.38058242,0.38113236,0.37975553,0.37682402,0.3728351,0.36831087,0.36373043,0.35950407,0.35598195,0.3534746,0.3522563,0.35253033,0.3543575,0.35757548,0.36174858,0.36618313,0.37001452,0.3723467,0.37240925,0.36969897,0.3640819,0.35584065,0.34565866,0.3345351,0.32363206,0.31407005,0.3067147,0.30202448,0.30002356,0.30041233,0.30275512,0.30664742,0.31178927,0.31794766,0.32484537,0.33204404,0.33888566,0.34452912,0.34807628,0.34875584,0.3461236,0.3402434,0.33181703,0.32222542,0.31341985,0.30758867,0.30658138,0.31125945,0.3211301,0.334509,0.34907553,0.36247164,0.37271726,0.378416,0.37881178,0.37375838,0.36364257,0.34928682,0.33185384,0.31277406,0.29371086,0.27655602,0.26339826,0.25634378,0.25707898,0.26628143,0.2832633,0.30612528,0.332248,0.35877013,0.38290396,0.40212712,0.41432557,0.41793257,0.4120836,0.3968013,0.37323704,0.3440101,0.31365997,0.28896683,0.2780858,0.28701773,0.31545037,0.35734248,0.4050822,0.45215893,0.4937107,0.52633196,0.54783654,0.5571053,0.5539964,0.53928477,0.51461005,0.48242092,0.44589904,0.40881994,0.37525138,0.34893307,0.33228934,0.3254741,0.32624063,0.33089995,0.33564255,0.33743778,0.33437294,0.325662,0.31153673,0.2931198,0.27229992,0.25157204,0.2337385,0.22132865,0.21575032,0.21662875,0.22194746,0.22891775,0.23487398
155,0.18034576,0.16135223,0.14297485,0.13002159,0.12846199,0.14144504,0.16645321,0.19823086,0.2320833,0.26456928,0.2932377,0.31638512,0.33295405,0.3425188,0.345312,0.3422602,0.33499968,0.32582363,0.31747857,0.31271327,0.31358305,0.32076937,0.3333467,0.3491659,0.3655617,0.37998408,0.39038843,0.39542118,0.39448673,0.3877538,0.376124,0.36115888,0.34493992,0.32981387,0.31798342,0.3109796,0.30920866,0.31184518,0.3171668,0.3231239,0.32785043,0.3299704,0.3287127,0.32390454,0.31590122,0.30548716,0.29376543,0.2820409,0.271695,0.26404384,0.26017648,0.2607908,0.26607263,0.2756676,0.28875554,0.30418912,0.3206459,0.33676502,0.351265,0.36304975,0.37130544,0.37558645,0.37588176,0.3726498,0.36680523,0.35963756,0.35264218,0.3472617,0.3445789,0.34505847,0.34845373,0.35392836,0.36033195,0.36650485,0.37151182,0.3747653,0.37604675,0.37545425,0.37330785,0.37004316,0.36611965,0.3619638,0.35795265,0.3544281,0.3517176,0.35013178,0.34992167,0.35119784,0.3538419,0.3574531,0.361364,0.3647318,0.3666829,0.36647385,0.36363396,0.35806444,0.3500803,0.34038526,0.3299752,0.31997386,0.31142184,0.30506918,0.3012445,0.2998581,0.3005369,0.30281994,0.3063183,0.31077477,0.31601354,0.32182115,0.3278249,0.33343294,0.33787155,0.3403139,0.3400674,0.33677602,0.33060047,0.32234007,0.31345314,0.30590892,0.30180174,0.30274466,0.30926523,0.32056057,0.3347714,0.3495612,0.36266842,0.3722623,0.37710676,0.37659526,0.37071097,0.3599471,0.3452113,0.3277361,0.3090147,0.29077306,0.2749603,0.2636833,0.2589602,0.26222715,0.27378657,0.29258588,0.31648293,0.342745,0.36847952,0.39091155,0.40756485,0.41641214,0.41603145,0.4057887,0.38607034,0.35861236,0.3269917,0.29725468,0.27805176,0.27830756,0.3016997,0.34395635,0.39681247,0.4524186,0.50471526,0.5493098,0.5831543,0.60433596,0.61196494,0.60611176,0.58776087,0.55876404,0.5217866,0.48023307,0.43811512,0.3997619,0.36920777,0.34917104,0.33999076,0.33938468,0.3434208,0.34796923,0.34972194,0.34657982,0.33765823,0.32315648,0.30420744,0.28273186,0.2612602,0.242622,0.2293667,0.22292991,0.22297852,0.22753039,0.23380148,0.2391066
156,0.18943197,0.16913252,0.14885719,0.13300811,0.12762763,0.13695064,0.15946536,0.18991327,0.22322212,0.25566655,0.28463528,0.3083331,0.32564086,0.33608153,0.33983684,0.337778,0.3314792,0.32316536,0.31551513,0.3112263,0.31234464,0.31959942,0.33215782,0.34797296,0.3644596,0.3791137,0.38990387,0.39546332,0.39516187,0.38911512,0.3781549,0.36375847,0.3479142,0.33288234,0.32081398,0.31325734,0.31071886,0.31252778,0.317114,0.32253397,0.3269706,0.32905105,0.32797855,0.3235396,0.31604365,0.30623078,0.29516545,0.28412193,0.27445796,0.2674685,0.26421845,0.26537442,0.271086,0.280964,0.29416224,0.30952066,0.32571808,0.34140715,0.35532963,0.36641848,0.3738913,0.37733284,0.37675884,0.37265,0.36593968,0.35793585,0.35015705,0.3440776,0.34081995,0.34089008,0.34407443,0.34955534,0.35618547,0.36279467,0.36842504,0.37245372,0.3746131,0.37493917,0.37368044,0.37119898,0.36788875,0.36412814,0.36027083,0.3566615,0.35365334,0.35159904,0.3507997,0.35141715,0.3533804,0.35633007,0.3596347,0.36248478,0.36404037,0.36359364,0.3607107,0.35532734,0.34778354,0.3387889,0.32931474,0.3204207,0.31304285,0.3078002,0.30489123,0.30412626,0.30507922,0.30728126,0.31036705,0.31412,0.31841353,0.32308966,0.32783863,0.33214083,0.33530486,0.33659628,0.33542463,0.3315437,0.3252251,0.3173648,0.30947253,0.30347577,0.30128688,0.3041989,0.31237277,0.32473055,0.33931097,0.35383266,0.36618102,0.3747056,0.3783496,0.37666866,0.36978477,0.35830468,0.3432259,0.32585126,0.30773017,0.29063204,0.27652243,0.267457,0.26527885,0.27111167,0.28489202,0.3052769,0.32996726,0.35617685,0.38101307,0.4017311,0.4159178,0.42165986,0.41772816,0.40380293,0.3807777,0.35120952,0.31997624,0.29490307,0.28595924,0.30071747,0.33879918,0.39293966,0.45437518,0.5157796,0.5716329,0.6179082,0.6518027,0.6715934,0.6765658,0.6669719,0.6439922,0.6096917,0.56696606,0.5194692,0.4714872,0.42766038,0.3923729,0.3686806,0.357115,0.35531268,0.35901508,0.36368558,0.36567357,0.3626537,0.3536234,0.3387447,0.31916642,0.29685488,0.2743972,0.2546793,0.24030817,0.23278815,0.23185964,0.23558427,0.24116828,0.24587874
157,0.20205061,0.1808715,0.15933572,0.14140628,0.13281742,0.13841748,0.15791522,0.18650843,0.21890043,0.2510613,0.28017044,0.30430248,0.32225183,0.33347675,0.3381035,0.33695033,0.3315368,0.32403013,0.3170517,0.31325507,0.31467688,0.3220892,0.3347441,0.3506887,0.3674099,0.38244194,0.39376083,0.39998358,0.40044636,0.39521694,0.38506606,0.3713967,0.3561117,0.3413838,0.32929692,0.32138646,0.31822437,0.31927022,0.3231001,0.32788327,0.3318621,0.33367562,0.33250833,0.32811302,0.32076246,0.311165,0.30036286,0.2896185,0.28028563,0.273656,0.27078328,0.27230966,0.27834857,0.28847158,0.30180028,0.317156,0.33321413,0.3486373,0.36218646,0.37281844,0.37977505,0.38266164,0.38150844,0.37680358,0.36948243,0.3608539,0.3524439,0.34574884,0.3419327,0.34155825,0.34447065,0.34989724,0.3567116,0.36373818,0.36998942,0.37479252,0.37781402,0.37901378,0.3785615,0.37674713,0.37390885,0.37039298,0.3665472,0.36273405,0.35934156,0.3567663,0.35535526,0.3553137,0.35661054,0.3589234,0.36165708,0.3640392,0.3652689,0.3646782,0.36187106,0.35681322,0.34985897,0.34170654,0.33328128,0.32555798,0.31935626,0.3151682,0.31308377,0.31284657,0.31401092,0.3161239,0.31885365,0.32202014,0.32553193,0.32926768,0.3329634,0.33616075,0.33824795,0.33858815,0.33670193,0.33246034,0.32624474,0.3190292,0.3123309,0.30796707,0.30759743,0.31216353,0.32149494,0.3343218,0.3486654,0.36235598,0.3734532,0.38049647,0.3826105,0.37951386,0.37146857,0.35919663,0.3437856,0.32660425,0.30924416,0.2934878,0.2812647,0.2745084,0.2748253,0.28301832,0.2987206,0.32039493,0.34566513,0.37173745,0.39574212,0.4149786,0.4271136,0.4303759,0.42377833,0.4073988,0.38277206,0.35346174,0.32577446,0.30893254,0.31266263,0.34146354,0.39155713,0.45460337,0.522244,0.5877173,0.6458664,0.69286937,0.72605634,0.7438192,0.74556875,0.73170537,0.7035852,0.66347617,0.61450404,0.5605823,0.5062942,0.45662847,0.41636807,0.38895497,0.37513375,0.37242857,0.37618253,0.38137588,0.38395786,0.38134167,0.37238765,0.3572126,0.33698097,0.31371185,0.29006553,0.26901358,0.25326473,0.2444455,0.24241483,0.24529631,0.2502744,0.2545382
158,0.21636787,0.19464448,0.17243105,0.15335546,0.14271176,0.14541312,0.16208458,0.18865836,0.21988653,0.25152412,0.2805492,0.3048961,0.32326522,0.33504888,0.34032327,0.339865,0.33515477,0.32831967,0.32193866,0.31862783,0.3204083,0.3280759,0.34094393,0.35713276,0.3741875,0.38967362,0.40157342,0.40849212,0.40974173,0.40535668,0.3960649,0.3832152,0.36864224,0.354439,0.34261218,0.3346517,0.33114493,0.3316321,0.33480278,0.33892855,0.34231627,0.34363008,0.34205174,0.33731827,0.3296852,0.31985027,0.3088557,0.2979746,0.28857678,0.28196684,0.27919754,0.28089023,0.28712043,0.29741576,0.3108605,0.3262537,0.34226534,0.3575666,0.37093604,0.3813516,0.3880745,0.39072385,0.3893357,0.38439474,0.37682506,0.36792058,0.35919607,0.35215098,0.34797564,0.34728312,0.34998217,0.35535714,0.36231524,0.36968285,0.37644368,0.38187188,0.385565,0.38740766,0.38749847,0.38607043,0.3834269,0.37990534,0.37586892,0.3717139,0.36787087,0.36477897,0.36282173,0.36223325,0.3630058,0.3648395,0.36716488,0.36924085,0.37030238,0.36971885,0.36712703,0.36251384,0.3562343,0.34895876,0.3415506,0.3348913,0.32969013,0.32633656,0.324851,0.3249539,0.32621774,0.32823065,0.33070445,0.33349264,0.3365244,0.3396932,0.34275538,0.3452895,0.34674352,0.34656292,0.34436712,0.34012994,0.33431965,0.32795087,0.32249603,0.31960922,0.32067436,0.32631737,0.33612573,0.34873706,0.36222515,0.3745623,0.3839856,0.38921508,0.3895449,0.3848466,0.37551534,0.36238375,0.3466246,0.32966295,0.31311288,0.29873475,0.28837126,0.28378215,0.2863158,0.29649183,0.3137256,0.33637518,0.36204988,0.38798314,0.41134724,0.4295011,0.44020903,0.44186732,0.4337691,0.41644585,0.39213836,0.36542556,0.34376422,0.33679688,0.35262817,0.3927446,0.45162585,0.5209567,0.5929151,0.6611277,0.72063184,0.76769644,0.7997086,0.81512207,0.8134332,0.7951584,0.76180285,0.7158162,0.66053915,0.6001372,0.5394944,0.48396644,0.43877128,0.40778238,0.39198405,0.38876766,0.3930191,0.39917415,0.4027401,0.400845,0.39219934,0.37686706,0.3560249,0.3317467,0.30677673,0.28419745,0.2668626,0.25657642,0.25336587,0.25543967,0.25995228,0.26398638
159,0.23049189,0.20844905,0.18599202,0.16654883,0.15501918,0.15605739,0.17070307,0.19555567,0.2256234,0.2565988,0.28532633,0.30962843,0.32812718,0.34016266,0.34577686,0.34572306,0.34146377,0.33510655,0.32920444,0.32634184,0.32851392,0.3365143,0.3496844,0.3661893,0.38361508,0.3995525,0.4119934,0.41954142,0.42150018,0.41789094,0.40942234,0.3974131,0.38365108,0.37016162,0.35886946,0.35119006,0.3476758,0.34788883,0.35058466,0.35411224,0.35683995,0.3574687,0.35519737,0.3497705,0.34145117,0.33095133,0.3193368,0.30791235,0.29808116,0.2911726,0.28824463,0.28989872,0.29616997,0.3065386,0.32004935,0.3354784,0.35149142,0.36676985,0.38011068,0.39051238,0.3972534,0.39996317,0.3986784,0.3938741,0.38645473,0.37768757,0.3690595,0.36205062,0.35785136,0.3571008,0.35975465,0.3651486,0.37222618,0.37982255,0.38690093,0.3926912,0.3967334,0.39885253,0.39909682,0.3976674,0.3948599,0.3910286,0.38657358,0.38193896,0.37760356,0.37404594,0.37167466,0.3707349,0.37122115,0.37283465,0.375013,0.37703124,0.37814844,0.37776065,0.37552667,0.37144208,0.36584917,0.35937813,0.35282454,0.3469827,0.3424738,0.33962187,0.33842304,0.33861804,0.33983162,0.34171495,0.34403372,0.34667414,0.3495758,0.35262784,0.35558102,0.35802066,0.3594227,0.35928327,0.35728815,0.35347873,0.34836894,0.34296766,0.33865952,0.33691627,0.3388748,0.3449272,0.35452393,0.3662965,0.37841597,0.38900506,0.39646536,0.39967638,0.39808035,0.3916834,0.38099983,0.3669622,0.35081843,0.33403707,0.31823412,0.305117,0.29640594,0.29366347,0.29799378,0.30969238,0.32803816,0.3513549,0.37728333,0.40311202,0.42607486,0.44360676,0.45358562,0.45459095,0.44620988,0.42942882,0.40714633,0.3847495,0.3702751,0.3728565,0.3986023,0.44698104,0.5118999,0.58542114,0.6601656,0.7300053,0.7900739,0.8366693,0.8671936,0.8801282,0.87502337,0.8524806,0.8141228,0.7625506,0.7012902,0.63473463,0.5680527,0.50696516,0.45714456,0.42293224,0.4055779,0.40232363,0.40754935,0.41510338,0.42003018,0.41916656,0.41107127,0.3957528,0.37439632,0.3491286,0.32278267,0.29856974,0.2795241,0.26767722,0.26327094,0.2646233,0.268854,0.272915
160,0.24278964,0.22056805,0.19815972,0.17890464,0.16740535,0.16794178,0.18157162,0.20530556,0.23445404,0.26477286,0.2930635,0.3170906,0.33543256,0.34740353,0.35303417,0.35307658,0.3489965,0.34290165,0.33733395,0.3348506,0.33741012,0.34577745,0.3592881,0.3761227,0.3938911,0.41020533,0.4230732,0.4311103,0.43363062,0.43066403,0.4229234,0.41172075,0.39881703,0.38618174,0.3756549,0.3685551,0.36535704,0.36559165,0.36803234,0.37107518,0.37314114,0.3729756,0.36981228,0.36342603,0.35411125,0.3426167,0.33005193,0.31776935,0.30721703,0.29975578,0.29645106,0.29788375,0.3040469,0.31437248,0.32786682,0.34328666,0.3592976,0.37459528,0.38799813,0.39852658,0.40547633,0.40848586,0.4075908,0.4032539,0.3963561,0.38813084,0.38002422,0.37347603,0.36964732,0.36916968,0.37201518,0.3775505,0.38474795,0.3924553,0.39962685,0.4054657,0.40947604,0.41144884,0.41141033,0.40955925,0.40621135,0.40176216,0.39666706,0.39142945,0.38658026,0.38263348,0.38001177,0.37895417,0.37943575,0.38113558,0.38347536,0.38572562,0.3871511,0.38715824,0.3854127,0.3819048,0.3769528,0.3711411,0.36520144,0.3598582,0.35567528,0.35295135,0.35169977,0.3517177,0.352709,0.35440525,0.35663524,0.3593203,0.36240515,0.36576155,0.36911315,0.37202284,0.37395918,0.374429,0.37314087,0.37015712,0.3659899,0.3615999,0.35826012,0.35727215,0.3595845,0.36544737,0.37426656,0.38473007,0.3951313,0.40373957,0.40910125,0.4102293,0.40668747,0.39859244,0.3865574,0.3715986,0.35502568,0.3383369,0.3231336,0.31105077,0.30367005,0.30235875,0.30800965,0.3207539,0.3397983,0.36348325,0.38951543,0.4152633,0.43804246,0.4553806,0.46528003,0.46650454,0.45891753,0.4439019,0.42486417,0.40766558,0.40035468,0.41107634,0.4442472,0.4982399,0.5669621,0.642921,0.7190933,0.7895248,0.8494058,0.89504105,0.92382914,0.9342599,0.92591316,0.8994462,0.8565653,0.7999837,0.7333733,0.66131496,0.58922803,0.523178,0.46929386,0.43240914,0.41405705,0.41130942,0.41799667,0.42735568,0.4339724,0.43440825,0.42708313,0.4119551,0.39021632,0.36404192,0.33635235,0.31049624,0.28971258,0.2762984,0.2707499,0.27151594,0.27567777,0.28003705
161,0.25202906,0.22971438,0.2075359,0.18882415,0.17797352,0.17887677,0.19237825,0.21564373,0.24422325,0.27399576,0.30179414,0.32538256,0.34333658,0.3549751,0.36034197,0.36020908,0.3560635,0.35002846,0.34464556,0.34244767,0.3453477,0.35406062,0.36788836,0.38500288,0.4030243,0.41958463,0.43271577,0.4410598,0.4439591,0.4414722,0.43433642,0.42387605,0.41184035,0.40015158,0.3905628,0.38427904,0.38166568,0.38218147,0.38457868,0.3872737,0.38872942,0.38773954,0.3835861,0.37609163,0.36560017,0.35291383,0.33919865,0.3258637,0.3144065,0.30622077,0.30237883,0.30344,0.30935562,0.31951213,0.3328825,0.34821045,0.3641683,0.37947163,0.39296472,0.40369233,0.41096878,0.41444212,0.4141472,0.41053462,0.40446106,0.39712268,0.3899161,0.3842232,0.3811486,0.3812816,0.38457543,0.39040005,0.397742,0.40546134,0.41251513,0.41809985,0.42170972,0.4231308,0.42239735,0.41973424,0.4155029,0.41016036,0.40423185,0.39828834,0.3929154,0.38865915,0.3859474,0.38499874,0.38575026,0.38783714,0.39064255,0.39341018,0.3953896,0.39597866,0.39483318,0.39192492,0.38754,0.38221693,0.376634,0.37146744,0.36725497,0.36430487,0.36268064,0.36226198,0.36285058,0.36427122,0.36642444,0.36927125,0.37276182,0.3767439,0.38089934,0.3847446,0.38770866,0.3892695,0.38911408,0.38727906,0.3842314,0.38085225,0.37829605,0.3777225,0.37995452,0.38517976,0.39282918,0.40168965,0.41019058,0.41674018,0.42000926,0.41911754,0.41372156,0.40402073,0.3907024,0.37484598,0.3578068,0.34110036,0.32630327,0.31497127,0.3085488,0.3082259,0.3147218,0.32805276,0.34740034,0.37115708,0.39712262,0.42276815,0.4455114,0.4629875,0.47332808,0.47546774,0.4695014,0.45710728,0.44199973,0.4301763,0.42930353,0.44644094,0.48477775,0.542188,0.61283225,0.6896654,0.7659813,0.83598214,0.8949148,0.9390941,0.96591544,0.9738685,0.96254545,0.9326326,0.88588446,0.8250843,0.7540016,0.67735445,0.6007645,0.53060496,0.47344798,0.43463036,0.41597328,0.41434258,0.4229746,0.43449032,0.44305053,0.44498244,0.43859708,0.4238169,0.40184292,0.37489307,0.34596834,0.31855375,0.29610443,0.28120846,0.27464503,0.27500877,0.27933672,0.28426355
162,0.2574289,0.23506975,0.21321313,0.19523191,0.18538237,0.18719743,0.20119585,0.22451468,0.25285184,0.28221902,0.3095259,0.33258057,0.3499914,0.3611086,0.36600956,0.365501,0.36110273,0.35496205,0.3496254,0.3476027,0.35075572,0.35973632,0.37379542,0.39108083,0.40921542,0.4258528,0.43905765,0.44751164,0.4506007,0.44842762,0.4417689,0.4319741,0.4207906,0.41009846,0.4015615,0.39625996,0.3944292,0.39542872,0.39796293,0.40044898,0.40138313,0.39960882,0.39446437,0.38583103,0.37411314,0.36017415,0.3452414,0.33078137,0.31833932,0.3093385,0.30485603,0.30542976,0.31097254,0.32083172,0.3339552,0.34908265,0.36490116,0.38015282,0.39371186,0.4046502,0.41230226,0.4163271,0.41676036,0.4140426,0.40900785,0.4028147,0.39680496,0.39228982,0.39029515,0.39133745,0.39531785,0.40158117,0.409111,0.41677606,0.4235452,0.4286269,0.43152988,0.43206236,0.4302935,0.4264988,0.4211056,0.41464776,0.40773052,0.40099826,0.39509267,0.39059016,0.38791797,0.38726452,0.38851508,0.39124388,0.39477617,0.39830843,0.40105516,0.40238705,0.40193418,0.3996382,0.39574772,0.3907582,0.38530672,0.3800421,0.37550172,0.3720297,0.36976174,0.3686764,0.36868453,0.36971256,0.37174037,0.37477592,0.37877965,0.3835757,0.38879675,0.39389694,0.3982403,0.40124294,0.40253195,0.4020788,0.40027103,0.39788973,0.39597312,0.39556926,0.39742827,0.4017349,0.40799394,0.41511962,0.42168534,0.42623055,0.42753208,0.4247912,0.41772816,0.4065953,0.3921261,0.37543964,0.35791922,0.3410868,0.32649055,0.31561083,0.30976874,0.31000257,0.31689373,0.3303815,0.34965417,0.37318116,0.39887643,0.4243349,0.44709533,0.46491298,0.4760478,0.47958195,0.47578135,0.4665011,0.4555634,0.4488308,0.45337528,0.47525588,0.51682603,0.5758061,0.64672446,0.7229868,0.79820377,0.8667514,0.9239575,0.9661688,0.9907896,0.99631107,0.98232687,0.9495294,0.8996875,0.8356106,0.76111335,0.6809935,0.6010166,0.52781487,0.4683787,0.42854714,0.4104127,0.41057205,0.42161435,0.43556288,0.44621983,0.44974715,0.44439554,0.43007678,0.40800726,0.38044184,0.35045072,0.32164568,0.29769775,0.28149796,0.27412486,0.2743223,0.2790706,0.28482175
163,0.25867093,0.23628795,0.21476687,0.19755596,0.18883148,0.19181357,0.206656,0.2303557,0.25867927,0.2877576,0.31459787,0.3370802,0.35386965,0.3643656,0.36869052,0.3676925,0.3629268,0.3565648,0.35115746,0.3491913,0.3524761,0.3615971,0.37574804,0.3930476,0.41112027,0.4276453,0.44072825,0.4491006,0.45220232,0.45019007,0.4438882,0.43467814,0.42431054,0.41462553,0.4071968,0.40297413,0.40205234,0.4036774,0.4064909,0.40889934,0.40942666,0.406966,0.40091518,0.3912184,0.37834293,0.3632134,0.34711474,0.3315645,0.318148,0.3083119,0.3031353,0.30313703,0.30819845,0.31763762,0.3303885,0.34519675,0.36077225,0.375889,0.38945425,0.40056866,0.40858766,0.4131827,0.41439268,0.41265148,0.4087743,0.40388468,0.39926857,0.39615875,0.3954862,0.397671,0.4025347,0.40937185,0.41714624,0.4247297,0.43110833,0.43551657,0.43749708,0.4369017,0.4338553,0.42870194,0.42194882,0.41421616,0.40619513,0.39860666,0.39215004,0.38743213,0.3848781,0.38464218,0.3865503,0.39010453,0.39455807,0.39904416,0.40272525,0.40492877,0.40524536,0.40357694,0.40013096,0.39536327,0.38988036,0.3843197,0.3792363,0.37502635,0.3719094,0.36996984,0.36923167,0.36972743,0.37152296,0.37468228,0.37918597,0.3848416,0.39123386,0.39774728,0.40366477,0.40831667,0.41124102,0.4123146,0.41182056,0.41042745,0.40906256,0.40868726,0.41001746,0.41327605,0.418074,0.4234716,0.42819107,0.4308965,0.43045482,0.42612562,0.41766465,0.40534648,0.38992104,0.37252092,0.35453844,0.3374923,0.3229028,0.3121865,0.30656257,0.30694675,0.3138145,0.3270563,0.34588832,0.36887378,0.39405754,0.41917613,0.44190615,0.46013302,0.47224087,0.47743112,0.4760765,0.47009432,0.4632439,0.46106285,0.4699376,0.49506027,0.53822464,0.59719074,0.6669127,0.74125946,0.81418234,0.88026816,0.93496525,0.97468483,0.99686253,1.0,0.983688,0.9486074,0.8965103,0.83019006,0.7534537,0.67111784,0.58902925,0.5140246,0.45348153,0.41372967,0.3970851,0.39976653,0.41364932,0.43020588,0.44298637,0.44808617,0.44376215,0.42995042,0.40789372,0.37987864,0.34903023,0.31907082,0.29387718,0.27664343,0.2687489,0.2690737,0.27451602,0.28132835
164,0.25589672,0.23348916,0.21224459,0.19570667,0.18802801,0.1921824,0.2079674,0.23218204,0.26060417,0.2894634,0.31586933,0.3377869,0.35394955,0.36381274,0.36754575,0.36603472,0.36086354,0.35421962,0.3486526,0.34662423,0.349896,0.35899287,0.37305722,0.39018285,0.4080007,0.42422134,0.43699753,0.44511646,0.4480769,0.44609284,0.44003838,0.4313285,0.4217184,0.4130099,0.4066885,0.40357444,0.4036209,0.40595677,0.40915588,0.4116092,0.41186514,0.40886495,0.40206498,0.39147022,0.37760636,0.36145157,0.3443375,0.32782024,0.31351322,0.30287838,0.29699498,0.29636842,0.3008597,0.3097711,0.32203513,0.33641353,0.35164505,0.36653838,0.38003424,0.3912611,0.39959472,0.40471953,0.40668023,0.40590882,0.40320793,0.3996722,0.3965354,0.39495045,0.3957448,0.39922625,0.4051166,0.41264024,0.4207262,0.4282425,0.43419382,0.43784893,0.4387968,0.43694678,0.43249232,0.42585626,0.41763222,0.40853038,0.39932913,0.39082658,0.38378134,0.37883377,0.37641063,0.37663454,0.379272,0.38374883,0.38923815,0.39479896,0.39952907,0.4026998,0.4038511,0.40283743,0.39982194,0.39522335,0.3896247,0.38366196,0.37791738,0.37284547,0.36875138,0.36582297,0.3641946,0.36400446,0.3654094,0.3685405,0.37341312,0.3798328,0.38734612,0.39527014,0.40280017,0.4091666,0.41379938,0.41645995,0.41731095,0.41690058,0.41605046,0.4156528,0.4164149,0.41862354,0.4220159,0.42580944,0.42887756,0.43000302,0.42812878,0.42255163,0.41303584,0.39984795,0.38372335,0.36578056,0.34740004,0.33008677,0.31533596,0.30451596,0.29877025,0.29892328,0.30537412,0.3179865,0.33601874,0.35813835,0.38253284,0.40709457,0.42965165,0.44822717,0.4613236,0.46823373,0.46937752,0.4666358,0.46357346,0.46528196,0.47743842,0.5044928,0.5478601,0.60544664,0.672663,0.7438603,0.81336516,0.8760218,0.9274457,0.96415263,0.9836379,0.98442954,0.9661169,0.9293571,0.87586045,0.80836535,0.7306219,0.6474072,0.56458724,0.48915026,0.42883262,0.39043403,0.37639666,0.38238183,0.39947063,0.4186755,0.43344948,0.43995056,0.43652415,0.42317367,0.40118313,0.3728668,0.34138894,0.31056228,0.2844527,0.26654735,0.2585108,0.25932187,0.26575154,0.27383322
165,0.24969308,0.22724852,0.20615691,0.19006537,0.18316458,0.18827604,0.20489025,0.2295871,0.25811565,0.2867815,0.31279093,0.3341944,0.34979376,0.35909745,0.3623133,0.36035326,0.35481447,0.3478852,0.3421027,0.3399022,0.3430055,0.35189277,0.36567125,0.38242304,0.39979446,0.41553336,0.4278431,0.43556744,0.4382626,0.43619663,0.4302897,0.4219873,0.4130487,0.40524074,0.39996684,0.39792624,0.39893848,0.4020208,0.40568155,0.40829584,0.40843454,0.40508342,0.39775237,0.3864995,0.37189838,0.35496685,0.337067,0.31977618,0.30472088,0.29336926,0.286801,0.28551736,0.28937462,0.2976759,0.3093659,0.32323036,0.33803996,0.35263658,0.3659905,0.37725347,0.38581842,0.3913818,0.3939967,0.3940992,0.39248845,0.39024094,0.38854814,0.38848937,0.39078838,0.39563364,0.40263456,0.41093093,0.4194042,0.42691052,0.43247044,0.43538886,0.4353059,0.43219376,0.4263187,0.41818407,0.40846896,0.39797023,0.38754967,0.3780806,0.37038273,0.36513612,0.36277914,0.36341348,0.3667544,0.37215528,0.37870795,0.38539153,0.3912308,0.39543152,0.3974744,0.39715987,0.39460385,0.3901883,0.3844759,0.3781047,0.37168565,0.36572865,0.3606165,0.35662955,0.3540015,0.35296994,0.35378507,0.356657,0.36165577,0.3686073,0.3770396,0.38621444,0.39524278,0.40325046,0.409549,0.41377285,0.41595405,0.4165165,0.41617987,0.41577837,0.41602546,0.41728613,0.41943392,0.42184836,0.42355353,0.42344433,0.42052695,0.41411588,0.40395886,0.39028502,0.3737844,0.35553223,0.33687407,0.3192885,0.30424684,0.2930858,0.28690174,0.2864616,0.29211754,0.30372673,0.32060018,0.3415158,0.36481056,0.38854223,0.41070026,0.42945054,0.44340757,0.45193085,0.45543766,0.4556949,0.4559798,0.46086708,0.47533435,0.5031898,0.5455836,0.6006239,0.6641922,0.7311402,0.79620636,0.85454005,0.90197283,0.93516725,0.95171124,0.95017904,0.93016654,0.89230126,0.8382325,0.7706129,0.6930927,0.6103582,0.5282413,0.453841,0.39523804,0.3596707,0.34952405,0.359618,0.38016117,0.4018705,0.41831473,0.4258711,0.42306653,0.410019,0.38807097,0.3595619,0.32768017,0.2963087,0.26968357,0.251567,0.2438715,0.24560107,0.253327,0.2628428
166,0.2410572,0.2185707,0.19746388,0.18147823,0.17491013,0.18056092,0.19770788,0.22271776,0.25127935,0.27974778,0.3054109,0.32639474,0.34156018,0.35045612,0.3533132,0.35104945,0.34525338,0.33809304,0.3320787,0.32961655,0.33240137,0.34089193,0.35418573,0.37037292,0.3871271,0.4022383,0.41396,0.42118794,0.42352796,0.42129296,0.41544005,0.40743908,0.39905253,0.39201838,0.38767105,0.3866055,0.3885242,0.3923457,0.39652,0.39940828,0.39960134,0.39612374,0.38852966,0.37691838,0.36189598,0.34450185,0.32610837,0.30829385,0.29268104,0.28073502,0.27353776,0.27159965,0.2747921,0.28243864,0.29350948,0.30681992,0.3211705,0.3354294,0.3485872,0.35981008,0.36850154,0.3743674,0.37747106,0.37826,0.37754202,0.37639168,0.3759758,0.37731552,0.3810409,0.3872231,0.39535415,0.4044795,0.41342238,0.42101726,0.4262937,0.42858833,0.42758927,0.42332876,0.41614133,0.40660423,0.39547288,0.38362032,0.37198204,0.36150068,0.35305783,0.34738284,0.3449422,0.34583688,0.34974927,0.355973,0.36352453,0.3713029,0.37825564,0.38351658,0.3865005,0.3869485,0.38492584,0.38077623,0.37504107,0.3683584,0.36136216,0.35460648,0.34853503,0.34350026,0.33981523,0.337803,0.33780432,0.3401198,0.3448985,0.35201797,0.36101803,0.37112847,0.38138944,0.39082658,0.3986312,0.40430564,0.40774694,0.40925327,0.40944493,0.40910423,0.4089579,0.40945444,0.41060603,0.4119534,0.41266716,0.41174647,0.40824813,0.40148643,0.39116955,0.3774621,0.36097896,0.3427229,0.32397884,0.30618224,0.29077715,0.27908164,0.2721728,0.27079523,0.27528697,0.28552052,0.30087015,0.32022786,0.34208307,0.36466357,0.38612553,0.4047799,0.41934717,0.4292335,0.43481517,0.43768963,0.44078612,0.44812915,0.46402287,0.4917115,0.5321496,0.58367133,0.64263016,0.7043904,0.7641341,0.81735903,0.8601582,0.88938296,0.902747,0.8988947,0.8774409,0.8389845,0.785103,0.71834147,0.6422188,0.56129295,0.4813268,0.409516,0.354302,0.3233046,0.3185085,0.33346868,0.35750356,0.38131976,0.39887646,0.4069431,0.4043216,0.39129022,0.36926675,0.34061506,0.30853596,0.2769665,0.25029764,0.23254298,0.2257935,0.22895083,0.23828085,0.24932507
167,0.23132315,0.20882902,0.18753558,0.17124055,0.16440584,0.16998832,0.18720593,0.21224631,0.24070747,0.26895905,0.29434457,0.3150462,0.32996577,0.33867362,0.3414016,0.33904973,0.33317226,0.3258928,0.3196772,0.3168992,0.3192412,0.32716936,0.33980346,0.35526633,0.37127233,0.38565668,0.39671817,0.40339428,0.40532708,0.40285936,0.3969717,0.38914964,0.38115874,0.3747185,0.37111485,0.37086445,0.37357774,0.3780933,0.38281313,0.3860867,0.38652053,0.38316894,0.37561795,0.36399245,0.3489129,0.33141968,0.31287372,0.2948331,0.2788991,0.26652423,0.2587954,0.25624764,0.25879014,0.26578814,0.2762503,0.28902328,0.30293015,0.3168526,0.32978702,0.34090084,0.3495982,0.35558945,0.35894927,0.36014426,0.360006,0.35962874,0.3601809,0.36265188,0.3675992,0.3749889,0.38419822,0.39417285,0.40366787,0.41148478,0.4166511,0.41852477,0.41683197,0.41165426,0.40338233,0.39265284,0.38028085,0.3671975,0.35439524,0.3428741,0.33357528,0.32728764,0.3245289,0.32542953,0.3296694,0.336506,0.34489456,0.3536597,0.36167106,0.36798698,0.37195137,0.3732414,0.37186787,0.3681329,0.36255267,0.3557585,0.3483957,0.34104487,0.3341862,0.32821482,0.32349333,0.3204059,0.3193722,0.32079053,0.3249151,0.33171514,0.3407852,0.3513597,0.36243317,0.37294486,0.38197163,0.388885,0.393447,0.39583084,0.3965597,0.39636648,0.39599258,0.39596865,0.39644113,0.39710534,0.39726996,0.396028,0.39247367,0.38590467,0.37596947,0.3627445,0.34674346,0.32886863,0.31031808,0.29246274,0.27670854,0.26435933,0.25649416,0.25386855,0.25684166,0.26532844,0.278781,0.29621056,0.31625965,0.33732665,0.35773543,0.37594128,0.39076453,0.40164283,0.40888494,0.41388333,0.41918713,0.4282641,0.44478115,0.47147977,0.5091608,0.55638707,0.60997295,0.66579694,0.7195053,0.7669781,0.8046082,0.82947236,0.8394424,0.8332578,0.8105688,0.77195346,0.7189166,0.653886,0.58023417,0.5023749,0.42600062,0.3584415,0.30856514,0.28423056,0.28637293,0.30673537,0.33393306,0.35911795,0.37695757,0.38477725,0.38173223,0.3682969,0.34597835,0.31716612,0.28506884,0.25367242,0.22751804,0.21083938,0.20578182,0.2109377,0.22213468,0.23468345
168,0.22201803,0.19963013,0.17804392,0.1610324,0.15324037,0.15798248,0.17465281,0.19933859,0.22751616,0.2555211,0.28071404,0.30130354,0.31620735,0.32499358,0.32787132,0.3256976,0.3199667,0.31273368,0.30640158,0.30330646,0.30513152,0.31238022,0.3242293,0.33886164,0.35404608,0.36766392,0.3780508,0.3841713,0.38568547,0.38294688,0.37694272,0.36916366,0.36137858,0.35530314,0.35220256,0.35255027,0.35589787,0.36102778,0.36630583,0.37007084,0.37093827,0.36798015,0.3607991,0.34952793,0.33478236,0.3175837,0.29926077,0.28133154,0.265359,0.25277317,0.24466717,0.24161424,0.24358343,0.25000247,0.25992966,0.27224162,0.28577265,0.29940096,0.31211066,0.32305437,0.33162487,0.33752993,0.34085473,0.34209144,0.34211108,0.34205312,0.34312162,0.34631205,0.35214317,0.3604996,0.37065375,0.38145044,0.3915673,0.39975968,0.40503797,0.40676615,0.40469274,0.39893207,0.38991296,0.37831113,0.3649784,0.35087955,0.3370395,0.32449585,0.31423953,0.30712557,0.3037477,0.3043054,0.3085192,0.31564763,0.3246092,0.3341668,0.34311616,0.35043868,0.35540417,0.35762182,0.3570439,0.35392636,0.34875387,0.34214112,0.3347297,0.32710448,0.31975263,0.31307626,0.30744833,0.30327788,0.30103844,0.30122122,0.30420715,0.31010142,0.31860924,0.32902226,0.34032956,0.35140982,0.36123958,0.36906695,0.37452316,0.37765935,0.37890387,0.37894082,0.37852347,0.37825787,0.3784143,0.37882987,0.37893778,0.37791076,0.37486628,0.3690705,0.36009604,0.3479134,0.33291495,0.31588042,0.29789725,0.2802488,0.26428458,0.25128615,0.24234165,0.23824021,0.23939377,0.24579032,0.25698116,0.27210674,0.2899652,0.3091244,0.32807383,0.34540972,0.3600462,0.3714415,0.37982106,0.38635492,0.3932037,0.40329367,0.41969934,0.4447125,0.47900543,0.5213588,0.5690239,0.61838114,0.6655473,0.7068043,0.7388716,0.75908047,0.7654883,0.75695413,0.7331832,0.69474745,0.6430887,0.5805246,0.51028913,0.4366726,0.3653543,0.30392772,0.26180333,0.24665052,0.25718257,0.28290346,0.31235963,0.33776155,0.35477626,0.36139736,0.3571764,0.34280187,0.3198787,0.29082784,0.25887346,0.22806498,0.2031068,0.1883995,0.18591724,0.19363476,0.20682472,0.22066563
169,0.21461652,0.19255714,0.17071795,0.15272626,0.14333709,0.1463831,0.16175452,0.1855993,0.21325548,0.24096245,0.2660448,0.286698,0.301825,0.31096584,0.31428385,0.31257123,0.30724117,0.30025998,0.29395157,0.29060668,0.2919172,0.29844776,0.30946377,0.32323438,0.3375959,0.3504754,0.36023477,0.36584878,0.36697513,0.3639571,0.35776982,0.34989682,0.34211013,0.3361377,0.33325696,0.33394024,0.3377204,0.3433518,0.3491769,0.35352334,0.35500598,0.35270005,0.34620756,0.33565152,0.32162502,0.30511317,0.28739625,0.26993698,0.25424677,0.24172352,0.23346387,0.2300862,0.23163405,0.23761302,0.247139,0.2591158,0.27237663,0.2857796,0.2982792,0.30899793,0.31730494,0.32289684,0.32586512,0.32672986,0.326413,0.32612357,0.32713893,0.33050746,0.33675608,0.34572387,0.35659808,0.368126,0.37889987,0.3876141,0.39324418,0.39514107,0.39305618,0.3871166,0.37776813,0.36570254,0.35178322,0.33698052,0.3223224,0.30885568,0.29760027,0.28947216,0.28515908,0.28497007,0.2887203,0.29572073,0.30489182,0.31495744,0.32464924,0.3328741,0.33882594,0.3420428,0.3424141,0.34014422,0.33567843,0.3296035,0.3225408,0.31505665,0.30761546,0.30058956,0.2943196,0.28919396,0.28569898,0.28439337,0.28578755,0.290159,0.29738504,0.30688372,0.3176984,0.32868946,0.3387596,0.347049,0.35306725,0.35674933,0.35843167,0.35874885,0.35846022,0.35823557,0.3584526,0.35907078,0.3596277,0.3593576,0.3573854,0.35293275,0.3454858,0.33489925,0.32143372,0.30573407,0.28876176,0.27169418,0.25580436,0.24233358,0.23236857,0.22673413,0.22591032,0.22998108,0.23861912,0.25110957,0.2664134,0.28326908,0.3003293,0.3163273,0.33026573,0.34161726,0.35051802,0.3579147,0.3655916,0.3759687,0.39158335,0.4143292,0.44476792,0.48187748,0.5233106,0.5659213,0.6062845,0.64108604,0.6673841,0.68278164,0.68554187,0.67466444,0.6499316,0.61193067,0.5620642,0.50256854,0.4365835,0.3683571,0.30371854,0.25079438,0.2195673,0.21626125,0.23571637,0.26564732,0.29573375,0.3198123,0.334692,0.33904988,0.33282676,0.3169216,0.2930414,0.26365304,0.23202476,0.20231439,0.17941818,0.16777836,0.16879603,0.17945422,0.19448139,0.20914316
170,0.21020484,0.18878874,0.16692528,0.14797498,0.13662873,0.137237,0.150511,0.17294182,0.19976954,0.2270768,0.2520886,0.27293986,0.28848475,0.29821044,0.3022154,0.3012122,0.29652053,0.29000658,0.28390405,0.28044963,0.28134277,0.28722036,0.29745647,0.31042618,0.3240438,0.33628145,0.34551746,0.35072136,0.35152996,0.34825695,0.34184748,0.33376527,0.32578295,0.3196544,0.31670067,0.31743726,0.32142186,0.3274121,0.33374074,0.3387229,0.34096175,0.3395198,0.33398136,0.32444322,0.31146166,0.2959736,0.2792016,0.26254565,0.24745908,0.2353011,0.22716565,0.22371265,0.22506095,0.23079781,0.24009885,0.2518919,0.26500136,0.2782543,0.29056472,0.3010147,0.30894026,0.31401786,0.31633717,0.31644085,0.31530344,0.31421775,0.31456652,0.31749976,0.32360852,0.33273545,0.34401366,0.35610393,0.36750835,0.3768461,0.38303897,0.38540432,0.3836756,0.3779718,0.36873475,0.35665104,0.34257266,0.32745034,0.31228647,0.29810566,0.2859261,0.27670258,0.27121493,0.26990834,0.27274412,0.27914697,0.28809282,0.29830286,0.30846468,0.31741884,0.3242851,0.32852826,0.32997096,0.3287597,0.32529193,0.32011485,0.31381425,0.30691874,0.2998464,0.2929111,0.28638574,0.28059444,0.27598587,0.27313748,0.27265814,0.2750017,0.28026316,0.28806034,0.297569,0.30769625,0.31731626,0.3254902,0.331624,0.3355471,0.33750904,0.3380938,0.33805832,0.33812004,0.33874094,0.33997598,0.34144047,0.34240714,0.34199175,0.33936182,0.33391294,0.3253839,0.3139049,0.29998636,0.28446126,0.2683941,0.2529692,0.23937036,0.22866331,0.22169119,0.21899182,0.22074395,0.22674759,0.23644075,0.24895355,0.26319793,0.27798948,0.29219633,0.30490756,0.3156101,0.3243556,0.33188233,0.339631,0.3495699,0.36376804,0.38377756,0.41006696,0.4417866,0.47694415,0.51282257,0.5464227,0.57481605,0.5953928,0.60603046,0.60520804,0.5920823,0.5665349,0.5291991,0.4814802,0.42559603,0.36469588,0.30317357,0.24734037,0.2062013,0.18953714,0.19939356,0.22611876,0.25774777,0.28628322,0.3073455,0.31878936,0.3198825,0.3109023,0.29293823,0.26780546,0.23804711,0.20703396,0.17910941,0.15936524,0.15197147,0.15714881,0.17065583,0.18695651,0.2017083
171,0.20916122,0.18871962,0.16719961,0.14763394,0.1344526,0.13230188,0.14285062,0.16329062,0.18891957,0.21564527,0.24053666,0.26162088,0.27767062,0.28809938,0.29292902,0.29278713,0.28889892,0.28303057,0.27732348,0.27395335,0.27461705,0.28001663,0.2896359,0.30196178,0.31499138,0.32674107,0.33559957,0.34052104,0.34110945,0.33763593,0.33100295,0.32264346,0.31432542,0.3078346,0.30455795,0.30509043,0.30905497,0.3152434,0.32199368,0.32760805,0.33066767,0.33020777,0.32577997,0.31744212,0.3057043,0.2914503,0.27584386,0.2602243,0.24598959,0.23445992,0.22672038,0.22346045,0.22486052,0.23057857,0.23984352,0.25160408,0.2646739,0.27784798,0.28999835,0.30016446,0.30764514,0.31208938,0.3135746,0.3126531,0.3103403,0.30800936,0.30716217,0.309087,0.3144939,0.32328644,0.3345873,0.34699306,0.35891846,0.36889765,0.3757821,0.37883633,0.3777562,0.37263379,0.36388943,0.35218796,0.33835438,0.3233033,0.3079924,0.2933995,0.28050986,0.27028245,0.26356184,0.26092437,0.26250464,0.26789394,0.27618372,0.28614256,0.29644743,0.30589083,0.31352612,0.31874627,0.32130414,0.32128248,0.3190223,0.3150205,0.30981544,0.303886,0.2975922,0.29117706,0.28482953,0.27878317,0.2734073,0.26924005,0.26692468,0.26704508,0.26990914,0.27537888,0.2828391,0.29132596,0.2997545,0.30715686,0.31286836,0.3166334,0.31862494,0.3193766,0.31963313,0.32013893,0.3214112,0.3235667,0.32626635,0.32879615,0.33024758,0.32972953,0.32655123,0.32034537,0.31112388,0.29927504,0.28551346,0.27079704,0.25622216,0.24290943,0.23189078,0.22400796,0.21983202,0.21961081,0.22324823,0.23031677,0.24010256,0.25168207,0.26402807,0.2761408,0.28719658,0.29670334,0.30464467,0.3115822,0.3186659,0.32748768,0.33973324,0.35668066,0.37872854,0.40517557,0.43433157,0.46384928,0.4911039,0.5135133,0.52877367,0.5350229,0.5309542,0.5158915,0.48984054,0.45352337,0.40841794,0.3568397,0.30214632,0.24921258,0.20524636,0.1797561,0.17934981,0.1997167,0.22962445,0.25977957,0.2846588,0.3013061,0.3083488,0.3054934,0.2932809,0.272969,0.24649648,0.21653384,0.18663897,0.16141231,0.1459928,0.14365959,0.15290098,0.16850244,0.18516268,0.19916119
172,0.21103038,0.19181398,0.17101869,0.15137179,0.13693613,0.13233377,0.13999978,0.15806092,0.18213326,0.20802422,0.2326312,0.2538435,0.27032977,0.28141788,0.2870504,0.28777495,0.28473246,0.2796011,0.2744377,0.27135453,0.27203032,0.27720898,0.286463,0.298379,0.31103212,0.3224811,0.33112338,0.33589593,0.33636746,0.33276388,0.3259411,0.31729603,0.3085861,0.30162603,0.29787463,0.29802474,0.30179122,0.3080249,0.3150833,0.32125795,0.32510197,0.32561332,0.32230124,0.3151775,0.30470312,0.29171067,0.27731195,0.262796,0.24951632,0.2387612,0.2316044,0.22875088,0.23042049,0.23632008,0.24571738,0.25757688,0.2707038,0.28386712,0.29590416,0.30581713,0.3128698,0.31668106,0.31730703,0.3152939,0.31167692,0.30788806,0.3055365,0.3060586,0.31031942,0.31833655,0.32927352,0.34169748,0.35395104,0.36448285,0.3720643,0.37589315,0.37561247,0.37127316,0.36326185,0.35221225,0.33891565,0.32424593,0.30911082,0.29443172,0.28114134,0.27017036,0.26238564,0.25845653,0.25867623,0.26282185,0.2701456,0.27951568,0.28964236,0.29930013,0.30749312,0.31354997,0.31715453,0.31832194,0.3173301,0.3146179,0.31066996,0.30591235,0.300649,0.2950582,0.2892513,0.28337118,0.27769092,0.27266675,0.26890692,0.26704237,0.26752704,0.27044603,0.2754266,0.28170425,0.28831488,0.29433215,0.29907414,0.30223617,0.30393478,0.30465892,0.3051324,0.30610457,0.3081156,0.3113081,0.31535602,0.31953642,0.3229074,0.32452214,0.32361594,0.319733,0.3127871,0.30306366,0.29117647,0.2779909,0.26452568,0.25184402,0.24094388,0.23265822,0.22757453,0.2259822,0.2278521,0.2328488,0.24037252,0.2496282,0.2597186,0.26975906,0.27900746,0.28700003,0.29367602,0.29946515,0.30529678,0.3124794,0.32241634,0.33619234,0.35417134,0.3757843,0.3995915,0.42354903,0.4453407,0.4626743,0.4735075,0.47620952,0.46967384,0.45339718,0.42753708,0.39296344,0.35133114,0.30522564,0.25847384,0.2166917,0.18758163,0.17853518,0.19017196,0.214865,0.24351281,0.26969096,0.28958383,0.3011222,0.30341873,0.2964738,0.28102607,0.25848606,0.23094012,0.20124449,0.17321096,0.15164538,0.14128378,0.14381668,0.1560715,0.17257024,0.18862873,0.20117018
173,0.21468508,0.1968111,0.17702802,0.15783046,0.14292382,0.13667758,0.14190201,0.15759338,0.17990865,0.20471595,0.22879365,0.24990083,0.26660118,0.27813897,0.28438574,0.2858234,0.28352758,0.27910858,0.27455443,0.271917,0.2728407,0.27807856,0.28725454,0.29902628,0.31153128,0.32286593,0.33143836,0.33617356,0.33661246,0.33294335,0.325982,0.31709206,0.30801734,0.30059293,0.29633975,0.29604456,0.2995194,0.30568528,0.31292942,0.31953782,0.32403558,0.32538113,0.32303935,0.31697637,0.30760822,0.29572466,0.28239802,0.26888257,0.25650296,0.24652655,0.24001691,0.23768236,0.23975955,0.24597928,0.25562984,0.26768452,0.2809431,0.29415804,0.30614322,0.31587437,0.32258752,0.32587406,0.32576475,0.3227875,0.31797507,0.31278783,0.3089097,0.3079038,0.31079397,0.31774294,0.32800078,0.34014726,0.35248068,0.36337686,0.37152869,0.37606236,0.37656087,0.37302652,0.36580688,0.35550216,0.3428716,0.32875356,0.31401274,0.29951885,0.28614843,0.2747847,0.2662781,0.2613382,0.26036736,0.26330394,0.26956984,0.27816686,0.28788,0.297502,0.30601364,0.31269473,0.31716728,0.31938022,0.3195465,0.3180451,0.31530753,0.31171322,0.307523,0.30286983,0.29780996,0.29241523,0.28687075,0.28153688,0.27694106,0.27368265,0.27226636,0.27291983,0.2754771,0.27939057,0.28387237,0.2881068,0.291459,0.29362524,0.29469812,0.29513663,0.2956407,0.29694685,0.2995903,0.30370924,0.30896634,0.31461665,0.31968492,0.32317978,0.32428074,0.32246548,0.317572,0.30980417,0.29969335,0.28802758,0.27575997,0.263905,0.25343263,0.24516957,0.23971651,0.23739202,0.2382088,0.24188462,0.24788463,0.25548908,0.2638816,0.27225378,0.27992147,0.28644446,0.29173586,0.29613876,0.3004362,0.30575237,0.31331593,0.3241088,0.3385087,0.35607758,0.3755851,0.3952275,0.4129273,0.42661574,0.43445602,0.4350061,0.42733517,0.4111087,0.38665807,0.35505354,0.31821173,0.2790815,0.2419292,0.21249776,0.19700123,0.1986697,0.21465237,0.23818687,0.26277038,0.28378654,0.29835516,0.30488768,0.3027724,0.29219317,0.27403295,0.2498397,0.22186017,0.19315794,0.16775754,0.15038547,0.14478551,0.15090625,0.16466287,0.18092476,0.19568704,0.2063854
174,0.21867563,0.20214002,0.18353346,0.1651965,0.15054493,0.14361088,0.14722957,0.16097727,0.18159695,0.20517662,0.22847979,0.24918574,0.26577955,0.2774413,0.28399062,0.2858653,0.28409925,0.280259,0.27628323,0.27417022,0.27551717,0.2810527,0.29040918,0.3022775,0.31483465,0.32620686,0.33481595,0.33958486,0.34004006,0.33634695,0.32929483,0.32022336,0.3108643,0.30306396,0.2983867,0.29769185,0.30087343,0.3069175,0.31424347,0.32113758,0.3261028,0.32806376,0.3264474,0.32118195,0.3126488,0.3016076,0.2891063,0.27638066,0.26474154,0.2554456,0.2495476,0.24774934,0.2502851,0.25688773,0.26684973,0.2791466,0.29257622,0.30588442,0.3178746,0.32750866,0.33400524,0.33693478,0.33630386,0.33261544,0.32688332,0.3205669,0.31538466,0.31298447,0.31452128,0.32030272,0.32969144,0.34131795,0.3534712,0.3644789,0.37296987,0.3780055,0.37911123,0.37624192,0.36970764,0.3600792,0.34809098,0.3345565,0.3203104,0.30618313,0.29300192,0.28159672,0.2727763,0.2672436,0.2654504,0.26744318,0.27278587,0.2806165,0.28981847,0.29923382,0.3078482,0.31491378,0.32000488,0.3230127,0.32409072,0.32356334,0.32181692,0.31919748,0.3159419,0.31216252,0.30788866,0.30314875,0.2980614,0.2928986,0.28809065,0.28415734,0.28157482,0.28061917,0.28125077,0.28309712,0.2855498,0.2879401,0.28973076,0.29066795,0.29085842,0.2907536,0.29103595,0.29242176,0.29542586,0.3001658,0.30628294,0.31300983,0.31934685,0.324274,0.32693517,0.32676297,0.3235407,0.31740963,0.30883464,0.29853886,0.28741822,0.27644423,0.26656273,0.25859696,0.25316316,0.2506083,0.2509792,0.25402787,0.25925192,0.26596335,0.27337748,0.28071544,0.28731441,0.2927382,0.29687732,0.30001956,0.30286244,0.3064322,0.31188053,0.3201734,0.33175716,0.34633753,0.36286807,0.37973362,0.3950305,0.40684536,0.41348276,0.41363367,0.40649796,0.39187574,0.37024498,0.34284142,0.31175956,0.28007284,0.2518759,0.2318809,0.22395058,0.22886059,0.24356073,0.263019,0.28242788,0.29815352,0.30779734,0.31001064,0.30431953,0.291007,0.27104792,0.24609552,0.21852913,0.19155654,0.16922511,0.15578863,0.1537421,0.16180693,0.17575243,0.19101444,0.20414315,0.21293132
175,0.22157949,0.20630342,0.188941,0.17173982,0.15789646,0.15110487,0.15401359,0.16646403,0.18567364,0.20802848,0.23038152,0.2504053,0.2665532,0.2779742,0.28446344,0.28643966,0.28491986,0.2814503,0.27793953,0.27634117,0.27819672,0.28418273,0.29390034,0.30603674,0.31878397,0.330289,0.3389902,0.34381932,0.34430325,0.3406011,0.33349118,0.32430106,0.3147547,0.30670255,0.30173263,0.3007488,0.30369997,0.30962014,0.31695607,0.32399836,0.32923713,0.33157462,0.33041197,0.32565257,0.31765646,0.30716708,0.29522216,0.28305197,0.27196428,0.2632112,0.2578377,0.25653055,0.25950682,0.26648578,0.2767528,0.28928262,0.30287603,0.31628275,0.32830873,0.33791497,0.34431404,0.3470637,0.3461503,0.34205005,0.33574688,0.32867625,0.32255417,0.3190653,0.31944987,0.3241338,0.3325942,0.3435369,0.3552754,0.36612087,0.3746627,0.37991503,0.3813579,0.3789079,0.37284544,0.36372048,0.35225245,0.3392419,0.32550663,0.31185076,0.29906172,0.28791732,0.27917105,0.27348623,0.27131307,0.2727486,0.27745196,0.28467426,0.2933986,0.30253303,0.3110908,0.31831846,0.3237607,0.32726535,0.32893857,0.32906196,0.32799038,0.3260532,0.32348406,0.32039875,0.31682596,0.31277722,0.30832824,0.3036792,0.2991658,0.29520872,0.29220837,0.29041716,0.2898401,0.29021043,0.29105967,0.29185948,0.2921883,0.29187205,0.2910617,0.29022425,0.290038,0.29120365,0.29421574,0.29917154,0.3056954,0.31300706,0.3200964,0.32593173,0.3296394,0.33062553,0.32863626,0.32376608,0.31642598,0.3072831,0.29718113,0.28704974,0.27780968,0.2702796,0.2650913,0.26262212,0.26295453,0.2658719,0.27089262,0.2773378,0.2844227,0.2913619,0.29748,0.30232063,0.3057437,0.30799517,0.3097251,0.3119211,0.3157294,0.32216755,0.33179766,0.34448624,0.35935688,0.37494373,0.38946062,0.40108392,0.4081894,0.40952915,0.40435869,0.3925292,0.37455985,0.3516991,0.32597482,0.30019906,0.27781,0.26231515,0.2561733,0.259584,0.27027276,0.2845555,0.2986703,0.30954957,0.31504732,0.3139167,0.30572626,0.29078546,0.27010047,0.24537045,0.21902822,0.19428577,0.17496996,0.1646295,0.1647079,0.1733597,0.1866237,0.20048682,0.2119131,0.21893573
176,0.22223847,0.20811212,0.19200167,0.17610124,0.16343935,0.15739664,0.16033345,0.17212456,0.19030017,0.21154098,0.2328571,0.25198224,0.2673896,0.27823505,0.28431854,0.28606433,0.28449428,0.28115436,0.2779397,0.27676886,0.27912453,0.28561217,0.29577225,0.30825832,0.32125705,0.33292794,0.34172845,0.34660822,0.3471074,0.3433926,0.33624396,0.32698676,0.31734094,0.30915603,0.30402723,0.30287698,0.30568132,0.3115012,0.318802,0.32588124,0.33122614,0.3337299,0.3327823,0.32827592,0.32056245,0.31038094,0.2987687,0.28695822,0.27625903,0.26791945,0.26297134,0.26207852,0.26543102,0.27272528,0.2832349,0.29593518,0.30963716,0.32310557,0.33516172,0.3447781,0.35117212,0.353897,0.35292378,0.34870172,0.34217802,0.33474708,0.3280919,0.3238903,0.32341814,0.3271795,0.33474925,0.34491813,0.35605067,0.36647397,0.3747679,0.37992424,0.38139704,0.37907955,0.37323496,0.36440277,0.3532976,0.34071693,0.32747194,0.31434968,0.30210495,0.29146546,0.2831224,0.27767858,0.2755464,0.27682573,0.2812238,0.28807053,0.2964337,0.30528983,0.31369308,0.32090196,0.3264498,0.33015826,0.33210194,0.33253515,0.3317973,0.33021837,0.32804763,0.32542455,0.32239845,0.31898543,0.3152391,0.31130522,0.3074353,0.30394852,0.3011479,0.2992189,0.2981505,0.29771683,0.2975348,0.2971829,0.29634354,0.2949273,0.29314297,0.2914889,0.2906537,0.2913349,0.2940182,0.2987929,0.30527982,0.31270024,0.32004827,0.32629493,0.33056372,0.33224884,0.3310736,0.32709855,0.32069126,0.31246963,0.30322772,0.29385188,0.28523326,0.27818057,0.2733375,0.27111164,0.2716245,0.27469525,0.27986452,0.28645745,0.29367626,0.30070943,0.30684704,0.31159315,0.3147655,0.3165694,0.31762335,0.3189068,0.3215998,0.32681012,0.33524385,0.34693852,0.3611773,0.37661383,0.39153376,0.40414554,0.41282934,0.41632298,0.4138515,0.40521607,0.3908534,0.3718716,0.35005444,0.32780075,0.3079189,0.29315996,0.28545788,0.28516445,0.29083362,0.29977718,0.30895796,0.31568396,0.31794715,0.3145189,0.30493858,0.2894752,0.26909792,0.24547222,0.22097628,0.19867136,0.18199492,0.17379455,0.1748359,0.18316938,0.19525525,0.2075606,0.21736391,0.22286578
177,0.21987633,0.20678547,0.19189921,0.17738032,0.166121,0.16121443,0.16469301,0.17632505,0.1938142,0.2140924,0.23435485,0.25244382,0.2668948,0.2769035,0.2822996,0.28353196,0.28164306,0.27819258,0.27507535,0.27418503,0.27694824,0.28389144,0.29447705,0.30730572,0.32054484,0.33236077,0.3412318,0.34613174,0.34662232,0.3428857,0.33571097,0.32642555,0.31674656,0.30851796,0.30333072,0.3021074,0.3048299,0.31056896,0.31780073,0.3248317,0.33015525,0.3326682,0.33176202,0.3273302,0.31972584,0.3096905,0.29826534,0.28668663,0.27626437,0.26823974,0.26362616,0.2630586,0.26669458,0.27420485,0.28485227,0.29761848,0.31133407,0.3247905,0.3368365,0.34646752,0.35291535,0.355736,0.35488918,0.35079756,0.34436622,0.33693537,0.3301309,0.32558757,0.3245721,0.32762483,0.33439296,0.3437502,0.3541305,0.36390552,0.3716765,0.37644058,0.37764892,0.37518954,0.36932227,0.36058685,0.3497013,0.33746666,0.32469282,0.31215414,0.30057567,0.2906354,0.28295797,0.2780734,0.27633303,0.2778061,0.28221,0.28891996,0.29706728,0.30568993,0.3138874,0.320942,0.3263911,0.33004653,0.33196786,0.33239815,0.3316771,0.33015054,0.32809842,0.32569912,0.32303795,0.32015157,0.31708768,0.31395313,0.310928,0.3082357,0.3060763,0.30454668,0.30358237,0.30295014,0.30230328,0.3012861,0.29965794,0.29740086,0.29477963,0.2923299,0.2907611,0.29078135,0.29288325,0.2971649,0.30325982,0.310405,0.31761077,0.32386187,0.32828957,0.33028734,0.329567,0.3261659,0.32041755,0.31289685,0.30435047,0.29561964,0.28756025,0.28096363,0.27647886,0.27454066,0.2753117,0.27865294,0.2841345,0.2910905,0.2987099,0.30614948,0.312655,0.31767946,0.32098868,0.32274178,0.32352668,0.3243218,0.32635185,0.33082557,0.3385993,0.3498802,0.36410016,0.38001126,0.39594012,0.4100876,0.42079082,0.42671812,0.42700174,0.42132306,0.40996262,0.39381954,0.37439504,0.35371733,0.3341598,0.3180889,0.30732477,0.30256373,0.30308908,0.30700397,0.3118438,0.31520414,0.3151548,0.31043065,0.30048567,0.2854879,0.26630154,0.24447627,0.22223267,0.20236658,0.18786813,0.18101816,0.18223175,0.18970789,0.20036472,0.21108869,0.21941382,0.22366636
178,0.21413785,0.20197412,0.18825811,0.17513156,0.16536951,0.16180083,0.1661232,0.17792626,0.1949912,0.21445152,0.2336897,0.2506815,0.264052,0.2730588,0.27757663,0.27808908,0.27566633,0.27188852,0.2686591,0.2678581,0.2708661,0.2781344,0.2890434,0.30213282,0.31554368,0.32744628,0.33634013,0.3412258,0.34168893,0.3379287,0.33074257,0.32145816,0.3117863,0.30356103,0.29836264,0.29710504,0.2997654,0.3054156,0.3125389,0.31945375,0.3246676,0.32709065,0.32612553,0.32167405,0.31409508,0.304134,0.29283386,0.28143027,0.27122772,0.2634538,0.25909814,0.25876325,0.2625734,0.27017614,0.28082946,0.29353,0.30713838,0.32048413,0.33245432,0.3420771,0.34860665,0.35160738,0.35103092,0.3472728,0.34119144,0.33406207,0.3274347,0.3228725,0.32159677,0.32414716,0.3302168,0.33875498,0.34827623,0.3572204,0.36423838,0.36835977,0.3690561,0.36622855,0.36014703,0.35136047,0.34059563,0.3286597,0.3163616,0.3044624,0.29365605,0.28456914,0.2777566,0.2736693,0.2725848,0.27452135,0.27918014,0.28595546,0.2940214,0.30246645,0.3104341,0.317237,0.32242766,0.32582206,0.32747945,0.32764605,0.326675,0.32493985,0.32276183,0.32036793,0.31788915,0.31539318,0.3129337,0.3105918,0.30848902,0.3067634,0.30551547,0.30474672,0.30431956,0.30396265,0.3033286,0.30209112,0.30005616,0.2972562,0.29400077,0.29086024,0.2885699,0.28785893,0.28924137,0.2928394,0.29831293,0.3049254,0.31171152,0.31767634,0.32196578,0.3239803,0.32342923,0.3203363,0.31500956,0.30798778,0.2999739,0.2917635,0.28417286,0.27796873,0.273798,0.27211738,0.2731302,0.27674398,0.28256655,0.28994974,0.2980762,0.3060742,0.3131443,0.31868443,0.3224023,0.32440376,0.32523865,0.32587644,0.32757762,0.3316415,0.33906287,0.35020667,0.36464202,0.3812075,0.398257,0.4139673,0.4266127,0.43476897,0.43745008,0.4341927,0.42510176,0.41086417,0.3927284,0.37243697,0.35208225,0.33384377,0.3195833,0.31036425,0.3061005,0.30556563,0.3067879,0.30760536,0.30612972,0.30102038,0.29160115,0.27788857,0.26058388,0.24105321,0.22128503,0.20375219,0.19101867,0.18495731,0.18585652,0.19218524,0.20131432,0.21050717,0.21752061,0.22078428
179,0.20508775,0.19374928,0.1811232,0.16933364,0.1610528,0.1588701,0.16416256,0.17631346,0.19312477,0.21189,0.230168,0.24607535,0.2583383,0.26628497,0.2698389,0.2695176,0.2664156,0.26213196,0.25858298,0.25764796,0.26068026,0.26807314,0.27913472,0.29234642,0.30582199,0.31773424,0.32660252,0.33145186,0.331888,0.32812092,0.3209482,0.31168857,0.30203837,0.29381654,0.28859156,0.2872702,0.28982717,0.2953373,0.30229372,0.30903152,0.31407824,0.31636384,0.31530672,0.31081903,0.30326387,0.29338568,0.2822217,0.27099752,0.26100257,0.25344312,0.24928048,0.24908467,0.2529506,0.2605098,0.2710244,0.28351614,0.29688627,0.31001204,0.32182768,0.33140168,0.33801636,0.34124872,0.34104398,0.33776996,0.33223388,0.32563764,0.3194411,0.31511477,0.31380725,0.31602845,0.32149497,0.3292227,0.33781338,0.3457932,0.35188624,0.3551787,0.35518342,0.35183114,0.34541297,0.33649346,0.32580993,0.31417397,0.30238953,0.2911991,0.2812607,0.27314597,0.26733834,0.26420763,0.26395342,0.26653364,0.2716184,0.27860305,0.28668818,0.2950014,0.30272618,0.3092077,0.31402123,0.31699726,0.31820643,0.31790945,0.31648272,0.3143354,0.31183553,0.3092629,0.3067984,0.30454627,0.30257404,0.3009478,0.29974362,0.29902717,0.29880947,0.29899952,0.29938015,0.2996252,0.299362,0.2982658,0.29616228,0.29311228,0.28945488,0.2857877,0.2828717,0.28146318,0.28210717,0.28496045,0.28971785,0.29567495,0.3018938,0.3074022,0.31136376,0.3131908,0.31259677,0.3095999,0.30449158,0.29778245,0.29013768,0.28230965,0.27507374,0.26916718,0.26522774,0.26372814,0.26490945,0.26872757,0.27483422,0.28260773,0.29123336,0.29981843,0.30752352,0.31369323,0.31797534,0.3204167,0.32151884,0.32222733,0.32381848,0.32765853,0.33485705,0.34591722,0.3605331,0.37762508,0.3955752,0.41254005,0.4267356,0.43664995,0.44118384,0.43973634,0.43225,0.41922438,0.4016993,0.38120088,0.35963202,0.3390757,0.32148126,0.30824912,0.29983845,0.29560912,0.29402903,0.29314637,0.29108575,0.28639892,0.27824473,0.2664511,0.25151598,0.23457924,0.21735972,0.20199905,0.19069481,0.18504839,0.1853578,0.19041103,0.19801071,0.2057661,0.2116374,0.21414606
180,0.19319391,0.18258192,0.17093448,0.1603584,0.15343894,0.1525592,0.1588075,0.17136249,0.18801802,0.20619626,0.22361535,0.23852699,0.24975652,0.25669864,0.25931758,0.25815237,0.25430793,0.24939086,0.24532907,0.24401535,0.2468043,0.2540634,0.2650532,0.27820963,0.29162318,0.30346775,0.31227803,0.3170962,0.31753755,0.31380934,0.30669346,0.29748324,0.28784716,0.2795826,0.2742496,0.27276012,0.27510223,0.28036755,0.28706908,0.29356503,0.29840747,0.300548,0.29942036,0.29494303,0.28747636,0.27775326,0.26679283,0.25579715,0.24602877,0.2386647,0.23463587,0.23448378,0.23828268,0.24565889,0.25589,0.26803306,0.28103834,0.29383814,0.3054197,0.31489635,0.32158217,0.32506898,0.3252965,0.32260355,0.31774327,0.311838,0.3062479,0.30233687,0.3011626,0.3031852,0.30812785,0.3150652,0.32268944,0.32962608,0.3346906,0.3370448,0.33625978,0.33230862,0.32551184,0.31645244,0.30587658,0.29459447,0.2833968,0.27299842,0.26401356,0.2569544,0.25223234,0.25013912,0.25079954,0.25411162,0.2597094,0.26697978,0.27513847,0.28334284,0.290811,0.2969205,0.30127323,0.3037214,0.30435526,0.3034578,0.30143476,0.2987341,0.29577136,0.29287806,0.29028356,0.28812912,0.28650022,0.28545684,0.28504264,0.28526658,0.28606516,0.28726575,0.28857467,0.28960538,0.2899463,0.28925493,0.28735575,0.28431866,0.28049695,0.27650586,0.27312806,0.27114818,0.2711463,0.27331787,0.27739474,0.28270394,0.2883329,0.29333013,0.29687652,0.29839805,0.29761684,0.29455248,0.2894883,0.28291622,0.27547228,0.26787242,0.26085404,0.25512397,0.2513065,0.24988453,0.25113195,0.25505129,0.26134008,0.26940864,0.27845258,0.2875671,0.29588097,0.30269182,0.30759028,0.3105619,0.3120515,0.31296456,0.3145694,0.31826967,0.32525912,0.33615428,0.35076004,0.36807734,0.38652578,0.4042586,0.4194547,0.4305372,0.43631762,0.43608293,0.4296417,0.41733992,0.40005004,0.37913084,0.3563466,0.33372107,0.3132922,0.2967513,0.28502697,0.27799436,0.2745107,0.27279586,0.27095228,0.2673927,0.26108545,0.2516497,0.2393636,0.22512834,0.21039239,0.1969939,0.18683742,0.18135731,0.18093732,0.18469308,0.19082843,0.19727007,0.20216645,0.20412357
181,0.17930526,0.16932122,0.15850607,0.14894786,0.1431675,0.14338994,0.15046626,0.16339317,0.17994457,0.19764632,0.21435453,0.22844075,0.23881628,0.24492773,0.24676162,0.2448562,0.24030186,0.23469116,0.22995408,0.22801007,0.23025249,0.23707236,0.24772426,0.2606225,0.27384216,0.28555593,0.29430532,0.2991366,0.2996579,0.29605344,0.2890665,0.27994183,0.27030057,0.26190895,0.25632477,0.25448698,0.2564272,0.26128134,0.2676004,0.2737747,0.27838308,0.28039646,0.27925783,0.2748827,0.26761612,0.25816476,0.24751274,0.2368226,0.22731669,0.2201354,0.2161801,0.21597232,0.21957925,0.22663645,0.23644912,0.24811824,0.2606489,0.2730316,0.28430846,0.29363883,0.3003695,0.30410758,0.30478734,0.3027182,0.29859746,0.2934653,0.2885778,0.28518572,0.2842466,0.2861593,0.2906431,0.2968251,0.30348903,0.30936733,0.31337875,0.31477386,0.3131936,0.30866203,0.301533,0.2924073,0.28203437,0.2712135,0.2607097,0.25119725,0.24323636,0.23727483,0.2336539,0.23259537,0.23416036,0.23819616,0.24430498,0.2518634,0.2600961,0.26818323,0.27537218,0.2810707,0.2849088,0.2867641,0.28675127,0.28517982,0.28248686,0.2791579,0.2756516,0.27234438,0.26950705,0.26731306,0.26586616,0.2652269,0.26542008,0.2664164,0.26809782,0.27022755,0.27244696,0.2743122,0.2753681,0.27524343,0.27374676,0.27094188,0.26718298,0.26309282,0.25947002,0.25712445,0.2566695,0.25833637,0.26188868,0.26667798,0.27180982,0.27634746,0.27948576,0.2806638,0.2796146,0.27636442,0.2711966,0.2645946,0.25717694,0.24963388,0.24267346,0.23697653,0.23315383,0.23169407,0.23289783,0.23680802,0.24316423,0.2514083,0.26075023,0.2702805,0.2791057,0.28648624,0.29196316,0.2954637,0.29737195,0.29854056,0.3002077,0.30378416,0.31051466,0.32110006,0.33543894,0.35261035,0.3710835,0.38903078,0.40462294,0.41625062,0.4226698,0.42308968,0.41721997,0.40528908,0.38803923,0.3666983,0.34292254,0.31869087,0.29611614,0.27713305,0.26307142,0.2542521,0.24985747,0.248218,0.24736096,0.2455252,0.241475,0.23462358,0.22504225,0.21341424,0.20094983,0.18923622,0.17996022,0.17446558,0.17325868,0.17576613,0.18055293,0.18583062,0.18991838,0.19149905
182,0.16462164,0.1551695,0.14500658,0.13619855,0.13123237,0.13224441,0.1399245,0.15312701,0.16960263,0.18695684,0.20315738,0.21667238,0.22647756,0.23204908,0.23337036,0.23094943,0.22582923,0.21955596,0.21404077,0.21123528,0.21261318,0.2186547,0.22867021,0.24109013,0.25398707,0.2655287,0.2742505,0.27918467,0.27991006,0.2765624,0.2698182,0.2608443,0.2511881,0.24256922,0.23654702,0.23411518,0.23539226,0.23960114,0.24536,0.2511043,0.25544044,0.25735223,0.2562807,0.25212422,0.24519593,0.23615763,0.22593935,0.2156457,0.20644444,0.19943254,0.19548503,0.19511662,0.19840582,0.20501515,0.21429008,0.22538199,0.2373521,0.24924758,0.26016283,0.2693006,0.2760385,0.27999794,0.28110757,0.27964783,0.27626115,0.27190706,0.26773933,0.2648969,0.2642367,0.26609364,0.2701781,0.27566537,0.2814291,0.2863108,0.2893377,0.28985545,0.28758052,0.28259113,0.2752742,0.26624346,0.25624204,0.2460443,0.23637272,0.22784442,0.22095296,0.21607712,0.21349373,0.21336944,0.21572146,0.22036526,0.22688422,0.23464979,0.24289452,0.25081655,0.25768763,0.26294246,0.26623803,0.26747814,0.26680356,0.26455066,0.2611859,0.25722674,0.25316504,0.24940932,0.24625826,0.24390678,0.24247234,0.24202058,0.24257146,0.2440792,0.2463968,0.2492476,0.252227,0.25484523,0.25660625,0.2571061,0.25612903,0.25372204,0.25022987,0.24627408,0.24266192,0.24022208,0.23959352,0.24103285,0.24432269,0.2488256,0.25365382,0.25787723,0.26069945,0.26157045,0.2602347,0.25672838,0.25134137,0.24455872,0.23699422,0.22932722,0.22225046,0.2164297,0.21246739,0.21085697,0.21191843,0.21572421,0.22204477,0.23034573,0.2398494,0.24964638,0.2588312,0.26663995,0.27257645,0.27651867,0.27879256,0.28019178,0.2819074,0.28533056,0.2917238,0.30184093,0.31565243,0.33230904,0.3503388,0.36795527,0.38335156,0.39492068,0.4014003,0.40195957,0.39624673,0.38440958,0.3670951,0.34543207,0.3209927,0.295721,0.27179214,0.2513463,0.23605427,0.22660482,0.22240846,0.22180152,0.22265491,0.22299908,0.22140369,0.21711247,0.21003835,0.20070034,0.19013008,0.1797316,0.17104575,0.16538037,0.16337541,0.16473423,0.16833176,0.17262267,0.17607178,0.17742753
183,0.15063125,0.1416283,0.1319192,0.123535864,0.11896483,0.12034627,0.12831661,0.14164627,0.15806241,0.17522143,0.19116922,0.20444009,0.21404687,0.21946889,0.22065897,0.21806392,0.21264368,0.20585896,0.19956744,0.19574128,0.1959664,0.2008859,0.20994854,0.22165766,0.23410527,0.2454514,0.25420973,0.2593766,0.26047665,0.25756973,0.2512355,0.24253058,0.23289634,0.22397998,0.21733578,0.2140352,0.21433404,0.21760024,0.22256315,0.22772478,0.2317217,0.23354167,0.23260903,0.22878747,0.22233886,0.21385996,0.20420623,0.19440502,0.18555395,0.17869867,0.17469148,0.1740556,0.17690305,0.18294428,0.19157828,0.20201097,0.21335688,0.22471336,0.23521982,0.24411628,0.2508068,0.2549251,0.25639412,0.2554673,0.25273663,0.24908718,0.24557908,0.243249,0.2428619,0.24469383,0.24844679,0.25334096,0.25833532,0.26237682,0.264599,0.2644415,0.26169518,0.2564897,0.2492395,0.24056149,0.2311778,0.22181852,0.21314168,0.20568655,0.19986613,0.19598785,0.19427565,0.1948645,0.19775768,0.20276788,0.20948158,0.21727726,0.22539863,0.23305961,0.23955168,0.24433206,0.24708161,0.2477284,0.24643743,0.24356905,0.2396129,0.23510788,0.23056352,0.22640075,0.22292511,0.2203348,0.21875039,0.21824366,0.2188437,0.22051346,0.22310878,0.22634563,0.2298008,0.23295765,0.23528948,0.23636205,0.23593235,0.2340247,0.23096734,0.22737323,0.22405021,0.22183557,0.22137958,0.22294578,0.22631547,0.2308441,0.23563732,0.23976365,0.2424314,0.24309951,0.2415232,0.23774958,0.23207873,0.22500472,0.21714851,0.20919442,0.20183778,0.1957458,0.19152394,0.1896727,0.19052371,0.194163,0.2003725,0.20862573,0.21814969,0.22803743,0.2373823,0.24541198,0.25161067,0.2558224,0.25832507,0.25985512,0.26154757,0.26475292,0.27072155,0.28022748,0.29328698,0.30910996,0.32628667,0.34308895,0.3577588,0.36872432,0.37474036,0.37497324,0.36904734,0.35706684,0.3396194,0.31776735,0.29302636,0.2673227,0.24289608,0.22207211,0.20681019,0.19806139,0.19530016,0.19669609,0.19986038,0.20260742,0.20336996,0.20130529,0.19625317,0.18864836,0.1794196,0.16986074,0.16143051,0.15543847,0.15265152,0.15300202,0.15561144,0.15912321,0.1621127,0.1633765
184,0.13895282,0.13034928,0.12091403,0.112619095,0.10797018,0.10921364,0.11707635,0.13033073,0.14668383,0.16380663,0.17978106,0.19317077,0.20299514,0.2087105,0.210215,0.20786946,0.2025219,0.19551116,0.18859851,0.18374127,0.18263862,0.18615428,0.19396734,0.20473252,0.2166003,0.227728,0.23659377,0.24213706,0.24380496,0.24155739,0.23585168,0.22760549,0.21812108,0.20893823,0.20157963,0.19719481,0.19621503,0.19821708,0.20210202,0.20647532,0.21001525,0.21170786,0.21094647,0.20754217,0.20168692,0.19389358,0.18492438,0.17571121,0.16726542,0.16057032,0.15645432,0.15546069,0.15775618,0.16312145,0.17102365,0.18072692,0.19139394,0.20216262,0.21220717,0.22079626,0.22735468,0.23152576,0.23322739,0.23269011,0.23046291,0.22736819,0.22438762,0.22247343,0.22231576,0.22414427,0.22765744,0.23211752,0.23656087,0.2400297,0.2417539,0.24125792,0.23839806,0.23334554,0.22652988,0.21855481,0.21010025,0.20182681,0.1943021,0.1879662,0.18314077,0.1800661,0.17893295,0.17987682,0.1829255,0.18792611,0.1944977,0.20204422,0.20982839,0.21708009,0.22310677,0.22738315,0.22960913,0.22973269,0.22793837,0.22460407,0.22023271,0.21536933,0.21052,0.20609155,0.20236756,0.19952308,0.19766366,0.19686216,0.19716792,0.19857919,0.2009922,0.20415658,0.2076679,0.21101122,0.21364756,0.21512166,0.21516587,0.21378033,0.21127263,0.20824073,0.20548317,0.2038303,0.20392162,0.20600079,0.20982192,0.21471441,0.21976735,0.22404495,0.22676055,0.22738257,0.22567666,0.22169982,0.21576226,0.20836952,0.20015693,0.19182618,0.18409224,0.17764206,0.17309818,0.17097233,0.17159857,0.17505537,0.18111055,0.18922417,0.19861801,0.20839031,0.2176462,0.22562422,0.2318105,0.23603584,0.23854712,0.24003337,0.24157314,0.2444634,0.24991748,0.25869837,0.2708393,0.2855913,0.30160287,0.31721333,0.33073258,0.34064946,0.3457663,0.34527975,0.3388258,0.32650185,0.30887437,0.2869778,0.2623092,0.23681279,0.2128199,0.19284421,0.17907009,0.17252631,0.17246741,0.17666382,0.18240707,0.18737742,0.19000293,0.1894802,0.18567958,0.17903697,0.17045207,0.16117382,0.15263054,0.1461572,0.14262937,0.14215067,0.14401416,0.14698528,0.14970434,0.15099297
185,0.13099703,0.12279038,0.1135188,0.10505453,0.099904455,0.10049203,0.107795216,0.120713174,0.13695313,0.15416183,0.17040838,0.18424486,0.19466642,0.20108433,0.20332627,0.2016551,0.1967944,0.18994111,0.18272507,0.17703858,0.17465195,0.17665565,0.18302564,0.19265464,0.20381208,0.21467566,0.22368604,0.22971298,0.23211111,0.23072657,0.22588138,0.21833922,0.20924117,0.19998574,0.19202039,0.18653543,0.18413308,0.184638,0.18718553,0.19053893,0.19344836,0.19490613,0.19426912,0.19128476,0.18606259,0.1790195,0.17081283,0.16226718,0.15429458,0.14780264,0.14358522,0.14220327,0.14388718,0.14850356,0.15560175,0.16451007,0.17443664,0.18455204,0.19405578,0.20223707,0.20853588,0.212603,0.21435285,0.21399875,0.21205725,0.20930381,0.20666263,0.2050259,0.20503296,0.20688531,0.21028589,0.21453573,0.21873641,0.22200857,0.22365993,0.22328123,0.22077586,0.21633752,0.2103896,0.20349845,0.19627528,0.18928498,0.18298385,0.1777026,0.17367522,0.17109166,0.17013624,0.1709778,0.17370446,0.17823312,0.18424608,0.19119485,0.19837357,0.20503226,0.21049303,0.21424395,0.21599866,0.21571922,0.2136027,0.2100353,0.20552,0.20058936,0.19572109,0.19127788,0.18748873,0.18447463,0.18230155,0.18102998,0.18073133,0.18145858,0.18318371,0.18573554,0.1887751,0.19182917,0.19437572,0.19595665,0.19628909,0.1953521,0.19343065,0.19110048,0.18913668,0.1883398,0.18930781,0.19223228,0.19681507,0.2023474,0.20790179,0.21254456,0.21550123,0.21625428,0.21458067,0.21054533,0.20446493,0.19685356,0.18836063,0.17970958,0.17164405,0.16488221,0.16007262,0.15773812,0.15820207,0.16151175,0.16739519,0.1752812,0.1843811,0.19380513,0.20268555,0.21029204,0.21613526,0.22005565,0.22228985,0.22349559,0.22470275,0.2271508,0.23199955,0.23997536,0.25110158,0.26464966,0.27931625,0.2935079,0.30561113,0.31419075,0.31811753,0.3166445,0.30944997,0.2966605,0.2788623,0.25710922,0.23293392,0.20835802,0.185857,0.16813242,0.15744413,0.15454161,0.15807015,0.16526249,0.17321816,0.17969337,0.18328407,0.1833428,0.17984939,0.17330097,0.1646205,0.15505955,0.14605306,0.1389745,0.13478345,0.13369207,0.13508356,0.13777117,0.14040965,0.14182001
186,0.12746629,0.11968457,0.11056278,0.10184009,0.095969,0.095535636,0.101877145,0.11416879,0.13017693,0.14750248,0.1641576,0.17864433,0.18990715,0.19729733,0.20056708,0.19988409,0.19585449,0.18953788,0.18242201,0.17629448,0.17292908,0.173584,0.17852964,0.18695132,0.19730435,0.20783153,0.21695557,0.22348183,0.22667356,0.22626536,0.22244887,0.2158394,0.20741697,0.1984237,0.19019184,0.18388987,0.18023032,0.17926192,0.18037839,0.18255061,0.18464719,0.18569657,0.18503384,0.1823482,0.17766885,0.1713184,0.16385154,0.15598728,0.14853674,0.14232361,0.13809122,0.13639812,0.13752228,0.14141048,0.14769731,0.15578066,0.16491684,0.17430797,0.18317534,0.19082475,0.19670855,0.20048447,0.20206633,0.20165731,0.1997537,0.19710198,0.19459248,0.19308478,0.19319439,0.19511506,0.19856268,0.20287172,0.2071922,0.21069899,0.21275008,0.21297395,0.21129234,0.2078927,0.20316382,0.19760808,0.19174658,0.1860374,0.18082887,0.1763604,0.17280616,0.17033507,0.16914879,0.16946644,0.17145032,0.17510271,0.18018791,0.18622425,0.19255301,0.19845423,0.2032688,0.20649776,0.20786506,0.2073408,0.20512636,0.2016049,0.19726446,0.19260593,0.18805586,0.18390805,0.18031226,0.17731228,0.17491332,0.17314492,0.17208748,0.17184646,0.17248404,0.1739402,0.1759858,0.17823644,0.18022801,0.18153009,0.18186381,0.18119629,0.17979008,0.17818946,0.17712618,0.1773412,0.17935693,0.18328469,0.18876109,0.1950425,0.20119816,0.20631161,0.20963244,0.2106638,0.20919551,0.20529784,0.19928847,0.19168317,0.18313855,0.17439425,0.16621892,0.15935929,0.154485,0.15211962,0.15255924,0.15580136,0.16152045,0.16910933,0.17777264,0.1866421,0.1948898,0.20183168,0.20702015,0.2103244,0.21199094,0.21266507,0.21334223,0.21521062,0.21937217,0.22650349,0.23660037,0.24893774,0.2622468,0.27499294,0.28563586,0.29281887,0.2954902,0.29297507,0.28501773,0.27180594,0.25398782,0.23269042,0.20954736,0.18672585,0.16687682,0.15278228,0.14641668,0.14776886,0.15469128,0.16410145,0.17322783,0.18011144,0.18361197,0.18327636,0.17921387,0.172002,0.16261114,0.15232325,0.14260358,0.13487008,0.13014026,0.1286745,0.129869,0.13251644,0.13524099,0.1368415
187,0.12798862,0.12064403,0.11172032,0.10282272,0.09629745,0.09479761,0.09999541,0.111442365,0.12705891,0.14442097,0.16146517,0.17662022,0.18876463,0.19718494,0.2015632,0.20198642,0.19896483,0.19344422,0.18678518,0.18065804,0.176783,0.17649446,0.18028228,0.18761043,0.19715711,0.20728001,0.21642339,0.22335537,0.22726868,0.22780669,0.22505294,0.21949828,0.21198325,0.20360327,0.195559,0.18894318,0.18449356,0.18239984,0.18227035,0.18328898,0.1844776,0.18494181,0.18402968,0.18139943,0.17702205,0.17114611,0.16424352,0.15694661,0.14998093,0.14409253,0.13996586,0.13813215,0.13888179,0.14220893,0.14781284,0.15515357,0.16353634,0.17219795,0.18038419,0.187419,0.1927685,0.1960998,0.19733073,0.19666259,0.19458413,0.19183065,0.18928106,0.18778756,0.18796572,0.1900185,0.19367963,0.19830781,0.20307982,0.20719475,0.21002662,0.21120627,0.21063967,0.20847729,0.20504911,0.20077994,0.1961024,0.19138758,0.186912,0.18286887,0.17941494,0.17672707,0.17503443,0.17459959,0.17564325,0.17823924,0.18222956,0.18720585,0.19256929,0.19764322,0.20179716,0.20454995,0.20563568,0.20502788,0.20292361,0.19969115,0.19578932,0.19167258,0.18770361,0.18409888,0.18092552,0.17814896,0.17570965,0.17359444,0.17187133,0.17067184,0.1701265,0.17028068,0.1710305,0.17211355,0.1731647,0.17381974,0.17383334,0.17317814,0.17209873,0.17109911,0.17084719,0.17199734,0.17497304,0.17979603,0.1860456,0.19296254,0.19963378,0.20517662,0.20887461,0.2102558,0.20912261,0.20554686,0.19984066,0.19251235,0.18421452,0.17568997,0.16771789,0.16105783,0.15638435,0.15420681,0.15478374,0.15806043,0.16366278,0.17095572,0.17914383,0.18738352,0.19488806,0.20102166,0.20538361,0.20788148,0.20878544,0.20874554,0.20874079,0.20992403,0.21335083,0.21965337,0.22879897,0.24005912,0.25218773,0.2636947,0.27309912,0.27911282,0.280757,0.27743265,0.2689622,0.255617,0.23814015,0.21777417,0.19629562,0.17602578,0.1596866,0.14982451,0.14769465,0.15239656,0.1613415,0.17156428,0.18063621,0.18691812,0.18950139,0.18808848,0.18289198,0.17455953,0.16411234,0.15287468,0.14235425,0.13401346,0.12890373,0.12728503,0.12850912,0.13130175,0.13422897,0.13605481
188,0.13125171,0.12431087,0.11563735,0.10673279,0.099824086,0.09752778,0.10171273,0.1122829,0.12738764,0.1446382,0.16191685,0.17758295,0.19045192,0.19975322,0.20511338,0.20655997,0.20453455,0.19989964,0.19391562,0.1881442,0.18422124,0.18347737,0.18651931,0.19301826,0.20186222,0.21155235,0.2205967,0.22776689,0.2322216,0.2335469,0.23175189,0.2272367,0.22073402,0.21321623,0.20575693,0.19934434,0.19467282,0.19197892,0.19100061,0.19108866,0.1914157,0.19119045,0.1898117,0.18694586,0.18254298,0.17681266,0.17017733,0.16321397,0.15658978,0.15099205,0.14705083,0.1452553,0.14587538,0.14891109,0.15408912,0.1609075,0.16870938,0.17676395,0.18434328,0.19079246,0.19559467,0.19843052,0.19922777,0.19819444,0.1958239,0.19285579,0.1901758,0.1886472,0.18890116,0.19115834,0.19516835,0.20030046,0.20573454,0.2106636,0.21444483,0.21667977,0.21723168,0.21619564,0.21383692,0.21051277,0.20659482,0.20240954,0.19821171,0.19419612,0.19053783,0.187439,0.1851536,0.18396744,0.1841286,0.18574992,0.18872684,0.19271353,0.19717285,0.2014803,0.20504403,0.20740764,0.2083173,0.20774691,0.20588185,0.20306584,0.19971925,0.19624487,0.19294378,0.18996659,0.18731634,0.18490073,0.18261056,0.1803923,0.17828678,0.17641956,0.17494673,0.1739772,0.173505,0.17338438,0.17336462,0.17317484,0.17263155,0.17173441,0.1707203,0.17005166,0.17032349,0.17209497,0.17569202,0.18106231,0.18775296,0.1950142,0.20196895,0.20777836,0.21176368,0.2134773,0.21273112,0.20959309,0.20436203,0.19752835,0.18972701,0.18168728,0.17417985,0.16795798,0.16368568,0.16185148,0.16268177,0.16608533,0.17165798,0.17874916,0.1865653,0.1942801,0.20113577,0.2065324,0.2101073,0.21180315,0.21191752,0.21111564,0.21037719,0.21084183,0.21354388,0.21909511,0.22745183,0.23788807,0.24917415,0.25984862,0.2684698,0.27379778,0.27491033,0.27127266,0.26278037,0.24978876,0.23313828,0.21418121,0.19479884,0.17734905,0.16438231,0.15792173,0.15848327,0.16469476,0.17401224,0.18379456,0.19193517,0.1970221,0.19829111,0.19553676,0.1890344,0.17947932,0.167934,0.15576358,0.1445181,0.13569745,0.13036719,0.12875788,0.1301506,0.13318922,0.13637544,0.13843516
189,0.13554958,0.1289466,0.120555304,0.11181327,0.10484445,0.10216662,0.105689034,0.11554446,0.13011463,0.1471067,0.16439848,0.18031098,0.19361849,0.2035137,0.20958911,0.211837,0.21065697,0.2068565,0.2016215,0.19641986,0.19279112,0.19200875,0.19470808,0.20068078,0.20897776,0.21824338,0.22707833,0.23429766,0.2390671,0.24095483,0.23993269,0.2363449,0.23084758,0.22431454,0.21770354,0.2118869,0.20747331,0.2046753,0.20327991,0.20274086,0.20235075,0.2014233,0.19943178,0.19608569,0.19135267,0.1854417,0.1787622,0.1718692,0.16540012,0.16000478,0.15626907,0.15463585,0.15533493,0.1583413,0.16337568,0.16994627,0.1774158,0.18507645,0.19222268,0.19822021,0.20257051,0.20497037,0.20536216,0.20396762,0.20129418,0.19809736,0.1952815,0.19373114,0.19409892,0.19662243,0.20105888,0.20677282,0.21292664,0.21868436,0.22336417,0.22652031,0.22796278,0.22773108,0.22603816,0.22319937,0.21956182,0.21544968,0.21113713,0.20685343,0.20281214,0.19924638,0.19642657,0.19464105,0.19413546,0.19502799,0.19723679,0.20045702,0.20420322,0.20790249,0.21100566,0.21308534,0.2139014,0.2134262,0.21182914,0.20942482,0.20659406,0.20369373,0.2009782,0.1985559,0.19639494,0.19437395,0.19235663,0.19026041,0.18809523,0.18595971,0.18399805,0.18233435,0.18101145,0.17996237,0.17903073,0.17803712,0.17686972,0.17556882,0.17437553,0.17371951,0.17413177,0.17609142,0.17985146,0.18531676,0.1920318,0.19927737,0.20622334,0.21207786,0.21619868,0.21815947,0.21777709,0.21510994,0.21043582,0.2042168,0.19705662,0.18965459,0.1827553,0.17709029,0.17330486,0.17187034,0.1729975,0.17658268,0.18221368,0.18923672,0.19685939,0.20426124,0.21069549,0.21557833,0.21856704,0.21962589,0.2190727,0.21758924,0.2161667,0.21595308,0.21799181,0.22290833,0.23067698,0.24059045,0.25143552,0.26176584,0.2701569,0.2753913,0.2765767,0.27321634,0.26525232,0.25309357,0.23763694,0.22027928,0.2028983,0.18772937,0.1770017,0.1722529,0.17361075,0.1796746,0.18816428,0.19674739,0.20353691,0.2072464,0.20717771,0.20316145,0.1954964,0.18489811,0.17245157,0.15954892,0.14777017,0.13863887,0.13322088,0.13170993,0.13332117,0.13662878,0.14008078,0.14236866
190,0.13930173,0.13296838,0.1248802,0.116442464,0.10969765,0.10703707,0.11029477,0.1196897,0.13378078,0.15040182,0.16747873,0.18333882,0.19674979,0.20689589,0.21336101,0.21612617,0.21557218,0.21247324,0.20795986,0.20341754,0.2002847,0.19974539,0.2024017,0.20809355,0.2159818,0.22483645,0.23336409,0.2404533,0.24531336,0.24753122,0.24707572,0.24426578,0.23970656,0.23419234,0.22857454,0.22360478,0.219782,0.21725033,0.21578918,0.21490178,0.21396516,0.21238615,0.20972125,0.20574537,0.20047292,0.19414353,0.1871838,0.18015388,0.17368397,0.16840298,0.1648618,0.16345724,0.16437027,0.16753443,0.1726443,0.17919901,0.18656558,0.19404848,0.20095815,0.20667693,0.21072274,0.21280839,0.21289231,0.21121348,0.2082985,0.20492476,0.20202072,0.20049503,0.20102018,0.20384413,0.20872098,0.21499752,0.22180533,0.22826771,0.23365554,0.23747277,0.23948002,0.23967327,0.23823342,0.2354609,0.23170914,0.22733004,0.22264236,0.21792684,0.2134431,0.20945376,0.20623599,0.20406416,0.2031591,0.20361802,0.2053551,0.20808372,0.21135454,0.21463825,0.21742585,0.21931888,0.22009096,0.21971211,0.21833503,0.2162466,0.21379411,0.21130143,0.2089966,0.20697176,0.205188,0.20352079,0.201827,0.20000748,0.19804367,0.19599782,0.1939794,0.19209206,0.1903833,0.18881972,0.18730171,0.18571642,0.18401222,0.18226941,0.18074001,0.17983371,0.18003756,0.18177864,0.18527094,0.19040975,0.19676253,0.20365553,0.21031131,0.21598534,0.2200698,0.22215655,0.22206424,0.21983747,0.21572717,0.21015859,0.20369309,0.19698645,0.19074322,0.18566224,0.18236654,0.18131718,0.18272649,0.1865007,0.19223996,0.19929941,0.20688955,0.21418795,0.22044405,0.22507147,0.22772779,0.2283808,0.22735475,0.22534083,0.2233444,0.22253618,0.22399461,0.22839162,0.23575036,0.24540216,0.256155,0.2665685,0.2752159,0.2808761,0.28265572,0.28006098,0.27303943,0.2620041,0.2478448,0.23192176,0.21601476,0.20216389,0.19230935,0.18771742,0.18844779,0.19329254,0.20027524,0.20731023,0.21264869,0.21505995,0.21385719,0.20886382,0.20036715,0.18907379,0.1760657,0.16273877,0.15068127,0.14142239,0.13602012,0.13464065,0.13645817,0.14000592,0.14369859,0.14620215
191,0.14131072,0.13519605,0.127433,0.11941364,0.11311255,0.11078117,0.114106,0.12327935,0.13696632,0.15312997,0.16978383,0.18530512,0.19849204,0.20855083,0.21508214,0.21807708,0.21791579,0.21535434,0.21147917,0.20759952,0.20504908,0.20490287,0.20769097,0.21325134,0.22081177,0.22924718,0.23737296,0.24417098,0.24892165,0.25126013,0.25118002,0.24899882,0.2452897,0.24078025,0.23622134,0.23224117,0.22921553,0.22719507,0.2259174,0.22489972,0.22357573,0.22143094,0.21810481,0.21344815,0.20753938,0.2006686,0.19329931,0.18601438,0.17945102,0.1742275,0.1708657,0.16971828,0.17091505,0.17434244,0.17966084,0.18635134,0.19377698,0.20124754,0.20808372,0.21368009,0.21756752,0.21947232,0.21936767,0.2175093,0.21444349,0.2109701,0.20804143,0.20658773,0.20729572,0.21041544,0.2156886,0.22243617,0.22975382,0.23672275,0.2425694,0.24675465,0.24900167,0.24927904,0.24775518,0.24473684,0.24060413,0.23575398,0.23056157,0.22536477,0.22046898,0.21616083,0.21271496,0.21037914,0.20933397,0.20963773,0.21118122,0.21367747,0.21669792,0.21974619,0.22234732,0.22412878,0.2248768,0.22455953,0.2233151,0.22140801,0.21916181,0.21688238,0.21479091,0.21298534,0.21144152,0.2100511,0.20867944,0.20722088,0.20563276,0.20393813,0.20220025,0.20048095,0.19880188,0.19712687,0.19537653,0.19347335,0.19140404,0.18927765,0.18735664,0.1860407,0.18579267,0.18701525,0.18991408,0.19440228,0.20008968,0.20635849,0.21248789,0.21778087,0.22166307,0.22374362,0.22384173,0.22198665,0.21839927,0.21346286,0.2076885,0.20167848,0.19608676,0.19157107,0.1887289,0.18801562,0.18965724,0.1935866,0.19943294,0.20657271,0.21422507,0.22156408,0.22782749,0.23241343,0.23496372,0.2354325,0.23413448,0.2317582,0.22931817,0.22801267,0.22897096,0.2329352,0.24000242,0.24956103,0.26044774,0.27122402,0.28044745,0.28687254,0.289578,0.28803986,0.28217167,0.27234328,0.25938368,0.24456084,0.22951598,0.21610327,0.20607272,0.2006005,0.19985366,0.2028992,0.2080583,0.21344964,0.21741675,0.21874389,0.21671982,0.2111287,0.20221633,0.19065174,0.17748554,0.16408934,0.15203321,0.14283231,0.13753247,0.13628952,0.13827026,0.14200188,0.1458911,0.14859158
