0,0.12921478,0.12633707,0.121985115,0.11750288,0.114632405,0.11514497,0.12018098,0.12971781,0.14266016,0.15739506,0.17229761,0.18598667,0.19741197,0.20587678,0.21104486,0.21294472,0.21196786,0.20885023,0.2046187,0.20047694,0.19761086,0.1969281,0.19881383,0.20302545,0.20879118,0.21505472,0.2207431,0.22497225,0.22716935,0.2271278,0.22501358,0.22133192,0.21685268,0.21248673,0.20911309,0.20738094,0.20754547,0.20940757,0.21238707,0.21569182,0.21850674,0.2201444,0.22013535,0.21826468,0.21457005,0.20931517,0.20294909,0.19605695,0.18930478,0.183378,0.17891152,0.17641363,0.176193,0.17830844,0.18255948,0.1885225,0.19561864,0.20319274,0.21058789,0.21720943,0.22257802,0.22637191,0.22845703,0.22890161,0.22797003,0.22609118,0.22379772,0.22163875,0.22007835,0.21940371,0.21967182,0.22071387,0.22219488,0.22370459,0.22484858,0.22531673,0.22491927,0.22359289,0.22138537,0.2184301,0.2149204,0.21109062,0.20720632,0.20355907,0.2004573,0.1982027,0.19704695,0.19713427,0.19844829,0.20078698,0.20378184,0.20695975,0.20982987,0.21197283,0.21311358,0.21316566,0.21224129,0.21062492,0.20871189,0.20692115,0.20560002,0.20494768,0.20498303,0.20556824,0.20647675,0.2074767,0.2083993,0.20917018,0.20979863,0.21033257,0.21079923,0.2111566,0.21127759,0.2109779,0.21008256,0.20851348,0.20637314,0.203998,0.20195545,0.20096171,0.20171605,0.2046864,0.20992798,0.21702209,0.22516142,0.23332866,0.24048819,0.24573697,0.24839963,0.24807553,0.24465065,0.23828658,0.22939621,0.21861394,0.2067661,0.19484158,0.18395217,0.17525613,0.16981028,0.1683462,0.17104891,0.17747495,0.18667126,0.19740947,0.20840654,0.21847348,0.22660486,0.2320395,0.23431395,0.23331672,0.22934186,0.22313318,0.21589524,0.209224,0.20488489,0.2043958,0.20852217,0.2169732,0.22851972,0.2414251,0.25389785,0.2643951,0.2717738,0.27534837,0.27490154,0.27067056,0.2633137,0.25385076,0.24356218,0.23382601,0.22588281,0.22055975,0.21805146,0.21787645,0.21904741,0.22036666,0.2207124,0.21923606,0.2154634,0.20932569,0.20114769,0.19160469,0.18164544,0.17236373,0.16479954,0.15968177,0.15719505,0.15690024,0.15787107,0.15896429,0.15908048,0.15733238
1,0.12740286,0.124665104,0.12034274,0.115776606,0.11274175,0.11308725,0.11804806,0.12765634,0.14080918,0.1558506,0.17110698,0.18515341,0.196901,0.20561764,0.21093473,0.21285245,0.21174091,0.20832647,0.20364526,0.1989369,0.19545335,0.19418913,0.19561139,0.19952442,0.20515431,0.21140255,0.21713425,0.22140132,0.22357543,0.22340825,0.22104144,0.21697749,0.21200961,0.20710081,0.20320688,0.20106262,0.2009923,0.20282693,0.20597185,0.20958754,0.21279769,0.21485427,0.21523543,0.21368365,0.21020316,0.20503223,0.19860223,0.19148993,0.1843659,0.17793784,0.17288484,0.16978014,0.16900828,0.17069718,0.17469099,0.1805775,0.18775909,0.19554174,0.20322022,0.21014965,0.21580277,0.21981432,0.22201224,0.22243366,0.22132103,0.21909368,0.21629131,0.21349005,0.21120147,0.20977622,0.2093412,0.2097933,0.2108509,0.21214162,0.21329403,0.21400705,0.21408604,0.21344733,0.2121014,0.21012738,0.2076507,0.20483139,0.20186433,0.19898526,0.1964712,0.19462183,0.19371459,0.1939378,0.19532254,0.19770212,0.2007213,0.20389694,0.20671207,0.20871615,0.20960943,0.2092971,0.20790583,0.2057595,0.20331426,0.20106031,0.19940937,0.19859932,0.1986502,0.19938862,0.20052935,0.20177883,0.2029215,0.2038629,0.20462158,0.2052784,0.20590465,0.20649761,0.2069505,0.20707226,0.20665435,0.20556532,0.20384586,0.20177552,0.19988292,0.19887562,0.19948013,0.20222168,0.20722324,0.21411942,0.22212523,0.23021342,0.2373161,0.24248877,0.24501713,0.24447238,0.24072869,0.23395495,0.22459075,0.21331419,0.20100634,0.1887119,0.17758484,0.16879308,0.16335313,0.1619048,0.164518,0.17065977,0.17934886,0.1893906,0.1995729,0.20878698,0.21609594,0.22078374,0.2224031,0.22082841,0.21631221,0.20953679,0.20164092,0.1941764,0.18891713,0.18745449,0.1906597,0.19831921,0.20922327,0.22161704,0.23368512,0.24386902,0.25101766,0.25443986,0.253912,0.24966443,0.24235147,0.23299813,0.22290513,0.2134869,0.20602481,0.20136626,0.19968152,0.20042133,0.20251629,0.20470493,0.20583454,0.20505477,0.20190829,0.19635321,0.18874644,0.17979938,0.17050004,0.16197912,0.15529758,0.1511702,0.14972426,0.15043883,0.15231654,0.15417758,0.15492007,0.15367498
2,0.123645894,0.12100841,0.11672659,0.11214991,0.10909029,0.10945779,0.11453506,0.12434863,0.13774896,0.15303285,0.16849637,0.18269655,0.1945308,0.20325346,0.20848148,0.21020085,0.20877063,0.20491415,0.19967939,0.19434054,0.19021013,0.1883595,0.1893232,0.19293542,0.19840565,0.20458676,0.21028572,0.21450277,0.21657127,0.21621993,0.21358377,0.20917669,0.20382369,0.19854009,0.1943474,0.19204193,0.19198203,0.19399059,0.19742787,0.20139228,0.20494838,0.20730259,0.2079025,0.20647226,0.20300584,0.19773638,0.19109403,0.18365906,0.17611368,0.16919051,0.16361141,0.16000968,0.15883733,0.1602787,0.16420548,0.17019777,0.17762193,0.18573284,0.19377072,0.20103948,0.20696692,0.21114998,0.21338637,0.21369131,0.21229517,0.2096176,0.2062136,0.20269164,0.1996116,0.19738284,0.19619243,0.19598986,0.19653396,0.19748127,0.19848108,0.19924712,0.1995929,0.19943243,0.19875869,0.19761509,0.19607405,0.19423105,0.19221468,0.19020428,0.18844059,0.18721302,0.18681352,0.18746123,0.18922015,0.19194424,0.19527787,0.19871633,0.20170659,0.20375809,0.20453762,0.20393285,0.20207639,0.1993262,0.19620065,0.1932728,0.19104134,0.18981323,0.18964085,0.19034122,0.19158827,0.19303675,0.19442861,0.19564883,0.19672038,0.1977472,0.19882931,0.19998285,0.20109755,0.20195134,0.20228003,0.2018807,0.20071821,0.19900444,0.19722158,0.19606525,0.19629377,0.19850524,0.20291625,0.20924501,0.21675593,0.22443141,0.23118365,0.23603417,0.23823428,0.23732956,0.23318243,0.22596592,0.21613882,0.2044103,0.19169855,0.17908315,0.16773978,0.1588324,0.15333812,0.15182418,0.15427937,0.16011915,0.16836491,0.1778736,0.18750888,0.19623527,0.20316806,0.20761216,0.2091061,0.20747547,0.20289297,0.19593883,0.18764555,0.17948806,0.17324093,0.17060849,0.17265627,0.17934676,0.18955056,0.20150611,0.21335372,0.22348641,0.23070854,0.23428643,0.23395298,0.22989464,0.222726,0.21344574,0.20335476,0.19390604,0.18645664,0.18194063,0.1805823,0.18182684,0.18455309,0.18743686,0.18927693,0.18919459,0.18671961,0.18180726,0.17481947,0.16648208,0.1578098,0.14997174,0.14406724,0.14082609,0.14034832,0.14205267,0.14488092,0.14761744,0.1491524,0.14862546
3,0.11904606,0.116468504,0.11224904,0.10776713,0.10487968,0.10553276,0.11098962,0.121194534,0.1349112,0.15039173,0.16592504,0.18007717,0.19175664,0.20022604,0.20510714,0.20638895,0.20443457,0.19997698,0.19408557,0.18807423,0.1833145,0.18094355,0.18154165,0.18494463,0.19031999,0.19645864,0.20211111,0.2062396,0.20815991,0.20760143,0.2047158,0.20004858,0.19447032,0.18905105,0.18486352,0.18273115,0.18299614,0.18542135,0.18928486,0.19360955,0.19740891,0.19986552,0.20042449,0.19882086,0.19506648,0.18941517,0.18231852,0.17437969,0.1663078,0.15887092,0.15283827,0.14889982,0.14756088,0.14903584,0.15318887,0.15955682,0.16744292,0.17603652,0.18452023,0.19215165,0.19832312,0.20260574,0.20478058,0.20485558,0.20306432,0.19984154,0.19577038,0.19149996,0.18763942,0.18464826,0.18275535,0.1819373,0.18196636,0.18250602,0.18321468,0.1838224,0.18416496,0.18417828,0.18386792,0.18327262,0.18243931,0.18141985,0.18028943,0.17917585,0.17828088,0.17787412,0.17824668,0.17962833,0.18209335,0.18549442,0.1894573,0.19344263,0.19685306,0.199152,0.19996653,0.19915855,0.19685604,0.1934404,0.1894862,0.18565418,0.1825502,0.18058513,0.17988579,0.18029878,0.18148614,0.18306775,0.1847494,0.1863933,0.18801685,0.1897294,0.19163477,0.1937378,0.19589366,0.19782186,0.19918217,0.19968729,0.1992187,0.19791494,0.19620545,0.19476694,0.19438614,0.19574122,0.19916503,0.2044941,0.211079,0.2179416,0.22399345,0.22823265,0.22988062,0.22845778,0.22381192,0.21611357,0.20582971,0.19368462,0.18061315,0.167707,0.15614378,0.14707525,0.1414513,0.13980252,0.14208674,0.14771548,0.15574393,0.16509107,0.17468798,0.18354999,0.19081232,0.19576293,0.19788606,0.19691814,0.1929125,0.18630716,0.17798534,0.16929975,0.16199158,0.15789165,0.15835598,0.16367629,0.17292975,0.18439506,0.19615063,0.20649354,0.21412982,0.21823137,0.21843964,0.21485196,0.2079995,0.1988125,0.1885558,0.17870244,0.17070389,0.16565041,0.1639265,0.165072,0.16797124,0.17124611,0.17362347,0.17415835,0.17232627,0.16803992,0.1616309,0.15381122,0.14560589,0.1382248,0.13283254,0.13022089,0.13051206,0.13309708,0.13686657,0.14056176,0.14304876,0.14345679
4,0.115070455,0.11252739,0.108413346,0.10416426,0.10168707,0.1029231,0.10903286,0.11980553,0.13389687,0.14952998,0.16501108,0.17893682,0.19024524,0.19822401,0.20251656,0.20313232,0.20045651,0.19524981,0.18861982,0.18193284,0.17662309,0.17388245,0.17430848,0.17769955,0.18314676,0.18936142,0.19503859,0.19911721,0.20091812,0.20019732,0.19714934,0.19237447,0.18680388,0.18156226,0.17775075,0.17617206,0.1770905,0.18015459,0.18453132,0.18916729,0.19304335,0.19534533,0.19554478,0.19341607,0.18901634,0.1826467,0.1748065,0.16614714,0.15742834,0.1494731,0.14310876,0.13907741,0.13791126,0.13980684,0.14456302,0.15162444,0.16020337,0.16941716,0.17839876,0.18637438,0.19271821,0.19699346,0.19898267,0.19870532,0.19641745,0.19258791,0.18784462,0.18288809,0.17837732,0.1748085,0.17242365,0.17118677,0.17084067,0.17101915,0.17136647,0.17162277,0.17165767,0.17145638,0.17107606,0.17059533,0.17007886,0.1695707,0.16911732,0.16880691,0.1688019,0.16934049,0.17069164,0.17306797,0.17652433,0.18088596,0.18574189,0.19050914,0.19454366,0.19726312,0.19825381,0.19734608,0.19465199,0.19056042,0.18568571,0.18076685,0.17652386,0.17350012,0.17194343,0.17178167,0.1727082,0.17433512,0.17634209,0.17856382,0.18099481,0.1837218,0.18681689,0.19023642,0.19376868,0.19705321,0.19966452,0.20123148,0.2015574,0.20071135,0.19906786,0.19727422,0.19612986,0.19638121,0.19848135,0.20240985,0.20764223,0.21327898,0.21826124,0.2215822,0.2224423,0.22033884,0.21510182,0.20689152,0.19617069,0.18366137,0.17029339,0.15714672,0.14538066,0.13612838,0.13033225,0.12853576,0.13073201,0.13638504,0.14461152,0.15438771,0.1646825,0.17451763,0.1829986,0.18934838,0.19295554,0.19343542,0.19069935,0.18502703,0.17713483,0.16822232,0.15994547,0.15421057,0.1526813,0.15611124,0.16396646,0.17468473,0.18630387,0.19698595,0.20527971,0.2102053,0.2112633,0.20842004,0.20208554,0.19308342,0.18260017,0.17208594,0.1630611,0.15679593,0.15392578,0.1542113,0.1566425,0.15982726,0.16240875,0.16333689,0.16198607,0.15818097,0.15218239,0.14465487,0.1366109,0.12929764,0.12397229,0.121548355,0.12224132,0.12546358,0.13006656,0.13473217,0.13827378,0.1397797
5,0.11333526,0.11083365,0.106892355,0.10302421,0.10117632,0.103229314,0.1101678,0.12159318,0.13606684,0.15180656,0.1671506,0.18073344,0.19152783,0.19885361,0.20238635,0.20217027,0.19863084,0.19257759,0.1851785,0.17787103,0.17216021,0.16928117,0.1698153,0.17347953,0.17925295,0.18575168,0.1916182,0.19578268,0.19759113,0.19684862,0.19381453,0.18916182,0.18388969,0.1791662,0.17608546,0.17537531,0.17716886,0.18097024,0.18583529,0.19065425,0.19440119,0.19628893,0.19583595,0.19287454,0.18752606,0.18016012,0.17134796,0.16181622,0.152403,0.1440095,0.1375309,0.13374539,0.13316384,0.13589405,0.14160275,0.14960326,0.15901004,0.16888258,0.17832646,0.18655904,0.19295682,0.19709393,0.19877285,0.1980434,0.19520412,0.19077791,0.18545504,0.17999813,0.17511408,0.17131667,0.16882446,0.16754055,0.16712807,0.16714787,0.16719918,0.16701616,0.1665026,0.16571073,0.16478394,0.16388865,0.16316102,0.16268784,0.16252588,0.16274631,0.16347699,0.16491292,0.16727683,0.17073345,0.17528866,0.18071891,0.18656647,0.19220483,0.19694924,0.20017852,0.20144181,0.200536,0.19754763,0.19285552,0.18708983,0.18104294,0.17553343,0.17124273,0.16857176,0.16758053,0.16804607,0.16961044,0.17194308,0.1748454,0.17826551,0.18223242,0.18674769,0.19168572,0.19674774,0.20148903,0.20540825,0.2080676,0.20921052,0.20885019,0.20730983,0.20519738,0.2033008,0.20240283,0.20305131,0.2053652,0.20896684,0.2130728,0.2166921,0.21884266,0.21872249,0.21581471,0.20993298,0.2012229,0.19013338,0.17736994,0.16383876,0.15058683,0.1387354,0.1293897,0.12349843,0.12166329,0.12397764,0.13001227,0.13896205,0.14983636,0.16159095,0.17319404,0.18366605,0.19212289,0.19783251,0.20028242,0.19925256,0.19488874,0.18777135,0.1789675,0.1700311,0.16286673,0.15933973,0.16063556,0.16671449,0.17632814,0.18756902,0.19848074,0.20742781,0.21324074,0.21524666,0.2132582,0.2075497,0.19882584,0.1881752,0.17698738,0.1667936,0.15898843,0.15445198,0.15323554,0.1545434,0.15705307,0.15935473,0.16028278,0.15908049,0.15545006,0.14954881,0.14196432,0.13367094,0.1259371,0.12012065,0.117304735,0.11787611,0.121335976,0.12652023,0.13203432,0.13660263,0.13923438
6,0.11513832,0.112721115,0.10902256,0.105633825,0.104515344,0.10744055,0.11519842,0.12723148,0.14204507,0.15786654,0.17306101,0.18628901,0.19654816,0.20318584,0.20591152,0.20481244,0.20036882,0.19345883,0.18533333,0.1775209,0.17160597,0.16885535,0.16980296,0.17404829,0.1804349,0.18747737,0.19377047,0.19824472,0.20028158,0.19974498,0.19696687,0.1926944,0.18798505,0.18402486,0.18186301,0.18211742,0.18477786,0.18922108,0.1944252,0.19925539,0.20269918,0.20400625,0.20274605,0.1988119,0.19239509,0.18394376,0.1741164,0.1637346,0.15373483,0.14510897,0.13881227,0.13562094,0.13596047,0.13978647,0.14659998,0.15558645,0.16578735,0.17623292,0.18602473,0.19438876,0.20071758,0.20460853,0.20589681,0.20467705,0.20130585,0.19637606,0.19065312,0.18496704,0.1800655,0.17645782,0.17430519,0.17341152,0.17332514,0.17350501,0.17348148,0.17296243,0.17186968,0.17031477,0.16853341,0.16680326,0.1653715,0.16441588,0.16404958,0.16436076,0.16545889,0.16749452,0.17063007,0.1749639,0.180438,0.18677373,0.19346954,0.19986397,0.20524174,0.20895125,0.21050942,0.20967972,0.20651743,0.20137808,0.19488576,0.18785623,0.18117389,0.17563415,0.17178868,0.16985372,0.16972992,0.17112684,0.17372379,0.1772871,0.18169904,0.18690307,0.1928052,0.19918483,0.20565888,0.21171483,0.21679989,0.22043593,0.22233003,0.222457,0.22109696,0.21881369,0.21636187,0.21452223,0.21389128,0.21469088,0.21667863,0.21920256,0.2213707,0.22225918,0.22109081,0.21735261,0.21085154,0.2017212,0.19039406,0.17755231,0.16406865,0.15094526,0.13925286,0.13005814,0.12431304,0.12268959,0.12540846,0.132172,0.142254,0.15466811,0.16831139,0.18205357,0.19479758,0.20553738,0.21342385,0.2178374,0.21846311,0.21536343,0.20904364,0.20050007,0.19122304,0.18308935,0.17804316,0.17753023,0.18191212,0.19029723,0.20093508,0.21182887,0.22119431,0.22768278,0.23045205,0.22916916,0.22398785,0.21551396,0.20475566,0.19304232,0.1818803,0.17270747,0.1665486,0.16368647,0.16355799,0.16497792,0.16654873,0.167027,0.16553855,0.16166396,0.15545304,0.14740965,0.13845807,0.12986857,0.12307923,0.119343944,0.11926257,0.12248829,0.12788175,0.13397133,0.13936539,0.14296056
7,0.12091912,0.11864308,0.115217544,0.112294935,0.11182382,0.11546709,0.12386538,0.13637078,0.15146925,0.16739433,0.18251531,0.19549331,0.2053299,0.21138588,0.21339758,0.21149547,0.20622149,0.1985351,0.18978621,0.18160905,0.17567316,0.1732692,0.17486705,0.17993584,0.18718128,0.1950195,0.2019991,0.20704815,0.209577,0.20949921,0.20720646,0.20350218,0.19947803,0.19631173,0.19499117,0.19603343,0.19932368,0.20416449,0.20950122,0.2141988,0.21726368,0.21797603,0.2159453,0.21111526,0.20373952,0.19434163,0.18366802,0.17263772,0.1622849,0.15368013,0.14780876,0.14540003,0.14675476,0.1516673,0.15949799,0.16934313,0.18020327,0.19109768,0.20113179,0.20954303,0.21574177,0.2193515,0.22024487,0.21856779,0.21474242,0.20943804,0.20349832,0.19781747,0.19317308,0.1900538,0.1885478,0.18835002,0.18889073,0.18952535,0.18970934,0.1891099,0.18764424,0.18545537,0.18284474,0.18018381,0.1778291,0.17606494,0.17508918,0.17503878,0.17603177,0.17819233,0.18163334,0.18639474,0.19236398,0.1992194,0.20642847,0.21330623,0.21911523,0.22317858,0.22498336,0.2242598,0.22102945,0.21561833,0.20863175,0.20088689,0.19330145,0.18674634,0.18189041,0.17908989,0.17837414,0.17953746,0.18228482,0.18635334,0.19155657,0.19774804,0.2047404,0.21223125,0.21977584,0.22682172,0.23279244,0.23719428,0.23971836,0.2403166,0.23923564,0.23699594,0.23430666,0.23191693,0.23042627,0.23010822,0.23081578,0.23201205,0.23291105,0.23266813,0.23055504,0.22608332,0.21906766,0.20963794,0.1982137,0.1854547,0.17220056,0.15941028,0.14810692,0.13931939,0.13399497,0.13285612,0.13622522,0.14391428,0.15525909,0.16926222,0.1847484,0.20048134,0.21524848,0.2279347,0.23759685,0.24354102,0.24539895,0.24319994,0.2374321,0.2290831,0.21963422,0.21095271,0.20500061,0.20332664,0.20650859,0.21390969,0.22394714,0.23464996,0.24415293,0.25098076,0.25416297,0.2532578,0.24833617,0.2399446,0.22904952,0.21694879,0.20512559,0.19501461,0.18768403,0.18352513,0.18212263,0.18241449,0.1830529,0.18276983,0.18062156,0.17610544,0.16919497,0.16033542,0.15041693,0.14070997,0.13270664,0.12778872,0.12674245,0.12938608,0.13463826,0.14097042,0.14687367,0.15111983
8,0.13007869,0.12798263,0.12479646,0.12221274,0.12216405,0.12624362,0.13502547,0.14784156,0.16318141,0.17927071,0.19445442,0.20736502,0.21698302,0.22266315,0.2241549,0.22162391,0.21567106,0.20733933,0.198083,0.18964796,0.18379316,0.18183635,0.18419081,0.19020928,0.1984736,0.20730634,0.21520245,0.22107077,0.22432825,0.22491266,0.22324799,0.22016616,0.21676938,0.21421707,0.21345143,0.21493414,0.21850917,0.22346336,0.22874601,0.2332338,0.23594621,0.23617831,0.23356055,0.22806805,0.21999939,0.20993781,0.19870287,0.1872945,0.17682308,0.16840969,0.16303915,0.16137606,0.16360904,0.16941422,0.17806268,0.18859868,0.1999973,0.21126673,0.22150905,0.22996478,0.23605525,0.23942563,0.23998344,0.23792426,0.233734,0.22815503,0.22210348,0.21652967,0.21223372,0.20968178,0.2088968,0.2094819,0.21076947,0.21202728,0.21264184,0.21223393,0.2106986,0.20818229,0.20501648,0.20162801,0.19844902,0.19584878,0.19410466,0.193413,0.1939223,0.19575809,0.19901367,0.20370054,0.2096798,0.21661068,0.22394758,0.23099318,0.23699334,0.24124771,0.24321356,0.24258745,0.23935673,0.23381662,0.22654939,0.21836285,0.21018688,0.20293413,0.19734856,0.19388616,0.19267792,0.19359289,0.19636478,0.20071118,0.20639051,0.2131849,0.22083828,0.22899577,0.23718192,0.24483253,0.25137123,0.25630745,0.259331,0.26038235,0.2596831,0.2577142,0.25513503,0.25264597,0.25081664,0.2499265,0.24987613,0.25020698,0.25022116,0.24915217,0.24633013,0.24130358,0.23390615,0.22427253,0.21281569,0.20017931,0.1871793,0.17474645,0.16387661,0.15558046,0.1508063,0.15030503,0.15445279,0.16311814,0.17566301,0.19106649,0.20808615,0.2253953,0.24168777,0.2557656,0.2666216,0.27352083,0.27607852,0.27433074,0.2687916,0.2604846,0.25092274,0.24198636,0.23563293,0.23341995,0.23598987,0.2428225,0.25244153,0.26291668,0.27235448,0.27921325,0.28245032,0.28156602,0.27659535,0.26807016,0.25695586,0.2445517,0.23233277,0.22171274,0.21373917,0.20880829,0.20654643,0.20594898,0.20570756,0.20455912,0.20153745,0.19610715,0.18821369,0.17828752,0.16722076,0.15630457,0.14707601,0.14099778,0.13897438,0.14094141,0.14586966,0.1521918,0.15830036,0.16285464
9,0.14131078,0.13940041,0.13637024,0.13393854,0.1340365,0.1382452,0.14715078,0.16012025,0.17566067,0.19197613,0.20736308,0.22039992,0.23002265,0.23555946,0.23675576,0.23379815,0.2273356,0.21848692,0.20880653,0.2001522,0.19437923,0.19284986,0.19594842,0.20294057,0.21230188,0.22226097,0.23124342,0.23811373,0.24226595,0.24363084,0.2426347,0.24011292,0.23716505,0.23493984,0.23436765,0.2359101,0.23943008,0.24424581,0.24933554,0.2535922,0.25603878,0.25596794,0.25300997,0.24714898,0.23870535,0.22829832,0.21679549,0.20525046,0.19482107,0.18665318,0.18171923,0.18063368,0.18351594,0.18997887,0.1992484,0.21033849,0.22220123,0.23382524,0.24429718,0.25284877,0.25890213,0.26211548,0.26242355,0.26006386,0.25557756,0.24977054,0.24362166,0.23813036,0.23411919,0.23204283,0.23188145,0.23317483,0.23518462,0.2371104,0.23827937,0.23826534,0.23693095,0.23440664,0.23102525,0.22723307,0.22349839,0.22023924,0.21778648,0.21638556,0.21622194,0.2174437,0.22015533,0.22437471,0.22996986,0.23660824,0.24375008,0.25069654,0.25668114,0.26098058,0.26302138,0.26246566,0.25926673,0.25368986,0.24629447,0.2378757,0.22936468,0.22169377,0.2156477,0.21174107,0.21016845,0.21084854,0.2135354,0.21793447,0.2237683,0.23077522,0.23866284,0.24705675,0.2554804,0.26338226,0.27020428,0.2754725,0.27888536,0.2803798,0.2801585,0.27866665,0.27651328,0.27434132,0.27266982,0.27175093,0.2714915,0.2714712,0.27104968,0.26952127,0.26626834,0.26087758,0.25320622,0.24340007,0.23187384,0.2192671,0.20638996,0.19417028,0.18360753,0.17572339,0.17148091,0.17164457,0.1765991,0.1862124,0.19982843,0.21638468,0.23457709,0.2530084,0.2703057,0.28521794,0.29670483,0.30402133,0.30679712,0.3051056,0.2995165,0.29111683,0.28147402,0.27249292,0.2661126,0.26384383,0.26629484,0.272953,0.2823765,0.29266068,0.30191168,0.30856925,0.31157073,0.31040847,0.30512708,0.29628417,0.2848787,0.2722373,0.25983933,0.24906802,0.24091095,0.23569995,0.23302092,0.23186065,0.23092037,0.22894849,0.224987,0.21850975,0.20947917,0.19835483,0.18607,0.17396513,0.16362871,0.1565748,0.15376058,0.1551671,0.15977667,0.16598131,0.17209414,0.17668588
10,0.15310363,0.15135393,0.14837545,0.14590412,0.14588918,0.14995028,0.1587457,0.17171715,0.18740013,0.20396923,0.2196563,0.23296732,0.24277543,0.24836448,0.2494585,0.24624872,0.23941694,0.23014455,0.22007692,0.21118218,0.20542309,0.20423251,0.20800067,0.21593532,0.22641763,0.23757593,0.2477477,0.25572821,0.26086116,0.26304305,0.2626783,0.26058897,0.25786877,0.25567132,0.25495043,0.25621527,0.25939438,0.26387152,0.2686713,0.27270523,0.2749913,0.27480435,0.27175507,0.26581416,0.25729975,0.24684098,0.23532577,0.2238332,0.21354331,0.20561115,0.20100023,0.20030217,0.20361154,0.21052258,0.22024667,0.23178044,0.2440527,0.25602517,0.266759,0.2754665,0.28156045,0.28470212,0.28484327,0.28225246,0.27751413,0.27148578,0.2651988,0.25969714,0.25583062,0.2540588,0.2543445,0.2561929,0.2588203,0.2613765,0.2631397,0.26363954,0.26270187,0.26042917,0.25713605,0.253261,0.2492756,0.24561223,0.24262547,0.24059044,0.23972471,0.24020886,0.24218047,0.2456923,0.25064826,0.2567487,0.26347703,0.2701426,0.2759703,0.28021383,0.28226742,0.28175753,0.27860355,0.27304205,0.26561126,0.25709367,0.24841724,0.24052127,0.23420848,0.2300207,0.22818278,0.22863685,0.23114504,0.2354039,0.24111694,0.2480046,0.2557678,0.2640415,0.27237293,0.28024226,0.2871236,0.29256874,0.29629126,0.29822922,0.29856998,0.29772592,0.29625598,0.29474115,0.29363754,0.29314747,0.29315323,0.29323846,0.29278922,0.29113752,0.2877038,0.28210697,0.27422813,0.26422969,0.25253862,0.2398067,0.22686079,0.21465395,0.20421925,0.19661364,0.19282393,0.19361374,0.19933954,0.20982227,0.22435063,0.24180418,0.26082152,0.27995342,0.29778618,0.3130441,0.32468206,0.33197215,0.33458334,0.33264875,0.32681268,0.31824067,0.30856377,0.29971144,0.29358956,0.29162443,0.29432708,0.30111918,0.31053764,0.3206834,0.3296757,0.33596966,0.33852422,0.3368655,0.331086,0.32180205,0.31007272,0.29726982,0.28488347,0.27425775,0.26629272,0.2612101,0.2585003,0.25709313,0.25567177,0.25299355,0.24812594,0.2405809,0.23037164,0.21802114,0.20453575,0.19133039,0.18005615,0.17226388,0.16891706,0.1699784,0.1743919,0.18049213,0.1865233,0.19099037
11,0.164087,0.16244897,0.15941632,0.15673675,0.15639229,0.16007632,0.1685592,0.18138428,0.19712514,0.21392441,0.2299414,0.24359927,0.2536967,0.25946054,0.26057965,0.25723502,0.25012603,0.24048261,0.23003115,0.22084914,0.21501967,0.21407238,0.21843275,0.22726944,0.23887171,0.25125757,0.26266026,0.2717872,0.27791247,0.28088018,0.2810577,0.2792454,0.27653342,0.2740962,0.27293956,0.27365527,0.27627045,0.2802585,0.28470272,0.2885349,0.29076165,0.29062763,0.28770757,0.28193954,0.27361745,0.26335657,0.25204012,0.24074861,0.23066501,0.22294535,0.21855228,0.2180796,0.22163123,0.22881448,0.23884784,0.25072107,0.26334184,0.2756419,0.286651,0.29555473,0.30174807,0.30488607,0.30492687,0.3021583,0.29719532,0.29093444,0.28445005,0.27882683,0.27494755,0.2732919,0.27382785,0.27605042,0.27915245,0.28225085,0.28458604,0.2856492,0.28522944,0.28339514,0.28042984,0.27674475,0.27278963,0.2689832,0.26567703,0.26315576,0.2616592,0.2614026,0.26256955,0.26526758,0.2694586,0.27489516,0.2810979,0.2873918,0.29299545,0.2971383,0.29918,0.29870942,0.29561138,0.29009464,0.28267807,0.27413303,0.26538303,0.25736827,0.25089595,0.246515,0.24445722,0.24466811,0.24690707,0.2508632,0.2562335,0.26274076,0.27010253,0.27798557,0.2859794,0.29360953,0.30039114,0.30590722,0.3098894,0.3122789,0.3132497,0.31318286,0.31258807,0.3119825,0.31175217,0.31203556,0.3126689,0.31321388,0.3130571,0.31154633,0.30812508,0.30243647,0.29438457,0.28415373,0.27219462,0.25918818,0.24599965,0.233631,0.22317052,0.21572408,0.2123022,0.21365145,0.2200711,0.23130308,0.24655694,0.26464579,0.2841578,0.30360976,0.32157055,0.3367649,0.34816688,0.35508734,0.35725284,0.35487083,0.34867063,0.33990192,0.33025965,0.32169116,0.3160534,0.3146601,0.3178844,0.32503605,0.3345939,0.34464926,0.3533424,0.3591671,0.3611347,0.35883677,0.35244292,0.34265307,0.33060527,0.31772837,0.3055259,0.2952943,0.28782606,0.2832024,0.28078288,0.2794088,0.27772602,0.27449653,0.26882243,0.26027152,0.24892959,0.23540565,0.22080055,0.20662162,0.19459249,0.18629496,0.1826706,0.18361855,0.18800291,0.1940811,0.20003189,0.20431194
12,0.1731888,0.17159352,0.16840604,0.16537993,0.16453713,0.16766432,0.17566648,0.18820445,0.20389652,0.22085424,0.23716255,0.25115895,0.26156366,0.26754054,0.26873535,0.2653085,0.25796533,0.24797282,0.23713045,0.22762531,0.22167227,0.22091678,0.22583506,0.23555936,0.24827902,0.26189044,0.2745124,0.28475568,0.2918169,0.2954803,0.29607093,0.29436615,0.29145783,0.28855476,0.28673512,0.2866965,0.28858584,0.29198122,0.2960322,0.29969123,0.301948,0.3020077,0.29939654,0.294005,0.2860857,0.27622104,0.2652699,0.2542957,0.24447037,0.23694575,0.23269035,0.2323177,0.23596393,0.243271,0.25348064,0.26558587,0.2784781,0.29106036,0.30232936,0.3114401,0.31776404,0.32094216,0.32092962,0.31802207,0.3128529,0.30634555,0.29960787,0.2937613,0.28972507,0.28801048,0.28860778,0.29102102,0.29443783,0.29795766,0.3007954,0.30241206,0.30256382,0.3012836,0.29881668,0.2955338,0.29184446,0.28813192,0.2847232,0.28189424,0.27989623,0.27897707,0.2793729,0.28125885,0.28466982,0.28942433,0.29508972,0.30101106,0.3064001,0.3104593,0.31250998,0.3121005,0.30907965,0.3036287,0.29624867,0.2877016,0.27890757,0.27080572,0.264202,0.25964183,0.25735086,0.2572662,0.2591381,0.26264983,0.2675014,0.2734326,0.28019428,0.2875002,0.29499394,0.30225393,0.30883998,0.3143671,0.31858465,0.32143652,0.32308388,0.32387787,0.32428086,0.32474694,0.32558963,0.32687578,0.3283822,0.32963073,0.32998896,0.3288031,0.3255267,0.3198201,0.31160933,0.30110577,0.28879395,0.2753984,0.2618395,0.24918444,0.23858866,0.23121096,0.22807895,0.22990587,0.23691252,0.24874242,0.264515,0.28297722,0.3026776,0.3221164,0.3398658,0.3546714,0.36554483,0.3718506,0.3733843,0.37043482,0.3638197,0.35487202,0.3453457,0.337197,0.3322199,0.331596,0.33553514,0.34320796,0.35301328,0.36302373,0.37140536,0.37670606,0.37801012,0.37499604,0.36793053,0.35761395,0.34527642,0.33241197,0.32053939,0.31090197,0.30417132,0.3002693,0.29840323,0.29730695,0.29557633,0.29197413,0.2856405,0.2762076,0.26384464,0.24925818,0.23365477,0.21864459,0.2060315,0.19742852,0.1937419,0.19478074,0.19930127,0.20546818,0.2113956,0.21550381
13,0.17968883,0.17804864,0.17461097,0.17112908,0.16966552,0.17210709,0.17950153,0.19163166,0.20716162,0.22417267,0.24067792,0.25493306,0.26558328,0.27173138,0.272979,0.26946253,0.2618875,0.25155154,0.24032344,0.23050177,0.22444114,0.22390996,0.22943056,0.24008124,0.25393227,0.2687476,0.28252986,0.29379654,0.3016713,0.3058829,0.30671805,0.30493656,0.3016399,0.29808232,0.2954276,0.2944927,0.29555508,0.29830378,0.3019556,0.30548057,0.30784556,0.30820867,0.306039,0.30116978,0.2938013,0.28447086,0.2739999,0.2634222,0.25388935,0.24654514,0.24236743,0.24199949,0.24562307,0.25292835,0.26319197,0.27541932,0.28849235,0.30128962,0.31277633,0.32207623,0.32853404,0.33177137,0.3317326,0.32871172,0.3233494,0.31658524,0.30955133,0.30340084,0.29908997,0.29716837,0.29765972,0.30009067,0.3036578,0.30745694,0.31068996,0.31279802,0.3135117,0.31283155,0.31096268,0.3082279,0.30498424,0.30156392,0.29825258,0.2953029,0.29296714,0.29152185,0.29125807,0.29242548,0.29514098,0.2992969,0.30451143,0.31014952,0.3154128,0.3194714,0.32160318,0.32131204,0.31840867,0.3130465,0.3057097,0.2971531,0.28829542,0.2800765,0.27330092,0.26850852,0.26591522,0.26544616,0.2668418,0.26978305,0.27398065,0.2792016,0.2852404,0.29186586,0.29878,0.3056145,0.31197107,0.31749257,0.32194197,0.3252635,0.32760528,0.3292913,0.33074072,0.3323489,0.3343592,0.3367652,0.33927745,0.3413668,0.3423685,0.34161425,0.33855766,0.3328705,0.32449993,0.31368807,0.30096093,0.28709665,0.27308145,0.26005644,0.2492487,0.24186766,0.23894897,0.24115881,0.24862593,0.2608867,0.27696946,0.2955621,0.31518668,0.3343435,0.35162464,0.36581138,0.3759644,0.38150966,0.38231522,0.3787516,0.37172174,0.362637,0.35330412,0.34568083,0.3414898,0.34177023,0.3465563,0.35486546,0.3650051,0.37502357,0.38311455,0.38788763,0.38851067,0.38476053,0.3770116,0.36617437,0.35357952,0.34079328,0.329354,0.32045195,0.31463325,0.3116513,0.31055012,0.30994537,0.30837452,0.30459625,0.29778704,0.2876435,0.2744192,0.2589194,0.24245822,0.22675261,0.21369305,0.20493019,0.20133528,0.202618,0.20741254,0.21378145,0.21977423,0.22378193
14,0.1832364,0.18144578,0.17766619,0.17364562,0.17148414,0.17316662,0.17987913,0.19151874,0.20678794,0.22373569,0.24030812,0.2546886,0.2654581,0.2716681,0.2728834,0.2692207,0.26138762,0.25071356,0.23913875,0.22907792,0.22302888,0.22287348,0.229149,0.2408378,0.25586107,0.2718431,0.28668016,0.2988135,0.30731145,0.31186315,0.3127305,0.31066746,0.3067962,0.30242616,0.29881537,0.29690534,0.297105,0.29921043,0.30249804,0.3059461,0.30849028,0.30923486,0.30758715,0.30331922,0.2965753,0.28784305,0.277901,0.26774773,0.25850967,0.2513203,0.24716783,0.24672905,0.25023702,0.25743648,0.26764584,0.27988988,0.29304773,0.30597883,0.31762102,0.3270684,0.33363837,0.33693025,0.33687228,0.3337495,0.32820117,0.32117373,0.31381527,0.3073049,0.30263355,0.30039096,0.30063915,0.30293486,0.30649307,0.310417,0.31390727,0.31639716,0.3176019,0.3174972,0.31625146,0.31413838,0.31145665,0.308478,0.30543542,0.30254722,0.30005834,0.29826918,0.2975251,0.2981525,0.30035332,0.3040949,0.30904442,0.3145813,0.31988952,0.32409927,0.32643872,0.326363,0.32364237,0.3184018,0.31110948,0.30251464,0.2935378,0.28512338,0.27807948,0.27294552,0.2699326,0.2689589,0.26976052,0.27202243,0.27547318,0.27991363,0.28518617,0.29111513,0.2974569,0.3038886,0.31004375,0.31558308,0.32027546,0.3240614,0.32707676,0.32962313,0.33208466,0.33480722,0.33797178,0.34150288,0.345044,0.3480094,0.34969366,0.34940463,0.34658828,0.3409229,0.3323752,0.32121965,0.3080278,0.2936366,0.27910268,0.2656439,0.25455832,0.24710155,0.24430965,0.24679352,0.25458425,0.26711106,0.2833173,0.3018427,0.3211963,0.33989158,0.35655183,0.37000158,0.3793542,0.38409632,0.38416445,0.38000387,0.37259492,0.36342022,0.3543343,0.34729493,0.3439544,0.34521097,0.35092247,0.3599496,0.37050283,0.38060126,0.38846332,0.39275953,0.39274168,0.3882858,0.3798753,0.36853358,0.35569698,0.34301183,0.33204588,0.32394558,0.3191371,0.31720635,0.31703112,0.31710285,0.31589377,0.312151,0.30507988,0.29443353,0.28054127,0.2642986,0.24712035,0.2308283,0.21740562,0.20855436,0.20512566,0.20673694,0.21189888,0.21856812,0.2247287,0.22874501
15,0.18385947,0.18179722,0.17758706,0.17297015,0.17008066,0.1709937,0.17701828,0.18814406,0.20309287,0.21987404,0.23637266,0.25071418,0.2614332,0.2675472,0.26859975,0.26470098,0.25657168,0.24558353,0.23375884,0.2236375,0.21785712,0.21837965,0.22569092,0.2386081,0.25486726,0.27195567,0.28768855,0.3004629,0.3093222,0.31394207,0.31458163,0.31200722,0.3073761,0.3020636,0.29742712,0.29453126,0.29390725,0.2954423,0.2984533,0.30190888,0.30470064,0.30587265,0.3047695,0.30110493,0.29497132,0.28681082,0.27736235,0.2675913,0.2585999,0.25151166,0.24732494,0.24674954,0.25006866,0.25708112,0.26714784,0.27931616,0.292467,0.30544624,0.3171691,0.3267037,0.33334184,0.33666006,0.3365681,0.3333376,0.32760063,0.32030392,0.31260493,0.30570298,0.30061948,0.29798108,0.2978868,0.29992402,0.3033295,0.3072206,0.31080693,0.31352603,0.3150909,0.31546438,0.31478745,0.31329036,0.31121466,0.308769,0.30612817,0.30346954,0.30102438,0.29911238,0.29813,0.2984781,0.30044022,0.3040528,0.3090225,0.31473178,0.32033554,0.32491466,0.32764116,0.32791802,0.32547373,0.32040462,0.31316337,0.30449522,0.29532528,0.28660777,0.27916247,0.27353936,0.2699574,0.26834077,0.2684332,0.26993397,0.27259666,0.27625942,0.2808106,0.28612208,0.2919911,0.29812288,0.3041646,0.309779,0.31472987,0.31894967,0.32256442,0.3258621,0.32920524,0.3329056,0.337096,0.3416421,0.34612504,0.34990174,0.35222104,0.35236043,0.34975156,0.34407422,0.33531168,0.32376954,0.31006467,0.29509288,0.27998054,0.26602027,0.25457808,0.24695265,0.24417827,0.24681051,0.2547863,0.26743498,0.28362522,0.30196005,0.32094595,0.33911738,0.3551323,0.3678576,0.37645373,0.38045865,0.37986493,0.3751793,0.36744738,0.35821515,0.3493843,0.3429202,0.34041893,0.34265336,0.3493166,0.35911694,0.3701652,0.3804438,0.38818648,0.3921143,0.39155254,0.38646632,0.37744018,0.36560598,0.3525078,0.3398824,0.32934466,0.32201827,0.31822807,0.31740418,0.3182615,0.31916416,0.31851095,0.31502593,0.3079292,0.2970145,0.28266966,0.26586255,0.24809347,0.23128094,0.2175065,0.20854554,0.20525986,0.2071996,0.21276276,0.21980062,0.22622918,0.23038332
16,0.18196772,0.17950302,0.17477988,0.1695368,0.16594163,0.16614918,0.17156546,0.18223514,0.19686668,0.21341632,0.2297148,0.24384867,0.25433004,0.260167,0.26090536,0.2566708,0.24821916,0.23698615,0.22509761,0.21523137,0.21014807,0.21181956,0.22056954,0.23495907,0.2525107,0.27059826,0.28700048,0.30011573,0.30900294,0.31335807,0.3134659,0.31012866,0.3045572,0.29820496,0.29253212,0.2887187,0.28739813,0.28851873,0.2914046,0.29498658,0.2980943,0.2997057,0.29910633,0.2959613,0.2903239,0.28260428,0.27351415,0.26399603,0.2551357,0.248051,0.24375105,0.2429748,0.24604875,0.25281757,0.26267877,0.27469954,0.28776395,0.3007083,0.31243026,0.3219768,0.3286179,0.33190948,0.33174345,0.3283773,0.32243392,0.3148572,0.30681047,0.29950845,0.2939973,0.2909333,0.2904443,0.29214102,0.29527786,0.29898748,0.30249518,0.30525455,0.30699125,0.30767176,0.30742535,0.306452,0.30494565,0.30305672,0.30090302,0.29861912,0.29641914,0.2946375,0.2937164,0.2941237,0.2962138,0.30007726,0.30544254,0.31167752,0.31789348,0.32311276,0.32644707,0.32724664,0.32519934,0.32037422,0.31320947,0.30444708,0.29501852,0.28589243,0.2779094,0.2716442,0.2673421,0.26495326,0.2642474,0.26495215,0.26685432,0.26982936,0.27380297,0.27867725,0.28426623,0.29027596,0.29634154,0.30210721,0.30731922,0.31189862,0.3159673,0.3198134,0.32379726,0.32821858,0.33318314,0.3385141,0.3437401,0.34816393,0.3509865,0.35144964,0.34896427,0.34320557,0.33416793,0.3221833,0.30790934,0.29229528,0.27653137,0.26197913,0.25006896,0.24214353,0.23924205,0.2418765,0.2499036,0.26256666,0.27867153,0.2967933,0.31544018,0.33316687,0.34866005,0.36081812,0.3688334,0.37227687,0.37117714,0.366083,0.35808995,0.3487997,0.34016603,0.334181,0.3324148,0.33554748,0.34313187,0.35373482,0.3653648,0.37595552,0.38373807,0.38746357,0.3865094,0.3809092,0.3713307,0.35900253,0.34557506,0.33288777,0.32262933,0.3159362,0.313066,0.31331667,0.31525,0.3171005,0.3171823,0.3141796,0.3073068,0.29637495,0.28180495,0.26461112,0.2463555,0.22903807,0.2148417,0.20564358,0.20236385,0.20453013,0.21045212,0.21788031,0.2246568,0.22907807
17,0.17834039,0.1753453,0.17004201,0.16417862,0.15996185,0.15961483,0.16460343,0.17497228,0.18937027,0.20568295,0.22169544,0.23547879,0.24555144,0.25094214,0.25122923,0.24658513,0.23783323,0.22650792,0.21486989,0.20574504,0.20197038,0.20540261,0.21605088,0.23213358,0.25096563,0.269862,0.28662658,0.29971227,0.30823663,0.3119522,0.31120056,0.30684674,0.300177,0.29273692,0.28609166,0.2815224,0.2797324,0.28068537,0.28366464,0.28752536,0.29101464,0.2930405,0.29283836,0.29004163,0.28468522,0.2771689,0.26819807,0.25871095,0.2497917,0.24256203,0.238044,0.23700021,0.23978803,0.24628255,0.25590375,0.26772982,0.28064498,0.29347774,0.30511293,0.31458205,0.32113883,0.32432362,0.32401443,0.32045788,0.31427002,0.30639365,0.2979979,0.29031062,0.28439623,0.28092965,0.2800522,0.28138196,0.28417832,0.28758308,0.2908392,0.29342583,0.29509717,0.29584333,0.29580426,0.2951712,0.29410902,0.2927239,0.29108515,0.2892882,0.28752932,0.2861532,0.28563902,0.2865076,0.28916416,0.29372847,0.2999246,0.30708358,0.31425875,0.32040828,0.3245849,0.32609084,0.32457882,0.32009482,0.3130645,0.30422676,0.29451934,0.2849273,0.27631885,0.2693073,0.26418415,0.2609493,0.25942132,0.25937352,0.26063377,0.26311126,0.2667528,0.2714638,0.27704123,0.2831573,0.2894049,0.2953885,0.300826,0.30562696,0.3099188,0.31400776,0.3182765,0.32304037,0.32840502,0.33417347,0.33983675,0.34465012,0.34776673,0.34838822,0.345898,0.3399588,0.33056802,0.31807545,0.30316982,0.28684312,0.27033794,0.2550748,0.24254419,0.23413883,0.23092134,0.23338677,0.24133858,0.2539545,0.26998907,0.28799182,0.30646768,0.32397997,0.33922738,0.35111853,0.35885352,0.36201027,0.36062756,0.35527232,0.34707192,0.33767682,0.32910255,0.3233985,0.32215607,0.32601342,0.33442166,0.34582302,0.3581199,0.3691789,0.37720197,0.38094023,0.37979183,0.3738289,0.36377543,0.3509374,0.3370644,0.32411048,0.31387186,0.30754742,0.3053791,0.30657035,0.3095467,0.31241104,0.31337813,0.31107008,0.30466905,0.29397437,0.27940905,0.2620015,0.2433443,0.22549488,0.21073279,0.20106605,0.19753437,0.19970955,0.20585415,0.21362774,0.22078979,0.2255826
18,0.17407446,0.17044596,0.1645281,0.15809959,0.15341802,0.15276214,0.1576079,0.16792881,0.18226048,0.19840221,0.21410711,0.22745754,0.23700921,0.24184419,0.2416079,0.23655722,0.22762512,0.21648821,0.20557441,0.19784479,0.19610906,0.2019238,0.21483016,0.2326762,0.25263375,0.27204064,0.28879043,0.30143708,0.30919293,0.31189838,0.3099809,0.30439535,0.29652652,0.28802678,0.28056592,0.27550414,0.27356908,0.27467936,0.2780194,0.28232765,0.28625062,0.28862807,0.28866017,0.28597057,0.28060135,0.27296862,0.26379785,0.25404757,0.24482094,0.23725781,0.23239793,0.23102099,0.2334984,0.2397135,0.24908775,0.26069555,0.27341446,0.28606492,0.29752308,0.30681136,0.31317443,0.3161444,0.31559289,0.31176296,0.30527112,0.29706568,0.28832617,0.2802942,0.27404627,0.2702612,0.26907218,0.27008003,0.27252778,0.27555266,0.27841073,0.28061205,0.28195348,0.2824707,0.28234154,0.28177828,0.28094515,0.27992785,0.27876422,0.27751994,0.27637538,0.27567986,0.2759356,0.27769357,0.28137892,0.28710568,0.2945618,0.30301946,0.3114656,0.318797,0.32401708,0.3263922,0.3255506,0.32152256,0.31472486,0.30589345,0.29597026,0.28595507,0.27674547,0.26900113,0.26307547,0.25903913,0.25678128,0.2561373,0.25698152,0.25924775,0.26288083,0.26775545,0.27361372,0.2800592,0.28661656,0.29283533,0.2984004,0.30321407,0.3074212,0.31136507,0.31547534,0.32011214,0.32541072,0.33118027,0.3368933,0.34176818,0.34491295,0.34548584,0.34283593,0.33660445,0.32678142,0.31372243,0.29813346,0.28103325,0.26369944,0.24759617,0.23426673,0.22516266,0.221399,0.2234973,0.23125063,0.24379975,0.2598577,0.27794278,0.29653972,0.31419697,0.3295975,0.34163055,0.34947363,0.3526818,0.3512755,0.345815,0.3374407,0.32784456,0.3191155,0.31339684,0.31236094,0.31667116,0.32572922,0.33787638,0.35090452,0.36258948,0.3710708,0.37506217,0.373945,0.3677934,0.35735467,0.34398517,0.32951948,0.31603247,0.30546165,0.29912734,0.2973231,0.29921126,0.30310705,0.30698165,0.3089334,0.30749604,0.30178937,0.29156908,0.27722728,0.2597722,0.24079134,0.22236696,0.20685744,0.19641899,0.19227463,0.19412574,0.20025015,0.20823678,0.21575318,0.22096649
19,0.17045712,0.16614842,0.1596383,0.15276405,0.14785011,0.14721327,0.15227768,0.16286863,0.17736247,0.19346869,0.2089282,0.22186127,0.230889,0.23517655,0.23447005,0.22914971,0.22030126,0.20978218,0.20019586,0.19456913,0.19551128,0.20408693,0.21930598,0.23872456,0.25948346,0.27902153,0.29536504,0.3071942,0.31383577,0.3152381,0.31193653,0.30499902,0.2959295,0.2864986,0.2784748,0.2732656,0.2715668,0.27318597,0.27715272,0.28205723,0.28643787,0.28907558,0.28915337,0.28630766,0.2806122,0.2725251,0.2628183,0.2524963,0.2427044,0.2346172,0.22929852,0.22753821,0.2297026,0.23565757,0.24480143,0.25618717,0.2686767,0.28108087,0.2922706,0.30126566,0.30730993,0.30993646,0.30902067,0.30481303,0.29794225,0.28937337,0.28030553,0.2719976,0.2655326,0.26157662,0.26022837,0.26104134,0.26321486,0.2658612,0.26823875,0.26988664,0.27065295,0.27063748,0.270084,0.26926056,0.26836735,0.26750317,0.2667001,0.2660095,0.26559958,0.2658157,0.26716205,0.2701869,0.27529475,0.28255403,0.29158694,0.30159414,0.31149948,0.32015276,0.32652676,0.32986978,0.32980004,0.32634202,0.3199085,0.311233,0.30125883,0.2909956,0.2813655,0.27307358,0.26653945,0.26191425,0.25916955,0.2582104,0.2589554,0.2613482,0.26530534,0.27063912,0.27700686,0.28392184,0.2908292,0.29722118,0.30275372,0.30732918,0.31112,0.31451964,0.31802243,0.32205588,0.3268111,0.33212948,0.33748662,0.34207848,0.34497437,0.34528878,0.34233126,0.33571303,0.3254058,0.31175765,0.2954758,0.2775867,0.2593813,0.24234612,0.2280631,0.21804671,0.21349585,0.21501374,0.2224416,0.23492226,0.25113776,0.26956177,0.28863147,0.30684686,0.3228402,0.33544794,0.3437941,0.34738317,0.34619296,0.34075603,0.33220974,0.32228008,0.31313735,0.30705124,0.3058346,0.31024975,0.3197113,0.33249047,0.34626663,0.3587003,0.36783287,0.37230173,0.37143302,0.36526626,0.35453779,0.34062436,0.32542363,0.3111265,0.29983476,0.2930456,0.29117888,0.2934223,0.29801843,0.30281278,0.3057713,0.30531287,0.30046502,0.2909096,0.27697814,0.25962812,0.24040888,0.22139095,0.20497851,0.19346806,0.18830991,0.18942401,0.19518669,0.2031546,0.21090099,0.21649624
20,0.16872951,0.16378039,0.15677604,0.14964055,0.14477722,0.14451459,0.15016073,0.16133337,0.17623258,0.19249263,0.20786402,0.22052407,0.22917672,0.2330899,0.23213452,0.22684246,0.21847866,0.20908834,0.20140164,0.19837372,0.2022313,0.21346717,0.23065375,0.25121012,0.27234817,0.2916462,0.30726945,0.3180222,0.32334608,0.32330343,0.31854925,0.31027895,0.3001282,0.2899892,0.28171313,0.27671573,0.27560487,0.27802265,0.28280994,0.28839883,0.293227,0.2960309,0.29599264,0.29277766,0.28650784,0.27770153,0.2671966,0.2560646,0.2455126,0.23676497,0.2309155,0.22875786,0.2306357,0.23637402,0.24532585,0.25650653,0.26875347,0.28086534,0.29170993,0.3003097,0.30591524,0.30807045,0.30666584,0.30197272,0.29464632,0.28568307,0.2763138,0.26782045,0.26128823,0.25735423,0.25605708,0.2568739,0.2589334,0.2613012,0.26322162,0.26425323,0.26429313,0.26351342,0.26224372,0.26083905,0.25957403,0.2585995,0.25797415,0.25775525,0.2581037,0.25934905,0.26196998,0.2664732,0.27320102,0.28214327,0.2928412,0.30442774,0.3157813,0.32572797,0.3332328,0.33754492,0.3382867,0.33548605,0.3295569,0.32123148,0.31145144,0.30122942,0.29150286,0.28301105,0.27622977,0.27138305,0.2685185,0.26760313,0.26858747,0.27140722,0.27593067,0.28189126,0.2888533,0.29624122,0.3034293,0.30986407,0.31518275,0.3192953,0.3224057,0.32496035,0.32752275,0.3305967,0.33444402,0.33895743,0.34363565,0.3476684,0.35009685,0.34999588,0.34663406,0.33958712,0.32879972,0.31460097,0.297685,0.27906826,0.26003423,0.24206832,0.2267702,0.21570891,0.21018536,0.21093376,0.21790724,0.23029947,0.24677747,0.2657565,0.2855955,0.30470976,0.32164648,0.33515942,0.3442951,0.3484887,0.34766093,0.34230557,0.33354816,0.32314253,0.31334147,0.30655763,0.30478543,0.3089475,0.31853193,0.33177632,0.34625235,0.35948646,0.3693917,0.3744962,0.37403885,0.36799487,0.35706195,0.34261042,0.32657638,0.31124994,0.29889983,0.29123455,0.28886393,0.29107094,0.29607373,0.30160835,0.30550012,0.3060324,0.30211598,0.29333574,0.27994132,0.26281923,0.24345757,0.2238845,0.20650953,0.19373189,0.18722922,0.18720149,0.19221261,0.19984736,0.20759979,0.21343054
21,0.16976586,0.16431013,0.15697722,0.1497961,0.14524871,0.14564437,0.15213242,0.16411038,0.17962417,0.19625926,0.21178912,0.22445123,0.23303267,0.236906,0.23607111,0.23121393,0.2237678,0.21591939,0.21042103,0.21001297,0.2164657,0.2297962,0.24833208,0.269496,0.2906179,0.3094077,0.3241454,0.33373716,0.3377246,0.336277,0.33016792,0.320722,0.30970606,0.2991239,0.29088506,0.28637543,0.28607613,0.28944087,0.29512128,0.30140603,0.30664933,0.3095565,0.30931708,0.30563077,0.2986727,0.28902775,0.27760878,0.2655652,0.25417748,0.24472922,0.23834778,0.23582669,0.23747599,0.24306545,0.25188878,0.26291242,0.27494135,0.28675768,0.29722488,0.30537024,0.31045637,0.31204575,0.3100548,0.30478862,0.29694375,0.2875629,0.27792117,0.26933038,0.26287594,0.25915444,0.25812688,0.2591747,0.26133773,0.26361802,0.265229,0.26573223,0.26506016,0.26344958,0.2613187,0.2591249,0.25724444,0.2559135,0.2552491,0.25533572,0.25633246,0.2585416,0.26239058,0.26831236,0.27656004,0.2870329,0.29919755,0.31213948,0.32471716,0.3357571,0.34423575,0.34941733,0.3509379,0.34883523,0.34352788,0.33574733,0.32643062,0.3165861,0.3071534,0.29888782,0.29229906,0.28765994,0.2850706,0.28453824,0.28602663,0.28945035,0.29462466,0.30121014,0.30869442,0.31643552,0.32375973,0.33008692,0.33504814,0.3385658,0.34087396,0.3424654,0.34396443,0.34594497,0.34873897,0.35229692,0.3561524,0.35950264,0.3613723,0.3608043,0.35702914,0.34958595,0.33838758,0.32373708,0.30630624,0.2870905,0.26735222,0.24855922,0.23230939,0.220208,0.21365221,0.21352734,0.21994306,0.2321901,0.24894445,0.26855943,0.28929454,0.30945373,0.32747477,0.34201044,0.3520179,0.35685706,0.35639036,0.35107374,0.34202212,0.33101588,0.32038578,0.3126845,0.3100971,0.31373528,0.3232015,0.33673325,0.35180753,0.36581072,0.37651092,0.38230705,0.38233215,0.37648058,0.36539587,0.35042545,0.33352408,0.31705832,0.30344608,0.29460904,0.29138008,0.2931919,0.2982881,0.30432308,0.3089862,0.31041667,0.3073958,0.2993993,0.28658596,0.26976448,0.250354,0.23032449,0.21205732,0.19800046,0.19000997,0.18856844,0.19248933,0.19945604,0.2069219,0.21274419
22,0.17379703,0.16802941,0.16055474,0.15350752,0.14943643,0.15061285,0.15803133,0.17091076,0.18719044,0.20442916,0.22042014,0.2334456,0.24235705,0.24661255,0.24631943,0.24228723,0.23606646,0.22990215,0.22646433,0.22821768,0.23654932,0.25119257,0.2704077,0.29169917,0.31251428,0.33066225,0.3445014,0.3530086,0.35580143,0.3531382,0.34589705,0.33551925,0.32388723,0.31309548,0.30508518,0.3011883,0.3017506,0.3060512,0.31258097,0.3195136,0.3251384,0.3281367,0.32770446,0.32357058,0.31595767,0.30551237,0.29322016,0.28030822,0.2681323,0.25803742,0.2511865,0.24837328,0.24987367,0.2554003,0.26418412,0.2751369,0.28702393,0.29860348,0.30872938,0.31643108,0.3209839,0.3219732,0.31934875,0.31345943,0.30505502,0.29523683,0.28533483,0.27669773,0.27041277,0.26703373,0.26643962,0.26791176,0.27039587,0.27282172,0.27435905,0.27455518,0.27335772,0.2710483,0.26811802,0.26511934,0.2625341,0.26069796,0.25980467,0.2599814,0.26139182,0.26430613,0.2690886,0.276088,0.2854675,0.29704916,0.31024903,0.3241322,0.33756074,0.34937868,0.35858476,0.3644647,0.3666722,0.36525735,0.3606446,0.35356435,0.3449458,0.33578485,0.3270089,0.31936723,0.31337494,0.30932105,0.30732632,0.3074116,0.30953726,0.3135931,0.31935257,0.3264269,0.3342579,0.34216893,0.34946576,0.35556132,0.36009166,0.36299488,0.3645307,0.36522785,0.36575654,0.36674485,0.36858135,0.37126708,0.3743704,0.37710175,0.3784773,0.37751532,0.3734132,0.36567494,0.3541808,0.3392052,0.3213944,0.30171993,0.28142083,0.26194438,0.2448797,0.23185354,0.22433825,0.2233548,0.22917375,0.24120523,0.258157,0.27833062,0.29988378,0.32100132,0.3400047,0.3554427,0.36618525,0.37152344,0.37127104,0.3658576,0.35639724,0.3447016,0.33317396,0.32449082,0.32100686,0.32401204,0.33323067,0.34691882,0.3624755,0.37715515,0.38858172,0.3950227,0.3955028,0.38983408,0.3786045,0.36313504,0.34538925,0.3277904,0.31287694,0.3027575,0.2984822,0.29965574,0.3045849,0.31087464,0.316097,0.31825408,0.3159994,0.30870107,0.29643047,0.2799246,0.26054013,0.24018973,0.22120969,0.20604824,0.19666404,0.19376391,0.19641547,0.20245343,0.20934261,0.21486595
23,0.1803468,0.17446238,0.16699219,0.16016288,0.15657772,0.15847923,0.16675803,0.18052694,0.19766654,0.21571667,0.23247202,0.2462306,0.25587574,0.2609154,0.26152256,0.25857717,0.2536779,0.24905017,0.2472291,0.25043753,0.2598231,0.2750153,0.294323,0.31536347,0.33568314,0.35315615,0.3661836,0.37378117,0.37561396,0.37200361,0.36390847,0.35286158,0.34083512,0.32998803,0.32227314,0.31896463,0.32029307,0.3254018,0.33266306,0.34016612,0.34614992,0.34927294,0.3487301,0.3442682,0.33614433,0.32505447,0.31204534,0.29841274,0.28558114,0.27495387,0.2677303,0.26471016,0.2661441,0.27169693,0.28054196,0.29153547,0.30339688,0.3148516,0.32473475,0.33207095,0.33614442,0.33656302,0.33331233,0.32679027,0.31780693,0.30752993,0.29735184,0.28866503,0.28256503,0.2795696,0.27948406,0.28149748,0.28446594,0.28724626,0.28895718,0.2891187,0.28767547,0.2849313,0.2814254,0.2777816,0.2745688,0.27221176,0.27097884,0.2710431,0.27257723,0.2758242,0.28109226,0.28866005,0.29862416,0.31075966,0.32446268,0.33880275,0.3526616,0.3649089,0.37456858,0.380948,0.38371804,0.38294077,0.37904632,0.37276298,0.36500874,0.35675928,0.34891528,0.3421981,0.3370993,0.33389196,0.3326867,0.33349517,0.33626428,0.3408647,0.3470481,0.3544067,0.36237055,0.37025982,0.37738478,0.3831683,0.38726062,0.38961712,0.3905187,0.39051956,0.3903205,0.39058465,0.39173785,0.3938153,0.3964099,0.39874128,0.39981815,0.3986375,0.39436674,0.386477,0.37481683,0.35963252,0.34154645,0.32151026,0.300747,0.28069323,0.26293722,0.24912538,0.24078599,0.23904195,0.2442936,0.25605878,0.2730845,0.29363522,0.31578052,0.33759737,0.35730147,0.37334958,0.38453788,0.39010417,0.38983023,0.38413563,0.374148,0.3617182,0.34931868,0.3397284,0.3354348,0.33786583,0.3468428,0.3606383,0.37658656,0.39182752,0.4038571,0.4108254,0.411661,0.40610492,0.39469957,0.378746,0.3602162,0.34157774,0.32546118,0.3141222,0.30879295,0.30923873,0.31384414,0.3201923,0.32576418,0.32844514,0.32677668,0.3200331,0.30821243,0.29199502,0.27269053,0.25216648,0.23271264,0.21674602,0.20625521,0.20208134,0.20349483,0.2084936,0.21459845,0.21956016
24,0.18842249,0.18256465,0.17516789,0.16853322,0.16531649,0.16776627,0.17674279,0.19132535,0.20936951,0.22839104,0.24616049,0.26095808,0.27166143,0.27778625,0.27952254,0.27776372,0.27409595,0.27067697,0.26990637,0.27384216,0.28352973,0.29862246,0.31754565,0.3380412,0.357738,0.37454844,0.3868876,0.39378074,0.39491135,0.39063475,0.38195896,0.37047753,0.35822198,0.34739128,0.33993983,0.33709705,0.33901444,0.34474742,0.35259196,0.36057985,0.36691013,0.37021673,0.36968437,0.36506405,0.3566316,0.34511554,0.3316074,0.3174565,0.3041439,0.2931244,0.28563416,0.28248754,0.28392473,0.28957817,0.29857463,0.3097182,0.32167852,0.33314,0.34290922,0.34999704,0.35368964,0.35361272,0.34978583,0.3426561,0.33309564,0.32234168,0.3118539,0.3030746,0.2971169,0.2944751,0.29489514,0.2974871,0.30102658,0.30430079,0.30637574,0.3067373,0.3053154,0.30241898,0.29861227,0.29456297,0.2908979,0.28810483,0.28650782,0.2863161,0.28771156,0.29091942,0.29621148,0.3038247,0.3138239,0.32597223,0.33967477,0.35402435,0.36793143,0.38029283,0.39015538,0.39684466,0.40004584,0.39983135,0.3966365,0.3911867,0.38438627,0.37718403,0.37044153,0.36483312,0.360802,0.3585782,0.35823792,0.35976753,0.36309692,0.36808825,0.37449372,0.381916,0.38980383,0.3975012,0.4043432,0.40977576,0.41346937,0.4153974,0.41585746,0.41542014,0.4148034,0.41468814,0.41551793,0.41734302,0.4197649,0.42200187,0.42304978,0.42188242,0.41763753,0.40975422,0.39805076,0.38274756,0.3644477,0.34409112,0.32289758,0.30230922,0.2839296,0.2694327,0.26039222,0.25799987,0.26274115,0.27420753,0.2911748,0.31188008,0.3343246,0.35650012,0.37653935,0.39282894,0.4041126,0.40959507,0.40904495,0.40288883,0.3922815,0.3791206,0.365944,0.35561273,0.35070628,0.35273877,0.36158487,0.37551495,0.39180452,0.40749973,0.419994,0.42734447,0.4284059,0.42286745,0.4112417,0.3948214,0.37559173,0.3560579,0.33891958,0.32653916,0.3202842,0.3200469,0.32428297,0.33056977,0.33632395,0.33934185,0.3380779,0.33173478,0.3202575,0.30428937,0.28511176,0.26456282,0.24489276,0.22847141,0.21726283,0.21215439,0.21254067,0.21655564,0.22179748,0.2260243
25,0.1968285,0.19106759,0.18373694,0.17719738,0.17416574,0.17694232,0.1864272,0.20172162,0.22067346,0.24076244,0.25970972,0.27574706,0.28771216,0.2950899,0.29804364,0.29743376,0.29479226,0.2921897,0.29191455,0.295937,0.30530238,0.31977028,0.33792296,0.35763454,0.37660658,0.39277208,0.40453842,0.41091573,0.4115787,0.4068867,0.39786556,0.38613707,0.373763,0.36296257,0.35568985,0.35315046,0.35545647,0.3616204,0.36989832,0.37828666,0.3849532,0.38850588,0.3881113,0.38351235,0.37498796,0.36328173,0.34951136,0.3350618,0.32145545,0.31018925,0.30253527,0.29933098,0.30082178,0.3066255,0.31583598,0.3272121,0.33937392,0.3509597,0.36073983,0.36770305,0.37112957,0.3706565,0.36633217,0.35864913,0.34853932,0.33730865,0.3264854,0.31756648,0.31169125,0.309343,0.31022233,0.313373,0.31749952,0.32132527,0.323866,0.3245731,0.32335743,0.32052386,0.31664613,0.3124132,0.3084819,0.3053736,0.30344227,0.30291632,0.30398196,0.3068552,0.3117923,0.31901932,0.32860374,0.34032848,0.35363102,0.3676405,0.38129973,0.39353034,0.40339676,0.41023746,0.413748,0.41400936,0.41146177,0.40682846,0.40099904,0.39489156,0.38931948,0.3848956,0.38199607,0.38078758,0.38129482,0.38346934,0.38722503,0.39242733,0.3988498,0.40613058,0.41376233,0.42113367,0.42761958,0.43269798,0.43606275,0.43770394,0.43793094,0.43732315,0.4366047,0.43646058,0.43733564,0.4392778,0.44188085,0.44434866,0.4456552,0.444746,0.4407267,0.43300408,0.4213673,0.4060142,0.3875346,0.36686623,0.34523916,0.32411766,0.30513698,0.29000854,0.28034616,0.27738437,0.28165314,0.2927794,0.3095488,0.33017504,0.3526105,0.37478825,0.39478606,0.41094702,0.42198643,0.4270968,0.42605105,0.4192965,0.4080243,0.3941824,0.3803686,0.36950636,0.36423022,0.36609036,0.37496793,0.38910508,0.40571952,0.42178386,0.4346175,0.44221386,0.44337976,0.43777403,0.42589635,0.40904254,0.38921583,0.36895472,0.3510102,0.3378176,0.33083513,0.3300421,0.33394605,0.34012437,0.34595162,0.3491636,0.34815592,0.34208503,0.33086547,0.31512308,0.2961286,0.2757056,0.2560733,0.23954749,0.22803201,0.22239146,0.22206692,0.2252819,0.22971042,0.23314457
26,0.20444462,0.19878268,0.19145729,0.18488017,0.18184228,0.18473767,0.19455937,0.21046385,0.23029497,0.2514821,0.27167624,0.28903785,0.30233908,0.31100512,0.31514072,0.3155419,0.31366307,0.31148502,0.31121483,0.31479463,0.32333785,0.33676162,0.35383072,0.37255806,0.39071348,0.40623984,0.41752115,0.42353296,0.4239179,0.41901264,0.40983218,0.3979975,0.3855755,0.3747912,0.36760062,0.36520696,0.36771756,0.37413812,0.3827136,0.39142263,0.3984098,0.40225792,0.4021107,0.3976937,0.38927618,0.3776007,0.36379334,0.3492563,0.33553723,0.32416382,0.31644103,0.31323564,0.3148118,0.3207891,0.33024323,0.34189758,0.35432652,0.36612174,0.37601346,0.38296238,0.38623613,0.38547638,0.3807538,0.37260035,0.36200237,0.35033074,0.3391804,0.33010435,0.32427308,0.32216674,0.32345,0.32710934,0.33178627,0.33614755,0.33916485,0.3402599,0.3393272,0.33666584,0.33285174,0.32858092,0.32451943,0.32119733,0.3189743,0.3180795,0.31869555,0.3210339,0.32535207,0.33189029,0.34074685,0.35174903,0.36438346,0.37782288,0.39104182,0.4029812,0.41271564,0.41958994,0.42330554,0.42395025,0.42197004,0.41808784,0.4131804,0.4081344,0.40371084,0.40045214,0.39865512,0.3984102,0.39968014,0.40237713,0.40640256,0.41163668,0.4178917,0.42486125,0.4321003,0.43905714,0.44515616,0.44991124,0.45303935,0.45454368,0.4547399,0.45420915,0.45367375,0.453813,0.45506138,0.45745125,0.46055534,0.463551,0.465381,0.46495622,0.4613469,0.45392632,0.44245574,0.42711386,0.40848312,0.38750798,0.36544,0.34377834,0.3242015,0.30846456,0.29821712,0.29471764,0.29850963,0.30922472,0.32564154,0.34595284,0.3680803,0.38992465,0.40953705,0.42524368,0.43575427,0.44026732,0.4385732,0.43114802,0.41922233,0.4047918,0.39050522,0.37933025,0.3739258,0.37583736,0.38491255,0.39934152,0.41628382,0.43265703,0.44573393,0.45347264,0.45465693,0.44893482,0.43680665,0.4195791,0.3992752,0.3784617,0.3599265,0.34615234,0.33865288,0.3374596,0.34111094,0.347184,0.3530279,0.356343,0.35549253,0.34961087,0.33860233,0.32309234,0.3043549,0.28421032,0.2648539,0.24854538,0.23710692,0.23133317,0.23064996,0.2333227,0.23708656,0.2397804
27,0.21040243,0.20478933,0.19738093,0.19063564,0.1874315,0.19028695,0.20031914,0.21675123,0.23741497,0.25967455,0.28109682,0.2997577,0.31434947,0.32422104,0.3294004,0.33060217,0.32919404,0.3270729,0.32639056,0.3291027,0.33643347,0.3484877,0.36422777,0.38180974,0.39906934,0.4139521,0.4248078,0.43056282,0.43080977,0.42584172,0.41663957,0.4048005,0.39237747,0.38159102,0.37440252,0.37202987,0.3746008,0.3811396,0.38990012,0.3988567,0.40613857,0.4103068,0.41048166,0.4063666,0.39821243,0.38674852,0.37309396,0.3586517,0.34497872,0.33362165,0.32591283,0.322751,0.32442874,0.3305811,0.3402794,0.35222274,0.36494753,0.37700227,0.3870773,0.3941029,0.39732966,0.39639816,0.39139476,0.3828839,0.37189943,0.35987064,0.34845415,0.33925596,0.33347687,0.33159515,0.33324212,0.33735162,0.34250847,0.3473308,0.35075563,0.35218418,0.35150233,0.34900835,0.34528053,0.34101626,0.3368789,0.33339033,0.33089742,0.32961452,0.32971206,0.3313982,0.3349425,0.34061694,0.3485702,0.35869023,0.37052214,0.38328367,0.39597604,0.40755054,0.4170827,0.42391554,0.4277516,0.42868394,0.42716584,0.42392388,0.4198267,0.4157331,0.4123526,0.41015473,0.4093518,0.4099517,0.4118508,0.41492152,0.4190576,0.4241641,0.43010524,0.4366441,0.44341022,0.44991952,0.45564914,0.4601478,0.46315134,0.46466988,0.465019,0.4647757,0.46465528,0.46532598,0.46720588,0.4703041,0.47416362,0.4779264,0.4804963,0.48074394,0.47770074,0.47070536,0.45949215,0.44422358,0.42547953,0.40421754,0.38171798,0.35952175,0.3393558,0.3230199,0.3121939,0.3081465,0.3114147,0.32161528,0.33751038,0.35727683,0.37882343,0.40004316,0.41898638,0.43398592,0.44376466,0.44754016,0.44512734,0.43703213,0.4245203,0.40962678,0.39503878,0.38375142,0.37842596,0.38057515,0.38998592,0.4047804,0.42206153,0.43870834,0.45197085,0.45979592,0.46096432,0.45512748,0.44279426,0.42528424,0.40463737,0.3834408,0.3645075,0.35034996,0.34251472,0.34106186,0.34454507,0.35053968,0.35638145,0.35975486,0.35901207,0.35328442,0.34248182,0.3272412,0.30884904,0.28912964,0.27025974,0.25444385,0.24341236,0.23786186,0.2371606,0.23957708,0.24288899,0.24498437
28,0.21417087,0.20852244,0.20093682,0.19391876,0.19044344,0.19317074,0.20335051,0.22026269,0.241708,0.2649712,0.2875284,0.30736822,0.3231008,0.3339945,0.3399953,0.34173244,0.3404878,0.3380849,0.33664155,0.33815444,0.3439829,0.35443437,0.36867437,0.38500145,0.40131307,0.41555104,0.42602283,0.43159583,0.4318008,0.4268734,0.41774487,0.40597326,0.39358503,0.38279027,0.3755582,0.37313178,0.37567335,0.38223907,0.3911024,0.40024215,0.4077797,0.41226035,0.41278437,0.4090335,0.4012369,0.3901033,0.3767343,0.3625202,0.34901386,0.33776912,0.3301385,0.32705164,0.3288349,0.33514833,0.3450706,0.35728803,0.3703087,0.38264495,0.39295122,0.40012822,0.40340793,0.40242586,0.39727837,0.38855535,0.3773302,0.36508256,0.35352248,0.3443011,0.33864224,0.33701596,0.33901632,0.3435243,0.34907275,0.35424006,0.3579397,0.35956454,0.35900342,0.35656342,0.35283178,0.34850955,0.34425446,0.34057269,0.33778748,0.33608794,0.33562538,0.33660382,0.3393106,0.34405956,0.35106078,0.3602705,0.37129363,0.38338766,0.39557013,0.40679058,0.41611364,0.42287168,0.42676267,0.4278836,0.42669758,0.42394057,0.42048085,0.41715762,0.41463572,0.41331625,0.41332886,0.41459954,0.4169592,0.42024332,0.42434368,0.429198,0.4347315,0.4407846,0.44706613,0.45316035,0.45859343,0.46294203,0.4659521,0.46763217,0.46829072,0.4684962,0.46895495,0.47032416,0.47300544,0.47698343,0.48176804,0.4864614,0.48992342,0.4909805,0.48862243,0.48215237,0.47127825,0.4561483,0.43734264,0.4158349,0.3929368,0.37023214,0.34949496,0.3325659,0.32114846,0.31651238,0.31917796,0.32873943,0.3439416,0.36295488,0.3836927,0.40406236,0.42213514,0.43626857,0.44521156,0.44820708,0.4450943,0.43640277,0.42342213,0.40821227,0.393484,0.3822464,0.37715054,0.379664,0.38950133,0.40471104,0.4223443,0.4392557,0.4526909,0.4606027,0.4617817,0.45588973,0.44344488,0.42577523,0.40492892,0.38350332,0.36432552,0.3499282,0.34188113,0.34026396,0.34363955,0.34958234,0.3554232,0.35884395,0.35819975,0.35263112,0.34206238,0.32714808,0.30919114,0.2900235,0.27180788,0.2566979,0.24633187,0.24129657,0.24087828,0.2433215,0.24642867,0.24813314
29,0.2155825,0.20979789,0.20195161,0.19459796,0.19081618,0.19341074,0.2037502,0.22114038,0.24332249,0.26748946,0.2910282,0.31184807,0.32848552,0.34013575,0.34666863,0.3486345,0.3472385,0.3442446,0.34175453,0.34182397,0.3459595,0.35467428,0.36733243,0.38236642,0.39772594,0.4113409,0.4214696,0.42691508,0.42714086,0.42231917,0.41332525,0.40167135,0.38935244,0.37856594,0.37129018,0.36879614,0.37128282,0.37783894,0.38675848,0.39602816,0.4037678,0.40851498,0.40935764,0.40596166,0.39853704,0.38777098,0.37474254,0.36082166,0.34754708,0.33646965,0.32895428,0.32595736,0.32783958,0.33429095,0.34440574,0.35686773,0.37016708,0.38278922,0.3933596,0.40075338,0.40418473,0.40328217,0.3981477,0.38939014,0.37811446,0.36584094,0.35432234,0.3452425,0.33983457,0.33854708,0.340927,0.34579894,0.35164717,0.3570192,0.360817,0.3624383,0.3617878,0.35919404,0.35526446,0.35071293,0.34619772,0.3422112,0.33905154,0.3368788,0.3358218,0.33607933,0.33795837,0.34181845,0.34793356,0.35632685,0.36665565,0.37820423,0.38999066,0.40094683,0.410113,0.416801,0.4206988,0.42190585,0.4208982,0.4184284,0.41537508,0.41257066,0.41064835,0.40995264,0.41053995,0.41226175,0.41488957,0.4182278,0.4221721,0.4266985,0.43179715,0.43738672,0.4432521,0.4490381,0.45430845,0.45865437,0.4618187,0.4637976,0.4648855,0.4656402,0.46676144,0.46890107,0.4724509,0.4773767,0.4831581,0.48885742,0.4932889,0.49523237,0.4936342,0.48776108,0.47729447,0.46236882,0.44356492,0.42187208,0.39863107,0.3754643,0.3541863,0.33667088,0.32463813,0.31935453,0.32132244,0.33011642,0.34447178,0.36256564,0.38233343,0.40171486,0.41881827,0.43203735,0.44015235,0.44243032,0.43872687,0.42958152,0.4162902,0.4009186,0.38618514,0.37510377,0.3703147,0.37324494,0.3835421,0.3991866,0.41718605,0.43438137,0.44802493,0.45608443,0.4573646,0.45153615,0.43912005,0.4214416,0.40054363,0.37901995,0.35970238,0.34514058,0.33693108,0.3351793,0.3384631,0.3443612,0.35020548,0.35368177,0.353154,0.3477758,0.3374872,0.32295963,0.3055116,0.2869834,0.26952845,0.2552587,0.24573018,0.24142252,0.24153104,0.24425966,0.24742071,0.24898453
30,0.21482156,0.20880046,0.20063494,0.19293599,0.1888908,0.19143762,0.2020268,0.21993966,0.24282303,0.26777047,0.2920905,0.31363058,0.3308714,0.34295133,0.34967917,0.3515408,0.3496804,0.3458193,0.34206015,0.34053034,0.3428876,0.34984398,0.36094683,0.3747435,0.3892184,0.4022769,0.41212183,0.4174901,0.41777945,0.41310143,0.40427822,0.39277914,0.3805705,0.36983907,0.3625721,0.36006373,0.3625395,0.36910832,0.3780756,0.38743386,0.39530614,0.4002318,0.40129802,0.3981656,0.39103422,0.3805752,0.3678473,0.35419852,0.34114864,0.33023903,0.32283932,0.3199263,0.32189083,0.32845256,0.3387251,0.35139722,0.36495116,0.37785587,0.38871655,0.3963892,0.40007338,0.39939058,0.39444548,0.38586023,0.3747634,0.3627056,0.35146895,0.34275347,0.33778265,0.33696482,0.3397863,0.34501022,0.35107562,0.35650784,0.36020845,0.36159158,0.3605899,0.35756564,0.35316008,0.3481144,0.34310147,0.33861208,0.33492795,0.33218488,0.33049124,0.33004108,0.33116063,0.33425322,0.33965123,0.34743354,0.35729277,0.36851895,0.3801093,0.3909594,0.40007117,0.40672642,0.41059783,0.4117864,0.41078416,0.40836796,0.40543947,0.40284094,0.40119326,0.40080345,0.401672,0.40359032,0.4062818,0.40952832,0.41323537,0.4174199,0.4221355,0.42737222,0.4329785,0.4386424,0.44394538,0.44847316,0.45194843,0.45434272,0.45593053,0.45725995,0.45903176,0.46190447,0.46627423,0.47210044,0.47884163,0.4855249,0.4909202,0.49376008,0.4929462,0.48770773,0.47769868,0.46303853,0.44430658,0.42250395,0.3989942,0.37542918,0.35365322,0.3355628,0.32288828,0.31689292,0.31806856,0.32598245,0.33937556,0.3564478,0.37517217,0.39353412,0.40968812,0.42206743,0.4294808,0.43121016,0.42711246,0.4177171,0.40430313,0.3889199,0.37427688,0.3633892,0.3588983,0.3622136,0.37293914,0.38900435,0.40738335,0.42490965,0.4388454,0.44717243,0.4487048,0.44311303,0.43090737,0.4133938,0.39259154,0.3710748,0.35167053,0.33694747,0.3285434,0.32661054,0.3297601,0.33558622,0.3414262,0.34496993,0.3445876,0.33944097,0.32947934,0.31538397,0.29848287,0.28062323,0.2639552,0.2505641,0.24194394,0.23848358,0.23929143,0.24252284,0.24598722,0.24768037
31,0.21238096,0.20604183,0.19753675,0.1895439,0.1853588,0.18802743,0.19902273,0.21753654,0.24108735,0.26667088,0.2915374,0.31349742,0.33099982,0.3431482,0.3497111,0.3511305,0.34851018,0.3435495,0.33836973,0.33518085,0.33579072,0.3410948,0.35079673,0.36352694,0.37727696,0.38991,0.3995668,0.40492034,0.40531072,0.4008,0.3921697,0.38085875,0.368815,0.35822082,0.35107034,0.34866828,0.35124454,0.357904,0.36694548,0.3763603,0.3842784,0.38925147,0.3903799,0.38733464,0.38031915,0.37000117,0.3574284,0.34393266,0.33101672,0.3202101,0.3128817,0.31002071,0.3120398,0.31868201,0.32907882,0.341928,0.3557121,0.368894,0.380069,0.3880818,0.39212236,0.39180678,0.3872406,0.37905473,0.36839345,0.35682654,0.34615013,0.3380605,0.33374876,0.33356225,0.33691332,0.34250024,0.34872136,0.3540882,0.35751033,0.35842583,0.35680228,0.35304436,0.3478392,0.34197184,0.33615008,0.33088478,0.326461,0.32300562,0.32061613,0.31948596,0.31995964,0.32247725,0.32741565,0.33488756,0.34459344,0.35580015,0.36745864,0.37840924,0.3876032,0.3942854,0.3981098,0.39917788,0.39799988,0.39538357,0.39226592,0.38951802,0.38777217,0.3873242,0.38814402,0.38998434,0.3925373,0.39557365,0.39901426,0.40291637,0.40738878,0.41247714,0.41807064,0.42387328,0.42945573,0.43437296,0.4383078,0.44119525,0.4432865,0.44512507,0.44742557,0.45087194,0.45588583,0.46244016,0.46998733,0.47752845,0.48379332,0.48746786,0.48740813,0.48280394,0.47327983,0.45893735,0.4403499,0.41852346,0.3948346,0.370952,0.3487357,0.33009276,0.31675792,0.30999577,0.31030244,0.31725863,0.32963213,0.34566334,0.36337546,0.38080654,0.39615804,0.4078977,0.4148517,0.4163005,0.41208118,0.40268838,0.38935804,0.3740985,0.35959446,0.3488631,0.34457067,0.3481498,0.35920268,0.3756357,0.3944015,0.41232657,0.42667693,0.43543854,0.4374216,0.43228048,0.4204965,0.403336,0.38277403,0.36134684,0.34186584,0.32692254,0.31821722,0.3159819,0.31889188,0.3245747,0.33037725,0.33398843,0.3337744,0.32889235,0.31928718,0.30563664,0.28926817,0.272032,0.2560822,0.24349836,0.23574343,0.23314483,0.23473944,0.23863257,0.24261896,0.24470498
32,0.20898478,0.20228459,0.19347002,0.18529849,0.18116806,0.18418957,0.19578116,0.21497731,0.23914601,0.26519987,0.29035857,0.31242368,0.32983792,0.34169388,0.34774306,0.34840715,0.34477383,0.3385439,0.33187747,0.32707828,0.32610017,0.32999906,0.33859518,0.350557,0.3638455,0.3762596,0.38587195,0.39129838,0.39183575,0.38751554,0.37909943,0.3680159,0.35621125,0.3458721,0.33899528,0.33687562,0.33971563,0.34658313,0.3557475,0.3651897,0.37304947,0.37790143,0.37887418,0.37566555,0.36850056,0.3580603,0.34539708,0.33183944,0.31888193,0.3080458,0.3006966,0.29782733,0.29986027,0.30655015,0.3170391,0.33003372,0.34402335,0.3574747,0.36898378,0.37739313,0.38188928,0.3820855,0.3780875,0.37053043,0.36056635,0.34977174,0.33993942,0.33274022,0.32930988,0.3299168,0.33389133,0.3398693,0.34621608,0.35143697,0.3544539,0.35472944,0.35226518,0.34750876,0.34119874,0.3341775,0.32720995,0.32085574,0.31543368,0.31108874,0.3079271,0.3061517,0.306125,0.30831245,0.31311214,0.320638,0.33056083,0.34208998,0.35410467,0.36537513,0.3747955,0.3815716,0.3853379,0.3861959,0.38467386,0.38161346,0.3779958,0.3747379,0.37250915,0.3716254,0.37205803,0.3735501,0.37578472,0.37853563,0.38174418,0.38550273,0.38995957,0.39519003,0.40109047,0.4073439,0.41347572,0.41898215,0.42348754,0.42688146,0.42939237,0.43156868,0.4341563,0.4378886,0.44323984,0.45022237,0.45830318,0.4664709,0.4734217,0.47779664,0.47840524,0.4743956,0.46535942,0.45137572,0.43300554,0.41125062,0.38748837,0.3633891,0.34081244,0.32166237,0.30767256,0.30011618,0.2995139,0.30548736,0.3168568,0.331921,0.34876177,0.36546928,0.38028425,0.39169538,0.39852807,0.40003973,0.39602354,0.38691342,0.37387583,0.35885412,0.34449235,0.33381253,0.32953602,0.33317304,0.34438148,0.36108354,0.38022405,0.3986179,0.41352066,0.4229045,0.4255563,0.42109454,0.40995127,0.3933329,0.37314996,0.35188216,0.3323127,0.31705627,0.30789635,0.30518225,0.30769333,0.31311598,0.3188133,0.32246545,0.32241923,0.3178089,0.30855578,0.29531676,0.27940467,0.2626666,0.24726753,0.23530583,0.2282532,0.22641666,0.22878712,0.23342381,0.23809505,0.24079998
33,0.20547087,0.19842342,0.18938716,0.1812079,0.17736976,0.18098906,0.19334589,0.21326558,0.23796672,0.2643066,0.28950444,0.31137833,0.3283869,0.3396329,0.34487286,0.344532,0.33970731,0.3321269,0.3240121,0.31777254,0.3155017,0.3183848,0.32630697,0.33791748,0.35110238,0.36357343,0.3733326,0.37894985,0.37969878,0.37560448,0.36743447,0.3566314,0.34515953,0.3352183,0.32879922,0.32716137,0.3304435,0.33764294,0.34697813,0.3564125,0.36409816,0.36864147,0.36921176,0.36554894,0.3579166,0.34702808,0.33395952,0.3200544,0.30681425,0.2957613,0.28825864,0.28529516,0.28728768,0.29398605,0.3045314,0.31763574,0.33179936,0.3455022,0.35735154,0.3661973,0.37122893,0.37205997,0.36879537,0.3620697,0.35303348,0.34325615,0.33450863,0.3284154,0.3260388,0.32755938,0.33222875,0.33863148,0.34511194,0.35017562,0.3527561,0.35233343,0.3489324,0.3430331,0.3354202,0.32699728,0.31860328,0.31087577,0.3042044,0.2987897,0.29477698,0.2923964,0.29203004,0.29415306,0.29915312,0.3071028,0.31760034,0.3297643,0.3423838,0.35415408,0.36391515,0.37083888,0.37454346,0.37512952,0.37314016,0.36944747,0.3650782,0.36100578,0.35795838,0.3563033,0.35604975,0.35696545,0.35875186,0.36120224,0.36428207,0.36810848,0.37284493,0.3785603,0.3851154,0.39213014,0.39904943,0.40528646,0.41039446,0.41421506,0.41695946,0.41919354,0.42171368,0.42532805,0.43059328,0.4375908,0.4458273,0.45429596,0.46166846,0.46654415,0.46768498,0.46419445,0.455627,0.44203335,0.42395443,0.40237746,0.37866715,0.35447964,0.33165693,0.31208548,0.29749134,0.2891635,0.28766927,0.29270157,0.30316097,0.31742144,0.33362672,0.3499115,0.36454013,0.37600204,0.38309965,0.38504452,0.38156322,0.37300718,0.360452,0.34575617,0.3315086,0.320736,0.31624174,0.31967026,0.33080193,0.34762293,0.3670873,0.38599116,0.40156063,0.4117313,0.41524488,0.41166383,0.4013533,0.38544336,0.36576444,0.34472412,0.3250633,0.30941302,0.29964963,0.29627058,0.2981995,0.30321306,0.30870214,0.31233245,0.31241563,0.308043,0.29909208,0.28617963,0.27058825,0.25415304,0.2390536,0.2274308,0.2208082,0.21952184,0.22255114,0.22791836,0.23335451,0.23683184
34,0.20263511,0.19532166,0.18620512,0.17821918,0.17490283,0.17930938,0.19251397,0.21311776,0.2382186,0.2646534,0.28966603,0.31110817,0.32746872,0.33787578,0.34210867,0.34061712,0.33453184,0.32563397,0.31622878,0.30884352,0.30570096,0.30807608,0.31585696,0.32761088,0.34110552,0.35394835,0.36407438,0.37002394,0.37106955,0.36725503,0.3593792,0.34892216,0.33788267,0.32847774,0.32268175,0.32169217,0.32555345,0.33316904,0.34269524,0.35207513,0.3594752,0.36353764,0.36347857,0.35908878,0.35068282,0.33902213,0.3252255,0.31067145,0.29688713,0.28540918,0.27760276,0.2744456,0.27633318,0.2829918,0.29354757,0.3067126,0.32100153,0.3349158,0.34708405,0.35637227,0.36197907,0.3635203,0.36109826,0.3553406,0.34738564,0.33878052,0.33125687,0.3263771,0.32512292,0.32759324,0.3329783,0.3398319,0.34649214,0.35146987,0.353705,0.35268152,0.34842873,0.34143862,0.3325237,0.32263905,0.3127008,0.30344418,0.2953637,0.28875634,0.28384393,0.280908,0.28035423,0.28264916,0.28813305,0.29679257,0.30811515,0.32110712,0.3344644,0.3468169,0.35696444,0.364057,0.36770254,0.36800033,0.3655012,0.36109775,0.3558537,0.3507977,0.34672785,0.344087,0.34295565,0.3431615,0.34445348,0.34666142,0.34977594,0.35392258,0.35924807,0.36577225,0.3732755,0.3812761,0.38911253,0.39610252,0.40172687,0.40578488,0.40848008,0.41040775,0.4124305,0.4154522,0.42013815,0.42666787,0.4346143,0.44299543,0.4504704,0.4556014,0.45710295,0.45403096,0.44589794,0.4327201,0.41501006,0.39373016,0.37021977,0.34610564,0.3231961,0.3033456,0.2882642,0.27926004,0.27696487,0.2811703,0.29088292,0.30456582,0.32042363,0.33662218,0.35142925,0.36331254,0.37103,0.37372863,0.37105355,0.36326155,0.35132706,0.33701327,0.3228428,0.31184068,0.3069037,0.30985123,0.32064706,0.33739305,0.35707512,0.37646675,0.39274642,0.4037918,0.4082798,0.40570167,0.3963443,0.38125363,0.3621731,0.34142995,0.32171038,0.3056472,0.29520103,0.29102674,0.29221973,0.29667693,0.30183455,0.30534506,0.30547497,0.30125758,0.29250997,0.27979285,0.26434427,0.24797678,0.23288308,0.22126167,0.21472532,0.21368918,0.21716164,0.22314312,0.22931978,0.23361844
35,0.20106085,0.19362523,0.1846018,0.17699616,0.17435738,0.17961553,0.19361524,0.21476501,0.24009112,0.26644227,0.2911009,0.3119582,0.3275382,0.33700162,0.34016174,0.33750883,0.33022705,0.32017282,0.30975458,0.30162412,0.29811612,0.30054793,0.3087454,0.32113668,0.33534056,0.3488561,0.35956287,0.36598995,0.3674289,0.36396205,0.356438,0.34638935,0.33585778,0.3270761,0.32198945,0.32171646,0.3261949,0.3342314,0.3439226,0.35319382,0.36022493,0.36369085,0.36285138,0.35754788,0.3481497,0.33547506,0.32069921,0.30525294,0.2907067,0.27862605,0.27038413,0.26694256,0.26866126,0.27522573,0.28573412,0.29889396,0.3132368,0.32729286,0.33972052,0.34940925,0.3555711,0.3578251,0.3562674,0.3515108,0.34466946,0.3372541,0.33094406,0.3272342,0.32703382,0.33038232,0.3364383,0.34375075,0.350667,0.35570565,0.3578048,0.35643613,0.3516113,0.3438083,0.333841,0.32269278,0.31134328,0.30062637,0.29115924,0.28336608,0.27757862,0.27415356,0.27352512,0.27613404,0.28224143,0.29171562,0.30391464,0.31773347,0.33179125,0.34467506,0.35516593,0.36240724,0.36600423,0.3660539,0.36310637,0.3580601,0.35199904,0.34599325,0.340906,0.33726445,0.3352411,0.33475047,0.335613,0.33770794,0.34104764,0.3457456,0.3518977,0.35943562,0.368025,0.37706083,0.38576818,0.39337453,0.39929965,0.40331295,0.4056203,0.4068537,0.4079486,0.4099144,0.413541,0.41912827,0.4263398,0.43423945,0.44148833,0.44661912,0.4483008,0.4455401,0.43780354,0.42506704,0.4078076,0.3869536,0.36380833,0.33995718,0.31716192,0.29723227,0.2818526,0.272347,0.26941875,0.27297434,0.28214377,0.295488,0.3112684,0.32766753,0.34293756,0.35550594,0.3640717,0.3677086,0.36597756,0.35904288,0.34778237,0.33386675,0.31974867,0.3084395,0.30291745,0.30518374,0.3154193,0.33188483,0.351626,0.37139893,0.38832575,0.400213,0.40566185,0.40408573,0.39569196,0.3814449,0.36300543,0.34262213,0.32292035,0.30651584,0.29542682,0.29044542,0.2908393,0.29464313,0.29935747,0.30263224,0.30269024,0.29850245,0.2898188,0.27713615,0.26163957,0.24510975,0.22974522,0.21780351,0.21100654,0.20988694,0.21352173,0.21991071,0.22669491,0.23174296
36,0.20098291,0.19360758,0.18484603,0.17774317,0.17580985,0.18182133,0.19641982,0.21789089,0.2432444,0.2693629,0.2935693,0.31378978,0.32857955,0.33713144,0.33929667,0.33561426,0.32733437,0.31640252,0.3053406,0.29692188,0.2935659,0.29658145,0.30567604,0.3191027,0.33432403,0.34874213,0.36019853,0.3672268,0.36914998,0.3660981,0.35897553,0.34936965,0.3393627,0.33119667,0.3267805,0.32715473,0.33216256,0.3405324,0.35031635,0.3594267,0.36605185,0.36888888,0.36722973,0.3609568,0.35048875,0.33670077,0.3208297,0.3043686,0.28894392,0.27616122,0.2674073,0.263625,0.26512858,0.27155071,0.28195268,0.29503417,0.30934542,0.3234502,0.3360426,0.34604034,0.35267144,0.35555744,0.35478354,0.3509395,0.34510455,0.3387426,0.3334761,0.33073962,0.33139235,0.3354485,0.34207007,0.34982762,0.35709012,0.3623842,0.36463696,0.363292,0.35832256,0.35016787,0.33961502,0.32764614,0.31527734,0.3034219,0.29281348,0.2840105,0.27747,0.2736375,0.2729788,0.27590027,0.28257093,0.2927362,0.3056358,0.32007822,0.33463588,0.34788093,0.35859698,0.36593476,0.36950347,0.3693972,0.3661578,0.3606754,0.35403427,0.34732386,0.34145355,0.337024,0.33429974,0.33329034,0.33389717,0.33605197,0.3397805,0.3451645,0.35222384,0.36078018,0.3703739,0.38028038,0.3896266,0.39757028,0.40348992,0.4071395,0.40873435,0.40894318,0.40876988,0.40932506,0.41152465,0.41579852,0.42191768,0.4290107,0.4357565,0.44066864,0.44237557,0.43983552,0.43246686,0.420201,0.40347344,0.38317174,0.36055556,0.3371611,0.3146957,0.29491618,0.27947217,0.26969463,0.26635185,0.26946434,0.27828857,0.29148436,0.30736494,0.32411957,0.33997357,0.35330588,0.36275408,0.36732298,0.36649984,0.36037242,0.34974003,0.33619657,0.3221304,0.31052604,0.30441135,0.30593604,0.3154891,0.3315091,0.35112777,0.37110123,0.38850194,0.401067,0.40732372,0.40661305,0.39907205,0.38559625,0.3677781,0.3477987,0.32822353,0.311634,0.30006832,0.29441065,0.29407,0.29721382,0.3014203,0.304354,0.3042081,0.29990092,0.29112172,0.27830768,0.26259157,0.24571854,0.22988285,0.21738866,0.21006249,0.20856844,0.21207987,0.21861978,0.22579356,0.23140988
37,0.20224132,0.19511165,0.18673831,0.18016271,0.1788189,0.18533516,0.20022398,0.22173539,0.24691273,0.27268383,0.29640517,0.31602672,0.33012486,0.33791766,0.33929056,0.33483118,0.32585746,0.31440598,0.30310857,0.29484314,0.29207912,0.2960718,0.30637768,0.32107022,0.33747396,0.35291746,0.36522183,0.37293386,0.37540957,0.37282297,0.36612672,0.35695264,0.34741214,0.33974847,0.3358376,0.33666158,0.34200218,0.35054326,0.36031374,0.3692179,0.37544495,0.37769943,0.37528867,0.36812043,0.3566504,0.34180227,0.32487115,0.30741364,0.29111668,0.27763158,0.26836258,0.2642335,0.2655092,0.2717642,0.28201863,0.29496196,0.3091628,0.32321998,0.33586547,0.3460474,0.35301068,0.35637757,0.3562182,0.3530926,0.34803793,0.3424674,0.33795106,0.33588094,0.3370974,0.34162715,0.34866935,0.35683793,0.36453223,0.3702851,0.37300387,0.372091,0.36746478,0.35950544,0.34894872,0.33674663,0.32391956,0.31142786,0.30009407,0.29059252,0.28349683,0.2793394,0.27861893,0.28171247,0.2887108,0.2992627,0.3125259,0.32726064,0.34202546,0.3554018,0.36619183,0.37356326,0.3771338,0.3769949,0.3736755,0.36804673,0.36117598,0.35414872,0.3478935,0.34305853,0.3399795,0.33874696,0.3393337,0.34171468,0.34591788,0.3519817,0.3598433,0.36921814,0.37953773,0.38998404,0.39961585,0.40754867,0.41314048,0.41614202,0.41678107,0.41575736,0.41413066,0.41309735,0.41368666,0.4164539,0.42128268,0.42737848,0.43345195,0.43800917,0.43964553,0.43727425,0.43026572,0.41850445,0.40238068,0.38273668,0.3607842,0.33800688,0.31605533,0.29663113,0.2813438,0.27152014,0.26797718,0.27083224,0.2794555,0.2925984,0.30862156,0.32571843,0.3420877,0.3560645,0.36623505,0.3715509,0.37144655,0.36595756,0.35583085,0.34260646,0.32862028,0.31681946,0.31023994,0.31111822,0.32000127,0.33549145,0.35482273,0.3747767,0.3923987,0.40537468,0.41217485,0.4120846,0.40518945,0.39233625,0.37506908,0.35551792,0.3361941,0.31963107,0.30784723,0.30176064,0.30086836,0.30344373,0.30714396,0.30966666,0.30919826,0.30462632,0.2955984,0.28250733,0.26644465,0.2491234,0.23272575,0.21958177,0.21159594,0.20954812,0.2127134,0.2191568,0.2264657,0.2324
38,0.204346,0.19761753,0.18969448,0.18357117,0.18258454,0.18925619,0.20406349,0.22530825,0.2501084,0.27544183,0.2986884,0.31780803,0.33138525,0.3386517,0.33951703,0.33460814,0.32530153,0.3137127,0.30256456,0.29481074,0.29293403,0.29810786,0.30973637,0.3257401,0.34334126,0.35982263,0.3729979,0.38142776,0.3844927,0.38239628,0.37612134,0.3673248,0.35813105,0.35077852,0.34712198,0.34811723,0.3535284,0.36203387,0.3716627,0.3803167,0.3861783,0.3879448,0.38492116,0.37702277,0.36472586,0.34898865,0.33115414,0.31283548,0.2957771,0.28167602,0.2719558,0.26752362,0.26859707,0.2746935,0.28479108,0.29756656,0.31160408,0.32553503,0.3381282,0.3483618,0.35549715,0.35915613,0.35939106,0.35672882,0.3521622,0.34705615,0.34293944,0.34118447,0.34264508,0.3473948,0.3546976,0.3632268,0.3714171,0.377805,0.38127112,0.3811672,0.3773446,0.37010968,0.36012763,0.34829563,0.3356071,0.32303348,0.31144825,0.3016074,0.29417554,0.28975874,0.28889036,0.2919363,0.2989433,0.30950844,0.32275346,0.33742878,0.35210583,0.36539152,0.37611568,0.38346794,0.38707724,0.38703337,0.3838504,0.37837455,0.37164423,0.36472097,0.35852528,0.35372037,0.35068002,0.34954587,0.35033792,0.35305697,0.35772347,0.36433274,0.37275165,0.38261464,0.39327857,0.4038689,0.41340968,0.4210002,0.42599508,0.42815,0.4277051,0.42538318,0.42228442,0.4196708,0.41866374,0.41992813,0.42345348,0.4285247,0.4338927,0.43806577,0.43961436,0.4374117,0.43078226,0.41956326,0.40409777,0.38518053,0.3639739,0.34190944,0.32058352,0.3016456,0.28666496,0.27695587,0.2733649,0.27608064,0.2845638,0.29764327,0.31372318,0.33100525,0.34767187,0.3620294,0.37263212,0.37840107,0.3787433,0.3736692,0.36389986,0.3509443,0.33709842,0.32526278,0.3184397,0.31888065,0.32721722,0.34217536,0.36109304,0.38080388,0.3983594,0.41142613,0.41844562,0.41867414,0.41217047,0.39975643,0.38294923,0.36384425,0.3449051,0.32860523,0.31690612,0.31070098,0.30951372,0.31168368,0.31493852,0.31702387,0.31614587,0.31118998,0.30178896,0.2883146,0.27183524,0.2540415,0.23710027,0.22334561,0.21472132,0.21208312,0.21478839,0.22095029,0.22815831,0.23414513
39,0.20662166,0.20040123,0.19292665,0.1871079,0.18618079,0.192616,0.20695084,0.22761692,0.25184113,0.2766548,0.2994516,0.31818807,0.33144307,0.33844763,0.3391207,0.33411175,0.32483625,0.31346437,0.30277923,0.29577425,0.29491562,0.30128837,0.3141709,0.33137712,0.35006964,0.36751094,0.38151523,0.3906515,0.39431024,0.39270413,0.38682246,0.37832364,0.36932707,0.3620617,0.35837662,0.35923666,0.36443254,0.37267599,0.38201943,0.3903697,0.395898,0.39728278,0.39381132,0.38538945,0.37249646,0.3561084,0.3376007,0.31863046,0.30099052,0.28641888,0.27635857,0.27170447,0.27263293,0.27860925,0.28857112,0.3011803,0.3150316,0.32878435,0.34124058,0.3514067,0.3585597,0.36232048,0.3627231,0.3602611,0.35588467,0.35091662,0.3468583,0.34508437,0.3464899,0.35122216,0.3586299,0.3674565,0.37617466,0.3833225,0.38774976,0.3887516,0.3861053,0.3800333,0.37111643,0.36017704,0.34815493,0.33599874,0.3245948,0.31474286,0.30716822,0.30253482,0.30141443,0.30418667,0.31089532,0.32113326,0.3340287,0.34835267,0.3627072,0.3757329,0.38629025,0.39359194,0.39727908,0.3974406,0.39457607,0.3895044,0.3832277,0.37676927,0.37101853,0.366623,0.3639595,0.36318606,0.36434123,0.3674331,0.37246925,0.37941167,0.3880814,0.3980666,0.40868863,0.4190532,0.4281789,0.4351693,0.43938747,0.4405986,0.43905318,0.43548894,0.43103254,0.4269919,0.4245581,0.42448434,0.42685103,0.4310162,0.43577212,0.43963468,0.44115555,0.4391729,0.43296802,0.42233172,0.4075597,0.38939878,0.36896288,0.34763473,0.32696217,0.30854934,0.2939296,0.2844006,0.28082243,0.28342944,0.29174706,0.30466503,0.32062745,0.33785218,0.35452098,0.36893234,0.379632,0.38553545,0.38604754,0.38117778,0.3716434,0.3589397,0.34533006,0.33365762,0.32685214,0.32711244,0.33507884,0.34955052,0.36796087,0.3872191,0.40442008,0.4172495,0.4241555,0.42439634,0.41803128,0.40588063,0.38945392,0.37082517,0.35241365,0.33662012,0.32531536,0.31931475,0.31811175,0.32007068,0.32297644,0.32463416,0.32329527,0.31787342,0.30801606,0.29410005,0.277191,0.25897032,0.24159004,0.22736964,0.21825163,0.21511614,0.21736468,0.22315022,0.23008038,0.23588699
40,0.20837165,0.20271412,0.19563824,0.189941,0.18876165,0.19457419,0.2080584,0.22784223,0.2512925,0.2754989,0.29786178,0.31632364,0.32944453,0.3364401,0.3372208,0.33243743,0.32351804,0.3126551,0.30265474,0.29651466,0.2966647,0.304114,0.31805816,0.3362572,0.3558552,0.37411568,0.38885784,0.3986512,0.40288022,0.40174505,0.39621648,0.38793007,0.3789819,0.3715864,0.36760065,0.36802953,0.37272966,0.3804812,0.38938344,0.39735848,0.4025665,0.40366027,0.39989808,0.39116177,0.3779171,0.36114043,0.34222183,0.32284614,0.30484137,0.28997847,0.27971798,0.27494657,0.27580702,0.28171954,0.29158464,0.3040478,0.31771043,0.33125484,0.34351233,0.35351515,0.36055526,0.3642529,0.364625,0.36213377,0.3576906,0.35258344,0.34829825,0.34622943,0.3473331,0.35184842,0.35922167,0.36827233,0.37751293,0.3854827,0.39099932,0.3933002,0.39208603,0.38749048,0.38000083,0.37035,0.3594027,0.34805652,0.3371774,0.3275753,0.32000893,0.31518656,0.3137238,0.3160388,0.32221022,0.3318671,0.3441772,0.35795274,0.3718354,0.38450104,0.39483902,0.40208277,0.40588465,0.40633324,0.40391463,0.39942068,0.3938142,0.3880714,0.38303402,0.37930983,0.37724882,0.37699524,0.37858084,0.38200617,0.38726544,0.39430195,0.40291816,0.412691,0.42294163,0.43278646,0.44126135,0.44748804,0.4508448,0.45110723,0.4485328,0.44386664,0.4382503,0.43302158,0.42942163,0.42827132,0.42972404,0.43319914,0.43752515,0.4412259,0.4428371,0.44116527,0.43545112,0.42544058,0.41138288,0.39397806,0.37429434,0.35367033,0.33361265,0.3156885,0.30140135,0.29203174,0.288442,0.290892,0.29894984,0.31155142,0.3271785,0.34407434,0.36043763,0.37458083,0.3850649,0.39082316,0.39127985,0.38646257,0.37709954,0.36468145,0.35143867,0.34014204,0.3336127,0.3339394,0.3417068,0.35574153,0.3735619,0.39217308,0.40874946,0.42103532,0.42752174,0.42750022,0.42105648,0.40902996,0.39293745,0.3748398,0.35711053,0.342063,0.3314463,0.32595307,0.3249987,0.326938,0.32960135,0.33086303,0.3290426,0.32311025,0.31275576,0.29838553,0.28108236,0.2625312,0.24487169,0.23039451,0.2210049,0.21755545,0.21944574,0.22484915,0.23140071,0.23685656
41,0.20901203,0.20392606,0.19717145,0.19141087,0.18969214,0.19453456,0.20682473,0.2254427,0.24792445,0.27142516,0.29334822,0.31161347,0.3247516,0.33194882,0.33308944,0.32880268,0.32050028,0.31036222,0.30118027,0.29592526,0.29698148,0.30530468,0.3200546,0.33898696,0.35926253,0.3781637,0.39351818,0.40388948,0.4086419,0.40794355,0.40272382,0.39457244,0.3855442,0.37783197,0.37330908,0.37304378,0.37699023,0.38402766,0.3923252,0.39983368,0.40470725,0.40557122,0.40164804,0.3927847,0.37941933,0.36251172,0.34344864,0.32392463,0.30578727,0.29082936,0.2805246,0.27575377,0.27663252,0.28254327,0.29235405,0.30469522,0.31817317,0.33149025,0.34350425,0.3532717,0.3600991,0.36360726,0.3637978,0.36110464,0.3564043,0.35095584,0.34623832,0.34367636,0.34429857,0.3484456,0.35566708,0.3648613,0.3745816,0.38336974,0.39001417,0.39369786,0.3940475,0.3911083,0.3852702,0.3771674,0.3675737,0.35731387,0.34720686,0.3380459,0.33060116,0.3256149,0.32375205,0.32548994,0.33097267,0.33989584,0.35148963,0.3646192,0.37796786,0.39024287,0.40035638,0.4075575,0.41150665,0.41229168,0.41038674,0.40655866,0.40173146,0.3968309,0.392642,0.38971677,0.38835764,0.38867298,0.39066958,0.3943312,0.3996416,0.40654072,0.41483766,0.4241274,0.4337594,0.44288352,0.450568,0.45596078,0.45845726,0.45784113,0.4543714,0.44879335,0.44225386,0.43610874,0.43163455,0.42970315,0.4305248,0.43356702,0.4376864,0.44141108,0.44326085,0.4420119,0.4368662,0.42752647,0.41419706,0.3975335,0.37856168,0.35858145,0.33906513,0.32155058,0.30751732,0.29822955,0.29454514,0.29673576,0.30439684,0.3165006,0.33156645,0.34787312,0.36365318,0.37725368,0.38727182,0.3926782,0.39293313,0.38809454,0.3789089,0.36686245,0.35414436,0.3434333,0.33740845,0.3380032,0.34569925,0.3593182,0.37645766,0.39423773,0.40994492,0.421418,0.42722428,0.42671648,0.42002884,0.4080359,0.39227173,0.37478697,0.35790354,0.34383067,0.33416712,0.32944605,0.32896885,0.3310561,0.33357653,0.334483,0.332183,0.3257269,0.3148705,0.3000702,0.28244233,0.26368636,0.24593249,0.23143245,0.22202536,0.21849103,0.22018206,0.22526807,0.23141415,0.2364214
42,0.20815572,0.20361209,0.19709013,0.19110242,0.18860626,0.19219138,0.20299599,0.22019738,0.24152836,0.26421827,0.2856718,0.30378065,0.31703767,0.32458866,0.326276,0.3226863,0.31518793,0.30591604,0.2976147,0.2932034,0.29501802,0.30398533,0.31927106,0.33866718,0.35937986,0.3787256,0.39454517,0.4053925,0.41060182,0.4102937,0.40533733,0.39725658,0.38804784,0.37987283,0.37462315,0.3734449,0.37641296,0.38253114,0.39006045,0.39699608,0.40149474,0.4021572,0.3981677,0.38933134,0.37604764,0.35924533,0.34029084,0.32087037,0.30283415,0.28798372,0.27779865,0.2731528,0.27413884,0.28010744,0.2899002,0.30213657,0.31542987,0.3285026,0.3402387,0.34971857,0.3562639,0.35949737,0.35940775,0.35640332,0.35132924,0.3454192,0.34014922,0.33697805,0.3370098,0.34068808,0.34766564,0.35691863,0.36704165,0.37658253,0.38430673,0.38935104,0.39127603,0.39004418,0.3859497,0.3795244,0.3714415,0.36243713,0.35326353,0.3446763,0.33744022,0.3323232,0.33004338,0.3311529,0.33588314,0.3440178,0.35486326,0.36734205,0.38017523,0.39209285,0.4020204,0.40921456,0.41333893,0.41447896,0.41309848,0.40994287,0.4059012,0.40185088,0.39851817,0.39639258,0.39571777,0.3965533,0.3988706,0.40263247,0.4078171,0.41437504,0.42214218,0.4307543,0.4396095,0.4479061,0.45475322,0.45932722,0.4610381,0.4596719,0.45548207,0.4492061,0.4419883,0.43519384,0.43012524,0.42769447,0.42815685,0.431017,0.4351512,0.4390867,0.44132537,0.44061312,0.43611425,0.4274898,0.41490108,0.39896172,0.38065872,0.36125764,0.34220198,0.32500565,0.31112844,0.30181906,0.2979276,0.29972994,0.30684072,0.3182643,0.33256096,0.34805515,0.36302885,0.37588114,0.38526255,0.39019567,0.39018747,0.38533208,0.37639385,0.36484748,0.3528259,0.3428924,0.3375542,0.33855617,0.3462481,0.35943025,0.37578136,0.392555,0.4071778,0.41761315,0.4225319,0.4213704,0.41432804,0.4023256,0.3869196,0.3701491,0.3542756,0.34138632,0.33290398,0.32917345,0.32935715,0.33172706,0.33418852,0.33478215,0.3320197,0.32505018,0.31371316,0.29853037,0.28066376,0.26183563,0.24416998,0.2298734,0.22069818,0.21731581,0.2189934,0.22387291,0.22964777,0.23417857
43,0.20565045,0.20158836,0.19520871,0.18886296,0.18541339,0.1875282,0.19662248,0.21220517,0.23223013,0.25400916,0.27494755,0.29290503,0.3063317,0.31432503,0.31667423,0.3139068,0.30732572,0.29899523,0.29158518,0.28794578,0.29036412,0.29975805,0.31533042,0.3349393,0.355858,0.37545046,0.39157677,0.40278155,0.4083638,0.4083867,0.4036454,0.3955821,0.38611957,0.37737706,0.37126082,0.36900055,0.37080657,0.3758272,0.38243505,0.38868582,0.39275008,0.39321017,0.38921365,0.38052082,0.36748508,0.35099277,0.33237517,0.31329343,0.29558352,0.28104115,0.2711415,0.26674694,0.26792768,0.27400744,0.2838081,0.29594538,0.30904508,0.32185373,0.3332833,0.34243932,0.3486599,0.3515713,0.35115173,0.34778643,0.3422914,0.33587638,0.33001402,0.32619515,0.32559505,0.32875437,0.3354224,0.34464863,0.35506833,0.3652404,0.37391722,0.38020194,0.38360232,0.38400915,0.38162836,0.3768914,0.37036693,0.3626929,0.3545409,0.3466134,0.33965635,0.33445618,0.33178586,0.33228225,0.3362788,0.34366018,0.35381553,0.3657226,0.37813142,0.38978243,0.39960188,0.4068437,0.41116783,0.41265476,0.41175938,0.4092104,0.4058691,0.4025715,0.39999044,0.39855462,0.39844713,0.39967465,0.40216964,0.40587416,0.41076642,0.41681874,0.42390898,0.43172902,0.43973824,0.44719127,0.45324004,0.45708638,0.45814827,0.45620558,0.4514969,0.4447436,0.43708017,0.42987573,0.42445362,0.42176074,0.42209125,0.42498007,0.42931655,0.43362263,0.43637946,0.4363022,0.43251806,0.42464775,0.41281152,0.39758334,0.3799139,0.3610377,0.34237233,0.3254106,0.31159437,0.30215764,0.29794148,0.2992239,0.30563688,0.31621814,0.3295744,0.3440863,0.35809818,0.37007502,0.3787329,0.38315552,0.38290155,0.37810093,0.36952963,0.35863793,0.3474831,0.3384888,0.33396488,0.33544722,0.3431416,0.35582533,0.3712673,0.3868723,0.40022966,0.4094501,0.4133281,0.41139933,0.40393943,0.39192158,0.37692633,0.36097744,0.34626552,0.3347388,0.327622,0.32505032,0.32603252,0.328786,0.33125535,0.33157757,0.32838032,0.32092404,0.3091433,0.2936349,0.275614,0.256832,0.23941039,0.22550933,0.21678224,0.2137675,0.21561714,0.22042488,0.22590801,0.22999507
44,0.20158283,0.19791274,0.19158581,0.18478654,0.18027401,0.18078825,0.18802826,0.20185626,0.22046565,0.2412561,0.26163182,0.27941817,0.29302037,0.30148464,0.3045411,0.30264825,0.2970294,0.28965992,0.28311762,0.28017116,0.2830582,0.29269946,0.30835333,0.32796222,0.3488815,0.36853388,0.38480642,0.39623842,0.40209353,0.4023735,0.39779162,0.38969782,0.37992907,0.37055087,0.3634761,0.36001664,0.3605248,0.36430654,0.3698622,0.37532288,0.37888506,0.37912095,0.375146,0.36667633,0.35401574,0.33800042,0.31991515,0.30138162,0.28420585,0.27016252,0.26070982,0.25669017,0.25814843,0.26438412,0.27420717,0.28623906,0.29912722,0.31164858,0.3227473,0.33155635,0.33743203,0.34000596,0.33924797,0.33552253,0.32961807,0.3227202,0.3162952,0.311859,0.31064752,0.31328538,0.3196058,0.32872254,0.33930978,0.34994334,0.35937527,0.366692,0.3713664,0.37323427,0.37242603,0.36928064,0.36426413,0.35791233,0.35080764,0.3435881,0.33697033,0.33175227,0.32876077,0.32872248,0.33208057,0.33882654,0.34843197,0.35992205,0.37206253,0.38358885,0.3934133,0.40077513,0.40532258,0.40712744,0.40663683,0.40456855,0.40176544,0.399034,0.39700562,0.3960582,0.3963209,0.3977514,0.40024567,0.4037284,0.40818343,0.4136132,0.41994694,0.42694122,0.434122,0.4408008,0.4461685,0.44944462,0.45004496,0.4477322,0.44271982,0.43570408,0.4278034,0.42038724,0.41479865,0.41201943,0.41238192,0.41544935,0.42012113,0.42491078,0.42827705,0.4289037,0.42588153,0.41879222,0.40771657,0.39319056,0.37613037,0.3577404,0.33941317,0.32262036,0.30878583,0.2991289,0.29448256,0.29512882,0.3007204,0.31033346,0.3226287,0.3360522,0.349021,0.360075,0.3680031,0.3719539,0.37153727,0.36691362,0.35885975,0.34878516,0.3386504,0.33071697,0.32707897,0.32905445,0.33670786,0.34880358,0.3632141,0.3775109,0.38946182,0.39733976,0.40007502,0.39731154,0.38940686,0.37738925,0.36286253,0.34783083,0.3344047,0.3243786,0.3187623,0.31746736,0.31934237,0.32255095,0.32508165,0.3251742,0.32157883,0.31367323,0.30149204,0.28571084,0.26760185,0.24895005,0.23188005,0.21851014,0.21039239,0.20791847,0.21010506,0.21498138,0.22028238,0.22400692
45,0.19626075,0.19286443,0.18649867,0.17918158,0.17356059,0.17243107,0.17776598,0.18978786,0.20693858,0.22670506,0.2464861,0.26407102,0.27782124,0.2867338,0.2904803,0.2894481,0.28477567,0.27834138,0.27262202,0.27029756,0.2735539,0.28331685,0.2989053,0.31835276,0.3391046,0.35865104,0.37491462,0.38643625,0.3924489,0.39289445,0.38840294,0.38022745,0.3701117,0.36005795,0.35197565,0.3472516,0.346379,0.34882748,0.35323557,0.3578217,0.36081904,0.36079878,0.3568508,0.34865075,0.33645317,0.32104063,0.30364403,0.28583482,0.26937544,0.2560046,0.24714907,0.24361956,0.24542937,0.25185528,0.2617036,0.27361354,0.2862653,0.29847488,0.30922368,0.31767508,0.32320502,0.32545224,0.3243801,0.32033464,0.31407833,0.30677202,0.29987115,0.29490653,0.29315892,0.29531735,0.30127975,0.3102106,0.3208189,0.3317041,0.34163296,0.3496955,0.355352,0.3584047,0.35892692,0.3571786,0.35353082,0.3484189,0.34233212,0.33583704,0.32961214,0.32446015,0.3212583,0.3208231,0.3237091,0.33001342,0.33928317,0.35057792,0.36266235,0.37424952,0.38422233,0.39179286,0.39658892,0.39866933,0.3984738,0.39671507,0.3942287,0.39180726,0.3900583,0.38932633,0.38970122,0.39110255,0.3933977,0.39649963,0.40040332,0.40514636,0.41071334,0.4169273,0.4233789,0.42943054,0.43430254,0.4372201,0.43758416,0.43512803,0.43002906,0.42295018,0.41498825,0.40751114,0.40188333,0.3991253,0.39961192,0.4029374,0.40801203,0.41334048,0.41735855,0.418719,0.41647702,0.41017672,0.3998609,0.38602868,0.36956206,0.351635,0.33361343,0.3169458,0.30303606,0.29308861,0.2879307,0.28785327,0.29253662,0.30110338,0.31227627,0.32457438,0.3364937,0.34665376,0.35391805,0.35749868,0.35705167,0.35275885,0.3453845,0.33627996,0.32728928,0.32049358,0.31776112,0.32019523,0.32773265,0.33914188,0.35241354,0.36529666,0.37574613,0.3822034,0.38373905,0.38010815,0.37175146,0.3597523,0.34573707,0.33168757,0.31962824,0.3111897,0.3071554,0.3072065,0.31003168,0.31374517,0.316384,0.31629306,0.31234565,0.30403572,0.29149634,0.27548045,0.2573173,0.23882887,0.22215152,0.20937331,0.20195353,0.20013516,0.20278826,0.20786507,0.2131101,0.2165891
46,0.1901826,0.18691273,0.1804094,0.17253283,0.16581479,0.16308507,0.16656694,0.17683299,0.19256827,0.21133706,0.23052438,0.24788225,0.26173306,0.27103177,0.2753989,0.2751571,0.27136382,0.26580265,0.26084927,0.25909284,0.2626626,0.272482,0.28792304,0.30710584,0.32756704,0.34687003,0.36298108,0.37445164,0.38049227,0.38099205,0.3765026,0.3681822,0.35768,0.34692907,0.3378259,0.33182132,0.3295416,0.33061796,0.33383092,0.3374929,0.3398816,0.3395752,0.3356457,0.32773438,0.3160504,0.30132365,0.2847284,0.26777914,0.25218427,0.23963274,0.23150423,0.22856338,0.23078342,0.23741944,0.24728374,0.2590468,0.27143446,0.2833106,0.29369912,0.30179593,0.3069977,0.3089511,0.307615,0.30331945,0.2968033,0.28920272,0.2819576,0.2766017,0.2744406,0.2762018,0.2818223,0.29049906,0.30097005,0.31186494,0.32198185,0.3304373,0.33670467,0.34057823,0.3420977,0.34146297,0.33896363,0.33494133,0.32979336,0.32401076,0.3182275,0.31324393,0.3099818,0.30934316,0.31198892,0.31811374,0.3273264,0.33870298,0.35098785,0.36285424,0.3731412,0.38102236,0.38609692,0.38840574,0.38838062,0.38673413,0.38430586,0.3818919,0.38009822,0.37925938,0.37944758,0.38056174,0.382453,0.3850309,0.38830608,0.39235306,0.3972106,0.40276313,0.4086571,0.4142935,0.4189075,0.4217152,0.42208874,0.41972,0.41474074,0.40777335,0.39988905,0.39245337,0.38685519,0.3841599,0.38479248,0.38838473,0.3938622,0.39972305,0.40438187,0.40646163,0.40498367,0.3994562,0.3898854,0.3767343,0.36085033,0.34337533,0.32564542,0.3090822,0.2950667,0.2847876,0.27906933,0.2782187,0.28195274,0.28944972,0.2995019,0.31070653,0.32164082,0.33100346,0.33772925,0.34108803,0.3407734,0.33697736,0.33043778,0.32243192,0.3146716,0.3090461,0.30719733,0.31002647,0.31736368,0.32800078,0.34005836,0.35146746,0.36037022,0.36537504,0.36569044,0.36118004,0.3523659,0.34038612,0.3268903,0.31383908,0.30317026,0.29634666,0.29392081,0.29534295,0.29914668,0.30340242,0.30619743,0.30597883,0.3017366,0.29307327,0.28021243,0.26397792,0.2457526,0.22739819,0.21107435,0.19885907,0.19213963,0.19102083,0.19422343,0.19961281,0.20493238,0.20830518
47,0.18399653,0.18067956,0.17392898,0.16546494,0.15770806,0.15350413,0.15529302,0.1639676,0.1784316,0.19630444,0.21494496,0.23206788,0.24596496,0.25556165,0.26044127,0.26087528,0.25785366,0.25307664,0.24882711,0.24760552,0.25147727,0.26134777,0.27662334,0.2954975,0.3155929,0.3345482,0.35038027,0.36166072,0.3675887,0.3680116,0.36341324,0.35486603,0.34392968,0.33246815,0.322358,0.31510195,0.31144598,0.3111733,0.31320167,0.3159373,0.31770563,0.31709749,0.31317416,0.30555037,0.2943969,0.280396,0.26466733,0.2486663,0.23404044,0.22241679,0.21511191,0.21282881,0.21549194,0.22233707,0.23219416,0.24377984,0.25587806,0.26740864,0.27744138,0.28520533,0.2901173,0.29183206,0.29030523,0.2858539,0.27919656,0.27144638,0.2640236,0.25845227,0.25603893,0.2575184,0.26283547,0.27119792,0.2813653,0.29200432,0.3019615,0.3104036,0.3168445,0.32109934,0.323202,0.3233169,0.3216712,0.3185254,0.31419057,0.30908182,0.30378407,0.2990881,0.29595193,0.29535386,0.2980493,0.304314,0.31379774,0.32557115,0.3383387,0.35071883,0.36149582,0.3697968,0.3751857,0.3776807,0.3777035,0.37596914,0.37333068,0.370605,0.3684203,0.36712912,0.36681333,0.3673742,0.36866352,0.37059757,0.37320676,0.376601,0.3808665,0.38593748,0.3915005,0.396977,0.40159905,0.40455747,0.4051827,0.40311566,0.39843598,0.39172125,0.38401455,0.37667897,0.37113038,0.36848515,0.36922675,0.37303337,0.37885296,0.38518265,0.39041936,0.39315954,0.3923934,0.38759565,0.37873754,0.36624682,0.35093564,0.3339112,0.31647617,0.30002052,0.28589833,0.2752812,0.26899374,0.26736566,0.2701605,0.2766214,0.2856165,0.2958232,0.30589807,0.31461373,0.3209687,0.3242811,0.3242715,0.32113048,0.3155573,0.30874312,0.30225778,0.2977961,0.29678205,0.29993472,0.30700126,0.31681392,0.32762876,0.33755562,0.34491616,0.3484768,0.34757575,0.3421789,0.3328863,0.32089078,0.30786958,0.29576904,0.2864466,0.28120098,0.28035602,0.2831361,0.2879267,0.2927584,0.29576567,0.2954886,0.291021,0.2820601,0.26890692,0.2524452,0.23410489,0.21578877,0.19969358,0.18791527,0.1818033,0.18134859,0.18512815,0.1909123,0.19642904,0.19984302
48,0.1784471,0.1748942,0.16777872,0.15870808,0.15000807,0.1445303,0.14489189,0.15225491,0.165694,0.18284905,0.20103855,0.217943,0.23183616,0.2416307,0.24689141,0.24785855,0.2454749,0.24137688,0.2377697,0.23707049,0.24127185,0.25123897,0.2663868,0.28496227,0.30466372,0.32320344,0.3386534,0.349614,0.35528457,0.3554849,0.35064614,0.34176967,0.3303382,0.31815305,0.30706888,0.29862922,0.29368296,0.29214823,0.2930666,0.29492986,0.29610828,0.2952073,0.29128328,0.28393272,0.27329725,0.26001993,0.24517205,0.2301524,0.21654418,0.20590264,0.19946635,0.19786254,0.20096137,0.20798574,0.21779747,0.2291742,0.24096847,0.25216094,0.26186755,0.26934832,0.2740375,0.27559647,0.27397844,0.26949066,0.26283565,0.25510612,0.24769983,0.24211723,0.23963967,0.240974,0.2460391,0.25403133,0.2637251,0.27383047,0.283258,0.29124632,0.2973765,0.3015144,0.30371904,0.30414915,0.30299458,0.3004535,0.29676136,0.29226115,0.28748605,0.2832101,0.28041664,0.28014493,0.2832247,0.2899871,0.30009553,0.3125908,0.3261211,0.33924094,0.3506755,0.3595023,0.36524647,0.3678991,0.36786798,0.36586988,0.36277655,0.3594393,0.35653126,0.35445172,0.35332313,0.3530768,0.35358578,0.35478535,0.35672915,0.3595579,0.36339313,0.3682009,0.37368616,0.37926877,0.38415805,0.38750502,0.38858935,0.3869967,0.382753,0.37639087,0.36892512,0.3617159,0.35620648,0.35356683,0.35434473,0.3582729,0.3643304,0.37102094,0.37673023,0.38003343,0.3798941,0.375757,0.3675612,0.35570025,0.34095082,0.3243832,0.30726272,0.29094297,0.2767466,0.2658259,0.25900707,0.25664863,0.25856906,0.2640842,0.27214217,0.2814996,0.2908867,0.29914093,0.30531353,0.3087596,0.3092156,0.30686063,0.3023467,0.29677278,0.29156506,0.28822994,0.28798985,0.29140562,0.29816338,0.30714652,0.31674418,0.32523358,0.33110088,0.3332557,0.33115372,0.32485464,0.31503266,0.30293784,0.29028347,0.27901495,0.27092353,0.2671554,0.26781473,0.27190867,0.27768168,0.2831248,0.286411,0.28615782,0.2815445,0.27234465,0.25891995,0.24220017,0.223653,0.2052209,0.18915099,0.17759027,0.17189689,0.17198691,0.17630856,0.18253003,0.18834558,0.19193985
49,0.17430195,0.17033242,0.16274087,0.15305798,0.14354317,0.13705496,0.13634558,0.14277324,0.15551318,0.17218438,0.19005503,0.20677991,0.2206306,0.23052557,0.23603164,0.23738079,0.2354931,0.23196547,0.22894478,0.22877218,0.23335752,0.24350144,0.25859943,0.27692932,0.29625198,0.31434762,0.32934391,0.33987594,0.34515378,0.34498423,0.33976373,0.3304421,0.3184435,0.30551994,0.29350826,0.28398463,0.27788275,0.27523252,0.27517784,0.27627987,0.27694428,0.2757888,0.2718684,0.2647689,0.25461277,0.24201456,0.22800638,0.21393599,0.2013221,0.19164123,0.18604296,0.18507086,0.18854317,0.19568272,0.20539941,0.21654427,0.22804415,0.23894018,0.24839033,0.25567964,0.26025456,0.2617798,0.26020584,0.25583273,0.24935122,0.2418365,0.23466015,0.22928423,0.22693713,0.22826302,0.23312463,0.24068958,0.24974331,0.2590444,0.26757795,0.27467015,0.2799904,0.2834828,0.28526402,0.28552097,0.28443804,0.28217646,0.2789134,0.27492788,0.27070126,0.26698348,0.2647685,0.26513404,0.26895323,0.27657738,0.2876508,0.30116248,0.3156951,0.32973987,0.34196702,0.35140777,0.3575485,0.36034974,0.36020008,0.35781324,0.3540792,0.3498909,0.34598327,0.3428283,0.34061962,0.3393483,0.33893216,0.33933938,0.34064984,0.34302738,0.34661216,0.35137865,0.3570246,0.3629449,0.3683088,0.3722181,0.37389937,0.37288597,0.3691555,0.3632003,0.3560093,0.34893835,0.34345415,0.34077647,0.34151652,0.3454654,0.3516409,0.35856253,0.36461392,0.36835697,0.36873534,0.36516935,0.35756987,0.34629893,0.3320982,0.31600013,0.29922974,0.28310022,0.2688984,0.25775397,0.25049406,0.24750854,0.24867564,0.2533885,0.26067638,0.2693712,0.27826828,0.28625834,0.29243296,0.2961725,0.29721978,0.29573572,0.29232177,0.28798547,0.28401604,0.28174573,0.2822173,0.2858576,0.2923085,0.3005071,0.30896455,0.31610653,0.3205631,0.3213687,0.31808197,0.31084728,0.30041045,0.28808337,0.27562806,0.26500785,0.25796908,0.25552353,0.2575701,0.26290998,0.269652,0.27574322,0.27938086,0.2792398,0.2745631,0.26518026,0.251496,0.23447144,0.21560092,0.19686195,0.18056068,0.1689265,0.16338007,0.16381575,0.16857906,0.17523168,0.1814126,0.18530019
50,0.17225285,0.16772945,0.15958437,0.14931272,0.13914518,0.13195644,0.13058777,0.13650194,0.148893,0.16532497,0.18301779,0.19961481,0.21340096,0.22331667,0.2289491,0.23054342,0.2290216,0.225966,0.22348517,0.22385205,0.22888504,0.23929901,0.25444576,0.27261382,0.29161158,0.3092777,0.32379127,0.3338234,0.33860254,0.3379356,0.33220252,0.3223235,0.30968663,0.29601353,0.28313273,0.27264914,0.26556313,0.2619899,0.26114795,0.26164538,0.26190892,0.26056218,0.25665924,0.24978098,0.24003977,0.22803219,0.21476124,0.20153089,0.18979794,0.18095817,0.17606974,0.1755969,0.17932042,0.18648235,0.1960559,0.20697188,0.21822962,0.22892357,0.23824418,0.24549186,0.25011724,0.25178298,0.2504349,0.24636675,0.24025978,0.23317204,0.22644296,0.22147998,0.21943298,0.22085683,0.22554028,0.23261638,0.24088259,0.24914788,0.25647348,0.26227698,0.26632658,0.26866445,0.26949427,0.26906744,0.26760063,0.26525182,0.26216483,0.25856903,0.2548972,0.25186718,0.25046366,0.2517708,0.25666338,0.26546934,0.27778116,0.292522,0.30821213,0.32329145,0.33638814,0.3464962,0.35306647,0.3560268,0.35574034,0.35290995,0.34843743,0.34325638,0.33817142,0.3337449,0.33026704,0.32781634,0.32637912,0.32597056,0.32669908,0.32874176,0.33223718,0.33714256,0.34312266,0.3495272,0.3554748,0.3600169,0.362334,0.36191818,0.35871074,0.3531735,0.34627387,0.33936104,0.33391604,0.3311954,0.33186293,0.3357637,0.3419578,0.34898967,0.35525215,0.35930502,0.36008167,0.35698593,0.34990668,0.33917865,0.3255112,0.3098995,0.29352736,0.2776651,0.26356053,0.2523171,0.2447594,0.24130654,0.24189568,0.24599631,0.25271583,0.26095483,0.26956344,0.2774735,0.28380516,0.28795403,0.28966305,0.28907266,0.28673637,0.28357804,0.28076386,0.27947256,0.28059205,0.2844371,0.29061562,0.29811272,0.30554307,0.3114567,0.31460372,0.3141233,0.3096626,0.30144253,0.2902793,0.27755347,0.26509067,0.2548939,0.24868892,0.24737556,0.2506653,0.25716576,0.26485342,0.271623,0.27567822,0.2757291,0.27106038,0.26153833,0.24759506,0.23021059,0.21089573,0.19165568,0.17485604,0.16282953,0.15710928,0.15763001,0.16267328,0.1696963,0.17626138,0.18051222
51,0.17279941,0.16766609,0.15895575,0.14816897,0.13754597,0.12998591,0.1283655,0.13415337,0.14649297,0.1628844,0.18051697,0.19703849,0.21075745,0.22064507,0.22632046,0.22805804,0.22680181,0.22414103,0.22216332,0.22308098,0.22861649,0.23938653,0.25468418,0.2727934,0.291555,0.30885264,0.32290736,0.3324227,0.3366483,0.3354011,0.32906103,0.3185399,0.3052135,0.29079452,0.27711645,0.26581198,0.2579317,0.25364855,0.25222594,0.2522941,0.25228417,0.25081703,0.24694364,0.24024259,0.2308223,0.2192696,0.2065671,0.1939825,0.18291661,0.17469059,0.17028256,0.17009808,0.17390686,0.18099202,0.19039978,0.201138,0.21226771,0.22292246,0.23231056,0.23973484,0.24463958,0.24667789,0.24578635,0.24225004,0.2367388,0.23028922,0.22419906,0.21980572,0.21816407,0.21973053,0.22422256,0.23074773,0.23812132,0.2451997,0.25111017,0.25535044,0.257782,0.25855076,0.25796735,0.25638056,0.25408018,0.25126213,0.24807106,0.2447086,0.24156617,0.23932064,0.23892184,0.24141845,0.2476363,0.25783527,0.27153158,0.2875828,0.30446362,0.3205844,0.33455005,0.3453293,0.35234278,0.35548463,0.35508674,0.35183188,0.34662333,0.34042698,0.3341143,0.32834417,0.3235181,0.319822,0.31732976,0.3161156,0.31631735,0.31811407,0.3216227,0.32675952,0.33313602,0.34004563,0.34655583,0.35167715,0.35455924,0.35467106,0.35193467,0.34679428,0.34020188,0.3334964,0.32815903,0.32546157,0.3260977,0.32995152,0.33612186,0.34318477,0.34955466,0.3538027,0.35486466,0.35213852,0.3454997,0.3352623,0.32210797,0.30699772,0.29107568,0.27556962,0.2616871,0.25050235,0.24283242,0.23911873,0.23934957,0.24306297,0.24943607,0.25742844,0.2659342,0.27391532,0.2805107,0.285125,0.2874987,0.2877544,0.28640527,0.28430504,0.28251606,0.28208783,0.28377885,0.2878106,0.2937617,0.30065358,0.30718163,0.3119935,0.31393486,0.3122302,0.30660224,0.29734206,0.285337,0.27204373,0.2593657,0.24936545,0.2437706,0.24339084,0.24776925,0.25533292,0.2639285,0.27138862,0.2759052,0.2762021,0.27158654,0.26194602,0.24772914,0.2299272,0.21006127,0.19015685,0.17263167,0.1599249,0.15371427,0.15403377,0.15915053,0.16643064,0.17334396,0.1779734
52,0.17614664,0.1704511,0.16125044,0.15008384,0.13922915,0.131606,0.13006556,0.13599859,0.14846659,0.16492942,0.18257384,0.19906329,0.21273051,0.22257678,0.22825594,0.23007973,0.22902699,0.2267087,0.22520459,0.22667411,0.23274639,0.24393924,0.25948295,0.2776472,0.29629043,0.3133252,0.3270009,0.33604524,0.33972746,0.33788034,0.3308962,0.3196969,0.3056674,0.29053193,0.27614233,0.26415935,0.25566903,0.25087658,0.24906312,0.248859,0.24868497,0.24715038,0.24329889,0.23670614,0.22747886,0.21619871,0.20383418,0.19162463,0.18092552,0.17300017,0.16877313,0.16862565,0.17234874,0.17928529,0.18855548,0.19923191,0.21041866,0.2212685,0.23098944,0.2388713,0.24433953,0.24702801,0.24685629,0.24409395,0.23939216,0.2337569,0.22843331,0.22467959,0.2234552,0.22513174,0.22937906,0.23530112,0.24173976,0.24759164,0.2520308,0.25461075,0.2552642,0.25422835,0.25192365,0.2488169,0.24530695,0.2416712,0.23809639,0.23478614,0.23210272,0.23067321,0.23138224,0.23519604,0.24284115,0.25447437,0.2695281,0.28681034,0.30477712,0.3218352,0.3365854,0.347983,0.3554236,0.35876775,0.3583117,0.35470983,0.34885544,0.3417339,0.3342723,0.3272194,0.32108897,0.31618157,0.31266803,0.31068772,0.31040618,0.3119942,0.31553087,0.32087588,0.32757857,0.33487707,0.34179893,0.3473316,0.35061538,0.35111734,0.3487592,0.34398177,0.33772793,0.331322,0.3262283,0.32370532,0.32444495,0.3283446,0.33453023,0.34161147,0.34803537,0.35239914,0.3536554,0.3512092,0.34493312,0.3351293,0.32245854,0.30785313,0.292422,0.27735364,0.26381737,0.25285727,0.24527791,0.24153316,0.24164905,0.24521722,0.25147036,0.25941414,0.2679754,0.27613676,0.2830494,0.28812388,0.2910996,0.2920874,0.29157144,0.2903518,0.2894092,0.28968963,0.29184714,0.29602632,0.30177796,0.30814588,0.31388256,0.31770727,0.31853807,0.31566754,0.30888316,0.29854214,0.28560442,0.27160946,0.25854912,0.24855866,0.24338259,0.24375735,0.24907556,0.25759795,0.26704526,0.27518013,0.28016707,0.28072676,0.27617392,0.26640725,0.25188637,0.23361218,0.21311525,0.1924375,0.17403743,0.16044651,0.15349135,0.1533453,0.15831374,0.16569854,0.17287308,0.17784093
53,0.18215841,0.17604585,0.16651137,0.15515172,0.14429183,0.13685061,0.13559583,0.14179303,0.15443587,0.17098978,0.18866724,0.20515114,0.2187908,0.22860879,0.23428883,0.23618023,0.23530154,0.23329316,0.23223552,0.23424399,0.24086419,0.25252485,0.26839787,0.28673318,0.3053933,0.32230288,0.33572415,0.34439817,0.34760898,0.34520686,0.33760467,0.32574767,0.31104675,0.29525375,0.28024903,0.26772076,0.25877717,0.25363502,0.25157234,0.25120422,0.2509309,0.24934345,0.24547337,0.23889026,0.22969815,0.21847509,0.20618013,0.19403337,0.18336079,0.17539357,0.17103857,0.1706921,0.17419682,0.18096708,0.19018994,0.20098385,0.21247256,0.22380537,0.2341701,0.24282695,0.24916881,0.25279856,0.25360796,0.2518404,0.24811727,0.24340308,0.23888305,0.23573826,0.23485029,0.23653798,0.24046037,0.24574512,0.25127077,0.2559663,0.259031,0.26004443,0.25897858,0.25613418,0.25202456,0.24723461,0.24229155,0.23758893,0.23339571,0.22995108,0.22760457,0.22692719,0.22870985,0.23379517,0.24277398,0.25568527,0.27188867,0.29016957,0.308994,0.32678795,0.34216344,0.35407123,0.36188635,0.3654366,0.36498028,0.36113748,0.3547818,0.3469044,0.33847177,0.33030677,0.3230228,0.31702784,0.3125864,0.30990064,0.30915886,0.3105157,0.31400442,0.31942454,0.32626775,0.33373025,0.34081936,0.34652224,0.34999266,0.35071677,0.34863374,0.34419394,0.33833697,0.33236763,0.32771486,0.32559332,0.32665598,0.33078164,0.3371046,0.34426475,0.35074955,0.3551955,0.35658664,0.35434854,0.3483629,0.33892965,0.3266975,0.31257758,0.2976505,0.28307214,0.26997876,0.25938678,0.25208536,0.24853085,0.24877073,0.25243077,0.2587801,0.26685455,0.2756013,0.28401533,0.29125538,0.2967372,0.30020246,0.30175802,0.30187157,0.30130744,0.30098742,0.3017802,0.3042595,0.30850863,0.31405184,0.31994286,0.32496992,0.32790065,0.32770517,0.3237293,0.31581667,0.3043873,0.29047525,0.27570677,0.26216674,0.25206706,0.247174,0.24816039,0.2542846,0.26365715,0.27388036,0.28264344,0.28807315,0.28887516,0.28436238,0.27443936,0.25957596,0.24078548,0.21961203,0.19811422,0.17878076,0.16421106,0.15635851,0.15554729,0.16016464,0.16748571,0.17479834,0.1800197
54,0.19038782,0.18406756,0.17440708,0.16306314,0.15239817,0.14529864,0.1444081,0.15086065,0.16362451,0.18021941,0.19790605,0.21438609,0.22801451,0.23782328,0.24351664,0.2454763,0.24475911,0.24303679,0.24239555,0.24491633,0.25207594,0.26422954,0.280499,0.29911187,0.317923,0.3348539,0.3481654,0.35660094,0.3594532,0.35658884,0.34844527,0.33599937,0.32069856,0.30433244,0.28881508,0.27585924,0.2665839,0.26120186,0.2589752,0.25849566,0.25813842,0.25647247,0.2525132,0.24582054,0.23649366,0.22510749,0.21261613,0.20023079,0.18926667,0.18095134,0.17620997,0.17548907,0.17870605,0.1853516,0.19466831,0.20579928,0.21786402,0.2299856,0.24131191,0.25105706,0.25856733,0.26340175,0.265412,0.26480314,0.26215532,0.25838384,0.25461417,0.25196412,0.25126705,0.25282896,0.25633645,0.26096746,0.2656472,0.2693318,0.27122816,0.27091563,0.26837337,0.26393163,0.25816596,0.25175872,0.24536116,0.23949654,0.23454235,0.23080125,0.22862746,0.22853546,0.23120548,0.23733419,0.2473648,0.26122648,0.27822995,0.29716584,0.31653348,0.3347938,0.35057974,0.36284316,0.37094203,0.37467316,0.37425664,0.37027544,0.3635766,0.3551451,0.3459698,0.33692673,0.3287075,0.32180825,0.3165723,0.31325364,0.3120558,0.3131129,0.31641352,0.3217052,0.32843772,0.33578688,0.3427633,0.34837702,0.35181585,0.35260302,0.35070997,0.34660727,0.34123522,0.33587372,0.33189863,0.33045083,0.33210835,0.33669838,0.3433418,0.35070103,0.35730717,0.36184585,0.3633448,0.36126235,0.35550064,0.34636784,0.33450982,0.32082564,0.30637684,0.29229605,0.27969494,0.26956818,0.26268968,0.25951052,0.2600836,0.26404777,0.27068716,0.27904928,0.28808796,0.29680187,0.30435294,0.31016162,0.3139755,0.31590506,0.3164137,0.3162474,0.31629157,0.31736335,0.3199805,0.32418108,0.32946634,0.33489087,0.33926147,0.3413746,0.34023508,0.3352289,0.32624766,0.3137707,0.29890525,0.28336403,0.26932275,0.2590649,0.25437424,0.25586432,0.26267475,0.2727849,0.28369072,0.2930099,0.29882708,0.2998264,0.29531422,0.28519908,0.26996273,0.25063553,0.22878084,0.20647655,0.18623355,0.17069252,0.16189653,0.16030541,0.16441442,0.17151211,0.17882472,0.18418874
55,0.20016572,0.1938668,0.18429895,0.17316823,0.16285293,0.15617661,0.15564111,0.16226974,0.17505139,0.19159812,0.20923539,0.22568323,0.23929375,0.24909742,0.2548093,0.2568357,0.25626668,0.25480348,0.25454092,0.25753498,0.26520932,0.27786154,0.2945724,0.3135455,0.33261925,0.34970027,0.36303705,0.3713666,0.37398443,0.37077156,0.36219096,0.34925508,0.33345297,0.3166162,0.30069345,0.2874168,0.27790606,0.27235937,0.27001542,0.26943985,0.26898232,0.26718915,0.2630579,0.2561368,0.24651904,0.23477757,0.22186655,0.20899881,0.19749643,0.18860833,0.18330686,0.18211435,0.18503785,0.19164479,0.20122112,0.21291521,0.22582054,0.23901354,0.25158453,0.2626864,0.27160546,0.27784476,0.28120425,0.28183994,0.2802828,0.27739668,0.2742553,0.27193475,0.27125335,0.27254218,0.27554828,0.27952155,0.283443,0.28629375,0.28727713,0.28595316,0.2822827,0.27659443,0.26949206,0.26172325,0.2540387,0.24708053,0.24133864,0.23719211,0.23501304,0.23526585,0.23852071,0.245331,0.2560053,0.2703868,0.2877646,0.3069573,0.32651246,0.3449348,0.36088303,0.37331396,0.3815713,0.38542357,0.3850545,0.3810097,0.37410578,0.3653126,0.3556258,0.3459533,0.33703935,0.32944277,0.32356328,0.3196901,0.3180328,0.3187042,0.32165584,0.3265994,0.3329646,0.3399308,0.346535,0.3518301,0.3550549,0.35578352,0.3540307,0.3502946,0.3455184,0.340951,0.33789888,0.3374034,0.33993685,0.34524626,0.3524187,0.360129,0.3669512,0.37162516,0.37323037,0.3712674,0.36566827,0.35675862,0.34519097,0.33186227,0.31782573,0.30420202,0.2920896,0.28246996,0.27610505,0.27343556,0.27450618,0.27894893,0.28604117,0.29482284,0.30423984,0.31328458,0.32111695,0.3271608,0.3311718,0.3332702,0.3339261,0.3338835,0.3340133,0.33510664,0.3376498,0.34165353,0.3466025,0.35154715,0.35529998,0.35667035,0.35468245,0.34875003,0.3388036,0.3253755,0.30964115,0.29339403,0.27889156,0.2684771,0.2639432,0.26584756,0.27322862,0.28395692,0.29543832,0.30522594,0.31136248,0.31250855,0.3079618,0.29763457,0.2820224,0.26217625,0.23968302,0.2166417,0.19557817,0.17915034,0.16945083,0.1670449,0.1705439,0.17728506,0.18446437,0.18985361
56,0.21070784,0.20463976,0.19535926,0.18460375,0.17474309,0.1685166,0.16828592,0.17499268,0.18768047,0.20407698,0.22158425,0.23794334,0.2514999,0.26127616,0.26699007,0.269065,0.2686178,0.26737562,0.267443,0.27085897,0.27900764,0.29214266,0.30931056,0.32869017,0.34809792,0.36541837,0.37888083,0.38721046,0.38970223,0.38624945,0.3773407,0.36402488,0.34783396,0.33064172,0.3144285,0.3009393,0.2912856,0.28564206,0.28321904,0.28255537,0.28197682,0.28000897,0.27563298,0.26838621,0.2583572,0.24611957,0.23263292,0.21912089,0.2069262,0.19733693,0.19139144,0.18970326,0.1923765,0.19905312,0.20905177,0.22151013,0.23547813,0.24996899,0.26400083,0.2766528,0.28714022,0.29490006,0.29967147,0.30155435,0.30102745,0.29890677,0.29622787,0.29404867,0.2932034,0.2940793,0.29650864,0.29982886,0.3030838,0.30527928,0.30560842,0.30359977,0.29917777,0.29264566,0.2846059,0.27583742,0.2671569,0.25929767,0.25284526,0.24825098,0.24590985,0.2462471,0.24973853,0.25681677,0.2676849,0.28213066,0.29944625,0.31849414,0.3378787,0.35615247,0.37200266,0.3843934,0.39265737,0.39653838,0.3961871,0.39211375,0.3851035,0.37610504,0.3661085,0.35603422,0.34665456,0.3385638,0.33219332,0.32784903,0.32573688,0.32594937,0.32841206,0.33281925,0.33860302,0.34496847,0.35099864,0.3558051,0.35869002,0.35928798,0.35766417,0.35434863,0.35028735,0.34669173,0.34478527,0.3454898,0.34914947,0.35541025,0.36330956,0.37152496,0.3786692,0.3835368,0.3852625,0.3833944,0.37790087,0.3691326,0.3577574,0.34468004,0.3309569,0.31770954,0.30603576,0.2969144,0.29110065,0.2890225,0.2907052,0.29575664,0.3034275,0.31273156,0.3225921,0.33198485,0.34006122,0.34624553,0.35030207,0.35236537,0.35292146,0.35272723,0.35266024,0.35351065,0.35575852,0.3594064,0.36393183,0.3683797,0.37155887,0.372278,0.3695665,0.36285266,0.35209447,0.337867,0.3214035,0.30456603,0.28967917,0.27913117,0.27471557,0.27694166,0.28476888,0.29598507,0.30792537,0.31808844,0.32447848,0.3257327,0.3211394,0.31061423,0.29466656,0.27436873,0.2513318,0.22767413,0.20592856,0.18874939,0.17824347,0.17504816,0.17788705,0.18417266,0.19110332,0.19640835
57,0.22121036,0.21553671,0.20669197,0.19642556,0.18707839,0.18129511,0.18130936,0.18800679,0.20050405,0.2166538,0.2339422,0.25013676,0.26357818,0.2732783,0.27895322,0.2810373,0.28066823,0.27959448,0.2799305,0.28370407,0.29226995,0.30584726,0.32345307,0.34324136,0.36300385,0.38060033,0.39423877,0.4026312,0.40507105,0.40146372,0.3923231,0.3787344,0.36227176,0.34484863,0.3284723,0.314893,0.3052044,0.29954875,0.2971023,0.29637575,0.29567322,0.29350358,0.28883597,0.28120112,0.27068684,0.25787175,0.2437261,0.22949149,0.2165402,0.20620957,0.19961338,0.19746268,0.19996,0.20681784,0.21737859,0.23075733,0.24594755,0.26188713,0.27751142,0.29181662,0.3039392,0.3132432,0.31940183,0.3224562,0.32283458,0.3213133,0.31890544,0.31667382,0.31549433,0.31583375,0.31762648,0.3203074,0.3229869,0.32469487,0.32460997,0.32222107,0.31740445,0.31042102,0.3018491,0.29247037,0.28313395,0.274631,0.26761502,0.2625929,0.2599797,0.26017204,0.26357415,0.27052966,0.28117073,0.29525983,0.31211302,0.33064765,0.34952953,0.36736083,0.3828587,0.3949967,0.40309986,0.40689152,0.406494,0.40238577,0.395322,0.38622737,0.37607774,0.36579028,0.3561439,0.3477438,0.34102926,0.3363047,0.3337633,0.3334785,0.33536053,0.33910328,0.34416053,0.34978136,0.35510963,0.3593268,0.36180627,0.36224872,0.36077324,0.35794312,0.35470524,0.35222763,0.3516406,0.3537339,0.35871047,0.36610353,0.37489077,0.38374412,0.39130887,0.39643052,0.39829805,0.39650813,0.39106864,0.38236043,0.3710737,0.35813034,0.3446013,0.33162177,0.32030213,0.31162962,0.3063591,0.30490503,0.3072651,0.31300855,0.32134253,0.3312383,0.3415829,0.35132518,0.35960117,0.36583164,0.36978856,0.37162328,0.37184513,0.37123743,0.370704,0.37105846,0.3727998,0.37594277,0.37996903,0.38391927,0.38659164,0.38678214,0.383511,0.3762064,0.3648391,0.35001186,0.3329998,0.31571564,0.30053246,0.28986856,0.2855156,0.28794953,0.2960793,0.30763942,0.31991553,0.3303635,0.33695397,0.33830172,0.33368474,0.32301992,0.30682802,0.28619972,0.262766,0.2386587,0.21640725,0.1986442,0.18746278,0.1835437,0.18571365,0.19147877,0.19806941,0.20319678
58,0.23092484,0.22574951,0.2174313,0.20771511,0.19889869,0.1935308,0.19373336,0.2003547,0.21258909,0.22841266,0.24539854,0.26134685,0.27459824,0.28415582,0.28973228,0.29176894,0.29141906,0.29044843,0.29098,0.29503393,0.30394208,0.31789497,0.335883,0.35603547,0.37611988,0.39397237,0.4077817,0.41624907,0.4186687,0.4149595,0.40566155,0.39189604,0.37527755,0.35775572,0.34135878,0.3278335,0.3182447,0.3126914,0.31030765,0.30957285,0.3087715,0.3064013,0.30142644,0.29337806,0.28234953,0.26893014,0.2541059,0.23914106,0.22544214,0.2143995,0.20720433,0.20466429,0.20707689,0.21421915,0.22544952,0.2398517,0.2563542,0.2738119,0.29107094,0.30703947,0.3207709,0.33155355,0.33899352,0.34307495,0.34418112,0.3430598,0.34071806,0.33824384,0.33657542,0.33627558,0.33739117,0.33945864,0.34165505,0.3430318,0.34274882,0.34024978,0.33535463,0.32827088,0.3195368,0.30991477,0.3002586,0.29138577,0.28398803,0.27860597,0.27566636,0.27554482,0.27859625,0.28510675,0.29517084,0.30855235,0.3246079,0.34231776,0.36041164,0.377542,0.39245623,0.4041392,0.41191134,0.4154802,0.41494513,0.41075838,0.40364882,0.3945175,0.38432124,0.37396324,0.36421204,0.35566312,0.348743,0.34373817,0.34082052,0.3400446,0.3413135,0.3443341,0.34859642,0.35340664,0.35797936,0.36157233,0.3636339,0.36393243,0.36264127,0.3603557,0.3580209,0.35675713,0.35759646,0.36119163,0.3676011,0.37624213,0.386028,0.39561835,0.4036837,0.40911376,0.41114667,0.40942505,0.40399605,0.3952732,0.3839741,0.37104565,0.3575835,0.34474847,0.33367586,0.32537225,0.32059887,0.31975755,0.3228127,0.32928413,0.33832198,0.34884202,0.35968357,0.36975983,0.37818465,0.38437068,0.38809526,0.38952753,0.3892055,0.38795018,0.38670948,0.3863435,0.38739443,0.38991007,0.3933889,0.39687032,0.3991362,0.39895824,0.39533278,0.38767114,0.37593895,0.36074734,0.34339204,0.32581404,0.3104141,0.29962814,0.29525006,0.2977463,0.30601016,0.31775504,0.33023933,0.3408882,0.3476436,0.34909856,0.3445185,0.3338177,0.31752262,0.29673538,0.2730986,0.24874711,0.2261945,0.20803548,0.19632903,0.19177762,0.19330138,0.19851191,0.20469646,0.20957166
59,0.23921569,0.23457819,0.2268163,0.21765825,0.20935142,0.20435403,0.20469333,0.21119213,0.22311771,0.23855975,0.25517613,0.27080432,0.28379115,0.293135,0.2985459,0.30046996,0.300072,0.29913098,0.29977652,0.30402237,0.31318107,0.3274177,0.34569725,0.3661258,0.38644904,0.40448415,0.4184063,0.42691168,0.42929998,0.42550746,0.41610226,0.40224183,0.3855796,0.36809734,0.35183743,0.33853295,0.3292069,0.3239013,0.32169712,0.32103744,0.32018885,0.31764477,0.3123735,0.30391592,0.2923793,0.27837,0.26289466,0.2472432,0.23285781,0.22118118,0.2134786,0.21064846,0.21307541,0.22059269,0.2325669,0.24804366,0.26588142,0.28484848,0.30369964,0.321254,0.33648187,0.34859726,0.35714215,0.36204907,0.36366528,0.3627223,0.3602372,0.3573405,0.3550485,0.35403103,0.35445184,0.35594788,0.35775864,0.35895193,0.3586638,0.3562879,0.351583,0.34469667,0.33611712,0.3265724,0.31690013,0.3079183,0.30033016,0.29468822,0.29142,0.29088405,0.2934037,0.2992347,0.3084618,0.32087246,0.33587718,0.3525246,0.36960927,0.38583258,0.3999716,0.41102272,0.41830432,0.42151257,0.42073,0.41638944,0.40919966,0.40004206,0.3898541,0.37951916,0.36978394,0.36121836,0.35421935,0.34904137,0.3458264,0.34460893,0.3452901,0.34759828,0.3510694,0.35507444,0.3589037,0.36189318,0.36356565,0.36375508,0.3626862,0.3609836,0.35958827,0.3595715,0.3618678,0.36699656,0.37487677,0.38481352,0.3956553,0.4060445,0.41466853,0.42045233,0.42267525,0.42102,0.41556993,0.40677086,0.39537057,0.38234645,0.3688271,0.35600904,0.34506333,0.33702573,0.33267102,0.33239076,0.33611324,0.3433019,0.35304072,0.3641806,0.37550488,0.38588408,0.39440405,0.40046453,0.40384495,0.4047312,0.40369305,0.40159765,0.3994519,0.39818314,0.39839977,0.40020326,0.40312228,0.40619892,0.40819398,0.4078437,0.40410495,0.39635396,0.38453075,0.3692319,0.35174885,0.33402538,0.31846854,0.30752242,0.30299443,0.30537307,0.31357622,0.32533118,0.3378916,0.34866378,0.35556516,0.35716647,0.352717,0.34212217,0.32590595,0.30517164,0.28156152,0.2572002,0.2345713,0.21621738,0.2041486,0.19907425,0.19999962,0.20464888,0.21038587,0.21495368
60,0.24560525,0.24148232,0.23424713,0.22560444,0.21775034,0.21306252,0.21349022,0.21983777,0.23143469,0.24646835,0.262674,0.2779283,0.29058975,0.29965696,0.30483952,0.30658743,0.30607393,0.30508727,0.30576125,0.31010294,0.31940705,0.33381426,0.35226524,0.37284487,0.39328194,0.41138172,0.42531425,0.43377885,0.43608803,0.4322006,0.42271617,0.40882957,0.39223167,0.37493238,0.3589804,0.3460831,0.33720604,0.3323173,0.3304315,0.32994932,0.32912138,0.3264447,0.32090253,0.3120568,0.3000381,0.28547722,0.2694059,0.25314206,0.23816295,0.2259603,0.21786688,0.21486217,0.21740624,0.22537698,0.23813973,0.25469613,0.27383193,0.29422924,0.31455368,0.33353844,0.3500753,0.36330912,0.3727247,0.37821177,0.3800923,0.3790949,0.37626144,0.37277943,0.36975476,0.36797008,0.36770523,0.36869168,0.3702227,0.37137383,0.37125102,0.3691939,0.36489782,0.35844797,0.35027838,0.34107417,0.33164272,0.32278347,0.3151893,0.30940557,0.30584934,0.30486283,0.30675098,0.31175998,0.3199873,0.3312614,0.34505644,0.3604923,0.37642646,0.391606,0.4048341,0.41511726,0.4217727,0.42448893,0.42333797,0.41874146,0.41139698,0.40217388,0.39199492,0.38172343,0.37207836,0.36359373,0.35662392,0.35137933,0.34796405,0.3463896,0.34655672,0.34821984,0.3509652,0.3542314,0.35738435,0.35983565,0.3611777,0.36130434,0.36048642,0.35937396,0.35890275,0.360098,0.36380413,0.37041855,0.37973306,0.3909497,0.40285474,0.4140692,0.42328876,0.42946306,0.4319027,0.43032226,0.42483556,0.4159179,0.40434727,0.39113435,0.37744603,0.36452186,0.35357735,0.3456862,0.34164387,0.34183607,0.34615552,0.35400662,0.3644027,0.3761246,0.38789478,0.39853626,0.40710217,0.41297454,0.41593024,0.4161691,0.41429237,0.41121835,0.40802416,0.40572184,0.40500718,0.40605515,0.4084387,0.41120753,0.41309735,0.41279814,0.40921158,0.40165982,0.3900352,0.374895,0.35749924,0.33976746,0.3240914,0.31291676,0.3080804,0.31013003,0.31805292,0.32962728,0.34212542,0.35294577,0.35998467,0.36178866,0.35758558,0.3472639,0.33133477,0.31089014,0.28755778,0.26343715,0.2409673,0.22262666,0.2103663,0.20489247,0.20528868,0.20939526,0.2146671,0.21889137
61,0.24980883,0.24612013,0.23932803,0.23111227,0.22362243,0.21916929,0.21964027,0.225825,0.23710048,0.25173137,0.267518,0.2823743,0.2946742,0.3034211,0.30832705,0.30984586,0.3091568,0.3080539,0.3086721,0.3130107,0.32234645,0.3367963,0.3552775,0.37585706,0.39625305,0.414268,0.42807695,0.43639246,0.43854845,0.4345331,0.4249819,0.41112897,0.3947019,0.3777343,0.36227235,0.34998345,0.34175667,0.33746663,0.33604655,0.33584866,0.33511052,0.33234215,0.3265544,0.31734234,0.30487055,0.28980207,0.27319878,0.2564084,0.24094221,0.22833651,0.21998306,0.21692966,0.2196961,0.22818899,0.24176028,0.25936145,0.27970546,0.3013922,0.3230045,0.34319755,0.36079302,0.37487605,0.38488442,0.3906762,0.39256075,0.391277,0.3879047,0.38370016,0.37986606,0.37729892,0.37638882,0.3769503,0.37831697,0.3795605,0.37974897,0.3781651,0.37444144,0.36860317,0.36103112,0.35236537,0.34337565,0.3348301,0.32739535,0.32159382,0.31782222,0.31640536,0.31763875,0.3217747,0.32893997,0.33901682,0.3515488,0.36572608,0.38046396,0.3945479,0.40680072,0.4162344,0.42216384,0.42427248,0.42262802,0.41765028,0.41003692,0.4006571,0.39042854,0.38020042,0.37066445,0.3623137,0.3554514,0.35023457,0.34672168,0.34489703,0.3446598,0.3457907,0.3479261,0.35057008,0.3531594,0.35517368,0.35626587,0.35638052,0.35582674,0.35527578,0.35565937,0.35796425,0.36295903,0.37093762,0.3815829,0.3940066,0.4069375,0.41897172,0.42880434,0.4353986,0.438085,0.43660012,0.43108073,0.42202628,0.41024226,0.3967724,0.3828237,0.3696828,0.35861537,0.3507403,0.34688145,0.3474252,0.35223335,0.36065337,0.37162834,0.38386825,0.3960331,0.40689576,0.41547287,0.42112368,0.4236168,0.42316014,0.420383,0.4162552,0.4119309,0.40852016,0.40682495,0.40711308,0.40901628,0.41159815,0.41356683,0.41355595,0.41039705,0.4033394,0.3922056,0.37748843,0.3603889,0.34277478,0.32700118,0.31550908,0.31018236,0.31166735,0.31906858,0.3302549,0.3425418,0.35333094,0.36049956,0.362567,0.3587329,0.34885925,0.33343259,0.31351992,0.29071954,0.26709062,0.24501432,0.22689483,0.21461761,0.20887934,0.2088353,0.21244225,0.21725553,0.22112
62,0.25175777,0.24837472,0.24189658,0.23398179,0.2267432,0.22244146,0.22291812,0.22894925,0.23994155,0.2542125,0.2696107,0.28408155,0.29601595,0.30442578,0.30902827,0.31028178,0.30936983,0.3080891,0.3085728,0.3128109,0.32206205,0.33641973,0.3547796,0.3751949,0.3953806,0.41314623,0.426683,0.43472743,0.43664446,0.43245906,0.42284796,0.4090873,0.39294082,0.37646118,0.36168152,0.35021198,0.3428428,0.3393331,0.33851957,0.33870125,0.3381077,0.3352732,0.3292498,0.319679,0.30677056,0.2912283,0.2741496,0.2569146,0.24106812,0.22818646,0.21971084,0.21674158,0.21983734,0.22891232,0.24328962,0.26186433,0.283279,0.3060594,0.3287166,0.34983996,0.36819354,0.38281557,0.3931097,0.39891568,0.4005432,0.39875457,0.394679,0.38964987,0.38497004,0.3816461,0.3801667,0.38041255,0.3817393,0.3831998,0.38381585,0.38281205,0.3797623,0.3746388,0.36777616,0.35977316,0.351361,0.3432702,0.33613062,0.33043048,0.32653788,0.3247589,0.32538536,0.3286868,0.33483106,0.3437615,0.3550921,0.3680778,0.3816817,0.39471602,0.40601254,0.4145811,0.41973048,0.42114,0.4188787,0.4133747,0.4053393,0.39565668,0.38525486,0.37498096,0.36550674,0.35728556,0.35056597,0.3454449,0.3419287,0.33996916,0.33946025,0.34020573,0.34188753,0.34406826,0.34624562,0.34795502,0.3488965,0.3490523,0.3487599,0.34870714,0.34982508,0.3530746,0.35916916,0.36832398,0.3801361,0.39364278,0.40752107,0.42033952,0.4307841,0.4378202,0.44078648,0.4394309,0.43390384,0.42472196,0.4127129,0.3989497,0.3846775,0.37122995,0.3599254,0.35193318,0.34811345,0.34886262,0.35402066,0.3628856,0.37433565,0.3870134,0.3995178,0.4105709,0.4191496,0.4245849,0.42662954,0.4254912,0.42181954,0.4166315,0.41115952,0.40662083,0.4039392,0.40349403,0.40499172,0.4075181,0.40975296,0.41026562,0.40780407,0.40152732,0.3911677,0.37712958,0.36052838,0.3431531,0.32730022,0.3153979,0.3093913,0.3100634,0.31668502,0.32725856,0.33916956,0.34983456,0.3571135,0.35949415,0.35614,0.34687632,0.33215272,0.31299752,0.29096532,0.2680613,0.24659756,0.22889708,0.21677603,0.21091694,0.21054019,0.2137154,0.21810265,0.22161323
63,0.2516064,0.24836385,0.24203669,0.23427065,0.22715655,0.22292447,0.2233858,0.22930166,0.24008709,0.25408393,0.26916808,0.2833072,0.29490823,0.30299437,0.30729085,0.3082617,0.30709362,0.30558378,0.3058614,0.30990613,0.31895885,0.33309117,0.35117987,0.3712695,0.39107943,0.40843618,0.4215577,0.42921504,0.43081343,0.4264226,0.4167661,0.4031653,0.3874197,0.37159556,0.35770014,0.3472654,0.34095722,0.3383961,0.33830875,0.3389395,0.3385179,0.3356158,0.32934073,0.3193942,0.30604252,0.29003894,0.27252296,0.25491095,0.23878191,0.2257485,0.21729058,0.21454147,0.21807182,0.22777648,0.24293147,0.26237038,0.28467146,0.30829915,0.33170837,0.3534387,0.37221274,0.38703707,0.3972962,0.40282565,0.40394917,0.40146402,0.3965585,0.39064828,0.38513547,0.38112745,0.37919408,0.37925896,0.3806766,0.38246343,0.3835867,0.38321397,0.38086894,0.37648305,0.37035716,0.3630588,0.35528594,0.3477312,0.34098297,0.3354885,0.33158183,0.3295491,0.32968244,0.3322757,0.3375442,0.34549457,0.3558062,0.36778748,0.38043383,0.39256808,0.4030165,0.41077608,0.4151436,0.41579348,0.4128009,0.40661198,0.3979663,0.38778123,0.3770148,0.36653066,0.35699517,0.34883034,0.34223202,0.3372346,0.33378732,0.33180416,0.33116823,0.3316998,0.3331177,0.33503124,0.33698416,0.33855042,0.33945915,0.33971384,0.33966792,0.34002104,0.3417086,0.34568235,0.35262695,0.36270958,0.37546852,0.3898849,0.40459153,0.41812754,0.42916173,0.43665093,0.4399304,0.43874848,0.43325955,0.4239886,0.41177785,0.39772266,0.3831003,0.3692869,0.35765174,0.34941736,0.34548792,0.346282,0.35163137,0.36079773,0.37260497,0.38563564,0.39843163,0.40966472,0.41826925,0.42354146,0.42520905,0.42346814,0.41897714,0.41279066,0.40621528,0.40057904,0.3969401,0.39580762,0.39698017,0.39957693,0.40225187,0.4035045,0.40198845,0.39675796,0.38743716,0.37432107,0.35841554,0.34140554,0.32550603,0.31311944,0.3062589,0.30587497,0.31145236,0.3211729,0.33252296,0.34294802,0.35029262,0.35300803,0.3502132,0.34168598,0.32782704,0.30961356,0.2885441,0.26655918,0.2458942,0.22878782,0.2169861,0.2111542,0.21056947,0.21340685,0.21742944,0.22061838
64,0.24971725,0.2464281,0.24006969,0.23228858,0.2251728,0.22094412,0.2213989,0.22727847,0.23798011,0.25183725,0.26672846,0.28063178,0.29196775,0.2997728,0.3037831,0.30446997,0.3030236,0.30124056,0.3012454,0.30500805,0.31375414,0.32753697,0.3452187,0.36484054,0.38413337,0.40094876,0.4135405,0.42072305,0.42195028,0.4173438,0.4076796,0.3943273,0.3791216,0.3641351,0.35133335,0.34214568,0.3370858,0.33561397,0.336338,0.33745122,0.3371949,0.3341927,0.32762197,0.3172568,0.30343056,0.2869549,0.2690184,0.25107905,0.23475252,0.22168459,0.21338136,0.2109844,0.21504289,0.22540064,0.24126828,0.2614165,0.2843706,0.30855143,0.33237737,0.35435763,0.3731914,0.38787067,0.39777666,0.40275514,0.40315652,0.3998238,0.3940113,0.3872189,0.3809424,0.37637505,0.37414375,0.37418565,0.3758264,0.37802693,0.37969288,0.37993926,0.37825248,0.37454042,0.36908802,0.36244723,0.35529393,0.3482889,0.3419801,0.3367719,0.33296216,0.33081678,0.3306305,0.332725,0.33736417,0.34461316,0.35420513,0.3654841,0.37745726,0.388938,0.3987304,0.40580645,0.40944386,0.40931022,0.40549,0.3984558,0.3889891,0.37805918,0.3666765,0.35574523,0.34594765,0.33769092,0.33112714,0.3262309,0.32289246,0.32098308,0.32036826,0.3208751,0.32224667,0.3241222,0.32607147,0.32768518,0.32869953,0.32911947,0.3292999,0.32994604,0.3320037,0.33643484,0.343926,0.35463157,0.36806256,0.383165,0.39853683,0.41268727,0.4242614,0.43219772,0.43581754,0.43485922,0.42947116,0.42017743,0.40782514,0.39352226,0.3785681,0.36437201,0.35234776,0.34377,0.3395936,0.340273,0.34565014,0.35496873,0.36701372,0.3803186,0.39337435,0.40480375,0.4134954,0.41870368,0.4201204,0.4179166,0.41274458,0.4056827,0.398102,0.39143977,0.38689715,0.38513017,0.38604897,0.3888207,0.39207956,0.39425358,0.3938946,0.38994113,0.38189533,0.36992618,0.35491064,0.3384075,0.32252735,0.30962807,0.30178517,0.30013472,0.3044155,0.31303608,0.32361978,0.333659,0.34098676,0.34401354,0.34180522,0.3340821,0.32118532,0.30403063,0.28405166,0.26311776,0.2433852,0.22700976,0.21567003,0.21001147,0.20935853,0.21197897,0.21573061,0.21866143
65,0.24661925,0.24309185,0.23651835,0.22856426,0.22133823,0.21707845,0.21757995,0.22355427,0.23434892,0.24825165,0.2631166,0.27691904,0.28808972,0.29568002,0.29943994,0.29985064,0.29810712,0.29600623,0.2956696,0.29906127,0.3073978,0.32072115,0.33788517,0.3569331,0.3756121,0.39180407,0.40380427,0.41047642,0.41132903,0.40654105,0.39694545,0.38396242,0.36945945,0.35550603,0.34400657,0.33626062,0.33260322,0.33231848,0.3338947,0.33548447,0.33535546,0.33219743,0.32526967,0.31442875,0.3000836,0.28311187,0.26475847,0.24652912,0.23007955,0.21708518,0.20906249,0.20713072,0.21177891,0.22276768,0.23922877,0.25987557,0.28319794,0.3075951,0.3314711,0.35332546,0.37185284,0.38604793,0.395304,0.39949074,0.39899677,0.39471933,0.3879831,0.3803705,0.37346032,0.36851063,0.36617473,0.36636832,0.36835766,0.37102953,0.37322384,0.37401164,0.3728591,0.3696716,0.36474016,0.3586211,0.35198474,0.3454718,0.33959693,0.33472505,0.3311192,0.32902613,0.3287442,0.33062184,0.33496624,0.34188884,0.35115716,0.36212707,0.3737934,0.384939,0.39432967,0.40090165,0.40390757,0.4030061,0.39829245,0.39027113,0.37977564,0.36784294,0.3555574,0.34388953,0.33356497,0.32499978,0.31831995,0.31344977,0.31022295,0.30846524,0.30801675,0.3086995,0.31026348,0.3123567,0.31455055,0.31642663,0.31770357,0.31836602,0.31875396,0.31957057,0.32177672,0.32636413,0.3340539,0.34502628,0.3588003,0.37431157,0.3901353,0.4047526,0.41678023,0.42513058,0.4291021,0.42841393,0.42319965,0.41397262,0.40157458,0.3871142,0.37189943,0.35735893,0.3449392,0.3359611,0.3314336,0.3318609,0.33711612,0.346448,0.35862243,0.37213778,0.38544157,0.3971095,0.40598106,0.4112611,0.4125942,0.41011184,0.4044437,0.3966752,0.3882277,0.3806409,0.37526274,0.37291086,0.37362722,0.3766447,0.38058788,0.38381538,0.38477397,0.38227966,0.37570405,0.36507952,0.35114107,0.33530512,0.3195576,0.3061885,0.29731625,0.2942601,0.2970377,0.3043273,0.31392914,0.3234068,0.33058992,0.33384603,0.33218107,0.3252493,0.3133242,0.2972532,0.27840063,0.25856403,0.23982412,0.22426118,0.21349293,0.20814392,0.20757338,0.21012396,0.21373263,0.21650417
66,0.24293609,0.23899402,0.23203963,0.22377925,0.2163694,0.21209083,0.21274808,0.21900624,0.2301242,0.24430346,0.25934634,0.2732125,0.2843399,0.29179615,0.29534796,0.29548913,0.29342207,0.290947,0.29018763,0.29311094,0.30093616,0.31370583,0.33027452,0.348692,0.36672333,0.38228106,0.3937025,0.399902,0.4004447,0.39556938,0.38616788,0.37371084,0.36009353,0.34736928,0.3373594,0.33120763,0.3290508,0.32999307,0.3324136,0.33444142,0.334386,0.33101463,0.3236759,0.3123141,0.2974182,0.2799366,0.26117614,0.24269563,0.22619295,0.21336691,0.20572378,0.20432565,0.2095632,0.2210894,0.23795436,0.25882882,0.28218952,0.30643773,0.32998523,0.35134172,0.36921513,0.38261864,0.39097136,0.39417884,0.39267716,0.38742375,0.37981486,0.37150934,0.36415336,0.35904253,0.35682014,0.3573426,0.3597868,0.36295047,0.36560854,0.36680073,0.3659925,0.3631094,0.35847178,0.35266268,0.34636697,0.34022227,0.33472285,0.330203,0.32689637,0.32503286,0.32491326,0.32690674,0.33135054,0.33838165,0.3477753,0.35887164,0.37062874,0.3817812,0.3910456,0.39731675,0.39981967,0.39820346,0.39257422,0.38346982,0.3717797,0.35861698,0.34515518,0.332454,0.32131085,0.31218055,0.3051887,0.30022696,0.29708147,0.2955325,0.29538754,0.2964489,0.29845294,0.30103105,0.30372888,0.306092,0.3077966,0.3087857,0.30936772,0.31023437,0.31236285,0.3167905,0.3243033,0.33514667,0.3488859,0.36447495,0.38048235,0.39536652,0.4077144,0.41640708,0.4207137,0.42032728,0.41535875,0.40630245,0.39398432,0.37950093,0.36415341,0.34937242,0.33662027,0.3272521,0.32232887,0.32241493,0.32743573,0.33667028,0.3488882,0.36256906,0.376126,0.38808972,0.39724773,0.40274826,0.40417826,0.40161672,0.39565524,0.38736933,0.37821472,0.36982197,0.3636841,0.36079022,0.3613324,0.36462805,0.36930507,0.37365857,0.37603092,0.375114,0.370146,0.36101952,0.34832314,0.33332366,0.3178689,0.30415824,0.29432222,0.28983772,0.29100028,0.29678538,0.3052087,0.31393474,0.32080424,0.3241447,0.3228989,0.31665015,0.3055999,0.29052532,0.272723,0.25392455,0.23614609,0.22140618,0.21127276,0.2063495,0.20601554,0.20866466,0.21229003,0.2150359
67,0.23928858,0.23479086,0.22732699,0.2186686,0.2110497,0.20681967,0.2077988,0.21458113,0.22629276,0.24100834,0.25645387,0.27056307,0.28177834,0.2891844,0.29256657,0.29243368,0.28999865,0.28707007,0.28578284,0.28812167,0.29532778,0.30746308,0.32339475,0.34118238,0.35860592,0.3736028,0.38454625,0.39039633,0.3907713,0.38596737,0.3769328,0.36518416,0.35263544,0.34130788,0.3329187,0.32843778,0.32779962,0.32994136,0.33315572,0.33556867,0.3355443,0.33193237,0.32417095,0.31229028,0.29685792,0.27889308,0.25976583,0.24108961,0.22460222,0.21201442,0.2047979,0.20392475,0.20966054,0.22154303,0.2385524,0.25933805,0.2823866,0.30612242,0.32898378,0.34950745,0.36642948,0.37879458,0.38605908,0.38817322,0.38562685,0.3794401,0.37107792,0.36226493,0.35469344,0.34966472,0.34777346,0.34878075,0.35175076,0.35538498,0.3584004,0.35982084,0.35913,0.3562939,0.35168257,0.34592682,0.33974722,0.33379856,0.32857275,0.3243876,0.32145652,0.31999567,0.32030413,0.32275936,0.32770696,0.33528054,0.34523192,0.35685793,0.36906123,0.38051903,0.38989705,0.3960511,0.39818215,0.39593175,0.38941675,0.37920582,0.3662409,0.35170957,0.3368785,0.3229093,0.31069395,0.3007561,0.29325184,0.28806612,0.28495327,0.28365296,0.28393382,0.28556272,0.28823948,0.291552,0.2949931,0.29804805,0.30032995,0.30172315,0.30249038,0.30330124,0.3051453,0.30911276,0.31607664,0.326382,0.3396787,0.35497126,0.3708427,0.3857392,0.39822072,0.40713596,0.41172147,0.41163993,0.40697446,0.3981936,0.3860985,0.37176162,0.3564616,0.34161213,0.32867098,0.31900963,0.31373122,0.31346333,0.3181996,0.32727286,0.33947986,0.35329902,0.36711898,0.37942913,0.3889636,0.3948094,0.39648908,0.39402032,0.3879458,0.37931806,0.3696124,0.36053663,0.35372078,0.35032737,0.35071,0.35428584,0.35969895,0.3651888,0.36899805,0.36969778,0.3663969,0.3588532,0.34751448,0.33350235,0.3185248,0.3046754,0.29406315,0.2882778,0.28786018,0.29208174,0.29919842,0.3070053,0.31337485,0.31660464,0.31557775,0.3098073,0.29942435,0.28514007,0.26819152,0.25025788,0.23330882,0.21932177,0.20983046,0.20541869,0.20546813,0.20839451,0.21221745,0.21509708
68,0.23618598,0.23104395,0.2229938,0.2138975,0.20609622,0.20203163,0.20354,0.2111132,0.22369948,0.23921168,0.25528133,0.26980907,0.28123936,0.28867298,0.2919135,0.29148537,0.28861436,0.28512365,0.28317216,0.28478354,0.291249,0.302676,0.31795993,0.33517244,0.35209998,0.36669183,0.37734336,0.383048,0.38346666,0.37894377,0.37047544,0.35961407,0.34827936,0.3384447,0.33171013,0.3288706,0.32967576,0.33292675,0.33686006,0.33961764,0.33962384,0.33580667,0.32768488,0.31536466,0.29948345,0.2811244,0.26171574,0.24292001,0.22650592,0.21417993,0.20735686,0.20689952,0.21294436,0.22492787,0.24178304,0.26215947,0.28457108,0.30747986,0.32936352,0.34879783,0.364558,0.37572983,0.3818144,0.3828119,0.3792681,0.37226385,0.36332488,0.3542256,0.34667918,0.34195915,0.3405772,0.3421733,0.34568858,0.34973282,0.35297802,0.35444736,0.35365713,0.35062644,0.34578827,0.339836,0.333544,0.32760474,0.32252878,0.31863573,0.31613073,0.3152195,0.3161918,0.319414,0.32521114,0.33367974,0.34451762,0.35695785,0.36983997,0.38178715,0.39142424,0.39757973,0.3994402,0.39664534,0.38932317,0.3780681,0.36386514,0.34796482,0.33171722,0.31638345,0.30295947,0.2920592,0.28389874,0.27838543,0.27526355,0.27424178,0.27504632,0.27739376,0.2809252,0.285161,0.2895196,0.29340947,0.29636917,0.29821572,0.29915756,0.2998323,0.3012322,0.30449566,0.3105901,0.31998214,0.3324383,0.34704676,0.36243105,0.3770417,0.3894206,0.39838803,0.40314913,0.40333554,0.39900047,0.39058253,0.3788516,0.36484614,0.34980884,0.3351186,0.32220766,0.31244183,0.30694872,0.30641133,0.3108968,0.31980768,0.33198717,0.3459294,0.3600099,0.37268254,0.38263026,0.38887912,0.39088666,0.38860783,0.3825337,0.3736885,0.3635579,0.35391432,0.34651157,0.34267685,0.34292385,0.3467745,0.35289615,0.35948008,0.36467654,0.3669448,0.36527535,0.35930505,0.34935752,0.33642578,0.32209063,0.30833858,0.29723138,0.2904196,0.28862998,0.29139265,0.29720047,0.30399704,0.30970836,0.31261855,0.3115623,0.30599156,0.29597604,0.28217262,0.26577443,0.24842864,0.23208372,0.21870203,0.20980215,0.20594975,0.2065093,0.2098851,0.21408868,0.21726851
69,0.23393281,0.22811882,0.21946266,0.20993905,0.20202276,0.19826692,0.2005183,0.20913398,0.22284631,0.23938265,0.25627038,0.27137268,0.28313226,0.29066166,0.29377866,0.29302055,0.28962615,0.28543907,0.282657,0.2833692,0.28895238,0.2995936,0.31423658,0.33096614,0.3475624,0.3619663,0.3725741,0.3783922,0.37910587,0.37509143,0.3673772,0.35753626,0.34747976,0.33912367,0.3339533,0.33261058,0.33469957,0.3389282,0.34350768,0.34660769,0.34670833,0.34280202,0.33447012,0.32187688,0.30571303,0.28711122,0.26754487,0.24871248,0.23239876,0.22029023,0.2137342,0.21348856,0.21958314,0.23138385,0.24780162,0.26750118,0.2890316,0.3108981,0.33162376,0.34982982,0.36433718,0.3742778,0.37920082,0.37915695,0.37474462,0.36709777,0.3577892,0.34862247,0.34130472,0.33705348,0.336276,0.3384843,0.34250435,0.346871,0.35022786,0.35160905,0.35056886,0.34718135,0.3419436,0.33561617,0.32903725,0.32295337,0.31791383,0.3142594,0.31220052,0.31193492,0.3137323,0.31792417,0.32478315,0.3343369,0.34620693,0.35955477,0.37316376,0.3856194,0.39552557,0.40170223,0.40333605,0.4000733,0.39205477,0.3798951,0.3646099,0.34749466,0.32996234,0.313356,0.29876682,0.28690398,0.27806163,0.27219418,0.26905808,0.26834363,0.26973462,0.27288675,0.27736628,0.28261036,0.2879525,0.2927202,0.2963782,0.29867804,0.29977316,0.30026245,0.3011275,0.30353898,0.30854753,0.31674388,0.32802936,0.3416032,0.35615727,0.37016904,0.382178,0.3909862,0.39577386,0.3961453,0.39212528,0.38412172,0.37286976,0.35936773,0.34481242,0.33053443,0.31792215,0.3083138,0.30283803,0.3022143,0.30657402,0.3153915,0.327567,0.34162328,0.35593426,0.3689275,0.37924227,0.385851,0.3881538,0.38605112,0.37999022,0.370972,0.3604925,0.3503806,0.34249824,0.338317,0.33849227,0.34263822,0.34944114,0.3570466,0.36352128,0.36722633,0.36705232,0.36253765,0.3539078,0.34205565,0.32846057,0.31501657,0.30372757,0.29625988,0.29345512,0.29503492,0.29969123,0.3055108,0.3104858,0.31290513,0.3115727,0.30589598,0.29590055,0.28220782,0.26598927,0.24888645,0.23285653,0.21987651,0.21147065,0.20818783,0.20935398,0.21332653,0.21807288,0.2217015
70,0.23258163,0.22612673,0.21689522,0.20699094,0.19904232,0.19572723,0.19889568,0.20874439,0.22376685,0.24149568,0.2593516,0.27515674,0.28734538,0.29503328,0.29804382,0.2969201,0.29291064,0.28788245,0.2840859,0.28370446,0.28824106,0.29800323,0.3120081,0.32835594,0.34480435,0.35926074,0.37009415,0.37629703,0.37755388,0.3742498,0.36742443,0.3586541,0.34983057,0.34281436,0.33899805,0.33891368,0.34207323,0.3471369,0.35231504,0.35580692,0.35613427,0.3523314,0.3440174,0.3313896,0.3151691,0.29651707,0.27693227,0.2581309,0.24189804,0.22989206,0.22340055,0.22310495,0.22897004,0.24032843,0.2560901,0.2749408,0.29546311,0.3162028,0.3357275,0.3527048,0.36600235,0.37479874,0.37868914,0.37776947,0.3726816,0.36459818,0.35511997,0.34605643,0.33908558,0.33535334,0.33516207,0.33791247,0.34234226,0.34693685,0.35032815,0.35156596,0.35023788,0.34646243,0.34078905,0.3340369,0.3271063,0.32080466,0.315734,0.31227276,0.3106486,0.31105295,0.31372377,0.31893486,0.32687917,0.33749405,0.3503165,0.36444438,0.37862453,0.39143056,0.40147123,0.40758005,0.40896025,0.40527448,0.39667895,0.3838037,0.3676825,0.34963575,0.3311136,0.3135127,0.29799506,0.28535104,0.2759524,0.26981196,0.2667139,0.26634178,0.26834103,0.27230343,0.27771512,0.2839276,0.29019302,0.295767,0.30005267,0.30274752,0.3039568,0.30423903,0.30455253,0.3060775,0.30992168,0.31678128,0.32669002,0.3389726,0.35241306,0.36554053,0.37691355,0.38533244,0.3899645,0.3903954,0.38662672,0.37903854,0.36833146,0.35546136,0.34157458,0.32794532,0.31590578,0.30674815,0.3015782,0.30112457,0.30555966,0.31441572,0.32664728,0.3408113,0.35529035,0.3684977,0.37904248,0.3858583,0.38830465,0.38624564,0.38010293,0.37087026,0.36006373,0.349568,0.3413376,0.33695912,0.3371929,0.341712,0.3492006,0.35775328,0.36536133,0.3703061,0.3714031,0.3681225,0.3606257,0.34974238,0.33688626,0.32388592,0.3126926,0.30495822,0.3015732,0.3023699,0.30617517,0.31118688,0.31545964,0.31729916,0.3154978,0.30943996,0.2991298,0.28517762,0.26875985,0.2515419,0.23552148,0.22272038,0.21468851,0.2119579,0.21379386,0.21847233,0.22388281,0.22806875
71,0.23195045,0.22493212,0.21519029,0.2049651,0.19704993,0.19425634,0.19843501,0.20961246,0.22603977,0.2450585,0.26398423,0.280593,0.29330045,0.30121306,0.30414698,0.3026398,0.2979415,0.29194066,0.28694963,0.28527147,0.2885769,0.2973397,0.31068155,0.32672396,0.3431859,0.35791343,0.36921665,0.37604263,0.37804547,0.37559205,0.3697103,0.36196348,0.3542199,0.3482999,0.34554172,0.3464235,0.35042238,0.3561915,0.3619554,0.36593595,0.36667544,0.36322233,0.3552039,0.34282213,0.32680127,0.30830577,0.28883705,0.27010977,0.2538976,0.24183345,0.23516876,0.23455173,0.23993088,0.25064206,0.26561043,0.2835427,0.3030476,0.32270312,0.34111485,0.356992,0.36924487,0.37709332,0.3801707,0.37860665,0.3730707,0.3647543,0.355263,0.34639034,0.33977112,0.33648226,0.33674428,0.3398846,0.34459272,0.34933406,0.3527419,0.35387975,0.352355,0.3483102,0.34232432,0.33525428,0.32804772,0.321567,0.31646997,0.31318134,0.31195387,0.3129736,0.31643784,0.32254717,0.3313999,0.34283715,0.3563193,0.370901,0.38532054,0.39816925,0.40808773,0.41394523,0.41497767,0.41087392,0.4018087,0.38842368,0.3717595,0.3531426,0.3340337,0.31585103,0.2997934,0.28670305,0.277011,0.2707826,0.2678336,0.2678485,0.27044106,0.2751451,0.28137404,0.28840533,0.29542574,0.30163836,0.30640456,0.3093856,0.31065074,0.31072187,0.3105255,0.31122896,0.31396407,0.31949857,0.32797623,0.33884355,0.35098958,0.36301675,0.3735258,0.38133603,0.38561872,0.38595358,0.38232854,0.37510183,0.36494353,0.3527691,0.33967462,0.32687613,0.315644,0.30721244,0.3026429,0.30264392,0.30739602,0.31646198,0.3288346,0.34310162,0.3576608,0.37092465,0.38149008,0.38827348,0.39061785,0.38837722,0.38197455,0.3724213,0.36127228,0.350474,0.3420602,0.3376968,0.33819667,0.34323892,0.351468,0.3609133,0.36949778,0.3754444,0.3775242,0.37517476,0.36853313,0.35840735,0.34618703,0.33366963,0.32277024,0.315111,0.3115784,0.31203783,0.3153758,0.31985104,0.32356033,0.32482868,0.322452,0.31581327,0.30491957,0.29039603,0.2734516,0.25580466,0.23952325,0.2267012,0.21893056,0.216724,0.21926418,0.2247146,0.23085915,0.23565777
72,0.23169853,0.22422408,0.21405259,0.20355695,0.19569772,0.19342723,0.1986059,0.21110108,0.22893628,0.24927378,0.26932618,0.28681633,0.30012852,0.30834478,0.31125835,0.30938616,0.30396667,0.29690152,0.29056585,0.28739938,0.28927752,0.29688802,0.3094951,0.32525393,0.34183285,0.3569896,0.36894345,0.37656352,0.37944272,0.37790194,0.372935,0.3660793,0.35918266,0.3540498,0.35201144,0.353551,0.3581644,0.3645303,0.3708948,0.37548953,0.376853,0.37401846,0.36659095,0.35474727,0.33918688,0.3210517,0.30182317,0.28319764,0.266931,0.25464085,0.24757326,0.2463892,0.25106806,0.26098228,0.27508652,0.29210773,0.310672,0.3293786,0.34686086,0.36186025,0.3733204,0.38049164,0.3830321,0.38108805,0.37533566,0.36696142,0.3575521,0.348868,0.3424987,0.3394721,0.3399686,0.343294,0.34813508,0.35296586,0.35643017,0.35759795,0.35607752,0.35200948,0.34597287,0.33883274,0.33155838,0.32504854,0.32000735,0.31690395,0.3160179,0.31753033,0.3215952,0.32833573,0.33775625,0.34961152,0.36330554,0.3778774,0.39208725,0.40457305,0.4140324,0.41939062,0.41993114,0.41537803,0.40592772,0.3922304,0.37532374,0.35652322,0.33727548,0.3189881,0.3028598,0.28974786,0.28011164,0.27404964,0.27140182,0.27185577,0.27500227,0.28033027,0.287198,0.29483014,0.30237213,0.30899888,0.31405306,0.31717968,0.31842735,0.31828907,0.31765643,0.31766665,0.3194441,0.32378864,0.33091867,0.3403822,0.3511718,0.36197624,0.37145847,0.37847796,0.38222906,0.3823014,0.3786814,0.37171504,0.36204898,0.35056397,0.33831084,0.32645103,0.31619358,0.3087085,0.30499667,0.30571848,0.31102705,0.32048103,0.33308628,0.3474503,0.36198834,0.37512484,0.38546473,0.39193216,0.39388257,0.3911909,0.38431337,0.37430942,0.3627968,0.3517943,0.34340304,0.33932784,0.340371,0.34615022,0.35522115,0.3655283,0.37493277,0.3816234,0.38436046,0.3825881,0.3764607,0.36680803,0.35503808,0.34295425,0.33245733,0.32513487,0.32183,0.32237458,0.32564238,0.32989722,0.3332485,0.33403438,0.33106393,0.32373685,0.3120854,0.29677355,0.27906734,0.26076326,0.24402449,0.23103793,0.22344844,0.22174314,0.225001,0.23124804,0.23814349,0.24355434
73,0.23143233,0.22362383,0.2131051,0.20236714,0.1945311,0.19269852,0.19876355,0.2124665,0.23163164,0.2532575,0.274455,0.29288536,0.30688807,0.315505,0.31848955,0.31632063,0.31020787,0.30205035,0.29427615,0.28946567,0.28972518,0.2960021,0.30774778,0.32317343,0.33989224,0.3555521,0.3682524,0.37675402,0.38055962,0.3799181,0.3757691,0.36961457,0.36328852,0.3586078,0.3569427,0.35883746,0.36385366,0.37072128,0.3777106,0.38304844,0.385245,0.3832902,0.37673807,0.36571226,0.3508612,0.33328035,0.3144112,0.295918,0.27953565,0.2668787,0.2592165,0.25726345,0.26107094,0.27007863,0.28328615,0.29944283,0.31718555,0.33512446,0.35190868,0.36629966,0.37726113,0.3840592,0.38635904,0.38430282,0.3785498,0.37025663,0.3609699,0.35240558,0.34611586,0.34311116,0.3435824,0.3468693,0.3517012,0.35658664,0.36018616,0.3615667,0.36031726,0.35654894,0.3508092,0.34393793,0.33689398,0.33058488,0.32574108,0.32286453,0.32225725,0.324096,0.32849482,0.3355075,0.3450582,0.35683653,0.37021703,0.38425258,0.39775378,0.40943107,0.41806126,0.42264336,0.42252144,0.41746303,0.40768927,0.39385617,0.37698993,0.35837975,0.33943555,0.32152447,0.30580896,0.2931226,0.2839179,0.27830014,0.27611962,0.27706563,0.28071505,0.28652912,0.29383346,0.3018256,0.3096357,0.3164356,0.32157183,0.32469288,0.32584235,0.32549432,0.32450694,0.32397652,0.32499492,0.32835734,0.3343175,0.3424946,0.35197073,0.3615232,0.3698903,0.37598953,0.3790567,0.3787078,0.3749418,0.36810395,0.35882738,0.34796724,0.33653748,0.32565257,0.3164646,0.31007764,0.30741978,0.30907875,0.31514663,0.3251427,0.3380583,0.35250586,0.36691752,0.3797407,0.389608,0.39547718,0.39674568,0.3933418,0.3857882,0.37522405,0.36335552,0.3522853,0.34416878,0.3407049,0.3426146,0.34938017,0.35941657,0.37056392,0.3806306,0.38779768,0.39084995,0.38927716,0.3832919,0.3737873,0.36223033,0.35046583,0.34040347,0.33359638,0.33081502,0.33180323,0.3353596,0.33970147,0.3429204,0.34335813,0.33984217,0.33180285,0.3193157,0.30310297,0.284507,0.26542115,0.24812086,0.23489907,0.2274567,0.22624484,0.23021913,0.23725028,0.2448642,0.25083524
74,0.23080648,0.22279134,0.21200392,0.20102881,0.19313319,0.1915775,0.19832808,0.21304788,0.23339932,0.25623378,0.278561,0.2979724,0.3127505,0.3218823,0.3250654,0.3227227,0.31601515,0.3068176,0.29759023,0.29104218,0.28952098,0.29427135,0.30498096,0.3199509,0.33674642,0.35289234,0.3663454,0.37573266,0.38044125,0.38062525,0.3771525,0.37148112,0.36543772,0.3608761,0.35924804,0.361207,0.3664211,0.37369326,0.38131917,0.38750693,0.3907165,0.3898696,0.38444388,0.37448576,0.36056998,0.3437252,0.32533595,0.3070231,0.29049793,0.27738068,0.2689856,0.26611152,0.2689153,0.27693212,0.28922457,0.3045708,0.32161614,0.33897337,0.355296,0.36935225,0.3801113,0.38683802,0.38918564,0.38727042,0.38171107,0.37361148,0.36446014,0.35592243,0.34952548,0.3462962,0.3464857,0.3495203,0.35421327,0.3591313,0.3629571,0.36474568,0.3640479,0.3609197,0.35584667,0.34961072,0.3431266,0.3372797,0.3328008,0.33020687,0.32981405,0.33179483,0.33623213,0.3431259,0.35234234,0.36353233,0.37606922,0.38904682,0.40135092,0.4117862,0.4192271,0.4227614,0.42180532,0.41617715,0.40612546,0.39231005,0.37573802,0.3576585,0.3394244,0.32233468,0.3074822,0.29564038,0.28722057,0.28230825,0.28074902,0.28223184,0.28632882,0.29249147,0.3000358,0.30815732,0.31599542,0.32274118,0.32776517,0.3307366,0.33170873,0.33114707,0.32988042,0.32895878,0.3294239,0.33203653,0.33704948,0.34412012,0.35239872,0.3607443,0.36797547,0.37308016,0.37535065,0.37444437,0.37038678,0.36353505,0.3545204,0.3441835,0.33351243,0.32358417,0.31550062,0.3102996,0.30882657,0.31157574,0.31854916,0.3291963,0.34246925,0.35697198,0.37115216,0.38348997,0.3926636,0.39768815,0.39803097,0.3937038,0.38532692,0.37414894,0.36198795,0.351039,0.343494,0.34099498,0.344107,0.35210449,0.36321586,0.37516564,0.38572365,0.39309177,0.39611375,0.39436126,0.38814208,0.37844965,0.36684594,0.3552493,0.34559935,0.33941665,0.3373755,0.33908752,0.34322536,0.3479178,0.35121334,0.3514488,0.34747377,0.33875987,0.32543948,0.30830693,0.2887939,0.26890165,0.25102654,0.23757157,0.23028873,0.22957824,0.2342548,0.24202412,0.2502806,0.25671574
75,0.22959435,0.22150114,0.21052179,0.19930188,0.19123195,0.18973987,0.19691262,0.21239823,0.23374094,0.25766227,0.28107166,0.30148432,0.31711584,0.3268869,0.33042514,0.32808116,0.32094708,0.31084853,0.30024835,0.2919568,0.28855258,0.29160073,0.30107367,0.3154073,0.33213997,0.34867176,0.36280265,0.37300682,0.37853575,0.37942958,0.3764685,0.3710579,0.3650194,0.36026192,0.35835177,0.36009276,0.36529526,0.37285563,0.3810972,0.38819814,0.3925501,0.39298588,0.38888642,0.3802015,0.36741415,0.35147008,0.33368322,0.3156213,0.29896775,0.28535187,0.27614483,0.27224976,0.27395406,0.28091395,0.29227468,0.30685422,0.3233084,0.34024772,0.35632086,0.37029082,0.38111782,0.38804942,0.3907086,0.3891657,0.38397813,0.37617746,0.3671795,0.35859486,0.35193655,0.34827638,0.34796706,0.35056585,0.3550068,0.35993665,0.36406696,0.36643487,0.36653757,0.36435413,0.3602819,0.3550155,0.34939495,0.34425327,0.34029523,0.3380334,0.33778772,0.33972722,0.34391424,0.35031438,0.35876065,0.36889213,0.38010654,0.39156157,0.40223783,0.41105115,0.41698816,0.41923776,0.41729763,0.4110433,0.40075338,0.38708988,0.3710342,0.35378322,0.33661404,0.32073256,0.3071318,0.29649284,0.28915626,0.2851653,0.28434896,0.2863951,0.2908808,0.29726452,0.30487362,0.31292313,0.32058203,0.3270791,0.3318248,0.33452347,0.33524984,0.33447054,0.33299002,0.33181036,0.33191174,0.33399862,0.33829337,0.3444613,0.35169744,0.3589302,0.365057,0.36914238,0.3705455,0.36897752,0.36450282,0.3575028,0.34861904,0.33868998,0.32868946,0.31966746,0.3126818,0.30870393,0.30848727,0.3124149,0.32037577,0.3317267,0.34536317,0.3598719,0.37371674,0.38541967,0.39372015,0.39771116,0.3969535,0.39156815,0.3822997,0.37053093,0.3582099,0.34762597,0.34098145,0.33980364,0.34442684,0.3538548,0.3660995,0.37877166,0.38962436,0.39690983,0.39956218,0.39726597,0.39045438,0.38025135,0.3683436,0.35674983,0.34745762,0.3419558,0.34080243,0.34344077,0.34837788,0.35362318,0.35716516,0.35733122,0.35299718,0.34368438,0.32959163,0.311594,0.29121894,0.27057928,0.2521927,0.23856711,0.23149309,0.23130135,0.23665108,0.24508166,0.25386766,0.26063585
76,0.22771794,0.21967474,0.20858426,0.19711491,0.18874952,0.18708582,0.19438243,0.21034336,0.23244333,0.25729305,0.28170416,0.3031116,0.3196579,0.330189,0.3342526,0.3321139,0.32477856,0.31399846,0.3022054,0.29227078,0.28697318,0.28819907,0.29624465,0.30973247,0.32620907,0.34296194,0.35763073,0.3685258,0.37474895,0.37621137,0.37359136,0.3682309,0.36194363,0.35670233,0.35421082,0.35545623,0.36042368,0.36812377,0.3769126,0.38493097,0.39048824,0.39231274,0.3896736,0.3824098,0.37090006,0.35599545,0.338929,0.32120675,0.30447844,0.29038,0.28034174,0.27537987,0.2759284,0.28178525,0.29219857,0.30604032,0.32198286,0.33863345,0.35462987,0.3687203,0.37984428,0.3872185,0.39042065,0.38945898,0.3848133,0.37742764,0.36863366,0.35998228,0.35297808,0.34875506,0.34779575,0.34982166,0.35391793,0.35883248,0.3633148,0.3663822,0.36746794,0.36645773,0.36364004,0.35959852,0.35507333,0.35081992,0.34749413,0.34558648,0.3454114,0.34713528,0.3508112,0.35638964,0.363694,0.3723754,0.381877,0.39143756,0.40014648,0.40704235,0.41123414,0.41202056,0.4089881,0.4020745,0.39159098,0.3782006,0.36285347,0.34668335,0.33087465,0.31651762,0.30447906,0.29532108,0.28929055,0.286373,0.2863743,0.28898376,0.2937933,0.3002834,0.30780992,0.31562436,0.32294056,0.32903802,0.33337888,0.33571243,0.33614418,0.3351493,0.33351296,0.3321898,0.33209196,0.3338528,0.33764234,0.34310922,0.34947172,0.35571325,0.36080426,0.36388683,0.36439285,0.36209565,0.35710868,0.34984854,0.34097883,0.33134767,0.32192624,0.3137465,0.30782714,0.30507106,0.3061305,0.3112626,0.32022715,0.33227494,0.34623653,0.3606792,0.37408698,0.38503262,0.3923301,0.3951664,0.39321423,0.38672358,0.37658325,0.36432835,0.3520468,0.34211415,0.33670658,0.3371726,0.34354663,0.35451773,0.36787346,0.38112882,0.3920482,0.3989629,0.4009232,0.3977497,0.39002272,0.37901837,0.36657035,0.35481858,0.34581274,0.34100974,0.34083325,0.34452856,0.35040826,0.3563428,0.36025247,0.36045587,0.35586032,0.34604397,0.33127818,0.31252256,0.29140106,0.27013507,0.25135624,0.23766461,0.23087016,0.2312135,0.237188,0.24617423,0.25534704,0.26229247
77,0.22523987,0.2173717,0.20625988,0.19455522,0.185794,0.18373458,0.1908517,0.20697877,0.2295748,0.255162,0.28045928,0.30282065,0.3203127,0.33170295,0.33645356,0.33473605,0.3274572,0.31627506,0.30355817,0.29219323,0.2851096,0.28448963,0.29097256,0.30341697,0.31942394,0.3361946,0.35121718,0.3626368,0.36939874,0.3712752,0.36883062,0.36333168,0.35657504,0.3505963,0.3472485,0.3477263,0.3522187,0.35987276,0.3690859,0.3779584,0.38470802,0.387948,0.38682598,0.381062,0.37092283,0.35715824,0.34091383,0.3236272,0.30690756,0.29239044,0.28155938,0.27554196,0.27492458,0.27966097,0.28912032,0.30224404,0.31773025,0.33418563,0.3502345,0.36460438,0.37620607,0.38421595,0.38815594,0.3879615,0.38402373,0.37718907,0.36869627,0.3600307,0.35268658,0.34786448,0.34618896,0.3475652,0.35125184,0.35611707,0.36095986,0.36478063,0.36694434,0.36723337,0.36581367,0.36314178,0.3598401,0.3565684,0.35391676,0.35234043,0.35214147,0.3534853,0.35642597,0.36091596,0.3667892,0.3737279,0.38123608,0.38864464,0.39515942,0.39994755,0.4022454,0.40146622,0.3972897,0.38971937,0.3791009,0.36609757,0.3516237,0.3367403,0.3225238,0.30992886,0.29967412,0.2921827,0.28759336,0.28582662,0.2866653,0.28980622,0.29486662,0.30136183,0.30868915,0.3161483,0.32300767,0.3286053,0.33246127,0.3343758,0.33449075,0.33329508,0.3315592,0.3301918,0.33003435,0.3316404,0.335113,0.34006602,0.34572333,0.35110965,0.35526016,0.35739166,0.35701025,0.3539562,0.34839907,0.34079954,0.3318534,0.32242903,0.31350476,0.30610162,0.30120102,0.29963332,0.30194035,0.30824262,0.31816268,0.33084187,0.34504727,0.35933134,0.3722053,0.38230166,0.38851923,0.39015046,0.38699222,0.37943628,0.36852792,0.35596362,0.34397087,0.33499125,0.33112723,0.3334829,0.34173873,0.35425138,0.3686011,0.3822393,0.3929727,0.3992361,0.40021396,0.39587638,0.38696265,0.37491298,0.36172214,0.3496662,0.3408676,0.33675027,0.33758813,0.3424056,0.3493017,0.35599887,0.3603492,0.36066717,0.3558981,0.34568223,0.33036637,0.31099436,0.2892822,0.26755106,0.24853292,0.23490079,0.2284604,0.22934228,0.23587005,0.24528128,0.25467783,0.26163214
78,0.22232834,0.21475103,0.20371665,0.19182035,0.18260756,0.17997223,0.18663308,0.20262143,0.22543837,0.25154474,0.27757576,0.30080724,0.3192312,0.33153725,0.33710167,0.33600003,0.3290346,0.31775722,0.30444822,0.29196596,0.28333127,0.2809713,0.2858581,0.2971207,0.3124645,0.3290428,0.34421417,0.3559683,0.36309576,0.36522618,0.36280227,0.35700363,0.34959686,0.34267023,0.33822554,0.337679,0.3414477,0.3488381,0.35830095,0.367897,0.37574786,0.38034618,0.3807139,0.3764495,0.36770618,0.3551308,0.339779,0.3230163,0.30640483,0.29157034,0.28003785,0.27303508,0.2712963,0.27493623,0.28345785,0.29588652,0.31095698,0.32728097,0.34347066,0.358231,0.37044042,0.37923026,0.38406178,0.38479254,0.38172027,0.37558892,0.36753926,0.35898462,0.35140082,0.346047,0.34368557,0.34440887,0.34766027,0.352443,0.35761824,0.36217707,0.3654181,0.36701804,0.36701474,0.36572975,0.36365882,0.36135623,0.35933682,0.3580129,0.35767072,0.35847712,0.36049625,0.36369652,0.3679381,0.37294805,0.3783007,0.38342378,0.3876407,0.39024687,0.39060536,0.38824427,0.38293743,0.3747557,0.36408025,0.35157397,0.33811137,0.32467207,0.31221128,0.30153123,0.29318598,0.2874477,0.28434175,0.28372538,0.28536475,0.28897354,0.29420486,0.30061907,0.30766383,0.31469342,0.32103488,0.32608703,0.32942918,0.33091393,0.3307215,0.32935777,0.3275816,0.32625866,0.3261602,0.32775646,0.3310756,0.33568507,0.34080124,0.34547794,0.3488058,0.35007066,0.34885082,0.3450545,0.3389112,0.33093184,0.3218521,0.31256902,0.30407512,0.29738453,0.29344046,0.292995,0.29647177,0.30384973,0.31461516,0.32780695,0.34213832,0.3561572,0.36841118,0.3776004,0.38271534,0.38316017,0.3788614,0.37035748,0.35885364,0.34620637,0.33477035,0.32702038,0.32493037,0.32930198,0.33943284,0.35336104,0.36849874,0.38227367,0.3925638,0.39792398,0.39768076,0.39195666,0.38165078,0.36836964,0.35427436,0.34178638,0.33310917,0.3296338,0.33147344,0.3374167,0.34534016,0.35281825,0.35764074,0.35812557,0.35326198,0.34275526,0.3270274,0.30720198,0.2850782,0.26306352,0.24397153,0.23052469,0.22449943,0.22589996,0.23288463,0.24257156,0.25202018,0.25881666
79,0.21920949,0.21201949,0.20116389,0.1891512,0.17949109,0.17617206,0.18215875,0.19773376,0.22049871,0.24688618,0.2734618,0.2974303,0.31671458,0.32993132,0.33637577,0.3360319,0.3295996,0.31852153,0.304976,0.29175875,0.28192306,0.27807137,0.28146535,0.29151133,0.3060601,0.32226223,0.3373808,0.34927136,0.35658202,0.35880467,0.35625857,0.3500279,0.34183478,0.3338032,0.3280716,0.32627922,0.32908735,0.33598244,0.34548303,0.35561526,0.36440456,0.37022263,0.37196723,0.3691184,0.36172,0.35031965,0.3358857,0.3197113,0.3033076,0.28828108,0.27618307,0.2683235,0.26556948,0.26819113,0.2758298,0.28760505,0.30229878,0.31853548,0.3349197,0.35013607,0.36303145,0.37269253,0.37852037,0.38029572,0.3782243,0.37294886,0.3655113,0.3572482,0.34960577,0.3438846,0.34096587,0.3411159,0.34396005,0.34864306,0.35409933,0.35932142,0.36354977,0.3663609,0.36766765,0.3676583,0.3667021,0.36524713,0.36373115,0.36252183,0.36188957,0.3620062,0.36295357,0.3647268,0.36722347,0.37022373,0.37337595,0.3762032,0.3781417,0.37860814,0.37708616,0.3732139,0.3668567,0.35815176,0.34751567,0.33561015,0.32326657,0.31137583,0.30076066,0.2920586,0.28564948,0.28165174,0.27998188,0.28044334,0.28279728,0.2867855,0.29210684,0.2983742,0.3050901,0.31166485,0.31748274,0.32200024,0.32485238,0.32594112,0.32548386,0.32400423,0.3222524,0.32105497,0.32111657,0.3228258,0.32613385,0.330556,0.33529216,0.33941516,0.34206128,0.3425775,0.34060878,0.3361289,0.32942766,0.32106918,0.31183374,0.30265227,0.29453528,0.28849065,0.28542012,0.28599167,0.29050714,0.2988067,0.31025124,0.32379293,0.33810756,0.35175171,0.36331856,0.37158152,0.37562534,0.37496608,0.36965844,0.36038393,0.34850118,0.33601403,0.32537916,0.31906188,0.3188537,0.3252161,0.33706883,0.35217503,0.36783183,0.3814829,0.39109814,0.39535853,0.39372954,0.38647813,0.37465328,0.36001953,0.34490123,0.33186865,0.3232139,0.32029936,0.32307455,0.33008748,0.3389932,0.34722558,0.3525215,0.35320982,0.34832746,0.3376447,0.3216542,0.301551,0.2792048,0.25709194,0.2380854,0.2249314,0.21935403,0.22122285,0.22854513,0.23834957,0.24768418,0.2541733
80,0.21612334,0.20938511,0.19880016,0.18677035,0.17673044,0.17271082,0.17789313,0.1928378,0.21529965,0.24172169,0.26862055,0.29314202,0.3131495,0.32719657,0.33450747,0.33498496,0.32923633,0.31860211,0.30515677,0.29161334,0.28100756,0.27604082,0.2781927,0.28711876,0.30083537,0.31653342,0.33142248,0.343257,0.3505658,0.35271782,0.34991577,0.34314674,0.33407697,0.3248462,0.31770775,0.31451106,0.3161648,0.3223495,0.3316649,0.34211034,0.35161942,0.35844812,0.3613772,0.35977766,0.35359386,0.34328368,0.32973585,0.31417575,0.29806316,0.2829782,0.27048314,0.26194784,0.2583486,0.26009363,0.26695624,0.27815318,0.29252103,0.3087054,0.32531038,0.3410061,0.35461295,0.3651781,0.37204823,0.3749339,0.3739564,0.36966446,0.36300614,0.35524017,0.3477727,0.3419238,0.33866408,0.33840504,0.3409352,0.34553552,0.35121897,0.35699087,0.36204654,0.36587518,0.36827675,0.3693173,0.3692493,0.36842218,0.36720237,0.36591688,0.36482373,0.3641042,0.36386436,0.36413354,0.3648534,0.36586082,0.36687636,0.3675116,0.36730435,0.3657803,0.36253148,0.35729644,0.3500255,0.34091887,0.33042723,0.31921026,0.30805367,0.29775432,0.28899497,0.28224188,0.27769992,0.2753401,0.2749831,0.27639383,0.27934274,0.28361136,0.28895223,0.29503536,0.30141866,0.30756524,0.31291035,0.31696013,0.3193971,0.32016575,0.31951657,0.31799,0.31633034,0.31533083,0.31563675,0.31756145,0.32098305,0.32536376,0.32988173,0.33361998,0.33575004,0.3356699,0.33308274,0.32802185,0.32083422,0.31213644,0.30275452,0.2936547,0.285866,0.2803879,0.2780767,0.2795135,0.28488138,0.29389402,0.30580702,0.3195082,0.33365518,0.34682685,0.3576692,0.36503065,0.36808777,0.36646253,0.3603286,0.3504983,0.3384664,0.32635978,0.31670123,0.31190047,0.31352636,0.32169434,0.33498713,0.35095772,0.36684358,0.38013536,0.38890374,0.39195025,0.38886532,0.3800418,0.36665863,0.35061988,0.33440083,0.32071862,0.31196234,0.3094778,0.3130605,0.32102627,0.33081937,0.33974543,0.34549803,0.34642184,0.34160128,0.33086678,0.31477326,0.2945748,0.27219552,0.2501601,0.23137657,0.21858974,0.21345434,0.21570797,0.22323187,0.23299892,0.24207431,0.2481391
81,0.21329543,0.20703089,0.19678524,0.18484709,0.1745485,0.16990569,0.17425935,0.18843839,0.21038857,0.23660515,0.26358336,0.28842792,0.30895725,0.32367572,0.33175164,0.33302248,0.32801968,0.3179971,0.30493507,0.29145792,0.28054786,0.27493247,0.27622047,0.28425524,0.29721072,0.31234956,0.3268722,0.33847347,0.34559625,0.34751207,0.34432414,0.33693,0.32693553,0.31647858,0.30789992,0.30323255,0.3036185,0.3089332,0.31786528,0.32839558,0.33837458,0.34595317,0.34980893,0.349219,0.3440442,0.33466774,0.32191166,0.3069431,0.2911749,0.27615756,0.26345122,0.25446242,0.2502467,0.251322,0.25757465,0.26831153,0.28242627,0.29859263,0.3154231,0.33158213,0.34587252,0.35731113,0.3652006,0.36919338,0.36933947,0.3661068,0.36036056,0.35328612,0.3462428,0.3405486,0.33722842,0.33679855,0.3391765,0.3437598,0.34963644,0.35583264,0.3615142,0.3661018,0.3693026,0.37108007,0.3715881,0.37109306,0.3699023,0.36831114,0.3665719,0.36488083,0.36337346,0.36211833,0.36110404,0.36022305,0.35926154,0.35790747,0.35578406,0.35250774,0.34776187,0.3413709,0.33336014,0.32398707,0.3137344,0.30325955,0.29330218,0.28456348,0.2775846,0.27266225,0.26983416,0.26893902,0.26971975,0.27192038,0.2753347,0.27979368,0.28510922,0.2910097,0.29710528,0.3029047,0.30788356,0.3115855,0.3137283,0.314289,0.31354427,0.31204963,0.31054685,0.3098039,0.31041804,0.31263918,0.31628114,0.3207568,0.32521984,0.3287553,0.33055863,0.33006644,0.32702857,0.32152838,0.313963,0.30499697,0.2954993,0.28646946,0.27895227,0.27393585,0.27222902,0.27432925,0.2803132,0.2897897,0.3019358,0.3156002,0.3294415,0.34207168,0.35219288,0.35872567,0.36093047,0.35852274,0.35177854,0.34161946,0.32964963,0.31808403,0.30947006,0.3061224,0.30937284,0.31902245,0.3333869,0.34988153,0.36573157,0.3784921,0.3863305,0.38815242,0.38364986,0.37331426,0.35842535,0.34099856,0.3236383,0.30920008,0.30017975,0.2979303,0.30212057,0.3108589,0.32139915,0.3309329,0.33711737,0.3383128,0.33364525,0.32299536,0.30696717,0.28685775,0.2646264,0.24282362,0.22436738,0.21197906,0.20723625,0.20976104,0.21734302,0.22693409,0.23563942,0.24120793
82,0.21093062,0.20511477,0.19524407,0.18350014,0.1730989,0.16799137,0.17159903,0.18497212,0.20626189,0.23205587,0.25886172,0.2837669,0.30456376,0.31972578,0.32838428,0.33033222,0.32604724,0.31671873,0.30425137,0.29118615,0.28042948,0.2746718,0.2755565,0.28303096,0.29539144,0.30998683,0.32404912,0.33525875,0.3420141,0.3435236,0.339818,0.33172315,0.3207902,0.30914447,0.29918644,0.2930953,0.29221326,0.29659212,0.30500534,0.31542078,0.3256177,0.33365887,0.33813873,0.3382621,0.33382776,0.3251644,0.31304523,0.2985936,0.28318453,0.26834053,0.25561056,0.24641573,0.24185775,0.24252698,0.24839143,0.25883007,0.27278885,0.2889744,0.30601674,0.3225857,0.33747816,0.34969354,0.35850474,0.36352235,0.3647432,0.36257324,0.35781136,0.35158017,0.34519064,0.33994052,0.33687294,0.33656195,0.33900785,0.34369177,0.34976196,0.3562684,0.36236238,0.36741856,0.37107715,0.37322566,0.37394452,0.37343904,0.37197524,0.36982998,0.36725911,0.3644805,0.3616638,0.3589192,0.3562819,0.35369468,0.35099834,0.34794033,0.34420794,0.33948535,0.33352494,0.32621858,0.31765318,0.3081362,0.29818043,0.28844282,0.27962106,0.27232584,0.26696363,0.2636727,0.2623402,0.26269227,0.26441377,0.26724368,0.27100992,0.27559945,0.28088582,0.28665408,0.2925605,0.2981487,0.3029208,0.30644208,0.30845052,0.30894262,0.30821297,0.3068296,0.30553615,0.30508646,0.30604553,0.30861685,0.3125639,0.3172573,0.3218253,0.3253472,0.32702968,0.32633314,0.32303968,0.31726965,0.30945984,0.30031446,0.29073903,0.28176114,0.27443743,0.26974273,0.26844162,0.27095962,0.2772885,0.28696117,0.29910567,0.31255603,0.32598716,0.3380505,0.34750298,0.3533293,0.3548604,0.3518869,0.3447638,0.33449304,0.32275245,0.3118042,0.30418,0.3020766,0.30660665,0.3173221,0.33235717,0.34905788,0.36467043,0.37681755,0.3837482,0.38444698,0.37867713,0.36699504,0.35074466,0.33201602,0.3135103,0.2982048,0.2887117,0.28642812,0.29094565,0.30020937,0.31131223,0.32134607,0.32793343,0.32944313,0.3250305,0.3146111,0.29882044,0.27897933,0.2570608,0.23561718,0.2175523,0.20554726,0.20110612,0.20376532,0.21126483,0.22056812,0.22883591,0.23388763
83,0.20922416,0.20379081,0.1942965,0.1828325,0.17249848,0.16713984,0.17017244,0.18279041,0.20333849,0.22852965,0.25492105,0.27961147,0.3003901,0.31572077,0.3247202,0.32716078,0.32349235,0.3148664,0.30313566,0.29077035,0.28058782,0.27518743,0.2761563,0.28345272,0.29544264,0.30956036,0.32310197,0.33377835,0.33998787,0.3409164,0.33655703,0.32769117,0.31583124,0.30308923,0.2919026,0.28455365,0.2825339,0.2860302,0.29388008,0.3040379,0.3142261,0.32244208,0.32722342,0.32773,0.3237247,0.31550604,0.30382037,0.28976548,0.2746921,0.26010075,0.24752437,0.23837945,0.23377943,0.2343436,0.24008074,0.25041395,0.26433015,0.28057054,0.2977915,0.31468046,0.3300421,0.34287345,0.35243523,0.35831577,0.36048084,0.35929748,0.3555199,0.35022318,0.3446737,0.34013462,0.3376333,0.337752,0.34052095,0.34546196,0.35175982,0.3584846,0.36478573,0.37001523,0.37377557,0.37590936,0.37645334,0.37557834,0.37353072,0.3705852,0.36701283,0.36306056,0.35893634,0.35479307,0.35070908,0.34666872,0.34255227,0.33814523,0.33317295,0.32735932,0.320499,0.31252873,0.3035809,0.2940044,0.28434134,0.2752544,0.26741055,0.26134497,0.25734773,0.25541985,0.2553206,0.25668487,0.25915608,0.26247886,0.26652133,0.27122834,0.27653414,0.28227577,0.28814656,0.29371184,0.2984837,0.302031,0.30409423,0.3046748,0.30407542,0.30287397,0.3018215,0.3016717,0.30297735,0.30591762,0.3102238,0.3152346,0.32005355,0.3237459,0.32551572,0.32483053,0.32148743,0.31562805,0.30771488,0.29848042,0.2888575,0.27989492,0.27265763,0.26810881,0.2669788,0.26964125,0.27603197,0.28564024,0.29757378,0.3106721,0.32363677,0.33515993,0.3440468,0.34933394,0.3504049,0.34710246,0.33983207,0.32964143,0.3182419,0.30790073,0.3011016,0.2999222,0.30530325,0.31663424,0.33195612,0.34860224,0.36385873,0.37540773,0.38155663,0.3813388,0.37455478,0.3617885,0.34440762,0.32453284,0.3049203,0.2886408,0.27842763,0.27576905,0.2802522,0.2897249,0.30115908,0.31156042,0.31851244,0.32037854,0.31632486,0.3062813,0.2908938,0.2714852,0.25001946,0.22902709,0.2113757,0.19969548,0.19543152,0.19807555,0.20536374,0.21429954,0.22210686,0.22667065
84,0.20837666,0.20323454,0.19409312,0.18297616,0.17287637,0.16750415,0.17018656,0.18216904,0.20195605,0.22640857,0.25216976,0.27638036,0.2968514,0.31206027,0.32113287,0.32384703,0.32065254,0.3126915,0.3017901,0.29036218,0.28112578,0.27654123,0.2780561,0.28555077,0.29740474,0.31112805,0.32410532,0.3341179,0.33960798,0.33978125,0.334632,0.3249309,0.31217626,0.29847538,0.28628746,0.27795374,0.27505076,0.277838,0.28517866,0.2950062,0.30500212,0.31312642,0.31789157,0.31844386,0.31453973,0.3064747,0.29499224,0.28118563,0.2663974,0.25211528,0.23985441,0.23100932,0.22667065,0.22743993,0.23332027,0.2437457,0.25772905,0.27404556,0.29138643,0.3084688,0.32411957,0.3373501,0.3474277,0.35394076,0.35684863,0.35650545,0.3536451,0.34931374,0.34473938,0.34113926,0.33949265,0.34034115,0.34369034,0.34905615,0.35563108,0.36249733,0.36881247,0.37392852,0.37744015,0.37917772,0.37916636,0.37757123,0.3746428,0.37067223,0.3659587,0.36078662,0.3554064,0.35001338,0.34472364,0.33955133,0.3343972,0.329059,0.3232696,0.31675994,0.3093359,0.3009527,0.29176924,0.2821663,0.27271634,0.2640992,0.25697184,0.25182152,0.24885312,0.24796124,0.24880405,0.25094467,0.2539963,0.2577136,0.2620045,0.26686928,0.27229813,0.27817237,0.28421116,0.2899863,0.29500154,0.29881,0.3011361,0.3019705,0.3016137,0.3006503,0.299845,0.29996717,0.3015808,0.3048665,0.30954573,0.31493834,0.32012504,0.3241495,0.32619846,0.32572857,0.32253304,0.3167568,0.30887207,0.29962593,0.28996783,0.28096074,0.27367604,0.2690714,0.26785907,0.27038714,0.27656797,0.28587914,0.2974333,0.31009048,0.32258382,0.33364266,0.34211037,0.34705946,0.34790543,0.34451753,0.33732054,0.32737142,0.31637457,0.30656418,0.30035508,0.29972345,0.30550408,0.31701735,0.3322923,0.3486939,0.3635564,0.3746064,0.38018313,0.37933716,0.37187186,0.35836157,0.34015658,0.3193621,0.29873937,0.28141147,0.27022433,0.26680458,0.27082512,0.28012496,0.29160804,0.30220902,0.30946398,0.31171122,0.30810416,0.29856303,0.28372088,0.26487997,0.24397266,0.22348538,0.20623086,0.19478348,0.1905515,0.19302882,0.19999366,0.2085127,0.21587385,0.22001651
85,0.20859474,0.20365104,0.19483168,0.1841171,0.17440578,0.16925187,0.17182168,0.1833218,0.20237269,0.22599493,0.2509493,0.27444792,0.29434827,0.3091643,0.31805494,0.32082918,0.31796432,0.31062078,0.3006216,0.2903354,0.28236774,0.27899382,0.2814491,0.2894627,0.30138066,0.31477883,0.32714868,0.33637533,0.34098378,0.34023952,0.3341772,0.32359275,0.30999973,0.29551613,0.28261328,0.27364823,0.27021,0.272554,0.27951863,0.28900486,0.29867136,0.3064725,0.31093058,0.31121126,0.30709493,0.29890144,0.28739598,0.27368835,0.25912964,0.24520457,0.23340873,0.22509718,0.22130258,0.22256188,0.22882713,0.23951167,0.25364023,0.27002198,0.2873903,0.3045035,0.32022443,0.33359504,0.34390888,0.35077718,0.35417876,0.35448185,0.35242522,0.3490447,0.3455361,0.3430588,0.34251252,0.3443513,0.3485043,0.3544374,0.36132315,0.3682473,0.3743842,0.37910715,0.3820318,0.38300827,0.382082,0.37944114,0.37536475,0.37017933,0.36422592,0.3578353,0.3513045,0.3448706,0.33868062,0.3327644,0.32702094,0.3212309,0.31509992,0.3083295,0.3007019,0.29216114,0.28287083,0.2732324,0.26385,0.2554363,0.24866793,0.24402438,0.24166971,0.24143268,0.24290054,0.24558188,0.24906528,0.25311324,0.25766763,0.26277643,0.26847717,0.2746849,0.28113097,0.28737712,0.29290015,0.29721814,0.30002132,0.30127415,0.3012643,0.30057964,0.30000407,0.30033827,0.30218193,0.3057453,0.31076482,0.31655735,0.32218504,0.3266633,0.3291477,0.3290659,0.32618788,0.3206431,0.31289658,0.3036956,0.2939951,0.28486574,0.2773856,0.2725161,0.2709711,0.27310166,0.27882913,0.28764865,0.29869857,0.31087002,0.32292858,0.33363384,0.3418548,0.34668258,0.34754288,0.34430543,0.337384,0.32781014,0.3172447,0.3078579,0.30198535,0.30152974,0.30728972,0.3186042,0.3335609,0.34959146,0.3640811,0.37478444,0.3800467,0.37890586,0.37113678,0.35727125,0.33860534,0.31718522,0.29572567,0.27734917,0.26498562,0.26043,0.2635333,0.2722317,0.28343034,0.29401565,0.30146837,0.30407995,0.30096534,0.29200992,0.27781025,0.25962624,0.2393384,0.21936996,0.20246404,0.19113812,0.18678802,0.1889556,0.19550323,0.203579,0.21053103,0.21433854
86,0.21006404,0.20524964,0.1967343,0.18647616,0.17729002,0.17255679,0.17522606,0.18639341,0.20475426,0.22749247,0.2515101,0.2741155,0.2932344,0.30743802,0.31594008,0.31860447,0.3159609,0.30921203,0.30019552,0.29123792,0.28481242,0.28296387,0.28665778,0.29542157,0.3075398,0.3206495,0.33236322,0.34069526,0.34428498,0.34249198,0.3354267,0.3239447,0.30960402,0.29454997,0.281258,0.2720577,0.2684752,0.2706814,0.27743894,0.2866075,0.29584426,0.30313152,0.30703592,0.30677426,0.30217898,0.2936192,0.281904,0.26817882,0.2538175,0.24030821,0.22912185,0.22155301,0.21854046,0.22051391,0.22733785,0.23838268,0.25267726,0.2690663,0.28633198,0.30328277,0.3188292,0.3320586,0.34230918,0.34923738,0.35286656,0.3536052,0.35222036,0.34975317,0.3473696,0.34615615,0.3469007,0.34992602,0.35504016,0.36162254,0.3688043,0.3756697,0.38141903,0.38546672,0.38747603,0.3873466,0.38517353,0.38119525,0.37574232,0.36919475,0.36194894,0.35439086,0.34686863,0.3396601,0.33293578,0.3267254,0.32090187,0.3151966,0.30925098,0.3026985,0.29526132,0.28684068,0.27758074,0.26788932,0.25840113,0.24987704,0.2430467,0.23843087,0.23620832,0.23619244,0.23793517,0.24090815,0.24467774,0.24900742,0.25386184,0.25932458,0.2654676,0.27222595,0.27932778,0.28630793,0.29259878,0.2976662,0.30114996,0.30297476,0.30340514,0.30302775,0.30264914,0.3031145,0.3050813,0.30881694,0.3140989,0.3202591,0.3263482,0.3313495,0.33437553,0.3348086,0.33237725,0.32717755,0.31965083,0.31053063,0.30076692,0.2914324,0.283613,0.27828383,0.27617976,0.27768168,0.2827491,0.29092002,0.3013758,0.31304595,0.32472712,0.3352012,0.34334946,0.34826452,0.34936184,0.3464879,0.34001857,0.3309305,0.32081163,0.3117454,0.3059846,0.30538675,0.31077498,0.32158014,0.33600697,0.35158312,0.36574808,0.37627065,0.38148046,0.3803782,0.3726849,0.35886368,0.340128,0.3184304,0.29639348,0.27708238,0.26346093,0.25748906,0.2592649,0.26692978,0.27747568,0.28777826,0.295263,0.29815677,0.29551247,0.28715712,0.2736296,0.25612888,0.23646729,0.21699062,0.200362,0.18904246,0.18443581,0.1861694,0.19222394,0.19984265,0.20642821,0.20998448
87,0.21289526,0.20818342,0.1999821,0.19024117,0.181696,0.1775395,0.18046789,0.19142051,0.2091389,0.2309688,0.2539686,0.27556083,0.2937566,0.30720133,0.31518173,0.31763598,0.3151663,0.30903476,0.3011025,0.2936467,0.28898078,0.28887847,0.29399753,0.3036415,0.31602582,0.32885143,0.33986217,0.34721872,0.34969717,0.34677783,0.33867553,0.3263343,0.31138095,0.29600015,0.28265956,0.27361596,0.27026066,0.27260983,0.2793124,0.2881879,0.29691687,0.30354166,0.30670375,0.30569774,0.3004312,0.2913428,0.279303,0.2655066,0.25135875,0.23835085,0.22791655,0.2212641,0.21920411,0.22202729,0.22949006,0.2409123,0.25532725,0.27161857,0.2886215,0.30520067,0.32032275,0.33313254,0.34302935,0.349735,0.35334042,0.35431737,0.35348022,0.3518856,0.35066572,0.3508144,0.35297474,0.35730007,0.3634426,0.37067097,0.37806302,0.38470188,0.3898245,0.3929051,0.39367813,0.39211887,0.38839823,0.3828287,0.37581274,0.36780012,0.3592548,0.35062626,0.34231788,0.33464736,0.32780072,0.32179105,0.31643966,0.31139576,0.30619967,0.30037972,0.29356363,0.28557968,0.27652824,0.2668062,0.25707203,0.24814294,0.24082962,0.23574215,0.23313491,0.23286514,0.23449345,0.23747723,0.24136457,0.24591146,0.25109106,0.25700614,0.2637466,0.2712509,0.27922788,0.28717005,0.29445085,0.30047053,0.3048065,0.30733255,0.3082814,0.30823293,0.3080164,0.3085292,0.31050327,0.3142861,0.3197206,0.32617316,0.33269262,0.33823043,0.34184802,0.34286925,0.34096617,0.33618572,0.32893124,0.31991008,0.31005776,0.30044407,0.29216352,0.28621292,0.28336376,0.2840484,0.2882882,0.29568514,0.30547774,0.31663993,0.32799798,0.3383484,0.34657273,0.35175014,0.35326838,0.3509313,0.34505558,0.33654097,0.32688156,0.31805933,0.3122435,0.31126758,0.31602246,0.3260841,0.33981994,0.3548799,0.36876386,0.37924743,0.38462958,0.38385642,0.37657753,0.3631703,0.34474778,0.32314703,0.300866,0.28086293,0.26607382,0.25858176,0.25875396,0.2650209,0.27455276,0.28426963,0.29155844,0.29457465,0.29229316,0.28446496,0.27155533,0.25468907,0.23559976,0.21654743,0.20010978,0.18869184,0.18371709,0.1849215,0.19042674,0.19758038,0.20383428,0.20720397
88,0.21705993,0.21247265,0.20462768,0.1954717,0.18765794,0.18417959,0.18746357,0.19827607,0.21539046,0.23631033,0.25825688,0.27877787,0.29598153,0.30859977,0.31600547,0.31822506,0.3159464,0.31049934,0.30376664,0.29795903,0.29519975,0.29696178,0.30358225,0.31414527,0.3268064,0.33933708,0.34961805,0.3559649,0.35730365,0.35325247,0.34415066,0.33105066,0.3156634,0.30021542,0.28714705,0.2785963,0.2757598,0.2784521,0.28519356,0.2937771,0.30193287,0.30778998,0.31008774,0.30821767,0.30217856,0.29249224,0.28010127,0.26625645,0.25239438,0.24000026,0.23045015,0.22483797,0.22381985,0.22753263,0.23562351,0.24736774,0.26180854,0.27787107,0.29444477,0.31045243,0.32492188,0.33706442,0.34635404,0.35259524,0.3559658,0.35701904,0.35662985,0.35587317,0.35583684,0.35739812,0.3610244,0.36666995,0.3738095,0.3815895,0.38903254,0.39522606,0.39945558,0.40127146,0.40049982,0.39721328,0.39168024,0.38430706,0.37558487,0.3660467,0.3562341,0.3466669,0.33780724,0.33001134,0.32347235,0.31816983,0.31384817,0.31004342,0.30616188,0.30159566,0.29585022,0.288657,0.28005153,0.2704018,0.2603768,0.25084642,0.24271499,0.23671636,0.23323442,0.23223183,0.2333305,0.23600613,0.23979935,0.24445343,0.2499354,0.2563489,0.26378286,0.2721617,0.28115988,0.29021543,0.2986334,0.30574062,0.31104514,0.31436303,0.3158882,0.31618756,0.3161094,0.3166045,0.318487,0.32219964,0.32766965,0.33431578,0.34119722,0.34723753,0.35144418,0.35307467,0.35173357,0.34740734,0.34044984,0.33153236,0.32156834,0.3116199,0.30278966,0.29610044,0.29237017,0.29209703,0.29538098,0.3019038,0.3109729,0.32161245,0.3326778,0.34297454,0.3513755,0.35693464,0.35899913,0.3573162,0.352129,0.34424648,0.33505666,0.32643247,0.32045987,0.31895965,0.3229134,0.33207336,0.3450006,0.35948992,0.37311193,0.38364854,0.3893616,0.38913348,0.38253328,0.36984494,0.35207406,0.3309334,0.30877998,0.28843176,0.2727392,0.2638412,0.26234162,0.26699448,0.2752233,0.28405884,0.29088503,0.29379633,0.29168683,0.28422374,0.2717909,0.2554329,0.23680104,0.21806815,0.20172627,0.19012474,0.18470849,0.18532777,0.19025302,0.19693959,0.2028844,0.20610578
89,0.22234425,0.21794364,0.2105214,0.2020177,0.19499582,0.19224337,0.19592133,0.20662883,0.22316776,0.24319349,0.2640897,0.283534,0.29973862,0.3115294,0.31837335,0.32039294,0.31836668,0.31369165,0.30826104,0.30419675,0.3034063,0.3070502,0.31515673,0.32661444,0.3395367,0.3517713,0.36133566,0.36670062,0.3669461,0.36183602,0.35184413,0.3381407,0.3225244,0.30725524,0.29471993,0.28689733,0.28475115,0.28787825,0.29467985,0.30294445,0.31047443,0.31550387,0.31688362,0.3141127,0.30728945,0.29702497,0.28433716,0.27053145,0.25706735,0.24540682,0.23684455,0.23233707,0.2323742,0.2369429,0.2455948,0.25757295,0.2719359,0.2876496,0.30365473,0.3189306,0.33256808,0.34385133,0.3523392,0.3579325,0.36091062,0.3619211,0.36190575,0.3619539,0.3630935,0.36606124,0.37112397,0.37801895,0.38603538,0.3941977,0.40147838,0.40697768,0.41004056,0.41030744,0.4077116,0.4024401,0.3948756,0.3855336,0.3750067,0.36392093,0.3529025,0.34254634,0.33337522,0.32578138,0.31995645,0.31583,0.31304651,0.3110029,0.3089467,0.3061128,0.3018675,0.29583088,0.28795922,0.27857637,0.26834542,0.2581743,0.24905482,0.24185495,0.23712094,0.2349716,0.23514438,0.23717517,0.24061894,0.2452089,0.25089568,0.25776702,0.265893,0.27516842,0.28522217,0.2954311,0.30502856,0.31326652,0.319582,0.3237307,0.32586345,0.32652822,0.32658556,0.32703406,0.3287685,0.33233094,0.3377433,0.34448963,0.3516513,0.3581314,0.36288565,0.36510295,0.3643154,0.36044222,0.3537808,0.34495968,0.33486462,0.32454613,0.31511295,0.30761474,0.3029193,0.30159715,0.3038358,0.30940682,0.31769517,0.3277806,0.3385488,0.34881178,0.35742798,0.3634193,0.3660841,0.36510506,0.36064452,0.35341415,0.34469205,0.33624053,0.33006355,0.3279721,0.33104354,0.33921587,0.3512591,0.36512917,0.37847963,0.3891049,0.39523107,0.39567617,0.3899281,0.37817773,0.36132532,0.34096146,0.31930044,0.29900452,0.2827971,0.27280205,0.2697891,0.27281347,0.27958813,0.2873137,0.2934193,0.2959664,0.2937809,0.28645146,0.27428275,0.2582417,0.23990119,0.22135234,0.20500696,0.1931601,0.18727225,0.18729728,0.19164622,0.19787787,0.20353054,0.20662083
90,0.22834425,0.2242131,0.21728712,0.20949097,0.20328933,0.20126587,0.20533422,0.21594575,0.231933,0.25109458,0.27097097,0.28936946,0.30460873,0.3156119,0.32194299,0.323822,0.32211664,0.3182833,0.31420994,0.3119092,0.31305984,0.31851858,0.3280348,0.3403339,0.3535049,0.36547318,0.37438625,0.3788631,0.37813336,0.37210545,0.36138773,0.3472665,0.33162096,0.31672755,0.30489275,0.29790956,0.29649848,0.3000514,0.30687585,0.31477934,0.3216515,0.32583952,0.3263102,0.32267228,0.31512466,0.30436707,0.29148915,0.2778428,0.26489633,0.25406924,0.24655518,0.2431623,0.24421869,0.24957877,0.25871772,0.27085733,0.28507248,0.30036443,0.31571868,0.33016658,0.34286138,0.35316342,0.36072353,0.365548,0.36802748,0.36891076,0.36920717,0.37001255,0.3722785,0.37658232,0.38297594,0.39097452,0.39968532,0.4080187,0.41490558,0.41946715,0.42111614,0.41959217,0.41494647,0.40749213,0.3977375,0.38631767,0.3739348,0.3613137,0.34916863,0.3381712,0.32890436,0.32179272,0.3170176,0.3144444,0.31359985,0.31372455,0.3138939,0.3131772,0.31079635,0.30625522,0.29942432,0.29057255,0.28034163,0.26965788,0.25957996,0.25109687,0.24492116,0.241354,0.24029064,0.24137038,0.24419332,0.24849577,0.2542103,0.2613983,0.27009845,0.28016603,0.2911795,0.3024544,0.3131557,0.3224648,0.32975107,0.3347113,0.33745167,0.33849633,0.33870998,0.33912855,0.34071708,0.34411025,0.34942353,0.35621145,0.36358592,0.37043813,0.37567836,0.37843046,0.37815493,0.37470275,0.36831263,0.3595675,0.34932247,0.33861357,0.32855326,0.32021585,0.31451756,0.31210086,0.31324238,0.317807,0.3252619,0.33474666,0.3451794,0.35537866,0.3641867,0.37059036,0.37383652,0.37354094,0.369784,0.3631808,0.354902,0.34660342,0.34020984,0.3375206,0.339701,0.346867,0.35799634,0.3712134,0.38426533,0.39496905,0.40152287,0.40268698,0.39787462,0.387191,0.37143973,0.35209912,0.33124864,0.31139442,0.29511026,0.28444758,0.28025994,0.2818398,0.2871797,0.29368418,0.29887384,0.30081543,0.2982931,0.29083434,0.2786773,0.26272228,0.24447487,0.22595647,0.20950943,0.19737887,0.19103138,0.19050245,0.19432108,0.20013611,0.20552188,0.20849207
91,0.2345086,0.2307274,0.22435981,0.2173041,0.21192026,0.21059775,0.21502979,0.22554384,0.24100508,0.25934386,0.27824768,0.29564932,0.30997285,0.3202383,0.32610548,0.32788894,0.3265392,0.32356146,0.3208245,0.32022038,0.3232024,0.33034876,0.34116846,0.3542554,0.36768603,0.37945846,0.38783756,0.39157715,0.39004532,0.3832857,0.37203228,0.35767677,0.34216395,0.32776698,0.31669328,0.31054324,0.30980965,0.31371132,0.3204927,0.3279981,0.33420992,0.33758727,0.33720905,0.3327892,0.32462215,0.3134899,0.30054557,0.28717604,0.27484402,0.26491153,0.25846198,0.2561582,0.25818303,0.26428038,0.27386528,0.28614327,0.30020082,0.31506544,0.32975814,0.34335592,0.3550713,0.36434126,0.37091163,0.374899,0.37680972,0.37749586,0.37803176,0.37951142,0.3827988,0.38830245,0.3958575,0.40476394,0.41395852,0.42224875,0.4285323,0.43195674,0.43200627,0.42852387,0.42168346,0.41192985,0.3999031,0.38636267,0.37212372,0.35801083,0.3448255,0.3333141,0.3241166,0.3176854,0.31418452,0.31340566,0.3147488,0.31729245,0.31993958,0.32159737,0.3213479,0.31858164,0.31308207,0.3050567,0.29511327,0.28417674,0.27334684,0.26370573,0.2561118,0.2510459,0.24857974,0.24848814,0.25044808,0.2542201,0.2597269,0.26700306,0.27605215,0.28668842,0.2984427,0.31057623,0.32219473,0.33241805,0.3405558,0.34625062,0.34956554,0.35099813,0.35140926,0.35185924,0.3533668,0.3566426,0.36188376,0.3687103,0.37626708,0.3834403,0.3891035,0.39232355,0.39249593,0.3894078,0.383242,0.37453708,0.3641175,0.3530038,0.34230995,0.3331315,0.32642847,0.3229101,0.32293764,0.32646677,0.33304697,0.3418792,0.35191602,0.36198393,0.37091017,0.37764758,0.38139305,0.38169816,0.37856546,0.37251985,0.3646326,0.35646167,0.34985813,0.3466062,0.34794465,0.3541469,0.36438328,0.37694246,0.3896709,0.40041837,0.40736708,0.40923136,0.4053619,0.39579108,0.38123965,0.36308798,0.34329492,0.32421926,0.30827826,0.29741257,0.2924865,0.29295003,0.2970301,0.30233744,0.3065153,0.30767322,0.30458647,0.29674736,0.28434846,0.26824138,0.2498815,0.23123765,0.21459864,0.20216797,0.1954097,0.19441338,0.19779335,0.20326605,0.20843312,0.21130519
92,0.24021664,0.23684424,0.23107119,0.22476019,0.22016543,0.21949778,0.22425972,0.23467658,0.2496449,0.26721203,0.28519905,0.30165657,0.31510982,0.32467216,0.33009502,0.33178157,0.33075768,0.32856864,0.32705724,0.32799703,0.33263442,0.34130442,0.35331428,0.3671509,0.38088208,0.39256734,0.40057132,0.4037641,0.40163523,0.39434755,0.38274515,0.36830854,0.35303047,0.33916536,0.32881555,0.3234026,0.32322532,0.32736886,0.33404192,0.3411347,0.34671888,0.3493566,0.34822866,0.34314436,0.33448386,0.32310185,0.3102044,0.2972025,0.28554294,0.27652416,0.27112198,0.26986808,0.27282143,0.2796352,0.28967428,0.30212668,0.31608137,0.33058065,0.34467018,0.35746437,0.36822966,0.37647665,0.38204503,0.3851614,0.38644764,0.3868578,0.38752824,0.38954693,0.39368787,0.40019387,0.40869394,0.41828835,0.427759,0.4358218,0.44134688,0.4435092,0.4418634,0.4363539,0.4272761,0.41520604,0.40091527,0.385287,0.36924723,0.35371637,0.3395779,0.32764688,0.31861514,0.31295884,0.31082132,0.31191927,0.315528,0.3205711,0.32579032,0.32994357,0.33198407,0.33119574,0.32727647,0.32036838,0.31103495,0.3001826,0.28892684,0.27841046,0.2696041,0.2631435,0.2592704,0.2579079,0.25883284,0.26185244,0.26689517,0.2739776,0.2830745,0.29396665,0.3061478,0.31883812,0.33109796,0.34199888,0.3508018,0.35710362,0.36092865,0.3627476,0.363411,0.36399004,0.36553705,0.36881524,0.37408152,0.3810068,0.38876367,0.39623675,0.40227172,0.4058896,0.4064318,0.40363133,0.39762244,0.38890457,0.3782746,0.36673862,0.3554111,0.3454056,0.33772013,0.33312282,0.33205098,0.33454385,0.34022847,0.34836504,0.35794094,0.36779207,0.37673336,0.38368726,0.38780582,0.38858306,0.38595244,0.38035926,0.37278807,0.3647113,0.35791466,0.35416487,0.3547571,0.36009458,0.3695136,0.38145187,0.3938531,0.40460742,0.41189373,0.4143956,0.41141748,0.4029358,0.38960564,0.37272727,0.35415626,0.33611855,0.32087812,0.3102433,0.3050333,0.3047794,0.30788118,0.31213227,0.31530923,0.31559232,0.3117792,0.3033558,0.2904942,0.27401954,0.25535807,0.23644698,0.21954131,0.20681562,0.19972618,0.19838871,0.2014647,0.20670892,0.21173728,0.21455665
93,0.24486966,0.24193126,0.23675516,0.23116305,0.2273075,0.22724043,0.23230168,0.24263126,0.2571513,0.274008,0.2911394,0.30670267,0.31931695,0.32818255,0.33313593,0.33466214,0.33385614,0.3323001,0.3318144,0.33406997,0.3401367,0.35014555,0.3632355,0.37780204,0.39190054,0.40363532,0.41144902,0.4143057,0.4117946,0.40417743,0.39238828,0.37797755,0.3629702,0.34959447,0.3398565,0.3350284,0.33525816,0.3395361,0.3460553,0.35275242,0.35777786,0.3597819,0.3580323,0.3524197,0.34339735,0.3318809,0.31911936,0.30654004,0.29557028,0.28744844,0.28305534,0.28281146,0.2866735,0.29421854,0.3047652,0.31747815,0.33143768,0.34568796,0.35928783,0.37137935,0.38127488,0.38855204,0.39313862,0.39536604,0.39596733,0.3959955,0.39664784,0.3990094,0.40377292,0.41103134,0.42022836,0.430286,0.43984812,0.44754857,0.452232,0.4530976,0.44976425,0.44227046,0.43102586,0.41673085,0.40028208,0.38268006,0.3649539,0.3481108,0.33310592,0.32081354,0.31197062,0.30707467,0.3062517,0.30915213,0.31494066,0.3224046,0.3301449,0.33678874,0.3411746,0.342488,0.3403436,0.33481506,0.32641274,0.31600943,0.30471346,0.29369727,0.28400627,0.27639532,0.2712519,0.26864085,0.26844823,0.27054513,0.27488324,0.28147638,0.2902845,0.30106983,0.31330582,0.32618958,0.33875403,0.35003898,0.35927087,0.3660122,0.37025607,0.37244865,0.37342587,0.3742568,0.3760058,0.37946063,0.38490927,0.3920505,0.40007225,0.40785646,0.41422862,0.4181766,0.41900197,0.416397,0.41045886,0.40165657,0.39076546,0.3787805,0.36681736,0.35600513,0.3473743,0.34174344,0.3396154,0.3411022,0.34589934,0.35332045,0.3623848,0.37193796,0.3807852,0.3878238,0.39216837,0.39326513,0.3909905,0.38572457,0.37838095,0.37036243,0.36340013,0.3592431,0.35922575,0.36384985,0.37258294,0.38398644,0.39609066,0.40682894,0.4143885,0.41743875,0.41525668,0.40778255,0.395626,0.38002744,0.36275905,0.34593162,0.33166543,0.32162687,0.31655076,0.3159859,0.31844103,0.32185483,0.3241306,0.32353407,0.3189097,0.3097633,0.2962716,0.27925664,0.2601383,0.24084501,0.22362074,0.21062756,0.2033128,0.20179242,0.20473516,0.20990059,0.21490228,0.21774133
94,0.247975,0.24545832,0.24084635,0.23591904,0.23273651,0.23321326,0.23855157,0.24881724,0.2629482,0.27916843,0.29551297,0.31023118,0.32202512,0.3301731,0.3345882,0.33583024,0.33505982,0.33389947,0.33416188,0.33744308,0.34467527,0.3558245,0.36988834,0.3851781,0.3997266,0.41166252,0.41948175,0.42221707,0.41953284,0.41176587,0.39991835,0.38559186,0.37083203,0.35784268,0.3485546,0.34413022,0.34461275,0.34893227,0.35527894,0.36163005,0.3661985,0.3677038,0.36548203,0.3594882,0.3502337,0.33868292,0.32611915,0.31398234,0.30368376,0.29641327,0.29297587,0.29370353,0.2984696,0.30678535,0.31792268,0.3310147,0.34512097,0.3592749,0.37253636,0.38406408,0.3932059,0.39959615,0.4032403,0.4045648,0.40440583,0.4039111,0.4043414,0.40678975,0.41188782,0.41960567,0.42923075,0.43953186,0.44903162,0.45628896,0.46012217,0.45974764,0.4548379,0.44551328,0.4322848,0.41596478,0.39756277,0.37818414,0.3589481,0.34093428,0.3251547,0.3125297,0.30383363,0.29958615,0.29990664,0.30439866,0.3121419,0.32181492,0.33190393,0.34092674,0.34762204,0.35108557,0.3508514,0.34692153,0.3397453,0.33014807,0.31921053,0.30810633,0.29792005,0.28948703,0.2833073,0.27956793,0.27826065,0.27932894,0.28276277,0.28858998,0.29677367,0.3070767,0.31897306,0.3316581,0.34415805,0.35550016,0.36489332,0.37187964,0.37643135,0.37897497,0.38032937,0.38154972,0.38369036,0.38753307,0.3933633,0.40087909,0.40926558,0.41739708,0.4240849,0.42829698,0.42931134,0.42679578,0.42082483,0.41184875,0.40062985,0.38815752,0.3755508,0.3639536,0.35442457,0.34782454,0.34471077,0.34525526,0.34920973,0.3559312,0.36446452,0.37366274,0.3823231,0.38932326,0.39374927,0.3950114,0.39294368,0.387878,0.38067573,0.37268808,0.3656049,0.36115903,0.3607081,0.36481896,0.37305042,0.38405395,0.39592838,0.4066479,0.4144176,0.4179094,0.4163934,0.40979555,0.3987026,0.38431752,0.3683513,0.35281953,0.3397122,0.3305519,0.32596222,0.32545877,0.3276024,0.33043435,0.33196694,0.3305546,0.3251042,0.31516242,0.30093256,0.28325573,0.2635676,0.24381149,0.22624448,0.21303521,0.20562421,0.20410423,0.20711112,0.21237382,0.2174853,0.22043774
95,0.2492095,0.24706742,0.24295491,0.238614,0.23602572,0.23698965,0.24259244,0.2528324,0.26665035,0.28232488,0.29796547,0.3118957,0.32288653,0.330282,0.33406126,0.33485135,0.33387735,0.33281168,0.33348325,0.3374513,0.34555468,0.3576329,0.37256318,0.38857362,0.4036597,0.4159513,0.42397103,0.4267933,0.42413116,0.41637123,0.4045611,0.39033628,0.3757559,0.36300868,0.3539794,0.34976572,0.35035202,0.35463813,0.3608186,0.36690077,0.37114054,0.37230456,0.3697759,0.36355466,0.3541938,0.34269395,0.33036527,0.3186605,0.30898353,0.30249333,0.29994237,0.30159742,0.30726558,0.31639907,0.32822067,0.341823,0.35623336,0.37046197,0.38355795,0.3946846,0.40321285,0.40881988,0.41157442,0.41198364,0.41097522,0.40978658,0.40974718,0.41197622,0.41707417,0.42492458,0.43469405,0.4450257,0.45433757,0.46111915,0.46415892,0.46268082,0.45639715,0.4454938,0.43056604,0.41252065,0.39246273,0.3715853,0.35107952,0.3320783,0.31563124,0.30268806,0.2940514,0.29026675,0.29146478,0.29723155,0.30659643,0.31816334,0.3303329,0.34153572,0.3504259,0.3560178,0.35776743,0.3556027,0.34990424,0.34143728,0.3312364,0.3204508,0.31017187,0.30127874,0.2943489,0.28966552,0.28731355,0.28730968,0.28969166,0.29451644,0.30176818,0.31123078,0.32240087,0.33449492,0.346555,0.35761687,0.36689088,0.37391517,0.37865347,0.38151973,0.38331482,0.38506907,0.38780436,0.39226443,0.3986964,0.40676537,0.41563275,0.42415783,0.43114272,0.43554878,0.43664786,0.43410137,0.42797762,0.4187219,0.40709397,0.39408475,0.38082084,0.36846158,0.35809073,0.3506046,0.3466039,0.34630668,0.34950596,0.35558864,0.36361527,0.3724412,0.38085598,0.3877227,0.3921082,0.3934002,0.39140677,0.38643065,0.37930155,0.37133893,0.36420602,0.35962197,0.35895178,0.36279297,0.37075132,0.38152945,0.39327094,0.40398464,0.4119012,0.41571167,0.41470033,0.40880245,0.39860606,0.38530135,0.370562,0.3563304,0.3444821,0.33639807,0.33257207,0.33244684,0.33458653,0.33709422,0.3380683,0.33594745,0.32970878,0.31895447,0.30393222,0.28552124,0.26519358,0.24493025,0.22702606,0.21367684,0.20631993,0.20500213,0.20828648,0.21383585,0.21920446,0.22237301
96,0.24845558,0.24661341,0.24291022,0.23905805,0.23697555,0.23837075,0.24423441,0.25450134,0.26810062,0.28334135,0.29838297,0.31160268,0.32182276,0.3284377,0.33147913,0.33163214,0.33018532,0.32887414,0.32957438,0.33385426,0.3425089,0.35528973,0.37097105,0.38769445,0.4034007,0.41619593,0.42460236,0.42770815,0.42524773,0.41763178,0.40593055,0.39179745,0.37730122,0.3646289,0.3556531,0.3514538,0.35200137,0.35619238,0.36223003,0.36813876,0.37219593,0.3731913,0.37053165,0.36424088,0.3548958,0.34351975,0.33144343,0.32013452,0.31100187,0.30519482,0.3034393,0.30596077,0.31251606,0.32250413,0.33509547,0.34933388,0.36420378,0.3786812,0.39179292,0.40269455,0.4107659,0.41571102,0.4176436,0.41713324,0.41518387,0.4131155,0.41233262,0.4140034,0.41873422,0.42636588,0.4359847,0.44613823,0.45515674,0.4614652,0.4638176,0.46143395,0.45405024,0.44189933,0.42564023,0.4062533,0.38491827,0.36289433,0.34142268,0.3216664,0.30468884,0.29144856,0.2827652,0.27921474,0.28096223,0.28761366,0.29819006,0.3112595,0.3251678,0.3382807,0.34918234,0.35681406,0.36055675,0.3602622,0.35623562,0.34917063,0.34003866,0.32994193,0.31994992,0.31095266,0.30357215,0.29816034,0.29487845,0.293811,0.2950479,0.29868603,0.30474573,0.31305048,0.32314077,0.3342769,0.34553966,0.35599545,0.36487666,0.37173522,0.3765405,0.37970212,0.3820029,0.38443735,0.38797197,0.39327952,0.40053198,0.40932918,0.41878748,0.4277438,0.4349961,0.4395128,0.44057742,0.43786392,0.43145186,0.42179635,0.4096664,0.39606297,0.38212547,0.36903083,0.35788652,0.34961846,0.3448605,0.34386218,0.3464407,0.35199645,0.35959238,0.36807847,0.37623504,0.38291505,0.38717598,0.38839692,0.38637766,0.381412,0.37431964,0.3664089,0.3593313,0.3547946,0.35415426,0.35800216,0.3659448,0.37669408,0.38841245,0.39913565,0.40712693,0.41111276,0.41041332,0.4049972,0.39547923,0.38306257,0.36940932,0.35641196,0.34584847,0.3389624,0.33610368,0.3366102,0.33900878,0.34142783,0.34202877,0.33932543,0.33236772,0.3208227,0.30499566,0.28581956,0.26482087,0.24403976,0.22583288,0.21244372,0.20530948,0.2044069,0.2081857,0.21420892,0.21997656,0.22345717
97,0.24580814,0.2441731,0.24077168,0.23729691,0.23562458,0.23739544,0.24352336,0.25388247,0.26737565,0.2823183,0.2968949,0.3095136,0.31902802,0.32486433,0.32708988,0.3264351,0.32424876,0.32234204,0.32267132,0.32686523,0.33573014,0.34897,0.3652729,0.3826887,0.39908457,0.41251802,0.42148355,0.42505565,0.4229631,0.41561493,0.40408173,0.39001936,0.37550274,0.36273196,0.3536016,0.3492211,0.3495908,0.35363024,0.35955492,0.365393,0.3694211,0.37042704,0.3678168,0.36161563,0.3524047,0.3412161,0.32939377,0.31842297,0.30973116,0.30448133,0.3034007,0.30669862,0.314098,0.32495052,0.3383721,0.3533509,0.36881924,0.3837094,0.3970153,0.40787283,0.4156561,0.42007828,0.4212775,0.41986382,0.41689852,0.41377345,0.4119727,0.41273722,0.41672024,0.42376885,0.4329342,0.44270143,0.45133132,0.4571895,0.45899048,0.4559385,0.44777644,0.43476397,0.41760206,0.3973218,0.37515414,0.35240096,0.33032885,0.3101048,0.2927788,0.2792932,0.270469,0.26691508,0.26885596,0.27595988,0.28728777,0.3014144,0.31666294,0.33135656,0.34402364,0.3535408,0.35921714,0.36082715,0.35859507,0.35313275,0.34533384,0.3362339,0.32685623,0.31807375,0.3105242,0.30460295,0.30052954,0.2984475,0.29849854,0.30082515,0.30549455,0.31238443,0.32109708,0.33095735,0.34110695,0.35066497,0.3589068,0.36541688,0.37018508,0.37362522,0.37650177,0.37976158,0.38429147,0.39066002,0.3989283,0.4086008,0.41873053,0.42812714,0.43559104,0.44011176,0.4410027,0.4379689,0.43111873,0.42093217,0.4081996,0.3939413,0.37931582,0.36552083,0.3536873,0.34476614,0.33941433,0.33789772,0.34003896,0.34523252,0.35252804,0.36076036,0.3686978,0.37518728,0.37928665,0.38038075,0.378279,0.3732869,0.3662359,0.35844338,0.35156262,0.34729025,0.34695294,0.3510987,0.35928783,0.3702011,0.3819955,0.39272738,0.40070024,0.4046923,0.40408075,0.39889127,0.3897907,0.3780216,0.36526084,0.3533749,0.34406126,0.3384305,0.33667663,0.33800605,0.34087443,0.34340486,0.34380034,0.34063998,0.33304548,0.32075426,0.3041386,0.2841974,0.26252702,0.24124622,0.22279644,0.20948781,0.20275751,0.20248444,0.20696406,0.2136294,0.21991566,0.22378202
98,0.24155231,0.24002364,0.23680757,0.23359112,0.2322287,0.23431936,0.24071932,0.2512453,0.26476046,0.27956396,0.2938408,0.3060072,0.31492668,0.32003605,0.3214182,0.31983158,0.31667644,0.3138476,0.3134139,0.31711817,0.32583866,0.33927724,0.3560545,0.37412366,0.39125952,0.40544668,0.41512594,0.41933215,0.41776267,0.41080007,0.39949363,0.38548577,0.37085295,0.3578204,0.34833604,0.34358338,0.34363642,0.34746498,0.35330227,0.35916805,0.36331654,0.364509,0.36212566,0.35616994,0.34720713,0.33626217,0.32468373,0.31397572,0.305597,0.30074772,0.30018547,0.3041303,0.3122896,0.32397556,0.33824906,0.3540373,0.3702137,0.38565862,0.39932436,0.410316,0.41798806,0.42204484,0.42262715,0.4203617,0.41634402,0.41202238,0.40895995,0.40849093,0.4113559,0.4174598,0.4258678,0.43503943,0.4431868,0.44862288,0.45001903,0.44655216,0.43795583,0.42449665,0.40689558,0.38621113,0.36370176,0.34068763,0.31843525,0.2980879,0.2806526,0.26702642,0.25801015,0.2542417,0.25602657,0.26313886,0.2747319,0.2894338,0.30557975,0.32147282,0.3355998,0.34678075,0.35425663,0.35772443,0.35732338,0.3535755,0.34728464,0.339404,0.33089116,0.32257986,0.31510025,0.30886975,0.30414948,0.3011317,0.3000058,0.30096093,0.30411616,0.3094123,0.3165267,0.3248659,0.33365208,0.34207803,0.34948266,0.3555015,0.3601593,0.36388206,0.36741397,0.37164006,0.37734193,0.38495097,0.3943848,0.40502813,0.41585833,0.42565763,0.43323788,0.43762475,0.43817884,0.4346542,0.4272044,0.41634864,0.40291056,0.38793895,0.3726182,0.35817096,0.3457523,0.33633438,0.3305874,0.3287773,0.33071157,0.33575752,0.34293383,0.35104936,0.35885745,0.36520296,0.36915383,0.37011483,0.3679226,0.36291406,0.35595292,0.34838364,0.34187195,0.33809966,0.33834177,0.3430632,0.3517343,0.3629697,0.3749027,0.3856081,0.39343858,0.39723983,0.39646536,0.3912197,0.3822454,0.3708497,0.35875043,0.34781185,0.33966735,0.33529824,0.33473125,0.3370181,0.34051573,0.34331664,0.34364778,0.34014368,0.33199546,0.31901345,0.30164313,0.28095874,0.25863913,0.23689894,0.2182851,0.20519057,0.19904773,0.19960544,0.20496465,0.21240479,0.21929254,0.22358444
99,0.23611565,0.2345938,0.23144577,0.2283667,0.22721227,0.22956645,0.23624785,0.2470201,0.2606953,0.27553597,0.28970537,0.30160618,0.31009072,0.314585,0.31516507,0.31259593,0.3083135,0.30429518,0.30274612,0.30557507,0.31379646,0.32716233,0.3442492,0.3629111,0.38081357,0.39584562,0.40637088,0.41136086,0.4104583,0.40399694,0.39298394,0.37903222,0.36421236,0.35078144,0.3407655,0.33546203,0.33506104,0.33861193,0.34437448,0.35035092,0.3547538,0.3562943,0.35430315,0.34873894,0.3401305,0.32947868,0.3181259,0.30759272,0.29937932,0.29474452,0.29450572,0.29892266,0.3077083,0.32014605,0.3352438,0.35186487,0.3688188,0.3849283,0.39909688,0.41038987,0.41812977,0.42199552,0.42210972,0.4190909,0.4140434,0.40845102,0.40394777,0.40197328,0.40339062,0.40821275,0.41557074,0.42393917,0.43150625,0.43654206,0.43767297,0.43403924,0.4253502,0.41186103,0.39429197,0.37370685,0.35136873,0.32859233,0.30661932,0.28654256,0.26929644,0.25570163,0.24651118,0.24237856,0.24370153,0.2503987,0.26176897,0.27654493,0.29311174,0.30977693,0.32500023,0.33755332,0.34661335,0.3518006,0.35316694,0.35113925,0.3464234,0.33987898,0.3323843,0.324718,0.3174858,0.31111073,0.3058814,0.3020284,0.29978222,0.2993753,0.30097786,0.30459642,0.30999023,0.31665903,0.32392138,0.33106217,0.33750254,0.34294644,0.34746656,0.35150653,0.35578546,0.36110952,0.36812788,0.37710407,0.38778612,0.39942348,0.4109141,0.4210187,0.42857265,0.43265295,0.4326836,0.42848346,0.42026573,0.4086017,0.39435884,0.3786234,0.3626124,0.3475779,0.33470044,0.32496974,0.31905913,0.31721732,0.31921405,0.3243668,0.3316453,0.33982214,0.34763327,0.35392603,0.35778803,0.35865736,0.35641366,0.35144293,0.3446584,0.33744588,0.33148924,0.32844654,0.32951543,0.3350407,0.34436658,0.35601765,0.36809465,0.37869334,0.38622534,0.38961715,0.38841414,0.38281745,0.37366536,0.3623529,0.3506634,0.34048212,0.333394,0.33025393,0.33091065,0.3342413,0.33848158,0.34167397,0.34205484,0.33830583,0.32968372,0.31607231,0.29799387,0.27660418,0.25367466,0.23153012,0.2128407,0.20009415,0.1947076,0.19626454,0.20263614,0.21093416,0.21846077,0.22317979
100,0.2300006,0.22839376,0.22520252,0.22214384,0.22109759,0.22365956,0.23063114,0.24172835,0.25570282,0.27076322,0.28503188,0.29687965,0.3051291,0.30917615,0.3090682,0.30555344,0.3000812,0.2946991,0.29175904,0.2933774,0.3007687,0.31379324,0.33101377,0.35018724,0.36885598,0.38479418,0.39626804,0.4021662,0.4020574,0.39620778,0.38556442,0.37169507,0.3566543,0.342731,0.3320447,0.32603782,0.3250549,0.3282559,0.33393982,0.3400868,0.3448519,0.34687603,0.34541878,0.3403731,0.33221173,0.32189414,0.31074342,0.3002911,0.29208338,0.28745553,0.28731218,0.29198298,0.3012111,0.31426516,0.33010525,0.34753048,0.36528373,0.38212645,0.39690867,0.40864938,0.41662943,0.4204889,0.42031378,0.4166915,0.41070908,0.40386054,0.39783365,0.39417377,0.39389005,0.39714736,0.40319368,0.4105629,0.41744873,0.4220922,0.42307666,0.4194991,0.41103256,0.3979049,0.38081712,0.36081827,0.33915478,0.31711417,0.29589066,0.27650285,0.25978673,0.24645814,0.23719294,0.23263681,0.23327512,0.23919466,0.24988689,0.26424113,0.28073502,0.29770857,0.31361088,0.3271747,0.3375183,0.34418765,0.3471473,0.34672716,0.34353125,0.3383201,0.33188567,0.3249426,0.31806183,0.31166062,0.30604443,0.3014726,0.29820874,0.2965217,0.29662693,0.29859263,0.30225965,0.30722582,0.31291628,0.3187219,0.32416204,0.32902324,0.3334362,0.33786404,0.34299144,0.34952557,0.35795632,0.36835414,0.38028172,0.39284945,0.40488228,0.41513124,0.42246962,0.42603996,0.42534366,0.4202771,0.4111249,0.39852065,0.38338485,0.36684877,0.3501685,0.33463004,0.32144082,0.31160444,0.3057862,0.30419853,0.3065499,0.31208524,0.31970876,0.32814872,0.33612332,0.3424876,0.34635776,0.34721634,0.3449988,0.3401535,0.33365563,0.32694045,0.32170936,0.3195834,0.32165724,0.32812628,0.33818677,0.35026366,0.36242586,0.37279645,0.37985367,0.38261333,0.38072222,0.37448928,0.36486343,0.35334632,0.3418092,0.33218065,0.326013,0.3240383,0.32591814,0.3303391,0.33539852,0.33907387,0.3395994,0.3356958,0.32668102,0.31251028,0.29378337,0.27174094,0.24825326,0.22576599,0.20708576,0.19480184,0.19030163,0.19297004,0.2004239,0.20960552,0.21776298,0.22287789
101,0.22370757,0.22193497,0.21860008,0.2154545,0.21442372,0.21714099,0.22441013,0.23590478,0.25030833,0.26576144,0.28033078,0.29234126,0.30057243,0.30437508,0.3037508,0.29940948,0.29278946,0.28598654,0.2814926,0.28165558,0.2879445,0.30038717,0.3175693,0.33715886,0.35656613,0.3734358,0.38592175,0.39281523,0.39359754,0.3884536,0.37825724,0.36451817,0.3492637,0.3348084,0.32336926,0.31655243,0.31488657,0.31767097,0.32325998,0.32961175,0.33481345,0.3374198,0.3366024,0.33217144,0.324527,0.31457153,0.30359524,0.29313135,0.28477108,0.27993682,0.27964348,0.28432,0.2937661,0.30725357,0.32370287,0.34185135,0.36037487,0.37797225,0.39343795,0.40574092,0.41411442,0.41815013,0.41788378,0.41385296,0.40710348,0.39911285,0.39159805,0.38619685,0.3840718,0.38557017,0.39010212,0.39630586,0.4024142,0.40665838,0.4075852,0.404246,0.39626893,0.38384184,0.36763078,0.34865227,0.328117,0.30726558,0.28722528,0.26892206,0.25307596,0.2402791,0.23110689,0.2261699,0.22601925,0.23090903,0.24055083,0.25403574,0.26997808,0.28678274,0.30290863,0.3170614,0.32830784,0.33612433,0.34039158,0.3413448,0.33948794,0.33548334,0.33003625,0.32379547,0.31729296,0.31093425,0.3050338,0.29987156,0.29573566,0.2929221,0.2916818,0.29213473,0.29419592,0.2975585,0.30175713,0.3062968,0.3108054,0.31516212,0.31956035,0.32447937,0.33055568,0.33837554,0.34824684,0.36003217,0.37310696,0.38645226,0.39883542,0.40901408,0.41591364,0.41875443,0.41712523,0.41100898,0.40076986,0.38711116,0.3710132,0.3536585,0.33634758,0.32040432,0.30706415,0.29734007,0.29187682,0.29083064,0.2938252,0.30001268,0.30821937,0.31712508,0.32543254,0.33200997,0.3360091,0.33696443,0.3348748,0.33025798,0.3241564,0.3180557,0.3136684,0.31256348,0.31571382,0.32315108,0.33391967,0.34635052,0.35848844,0.36848956,0.37490144,0.37683007,0.37402466,0.36690533,0.35653916,0.3445478,0.33290997,0.3236196,0.31821442,0.3173106,0.3203785,0.3259031,0.33183104,0.33606336,0.33682206,0.33285818,0.323544,0.3089014,0.28960472,0.26697865,0.24299426,0.22022311,0.20161563,0.18986456,0.18631364,0.19012709,0.19865999,0.20869549,0.21744068,0.2229023
102,0.21766359,0.21565513,0.21208979,0.20876491,0.20767033,0.21049905,0.21807344,0.23002808,0.24497057,0.26096255,0.27600485,0.28836817,0.29678163,0.30054334,0.29959896,0.29460564,0.28697002,0.27881023,0.2727366,0.27132922,0.27634478,0.28802928,0.30502954,0.3249388,0.3450329,0.36281928,0.3763311,0.38425508,0.38597837,0.3815987,0.37191,0.35835662,0.3429297,0.32795995,0.31575575,0.3080901,0.30569118,0.3080186,0.31349725,0.32006773,0.32574448,0.32898703,0.32886812,0.32510445,0.3180124,0.30842605,0.29759106,0.28703165,0.27837762,0.27314097,0.27246144,0.2768915,0.28631347,0.30002186,0.3169089,0.33565524,0.35487193,0.3731964,0.38936797,0.40230528,0.4111919,0.41556683,0.41540748,0.4111891,0.4038983,0.3949717,0.38612744,0.37907076,0.37510645,0.37477553,0.37768215,0.3826094,0.38786492,0.391694,0.39261895,0.389648,0.38236,0.37089387,0.355868,0.33825096,0.31920052,0.2998929,0.28137314,0.26446357,0.24976264,0.23773564,0.22884963,0.22365913,0.22274849,0.22651091,0.23487346,0.24715203,0.26213402,0.27832344,0.29421383,0.3085004,0.32020983,0.3287578,0.33394903,0.33593205,0.33511838,0.33207995,0.3274418,0.32179144,0.31562337,0.3093293,0.303228,0.297613,0.29278848,0.2890674,0.28672335,0.28591433,0.28661585,0.28860596,0.29152378,0.2949885,0.29873994,0.3027525,0.3072808,0.31281105,0.3199148,0.32903817,0.34029412,0.35333762,0.36737084,0.38126683,0.39375675,0.40362185,0.4098514,0.41175124,0.4090031,0.401681,0.39023268,0.3754353,0.35833314,0.3401641,0.32227692,0.30603623,0.29270533,0.28330085,0.2784339,0.27818495,0.28207272,0.28914225,0.29813623,0.3076873,0.31648687,0.32342073,0.32767928,0.32885072,0.3269976,0.32270625,0.3170834,0.311659,0.30814713,0.30805433,0.31222644,0.32053694,0.33189374,0.3445495,0.3565348,0.36603963,0.37167567,0.3726305,0.36874714,0.36055085,0.3492258,0.3365202,0.32453573,0.3153547,0.3105233,0.3105572,0.31473935,0.32134947,0.32817587,0.33303326,0.3341206,0.33020848,0.3207132,0.3057144,0.28595352,0.26283336,0.23842134,0.2154126,0.19690111,0.18568212,0.18305074,0.18794972,0.197486,0.20830223,0.21757485,0.22333638
103,0.21217312,0.20986627,0.20599829,0.20242147,0.20120482,0.20411737,0.21200979,0.22447608,0.24003972,0.25667486,0.27231136,0.28516343,0.2939095,0.29779515,0.29670936,0.29125223,0.28278753,0.27343446,0.2658933,0.26295453,0.26666602,0.2775201,0.294255,0.3144059,0.3351196,0.353767,0.368261,0.3771849,0.3798336,0.3762199,0.36706,0.35373324,0.3381914,0.32277307,0.3098651,0.30139568,0.29828915,0.300171,0.30554545,0.31234092,0.3185001,0.3223858,0.3229696,0.3198718,0.313322,0.30408153,0.2933449,0.28261843,0.27356097,0.26776832,0.26650843,0.27047163,0.2796432,0.29335916,0.31049627,0.32968625,0.34948036,0.36845833,0.3853081,0.39890084,0.40837273,0.41321063,0.41333216,0.40914527,0.40156692,0.39197522,0.38206348,0.37357306,0.36792397,0.36584017,0.36713156,0.3707545,0.37512398,0.378526,0.3794752,0.37694433,0.37046376,0.36011812,0.3464689,0.3304238,0.31307295,0.29551414,0.27870002,0.26334754,0.24994154,0.23883505,0.23039748,0.2251211,0.2235926,0.22629732,0.23333886,0.2442463,0.25799504,0.27321503,0.28846082,0.30243853,0.31415161,0.3229696,0.32863522,0.3312243,0.33107054,0.32866967,0.32457954,0.31933635,0.3134032,0.30715936,0.30092523,0.29500216,0.2897022,0.28534445,0.2822119,0.28048378,0.28017807,0.281141,0.2831029,0.28578833,0.2890433,0.2929318,0.2977608,0.3040099,0.31217048,0.32253826,0.33503363,0.34912157,0.36385858,0.37803805,0.39037713,0.39969456,0.40505013,0.40583742,0.40183142,0.39319673,0.38046473,0.36448696,0.34637284,0.32741702,0.30901805,0.29258198,0.2793981,0.27048033,0.2663938,0.26712772,0.2720835,0.28019425,0.29012182,0.3004572,0.30988494,0.31730935,0.32195687,0.3234635,0.32194772,0.31805485,0.3129454,0.3081828,0.30547473,0.30626526,0.3112866,0.3202803,0.3320468,0.34478125,0.35650614,0.36543912,0.3702414,0.3701643,0.36512643,0.3557421,0.3433017,0.32967797,0.31710607,0.30778053,0.3032877,0.3040712,0.30924395,0.31688556,0.32462218,0.33017257,0.3316994,0.32797804,0.31845418,0.30325133,0.28316498,0.2596638,0.23489936,0.21167882,0.19323099,0.1824529,0.18060423,0.18643503,0.19683783,0.20833573,0.21807763,0.22411367
104,0.20740338,0.20473975,0.20051177,0.19663462,0.19526643,0.19826037,0.2064954,0.21951623,0.2357519,0.25308344,0.26936966,0.28277233,0.2919254,0.29602987,0.2949263,0.28916457,0.28006682,0.2697435,0.26095945,0.25667995,0.2592165,0.26930165,0.28577542,0.30612844,0.32739025,0.346806,0.3621788,0.37199897,0.37548026,0.3725617,0.36389285,0.35079738,0.33519268,0.31942198,0.30593634,0.2967962,0.29309848,0.2946198,0.29993916,0.3069749,0.3136033,0.31809676,0.31933236,0.3168409,0.31077108,0.3018157,0.29111913,0.28016603,0.27063516,0.26419434,0.2622313,0.2655747,0.2743221,0.2878642,0.30507466,0.32454562,0.34477636,0.36429602,0.3817477,0.39596167,0.40603265,0.4114009,0.4119288,0.40795922,0.4003379,0.3903756,0.37972152,0.37012276,0.36307797,0.35946375,0.35928416,0.36167818,0.3651907,0.368173,0.36915162,0.36707625,0.36143404,0.35225505,0.34003815,0.32562134,0.31001642,0.2942339,0.2791316,0.26532894,0.2532172,0.2430646,0.23516804,0.22996585,0.22802646,0.22987771,0.23573907,0.24530761,0.25773096,0.27177358,0.2860712,0.29936334,0.31065166,0.31927988,0.32494888,0.32768235,0.32775712,0.3256131,0.32175946,0.3166957,0.31086284,0.30463183,0.29832327,0.29224142,0.28669828,0.28200856,0.2784506,0.2762074,0.27531862,0.27567697,0.27708364,0.27935126,0.282417,0.2864204,0.2917064,0.2987346,0.30790824,0.319377,0.33288908,0.347752,0.36291197,0.37711164,0.38907233,0.3976578,0.40199873,0.40157276,0.39624277,0.38625902,0.37223232,0.35508543,0.33599037,0.3162969,0.2974517,0.28089994,0.26795352,0.25961748,0.25640312,0.25820234,0.26429918,0.2735219,0.28446135,0.29567444,0.30584055,0.31387794,0.31903908,0.3209943,0.31990197,0.31644958,0.31183502,0.30764326,0.30557308,0.30701983,0.31263396,0.3220669,0.33404854,0.3467365,0.35814607,0.3665088,0.37051335,0.36944872,0.36328214,0.3526917,0.33905253,0.3243492,0.31095308,0.30119434,0.29674128,0.29801196,0.30398464,0.31255543,0.3211885,0.32749575,0.32958665,0.32622194,0.31685695,0.3016398,0.28140128,0.25765663,0.23262113,0.209192,0.19071554,0.1801931,0.17888585,0.18541184,0.19649889,0.2085689,0.2187369,0.22505403
105,0.2034054,0.20032972,0.1957006,0.19150311,0.18998949,0.19309522,0.20171544,0.21532822,0.23225592,0.25028422,0.2672062,0.28114086,0.29068986,0.29502383,0.29395077,0.2879866,0.27842513,0.26737183,0.2576413,0.252335,0.25397542,0.26349223,0.27980834,0.30037367,0.32211706,0.3421784,0.35827172,0.36881444,0.37295845,0.37058863,0.3623071,0.3493997,0.33376297,0.31774846,0.30385992,0.29426053,0.2901795,0.2915075,0.29687655,0.30419022,0.31126577,0.31629843,0.31808662,0.3160876,0.3103844,0.3016143,0.2908809,0.27965006,0.269615,0.26250163,0.2597993,0.26246044,0.2706894,0.28393507,0.30107626,0.32067606,0.34119198,0.36111292,0.37904695,0.39379308,0.4044141,0.4103132,0.41130686,0.40768158,0.4002179,0.39015952,0.37910154,0.36877245,0.3607117,0.3559062,0.35452142,0.35586655,0.358623,0.36122432,0.36222774,0.36057508,0.3557201,0.34764272,0.33677933,0.3238948,0.30991873,0.2957732,0.2822274,0.26981974,0.2588745,0.24960786,0.24227414,0.2372738,0.23514748,0.23642461,0.241377,0.24980584,0.26098865,0.2738099,0.286993,0.2993282,0.3098375,0.31786254,0.32308733,0.32550925,0.32537454,0.32309258,0.31914645,0.31401712,0.3081357,0.30187008,0.2955412,0.2894515,0.28390506,0.27920166,0.27560085,0.27327126,0.27225232,0.27245829,0.27373582,0.27596116,0.2791402,0.28346822,0.2893122,0.29710343,0.30716178,0.31951216,0.33376607,0.34911504,0.36443123,0.37843114,0.3898514,0.39760134,0.40087628,0.39922854,0.39259884,0.38131356,0.36605456,0.3478087,0.32780457,0.30744112,0.2882075,0.2715828,0.25889656,0.2511421,0.24877813,0.251607,0.25881028,0.2691291,0.28109726,0.29324344,0.30423838,0.31300312,0.31879947,0.32131192,0.32071674,0.3177213,0.31354207,0.30977458,0.30811328,0.30993068,0.31584048,0.3254552,0.33747363,0.3500337,0.36113992,0.36901903,0.37235987,0.37045783,0.36329564,0.3515815,0.33674374,0.32085374,0.30641,0.29589662,0.29111332,0.2925193,0.29901573,0.30834687,0.3178202,0.3249288,0.32770824,0.32488075,0.31588674,0.30087468,0.28068653,0.25685874,0.23164177,0.20799159,0.18934618,0.17881618,0.17772353,0.18464307,0.19619957,0.20872809,0.21929543,0.22593051
106,0.20015801,0.19662192,0.19157036,0.18706484,0.18545161,0.18873578,0.19780381,0.21204194,0.22965346,0.2483308,0.26581216,0.2801882,0.29004502,0.2945415,0.2934741,0.2873476,0.27744982,0.2658967,0.25554958,0.2496113,0.25074768,0.26001033,0.27635726,0.29718962,0.31935441,0.33991536,0.35652697,0.3675614,0.37213522,0.37010488,0.3620507,0.3492452,0.33358413,0.31743783,0.30335495,0.29356906,0.28938884,0.2907634,0.29633957,0.30399382,0.31149226,0.31697232,0.31917685,0.31751326,0.31202152,0.30330393,0.29243946,0.28088492,0.2703474,0.26259765,0.25920272,0.26121134,0.26891404,0.2818094,0.2987842,0.31838194,0.33903107,0.35919318,0.3774541,0.39259383,0.40365547,0.41001758,0.41146368,0.40823707,0.4010649,0.39113158,0.37997684,0.36929476,0.36063233,0.35504064,0.35280052,0.35335967,0.35552496,0.3578179,0.35884047,0.35754228,0.35335714,0.34622455,0.33652472,0.32495373,0.31236342,0.2995951,0.28734323,0.2760866,0.26611018,0.25760806,0.2508187,0.24612074,0.24402389,0.24502976,0.24940805,0.2569992,0.26715538,0.2788489,0.2908819,0.3021037,0.31157428,0.3186569,0.32304502,0.32473853,0.32398227,0.32118362,0.31682506,0.31138948,0.30531174,0.29896381,0.29266718,0.2867181,0.2814047,0.27700073,0.27373284,0.2717368,0.27102917,0.27151945,0.27307126,0.27559575,0.27914098,0.283936,0.29035684,0.29880714,0.30954185,0.32249662,0.3371915,0.35274568,0.36799031,0.3816337,0.39243206,0.39933452,0.40158942,0.3988096,0.39099905,0.37854668,0.36219323,0.34297863,0.3221777,0.3012288,0.28165388,0.26495728,0.25248143,0.24521054,0.24356389,0.24727823,0.25546122,0.26679146,0.27975988,0.29286838,0.30477,0.31437194,0.32092395,0.32410038,0.32407,0.32153597,0.3177136,0.31420013,0.3126951,0.31458068,0.3204852,0.33003673,0.34194323,0.3543396,0.36521447,0.37276983,0.37566605,0.3731713,0.3652476,0.35259452,0.3366536,0.31954557,0.30387127,0.29227373,0.28673297,0.28783232,0.29447848,0.3043148,0.3145065,0.32241696,0.32598493,0.32386655,0.31545928,0.3008841,0.28096607,0.25723317,0.23193711,0.20805365,0.18907855,0.1782342,0.17697448,0.18393983,0.19572406,0.2085891,0.21953498,0.22654143
107,0.19761351,0.19358434,0.18811487,0.18334882,0.18172078,0.18528242,0.19487576,0.2097657,0.22802725,0.24726748,0.26518524,0.2798608,0.2898837,0.29442206,0.29328436,0.2869904,0.27684912,0.2650096,0.254385,0.2482487,0.24933453,0.2587206,0.2753327,0.2965077,0.31903222,0.33992854,0.35682684,0.36808667,0.37281957,0.37088323,0.36286536,0.35005313,0.3343659,0.31820682,0.3041636,0.29450607,0.2905613,0.292269,0.29824224,0.3063136,0.31420752,0.32002676,0.32248688,0.32097417,0.31551278,0.30669475,0.29559523,0.28367597,0.2726613,0.26435572,0.26037726,0.26183546,0.2690745,0.2816238,0.2983752,0.31786084,0.3384939,0.3587237,0.37712845,0.3924832,0.40382504,0.41052216,0.4123401,0.40949458,0.40267473,0.39301828,0.3820147,0.37131566,0.36244938,0.35648748,0.35377526,0.35385528,0.35563433,0.3577158,0.35875386,0.35771987,0.35404316,0.34763724,0.33883896,0.32828745,0.31676942,0.30506074,0.29379994,0.28342834,0.2742158,0.26635727,0.26009446,0.25579548,0.253937,0.2549716,0.25912467,0.2662201,0.27563047,0.2863766,0.29732043,0.3073688,0.3156313,0.32151216,0.3247396,0.32534406,0.32359892,0.31993893,0.31487268,0.3089066,0.30249456,0.29601988,0.2898057,0.28413758,0.27927938,0.27546734,0.27288058,0.2716039,0.27160835,0.27277225,0.27494687,0.27804822,0.282139,0.2874614,0.29439235,0.30331755,0.31445622,0.32769898,0.34252363,0.3580198,0.37300614,0.3861956,0.39636305,0.40248734,0.40385428,0.40011936,0.39133185,0.37792602,0.36068562,0.34068906,0.3192436,0.29781327,0.27793962,0.26114136,0.24876961,0.24180797,0.24066111,0.24503721,0.25400817,0.26621783,0.28012612,0.29420552,0.3070784,0.31761855,0.3250406,0.32898358,0.32958326,0.3275146,0.32397288,0.32054928,0.31895852,0.32062513,0.32624254,0.33550814,0.3471796,0.35940686,0.37016,0.37759838,0.38032702,0.3775551,0.3691879,0.35587674,0.33903226,0.32077745,0.3037735,0.29080564,0.28406778,0.28435466,0.290683,0.30067074,0.31137037,0.32001093,0.324412,0.3231354,0.31550583,0.3015873,0.28215855,0.2587076,0.23345146,0.20934309,0.18989456,0.178432,0.17660758,0.18324396,0.19498777,0.2080473,0.21933827,0.2267643
108,0.1957245,0.19119705,0.18534647,0.18040219,0.1788757,0.18283316,0.19303048,0.20858397,0.22743826,0.2471292,0.26533514,0.28014505,0.29017118,0.29461178,0.29331067,0.2868291,0.276525,0.26460433,0.2540388,0.24814163,0.24963504,0.25952208,0.27662632,0.29820684,0.32101482,0.34206837,0.3590101,0.3702201,0.374836,0.3727467,0.3645771,0.35165772,0.33595595,0.3199216,0.30617452,0.29698262,0.29362583,0.29596278,0.30252358,0.3110821,0.31933326,0.32537124,0.32791466,0.32635865,0.32074,0.3116661,0.30023003,0.28791374,0.27646363,0.26770788,0.2632884,0.26433662,0.27121225,0.28345108,0.29994363,0.3192181,0.33968633,0.35980105,0.37814814,0.39351186,0.4049376,0.41179752,0.4138548,0.411314,0.40484303,0.39554742,0.38487527,0.37443274,0.36570963,0.35976008,0.3569445,0.35685283,0.35845837,0.36043164,0.3614803,0.36060855,0.35725722,0.3513314,0.3431424,0.33329046,0.32251593,0.31154898,0.30099276,0.29127157,0.2826582,0.27536368,0.26964352,0.26585984,0.264452,0.26580617,0.27007118,0.27701095,0.28597298,0.29598957,0.30595994,0.31484133,0.32179803,0.3262897,0.32810014,0.3273157,0.32426614,0.31944188,0.31340396,0.30670428,0.2998311,0.29318747,0.28709924,0.28183687,0.2776314,0.27467006,0.27307007,0.27284762,0.2739071,0.27607054,0.27914888,0.28303397,0.28777683,0.29361457,0.30092105,0.3100791,0.32130653,0.33449644,0.34913403,0.3643204,0.37888792,0.39156422,0.40113997,0.4066113,0.4072838,0.40283537,0.39333987,0.379257,0.36139488,0.34085304,0.3189545,0.29717284,0.2770537,0.2601178,0.2477209,0.2408578,0.23994967,0.24472024,0.25424835,0.26717162,0.28192934,0.29696044,0.3108427,0.32239765,0.33078295,0.33557945,0.33686674,0.33526975,0.33194634,0.3284733,0.3265876,0.32778284,0.33286163,0.3416404,0.35296693,0.36502796,0.37577707,0.3833183,0.38617975,0.38348392,0.37504783,0.36143836,0.34399244,0.32478476,0.306482,0.2919692,0.28365672,0.2826211,0.2881033,0.29779646,0.30869278,0.31789565,0.32308972,0.32271662,0.31599987,0.30291817,0.28417534,0.26118964,0.2361091,0.2118221,0.19181077,0.17947988,0.17672256,0.18265222,0.19406313,0.20714265,0.21871242,0.22657657
109,0.19444339,0.18945035,0.18329078,0.17827919,0.1769863,0.18145548,0.19231685,0.20852056,0.2278891,0.2479065,0.2662504,0.2810361,0.29091594,0.29513654,0.293598,0.28692633,0.27655286,0.26475996,0.25457925,0.24932742,0.2516351,0.26233768,0.28010175,0.30210668,0.32509708,0.346123,0.36287296,0.37377775,0.37802914,0.37557468,0.36710355,0.3540155,0.33834714,0.32260448,0.30942652,0.30103686,0.29860166,0.30183268,0.30913755,0.31822497,0.32677695,0.3329059,0.33536243,0.33357868,0.32762983,0.31816176,0.30630475,0.29357404,0.2817416,0.27264842,0.26793396,0.26871356,0.27532566,0.2872887,0.30348572,0.32244825,0.34260005,0.36241212,0.38049203,0.39564672,0.40694275,0.41377,0.4159038,0.41355348,0.4073817,0.3984765,0.38825414,0.37827495,0.36997485,0.36435896,0.36175916,0.361768,0.3633907,0.3653464,0.36639315,0.36557657,0.36236402,0.35667095,0.34880364,0.33934498,0.32901075,0.31850687,0.30842096,0.299177,0.29106325,0.28431436,0.2792027,0.27608263,0.27534798,0.27730247,0.2819936,0.28909335,0.2978901,0.30739808,0.3165335,0.32429445,0.32990062,0.3328763,0.33307642,0.33066395,0.32604897,0.31980288,0.3125636,0.30494955,0.29749882,0.29064265,0.28471118,0.2799554,0.27656525,0.27466792,0.2743055,0.27541006,0.2778008,0.2812215,0.2854178,0.29023105,0.29567662,0.30197024,0.30947992,0.31860104,0.32958364,0.34236917,0.35649833,0.37112397,0.3851184,0.3972348,0.40627688,0.41124594,0.4114491,0.40656528,0.3966707,0.38222882,0.36405164,0.34324077,0.32111713,0.29914677,0.27886322,0.261776,0.24924059,0.24227323,0.24134135,0.24622755,0.25606036,0.26950023,0.28497764,0.30089554,0.3157764,0.32837418,0.33777207,0.34347412,0.3454848,0.34436068,0.3412066,0.3375754,0.33522803,0.33574426,0.34006894,0.34817997,0.35905424,0.37094077,0.38178506,0.38963047,0.39291304,0.39064813,0.3825397,0.36904097,0.35137933,0.33153483,0.3121208,0.29605967,0.285942,0.28315684,0.2872696,0.2961654,0.30685565,0.31634864,0.32219166,0.32268813,0.31693694,0.3048067,0.28690165,0.26454455,0.23978546,0.21541181,0.19482933,0.18147856,0.17749865,0.1823747,0.19314778,0.20603545,0.21776979,0.22604018
110,0.19370021,0.18831635,0.18195114,0.17699768,0.17606279,0.1811306,0.19267687,0.20948413,0.22927137,0.249493,0.2678438,0.28247976,0.29210612,0.29603207,0.29422972,0.28740758,0.2770873,0.26563787,0.25614122,0.25187376,0.25530046,0.2670206,0.28551736,0.30790457,0.330951,0.3517696,0.36812153,0.37851214,0.3822096,0.37924224,0.37038535,0.35712796,0.3415903,0.32633573,0.31400168,0.30672058,0.30548403,0.30980664,0.3179518,0.32756832,0.33634558,0.34243926,0.3446567,0.34248984,0.33607274,0.32610762,0.3137759,0.30063447,0.28848022,0.2791547,0.27426967,0.27489194,0.28130883,0.29300413,0.3088507,0.3273908,0.34707212,0.36639634,0.38400444,0.39873692,0.40969238,0.41628996,0.41832998,0.41604027,0.41009262,0.4015704,0.3918665,0.3824956,0.37482756,0.36979258,0.36765814,0.36798173,0.3697697,0.37177187,0.372792,0.37192312,0.36867255,0.36298415,0.35517985,0.34584725,0.33569968,0.32543945,0.31565621,0.30678636,0.2991408,0.29297963,0.28858906,0.28630826,0.28647438,0.28929347,0.29469296,0.3022312,0.31111494,0.3203197,0.32876283,0.33547413,0.33972666,0.34111378,0.33957183,0.33535537,0.32897332,0.32109892,0.31246808,0.30378482,0.29565164,0.2885364,0.28277513,0.27859563,0.27613914,0.27546313,0.27652386,0.2791572,0.28308287,0.28794935,0.2934163,0.2992524,0.30541608,0.3120863,0.31962115,0.3284398,0.3388523,0.35088867,0.36418995,0.37800062,0.39126104,0.40276346,0.41132486,0.4159413,0.41590416,0.41087234,0.40090185,0.3864375,0.3682741,0.3474958,0.32540363,0.30343956,0.28310987,0.2658999,0.2531577,0.24592565,0.24473856,0.24947336,0.25934693,0.2730725,0.28908753,0.3057623,0.3215592,0.33515537,0.3455482,0.35215217,0.35488275,0.35421425,0.35118517,0.34731415,0.34438163,0.34405997,0.34745628,0.35474166,0.36505708,0.37674135,0.38774633,0.3960566,0.40000898,0.3984989,0.39110088,0.37813422,0.36069074,0.34061965,0.32042894,0.30300918,0.29106358,0.2862725,0.28858477,0.29618904,0.30621693,0.31563887,0.32188284,0.32310957,0.31827885,0.30713147,0.2901532,0.26855195,0.24425817,0.21993051,0.19885767,0.18446182,0.17909242,0.1826416,0.19248587,0.20494144,0.2166746,0.22525764
111,0.1933762,0.18771312,0.18126416,0.17648764,0.17600101,0.18170093,0.19389923,0.21122709,0.23132676,0.25164455,0.2699061,0.28431696,0.29364315,0.29726428,0.2952337,0.2883515,0.27823636,0.26734105,0.2587754,0.25572792,0.26044017,0.27324203,0.29243907,0.3151071,0.3380677,0.35851935,0.37431407,0.3840472,0.3870785,0.38353184,0.374283,0.360922,0.34565768,0.331102,0.31986222,0.31393325,0.31408492,0.31960732,0.32861853,0.3387234,0.34763992,0.35358736,0.35544792,0.35278887,0.34581667,0.33530045,0.32247996,0.3089556,0.2965438,0.28707236,0.2821036,0.28263173,0.2888743,0.30027226,0.31569016,0.33368883,0.35274953,0.37141383,0.38836432,0.40248275,0.4129078,0.41909665,0.42088443,0.4185286,0.41272154,0.4045523,0.3953969,0.38672403,0.3798278,0.37554345,0.37404695,0.374832,0.37688234,0.3789635,0.3799202,0.37889698,0.3754521,0.3695734,0.3616174,0.35219648,0.34204176,0.33187005,0.32228723,0.31375098,0.30659768,0.3011101,0.29758078,0.2963231,0.29760483,0.3015214,0.30786756,0.31607583,0.32525897,0.33434135,0.34223065,0.34798056,0.35091382,0.35069346,0.3473424,0.34121555,0.33293325,0.32328558,0.31312293,0.3032507,0.29434854,0.2869284,0.28133392,0.27776635,0.2763119,0.27695107,0.27954718,0.28383258,0.28941905,0.29584825,0.30267933,0.3095909,0.3164668,0.32343477,0.33083603,0.33911833,0.34867027,0.359642,0.37181363,0.38455954,0.39691824,0.40773836,0.4158542,0.42024952,0.42018488,0.41527954,0.40554756,0.39139324,0.37357342,0.35313597,0.33134538,0.30960467,0.2893797,0.27211997,0.2591573,0.25155756,0.24993208,0.25427467,0.26392165,0.27766877,0.29398125,0.31120765,0.32775342,0.34221736,0.35350642,0.36093888,0.36433345,0.36407265,0.3611186,0.35694522,0.35334396,0.35207632,0.35441822,0.36075315,0.3704134,0.38185382,0.3930509,0.40193856,0.40675488,0.40627047,0.39992213,0.38788402,0.3710969,0.35125569,0.33072427,0.3122999,0.2987182,0.29188597,0.29213753,0.2980437,0.30696133,0.31590313,0.32221955,0.3239424,0.31989112,0.3096703,0.2936364,0.27287042,0.24916975,0.22504653,0.20364173,0.18830429,0.18152726,0.18359162,0.192268,0.20404704,0.21557309,0.22431552
112,0.19329391,0.18748578,0.18107416,0.1765634,0.17655836,0.1828552,0.19561432,0.21334729,0.23364954,0.25397736,0.27209535,0.286262,0.2953056,0.29867756,0.2965132,0.2897035,0.27995843,0.26979837,0.2623289,0.260607,0.26661998,0.2804329,0.3002059,0.3230103,0.34574297,0.3657015,0.3808375,0.38984376,0.39217833,0.38806742,0.37849265,0.36514732,0.3503233,0.3366634,0.32671228,0.32228902,0.32391497,0.33065355,0.34049407,0.35101908,0.35999367,0.36571446,0.36714867,0.3639468,0.35639307,0.34532678,0.33204588,0.31818965,0.30558434,0.29602945,0.29102138,0.29146808,0.29751074,0.30854863,0.3234439,0.34078324,0.35908833,0.37694615,0.39308542,0.4064334,0.41617325,0.42180568,0.4232074,0.42067325,0.41492438,0.40706286,0.39845252,0.39051577,0.38446382,0.38102347,0.3802612,0.3815879,0.38394833,0.38611284,0.38696292,0.38569674,0.3819314,0.37571096,0.36744153,0.3577772,0.34748325,0.33730555,0.32787654,0.31968015,0.3130774,0.30836764,0.30584,0.30577016,0.30834514,0.31354097,0.32101417,0.33006784,0.3397167,0.34882846,0.3562945,0.36118612,0.36287087,0.36107928,0.355921,0.34785482,0.33761844,0.32612762,0.31435776,0.30322674,0.29350078,0.2857416,0.2803014,0.2773516,0.27691847,0.27890128,0.2830676,0.28904486,0.29633462,0.3043673,0.3125934,0.32059008,0.3281534,0.33534747,0.34248778,0.35004884,0.35850623,0.3681503,0.37893045,0.39038494,0.4016804,0.4117422,0.4194299,0.4237115,0.42380497,0.41927263,0.41006675,0.39653078,0.37936422,0.35956135,0.3383351,0.31703717,0.29708242,0.27987513,0.2667216,0.2587035,0.25650615,0.26024887,0.2694081,0.28288877,0.29920864,0.31671247,0.33375987,0.34887707,0.36088306,0.36899978,0.37294662,0.3730101,0.3700692,0.36554444,0.36122745,0.35895842,0.36017722,0.3654853,0.37442276,0.3855817,0.39698157,0.4065179,0.41233635,0.41308498,0.4080622,0.397294,0.38156405,0.362401,0.3420012,0.32302344,0.30816206,0.29946434,0.29760137,0.3015541,0.30898952,0.31705144,0.32307464,0.32499522,0.32150608,0.31207895,0.29693916,0.27703658,0.2540301,0.23027684,0.20875107,0.1926819,0.18462557,0.18518747,0.19254655,0.20343456,0.2145319,0.22323644
113,0.19323756,0.18742187,0.18114741,0.17694232,0.17738257,0.18416953,0.19734505,0.21534255,0.23573978,0.2560157,0.2739764,0.28793085,0.2967652,0.29999676,0.29783514,0.291251,0.28202823,0.27272788,0.26641583,0.26598808,0.27317768,0.2878214,0.30798107,0.3307559,0.3531326,0.37251228,0.3869469,0.39522603,0.39690506,0.3923106,0.3825266,0.36934206,0.3551176,0.34250364,0.3339528,0.331085,0.33417028,0.34206444,0.35265508,0.36352432,0.372497,0.37795347,0.37894845,0.3752159,0.36711612,0.35555464,0.34188086,0.32776338,0.3150259,0.30542678,0.30038685,0.30072486,0.30650976,0.3171071,0.33138496,0.34796217,0.3654046,0.38234663,0.39756387,0.4100297,0.41897294,0.42393968,0.42485127,0.42204422,0.4162734,0.40865865,0.40055507,0.3933394,0.38813713,0.38556036,0.38555723,0.38744593,0.39012283,0.39235577,0.39305887,0.39148408,0.38731146,0.38064924,0.37196362,0.36196244,0.35145715,0.34123254,0.33195385,0.3241325,0.3181503,0.31431517,0.3129023,0.31413937,0.31812495,0.32471296,0.3334236,0.34343442,0.35366482,0.3629255,0.37008822,0.37423676,0.37477836,0.37150633,0.36461395,0.35466212,0.34250623,0.32918993,0.31581792,0.30342594,0.29287145,0.28476822,0.27947557,0.2771313,0.27769786,0.28099182,0.28668714,0.2943107,0.3032586,0.31285256,0.32243368,0.33147314,0.33967194,0.34702146,0.3538027,0.36051056,0.36770698,0.37583113,0.3850205,0.39500344,0.40510172,0.4143381,0.4216079,0.42586342,0.42627126,0.42232272,0.41389123,0.40124154,0.38499892,0.36608878,0.34565988,0.32500282,0.30547374,0.28842512,0.27513,0.2666761,0.26381302,0.26678246,0.2752102,0.2881311,0.3041402,0.32160082,0.33884397,0.35433558,0.36681497,0.3754133,0.3797537,0.38002715,0.3770272,0.3721149,0.36707166,0.36380222,0.36389673,0.3681675,0.37636623,0.3872342,0.3988484,0.40907913,0.4159901,0.41811484,0.41461945,0.40538582,0.39104214,0.3729488,0.3531243,0.33406186,0.31835893,0.30811974,0.30427435,0.30619264,0.31189862,0.31874585,0.32412425,0.3259224,0.32273492,0.31391585,0.2995669,0.28051025,0.25826788,0.23504125,0.21362926,0.19710733,0.18801735,0.18719687,0.19320151,0.20304605,0.21350782,0.22195803
114,0.19300388,0.1873034,0.18122944,0.1773117,0.17809087,0.18519732,0.19860241,0.21670704,0.23709686,0.25728077,0.2751034,0.2889167,0.2976546,0.3008877,0.29888424,0.29267424,0.28408882,0.27569705,0.27049446,0.27120584,0.27933863,0.2945581,0.3148791,0.33745533,0.35937023,0.37812537,0.3918667,0.39947325,0.40058914,0.39563173,0.38577533,0.37288904,0.35938248,0.34789026,0.34075335,0.33938834,0.3438329,0.3527681,0.36400998,0.37515754,0.3841014,0.38930473,0.38990545,0.38571465,0.3771609,0.36520612,0.35123974,0.33694664,0.32413542,0.31451404,0.3094254,0.30960512,0.31506172,0.32513946,0.33872116,0.35446247,0.3709744,0.3869373,0.40117136,0.41269323,0.42077476,0.42500585,0.42535192,0.42219174,0.41631585,0.40886477,0.40118816,0.39462042,0.39020422,0.38843873,0.389154,0.39157373,0.39454198,0.39681897,0.39734703,0.39542937,0.39080933,0.38366216,0.37451977,0.36415043,0.3534185,0.3431528,0.33405316,0.3266562,0.32135826,0.31846702,0.31823432,0.32083282,0.32627085,0.3342843,0.34426603,0.35527834,0.3661531,0.37564757,0.38261306,0.38614225,0.38567653,0.3810661,0.37258187,0.36088136,0.34693313,0.33190528,0.31702983,0.30345932,0.29214123,0.28373826,0.27861166,0.2768595,0.27837664,0.28289786,0.29001,0.29915,0.30962014,0.3206435,0.33145857,0.34143355,0.3501737,0.35759398,0.3639342,0.3697016,0.37553754,0.38202828,0.38950628,0.39790574,0.40672353,0.41509745,0.4219691,0.42627677,0.42713022,0.42393878,0.4164835,0.40493616,0.38983393,0.37202138,0.35257328,0.33271196,0.3137304,0.29692554,0.28353265,0.2746366,0.27103916,0.2730939,0.2805754,0.29266053,0.30804273,0.3251266,0.34223458,0.35778874,0.37046185,0.37930444,0.38385126,0.38420314,0.3810706,0.37575307,0.37001374,0.36580703,0.36485377,0.36815938,0.375677,0.38629666,0.39815998,0.40912294,0.4171798,0.4207622,0.41891587,0.41138914,0.39866328,0.38193607,0.3630487,0.34431738,0.32820773,0.31681418,0.31124318,0.31119886,0.31506824,0.32046783,0.32490823,0.32628515,0.32313326,0.3147138,0.30102077,0.28275925,0.26132172,0.23875926,0.2176948,0.20102867,0.19122344,0.1892495,0.19397329,0.20270231,0.21236248,0.22034913
115,0.19247168,0.18698241,0.1811298,0.17742501,0.17837678,0.18558225,0.19899957,0.21704362,0.23732936,0.25739786,0.2751248,0.288893,0.29766905,0.3010588,0.29936686,0.29365546,0.28577098,0.2782577,0.2740195,0.27561975,0.28438917,0.2998872,0.32013062,0.34234783,0.36371893,0.3818374,0.39493126,0.40195516,0.40262738,0.39743924,0.38763654,0.37514794,0.3624103,0.35202456,0.3462144,0.34620863,0.35184753,0.3616768,0.37346837,0.38484922,0.39377496,0.39878437,0.3990887,0.39456466,0.38569626,0.373488,0.35935462,0.34498325,0.33215618,0.32252622,0.3173626,0.31733063,0.32239494,0.3318926,0.34472975,0.35960147,0.37516242,0.39013478,0.40337777,0.4139452,0.42114615,0.4246089,0.42433858,0.42075345,0.41467872,0.40727732,0.39989793,0.39384028,0.39007398,0.388996,0.39032727,0.39320204,0.3964121,0.39870635,0.3990497,0.3967913,0.39173383,0.38411775,0.3745407,0.36383268,0.3529124,0.34265274,0.33378565,0.32686737,0.32230076,0.32038423,0.32133952,0.3252819,0.33213374,0.34152403,0.35273367,0.36472502,0.37625423,0.38603163,0.39288956,0.39592716,0.39461508,0.3888537,0.37898389,0.3657518,0.3502307,0.3337053,0.31752723,0.30295834,0.2910279,0.28243768,0.2775396,0.27638218,0.2787875,0.2844114,0.29276437,0.30320963,0.3149743,0.3272004,0.33903828,0.349764,0.35889366,0.36626795,0.37208316,0.37685174,0.38128442,0.386105,0.39183685,0.39862365,0.4061471,0.4136711,0.4201909,0.42463243,0.42604464,0.42374748,0.41742015,0.4071315,0.3933212,0.3767447,0.35839656,0.33942696,0.32106397,0.3045489,0.29107776,0.28172743,0.2773406,0.2783695,0.28472957,0.2957434,0.3102167,0.3266144,0.34327006,0.35857958,0.37116474,0.38000938,0.38457194,0.38487318,0.3815478,0.3758364,0.3694797,0.36446825,0.36263087,0.36513874,0.3721222,0.38260552,0.39479157,0.40652844,0.41575408,0.42081475,0.42065313,0.4149006,0.40390635,0.38871828,0.37100935,0.35292006,0.33676785,0.32459196,0.317603,0.3157715,0.3178209,0.32165307,0.324948,0.32565975,0.32230476,0.3140824,0.30090114,0.2833651,0.2627495,0.24096473,0.2204626,0.20395699,0.19378157,0.19094801,0.19455098,0.20217158,0.21091852,0.21825986
116,0.19166926,0.186457,0.1808082,0.17719811,0.17811348,0.18516392,0.19835639,0.21616597,0.23625532,0.25619605,0.27388346,0.28771544,0.29667202,0.30037192,0.2991296,0.29400867,0.28683722,0.28010553,0.27661526,0.2787932,0.2878531,0.30331567,0.3232436,0.3449546,0.3657211,0.38321528,0.39573047,0.40227863,0.40263158,0.39733246,0.38767514,0.37562415,0.3636241,0.35423306,0.3495673,0.35069993,0.35731944,0.36787653,0.38012144,0.39171365,0.40066674,0.40558305,0.40573263,0.40104213,0.39203492,0.37974143,0.36558574,0.35124347,0.33846197,0.3288385,0.32357818,0.32329297,0.32792237,0.33681083,0.34889522,0.3629111,0.377553,0.39157844,0.40387732,0.41353163,0.41987836,0.42257518,0.42165893,0.41758084,0.4111974,0.40369445,0.39642626,0.39067042,0.38734156,0.38675436,0.38853812,0.39174855,0.39512843,0.3974121,0.39758,0.39501873,0.38958237,0.3815701,0.37164012,0.36068025,0.3496597,0.33949068,0.33093068,0.32454696,0.3207394,0.31978905,0.32188332,0.3270827,0.33523414,0.34587696,0.35820055,0.3710868,0.383231,0.39330566,0.40012777,0.40280214,0.40082437,0.3941385,0.38314688,0.36867446,0.35188857,0.3341788,0.3170041,0.30172175,0.28942686,0.2808421,0.2762915,0.27575898,0.27898726,0.28555742,0.29491824,0.30638114,0.31912303,0.3322296,0.34478515,0.35599172,0.36529014,0.37245545,0.377643,0.3813663,0.38439494,0.38757616,0.39161104,0.39684442,0.40314054,0.4098905,0.4161443,0.42081454,0.42288643,0.42158607,0.416486,0.40754738,0.39510813,0.37983125,0.36262906,0.34457907,0.3268462,0.31061903,0.29705656,0.2872261,0.28200376,0.28192753,0.28704187,0.2968107,0.3101574,0.32561982,0.341558,0.35635817,0.36860746,0.37723905,0.38165057,0.38179713,0.37824976,0.3721982,0.365361,0.3597538,0.35728857,0.35926646,0.3659569,0.37648872,0.38911167,0.40166736,0.41205084,0.41854328,0.42000702,0.4159789,0.40669712,0.3930787,0.376645,0.35937202,0.34342772,0.33077022,0.3226594,0.31926513,0.31960145,0.32184988,0.32388654,0.32376325,0.32001686,0.3118173,0.2990128,0.28212646,0.26233223,0.2414127,0.22165693,0.2055878,0.19537452,0.1919937,0.19468468,0.20126419,0.20903923,0.21559055
117,0.19081715,0.18592171,0.18043345,0.1767758,0.17742506,0.18405032,0.19677053,0.21416803,0.2339707,0.25377694,0.2714873,0.2854957,0.2947739,0.2989284,0.29825503,0.29378697,0.28730217,0.28121257,0.2782155,0.2806341,0.2896276,0.30474204,0.32412586,0.34519765,0.36531493,0.3822125,0.3942288,0.40041023,0.4005575,0.3952394,0.3857711,0.37412912,0.36274976,0.35414878,0.3503587,0.35234243,0.35968834,0.3707911,0.38339666,0.3951956,0.4042478,0.4092025,0.40937054,0.40471026,0.39576566,0.38357523,0.36955616,0.35536012,0.34269372,0.33310196,0.3277386,0.3271817,0.33136484,0.33965394,0.35102302,0.36424765,0.3780569,0.39123496,0.40269196,0.4115263,0.4170906,0.41905957,0.41748998,0.41285598,0.40603867,0.39824635,0.39084664,0.38511276,0.38193056,0.38156193,0.3835704,0.38695008,0.39040095,0.39263976,0.39265388,0.3898562,0.38414043,0.3758536,0.3657047,0.35463053,0.34364235,0.33368248,0.32552364,0.3197329,0.31669652,0.31667075,0.3198074,0.32611912,0.33539295,0.34710073,0.3603648,0.37400907,0.38668567,0.3970406,0.40388134,0.40631914,0.40387166,0.3965204,0.38472083,0.369366,0.3517048,0.33321753,0.3154535,0.29984525,0.2875296,0.27922285,0.275195,0.2753461,0.2793322,0.28666595,0.2967525,0.30887786,0.3221989,0.33577567,0.34865493,0.35998952,0.36916524,0.37590626,0.38033494,0.3829657,0.3846181,0.38624668,0.3887102,0.3925356,0.3977545,0.40387437,0.4099925,0.41500297,0.41782412,0.41758683,0.41375735,0.4061904,0.395124,0.38113078,0.36504346,0.34787065,0.33071885,0.31472972,0.30103105,0.2906831,0.28459147,0.2833696,0.28717732,0.29560924,0.30770296,0.322073,0.33711532,0.3512189,0.36295164,0.37121278,0.37535724,0.3752927,0.37154326,0.36526072,0.35814625,0.35223162,0.34948483,0.35129255,0.35801193,0.36883298,0.38202894,0.39543357,0.4069142,0.41471133,0.41763476,0.41515467,0.40742472,0.39525577,0.38004047,0.36360964,0.34799153,0.33505312,0.32606554,0.32133913,0.32012448,0.3208564,0.32161167,0.3205636,0.3163,0.3079905,0.29544908,0.2791395,0.2601526,0.2401583,0.22129345,0.20588985,0.19592765,0.19228934,0.1942852,0.19992241,0.20670657,0.2123594
118,0.19032401,0.18576828,0.18038905,0.17654213,0.17670092,0.18263488,0.19463575,0.21144222,0.23086752,0.25053298,0.2683287,0.28262374,0.29235825,0.29710075,0.29710034,0.2933298,0.28748825,0.28188995,0.27913,0.2814614,0.2900471,0.30451742,0.32314387,0.343457,0.36289197,0.37922856,0.39082766,0.39674455,0.39678118,0.39150304,0.38221836,0.37089175,0.3599391,0.3518419,0.34858364,0.3510716,0.35885,0.37029567,0.38316357,0.39517006,0.40440556,0.40954664,0.4099242,0.4055076,0.39684173,0.38495484,0.3712417,0.35731933,0.34484997,0.3353321,0.32988283,0.32906574,0.33282766,0.34056905,0.35130677,0.36385497,0.3769708,0.38945517,0.40022624,0.40838528,0.4132859,0.41460463,0.41240302,0.4071643,0.39978406,0.39148962,0.38366964,0.37761408,0.374213,0.37371427,0.37565076,0.37897858,0.3823645,0.38450593,0.3843873,0.3814342,0.3755653,0.36716074,0.3569666,0.34595585,0.33516896,0.3255656,0.31792018,0.31278598,0.31052426,0.31135973,0.3154094,0.3226481,0.33282223,0.34536144,0.3593483,0.37357372,0.38666627,0.39725927,0.40415835,0.40648392,0.4037741,0.39604282,0.38379037,0.36796704,0.3498897,0.33111227,0.31325307,0.29779282,0.28587723,0.27818102,0.274889,0.2757974,0.28047076,0.28836292,0.2988561,0.31123915,0.32468173,0.33825195,0.35099185,0.36203504,0.37073782,0.37679362,0.3803049,0.38179114,0.38211578,0.38232416,0.3834082,0.38604853,0.3904165,0.3961126,0.40226415,0.40773684,0.4113787,0.41222793,0.40965036,0.4034022,0.39362994,0.38082388,0.36574468,0.3493396,0.33266476,0.3168237,0.30292132,0.29201674,0.2850454,0.28268832,0.2852066,0.2923099,0.30313817,0.31637713,0.33045992,0.34378615,0.3549168,0.36273408,0.36656958,0.36630452,0.36243677,0.3560969,0.34897625,0.34311405,0.34050286,0.34256154,0.34967244,0.36103508,0.3749198,0.38915312,0.401594,0.4104712,0.4145739,0.4133373,0.40686062,0.39587766,0.3816797,0.36597756,0.35067746,0.33755663,0.3278729,0.32202855,0.31945527,0.3188015,0.31833082,0.3163457,0.31150413,0.30299926,0.29063433,0.27483547,0.25662977,0.23759042,0.21971385,0.20514342,0.19565445,0.19199295,0.19348234,0.19827731,0.20407262,0.20874746
119,0.19071946,0.18651861,0.18120609,0.1770542,0.17653254,0.18153821,0.1925885,0.20862947,0.2275852,0.24709947,0.26503673,0.27972022,0.29003528,0.29548812,0.2962554,0.2932236,0.287989,0.2827527,0.2800099,0.28197077,0.2898504,0.30341464,0.32109398,0.34054407,0.35927236,0.37508672,0.38634732,0.3920917,0.39209417,0.38688686,0.37774202,0.36658883,0.35581207,0.3478713,0.34474102,0.34733337,0.35520828,0.36676368,0.37977612,0.39198008,0.40147847,0.40695316,0.4077327,0.40377572,0.39560786,0.38422918,0.37099758,0.35748625,0.34531128,0.33593133,0.33044124,0.32940885,0.33281177,0.3400972,0.35032982,0.36236078,0.3749685,0.3869604,0.39725003,0.4049272,0.4093308,0.41012222,0.40735018,0.40148988,0.39343664,0.38442916,0.37588102,0.3691192,0.36507472,0.36402792,0.3655253,0.36851698,0.37165186,0.37360832,0.3733585,0.37032562,0.36443627,0.35608622,0.34604186,0.33529595,0.3249026,0.31582275,0.30881652,0.30440867,0.3029234,0.30454776,0.30936584,0.31732646,0.32815582,0.34126827,0.35573527,0.37034097,0.3837118,0.39448377,0.4014703,0.40380543,0.40104777,0.39323944,0.38091794,0.36507946,0.34709367,0.32856774,0.3111621,0.29637125,0.28530952,0.27857083,0.27622506,0.27795115,0.28322443,0.2914537,0.30201927,0.31423888,0.32732493,0.3403865,0.3524945,0.36279574,0.37064636,0.3757334,0.3781568,0.3784496,0.377516,0.37647647,0.3764283,0.3781696,0.38197237,0.38749513,0.39386964,0.39991942,0.40442017,0.40632433,0.4049098,0.3998491,0.39121175,0.37941942,0.36517274,0.34936878,0.3330241,0.31721506,0.3030344,0.29154867,0.28372622,0.28031048,0.28164932,0.28754756,0.29722753,0.30943176,0.32262412,0.33521673,0.34577328,0.35317436,0.35674825,0.35637218,0.3525399,0.34637868,0.33957726,0.33416998,0.33213586,0.33486497,0.34269786,0.35479388,0.36940134,0.3843478,0.39750916,0.40713447,0.4120256,0.4116149,0.4059785,0.3958033,0.38230935,0.36711547,0.35202825,0.3387436,0.32849127,0.32172555,0.318006,0.3161478,0.31457388,0.3117094,0.30629107,0.29755205,0.2853046,0.26995745,0.25249264,0.23440325,0.21755704,0.20391354,0.19503525,0.19150591,0.19262253,0.19665253,0.20146556,0.20510414
120,0.19252363,0.18868966,0.18342192,0.17889486,0.17756437,0.18146333,0.1913708,0.20648898,0.22488481,0.24423054,0.26235348,0.27751222,0.28851637,0.2947887,0.29641247,0.29416752,0.2895296,0.2845749,0.2816987,0.28308514,0.29003417,0.3024873,0.31906706,0.33757097,0.35557792,0.37091056,0.3819072,0.38756236,0.38759482,0.3824742,0.3734083,0.36226693,0.35139218,0.34323213,0.3397914,0.3420487,0.34964272,0.36103547,0.37403992,0.38640204,0.3962185,0.40215382,0.4035108,0.4002155,0.39275455,0.3820829,0.3695086,0.35655326,0.3447857,0.33563098,0.33017445,0.32900426,0.3321439,0.33909824,0.34898442,0.3606893,0.37300673,0.3847413,0.3947904,0.40221906,0.40633646,0.40677238,0.40354425,0.3970998,0.38831556,0.3784274,0.3688703,0.36102173,0.3558875,0.35382977,0.35446125,0.3567679,0.35940447,0.36103606,0.36061534,0.35754868,0.35175216,0.34361833,0.33391482,0.32363585,0.31383103,0.30544502,0.29920658,0.2955968,0.29489145,0.29723433,0.30267894,0.31115928,0.3224011,0.33582917,0.35053173,0.36531252,0.3788179,0.38970312,0.39680064,0.3992639,0.39667293,0.38909492,0.3770967,0.36170813,0.34433353,0.32660842,0.31020194,0.29658142,0.2867869,0.2812964,0.2800472,0.28260207,0.28836042,0.29670322,0.30702627,0.31869435,0.33098418,0.34307203,0.3540875,0.36322206,0.36986214,0.37371522,0.37489963,0.3739735,0.37188163,0.36980462,0.36891475,0.37008482,0.37363973,0.37925228,0.3860281,0.39273462,0.39807716,0.40093526,0.40051803,0.39643508,0.388699,0.3776806,0.36403623,0.3486264,0.33244106,0.31654182,0.3020214,0.2899639,0.28137553,0.27705762,0.27742952,0.28236678,0.29114747,0.3025488,0.31505233,0.32708016,0.33720523,0.3443204,0.34776938,0.3474467,0.34386262,0.33815578,0.33201385,0.32744655,0.32637414,0.33009574,0.33885202,0.35172918,0.3669512,0.38236636,0.3958967,0.40584254,0.41104835,0.41097254,0.40569642,0.3958889,0.38272804,0.3677694,0.35274374,0.33927718,0.32856205,0.321071,0.31644154,0.31360555,0.31110957,0.30748472,0.30154553,0.29257488,0.2804095,0.26545823,0.24867567,0.23149009,0.21565257,0.20294578,0.19471993,0.19138707,0.19219685,0.19550468,0.19933876,0.20190166
121,0.19608268,0.19262145,0.18739614,0.18247467,0.18028429,0.18298215,0.19162133,0.2056974,0.2234556,0.24261062,0.2609477,0.2766469,0.2884257,0.29560736,0.29816717,0.29676542,0.29274687,0.28805587,0.2849858,0.28569967,0.29159674,0.3028176,0.31820327,0.3357118,0.352999,0.36789486,0.3787001,0.38434514,0.3844692,0.3794537,0.37041575,0.35914227,0.34791762,0.3391814,0.33499864,0.33647025,0.3433775,0.35429507,0.36709407,0.37952948,0.38967568,0.39615786,0.39823073,0.3957668,0.3891951,0.3794104,0.3676594,0.35540554,0.34416944,0.33534724,0.33002415,0.32882062,0.33181775,0.3385866,0.34830117,0.35988387,0.37213978,0.38386402,0.39392897,0.40136454,0.40543827,0.40573436,0.4022226,0.39530432,0.3858165,0.37497222,0.36421403,0.3549702,0.34834284,0.34481928,0.34413365,0.34535876,0.34718987,0.34829366,0.34760204,0.34449264,0.33885428,0.33105686,0.32184964,0.31220892,0.30316114,0.29561666,0.29025698,0.28750616,0.2875825,0.29058227,0.29653028,0.30535427,0.31679538,0.33031029,0.34502876,0.35979834,0.3733066,0.3842448,0.39147592,0.39417934,0.39195824,0.3849011,0.37359548,0.35908994,0.34280148,0.32636327,0.31141442,0.29935238,0.2911065,0.28701988,0.28690127,0.2902175,0.29631603,0.3045678,0.31439406,0.32521293,0.33637387,0.34713462,0.3567047,0.3643462,0.3695039,0.37193236,0.37179,0.3696736,0.3665695,0.36370307,0.36228904,0.36322755,0.36684346,0.37277806,0.3800816,0.38745674,0.3935471,0.397179,0.39751726,0.39413345,0.38700637,0.37647605,0.36317185,0.34793288,0.3317361,0.31564155,0.30075428,0.28818598,0.2789853,0.2740062,0.2737212,0.27804813,0.2862889,0.29722846,0.30934998,0.32108054,0.33100715,0.33804628,0.34157276,0.3415151,0.33841416,0.33342624,0.32822952,0.3247807,0.32489526,0.3297317,0.33939824,0.3529032,0.36846408,0.38397723,0.39743814,0.40722272,0.41224018,0.41199666,0.40660137,0.39672974,0.38354427,0.36856356,0.35346505,0.3398163,0.32876477,0.32077122,0.31550416,0.3119623,0.3087764,0.30456066,0.29820046,0.28903273,0.27692974,0.26231506,0.24613115,0.22975567,0.21483538,0.20298718,0.19535983,0.19220033,0.19270626,0.19530489,0.19816501,0.19963789
122,0.20142986,0.19833165,0.19315314,0.18785594,0.18482585,0.18632014,0.19365259,0.20662807,0.22370036,0.24264607,0.2612113,0.27749062,0.29009938,0.29825208,0.30180866,0.30130506,0.29795283,0.29356372,0.29032803,0.29038414,0.29522705,0.30520025,0.31937683,0.335892,0.3524885,0.36700386,0.37769288,0.383408,0.38369188,0.37881815,0.36979237,0.35829714,0.34654078,0.33694687,0.3316544,0.3319268,0.33774576,0.3478518,0.36020496,0.37257564,0.38300556,0.39006275,0.392934,0.39141965,0.3858752,0.37712196,0.36633617,0.3549176,0.34433714,0.3359645,0.33089012,0.32977352,0.33276019,0.33949304,0.34920642,0.36085927,0.37326676,0.38521114,0.39553538,0.40322843,0.40750915,0.40790698,0.4043326,0.39712587,0.38706535,0.37531903,0.3633146,0.35251522,0.3441202,0.33876693,0.33635715,0.33610424,0.33678886,0.33710614,0.33597565,0.33274153,0.32725212,0.31983787,0.3112111,0.30231175,0.29412544,0.2875129,0.28309596,0.2812332,0.28208047,0.2856849,0.29204342,0.3010818,0.31256548,0.32599714,0.3405659,0.3551825,0.3685939,0.3795425,0.38693252,0.38997546,0.38829815,0.38200587,0.3716957,0.35841674,0.3435721,0.32875833,0.31554562,0.30522683,0.29860204,0.29588595,0.29678667,0.30071113,0.30698404,0.3149812,0.32415062,0.33395827,0.34382078,0.35307777,0.3610273,0.36701825,0.37057474,0.37152076,0.37007415,0.36688203,0.3629717,0.3595966,0.35797888,0.35899785,0.36292768,0.3693383,0.37720522,0.3851682,0.3918259,0.39597675,0.3967681,0.39375937,0.38691851,0.3765746,0.36334687,0.3480679,0.33171496,0.31535882,0.3001279,0.28716964,0.27757668,0.2722464,0.2716824,0.2758126,0.2839291,0.29479837,0.3068903,0.31863302,0.32863137,0.33583385,0.33965614,0.34006926,0.3376485,0.33356225,0.32946077,0.3272168,0.3285064,0.33432528,0.34465122,0.3584379,0.3739268,0.38908875,0.40201196,0.41116208,0.41552538,0.41466892,0.40874574,0.3984569,0.38497114,0.3697924,0.3545633,0.3408013,0.3295999,0.3213788,0.3157931,0.3118607,0.30825764,0.30365682,0.2970046,0.28769284,0.27563727,0.26128787,0.24558796,0.22987816,0.21571517,0.2045679,0.19740579,0.19433133,0.19449657,0.19638918,0.19829832,0.19870561
123,0.2082333,0.20546192,0.2003223,0.19467968,0.19087367,0.1912358,0.19730893,0.20919813,0.22558087,0.2443139,0.26311266,0.27998653,0.29344618,0.30259514,0.30717817,0.30760986,0.30497405,0.30095625,0.29764643,0.29715198,0.3010483,0.30986708,0.32291037,0.3384987,0.35447246,0.36868274,0.37933826,0.38520858,0.3857313,0.38106188,0.3720811,0.3603514,0.34798685,0.33737808,0.33073166,0.32949007,0.33387667,0.34284866,0.3544942,0.36661682,0.377225,0.38481867,0.3885021,0.3879891,0.383549,0.37591988,0.36620033,0.35572237,0.34590563,0.33809346,0.33338258,0.3324729,0.33557573,0.34240773,0.35226548,0.3641464,0.3768771,0.3892279,0.40001237,0.40817803,0.41289347,0.41363063,0.41023594,0.40297955,0.3925687,0.38010752,0.36698386,0.35466832,0.34443608,0.3370716,0.33266675,0.33061844,0.32983977,0.32909146,0.3273015,0.32378593,0.3183475,0.31126547,0.3032008,0.29504204,0.28772062,0.28203768,0.2785497,0.27754858,0.2791291,0.28329045,0.29000148,0.29918513,0.31063136,0.32389268,0.33822554,0.35261524,0.36588037,0.37682548,0.3844043,0.38786423,0.38685483,0.3814912,0.37236646,0.3605093,0.34728122,0.33420995,0.32276717,0.31412485,0.3089605,0.30739105,0.3090681,0.31338033,0.31965712,0.32728922,0.33574697,0.3445306,0.35310856,0.3608905,0.36725855,0.371652,0.3736845,0.37326244,0.37067497,0.36662543,0.36217678,0.35859016,0.35706022,0.3584021,0.36279956,0.3697275,0.37808344,0.38645816,0.3934295,0.39779437,0.39870858,0.39574224,0.38887212,0.3784333,0.3650497,0.34956008,0.33295363,0.31632188,0.3008244,0.28764808,0.27792552,0.27258247,0.27212712,0.27646485,0.28484833,0.2960059,0.30838564,0.32041633,0.33072406,0.33829346,0.3425835,0.34360647,0.34196457,0.33882317,0.33578238,0.3346076,0.3368231,0.34327123,0.35382962,0.36743492,0.38238347,0.39673942,0.40869284,0.41680366,0.42013934,0.41833448,0.41159588,0.40066415,0.38673085,0.3713026,0.35600045,0.34229484,0.33121267,0.32310236,0.3175634,0.3135895,0.30986655,0.3051042,0.29829997,0.2889004,0.2768705,0.26269603,0.247333,0.232099,0.2184791,0.20781983,0.20094384,0.19783832,0.19762102,0.19882917,0.19984882,0.19926834
124,0.21585082,0.21333633,0.20819953,0.20222655,0.19771579,0.19705419,0.20197633,0.21285813,0.22859599,0.24713585,0.2661716,0.28363293,0.29792973,0.30805916,0.3136573,0.31502694,0.31313625,0.3095571,0.30628732,0.30539957,0.30853054,0.3163735,0.32844025,0.34323242,0.3586939,0.37269747,0.3834119,0.38952696,0.39037615,0.38599536,0.3771371,0.3652362,0.3522988,0.34066233,0.33257896,0.32966,0.33238575,0.3399676,0.35066277,0.3623355,0.37297192,0.3810027,0.38544285,0.38591105,0.38258272,0.37610668,0.36749968,0.3580236,0.3490454,0.34188062,0.33762997,0.33703035,0.34035528,0.3473927,0.3575013,0.36971882,0.38288662,0.39576712,0.4071488,0.4159418,0.42126817,0.4225451,0.41955647,0.412502,0.402013,0.38911897,0.37514818,0.36154923,0.34963825,0.34031755,0.33386007,0.3298626,0.3274058,0.32535428,0.3226741,0.31866995,0.3131041,0.30620173,0.2985654,0.2910241,0.2844492,0.2795803,0.2769119,0.2766762,0.2789141,0.28358126,0.29061761,0.2999375,0.31134763,0.32444352,0.33854574,0.35271493,0.36584502,0.3768075,0.38460895,0.38853323,0.38824907,0.38387254,0.37597832,0.3655549,0.3538988,0.34244716,0.33256108,0.32529813,0.3212417,0.32045534,0.3225811,0.32702664,0.3331476,0.34035563,0.34813675,0.3560102,0.36347678,0.36999747,0.3750236,0.37807637,0.37885582,0.37735155,0.37392437,0.36932972,0.36465356,0.36114144,0.3599291,0.36173627,0.36663598,0.37400547,0.38267842,0.39122042,0.39821452,0.40248036,0.40320265,0.39997923,0.3928102,0.38204917,0.3683357,0.35252464,0.3356251,0.3187557,0.30311,0.28991154,0.28032178,0.27527392,0.27525276,0.2801133,0.28904942,0.30074304,0.3136209,0.3261159,0.33687842,0.3449289,0.34976518,0.35143125,0.3505417,0.3482403,0.34605882,0.34564656,0.34838563,0.35499555,0.36529508,0.37824062,0.39220652,0.4053602,0.41599527,0.42276502,0.42481792,0.42185858,0.4141539,0.4024938,0.38810506,0.37250894,0.35731223,0.34393543,0.33332103,0.32571426,0.3206194,0.3169677,0.3134261,0.30872345,0.30190113,0.2924604,0.28042048,0.26631117,0.25111273,0.23613587,0.22281739,0.21241435,0.20564127,0.20240165,0.20178917,0.20237724,0.20262247,0.20119262
125,0.22345941,0.22109686,0.21589145,0.20957127,0.20440568,0.20282845,0.20673276,0.21672638,0.23190174,0.2502895,0.26956657,0.28759024,0.30267793,0.31373024,0.32028645,0.32255146,0.32139415,0.31829,0.31515765,0.31403658,0.3166083,0.32369736,0.33499563,0.34916905,0.36426252,0.37817663,0.38904878,0.3954979,0.3967613,0.3927624,0.38413063,0.37217483,0.35878778,0.34623677,0.3367911,0.3322011,0.33319083,0.3392402,0.34880745,0.35984904,0.370349,0.3786781,0.38376403,0.38512933,0.3828535,0.37749454,0.36998665,0.36152118,0.35341176,0.34694445,0.3432195,0.34300423,0.34662697,0.35394076,0.36436343,0.37697393,0.39063215,0.4040984,0.41614294,0.42564592,0.43169016,0.43364555,0.43124008,0.42460874,0.41431016,0.40129736,0.38682893,0.37230882,0.35905826,0.3480549,0.33971676,0.33382574,0.3296399,0.3261537,0.32240048,0.3176973,0.3117808,0.30482957,0.29739037,0.29023436,0.2841763,0.27990195,0.2778556,0.27822316,0.28100348,0.28611478,0.29346704,0.30295792,0.3143979,0.3274108,0.34136826,0.35539666,0.3684596,0.37949204,0.3875509,0.39195287,0.39237988,0.3889397,0.38217634,0.37302363,0.3627001,0.35254607,0.34381905,0.33748654,0.334077,0.33364564,0.3358647,0.34018862,0.34601438,0.35277835,0.35997674,0.36713505,0.37376836,0.3793681,0.3834346,0.385553,0.3854953,0.38332176,0.37945274,0.37468076,0.37009504,0.36690181,0.36615503,0.3684649,0.37379536,0.38144302,0.39020407,0.3986464,0.40538216,0.40927178,0.40954247,0.4058302,0.39816687,0.38693208,0.37278762,0.3566101,0.33943275,0.32240236,0.30674353,0.29370677,0.28446528,0.27993593,0.28055555,0.28611133,0.29573235,0.3080584,0.32150266,0.33450896,0.34575367,0.35428983,0.35964555,0.36188334,0.36161396,0.35994363,0.3583263,0.3582989,0.36112344,0.36743218,0.37702215,0.38889673,0.40152207,0.4131721,0.4222427,0.42747784,0.4281058,0.42390275,0.41520035,0.40284535,0.38810885,0.37253466,0.3577173,0.34501836,0.3352735,0.32859144,0.32434464,0.32137054,0.31829557,0.31385586,0.3071326,0.29768282,0.28558454,0.2714196,0.25620463,0.2412619,0.22800769,0.21764661,0.21082512,0.20739193,0.2064225,0.20650959,0.206152,0.2040678
126,0.23020376,0.22785755,0.22247908,0.21575952,0.20995508,0.20754626,0.21056084,0.21979854,0.23451313,0.25280237,0.27232334,0.2908671,0.30666944,0.31854773,0.32595947,0.3290287,0.32854372,0.32590294,0.32296243,0.32173485,0.32393575,0.330493,0.34124503,0.35499647,0.36988217,0.38383138,0.3949584,0.40182257,0.4035777,0.40004724,0.39174932,0.37987584,0.3662091,0.35293704,0.34232068,0.33621094,0.3355418,0.3400505,0.34841055,0.35869673,0.36891544,0.3773944,0.3829845,0.3851184,0.3837839,0.37945136,0.3729752,0.36547843,0.3582223,0.35246173,0.3492919,0.34950256,0.353467,0.3610945,0.3718566,0.38487202,0.39902225,0.41307142,0.4257794,0.4360053,0.44280234,0.44550303,0.44378963,0.43774232,0.42785576,0.41501212,0.40039915,0.3853638,0.3712047,0.35893252,0.34906277,0.3415243,0.33573538,0.33082488,0.3259121,0.3203487,0.31386587,0.30661118,0.29908803,0.29202113,0.28618148,0.28221655,0.280538,0.28130245,0.28448,0.2899584,0.29761717,0.30732957,0.31889573,0.33195004,0.34589642,0.3599099,0.37300968,0.38418344,0.39252985,0.39739105,0.39845446,0.395812,0.38996896,0.38179877,0.3724411,0.3631477,0.35509312,0.34918723,0.34594253,0.3454427,0.34741887,0.35139075,0.35680643,0.36313018,0.3698657,0.3765363,0.38265714,0.38773128,0.39128616,0.39294797,0.3925379,0.39016464,0.38628563,0.38170728,0.3774987,0.37480652,0.3745917,0.3773584,0.38298044,0.39070305,0.39931586,0.407415,0.41365978,0.41696322,0.41660187,0.41225407,0.40398663,0.3922077,0.37760362,0.36107394,0.3436757,0.32658023,0.3110344,0.29830134,0.28954563,0.28564623,0.28697544,0.29324743,0.30353308,0.31644276,0.33038864,0.34383303,0.35547996,0.3644107,0.37017435,0.37283957,0.3729999,0.37171385,0.3703552,0.3703592,0.3728912,0.37852547,0.38706315,0.39756992,0.40860912,0.41856095,0.425921,0.4295222,0.42867246,0.42322165,0.4135708,0.4006306,0.38572413,0.3704232,0.3563086,0.34466985,0.33620998,0.3308678,0.3278518,0.32588148,0.32352817,0.3195289,0.31300324,0.3035657,0.2913575,0.27701983,0.2616181,0.24650617,0.23310947,0.22261827,0.21564868,0.21201861,0.210786,0.21054341,0.20980258,0.2073025
127,0.23532218,0.23283467,0.22715496,0.21995583,0.2134964,0.21030939,0.21254177,0.22114965,0.23550786,0.25375336,0.27351356,0.29251704,0.30892986,0.32150152,0.32962507,0.33336195,0.33343944,0.33119884,0.32845154,0.32719332,0.32916868,0.3353863,0.3457981,0.35931757,0.3741516,0.3882538,0.3997211,0.4070647,0.40936938,0.40637428,0.39850166,0.38684037,0.37307128,0.3593021,0.34776747,0.340383,0.3382492,0.34133023,0.34850904,0.35799262,0.3678311,0.37632945,0.3822779,0.38503158,0.38449627,0.38106233,0.37551057,0.36890042,0.3624433,0.35736263,0.35474446,0.35539296,0.35971585,0.3676682,0.37876722,0.3921681,0.40677485,0.42136028,0.43468136,0.44558528,0.4531062,0.45655045,0.45556647,0.45019206,0.44086984,0.42842135,0.41396898,0.39879927,0.38417083,0.37109345,0.36013374,0.35131988,0.34419492,0.33800668,0.33196288,0.32546425,0.31825516,0.31047165,0.3025923,0.29531372,0.28938213,0.2854268,0.28384638,0.28478566,0.2881986,0.2939495,0.30188847,0.3118588,0.32363912,0.33685786,0.35093158,0.36506367,0.37831035,0.3896961,0.39834842,0.4036246,0.40520987,0.40317458,0.39798304,0.39045033,0.38164607,0.372751,0.36488295,0.35892606,0.35540894,0.35446993,0.355917,0.359346,0.36426243,0.37016156,0.37655476,0.3829589,0.38887948,0.3938159,0.39730215,0.39898142,0.3986976,0.3965804,0.3930965,0.38903973,0.38543668,0.38336095,0.3836805,0.3868096,0.39256045,0.4001599,0.40841988,0.41598573,0.42157632,0.42416304,0.4230735,0.41802818,0.40912747,0.39680675,0.38177508,0.36495268,0.34741566,0.3303523,0.3150198,0.30267695,0.29446107,0.291197,0.29318565,0.30007336,0.31088707,0.32422456,0.3385105,0.35223347,0.36412698,0.37329718,0.37930736,0.38222328,0.38261285,0.38148215,0.38012752,0.37989438,0.38186958,0.38658884,0.39386994,0.4028453,0.41217387,0.42033863,0.42593217,0.42787522,0.42555654,0.41890305,0.4083911,0.39500287,0.380122,0.36535376,0.3522627,0.34205154,0.33526394,0.33163735,0.33018926,0.32950404,0.3280898,0.32468182,0.31843802,0.309032,0.29667115,0.28206232,0.26633102,0.2508824,0.23718037,0.22643746,0.21927388,0.21549581,0.2141405,0.21377903,0.212907,0.21025576
128,0.23823297,0.23543651,0.22931711,0.22154374,0.21439229,0.2104554,0.21199086,0.2200809,0.23417944,0.2524285,0.27241063,0.2917942,0.3086878,0.32178992,0.33044738,0.33467785,0.33516666,0.3332174,0.3306146,0.32934898,0.33119327,0.33721963,0.34746376,0.36091685,0.37583604,0.39019075,0.40206328,0.40992743,0.41281354,0.41039306,0.4030096,0.39166498,0.37795147,0.36390138,0.35171348,0.34333932,0.34000337,0.34185618,0.34796807,0.35667807,0.3660936,0.37451565,0.3806922,0.38391703,0.38402736,0.3813449,0.37658605,0.37075338,0.36501297,0.36055797,0.3584624,0.35953772,0.36421594,0.37248653,0.38390297,0.39765123,0.4126567,0.42770368,0.44155246,0.45304695,0.46121243,0.4653407,0.46505925,0.46037686,0.451698,0.43979633,0.42573857,0.41075355,0.39605108,0.38261607,0.37102744,0.3613663,0.3532581,0.346041,0.3390002,0.33158898,0.3235784,0.3151108,0.30666006,0.2989153,0.29261917,0.28840315,0.28667167,0.28757283,0.29105556,0.2969676,0.30513197,0.3153606,0.32740378,0.3408719,0.35517776,0.369534,0.38301435,0.39466247,0.4036199,0.40924788,0.41122204,0.409588,0.40477076,0.39753452,0.38889304,0.3799767,0.37187222,0.36546463,0.3613213,0.35965163,0.36034968,0.36309272,0.36744708,0.37294224,0.37909928,0.38542774,0.39141804,0.3965542,0.40035942,0.4024713,0.40273035,0.4012591,0.39850578,0.39522672,0.39238843,0.39098513,0.39180052,0.3951814,0.40090874,0.40822107,0.41597632,0.42288396,0.4277297,0.42954493,0.4277066,0.4219738,0.41247642,0.39967257,0.38428956,0.3672625,0.34967953,0.33273575,0.31768528,0.30576718,0.29807648,0.295375,0.29789338,0.30522162,0.31635985,0.32990992,0.3443217,0.35811734,0.3700627,0.37928787,0.38536668,0.38835776,0.38879997,0.38764712,0.38612342,0.38549465,0.3867816,0.39048985,0.39645535,0.403872,0.41148633,0.41787687,0.4217287,0.42204916,0.4183095,0.4105179,0.399233,0.38551846,0.370829,0.35681158,0.3450144,0.33653972,0.3317469,0.33014384,0.33053607,0.33136195,0.33106294,0.32837215,0.32248598,0.313137,0.30059975,0.28565028,0.26948327,0.25357234,0.23944725,0.22837691,0.22101696,0.2171779,0.21587081,0.21562338,0.21488701,0.21235862
129,0.23858255,0.23531413,0.22862212,0.22018136,0.21229485,0.20762308,0.20853086,0.21620119,0.23012543,0.24841325,0.2685847,0.28824988,0.3054731,0.31891966,0.32790872,0.33243248,0.33315226,0.33135173,0.32880524,0.32751095,0.32927197,0.335211,0.34542125,0.35894123,0.37405473,0.3887358,0.40105292,0.40945184,0.41292268,0.41108578,0.4042232,0.39326647,0.37973353,0.36558977,0.352995,0.34391636,0.33966523,0.34053624,0.34575546,0.35378128,0.36278298,0.3710718,0.377371,0.38093063,0.38153517,0.37945122,0.37534183,0.37016168,0.36503747,0.36113474,0.35951424,0.3609891,0.3660061,0.37457803,0.38628396,0.40033308,0.4156687,0.43108755,0.44535762,0.45732686,0.46602127,0.47072965,0.47107124,0.46704,0.4590169,0.44774202,0.43423855,0.41968438,0.405238,0.39184362,0.38006234,0.36998788,0.36128625,0.35335234,0.34552917,0.33731756,0.3285214,0.31930318,0.3101495,0.30176133,0.29489693,0.29020792,0.28811982,0.28879625,0.29218987,0.29813793,0.306441,0.3168815,0.32918006,0.3429229,0.35750774,0.3721414,0.3858983,0.39782456,0.40706164,0.41296405,0.41519144,0.4137633,0.40906945,0.401833,0.39302713,0.38375154,0.3750832,0.36792746,0.36290482,0.36030313,0.36010545,0.36207086,0.36582774,0.37094232,0.37694862,0.3833505,0.38962084,0.39522064,0.39964855,0.4025175,0.40364158,0.40311137,0.4013324,0.39900395,0.39702076,0.39629817,0.39754903,0.4010762,0.40665653,0.41356438,0.42072093,0.42690912,0.43098456,0.43203738,0.4294899,0.42313442,0.41312444,0.39993456,0.38430372,0.36717474,0.349639,0.33288783,0.31815997,0.30666208,0.2994373,0.29718187,0.30006263,0.30762702,0.31886458,0.33239567,0.346706,0.36035827,0.37215424,0.38124934,0.38722813,0.39014196,0.39050224,0.38921434,0.3874375,0.38636664,0.38696313,0.38970295,0.3944326,0.40039417,0.40640718,0.41113377,0.4133441,0.41212887,0.40704206,0.39817736,0.38618347,0.37221706,0.35781878,0.3446906,0.33436912,0.32784724,0.3252785,0.32591808,0.32834435,0.33084428,0.3317925,0.3299204,0.32446176,0.31520578,0.30249187,0.28716528,0.27049488,0.25403628,0.23940879,0.22796927,0.22043845,0.21664584,0.21557008,0.21567386,0.21533784,0.21320021
130,0.23626304,0.23238094,0.2250055,0.21582182,0.2071661,0.20177364,0.20211549,0.20945436,0.22327833,0.24162656,0.26193947,0.28177214,0.29915923,0.3127512,0.32185766,0.3264621,0.3272178,0.32540408,0.32280025,0.3214239,0.32311252,0.32902986,0.33930343,0.3529903,0.36837715,0.3834304,0.3962045,0.40512547,0.40915677,0.40788344,0.40154245,0.39101112,0.3777475,0.36366007,0.35087097,0.34134954,0.3364642,0.33661416,0.34114543,0.34861517,0.35725075,0.3653823,0.37172374,0.37549803,0.3764535,0.37481615,0.37120828,0.3665466,0.36192596,0.3584885,0.35728204,0.35911733,0.3644477,0.3732983,0.3852627,0.39956427,0.4151588,0.43085426,0.44542894,0.45774072,0.46682483,0.47197762,0.4728229,0.4693538,0.46194297,0.45131227,0.43845508,0.42450786,0.4105795,0.3975638,0.38598138,0.3759051,0.36700386,0.3586958,0.35035846,0.34152952,0.33204618,0.32209948,0.31220195,0.30308166,0.29552746,0.2902246,0.28763065,0.28793266,0.29109323,0.29694474,0.3052709,0.31583026,0.32831722,0.3422938,0.35713738,0.37203923,0.3860617,0.3982401,0.40770376,0.41379145,0.41614193,0.41474852,0.40997073,0.40250045,0.3932844,0.38340798,0.37395427,0.36586148,0.35980982,0.35616657,0.35500064,0.35614944,0.35930192,0.36406282,0.36998245,0.3765622,0.38325801,0.38950336,0.3947628,0.39860985,0.40081403,0.40141436,0.40075567,0.39946678,0.3983658,0.39829436,0.39990976,0.4034922,0.40883633,0.4152697,0.42178744,0.4272505,0.430584,0.43093333,0.42776075,0.42088538,0.4104775,0.3970211,0.38125947,0.36413515,0.34673408,0.33023402,0.31584832,0.3047426,0.2979037,0.29596436,0.29903698,0.30663958,0.31776467,0.33106226,0.34506208,0.35837314,0.36983716,0.37863827,0.38437465,0.38709426,0.3872862,0.38581485,0.38378337,0.38232383,0.38234147,0.38427758,0.3879752,0.39270458,0.39733768,0.40060323,0.4013446,0.39872888,0.39239064,0.3825108,0.3698354,0.35562736,0.341532,0.3293264,0.32054865,0.31607994,0.31585217,0.31885022,0.32341576,0.32768336,0.32996285,0.32898405,0.32401526,0.3148972,0.30202845,0.28631914,0.26911277,0.25205532,0.23687495,0.22504535,0.21738128,0.21374623,0.2130805,0.21376069,0.21407217,0.2125731
131,0.23140852,0.22680986,0.21867822,0.20870803,0.19927034,0.19318031,0.19301721,0.20010616,0.21389323,0.23231053,0.25270444,0.2725813,0.28996235,0.30350095,0.31251374,0.31698996,0.31758782,0.315595,0.31280854,0.31127694,0.3128774,0.318808,0.3292104,0.34313345,0.35884386,0.3742885,0.38750726,0.39691418,0.4014586,0.4007048,0.39485997,0.38476193,0.37182248,0.35790378,0.345094,0.33535665,0.330094,0.32977483,0.33382946,0.34088862,0.34922835,0.35720128,0.3635237,0.36740696,0.36857885,0.3672395,0.36398327,0.35969985,0.35546052,0.35238993,0.3515249,0.35367137,0.35928246,0.3683853,0.3805766,0.39508373,0.41086808,0.4267457,0.4415061,0.45402125,0.46334276,0.46878427,0.4699858,0.46695352,0.46006697,0.45004576,0.4378683,0.42464125,0.41142872,0.39906892,0.38802493,0.3783215,0.36959797,0.36126488,0.352711,0.34349754,0.33349156,0.32291657,0.31231946,0.3024656,0.29418433,0.28820264,0.28501552,0.28483737,0.28764373,0.2932666,0.30147955,0.3120255,0.3245808,0.33868825,0.3537056,0.36880443,0.38302717,0.39538905,0.40499836,0.41117144,0.41352296,0.41202086,0.40699938,0.3991282,0.3893392,0.37871593,0.3683583,0.35924375,0.3521126,0.3474064,0.3452719,0.34561723,0.3481878,0.3526268,0.35850438,0.36532402,0.37252706,0.37951875,0.38572356,0.39066592,0.39405802,0.39587393,0.39638647,0.39614737,0.39589852,0.3964168,0.3983192,0.40188134,0.40693182,0.41286233,0.41874707,0.4235249,0.42618716,0.425929,0.4222463,0.4149781,0.4043042,0.39071104,0.3749388,0.35792232,0.34073427,0.3245311,0.31049368,0.29974204,0.29320675,0.29146266,0.2945775,0.3020515,0.31289005,0.32578015,0.33930084,0.35211155,0.36309794,0.3714767,0.3768649,0.37931353,0.37929788,0.37765187,0.37543336,0.37371996,0.37336248,0.37475914,0.37773117,0.3815525,0.38512203,0.38721335,0.38672638,0.3828935,0.37542304,0.3645816,0.35121667,0.3367102,0.32283425,0.3114688,0.30417633,0.30173317,0.3038409,0.3092023,0.31591806,0.32197288,0.32561478,0.3255717,0.3211416,0.31220913,0.2992228,0.28314966,0.26540315,0.24772236,0.23195852,0.21972796,0.21196824,0.20859294,0.20849836,0.20995483,0.21112996,0.21048431
132,0.2243776,0.21901526,0.21010658,0.19934951,0.18914673,0.18239658,0.18179102,0.18870486,0.2025071,0.22099026,0.24139757,0.26119635,0.278411,0.29171413,0.3004428,0.30460286,0.3048665,0.30253878,0.2994447,0.29767448,0.29915178,0.30510557,0.31567478,0.32987586,0.34593457,0.36176738,0.3753992,0.3852392,0.3902337,0.3899391,0.384546,0.374866,0.36227682,0.34860465,0.33590895,0.32614323,0.32072604,0.32016596,0.32394406,0.33073822,0.33885995,0.34668434,0.3529386,0.3568354,0.358096,0.3569086,0.35385203,0.34980014,0.34581017,0.3429961,0.3423875,0.34478512,0.3506363,0.35996073,0.372347,0.3870155,0.4029252,0.41889566,0.4337267,0.4463071,0.45571017,0.46127495,0.46266833,0.45992228,0.45343816,0.44394922,0.43243486,0.41998515,0.4076267,0.3961404,0.38591936,0.37691805,0.36871904,0.36069837,0.35223472,0.34289938,0.3325836,0.32154393,0.31036592,0.2998575,0.29089296,0.2842431,0.2804405,0.27972555,0.28208676,0.2873587,0.29531193,0.3056844,0.318146,0.3322302,0.34728098,0.362451,0.3767599,0.38919744,0.39884555,0.40499392,0.40723175,0.40550324,0.40012243,0.39174455,0.38129583,0.36986685,0.3585807,0.348455,0.34028533,0.33457723,0.33154225,0.33114755,0.3331875,0.33734217,0.343205,0.35028684,0.3580196,0.36578193,0.37295675,0.37901393,0.38360122,0.38662046,0.38826734,0.38901597,0.3895374,0.39055476,0.39265946,0.3961374,0.40086216,0.40629518,0.41158956,0.4157582,0.41785237,0.41710982,0.41305256,0.40553242,0.39473188,0.38113302,0.36546645,0.34865302,0.33174583,0.31587473,0.30218428,0.29174846,0.28544503,0.2837987,0.2868423,0.2940671,0.30449772,0.31686175,0.32978964,0.34199315,0.3524046,0.3602774,0.36525357,0.36739555,0.367176,0.36541122,0.3631268,0.36135527,0.36089423,0.36208892,0.36471796,0.36803153,0.37092742,0.3721989,0.37078264,0.36596096,0.35750484,0.34575936,0.3316727,0.3167549,0.30292735,0.29220712,0.28621477,0.28564006,0.28995395,0.29757172,0.3063533,0.3141386,0.3191172,0.3200135,0.3161491,0.30744258,0.29438144,0.2779782,0.2597074,0.24139844,0.22503418,0.21239561,0.2045713,0.20154169,0.20215365,0.20455109,0.20676385,0.20714168
133,0.21572892,0.20962514,0.19998056,0.18848628,0.17756896,0.17021096,0.16922414,0.17602682,0.18988232,0.20841858,0.22877297,0.24838622,0.2653012,0.27822238,0.28651592,0.29020995,0.28999504,0.2871985,0.28368062,0.28158334,0.28288618,0.2888496,0.29959747,0.3140933,0.33050358,0.34670496,0.36070693,0.3709195,0.37629494,0.37639213,0.37139583,0.36210227,0.34986606,0.33648714,0.32400262,0.314355,0.3089661,0.30835992,0.31203806,0.31869975,0.32667747,0.33436587,0.3405085,0.34432948,0.34555554,0.34437484,0.3413626,0.33738768,0.33350325,0.330821,0.33036897,0.332944,0.33898395,0.34849292,0.36104015,0.37582827,0.39180472,0.407787,0.42258295,0.43509874,0.44443303,0.4499563,0.4513709,0.44874585,0.4425179,0.4334498,0.4225382,0.41087112,0.39944747,0.38899216,0.3798197,0.37179697,0.36442736,0.35703036,0.3489562,0.3397742,0.3293937,0.31810263,0.30652577,0.29551443,0.2859868,0.2787538,0.27437952,0.2731243,0.27498603,0.27980316,0.28735062,0.2973737,0.30955055,0.32341906,0.3383194,0.3533908,0.36763123,0.3800036,0.389561,0.39556518,0.39758006,0.39552903,0.3897109,0.38077328,0.3696441,0.35742718,0.34527117,0.33423096,0.32514757,0.31857505,0.31477168,0.31374717,0.3153343,0.31924677,0.32510456,0.33243302,0.34066185,0.34914833,0.3572354,0.36433765,0.37003598,0.3741582,0.37682334,0.37843242,0.37959465,0.38099217,0.38320506,0.38654143,0.390927,0.3958937,0.40066925,0.40433285,0.40598667,0.40490198,0.4006187,0.392994,0.38220656,0.36872822,0.35327488,0.3367485,0.32017872,0.30466583,0.29131794,0.28116557,0.2750403,0.27342564,0.2763287,0.2832382,0.29320046,0.30498356,0.3172681,0.32881764,0.33861208,0.34594527,0.35049024,0.3523307,0.35194945,0.35016027,0.34797114,0.3463796,0.346131,0.34750652,0.35022026,0.35347062,0.35612553,0.35697293,0.35496518,0.3494174,0.3401484,0.3275694,0.31272143,0.29724452,0.28322756,0.27286142,0.26786876,0.2688837,0.27515706,0.28481817,0.29549065,0.30487552,0.31110674,0.31290233,0.3095999,0.30114174,0.2880419,0.27134573,0.25257725,0.23364902,0.21667813,0.20362759,0.19576308,0.19314796,0.19457279,0.19803463,0.20140828,0.20292453
134,0.20619325,0.19944686,0.18917303,0.17704277,0.16549498,0.15759347,0.15627956,0.16301757,0.1769478,0.19551934,0.21576785,0.23512025,0.251649,0.26409674,0.27186126,0.27499273,0.2741991,0.27083007,0.26678535,0.26426843,0.2653271,0.27126002,0.28217041,0.29695332,0.3137011,0.3302421,0.34456915,0.35509637,0.36078757,0.36121094,0.35655326,0.34760398,0.33570388,0.32263604,0.31042266,0.30099675,0.2957754,0.29527816,0.29900113,0.30564138,0.31353757,0.321099,0.3270882,0.3307477,0.33181864,0.33049908,0.32737094,0.32330853,0.3193714,0.31667867,0.3162644,0.31892526,0.3250881,0.3347346,0.34740445,0.36227173,0.37826324,0.39418787,0.40885773,0.42119527,0.43032566,0.43565413,0.43692437,0.4342511,0.4281182,0.41933224,0.40892363,0.39799434,0.38752747,0.37819678,0.37023365,0.36340487,0.3571176,0.3506173,0.3432116,0.3344579,0.32427767,0.31298706,0.3012478,0.2899509,0.28005195,0.27239227,0.2675557,0.2658114,0.26715976,0.27144298,0.2784479,0.28794065,0.29962474,0.31305915,0.3275939,0.3423638,0.35634983,0.3684898,0.3778087,0.3835412,0.38522828,0.3827762,0.3764742,0.36696863,0.35519543,0.34227556,0.32938313,0.31760353,0.3078089,0.30058086,0.2962006,0.29469907,0.2959331,0.29964566,0.3054873,0.31300718,0.32164302,0.33073917,0.33960408,0.34759983,0.35424244,0.35928833,0.36278507,0.36506882,0.366699,0.36833078,0.37054652,0.3736865,0.37773237,0.38228372,0.38663465,0.3899193,0.3912789,0.39000738,0.38565332,0.37807178,0.36743188,0.35419062,0.3390454,0.32287648,0.30668834,0.29155183,0.27854103,0.26864907,0.2626701,0.26105654,0.26379788,0.270384,0.27988222,0.2910972,0.30275518,0.3136683,0.3228633,0.32967666,0.33381882,0.33540484,0.33494157,0.33325648,0.3313553,0.33021033,0.3305142,0.33247137,0.3357089,0.33934644,0.34219643,0.3430192,0.34076467,0.3347646,0.32487017,0.3115428,0.29590163,0.27970818,0.26522678,0.25485435,0.25046614,0.2526857,0.26056758,0.2719655,0.28427443,0.29506204,0.30240712,0.3050167,0.3022361,0.29402092,0.28090036,0.2639405,0.24470267,0.22517283,0.20760018,0.19414109,0.18625996,0.1841155,0.1864316,0.19103728,0.19563867,0.19834556
135,0.196641,0.18942349,0.17868678,0.16606815,0.15400456,0.14563446,0.14403751,0.15073608,0.16474658,0.1833395,0.2034582,0.2225252,0.2386461,0.25060025,0.25781217,0.26034802,0.2589268,0.25491634,0.25025666,0.24722156,0.24794334,0.25377378,0.2647985,0.2798361,0.29689345,0.31374267,0.32835612,0.33915123,0.3451045,0.34579626,0.34141976,0.33276403,0.32116428,0.30839613,0.2964757,0.287331,0.28237012,0.2820933,0.2859698,0.29267374,0.30053565,0.3079731,0.31376728,0.31718242,0.31797996,0.31637523,0.31296524,0.3086395,0.30447456,0.30160794,0.30108964,0.30372247,0.30992335,0.3196466,0.3323938,0.34730044,0.36326364,0.37907663,0.39355084,0.4056217,0.4144393,0.41944358,0.42042172,0.41753906,0.41133502,0.40267253,0.39263126,0.38234428,0.37279385,0.36461157,0.35794616,0.3524572,0.34744424,0.34206668,0.33557937,0.32752016,0.3178172,0.3068102,0.2951924,0.28388637,0.27387327,0.26600906,0.26088,0.2587489,0.2596094,0.2633068,0.2696473,0.27843246,0.28940925,0.3021766,0.3161105,0.33035326,0.3438765,0.3555977,0.36451685,0.36984482,0.37110355,0.3681876,0.36138278,0.3513408,0.33901122,0.32553512,0.31210947,0.29983997,0.28961068,0.28200382,0.27729318,0.27550402,0.2764999,0.28004783,0.28583467,0.29344586,0.30234134,0.31186467,0.32129887,0.32996,0.33730456,0.34302396,0.3471027,0.34982374,0.3517105,0.35340634,0.35550895,0.3583992,0.3621157,0.36631933,0.37035847,0.37340763,0.3746323,0.3733364,0.3690673,0.36167088,0.3513018,0.3383991,0.32363996,0.30788228,0.2921061,0.2773556,0.26467636,0.25503266,0.2491922,0.2475868,0.25019535,0.25651035,0.26561573,0.2763455,0.28746402,0.29782614,0.30650282,0.31287447,0.31669465,0.31812003,0.31769565,0.31627876,0.3148869,0.31447428,0.3156769,0.31860715,0.3227826,0.3272211,0.33065948,0.33181518,0.32962325,0.32342058,0.31307775,0.29909033,0.28263614,0.26557943,0.2503522,0.23957634,0.23532906,0.23828201,0.24733515,0.26008812,0.27371725,0.28565976,0.29393592,0.29723436,0.29489893,0.28688902,0.2737397,0.25652826,0.23684335,0.21673478,0.19857845,0.18472917,0.17686367,0.17524077,0.17850159,0.18428588,0.19012286,0.19400598
136,0.18803559,0.18057068,0.16957751,0.15665066,0.14421277,0.13546538,0.13362874,0.14030047,0.15439141,0.17301047,0.1930211,0.21184383,0.22761144,0.23912969,0.24583887,0.24781018,0.24576405,0.24107894,0.23573254,0.23207614,0.2323448,0.23796622,0.24902305,0.2642584,0.2815866,0.29871467,0.31358677,0.32461753,0.3307921,0.33170158,0.3275472,0.31912258,0.30776528,0.2952537,0.28360838,0.27475956,0.2701056,0.27011716,0.2742194,0.2810457,0.28890514,0.29621556,0.3017733,0.30486435,0.30527285,0.303236,0.2993727,0.29459628,0.2900109,0.28678447,0.28599483,0.28846028,0.29459187,0.30431467,0.3170855,0.3319926,0.3478951,0.36356318,0.37780148,0.38955304,0.39798775,0.40257657,0.40314752,0.39991668,0.39348295,0.38477424,0.37493372,0.3651434,0.35640323,0.34931678,0.34395748,0.33987734,0.33626333,0.33218223,0.32682964,0.31971803,0.31077662,0.30036193,0.2891895,0.27820063,0.26838437,0.2605902,0.25538528,0.25300887,0.2534387,0.256523,0.2620953,0.27000672,0.28006557,0.29192975,0.30501875,0.31849644,0.33133534,0.34243965,0.35079014,0.35557923,0.35631576,0.3528893,0.34558958,0.33508086,0.322332,0.3085061,0.29481855,0.28238136,0.27206555,0.26441997,0.2596741,0.25781554,0.25869477,0.26209795,0.26775655,0.27530828,0.28425378,0.29395223,0.30367395,0.31269893,0.3204329,0.32651144,0.3308673,0.3337438,0.335644,0.33721477,0.33908194,0.34167343,0.3450831,0.34902322,0.35288042,0.3558511,0.3571078,0.3559503,0.35191467,0.34483132,0.33483717,0.32235238,0.30803427,0.29272038,0.2773696,0.2630049,0.2506515,0.24125595,0.23557204,0.23402207,0.23658003,0.24273941,0.25159335,0.26199454,0.27273503,0.28270438,0.2910135,0.29708698,0.3007265,0.30213994,0.3019237,0.30097857,0.30034426,0.30095848,0.30339122,0.307645,0.31310788,0.31867945,0.32301039,0.3247687,0.32286975,0.31665015,0.30599174,0.2914115,0.2741262,0.25607684,0.23983881,0.22825615,0.22364624,0.22679769,0.2365191,0.25019208,0.26478666,0.2776071,0.28660586,0.29044178,0.28844675,0.28057554,0.26736253,0.24989083,0.22977088,0.20910971,0.19040386,0.17620507,0.16840464,0.16735391,0.1715886,0.17854087,0.18556274,0.19054301
137,0.1813539,0.17387576,0.16283613,0.14978895,0.13713966,0.1281403,0.12613857,0.13281548,0.14700821,0.16569708,0.1856795,0.2043684,0.2199087,0.23111612,0.23743191,0.23892052,0.23629415,0.23093435,0.22485197,0.22047865,0.22016822,0.22545095,0.236431,0.25178725,0.26933908,0.28671893,0.30183032,0.3130734,0.3194333,0.32050714,0.31650424,0.3082275,0.29702592,0.2846927,0.27326536,0.2646855,0.26034352,0.26067305,0.26504114,0.27202553,0.27990097,0.28707618,0.29235652,0.29504663,0.29495317,0.29233778,0.28784618,0.2824231,0.27721035,0.27341866,0.27216697,0.2743011,0.28023383,0.2898624,0.30259514,0.31746668,0.33329082,0.34880775,0.36280784,0.37423408,0.38226828,0.3864039,0.38650227,0.38282442,0.3760266,0.36710545,0.35727838,0.34779412,0.33969235,0.3335699,0.3294405,0.326757,0.3245961,0.32193065,0.3178935,0.31196666,0.30407313,0.29457626,0.2842002,0.27388635,0.26460877,0.2571854,0.2521418,0.24967837,0.24975093,0.25221303,0.25693384,0.26382583,0.2727736,0.28351063,0.29551673,0.3079924,0.3199234,0.33021054,0.33782354,0.34194407,0.3420758,0.33811158,0.33035374,0.3194871,0.30650565,0.2925956,0.2789834,0.26676866,0.2567778,0.24948546,0.24503447,0.2433407,0.24422207,0.24748039,0.2529016,0.26019418,0.26892075,0.27847618,0.28813484,0.29715416,0.30490115,0.31096783,0.31524897,0.31796375,0.31961137,0.32085794,0.32236913,0.3246242,0.32776716,0.33154708,0.33536828,0.33842695,0.33988288,0.3390171,0.33534503,0.3286771,0.3191317,0.3071118,0.29325834,0.27839297,0.26345962,0.24946812,0.23743425,0.22830015,0.22281973,0.22141676,0.22406428,0.23025218,0.23907158,0.24938,0.25998414,0.26979822,0.2779673,0.2839591,0.28762698,0.28923786,0.28944936,0.2892148,0.28959927,0.29151845,0.29546228,0.30130666,0.30829775,0.31521162,0.32061312,0.32312298,0.3216383,0.31549457,0.30458125,0.28942835,0.27127555,0.25211313,0.23462361,0.22184671,0.21635701,0.2191319,0.22897479,0.24310331,0.2582955,0.27171373,0.28122535,0.28544277,0.2836733,0.27585894,0.2625296,0.24477309,0.22422156,0.20303771,0.18383406,0.16935135,0.16168296,0.16125031,0.16645756,0.17451967,0.18262158,0.18856451
138,0.17745517,0.17014848,0.1592254,0.14621878,0.13353275,0.1244643,0.12245504,0.12924589,0.14362608,0.16248953,0.18258357,0.20130388,0.21678855,0.22784519,0.23390286,0.23501125,0.2318704,0.22586228,0.21902801,0.21387768,0.21288979,0.21771686,0.22851141,0.2439071,0.26163223,0.2792353,0.29456434,0.30599013,0.31248644,0.31365076,0.3097011,0.30145624,0.29028818,0.27801967,0.2667195,0.2583505,0.25429657,0.25494716,0.2595989,0.26676044,0.27466002,0.28168705,0.28664824,0.288862,0.28815603,0.2848178,0.2795241,0.27325746,0.26720622,0.26263514,0.2607177,0.26234064,0.26792905,0.27735776,0.28998676,0.3047935,0.3205412,0.3359332,0.34973797,0.360889,0.36856893,0.37228164,0.37190908,0.36774543,0.36049536,0.35122097,0.34121925,0.33182123,0.32413095,0.31876698,0.31570914,0.31432977,0.31360582,0.31241983,0.3098403,0.30531254,0.29874304,0.29048738,0.2812588,0.271975,0.26356834,0.25680014,0.25213575,0.24972816,0.24951239,0.25135377,0.2551647,0.26092654,0.2686081,0.27802902,0.28874263,0.30000037,0.3108151,0.32009658,0.32681462,0.3301504,0.32961255,0.32510743,0.3169597,0.3058835,0.29290313,0.2792269,0.2660809,0.25452706,0.2453091,0.23878245,0.2349618,0.23366185,0.23465341,0.23775256,0.24280824,0.2496153,0.257818,0.26686773,0.27606246,0.28465465,0.2919888,0.2976294,0.30144992,0.30366322,0.3047824,0.30550846,0.306557,0.30845982,0.31140086,0.31514585,0.31909087,0.32240593,0.3242172,0.32377267,0.32056013,0.31436872,0.30530098,0.29374784,0.2803405,0.2658925,0.25134167,0.23769554,0.22597371,0.21712936,0.21193166,0.21081614,0.2137563,0.22023,0.2293113,0.23984542,0.25063813,0.2606163,0.26895136,0.27515066,0.2791199,0.28118834,0.28207886,0.28279853,0.28443328,0.28786612,0.2934947,0.30106133,0.3096723,0.3179888,0.3244996,0.32778487,0.3267261,0.3206575,0.30947357,0.29371184,0.27462325,0.25422364,0.23526299,0.22093284,0.21405719,0.2158667,0.22526397,0.23937634,0.2548087,0.26856607,0.27840543,0.28286988,0.2812259,0.27339402,0.25989702,0.2418297,0.22085045,0.1991811,0.17954707,0.16486345,0.15739729,0.15760508,0.16373889,0.17280293,0.1818357,0.18856935
139,0.17690791,0.16984737,0.15910926,0.14624424,0.13369416,0.12481058,0.12307794,0.13022554,0.14498705,0.16420664,0.18460059,0.20354134,0.21914513,0.23019885,0.2361133,0.23692453,0.23332685,0.22671087,0.21915202,0.21323457,0.21155246,0.2158789,0.22642852,0.24180868,0.25966555,0.27745906,0.2929688,0.30452254,0.31107292,0.31221443,0.30817762,0.29980743,0.28851444,0.27616838,0.26488477,0.25665578,0.2528569,0.2538232,0.2587674,0.26611626,0.27404043,0.28090033,0.28549656,0.28715712,0.2857296,0.28152937,0.2752685,0.26797333,0.26088566,0.25533295,0.25255388,0.25348884,0.25858712,0.26771018,0.28017387,0.29489893,0.31059518,0.325924,0.3396241,0.35060927,0.3580504,0.36144692,0.36068505,0.3560753,0.34835544,0.33864203,0.3283091,0.31878,0.3112465,0.30638278,0.3041704,0.30393085,0.3045605,0.30486,0.3038324,0.300878,0.29587197,0.28914204,0.281366,0.27341053,0.2661403,0.2602403,0.2561069,0.25384858,0.25338936,0.25461686,0.25749263,0.26206738,0.2683926,0.27637464,0.285646,0.29551992,0.30505005,0.31316966,0.31886262,0.3213228,0.3200763,0.31505466,0.3066157,0.2955107,0.28279772,0.26970142,0.25742954,0.24697424,0.23895484,0.2335667,0.230667,0.22995493,0.23115028,0.23408352,0.238668,0.24478914,0.25218257,0.2603715,0.26869684,0.27642694,0.28290492,0.28768894,0.29065233,0.29202265,0.29234654,0.29237562,0.29288343,0.29445085,0.29728523,0.30114165,0.30537644,0.30910507,0.31139916,0.31146246,0.30875206,0.30303895,0.29441687,0.28327388,0.2702416,0.25613615,0.24190082,0.22855397,0.21713448,0.20862348,0.20382069,0.20318201,0.20667908,0.21376494,0.22347762,0.23463011,0.24600933,0.25654024,0.26540953,0.2721565,0.27673414,0.27953044,0.28132927,0.283185,0.28619608,0.29120615,0.2985219,0.3077645,0.3179206,0.32755652,0.3350979,0.339089,0.338394,0.33234072,0.3208231,0.30438018,0.2842651,0.26250106,0.24187046,0.22566733,0.21693721,0.21721108,0.22560176,0.23923843,0.25458026,0.26845723,0.27848405,0.2831056,0.2815274,0.27363712,0.2599471,0.2415621,0.22017345,0.19806759,0.17807923,0.16327518,0.15605444,0.15687172,0.163825,0.17373514,0.18352163,0.19086166
140,0.17983443,0.1729548,0.16235788,0.14966564,0.1374144,0.12903284,0.12798654,0.13587913,0.15133522,0.17116457,0.19207191,0.21140951,0.2272679,0.23841149,0.24423777,0.24478184,0.24075134,0.23356679,0.22535315,0.21876743,0.2164964,0.22040375,0.23075147,0.24612619,0.2641022,0.28205314,0.29768512,0.30927572,0.315753,0.3167109,0.31240156,0.30371156,0.29210943,0.2795318,0.26815557,0.26000628,0.2564427,0.25772923,0.26297855,0.27052277,0.27846542,0.28513074,0.28930846,0.29033434,0.28807747,0.28288525,0.27551064,0.26702952,0.25874233,0.25204393,0.24824406,0.24834475,0.2528302,0.26155904,0.2738115,0.28845614,0.30415022,0.31951013,0.33323836,0.3442193,0.35159948,0.35485858,0.35386968,0.34894052,0.3408226,0.33066943,0.31992054,0.31009182,0.30247954,0.29784605,0.2962161,0.2968992,0.29873854,0.30046582,0.3010184,0.29974043,0.2964574,0.29144514,0.28531918,0.27886975,0.2728745,0.2679339,0.26438043,0.2622925,0.26160038,0.2622261,0.2641832,0.26758507,0.27255386,0.27907148,0.28684482,0.2952527,0.3034004,0.31025958,0.31484407,0.31637618,0.31441382,0.3089265,0.30031508,0.28937382,0.27719268,0.26500034,0.2539604,0.24495953,0.23845652,0.23446316,0.23267443,0.23268215,0.23416358,0.23696293,0.24104752,0.24637954,0.25277734,0.25983804,0.26695845,0.27344376,0.27866092,0.28218853,0.28392664,0.2841429,0.28344,0.28263614,0.28256822,0.28385702,0.28670913,0.29083484,0.2955152,0.29978243,0.3026363,0.30323008,0.30099267,0.29568526,0.2874043,0.2765478,0.2637609,0.24987541,0.23585363,0.22273953,0.21160778,0.20348464,0.19921437,0.19927853,0.20364006,0.21171016,0.22246902,0.23467548,0.24707763,0.2585807,0.2683709,0.27600557,0.28147224,0.28520563,0.2880395,0.29106653,0.29539496,0.30183867,0.31063777,0.32132733,0.33280882,0.3435775,0.352005,0.35659644,0.35618824,0.3500894,0.33818153,0.32099527,0.2997766,0.27654228,0.25408003,0.23574276,0.22475973,0.22298604,0.22984648,0.24257658,0.25753152,0.27135313,0.2814801,0.28622633,0.28471163,0.276776,0.26291507,0.24424413,0.22249195,0.20001265,0.17974183,0.16486712,0.15787292,0.15918913,0.16678682,0.17734955,0.1877051,0.19548091
141,0.18585792,0.17897466,0.16838987,0.15585603,0.14406477,0.13654332,0.13666731,0.14578255,0.16232175,0.18305112,0.20467831,0.22454706,0.24073069,0.25198174,0.2577005,0.2579441,0.2534628,0.24573854,0.23697092,0.22989376,0.22725789,0.23096436,0.24127644,0.25674325,0.27487138,0.2929564,0.30863574,0.32014036,0.32637918,0.3269556,0.32215872,0.31293678,0.3008384,0.2878874,0.2763339,0.26823494,0.26491627,0.26654917,0.2721268,0.2798746,0.2878223,0.29425475,0.2979503,0.29825482,0.295064,0.2887643,0.28015703,0.27037394,0.2607777,0.2528313,0.24791482,0.24709313,0.25089082,0.2591732,0.27119562,0.2857831,0.30154487,0.3170524,0.33096784,0.34213856,0.34967592,0.35302672,0.3520355,0.34698978,0.33863533,0.32814226,0.31699726,0.30679747,0.29894704,0.2943188,0.29301855,0.2943854,0.2972426,0.30027035,0.30234197,0.30273482,0.30120546,0.29795462,0.29351294,0.28857687,0.28383029,0.27979547,0.2767581,0.27478883,0.2738435,0.27388915,0.27499044,0.27731124,0.28102437,0.28616616,0.29250234,0.29947168,0.30623567,0.3118163,0.31527317,0.31587306,0.31322065,0.30733538,0.2986688,0.2880593,0.2766204,0.26556516,0.25598404,0.24862811,0.24377805,0.24126671,0.24065013,0.24144004,0.24328691,0.24604489,0.2497136,0.25430137,0.25968143,0.26550925,0.2712382,0.27622545,0.2798865,0.28185034,0.28207496,0.28089806,0.27900317,0.27729133,0.27666497,0.27776968,0.28078043,0.2853241,0.29057115,0.29544622,0.29886657,0.29993543,0.29806188,0.29300994,0.28489345,0.27413556,0.26140967,0.24757752,0.23363458,0.22066553,0.20979686,0.2021156,0.19852139,0.19952227,0.20506136,0.21448839,0.22670326,0.24038836,0.2542314,0.26709664,0.27814883,0.2869426,0.29348037,0.29822597,0.30204993,0.30607957,0.31144503,0.31896204,0.32885182,0.34061453,0.3531069,0.3647737,0.3739341,0.37904176,0.3788864,0.37273756,0.360446,0.34251893,0.32018292,0.2954356,0.271051,0.25040755,0.2368798,0.23264791,0.23752649,0.24896437,0.26327178,0.27690226,0.28708947,0.2919828,0.29058912,0.28268188,0.26872918,0.2498521,0.22781551,0.20503703,0.18453664,0.16958667,0.16271761,0.16433793,0.17234756,0.18334898,0.19409996,0.20217387
142,0.19418587,0.18705475,0.1763241,0.16393279,0.15277861,0.14649066,0.14827186,0.15908518,0.17709091,0.19899015,0.22150122,0.24197479,0.25848424,0.26979005,0.27531925,0.2751802,0.27019978,0.26195687,0.25275418,0.24540922,0.24270736,0.24652436,0.2570598,0.27278897,0.29114535,0.30935606,0.32500282,0.3362832,0.34210148,0.34208748,0.33658752,0.3266339,0.3138779,0.3004482,0.28867522,0.2806383,0.2776075,0.27963394,0.28557122,0.2935281,0.301458,0.30760786,0.31074893,0.31024382,0.30602318,0.29852188,0.28859866,0.27744764,0.26649633,0.25727314,0.25122198,0.24946404,0.2525625,0.26039487,0.272202,0.2867764,0.3026872,0.31846437,0.33272868,0.3442857,0.35220447,0.35588974,0.3551467,0.35023025,0.3418655,0.33122125,0.31981054,0.30929178,0.30116445,0.29641554,0.29525444,0.29708433,0.30074137,0.30487543,0.3083021,0.31022578,0.31032062,0.30869666,0.30578744,0.30219185,0.2985072,0.2951955,0.29251948,0.29056495,0.28932983,0.2888327,0.28918475,0.29058516,0.2932342,0.29719573,0.3022709,0.30794352,0.3134278,0.31780198,0.32018313,0.3198965,0.31660625,0.31039107,0.30175695,0.29158208,0.28099027,0.27115735,0.26307747,0.2573534,0.25409666,0.25299224,0.25349826,0.25508004,0.25737604,0.26024258,0.2636845,0.26771802,0.27223217,0.27691153,0.281253,0.28466985,0.28664452,0.28688338,0.2854338,0.28273398,0.27957383,0.2769517,0.27583417,0.27687192,0.28017476,0.28524926,0.29112628,0.2966076,0.30052543,0.30193987,0.3002523,0.29524416,0.2870622,0.27616975,0.26328292,0.24930713,0.23528437,0.22235371,0.21170752,0.20450583,0.2017103,0.20385192,0.21084043,0.2219449,0.23596412,0.25148293,0.26710635,0.28163394,0.29418394,0.30428338,0.31192628,0.31758678,0.32216278,0.32682276,0.33274668,0.34080192,0.35125318,0.36362454,0.37676817,0.3890946,0.3988652,0.40446317,0.4046059,0.39849687,0.3859316,0.3673735,0.3440134,0.31781653,0.29152822,0.26852915,0.25230482,0.24534291,0.24789423,0.25771794,0.27115372,0.28448573,0.2947247,0.29982653,0.29865772,0.29090348,0.27698866,0.258029,0.23581578,0.21281669,0.19211183,0.1770226,0.17010318,0.17177111,0.17992812,0.19115229,0.20214689,0.21042095
143,0.20377792,0.19616094,0.1851522,0.17292313,0.162609,0.15791678,0.1617833,0.17468843,0.19446462,0.21772991,0.2412174,0.26230067,0.2790742,0.29033032,0.29555002,0.2949233,0.28938663,0.28064838,0.27113914,0.26376417,0.2613141,0.2655787,0.27662703,0.292817,0.3114969,0.32983395,0.34537116,0.35629213,0.36151657,0.3607221,0.35433424,0.3434913,0.32996666,0.3160064,0.30402118,0.29609743,0.29342228,0.2958998,0.30222684,0.31038973,0.31826776,0.32407624,0.32658783,0.32519156,0.31986353,0.31109726,0.29981768,0.28728724,0.27499935,0.26454288,0.25741473,0.25477967,0.25723085,0.264658,0.27629533,0.2909144,0.307054,0.3232088,0.33796024,0.35007098,0.35856462,0.3627997,0.36253735,0.35799396,0.3498662,0.33930966,0.32784614,0.31717187,0.30885702,0.30398595,0.3028715,0.30499798,0.30923954,0.31423756,0.3187623,0.32194838,0.3233851,0.32308948,0.32139993,0.3188275,0.3159013,0.31304657,0.31052697,0.30846202,0.3069023,0.3059195,0.3056639,0.3063543,0.30819514,0.31125048,0.31532982,0.31994137,0.3243407,0.3276605,0.32908073,0.3279937,0.32413137,0.31763688,0.30907017,0.29934198,0.28957275,0.28088558,0.27417016,0.26989043,0.2680199,0.26814038,0.26965487,0.27201107,0.27484408,0.27800205,0.28146905,0.28523266,0.28915873,0.292927,0.29605606,0.29800877,0.29834223,0.29685917,0.29372108,0.2894927,0.28509164,0.28162423,0.28011623,0.2812026,0.28489798,0.29056078,0.29706493,0.3030849,0.3073727,0.30895543,0.3072393,0.30203667,0.29354045,0.28226715,0.268988,0.25466353,0.2403936,0.22738287,0.21690032,0.21018758,0.20827064,0.21169735,0.22033063,0.2333421,0.24941184,0.26700795,0.28463104,0.30099168,0.31513596,0.32653782,0.3351601,0.34147143,0.3463935,0.35115096,0.35701194,0.36495462,0.37535578,0.38782448,0.4012477,0.41401497,0.42432085,0.43045512,0.43103325,0.42516214,0.41255352,0.39360228,0.3694436,0.34199467,0.31395882,0.2887014,0.26978964,0.25998887,0.26000074,0.26797116,0.2803519,0.29329655,0.30359155,0.30897915,0.30816147,0.3007133,0.28699708,0.2681063,0.24584115,0.222698,0.2017887,0.1864543,0.17926864,0.1807054,0.18874288,0.19998622,0.21109667,0.21950807
144,0.21351841,0.2052299,0.19386846,0.18187076,0.17261747,0.16984273,0.17612194,0.1913846,0.2131128,0.23783563,0.26230627,0.2839365,0.30086318,0.31193468,0.31671175,0.31549332,0.30935296,0.30015346,0.29046932,0.2832908,0.28138408,0.28640032,0.29822168,0.31505036,0.33413723,0.35259745,0.36795324,0.37839577,0.38288242,0.38116005,0.37375385,0.36192632,0.34758633,0.33310246,0.32095835,0.31322694,0.31098524,0.31396723,0.320702,0.3290539,0.33683535,0.34224048,0.3440546,0.3417046,0.3352225,0.32516962,0.31254405,0.29868,0.28513557,0.27355257,0.26546776,0.2620732,0.26397896,0.27108222,0.2826153,0.29733866,0.31377146,0.3303808,0.34571335,0.35849133,0.36769393,0.37263438,0.3730307,0.36906162,0.36139452,0.35116702,0.33989772,0.32929903,0.32098153,0.31609553,0.3150358,0.31736374,0.32200313,0.3276052,0.33291218,0.3370024,0.33939144,0.34001476,0.33913094,0.3371833,0.33465645,0.3319627,0.3293862,0.32709274,0.32518974,0.3237992,0.32310122,0.32331893,0.32464015,0.32710418,0.3305028,0.33434576,0.33791354,0.34038502,0.34100118,0.33922356,0.3348549,0.32810357,0.3195806,0.3102223,0.30113727,0.29339203,0.28778046,0.2846543,0.28388986,0.2850097,0.28739673,0.29049984,0.2939538,0.29758778,0.30134344,0.30515108,0.30882096,0.31199768,0.31419808,0.31492132,0.31379753,0.3107337,0.30602014,0.3003648,0.29482633,0.29062393,0.2888353,0.29006213,0.29420346,0.30045518,0.30753043,0.3139805,0.31848595,0.3200509,0.31809637,0.31247526,0.30343622,0.2915583,0.2776766,0.26281562,0.24814142,0.23493251,0.22454217,0.21829855,0.21729165,0.22207879,0.23246379,0.24750689,0.26575476,0.2855421,0.30524576,0.3234655,0.33915234,0.35170475,0.36103562,0.36759642,0.37233374,0.376548,0.3816373,0.388752,0.39845103,0.41049013,0.42383072,0.43685317,0.4476745,0.45446557,0.45570785,0.45037857,0.43807486,0.41909596,0.39449903,0.36613563,0.33665356,0.30938816,0.28796265,0.27538314,0.27279028,0.2787666,0.2899564,0.30243793,0.3127899,0.3185332,0.31818843,0.31120032,0.297849,0.27918524,0.25699592,0.23378047,0.21265425,0.19695748,0.18929201,0.19023646,0.19791098,0.20899214,0.2201121,0.22862245
145,0.22234868,0.2132746,0.2015493,0.18989198,0.18191451,0.18130904,0.19020356,0.20794512,0.23167239,0.257833,0.2832089,0.30526504,0.32220003,0.3329397,0.3371463,0.33524868,0.32847673,0.31886247,0.3091297,0.3023433,0.30121568,0.30721733,0.32000318,0.33759385,0.35713592,0.37570113,0.39080867,0.40067798,0.40432474,0.40158382,0.3930958,0.380259,0.36512336,0.3501767,0.33796158,0.33051434,0.32877785,0.33230066,0.33944142,0.34794977,0.3555834,0.3605286,0.36159632,0.35826227,0.35062355,0.3393156,0.32541284,0.31032103,0.29565802,0.28310877,0.27423495,0.27023864,0.27173218,0.278613,0.29011363,0.3049914,0.32175568,0.33885452,0.35480648,0.36829844,0.3782701,0.38399458,0.38515276,0.38189176,0.37485433,0.36516088,0.35432023,0.34404314,0.33595073,0.33122146,0.33029705,0.3327952,0.33768666,0.34364453,0.3494021,0.35400257,0.35690933,0.35799897,0.3574744,0.3557368,0.35325086,0.3504369,0.34761366,0.34499964,0.34275857,0.3410564,0.3400929,0.34008145,0.34117568,0.34336907,0.3464131,0.34979725,0.35280898,0.35466063,0.35464704,0.3522954,0.34747735,0.3404643,0.331915,0.32278755,0.31417793,0.3071034,0.30228245,0.29998794,0.30003858,0.3019332,0.30505845,0.3088753,0.31301755,0.31728613,0.32156488,0.3257065,0.329443,0.3323608,0.3339545,0.33374473,0.33142644,0.3270097,0.32091746,0.31400684,0.30748186,0.3026734,0.30070367,0.30212995,0.30672726,0.3135281,0.3210908,0.32785314,0.33243343,0.3338205,0.33145615,0.3252394,0.31547958,0.3028234,0.2881752,0.27262855,0.25742137,0.24391174,0.23354223,0.22773008,0.22762664,0.23379028,0.24595363,0.26305303,0.28348926,0.30545035,0.32717445,0.34713405,0.3641679,0.3775828,0.38722822,0.39353162,0.3974686,0.40043586,0.40400225,0.4095504,0.41789097,0.42898878,0.4419192,0.4550641,0.4664488,0.47409633,0.47631973,0.47193202,0.46038443,0.44185334,0.4172952,0.38847825,0.3579812,0.32909587,0.30547825,0.29033554,0.2852163,0.28916192,0.29907814,0.31103224,0.32142764,0.3275704,0.3277918,0.32139242,0.30855238,0.2902594,0.26826388,0.24504259,0.22368978,0.20753181,0.19921075,0.19944999,0.20656078,0.21732773,0.22836909,0.23695362
146,0.22935826,0.21945412,0.20740369,0.19621094,0.1896875,0.19140765,0.20298582,0.22318655,0.24883382,0.27631184,0.30244341,0.324761,0.3415416,0.3518052,0.3553309,0.35269064,0.3452801,0.3353046,0.32563245,0.31938708,0.3192002,0.326332,0.34018713,0.358593,0.37859273,0.39722553,0.4120242,0.42125487,0.42400813,0.42022043,0.41065675,0.39685473,0.38100222,0.36569503,0.3535157,0.3464414,0.3452629,0.34933755,0.35686004,0.36547917,0.372914,0.37735832,0.37766147,0.37335786,0.3646155,0.35214636,0.3370999,0.32094818,0.30535987,0.2920503,0.28259024,0.27817506,0.2794053,0.2861716,0.29770702,0.3127723,0.32987544,0.34745392,0.36400592,0.37819043,0.38891548,0.39542302,0.39736632,0.39487055,0.3885621,0.3795485,0.3693255,0.35958838,0.35194194,0.34755552,0.34687862,0.34955552,0.35459158,0.36068678,0.36658305,0.3713127,0.37431437,0.37543383,0.37484676,0.37293848,0.3701766,0.36700585,0.36378855,0.36079752,0.35824847,0.3563433,0.3552909,0.35528263,0.35642368,0.35864538,0.36164087,0.3648608,0.3675827,0.3690384,0.36856622,0.36575183,0.36053085,0.35323414,0.3445656,0.3355053,0.32714197,0.320458,0.31612104,0.31435668,0.314958,0.31742495,0.32116288,0.32565022,0.3305183,0.3355338,0.34051317,0.34521985,0.34929386,0.3522483,0.3535405,0.3526987,0.3494717,0.34396496,0.33672926,0.3287677,0.32142586,0.31614113,0.3140736,0.31573173,0.32076827,0.32806075,0.33602494,0.3429966,0.3475403,0.34863457,0.34574512,0.33881837,0.3282257,0.3146826,0.29916424,0.28283557,0.26700944,0.25312704,0.24272352,0.2373056,0.23808092,0.24559756,0.25950292,0.2785964,0.30112264,0.3251142,0.34866193,0.37010214,0.38815224,0.4020187,0.41148117,0.41694102,0.41940916,0.42039862,0.4216874,0.4249482,0.4313122,0.44101593,0.45328623,0.4665114,0.47860357,0.48740223,0.49101347,0.48805106,0.47779042,0.46026087,0.43629864,0.40757373,0.37658405,0.34656665,0.32118946,0.3038214,0.2963758,0.29835033,0.30696318,0.3183355,0.32873952,0.33528584,0.3361196,0.33039048,0.31816635,0.30035484,0.27864945,0.25548184,0.23390579,0.21722542,0.20813264,0.20752044,0.21392234,0.22425853,0.23515025,0.24378933
147,0.23385058,0.22312598,0.21081488,0.20019506,0.1952367,0.19932565,0.21352285,0.23603654,0.26341832,0.2920133,0.31869936,0.34108934,0.35755128,0.36721033,0.3699704,0.36655033,0.35851106,0.34822494,0.3386925,0.33307642,0.3339069,0.34221765,0.35715637,0.3763592,0.39677393,0.41542017,0.42985964,0.43841952,0.44027695,0.43547654,0.42490885,0.4102457,0.39380112,0.37826124,0.36622706,0.35959736,0.3590015,0.36361003,0.37146896,0.3801457,0.3873395,0.3912676,0.39082932,0.38562468,0.375895,0.3624264,0.34643695,0.32945484,0.31318653,0.29936236,0.28954583,0.28491035,0.28603294,0.29279146,0.30441993,0.31968722,0.33710706,0.35511425,0.3721948,0.3869887,0.39838254,0.40559843,0.4082742,0.4065251,0.40097114,0.3927129,0.38323212,0.37419763,0.36717525,0.36329228,0.3629694,0.36584646,0.37094665,0.37699682,0.38276175,0.38728634,0.39001206,0.39078322,0.3897757,0.38738343,0.38409555,0.3803929,0.37668574,0.37329885,0.3704934,0.3684983,0.3675216,0.3677229,0.3691483,0.37165552,0.37486625,0.37817842,0.3808453,0.38210535,0.3813292,0.3781526,0.3725688,0.3649641,0.3560864,0.34694055,0.33861667,0.33207825,0.32796445,0.32647872,0.3274105,0.33027646,0.33450884,0.33960626,0.34519705,0.35101125,0.35679498,0.36221823,0.3668233,0.37004244,0.371286,0.37007877,0.3662119,0.35987505,0.35173643,0.34293523,0.33494946,0.32931456,0.32722294,0.32913443,0.33458686,0.34231603,0.35061,0.35771456,0.36214855,0.3628843,0.35941222,0.35172537,0.34025526,0.3257843,0.30935693,0.29220942,0.2757305,0.2614468,0.2509878,0.24594782,0.24758153,0.25641018,0.27197722,0.29293075,0.31735125,0.3431127,0.36815807,0.3906877,0.40929797,0.42309535,0.43179083,0.43576336,0.43606862,0.43435606,0.43264988,0.43296948,0.43683583,0.44481826,0.45632562,0.46974376,0.48283347,0.49320254,0.49870548,0.49772185,0.48932648,0.4733844,0.45059997,0.42253667,0.39160597,0.36098304,0.3343316,0.31514567,0.3056544,0.3057894,0.31311136,0.32385266,0.3342037,0.34110928,0.34254125,0.3375008,0.325938,0.30866948,0.28731683,0.26425013,0.24246873,0.22524887,0.21533588,0.21380082,0.2194118,0.22924137,0.23993,0.24860384
148,0.23539682,0.22389366,0.21138407,0.20139861,0.19802362,0.20440246,0.2210309,0.2456062,0.2744563,0.3039138,0.33092582,0.35319567,0.3691902,0.37814397,0.3800853,0.37587446,0.36722708,0.35666743,0.34731016,0.34233984,0.34417287,0.35361516,0.36956584,0.38948277,0.41023234,0.42882848,0.44287446,0.45076853,0.45177943,0.44605917,0.4346165,0.41924393,0.40236259,0.38672653,0.37493405,0.3687923,0.36876997,0.37386551,0.3819989,0.39067978,0.39760783,0.40103853,0.39993057,0.3939531,0.38341874,0.3691807,0.3525142,0.3349891,0.3183329,0.30427387,0.2943522,0.289706,0.2908799,0.29773492,0.3095066,0.32497552,0.3426667,0.36101896,0.3785143,0.39378348,0.40570322,0.41348875,0.41677627,0.415684,0.41083667,0.4033345,0.39464563,0.38640398,0.3801184,0.3768478,0.37695354,0.38004383,0.3851429,0.39100176,0.3964185,0.40047038,0.40262657,0.40275565,0.4010578,0.3979552,0.39397207,0.389632,0.385393,0.38162678,0.3786316,0.37665445,0.3758947,0.37647286,0.37836993,0.3813633,0.38499588,0.38860354,0.3914052,0.3926351,0.39168656,0.38823688,0.38233072,0.37440634,0.36525503,0.35591,0.34747145,0.34089726,0.33681464,0.33542082,0.3365142,0.3396357,0.3442479,0.34987143,0.3561331,0.3627287,0.36933693,0.37553716,0.3807755,0.3844025,0.3857772,0.38441327,0.38013378,0.3732004,0.3643853,0.35495025,0.3464927,0.34063548,0.33859733,0.34079027,0.34664604,0.35477298,0.36334655,0.3705356,0.37482193,0.37517592,0.37111348,0.36267236,0.35034066,0.33496353,0.31765133,0.2997093,0.28260213,0.2679433,0.25745705,0.25281996,0.25531814,0.26542124,0.28254363,0.3051661,0.3312002,0.35836518,0.38446417,0.40757155,0.42617294,0.43928507,0.4465601,0.44836542,0.44581574,0.44071996,0.4353876,0.43224442,0.43327275,0.43943226,0.45032695,0.46430174,0.4788977,0.49142134,0.4994236,0.5010188,0.49506685,0.4812647,0.46018675,0.43329436,0.40291694,0.3721692,0.3447013,0.3241021,0.31286702,0.31132504,0.3173881,0.32744363,0.33764797,0.34481457,0.3467629,0.3423556,0.33142737,0.31470057,0.29371724,0.2707764,0.24881536,0.23107845,0.22036152,0.21790667,0.22271034,0.2320013,0.24245185,0.25113687
149,0.23388396,0.2216533,0.2089777,0.19961356,0.19772887,0.20619549,0.22496001,0.25126603,0.28126693,0.31130776,0.33841643,0.3603929,0.3758046,0.38399225,0.38509956,0.38011327,0.37088358,0.36006442,0.35086375,0.34647506,0.34920126,0.35963482,0.37644827,0.39694273,0.41792065,0.43640336,0.45004487,0.45731857,0.45758292,0.4510887,0.43894765,0.42305142,0.40590325,0.3903004,0.37882024,0.3731732,0.37367874,0.37918758,0.38752252,0.39616132,0.40282372,0.40581635,0.40416312,0.39760184,0.38650972,0.3717956,0.35477623,0.337045,0.3203316,0.30634424,0.29658493,0.29214582,0.29353303,0.3005887,0.3125503,0.3282124,0.34611505,0.36470652,0.38247228,0.39804396,0.41030052,0.41846398,0.42218307,0.4215925,0.41733268,0.4105107,0.40258244,0.39514172,0.38962772,0.3870119,0.38757375,0.39086908,0.395909,0.40146515,0.4063757,0.4097652,0.41114998,0.41044307,0.40788686,0.40394533,0.39918536,0.39417455,0.3894144,0.38531548,0.38220435,0.3803381,0.37990162,0.3809734,0.3834677,0.38708067,0.39127412,0.39531815,0.39839134,0.39971644,0.39870167,0.395059,0.38887897,0.38064843,0.3712017,0.36160293,0.35296825,0.346258,0.3420958,0.34067926,0.34181905,0.34508133,0.34995946,0.35599768,0.36282563,0.37011176,0.3774762,0.38441706,0.39029258,0.3943764,0.39597717,0.39459383,0.39007324,0.38273746,0.37344876,0.3635759,0.35482067,0.34888014,0.3469906,0.3495145,0.35578382,0.36429188,0.373117,0.3803652,0.38449174,0.38447145,0.3798477,0.37070134,0.35757303,0.3413657,0.32325068,0.3045994,0.286952,0.2720097,0.2615902,0.257442,0.26085755,0.2722194,0.29078075,0.3148384,0.34213516,0.37024662,0.39685342,0.41992345,0.43785205,0.44958615,0.45473897,0.45368603,0.44762373,0.43855155,0.42911214,0.42220765,0.42036083,0.42496926,0.43580738,0.45108372,0.46799898,0.48346084,0.49466136,0.49943206,0.4964244,0.48518622,0.46618477,0.44080168,0.4113037,0.38075858,0.352804,0.33110246,0.3183703,0.315289,0.32011095,0.3294047,0.3393308,0.34660488,0.34891808,0.3450105,0.33461094,0.3183519,0.29769656,0.27487195,0.25275204,0.23454772,0.2230971,0.21979274,0.22383535,0.23259911,0.24279426,0.25145975
150,0.22955665,0.21663766,0.20377575,0.1949238,0.19431308,0.20454708,0.22506525,0.2527199,0.2835341,0.31388518,0.34088865,0.36244148,0.37720674,0.38462022,0.38492334,0.37920523,0.3694221,0.35832867,0.34920508,0.34524837,0.34866333,0.35986006,0.37731937,0.39821348,0.4192992,0.43761575,0.45087183,0.45761356,0.45727998,0.45020437,0.4375784,0.42136517,0.40412062,0.38866013,0.37752685,0.3723391,0.37328973,0.3791149,0.38757342,0.39613768,0.40256518,0.40522274,0.40320122,0.3963019,0.38495582,0.37011173,0.35310918,0.33554482,0.3191307,0.30553794,0.29621744,0.29220775,0.29397312,0.30133584,0.31353548,0.32938126,0.34742987,0.366143,0.38401625,0.3996916,0.41206226,0.42037055,0.42429158,0.42398942,0.42013082,0.41383708,0.4065551,0.39983687,0.3950453,0.3930534,0.39404532,0.39751068,0.4024376,0.4076145,0.41192344,0.4145456,0.4150572,0.41342872,0.40995547,0.40514946,0.39962116,0.39397776,0.38875577,0.38439465,0.38123986,0.3795524,0.37950045,0.38112184,0.38426808,0.3885587,0.39337805,0.39793167,0.40135634,0.40285984,0.4018603,0.39809912,0.39170846,0.38322046,0.37351117,0.36367607,0.35484844,0.3479923,0.343727,0.34224766,0.34337264,0.3466888,0.35171846,0.35803172,0.36526817,0.3730803,0.38104412,0.3885919,0.39500773,0.39949933,0.40133077,0.39998662,0.3953329,0.3877427,0.37815526,0.36803097,0.359159,0.35329407,0.35167646,0.35461152,0.36133242,0.37022746,0.37929305,0.38658863,0.39055684,0.39018616,0.3850519,0.37527815,0.36145484,0.34453773,0.3257546,0.30654013,0.28850952,0.27345252,0.26327598,0.25978175,0.2642311,0.27687156,0.29675785,0.32198825,0.35014352,0.37867513,0.40516645,0.42750704,0.44403115,0.4536461,0.45595634,0.45137733,0.44122308,0.4277307,0.41394523,0.40333924,0.3990675,0.40298605,0.41493344,0.4327812,0.45319414,0.4725614,0.48767853,0.49611175,0.49634787,0.48783708,0.47098917,0.44715032,0.41856155,0.3882714,0.3599189,0.33723074,0.32310742,0.3185352,0.32208034,0.33049726,0.3399733,0.34715128,0.34961572,0.34600207,0.33594772,0.3200068,0.29957294,0.27680874,0.25453123,0.23591976,0.22384326,0.21981308,0.22319372,0.23147899,0.24141507,0.2500191
151,0.22304553,0.2094506,0.19631457,0.18775654,0.18807516,0.19964717,0.22147125,0.25007072,0.28137282,0.31179836,0.33855018,0.35961553,0.37374097,0.38043863,0.3800218,0.3736495,0.36334756,0.3519374,0.3427503,0.3389905,0.34279704,0.3544472,0.3722773,0.39336333,0.41443357,0.43255085,0.44547603,0.45181835,0.45108074,0.44365567,0.43078533,0.4144713,0.39729026,0.3820519,0.37125796,0.36644968,0.36772695,0.37375227,0.38225672,0.39073247,0.39698875,0.39945704,0.3972916,0.39034724,0.37909392,0.36450148,0.34791163,0.3309033,0.3151522,0.3022774,0.2936692,0.29030803,0.29261515,0.3003929,0.312882,0.32890508,0.34703532,0.36575004,0.38356057,0.39912784,0.41137034,0.41956303,0.42341974,0.42314538,0.41944283,0.41345513,0.4066252,0.40046594,0.3962641,0.3947922,0.39613444,0.39970833,0.40447316,0.40923107,0.41290832,0.4147467,0.41438773,0.41186434,0.40752727,0.401935,0.3957355,0.38956532,0.38398376,0.37944713,0.3763109,0.37483615,0.3751761,0.37733465,0.38111034,0.38605657,0.39148945,0.39655632,0.40035522,0.40207902,0.40115368,0.39734694,0.3908289,0.38217407,0.3722972,0.36232197,0.35339448,0.34647557,0.34217092,0.3406616,0.3417622,0.345072,0.35013884,0.35656187,0.3640003,0.37210587,0.38042942,0.38835773,0.3951203,0.39987442,0.4018504,0.4005236,0.3957784,0.3880329,0.3782928,0.36809513,0.3592982,0.35369343,0.35250407,0.35596272,0.36319858,0.372502,0.38180348,0.3891353,0.39294514,0.39224854,0.38666064,0.37635136,0.36195883,0.344488,0.3252195,0.30564946,0.2874685,0.27255422,0.2628928,0.2603092,0.26598006,0.27995947,0.30106544,0.3271908,0.3557697,0.38415617,0.40986788,0.43075037,0.44511336,0.45186353,0.45063883,0.44194174,0.4272609,0.40914848,0.39116192,0.37748325,0.37200186,0.3769716,0.39201367,0.41429415,0.43967924,0.46394855,0.4835329,0.49581808,0.49922168,0.49318376,0.4781321,0.45544013,0.427375,0.39700675,0.36800203,0.34415588,0.32852823,0.3223661,0.324511,0.33188665,0.34070787,0.34755373,0.34991497,0.34633732,0.33638296,0.32054436,0.30016237,0.27735147,0.2548862,0.23592104,0.22334333,0.21874335,0.22159578,0.22947523,0.23915398,0.24763885
152,0.21536548,0.20107634,0.18751074,0.17892073,0.17970026,0.1920848,0.21472429,0.24387127,0.27537814,0.30570844,0.33214256,0.35274383,0.36632258,0.37244186,0.37145415,0.36454913,0.35377908,0.3419929,0.33255103,0.32867664,0.33249235,0.3442119,0.36208805,0.38313758,0.40407443,0.4219845,0.43467057,0.44078788,0.43987975,0.43236816,0.41951177,0.4033143,0.38633987,0.37137085,0.3608668,0.3563164,0.3577702,0.36386487,0.37234142,0.38073465,0.38691437,0.38937503,0.38732514,0.3806584,0.36986494,0.3559151,0.34013137,0.32405558,0.30931097,0.29745376,0.2898083,0.2872961,0.29029626,0.29859102,0.3114203,0.3276169,0.34576878,0.36436975,0.38195112,0.39720017,0.40906978,0.41687772,0.4203863,0.41985032,0.41601655,0.4100569,0.40341717,0.39757818,0.39375836,0.3926365,0.39420167,0.3978007,0.40236285,0.40670118,0.40978375,0.41091108,0.40978816,0.40650713,0.4014682,0.3952668,0.3885753,0.38204408,0.37623945,0.3716214,0.36854774,0.36727858,0.3679586,0.37056994,0.37487367,0.38037336,0.38633126,0.3918477,0.39598924,0.39793724,0.39712626,0.39334896,0.3868108,0.37812483,0.36823925,0.35829854,0.34945074,0.34263897,0.3384375,0.336995,0.33810663,0.34137344,0.3463654,0.3527146,0.36011094,0.36822307,0.37659863,0.38460302,0.39143434,0.39621973,0.39817116,0.3967644,0.3919062,0.38405803,0.37428427,0.3641852,0.35566777,0.35053325,0.34995797,0.35407674,0.3619037,0.371637,0.3811595,0.38849977,0.39213276,0.3911187,0.38512424,0.37437123,0.35954744,0.3417062,0.3221793,0.30252388,0.28450635,0.27008808,0.26131475,0.2599874,0.267129,0.28253737,0.3047653,0.33150625,0.3600731,0.38775426,0.41203612,0.4307571,0.44224375,0.44544923,0.44010025,0.42685452,0.40746605,0.3849313,0.36350277,0.34827438,0.34393495,0.35284194,0.3737923,0.40271196,0.43446702,0.4642923,0.4884185,0.50421673,0.5101716,0.50581956,0.49169016,0.46925268,0.4408575,0.40964386,0.37934217,0.35383368,0.3363288,0.3283009,0.32882315,0.3349521,0.34290588,0.34918714,0.35119045,0.34737867,0.33725262,0.32126203,0.30071718,0.2777083,0.25498927,0.23570168,0.2227398,0.21772917,0.22019371,0.2277432,0.23716071,0.24545081
153,0.20785178,0.1928315,0.17863695,0.1696091,0.17028052,0.18287605,0.20581962,0.23514785,0.2666428,0.29679567,0.32294402,0.34320447,0.35642564,0.36219075,0.36085483,0.35359493,0.3424422,0.33022854,0.32031783,0.31596634,0.3193425,0.33068547,0.3482412,0.36900994,0.3897031,0.40742183,0.4199929,0.42609295,0.42527625,0.41796073,0.40538472,0.38951653,0.37287515,0.35819575,0.3478994,0.34345365,0.34491116,0.3509353,0.3593156,0.36764857,0.3738675,0.3765218,0.37485904,0.36879256,0.35881144,0.345865,0.33123696,0.3164157,0.30296105,0.29236126,0.28587493,0.28436762,0.28817904,0.2970711,0.3102794,0.32664266,0.34476042,0.36314285,0.38034436,0.39508393,0.40635568,0.41352677,0.41641426,0.41532788,0.41106316,0.4048262,0.39807332,0.39226437,0.38856366,0.3875723,0.38919798,0.392726,0.39705843,0.4010174,0.40360755,0.40418094,0.40249696,0.39869577,0.393213,0.38666412,0.37972662,0.37304485,0.36717433,0.36256585,0.35957354,0.35845923,0.35936952,0.3622816,0.3669396,0.3728183,0.3791451,0.38498852,0.38939434,0.39153907,0.39086884,0.38720122,0.38077468,0.3722356,0.3625574,0.35289276,0.34437424,0.33790553,0.334006,0.33277047,0.33395833,0.33716306,0.34197432,0.3480615,0.35515612,0.3629606,0.3710417,0.37876856,0.38533345,0.3898568,0.39155152,0.38990828,0.384865,0.37692904,0.36721954,0.3573872,0.3493641,0.34492692,0.34516516,0.3500829,0.3585651,0.36872515,0.3784208,0.38570482,0.389106,0.38775057,0.38137195,0.37025356,0.3551377,0.3371279,0.31760806,0.2981968,0.28073427,0.26725343,0.25982362,0.26015583,0.269041,0.28596887,0.30922028,0.3363135,0.3644734,0.39095578,0.41324827,0.42921844,0.43725294,0.43640584,0.42656392,0.4086382,0.3847907,0.3586745,0.3355214,0.32156667,0.32211608,0.33880585,0.36865157,0.4059441,0.44470197,0.47993785,0.50795645,0.52630085,0.53364515,0.52970755,0.515185,0.49169812,0.4617314,0.42854056,0.39596224,0.36799473,0.3480088,0.33768603,0.33629072,0.34096223,0.34787422,0.3534161,0.3548652,0.35059592,0.34005523,0.32366738,0.30273637,0.2793563,0.25628746,0.23667474,0.22341049,0.21811418,0.22030202,0.22757576,0.23671336,0.24472038
154,0.20198734,0.18620855,0.17119566,0.16131407,0.16126885,0.17343721,0.19617766,0.22537,0.25671604,0.2867043,0.31269827,0.3328382,0.34598097,0.35169774,0.35030946,0.34293827,0.33154666,0.31890145,0.30833682,0.30314794,0.3056126,0.31609786,0.33293718,0.35316688,0.37350765,0.39106295,0.40365854,0.40996233,0.40950653,0.40267032,0.39063558,0.37530014,0.35910708,0.3447265,0.33454522,0.3300422,0.33132526,0.33713895,0.34535906,0.3536594,0.36003387,0.3630724,0.36204144,0.35685128,0.34796765,0.33629894,0.32307416,0.30971825,0.29772398,0.28851417,0.2832883,0.2828631,0.2875431,0.29706916,0.31066823,0.32717955,0.34521034,0.36328632,0.3799866,0.3940653,0.4045612,0.41089377,0.41293618,0.41105345,0.4060901,0.39928854,0.39212197,0.386042,0.38217825,0.3810773,0.38258782,0.38594952,0.39004475,0.39370373,0.39596036,0.3962063,0.39423987,0.390231,0.38462988,0.37804917,0.3711482,0.3645441,0.35876432,0.35423982,0.35131848,0.35026947,0.35125455,0.3542654,0.35905215,0.3650844,0.3715766,0.3775834,0.38214344,0.38443708,0.38392654,0.3804552,0.37429124,0.36610708,0.35688895,0.3477795,0.33987263,0.3340065,0.3306212,0.32973891,0.33107233,0.33420298,0.33874044,0.34439522,0.3509481,0.35814807,0.3655989,0.37269604,0.37865067,0.38260093,0.38378283,0.38171998,0.37639457,0.3683669,0.35880923,0.34940937,0.34209603,0.33857834,0.339811,0.34563115,0.3547836,0.36531055,0.375073,0.38217956,0.3852418,0.3834756,0.37669876,0.3652684,0.34998935,0.33201995,0.31279844,0.29400396,0.27754185,0.2654896,0.25988412,0.26226586,0.27312458,0.29162058,0.31578776,0.3430104,0.3704618,0.39539388,0.41532308,0.42817864,0.43245125,0.42735854,0.4130391,0.39079615,0.36341432,0.33551744,0.3136599,0.30521998,0.31522784,0.34316945,0.38360697,0.42952883,0.47469765,0.5143156,0.54497427,0.5644892,0.57177526,0.566766,0.5503569,0.5243532,0.49141112,0.4549453,0.4189438,0.38756478,0.36436862,0.35124862,0.34763205,0.35068682,0.3564775,0.36122265,0.3620428,0.35720423,0.346098,0.3291347,0.30763373,0.28372055,0.26018944,0.24020651,0.22665817,0.22112869,0.2230871,0.23009846,0.23892254,0.24656278
155,0.19909178,0.1825676,0.16662936,0.15558216,0.15429193,0.16544023,0.18751475,0.21631722,0.24745488,0.27737308,0.30342147,0.32372972,0.33713245,0.34315932,0.34206638,0.33488676,0.32347426,0.31048566,0.2991837,0.29288837,0.29402927,0.3031996,0.3189268,0.3383506,0.3582198,0.3756272,0.38837013,0.39507556,0.39522108,0.38911548,0.37785387,0.36323494,0.3476011,0.33354092,0.32340726,0.31871465,0.31967077,0.3251503,0.3331498,0.3414323,0.3480457,0.35160214,0.35136378,0.34721473,0.33957708,0.329303,0.31755823,0.3057032,0.29516977,0.28732678,0.28332773,0.28395116,0.28947112,0.2996059,0.31356815,0.33019125,0.34808594,0.36579186,0.3819135,0.39524102,0.40485856,0.41023654,0.41130108,0.40846774,0.402625,0.39504874,0.38723153,0.3806277,0.3763525,0.3749252,0.3761634,0.37928313,0.38315848,0.38662845,0.38874742,0.3889312,0.38699698,0.38312083,0.37774238,0.37144637,0.36485124,0.35852826,0.35296485,0.3485669,0.3456777,0.3445815,0.34546858,0.34836262,0.35304084,0.35899007,0.3654334,0.37143046,0.3760272,0.3784179,0.37808606,0.3749009,0.36915538,0.36153713,0.353028,0.3447378,0.33769545,0.3326488,0.32994077,0.3295127,0.3310308,0.33406878,0.33826017,0.34335873,0.34919626,0.35557237,0.362137,0.36832672,0.373391,0.37650776,0.37695813,0.37431854,0.3686312,0.3605184,0.35120422,0.34239715,0.33598784,0.33356804,0.33590806,0.34264892,0.3523955,0.36314276,0.37278783,0.3795281,0.38208586,0.37978894,0.37255722,0.36083475,0.34549826,0.32776678,0.3091339,0.29133296,0.2763131,0.26615047,0.26277632,0.26748446,0.28042802,0.30046192,0.325428,0.3526265,0.37921208,0.40245503,0.41992155,0.42963156,0.43022507,0.42115518,0.40292728,0.37742,0.34831885,0.32156113,0.3051428,0.30680934,0.32961535,0.3699257,0.42041087,0.47369993,0.5238427,0.56641906,0.5983389,0.6176747,0.62356246,0.6161413,0.5965066,0.56666195,0.52945983,0.48850897,0.44799322,0.41228062,0.38516688,0.36878297,0.3627094,0.3640947,0.36882335,0.3728726,0.37315264,0.36778983,0.35610712,0.3385045,0.31633106,0.29176503,0.26765743,0.24721234,0.23331493,0.22750732,0.22920203,0.23592016,0.24439485,0.25161612
156,0.19993351,0.18272485,0.16588452,0.15357725,0.15075491,0.16047348,0.18153721,0.20977937,0.24071373,0.2707036,0.29704458,0.31782234,0.33182272,0.33851212,0.33806285,0.33140004,0.32024625,0.30711675,0.29516143,0.28768697,0.28727302,0.2947993,0.30908504,0.3274529,0.3467141,0.3639476,0.37690043,0.3841315,0.3850375,0.37983388,0.36950982,0.35574847,0.34077695,0.32708988,0.31699967,0.3120625,0.31260845,0.31767344,0.32539958,0.33364773,0.34051207,0.34460953,0.34517735,0.34205472,0.3356066,0.32662275,0.31620795,0.30566832,0.29639158,0.2897121,0.28675514,0.28827277,0.29451182,0.30516434,0.31942132,0.33610344,0.35382035,0.37112394,0.38664362,0.3992054,0.40793678,0.4123552,0.4124329,0.40862712,0.40186065,0.39343455,0.38485742,0.37759137,0.37275314,0.37085983,0.3717265,0.37457,0.3782707,0.38167834,0.38385943,0.3842368,0.38262424,0.37917918,0.3743058,0.36853915,0.36244017,0.35652477,0.35123777,0.3469632,0.3440463,0.34279445,0.34343553,0.34603634,0.3504145,0.3560902,0.36231193,0.36816055,0.37270266,0.3751557,0.3750284,0.3722142,0.3670228,0.3601423,0.35252938,0.3452365,0.33920446,0.3350753,0.33309126,0.33312157,0.33480054,0.33770782,0.3415082,0.34599876,0.35105708,0.35652703,0.36210144,0.3672607,0.37130207,0.37345797,0.37307206,0.36979118,0.3637318,0.3555854,0.346623,0.33855197,0.33318457,0.33194616,0.33538446,0.34293437,0.35307997,0.3638024,0.3730691,0.3791945,0.3810335,0.37804353,0.37026078,0.35822794,0.34290212,0.32556698,0.30776823,0.29127708,0.2780498,0.27009973,0.26917967,0.27629068,0.29126474,0.3127161,0.33836475,0.36547446,0.39120734,0.41286784,0.42808893,0.4350081,0.43246114,0.4202146,0.39926794,0.37226972,0.34405014,0.32196364,0.31486598,0.32928467,0.36513337,0.4163136,0.4748646,0.53370994,0.58731955,0.63159543,0.6636795,0.6818299,0.68535465,0.6745679,0.6507508,0.6161049,0.57369095,0.5273364,0.48145863,0.4406849,0.4091006,0.38911706,0.38047826,0.3802785,0.38415453,0.38776892,0.3877622,0.3820818,0.36996195,0.35178584,0.32893652,0.303656,0.27886638,0.257825,0.24343199,0.2372085,0.23853408,0.24489939,0.253006,0.25981134
157,0.20445442,0.18664025,0.16903085,0.15561311,0.15132035,0.15952723,0.17945503,0.20708726,0.23787686,0.26808637,0.29492798,0.31641898,0.33127937,0.3389025,0.33937323,0.33350912,0.32290187,0.30991793,0.29756853,0.2890981,0.2871859,0.29299018,0.30567276,0.3228115,0.34132937,0.35830772,0.3714381,0.37919798,0.38089064,0.3766296,0.3672947,0.35445368,0.3402184,0.32698503,0.31701395,0.31188768,0.31204852,0.31669366,0.32411638,0.33227748,0.3393119,0.34383056,0.3450343,0.34270942,0.33716244,0.3291274,0.3196627,0.31004155,0.30163205,0.29575783,0.29353407,0.2956953,0.302461,0.3134902,0.3279437,0.34462237,0.36213097,0.37903216,0.3939802,0.4058361,0.4137681,0.41733518,0.41654757,0.41189343,0.4043175,0.3951338,0.38585755,0.37795544,0.37255183,0.37017766,0.37066773,0.37326106,0.3768583,0.3803237,0.3827283,0.38348696,0.3823899,0.37955514,0.37533328,0.37019733,0.3646464,0.3591449,0.35410455,0.3498994,0.34688687,0.3454041,0.34571886,0.3479417,0.35193226,0.3572484,0.36317202,0.3688144,0.3732716,0.37578994,0.37590453,0.3735283,0.36897644,0.36292028,0.3562706,0.35000262,0.3449566,0.34166968,0.34029916,0.34066752,0.3424042,0.34511518,0.34850636,0.3524165,0.35675868,0.36140618,0.36608002,0.37029406,0.3733897,0.37465647,0.37350827,0.3696715,0.3633438,0.3552855,0.3468022,0.33957216,0.33529025,0.33518,0.3395545,0.3476611,0.35790038,0.3682774,0.37685814,0.38209194,0.38297835,0.37911335,0.37065738,0.35825893,0.34296036,0.3261095,0.30929378,0.2942957,0.28303173,0.27739084,0.278898,0.28826192,0.30505276,0.32772776,0.35395187,0.38099143,0.4060355,0.42643556,0.4399063,0.44472745,0.43997237,0.4257893,0.40377292,0.37745887,0.3528411,0.3382755,0.34228668,0.36903712,0.41575912,0.4752706,0.5397572,0.6025549,0.65844357,0.70351774,0.7350499,0.75141174,0.75203204,0.73736537,0.708856,0.66889113,0.6207385,0.5684547,0.51671517,0.47044632,0.43407547,0.4103456,0.39918917,0.39762613,0.40098783,0.4045545,0.40464023,0.3989744,0.3866781,0.36810458,0.3446654,0.31866682,0.29310784,0.271313,0.25622585,0.2493916,0.25020492,0.25615355,0.2639047,0.27035984
158,0.21179417,0.19342804,0.17521669,0.16098952,0.15558714,0.16256103,0.1815107,0.20864032,0.23939614,0.26995116,0.29742745,0.31976575,0.33561713,0.34430584,0.34584045,0.3409487,0.3311128,0.31856796,0.306186,0.29711187,0.29404953,0.29836115,0.3095279,0.3254144,0.34310275,0.35971126,0.37289324,0.38105276,0.38340598,0.37997407,0.3715414,0.35957718,0.34609324,0.3333935,0.32367492,0.31851578,0.31842995,0.32274094,0.3298725,0.33787623,0.34492457,0.34962142,0.35113335,0.34920067,0.34408432,0.33648214,0.327431,0.31819877,0.3101611,0.30465314,0.3027936,0.30530348,0.3123705,0.323612,0.33814994,0.35475966,0.37203887,0.38856143,0.4030071,0.41427192,0.42156243,0.42447424,0.4230477,0.41779163,0.40966037,0.3999674,0.39022106,0.38188165,0.37607569,0.37335005,0.37356845,0.37600422,0.37958807,0.38320166,0.38591635,0.38712874,0.3865931,0.3843768,0.380771,0.37618855,0.3710769,0.3658657,0.36095333,0.35672158,0.35355192,0.35181454,0.35181302,0.35369185,0.357342,0.36235055,0.36802846,0.37351677,0.37794188,0.38057852,0.38098484,0.37908483,0.37518623,0.36992764,0.36415854,0.35876814,0.3544999,0.35180515,0.35078788,0.35126024,0.35287926,0.35529986,0.35827944,0.36169714,0.3654902,0.36954314,0.373584,0.37714005,0.37958056,0.38024166,0.3786012,0.3744608,0.36809313,0.36031523,0.3524456,0.34610382,0.34283963,0.34366584,0.34868214,0.356993,0.36696255,0.37665334,0.38424656,0.38833162,0.38805237,0.3831422,0.3738857,0.36103755,0.3457247,0.3293532,0.31353584,0.3000354,0.29068378,0.28720236,0.29087546,0.30215925,0.32044086,0.34409887,0.37079704,0.39783376,0.42244154,0.4420307,0.45441073,0.45802143,0.45219877,0.43750444,0.41615117,0.3925105,0.3734411,0.36752802,0.38203153,0.41882464,0.47363335,0.5390943,0.60774183,0.67322516,0.7304995,0.7757472,0.8062963,0.8205766,0.81809473,0.7994104,0.7661023,0.72072077,0.666725,0.6083947,0.55067027,0.4988013,0.45759878,0.43018737,0.416721,0.41413638,0.41741365,0.42139426,0.4220198,0.41676903,0.40462804,0.38590425,0.36202633,0.3353571,0.30897188,0.28627542,0.2702901,0.2626429,0.26280263,0.2682875,0.27572975,0.28195205
159,0.22059669,0.20168455,0.1830023,0.16828118,0.16225179,0.16849867,0.18685675,0.21373394,0.24461178,0.27560577,0.30376413,0.3269618,0.3437928,0.35352853,0.35612354,0.35224426,0.34329686,0.33141822,0.31936038,0.31015387,0.3064598,0.30974057,0.31971166,0.3344982,0.35136342,0.36749977,0.38055646,0.38889226,0.39166155,0.38881925,0.3810826,0.3698515,0.357064,0.34494638,0.33562517,0.33063966,0.33051872,0.3346533,0.34155416,0.34934253,0.35622388,0.36080217,0.3622236,0.36020198,0.35497683,0.34723717,0.33802724,0.32863757,0.3204749,0.31490216,0.31304914,0.3156221,0.3227699,0.33405963,0.34856772,0.36504146,0.38207218,0.3982474,0.4122752,0.42308745,0.4299279,0.4324248,0.43064255,0.42510217,0.41675714,0.40690792,0.39704156,0.38859627,0.38268548,0.37986034,0.38000724,0.38243318,0.38610065,0.38991007,0.39293233,0.3945432,0.39445928,0.39269948,0.38950372,0.3852401,0.38032642,0.37518263,0.37021813,0.36584166,0.36246938,0.36050525,0.36027962,0.36195505,0.3654343,0.37031507,0.37592205,0.3814147,0.3859412,0.38879722,0.38955477,0.38813815,0.3848352,0.38024074,0.37513727,0.37033314,0.36649403,0.36401758,0.3629937,0.3632628,0.36454076,0.3665524,0.36911678,0.3721536,0.37561566,0.37938243,0.38316756,0.3864876,0.388716,0.38921362,0.38750252,0.38344064,0.377355,0.37009487,0.362964,0.3574989,0.35509586,0.35657707,0.36187696,0.37001508,0.37936512,0.38807097,0.39443374,0.39717615,0.3955754,0.38949144,0.3793243,0.3659284,0.3505085,0.33451888,0.31958002,0.30740833,0.29972103,0.29805538,0.3034738,0.31623775,0.33562505,0.35999745,0.38705704,0.4141579,0.4385912,0.45783776,0.46981072,0.47311488,0.46734622,0.4534571,0.43419966,0.41456538,0.40180653,0.40408233,0.42716694,0.47134867,0.5317484,0.6011878,0.67253345,0.73964447,0.7975644,0.84250194,0.8717957,0.88389564,0.87835145,0.85579437,0.8179044,0.76736325,0.70779324,0.6436749,0.58020175,0.5229512,0.47714424,0.44632897,0.43091372,0.42774883,0.43142676,0.43630853,0.43793297,0.43350932,0.42187476,0.403278,0.37915143,0.35190284,0.32467872,0.30097452,0.2839267,0.27530134,0.27469963,0.27970335,0.2869118,0.29305062
160,0.22940019,0.2099072,0.1908196,0.17583987,0.1696135,0.17566258,0.19389169,0.22082712,0.25199252,0.28347865,0.31228936,0.33625796,0.35394442,0.3645917,0.36812806,0.36519045,0.35714424,0.34606388,0.334609,0.32569715,0.32190093,0.32468802,0.33390185,0.34786126,0.36399865,0.37960452,0.39236107,0.40062016,0.4035115,0.40095997,0.3936517,0.38295206,0.37075517,0.3592277,0.35042316,0.34581098,0.34587944,0.3500224,0.35678548,0.36433,0.3708883,0.37507397,0.37603262,0.37347686,0.36765265,0.35926858,0.34940305,0.33939174,0.33068907,0.32469505,0.322552,0.32494694,0.33198276,0.34316987,0.35753652,0.37380293,0.39055812,0.40640834,0.420094,0.43058518,0.43716255,0.43948457,0.43763506,0.43214118,0.42394775,0.4143323,0.40474737,0.396592,0.39094612,0.38834372,0.3886754,0.39126912,0.39511293,0.39912474,0.4023772,0.40423065,0.40437317,0.402789,0.39968646,0.39541352,0.3903856,0.38504028,0.3798215,0.37518165,0.37157977,0.36945233,0.36914608,0.3708239,0.37437797,0.3793929,0.38518482,0.39091253,0.39572978,0.3989388,0.4001124,0.39916292,0.3963487,0.39221612,0.38748518,0.3828996,0.37907568,0.3763939,0.37496877,0.3747029,0.37539706,0.37686315,0.37899148,0.38174477,0.38508713,0.3888821,0.39281157,0.39635888,0.39887583,0.39972025,0.3984297,0.39488822,0.38944566,0.3829514,0.37666658,0.37203,0.3702947,0.37213266,0.37737295,0.38500774,0.39345858,0.40096515,0.40594432,0.40723774,0.40423736,0.39691147,0.38575956,0.3717226,0.356072,0.34029868,0.32601687,0.31488046,0.30848083,0.3081781,0.3148474,0.32861185,0.34869796,0.3734945,0.40077123,0.427958,0.45242026,0.47171974,0.48387608,0.4876496,0.48286465,0.47079098,0.4545676,0.43951806,0.43286416,0.44202304,0.4715091,0.52070194,0.5846115,0.6563638,0.72911614,0.7968816,0.8547543,0.8989442,0.9267785,0.93670464,0.92828864,0.9022017,0.86018986,0.8050279,0.7404623,0.67113775,0.6024719,0.54035574,0.4904287,0.45669186,0.4398341,0.4366138,0.441205,0.44746196,0.45051104,0.4472916,0.4364913,0.4182943,0.39412582,0.36642578,0.3384035,0.31365097,0.2954469,0.28574482,0.28432745,0.28886938,0.29594114,0.3021591
161,0.23693977,0.21681102,0.19732009,0.182201,0.17605788,0.18230827,0.20079377,0.22805281,0.2596276,0.29160511,0.32097518,0.34555873,0.36390874,0.37526655,0.37956163,0.37743032,0.3702275,0.359995,0.3493247,0.34102857,0.33756408,0.34033442,0.34921736,0.36264846,0.3781959,0.39325503,0.40556985,0.41352272,0.41625726,0.4137062,0.40656048,0.39618394,0.3844541,0.37349507,0.36528692,0.36120576,0.36165425,0.36597407,0.3726976,0.37999767,0.386126,0.38971496,0.38992864,0.38650233,0.37971348,0.3703137,0.35943505,0.34847304,0.33893836,0.3322705,0.32962185,0.3316549,0.33842117,0.34937188,0.36348847,0.379469,0.39590716,0.41143453,0.4248291,0.435102,0.44157127,0.44392404,0.44226065,0.43711028,0.429404,0.42038918,0.4114733,0.40400043,0.39899558,0.39695024,0.39773422,0.40067637,0.4047782,0.40897185,0.41233584,0.41422603,0.41431814,0.41258323,0.4092231,0.4045929,0.39913285,0.3933224,0.38765916,0.38265193,0.3788079,0.37659413,0.37636456,0.37826657,0.38216117,0.38759634,0.39385587,0.40007523,0.40539324,0.40910077,0.41075587,0.41024718,0.4077969,0.4039041,0.39923757,0.39449814,0.390283,0.38698968,0.38478935,0.3836731,0.38354564,0.38431913,0.38596344,0.3884893,0.3918728,0.39595693,0.40038097,0.4045778,0.40785414,0.40953666,0.40914616,0.40655786,0.40210816,0.39661303,0.39126667,0.387405,0.38615966,0.3880994,0.39300576,0.39989325,0.40726066,0.41345143,0.41699007,0.41681916,0.41242304,0.40385506,0.39169267,0.3769453,0.3609366,0.34518313,0.33128464,0.32082832,0.3152847,0.31585708,0.32327113,0.33755732,0.3579318,0.38284054,0.41014323,0.4373642,0.46195832,0.48157746,0.4943456,0.4991572,0.49601305,0.48639888,0.47366253,0.46319285,0.4619017,0.4764058,0.51029044,0.5624875,0.6281428,0.7007301,0.7736805,0.8411488,0.8982781,0.9412801,0.96746784,0.9752753,0.96426564,0.93512243,0.8896219,0.83059025,0.7618516,0.6881676,0.6151362,0.5489314,0.49560294,0.45961982,0.44196457,0.439287,0.44531193,0.45337614,0.45820788,0.45649913,0.4468039,0.42924652,0.40523916,0.377242,0.34851643,0.32275024,0.30338192,0.29258642,0.2903645,0.2945056,0.30155548,0.3080153
162,0.24231936,0.22150077,0.2015584,0.18630081,0.1803398,0.18698984,0.20594892,0.23367554,0.26569435,0.29809663,0.32788247,0.3528869,0.37168127,0.38352916,0.3883839,0.38690326,0.3804531,0.37106314,0.36127406,0.35379922,0.35096675,0.3540709,0.3629558,0.37610877,0.3911963,0.40571368,0.4174848,0.42495146,0.4273039,0.42451456,0.41730893,0.40707594,0.39569777,0.3852691,0.3776973,0.37424982,0.37521243,0.37983528,0.3866018,0.39367422,0.3993175,0.40218985,0.40148893,0.39699098,0.38902286,0.37839398,0.3663009,0.3542046,0.34367308,0.33618274,0.33289155,0.33443302,0.34080523,0.35140184,0.36516282,0.38077214,0.39683646,0.4120203,0.42514434,0.43526343,0.44173345,0.4442692,0.44298565,0.43841186,0.43146244,0.4233504,0.41543072,0.40897983,0.40494856,0.40376154,0.4052418,0.40869662,0.41312677,0.4174737,0.42082694,0.4225504,0.42232648,0.42013595,0.4161993,0.41090387,0.40473726,0.39823928,0.39197472,0.3865169,0.38242453,0.3801935,0.38017866,0.38250068,0.38697344,0.393089,0.4000772,0.40702847,0.41304582,0.41738993,0.4195889,0.41949695,0.41729623,0.41344312,0.40856874,0.40335298,0.39840078,0.39415404,0.39086375,0.38862687,0.3874638,0.38739538,0.3884783,0.39077806,0.39428806,0.39883298,0.40400597,0.409179,0.41359612,0.41652802,0.4174483,0.416189,0.41303784,0.4087463,0.4044226,0.40130043,0.40041474,0.40227452,0.40666258,0.4126554,0.4188512,0.42370203,0.42583108,0.42426363,0.4185527,0.40881073,0.3956682,0.38018125,0.36370927,0.34778413,0.33398813,0.32384706,0.31872568,0.31969684,0.32737058,0.34171885,0.36197448,0.38666114,0.413746,0.44086492,0.46557721,0.4856329,0.49925497,0.5054451,0.5043208,0.49747688,0.48830578,0.48205727,0.48518336,0.5035585,0.54011834,0.5936266,0.6594919,0.7315623,0.8035525,0.8697772,0.9254509,0.96680623,0.99115235,0.99691,0.98362786,0.95197874,0.9037357,0.8417334,0.76982373,0.6928307,0.61647934,0.5471828,0.4913793,0.45400622,0.4363334,0.4348637,0.44283494,0.45307246,0.45994896,0.45995736,0.45155326,0.43481764,0.41115046,0.38302252,0.35373446,0.32706246,0.3066101,0.2947925,0.2918493,0.29569614,0.30285555,0.3097117
163,0.24508436,0.22354066,0.20306398,0.18756086,0.18169999,0.1887315,0.20818253,0.23636876,0.2687614,0.30145532,0.33147654,0.35669413,0.3757171,0.38784844,0.39308053,0.3921057,0.38631245,0.37772855,0.36885238,0.36230308,0.36027324,0.36392406,0.37302428,0.38606787,0.4007888,0.41477317,0.4259336,0.43279022,0.4346021,0.43140376,0.4239755,0.41374868,0.4026244,0.39267704,0.38574344,0.38297504,0.38452366,0.3895249,0.39639178,0.4032622,0.40841097,0.41052717,0.4088518,0.4032129,0.3939958,0.3820735,0.36870843,0.35542452,0.3438419,0.33546802,0.3314616,0.3324255,0.3383063,0.3484458,0.36175102,0.3769014,0.39252546,0.4073272,0.42017406,0.430166,0.43669668,0.43950728,0.43872643,0.4348825,0.42887333,0.4218768,0.4151917,0.4100185,0.40721923,0.40713128,0.40950793,0.4136143,0.41843602,0.42291892,0.42616728,0.4275649,0.42681795,0.42393735,0.4191829,0.41299328,0.4059192,0.39857244,0.3915923,0.38562077,0.38126978,0.37906414,0.37935737,0.38223815,0.38746414,0.39445812,0.40237975,0.41025618,0.4171363,0.4222337,0.42503265,0.42534426,0.42330846,0.41934443,0.4140585,0.4081281,0.40218642,0.39673796,0.39212725,0.38856497,0.38619152,0.38513964,0.3855581,0.38757512,0.39121145,0.3962823,0.40233916,0.40869072,0.4145076,0.41898593,0.42152646,0.42188776,0.420278,0.417358,0.41413504,0.41174346,0.41114342,0.41281953,0.41659376,0.42163453,0.42665654,0.43022397,0.43105072,0.42822778,0.42135346,0.41057262,0.39654154,0.38033855,0.36334035,0.3470841,0.33313453,0.32296687,0.3178608,0.31878656,0.3262677,0.34024212,0.3599769,0.38408676,0.4106601,0.4374595,0.4621626,0.48262516,0.4971633,0.5048589,0.505889,0.50186193,0.49608144,0.4935181,0.5000964,0.5210343,0.558815,0.6121966,0.6769189,0.74723005,0.81715536,0.88120586,0.9347049,0.9739375,0.9962305,1.0,0.984776,0.9512036,0.901023,0.8370367,0.7630744,0.6839652,0.60550255,0.53428775,0.47711688,0.43938214,0.42260635,0.42307124,0.4334769,0.4461634,0.4552238,0.4570295,0.4499924,0.43417943,0.41098616,0.3828873,0.35320872,0.32580176,0.30442944,0.29174986,0.28824544,0.29195502,0.29937214,0.3067652
164,0.24523312,0.22296537,0.2018558,0.18590957,0.17989951,0.18708616,0.20685235,0.2353405,0.26793814,0.30073616,0.3307934,0.3560242,0.37508622,0.3873306,0.39279503,0.3922102,0.38698933,0.37916005,0.3711806,0.36557874,0.36441213,0.36870065,0.37811822,0.39113966,0.4055457,0.41900408,0.42951828,0.43569568,0.43687558,0.43316546,0.4254102,0.4150919,0.4041377,0.39460847,0.38827524,0.3861746,0.38832048,0.39372584,0.40072447,0.40742418,0.41210854,0.41350013,0.41088754,0.40415388,0.3937435,0.38058978,0.36601403,0.35159385,0.33899164,0.32973832,0.32499033,0.32532185,0.33063468,0.34022838,0.35298777,0.36759743,0.3827152,0.39708894,0.40963426,0.41949555,0.42610216,0.42922014,0.428991,0.42594337,0.42096093,0.41518903,0.40987185,0.406131,0.40473145,0.40590906,0.4093298,0.41419953,0.41947636,0.42410496,0.42720643,0.42819276,0.42680657,0.42310297,0.41739506,0.410184,0.40209132,0.39380473,0.3860393,0.37950605,0.37487128,0.3726912,0.37332124,0.3768201,0.3828878,0.39087236,0.3998533,0.4087814,0.4166372,0.42257345,0.42601952,0.42673662,0.4248214,0.42066061,0.41484627,0.4080664,0.40099522,0.39420915,0.3881498,0.38314012,0.37943614,0.37727967,0.3769135,0.3785372,0.3822131,0.38776267,0.394709,0.40230352,0.40964097,0.41583112,0.4201828,0.4223569,0.42245665,0.42103106,0.4189752,0.41732678,0.41698796,0.41844526,0.42158738,0.42569667,0.4296173,0.43202838,0.43172777,0.42785683,0.42003715,0.40841925,0.39365694,0.37682435,0.3592946,0.34259856,0.32828394,0.31778815,0.31232926,0.31280273,0.31967175,0.33285877,0.3516764,0.37483886,0.4005655,0.42675823,0.45122558,0.47193605,0.48729458,0.49644017,0.4995612,0.49820277,0.4954814,0.49599904,0.5051286,0.5275084,0.56529605,0.6173341,0.67973065,0.7471584,0.8139888,0.87497437,0.925593,0.9622218,0.9822336,0.98405653,0.9672048,0.932285,0.88098115,0.81602794,0.7411858,0.6612344,0.5819771,0.51015216,0.45288044,0.41598248,0.40115812,0.40433806,0.4176172,0.43290687,0.44413775,0.44766787,0.44193968,0.42704633,0.40439343,0.37645614,0.3465718,0.3186495,0.29659715,0.28330418,0.27948004,0.28326407,0.29110408,0.29915485
165,0.24318619,0.22025284,0.19842392,0.18177603,0.17522362,0.18214844,0.20187461,0.2303754,0.26292998,0.29561076,0.32550627,0.35057774,0.36953294,0.38177094,0.38737187,0.3870999,0.38238692,0.37525514,0.36812094,0.36342406,0.36309406,0.36801487,0.37776327,0.39078534,0.404897,0.4178397,0.42770463,0.4331863,0.43370503,0.42944145,0.42130432,0.4108262,0.3999624,0.39076585,0.38495097,0.38345,0.3861475,0.39193827,0.39907816,0.40564474,0.40993026,0.41069064,0.40726066,0.39957476,0.38812906,0.37390634,0.35827312,0.34284565,0.32931584,0.3192303,0.31374308,0.31340694,0.31809098,0.3270658,0.3392058,0.35320938,0.36776802,0.381674,0.39388862,0.40359652,0.41025838,0.413662,0.413961,0.41168684,0.40771428,0.4031637,0.39923188,0.39696634,0.3970342,0.3995631,0.40412068,0.40984103,0.41564426,0.42046803,0.42344943,0.424032,0.42200086,0.41746214,0.41078728,0.4025423,0.39341837,0.38417503,0.37559822,0.36846468,0.36349568,0.36128485,0.36219925,0.36627817,0.37317201,0.38215652,0.3922283,0.4022548,0.41113847,0.41796142,0.42208996,0.4232306,0.4214361,0.41706485,0.41070113,0.40305126,0.39483583,0.3867033,0.37918624,0.3727081,0.36762688,0.36428243,0.36300844,0.3640837,0.36762986,0.3734983,0.38120607,0.3899633,0.39879477,0.4067201,0.4129438,0.4170114,0.41890207,0.41903675,0.4181899,0.41730443,0.41723645,0.41849247,0.4210468,0.424311,0.4272678,0.42871308,0.42752272,0.4228747,0.4143932,0.40220854,0.3869435,0.36964,0.35164398,0.33446562,0.31963348,0.3085594,0.30242315,0.3020741,0.30794033,0.31994542,0.33745578,0.35928974,0.383804,0.40904894,0.43297425,0.4536681,0.46962175,0.4800145,0.48500994,0.48603386,0.48594856,0.48893473,0.4998112,0.5226946,0.5594929,0.60917693,0.6682401,0.73179936,0.79460865,0.85170853,0.89878017,0.9323354,0.94982713,0.9497175,0.93151444,0.89578265,0.84413385,0.77920645,0.7046526,0.6251546,0.5464753,0.47544685,0.41948915,0.38480935,0.37314057,0.37985045,0.39635095,0.41423234,0.42743188,0.43243334,0.42779922,0.41369745,0.3915632,0.36387202,0.3339602,0.30577627,0.2833523,0.26978377,0.2659684,0.27009705,0.27853954,0.28734028
166,0.2397141,0.21625589,0.19367497,0.1760577,0.16847001,0.17455249,0.19372529,0.22183964,0.25404707,0.28637773,0.31593528,0.3407185,0.3594772,0.37164903,0.37734556,0.37735188,0.37310606,0.36661512,0.36024982,0.3563672,0.35678256,0.36226043,0.37229183,0.38529634,0.3991204,0.41157165,0.42082104,0.4256423,0.425528,0.4207221,0.41218746,0.40149975,0.3906403,0.38166034,0.37623298,0.37520674,0.378357,0.38447583,0.39174962,0.3982289,0.40221375,0.4024897,0.39843085,0.39001283,0.37776974,0.3627168,0.3462465,0.32999504,0.3156688,0.30482343,0.29861426,0.29758584,0.3015925,0.30989316,0.32136416,0.33472353,0.34869653,0.3621151,0.3739786,0.38350335,0.39017367,0.39379388,0.3945286,0.3929153,0.38982847,0.38637623,0.38372272,0.3828549,0.38435075,0.38823187,0.39396328,0.40059948,0.40701407,0.4121306,0.41509762,0.41538814,0.41282853,0.407574,0.40005052,0.39088178,0.38081822,0.37067878,0.36130846,0.35354188,0.34815547,0.3457896,0.34684047,0.3513487,0.35893336,0.36881033,0.37989816,0.3909797,0.40087464,0.4085884,0.41341907,0.41501564,0.41338706,0.40886572,0.402032,0.39361295,0.38437387,0.37502727,0.36618096,0.35833687,0.35193002,0.34737688,0.3450908,0.345434,0.34860784,0.35452494,0.3627297,0.37241793,0.38256055,0.39209148,0.4001057,0.40602225,0.40968296,0.41136983,0.41173083,0.4116156,0.4118422,0.41294867,0.4150066,0.41756615,0.41975376,0.42048225,0.41869938,0.41360712,0.4048131,0.39240316,0.37694085,0.35940713,0.34109476,0.3234744,0.30804864,0.2962114,0.28912553,0.2876229,0.29212314,0.30256894,0.3183889,0.3385086,0.36142507,0.38534316,0.4083611,0.42869258,0.44491515,0.4562379,0.46277604,0.46579993,0.46787712,0.47274098,0.48466474,0.5072844,0.5422985,0.5888205,0.6437299,0.7025997,0.7605965,0.81309205,0.8560168,0.8860605,0.9007919,0.8987331,0.879401,0.8433228,0.79203033,0.7280475,0.6548903,0.5771093,0.50039274,0.43164545,0.3785787,0.34771767,0.34056565,0.35160252,0.37150377,0.3917355,0.40647128,0.41248438,0.40855423,0.3949747,0.3732324,0.34580624,0.31602252,0.28785288,0.26543063,0.25201875,0.24863426,0.25343564,0.2626648,0.27226374
167,0.2358128,0.2120751,0.18881609,0.17003495,0.16090393,0.165453,0.18342765,0.21066679,0.24218653,0.27394053,0.30301952,0.3274389,0.3459727,0.35807982,0.36388528,0.3641769,0.36038208,0.3544801,0.3487923,0.3456014,0.3466286,0.35254502,0.3627773,0.37572917,0.3892769,0.40128624,0.40999562,0.4142431,0.41357654,0.40828547,0.3993695,0.38843372,0.3774804,0.36856675,0.363346,0.36261415,0.36606938,0.37242532,0.37981287,0.3862596,0.3900704,0.3900525,0.38560748,0.37673652,0.36399308,0.34840354,0.33136377,0.31450853,0.2995427,0.28802484,0.2811189,0.2793803,0.28267288,0.29026508,0.30104756,0.31376088,0.32715866,0.34010175,0.3516141,0.36093003,0.36754602,0.37127492,0.37228957,0.3711374,0.36870348,0.36610192,0.3644876,0.36481088,0.36758077,0.3727248,0.37960857,0.3872035,0.39432925,0.39988646,0.4030266,0.40324378,0.40039685,0.39468002,0.3865608,0.37670442,0.36590117,0.35500848,0.34491074,0.33648723,0.33056706,0.32784915,0.32878378,0.3334451,0.34145203,0.35198385,0.36389464,0.37588787,0.38670024,0.39525828,0.40078956,0.40288445,0.4015087,0.39697024,0.38984665,0.3808839,0.37088487,0.36061096,0.35072118,0.34176353,0.33421323,0.3285286,0.32517916,0.3246064,0.32711062,0.3327036,0.34100267,0.35123047,0.36233243,0.37317106,0.38273466,0.39031145,0.39559892,0.3987339,0.40023547,0.40086174,0.40139806,0.40242064,0.40410426,0.40614128,0.40780282,0.40811583,0.4060929,0.40094778,0.39225417,0.38003105,0.36475706,0.34732407,0.32894439,0.3110262,0.29503232,0.28233874,0.27410612,0.2711745,0.27398315,0.28251562,0.29627436,0.31429648,0.33522123,0.3574105,0.3791157,0.3986805,0.4147704,0.4266199,0.43428355,0.4388577,0.4425968,0.44878057,0.4611524,0.48289695,0.51552117,0.5582751,0.60841095,0.6619585,0.7145174,0.76182437,0.80009896,0.8262481,0.8379911,0.83393824,0.8136357,0.77758414,0.72723836,0.6650024,0.59424454,0.51937056,0.4459895,0.38109758,0.33271956,0.30755925,0.30640852,0.32241926,0.34559706,0.36762172,0.3831884,0.38952908,0.38573015,0.37225676,0.35066742,0.3234504,0.29391894,0.2660581,0.24408083,0.23136228,0.22892803,0.23477554,0.24495552,0.25533023
168,0.2325183,0.20885521,0.18514417,0.16518189,0.15412629,0.15645236,0.17250606,0.19831455,0.22878289,0.2597481,0.28824663,0.31227797,0.33061358,0.3427098,0.3486824,0.34930053,0.3459622,0.3406059,0.33550048,0.33286518,0.33435234,0.34057176,0.35091403,0.36378247,0.37708458,0.38873488,0.3970231,0.4008315,0.39974082,0.39406228,0.3848095,0.37359875,0.362445,0.35341933,0.34818187,0.34751642,0.35108635,0.3575597,0.36502942,0.37150398,0.3752874,0.37519622,0.37064323,0.36163607,0.34872612,0.33292776,0.31561664,0.29840398,0.2829764,0.27088913,0.26332334,0.26086816,0.2634264,0.27030066,0.28040925,0.29251495,0.30538937,0.31790572,0.32909375,0.3381876,0.34468043,0.3483825,0.34946966,0.3485016,0.3463859,0.34426498,0.3433159,0.34448865,0.3482562,0.35447577,0.36242497,0.3709925,0.37893707,0.38512543,0.38869882,0.38915795,0.3863786,0.38057607,0.372239,0.36205032,0.35081333,0.33939546,0.3286935,0.3196107,0.3130209,0.30969208,0.31015798,0.31456932,0.32258987,0.3333994,0.34581164,0.35846323,0.370013,0.37930974,0.38551083,0.3881486,0.38714668,0.38278952,0.37565082,0.36649066,0.35613808,0.34538317,0.3349055,0.32525858,0.3169102,0.310312,0.3059498,0.30432522,0.3058472,0.31066558,0.31852743,0.32873958,0.3402671,0.35192883,0.36261958,0.37150052,0.37812436,0.382482,0.38496462,0.3862419,0.3870703,0.38806707,0.38951075,0.39123413,0.39264867,0.3928889,0.39102283,0.38626364,0.3781356,0.3665722,0.3519452,0.3350332,0.3169424,0.29899383,0.2825907,0.26908037,0.2596244,0.25508738,0.2559528,0.262269,0.27362916,0.28919035,0.3077371,0.32779035,0.34775707,0.36611414,0.38161746,0.39352757,0.40183625,0.40746203,0.41234592,0.4193242,0.4316329,0.45202917,0.48183337,0.5204133,0.56536835,0.6131724,0.6598644,0.7015672,0.73481846,0.75677395,0.7653345,0.75922626,0.7380482,0.7022931,0.65335286,0.59352225,0.52603334,0.45516708,0.386499,0.3272015,0.28565705,0.2684025,0.27466938,0.29586062,0.32168832,0.3445466,0.35994706,0.36571753,0.36131322,0.3474003,0.32562497,0.29849404,0.26931414,0.24208575,0.22108291,0.20971014,0.2088284,0.21609811,0.2273221,0.23833922
169,0.23067482,0.20751601,0.18373522,0.16283147,0.14977379,0.14938799,0.16284166,0.1866456,0.21568915,0.24566573,0.2735093,0.29716188,0.31535932,0.32752758,0.33374906,0.33475295,0.33189017,0.32704675,0.32243717,0.32022926,0.32203257,0.32842973,0.33880574,0.35158092,0.36469588,0.37610343,0.3841265,0.38766894,0.3863194,0.380385,0.37086827,0.35937554,0.3479232,0.33860156,0.3331048,0.33225006,0.3357161,0.3421648,0.34967232,0.35623172,0.36013767,0.3602006,0.35582566,0.3470063,0.33427033,0.31859866,0.30132526,0.28401783,0.26832858,0.2558016,0.24764115,0.24449112,0.24632305,0.2525009,0.2619843,0.27355722,0.285996,0.29816654,0.30908278,0.31795815,0.3242644,0.3277952,0.32872036,0.32761005,0.32540306,0.32329237,0.32251406,0.3240647,0.32842883,0.3354306,0.3442806,0.35378987,0.36264947,0.36967838,0.3739898,0.37507123,0.37279344,0.3673694,0.3592831,0.3492069,0.3379267,0.32628772,0.31516767,0.3054664,0.29808605,0.29386523,0.2934472,0.29710627,0.30460837,0.31518584,0.32765004,0.3405933,0.35260808,0.36247084,0.3692716,0.3724868,0.3719993,0.36807013,0.36126655,0.35235515,0.34217668,0.33152643,0.3210709,0.31132522,0.30269724,0.2955749,0.29040614,0.28771257,0.28800014,0.29158208,0.2983926,0.3078944,0.3191373,0.3309437,0.34214336,0.35178545,0.35928616,0.36449617,0.367684,0.36943573,0.37048203,0.37148094,0.37281054,0.37443614,0.37589908,0.37642953,0.37513828,0.371225,0.36415112,0.35375056,0.3402731,0.32436705,0.30701336,0.28942484,0.27292368,0.25881025,0.24823566,0.2420892,0.2409097,0.24482799,0.25354528,0.26635116,0.2821825,0.2997226,0.31753662,0.33423746,0.3486754,0.36014166,0.3685712,0.37471375,0.380212,0.38748312,0.39928734,0.41797924,0.44469345,0.47888985,0.51847976,0.5603541,0.6009807,0.63687277,0.66490066,0.6824893,0.68774444,0.6795333,0.65753263,0.6222533,0.5750513,0.51814455,0.45467317,0.38886636,0.32639223,0.27477285,0.24270573,0.23567133,0.2501165,0.27578324,0.30294833,0.32526812,0.33926955,0.34343097,0.33759025,0.32262164,0.30026847,0.273071,0.24434942,0.21813715,0.19874685,0.18947567,0.1907626,0.1997334,0.21194123,0.22331192
170,0.2307121,0.20848906,0.1851137,0.16375199,0.14903058,0.14588547,0.15632313,0.1776434,0.20491643,0.23371544,0.26083547,0.28412014,0.30223557,0.31455046,0.32109222,0.3225327,0.32016268,0.31580788,0.31162807,0.30975,0.3117624,0.31825003,0.32861918,0.3413229,0.3543364,0.36564058,0.37357402,0.3770411,0.37561578,0.3695779,0.35989618,0.34814674,0.33633327,0.32656515,0.320591,0.3193027,0.32244548,0.3287184,0.33620498,0.34288767,0.34704277,0.3474585,0.34351334,0.3351675,0.3229074,0.30766377,0.2907141,0.27356866,0.25783283,0.24503088,0.23638926,0.23261802,0.23377936,0.23932159,0.24825983,0.25939935,0.27151018,0.2834336,0.29414827,0.302828,0.30890602,0.3121436,0.31269124,0.31112075,0.30840188,0.30579257,0.3046218,0.30598482,0.31043786,0.31782433,0.3273211,0.33767322,0.34749871,0.35555282,0.36089897,0.36298674,0.36165598,0.3570904,0.34974185,0.3402446,0.32933903,0.31782016,0.30651778,0.2963,0.2880725,0.28273135,0.2810375,0.28342515,0.28982022,0.2995713,0.31154057,0.3243125,0.33643436,0.34662193,0.3539043,0.3577054,0.35786882,0.3546308,0.34854683,0.34037942,0.33096343,0.3210743,0.31133267,0.30217573,0.2939061,0.2867971,0.28120312,0.2776107,0.27658132,0.27858207,0.28376734,0.29182315,0.3019635,0.3130841,0.3240002,0.33368212,0.34143063,0.34697106,0.3504604,0.3524089,0.35352445,0.35450304,0.35581303,0.35753763,0.35933048,0.360499,0.36018,0.3575455,0.35198322,0.34321946,0.33137524,0.31696182,0.30082673,0.2840636,0.26789907,0.25356883,0.24219528,0.2346767,0.23159821,0.23317175,0.23921117,0.24914524,0.26206926,0.2768334,0.29216444,0.30681545,0.31973675,0.33025917,0.33827424,0.34438273,0.34995803,0.35703713,0.36794817,0.3846764,0.40817627,0.4379744,0.47225136,0.5082746,0.5429118,0.57305115,0.5958918,0.60913336,0.6110994,0.6008173,0.5780675,0.5434119,0.4982144,0.44467765,0.3859442,0.32634458,0.2718741,0.2305862,0.21091354,0.215454,0.23712595,0.26529518,0.291867,0.31204975,0.3233758,0.3249185,0.31686026,0.30026895,0.27699122,0.24962457,0.22153941,0.19682921,0.17979129,0.17338105,0.17728847,0.18797949,0.2008731,0.21214065
171,0.23251851,0.2115767,0.18906452,0.16784729,0.15214843,0.14674924,0.15425608,0.17289598,0.19817045,0.22563761,0.2519588,0.27485606,0.29290134,0.3053867,0.3122706,0.31415865,0.3122761,0.3083867,0.3045975,0.30300072,0.30517685,0.31172973,0.32210344,0.33479348,0.3478097,0.35915267,0.36716342,0.37073147,0.36940053,0.36340818,0.3536745,0.34173062,0.32955432,0.3192666,0.3126771,0.3107782,0.31342173,0.3193835,0.32677984,0.33359006,0.33806604,0.3389605,0.33560985,0.32792696,0.31634536,0.30173776,0.2853197,0.26854038,0.25295419,0.24005935,0.23109756,0.22684164,0.22744909,0.23246315,0.24096407,0.25178146,0.26367474,0.27545142,0.2860439,0.2945747,0.30042583,0.30331242,0.30334994,0.3010954,0.29753622,0.2939927,0.2919045,0.29250935,0.2964984,0.30379927,0.31360278,0.32461002,0.33536586,0.34454626,0.35114148,0.35453635,0.35451204,0.35119623,0.3449841,0.3364502,0.32627118,0.3151758,0.30392998,0.29335076,0.28432214,0.27777004,0.27455398,0.27527267,0.28004837,0.28840515,0.29931894,0.31141764,0.3232384,0.3334577,0.34105566,0.34540963,0.3463249,0.34400922,0.3389971,0.33203176,0.32392105,0.31539482,0.30700022,0.29907012,0.2917771,0.28525367,0.27972588,0.2755961,0.27342126,0.27376848,0.27699125,0.2830254,0.29131484,0.30090857,0.31068042,0.31957838,0.32682887,0.33206096,0.33534068,0.33711535,0.33807474,0.33894813,0.34028032,0.34225115,0.34460142,0.34669095,0.34766153,0.34664312,0.34294218,0.3361755,0.32633787,0.31380787,0.29930377,0.28380215,0.26843238,0.25435907,0.24266352,0.23423582,0.22968669,0.2292881,0.23294759,0.2402182,0.25034323,0.2623336,0.27507535,0.28746307,0.29855326,0.30772823,0.31485558,0.32041693,0.32555866,0.33199266,0.34167537,0.3562722,0.37657672,0.40216416,0.43144062,0.46199796,0.49105662,0.51584345,0.5338622,0.54307497,0.54202276,0.5299045,0.50662905,0.4728511,0.43000713,0.38038534,0.3272889,0.27538604,0.23123519,0.20310037,0.19727495,0.21177745,0.23749682,0.26534587,0.2892985,0.30593768,0.31359005,0.3117888,0.3009906,0.28243214,0.258071,0.23059449,0.20346677,0.18084806,0.16687769,0.16382535,0.17036858,0.18240324,0.19544716,0.20606135
172,0.23546994,0.21600978,0.1947049,0.17419297,0.15832843,0.15157607,0.15678753,0.1729872,0.19627397,0.22235003,0.2478069,0.2702582,0.28817928,0.3007815,0.30795336,0.3102363,0.30879548,0.30533856,0.30192497,0.3006151,0.30298173,0.30964777,0.32009566,0.33286288,0.34599105,0.35749498,0.3657113,0.36950836,0.3683947,0.36256215,0.3528791,0.34082723,0.32835042,0.31757033,0.31034863,0.3077799,0.3098391,0.31540367,0.32264394,0.32954636,0.33433798,0.3357297,0.3330079,0.32603192,0.3151797,0.30126736,0.28545392,0.26913503,0.25382015,0.24098207,0.23186953,0.2273034,0.22752191,0.23215562,0.24034956,0.25096086,0.26274148,0.274467,0.28502387,0.29348174,0.2991673,0.30174142,0.301271,0.2982788,0.29374617,0.2890336,0.28568247,0.2850901,0.28813013,0.29487947,0.30460167,0.31599003,0.32752615,0.33779782,0.3457023,0.35053498,0.35199368,0.35012797,0.34525892,0.33789027,0.32863045,0.31814265,0.30713084,0.2963579,0.2866712,0.2789954,0.27424744,0.27315623,0.2760338,0.28260905,0.29202557,0.3030128,0.31414568,0.3240948,0.3318116,0.33663678,0.33833873,0.33709046,0.3333919,0.3279473,0.3215139,0.31475258,0.30811974,0.30183646,0.2959484,0.2904545,0.28545243,0.28123888,0.27831444,0.27727073,0.2785854,0.282403,0.2884081,0.29585811,0.30376044,0.3111145,0.31713414,0.3214,0.32392138,0.32510453,0.32563007,0.3262563,0.3275879,0.32987514,0.3329151,0.3360906,0.33852586,0.33929583,0.3376227,0.3330192,0.32536456,0.3149184,0.30228373,0.28833282,0.27410787,0.2607084,0.24917604,0.24038741,0.23496567,0.23322041,0.23512214,0.2403123,0.24814606,0.25776365,0.26818687,0.27843782,0.28767535,0.2953406,0.30129766,0.30594465,0.3102543,0.31568405,0.3238989,0.3363157,0.35360724,0.37539503,0.40027246,0.42609861,0.45038602,0.47064558,0.4846422,0.49057037,0.48717314,0.473823,0.45057935,0.41823643,0.37838432,0.3335216,0.28728163,0.24480206,0.2128923,0.19843641,0.20363915,0.22329162,0.24905364,0.27408525,0.29400137,0.3063144,0.30987123,0.30451527,0.29090375,0.2704158,0.24512695,0.21784137,0.19213404,0.17215952,0.16163734,0.16183467,0.1704451,0.18311639,0.1956911,0.2051702
173,0.2385981,0.2206669,0.20076223,0.18137304,0.16606472,0.15894358,0.16281632,0.17720915,0.1988065,0.22358212,0.24815647,0.27008542,0.28777304,0.30036592,0.30769652,0.31025684,0.30916676,0.30609167,0.303052,0.3020763,0.30472004,0.3116093,0.32224864,0.3352055,0.34854612,0.36029658,0.36878932,0.3728746,0.37203172,0.36641467,0.356849,0.34477356,0.3320988,0.32093778,0.31318524,0.3100174,0.31152064,0.31667587,0.3237173,0.33064824,0.33567694,0.3374749,0.33528054,0.3289027,0.31867012,0.30535248,0.29006588,0.2741678,0.2591368,0.24642712,0.23728967,0.23257506,0.23257683,0.23699073,0.24501517,0.25553444,0.2672998,0.27906457,0.28967878,0.298167,0.30380473,0.30619803,0.30535835,0.3017589,0.29634994,0.2904991,0.28581598,0.28383923,0.2856373,0.2914798,0.30075964,0.3122086,0.3242695,0.33544597,0.3445326,0.3507202,0.353607,0.35315174,0.34959456,0.34336904,0.33502385,0.32517087,0.31446856,0.30363712,0.29348588,0.28491622,0.27885732,0.27611032,0.27712908,0.2818314,0.28955042,0.2991626,0.30933067,0.31876072,0.32640377,0.33157897,0.33402106,0.33386132,0.33155003,0.3277318,0.32309225,0.31820834,0.31344262,0.3089173,0.3045779,0.300323,0.2961493,0.2922555,0.28906077,0.28711826,0.28693935,0.28878847,0.29253665,0.29764694,0.30330178,0.30861658,0.3128611,0.3156279,0.31691703,0.3171256,0.31694078,0.3171493,0.31839952,0.32098487,0.32472676,0.32900214,0.33289778,0.3354257,0.3357274,0.33322364,0.3276958,0.31930408,0.30855587,0.2962367,0.2833167,0.2708427,0.25982615,0.25113633,0.24540956,0.24298505,0.24387579,0.24777758,0.25411266,0.26210096,0.270853,0.27948025,0.2872187,0.29355907,0.29837134,0.30200115,0.30530268,0.30955768,0.3162337,0.32658896,0.34123695,0.35986286,0.38122246,0.40338895,0.42410168,0.44109023,0.45232242,0.456179,0.45157397,0.43803972,0.41579235,0.38579366,0.34983352,0.31066364,0.27219766,0.2396379,0.21886703,0.21400115,0.22420406,0.24401142,0.2669097,0.28774852,0.30313236,0.31110057,0.31079602,0.30224833,0.28624845,0.2642876,0.23855025,0.21194915,0.18811567,0.1710234,0.16370274,0.16637762,0.17611344,0.18865857,0.20027356,0.20834866
174,0.24081784,0.2243411,0.20589341,0.1878801,0.17365682,0.16699421,0.17048606,0.18386722,0.2042652,0.22796534,0.2517028,0.27304268,0.2903629,0.3027776,0.3100896,0.31276536,0.31190163,0.3091398,0.30647245,0.30589548,0.30893186,0.31618503,0.32715374,0.34041435,0.3540469,0.36608735,0.37486938,0.37923548,0.37864935,0.37324327,0.3638164,0.35177904,0.33901584,0.32762623,0.31951755,0.31591484,0.31698355,0.32178798,0.32862145,0.3355098,0.34065208,0.3426911,0.34082785,0.33483267,0.32499865,0.31206447,0.29712078,0.28150487,0.26668018,0.25409177,0.24499035,0.24024002,0.24016327,0.24449453,0.2524686,0.262993,0.27482507,0.28670827,0.29747033,0.30610317,0.31184098,0.3142405,0.31325763,0.30930868,0.30329472,0.29655924,0.2907373,0.28746462,0.2879779,0.2927457,0.30132556,0.31253204,0.3248046,0.33658192,0.34656242,0.35383108,0.35788405,0.3585885,0.35610798,0.35081637,0.343219,0.33389738,0.32348627,0.3126814,0.3022616,0.29309434,0.28608647,0.28205413,0.2815269,0.28456074,0.2906606,0.2988659,0.3079626,0.31673026,0.32415003,0.32953805,0.3326018,0.3334263,0.33240023,0.3300936,0.32710853,0.3239357,0.32085615,0.3179207,0.31501365,0.3119761,0.30874163,0.30543387,0.30238876,0.3000853,0.29899898,0.29942295,0.30132928,0.3043337,0.3077848,0.31094292,0.3131836,0.31416664,0.3139322,0.31290528,0.31180075,0.31143722,0.31249464,0.31528625,0.31963065,0.32487613,0.33005965,0.33413008,0.3361587,0.3354923,0.33183604,0.32527333,0.3162366,0.3054426,0.29380378,0.28232542,0.27199787,0.26369095,0.25806078,0.25547943,0.25599784,0.25934955,0.2649927,0.27218333,0.2800704,0.2878049,0.29465815,0.3001428,0.30412626,0.30691725,0.3092948,0.3124358,0.31770134,0.32628393,0.33880925,0.35505876,0.37394172,0.39370415,0.4122519,0.42746553,0.43744928,0.4407093,0.4362784,0.42380518,0.40362427,0.37682202,0.34531343,0.3119344,0.28049678,0.2555678,0.24146275,0.24026321,0.25033465,0.2672187,0.28588358,0.3021966,0.31329662,0.31748697,0.31405053,0.3031051,0.28551093,0.26282582,0.23730142,0.21189515,0.19016834,0.17572026,0.1708077,0.17488478,0.18481909,0.19665837,0.2070548,0.21369499
175,0.24113391,0.22595944,0.20892586,0.19240028,0.17958842,0.1739636,0.17782897,0.19091742,0.21062844,0.2335275,0.25651115,0.27721235,0.29403177,0.30608994,0.313192,0.31580645,0.31503075,0.31250173,0.3101954,0.3100741,0.31361213,0.32136202,0.33278537,0.34644288,0.36041638,0.37275118,0.38179067,0.38638362,0.3859953,0.38075495,0.37145412,0.35949093,0.34673437,0.33526883,0.32699633,0.32315725,0.3239562,0.32850882,0.33515233,0.34193552,0.34705862,0.34915057,0.34739155,0.34153023,0.33184093,0.31904846,0.30423465,0.28873202,0.27400136,0.2614853,0.25243217,0.24770638,0.24763787,0.251977,0.25997946,0.27057195,0.282524,0.29458165,0.30556473,0.31444627,0.32043058,0.32303324,0.32215914,0.31816617,0.31189644,0.3046469,0.29803962,0.29375613,0.29315135,0.29686433,0.30462164,0.31535015,0.32752198,0.3395416,0.35003257,0.35798848,0.36281443,0.36429724,0.36253724,0.3578648,0.350761,0.34179777,0.33160642,0.32087508,0.31036156,0.3008964,0.29334265,0.288488,0.28687742,0.2886431,0.29341817,0.3003908,0.30848074,0.3165649,0.32367873,0.32915312,0.33267683,0.3342892,0.33431232,0.3332366,0.33158094,0.32976028,0.3279969,0.32630366,0.32454342,0.32254016,0.3201999,0.3175967,0.31499255,0.31277943,0.31135604,0.31097832,0.31164125,0.31304395,0.31465888,0.3158818,0.31621185,0.31540924,0.31359118,0.3112419,0.30912393,0.30809385,0.3088557,0.31172612,0.31650266,0.32249203,0.32867834,0.33395487,0.33733866,0.33812377,0.33596233,0.3308833,0.32326412,0.3137684,0.30326188,0.2927155,0.28310248,0.2752967,0.26997808,0.2675564,0.26812434,0.2714507,0.2770169,0.28409028,0.2918224,0.29936215,0.30597487,0.31116122,0.31476596,0.31706074,0.31877345,0.32102615,0.32514325,0.33232787,0.3432817,0.35791823,0.3753022,0.3938242,0.41150674,0.42631876,0.4364319,0.44040656,0.43732107,0.42686293,0.40939572,0.38601384,0.35858864,0.32978994,0.30300772,0.28198403,0.26990572,0.2680848,0.27517322,0.28777397,0.3018737,0.31395215,0.32142928,0.32271418,0.3171212,0.3047742,0.28653517,0.26396462,0.23930787,0.21546476,0.19579014,0.1834134,0.17994764,0.18445069,0.19389394,0.20468548,0.21380237,0.21914265
176,0.23878805,0.2247243,0.20899571,0.1939592,0.18270981,0.17845741,0.18318547,0.19649759,0.21592562,0.23825689,0.26056194,0.28058052,0.29677662,0.3083126,0.3150256,0.31741115,0.31658867,0.31420678,0.31223464,0.31260002,0.3167148,0.32505557,0.33701885,0.3511278,0.36545545,0.37805757,0.38729656,0.39204168,0.3917764,0.38664395,0.3774443,0.3655768,0.35290307,0.34149182,0.33322594,0.329333,0.33002064,0.33442363,0.34090468,0.34753335,0.35252047,0.35449705,0.35264036,0.34669513,0.3369333,0.3240803,0.30922142,0.29369417,0.27896303,0.2664702,0.25745764,0.25277984,0.25275886,0.2571459,0.26520762,0.27588877,0.28797773,0.30023465,0.3114846,0.32069436,0.32704884,0.33003095,0.3294999,0.32575685,0.3195806,0.31220725,0.3052168,0.30029136,0.29884908,0.30165297,0.30857813,0.31867296,0.33047113,0.3423766,0.35296896,0.36117643,0.3663349,0.36817047,0.36673892,0.3623455,0.35546494,0.34667647,0.33662292,0.32599667,0.31554163,0.30605087,0.29833132,0.29311404,0.29091442,0.29188627,0.29574093,0.3017826,0.30905402,0.31653476,0.32332742,0.32879025,0.3326021,0.33476144,0.3355269,0.3353142,0.33456978,0.3336515,0.33274975,0.33187175,0.33089313,0.32965347,0.32805982,0.32615885,0.32415193,0.3223435,0.32103702,0.32041252,0.32043278,0.32082063,0.32112202,0.32083744,0.3195805,0.3172196,0.31396556,0.31037956,0.30728444,0.30557874,0.3059861,0.30881703,0.31383884,0.32031327,0.32717666,0.33327952,0.33760357,0.3394119,0.3383261,0.33434165,0.32779855,0.3193205,0.30973473,0.29998073,0.29101422,0.28371078,0.27877313,0.2766504,0.27748096,0.2810728,0.28693014,0.29432276,0.30238706,0.31024423,0.3171243,0.32248777,0.32613555,0.32829306,0.32964465,0.33128315,0.33453786,0.340671,0.35050362,0.36410883,0.3807116,0.3988295,0.4165648,0.4319238,0.44308496,0.44859463,0.44750187,0.4394489,0.42473155,0.40433842,0.379967,0.35399836,0.32936817,0.30921483,0.29618326,0.2915032,0.29439646,0.30235904,0.312116,0.32055196,0.32523268,0.32457533,0.3178461,0.30510402,0.2871444,0.26545784,0.24219835,0.22010794,0.2022484,0.19130106,0.18845506,0.19267258,0.2011889,0.21077225,0.21866576,0.22291827
177,0.23334666,0.22018854,0.20561159,0.19197729,0.18229492,0.17953874,0.18536931,0.19919334,0.21858108,0.24048646,0.26214835,0.28143388,0.29689792,0.30777046,0.3139428,0.31595573,0.31496534,0.31264347,0.31095904,0.31180516,0.3165215,0.32549107,0.33802485,0.35259292,0.36725295,0.3800737,0.38944557,0.39427045,0.394063,0.38899255,0.37987778,0.36812684,0.3555977,0.3443414,0.3362112,0.332402,0.33309796,0.33742842,0.3437669,0.3502019,0.3549639,0.35670042,0.35460198,0.34842443,0.33844998,0.32541394,0.31041127,0.29478702,0.2800092,0.26751634,0.2585385,0.25391236,0.2539435,0.25837657,0.26648635,0.2772384,0.28944767,0.30189908,0.31343403,0.32302335,0.32984143,0.33334532,0.33335346,0.33011255,0.3243361,0.3171902,0.31019235,0.30498955,0.30301493,0.305106,0.3112535,0.3206216,0.33182347,0.34329358,0.3536013,0.361641,0.36670712,0.3684892,0.367019,0.36259422,0.355698,0.34692845,0.33694896,0.32646227,0.3162015,0.30692145,0.29936588,0.29419234,0.2918572,0.29249543,0.2958523,0.30131084,0.3080135,0.31503353,0.32154143,0.32692853,0.3308708,0.3333331,0.33451945,0.3347828,0.33451378,0.33403528,0.33353132,0.33303103,0.3324493,0.33166584,0.3306103,0.32932034,0.32795006,0.3267228,0.32584232,0.325394,0.32527602,0.3251928,0.32472095,0.32343018,0.32102558,0.31747308,0.31307557,0.3084738,0.3045529,0.30225253,0.30231172,0.30502924,0.31013966,0.31686273,0.32409674,0.33066514,0.3355333,0.337954,0.33753863,0.33426788,0.32845986,0.32070962,0.31181207,0.30267638,0.2942374,0.28736666,0.2827842,0.28097588,0.28212726,0.2860902,0.29239613,0.3003185,0.30897376,0.3174444,0.32490945,0.3307716,0.3347716,0.33707756,0.3383272,0.33959103,0.34221888,0.34755298,0.35655412,0.3694685,0.38568446,0.4038365,0.42208397,0.4384375,0.4510407,0.458378,0.45941538,0.453691,0.441371,0.42327744,0.40088886,0.37629807,0.35208535,0.33103028,0.31558418,0.30716148,0.3055833,0.30910084,0.31502748,0.32054672,0.3232938,0.32163003,0.31471333,0.3024789,0.28559396,0.26541233,0.24392323,0.22364186,0.2073121,0.19725297,0.19443196,0.19790795,0.2052533,0.21358112,0.22036105,0.2237545
178,0.2247443,0.21228899,0.1986778,0.18628271,0.17804518,0.17673178,0.18369435,0.19811524,0.21754764,0.2390703,0.260078,0.27857244,0.2932137,0.30331394,0.30883035,0.31035802,0.30909634,0.3067458,0.30527928,0.3065565,0.31184155,0.32141504,0.33449164,0.34948057,0.36442232,0.37740248,0.3868469,0.39169866,0.3915113,0.38648576,0.37746233,0.36585838,0.35352644,0.34249562,0.33458242,0.33093762,0.3317076,0.3360027,0.34219998,0.3484083,0.3528862,0.35430998,0.35189593,0.34542146,0.33518597,0.3219379,0.30678073,0.2910632,0.27625027,0.2637698,0.2548333,0.25025484,0.25032088,0.25476965,0.26288727,0.27366632,0.28595683,0.29857752,0.31039488,0.3203913,0.32773694,0.33186826,0.33256668,0.3300265,0.32489502,0.31826216,0.3115684,0.3063994,0.3041649,0.30573362,0.31117725,0.31976214,0.33019012,0.3409512,0.35063663,0.358139,0.36274055,0.3641188,0.3623015,0.35759395,0.35049832,0.3416383,0.33170107,0.3214007,0.311459,0.30259055,0.29547164,0.2906772,0.28858736,0.2892915,0.2925354,0.2977473,0.30414212,0.31086943,0.3171599,0.32243705,0.32637817,0.32892233,0.33023027,0.33060744,0.3304074,0.3299392,0.32940254,0.3288693,0.328313,0.32767057,0.32691023,0.32607532,0.32528603,0.3246947,0.32440957,0.3244168,0.32453412,0.32442227,0.32365736,0.32184726,0.31876186,0.31444466,0.30927694,0.30396947,0.29946256,0.29672983,0.29651928,0.29911366,0.3042147,0.31100637,0.3183606,0.32508945,0.3301599,0.33283272,0.33272678,0.32982424,0.32443497,0.3171355,0.30869415,0.29999056,0.2919349,0.28538772,0.28107843,0.27952394,0.28095523,0.28527054,0.29203385,0.30052754,0.30985096,0.3190472,0.32723975,0.3337659,0.33829728,0.3409355,0.34226424,0.34332675,0.34549105,0.35017896,0.35849112,0.37084717,0.38679716,0.40508765,0.42392585,0.4413126,0.4553388,0.46440566,0.46737227,0.4636485,0.4532485,0.43681437,0.41561195,0.39148918,0.36677015,0.34403044,0.32569075,0.3134336,0.30764425,0.30723238,0.31001234,0.31340423,0.3150634,0.31324947,0.30696788,0.2959853,0.2807946,0.262564,0.24307035,0.22457108,0.20951079,0.19994439,0.19676575,0.1992388,0.20530109,0.21239425,0.21819003,0.22093971
179,0.21330054,0.20135768,0.18850051,0.17711082,0.17007993,0.17000268,0.17795436,0.1928933,0.21232738,0.23343092,0.25374,0.27138826,0.2851438,0.29440355,0.29919165,0.3001562,0.29853818,0.2960662,0.29471967,0.29632986,0.30208984,0.31217942,0.32571644,0.341049,0.35620263,0.36928412,0.37875968,0.38361758,0.38345143,0.3784922,0.36959702,0.35818568,0.3460978,0.33533442,0.32767117,0.32421204,0.32506356,0.32931575,0.3353505,0.34130228,0.34546602,0.34655622,0.34382296,0.3370701,0.32661524,0.3132164,0.2979784,0.2822434,0.26746222,0.25504196,0.24616931,0.24163418,0.24170722,0.24612673,0.25419834,0.26495016,0.277275,0.2900321,0.30211848,0.31253257,0.3204443,0.32527277,0.32676563,0.32506666,0.32075688,0.31484637,0.30868882,0.30378988,0.30150747,0.30270728,0.30751154,0.31527296,0.32478547,0.33461383,0.34339842,0.35005963,0.3538945,0.35459155,0.3521918,0.3470203,0.33960456,0.330596,0.32070422,0.31065142,0.30114457,0.29285502,0.2863891,0.2822355,0.28069004,0.2817813,0.2852328,0.2904911,0.2968178,0.3034185,0.30957106,0.3147259,0.31856278,0.321002,0.32217276,0.32234854,0.32186374,0.32103175,0.32008502,0.31915292,0.31827974,0.3174709,0.31674415,0.31616056,0.31581956,0.31581536,0.3161712,0.31677863,0.3173718,0.31755534,0.31688514,0.31498313,0.3116593,0.3070118,0.30148035,0.2958288,0.2910379,0.28810287,0.28777054,0.29030177,0.29536548,0.30211642,0.30941188,0.3160674,0.3210672,0.32369596,0.3235948,0.32076097,0.31550798,0.30840337,0.300195,0.29173502,0.28390667,0.27755332,0.27340576,0.27200413,0.27362007,0.27819747,0.28533593,0.29433218,0.30427465,0.31417236,0.32309672,0.3303207,0.33544493,0.33850014,0.3400086,0.34097633,0.34277698,0.3468973,0.35456356,0.36635697,0.38198212,0.40029445,0.419549,0.43773848,0.45290354,0.46336448,0.46787605,0.4657228,0.45677292,0.44150147,0.4209869,0.39687744,0.37130913,0.34673578,0.3256121,0.3098982,0.30049127,0.2968833,0.2973241,0.2994194,0.30080223,0.29959455,0.29461905,0.28544766,0.27237397,0.25635734,0.23894486,0.22213826,0.20812404,0.19877908,0.19501923,0.19636635,0.20112596,0.2070512,0.211999,0.21429682
180,0.19972037,0.1881233,0.17579007,0.16510533,0.15893167,0.15974492,0.16839908,0.18365118,0.20295261,0.22355135,0.24310736,0.25987554,0.27272385,0.281126,0.2851629,0.2855244,0.28348267,0.28078866,0.2794306,0.28122196,0.28729972,0.2977565,0.31162283,0.3271921,0.34247956,0.35561657,0.36511123,0.3699953,0.36989748,0.3650697,0.35637388,0.34521863,0.3334183,0.32293797,0.31551138,0.31220186,0.3130859,0.3172438,0.323072,0.32873932,0.33258528,0.3333687,0.33037677,0.32343933,0.31288707,0.29947847,0.284307,0.26869312,0.25405872,0.24177851,0.23300885,0.22851779,0.228569,0.23291287,0.2408862,0.25156152,0.26388025,0.27674517,0.28908527,0.2999162,0.3084091,0.31396824,0.31631017,0.315531,0.312147,0.3070874,0.30161357,0.29713935,0.29495117,0.2958865,0.300094,0.30699807,0.31548476,0.32420686,0.33187595,0.33746478,0.34030858,0.34012604,0.33698577,0.3312406,0.32344642,0.31428042,0.3044696,0.29473788,0.2857715,0.278195,0.27254394,0.26922122,0.26843745,0.27015403,0.27405903,0.27959755,0.28605598,0.29267573,0.2987672,0.3037995,0.30745396,0.3096376,0.31045884,0.31017336,0.30911183,0.30760643,0.305934,0.30428988,0.3027953,0.30152956,0.3005668,0.2999957,0.29990777,0.3003547,0.30128992,0.30252257,0.303709,0.30439553,0.30410728,0.30246362,0.2992937,0.2947281,0.28924274,0.2836337,0.2789026,0.27604872,0.2758036,0.27839738,0.2834646,0.2901364,0.29726663,0.30368796,0.30841577,0.31077123,0.3104297,0.30741414,0.3020518,0.29491013,0.2867235,0.278321,0.27055946,0.26426187,0.2601536,0.2587898,0.2604753,0.26519462,0.27258182,0.28195062,0.29238465,0.30286705,0.3124261,0.32027832,0.32595888,0.32942894,0.33114567,0.33206797,0.33355862,0.33714744,0.34416202,0.35532343,0.3704763,0.38857976,0.40794057,0.42655486,0.44242936,0.45382297,0.4594067,0.45836127,0.4504318,0.4359519,0.41584367,0.39159364,0.3651933,0.3390151,0.31556693,0.29706648,0.28486598,0.27896813,0.27798897,0.2796583,0.28153756,0.28157985,0.2784107,0.27140382,0.26065588,0.2469226,0.23153357,0.21626201,0.20308678,0.19377437,0.1893183,0.18951496,0.19302307,0.19788525,0.20212731,0.20414224
181,0.18507947,0.17370375,0.16166319,0.1513281,0.14555639,0.14678153,0.15572497,0.17098816,0.18996467,0.20995463,0.2287193,0.24461518,0.25659218,0.264182,0.26750195,0.26726255,0.26474813,0.26172084,0.2601802,0.26194045,0.26811087,0.27872485,0.29274544,0.3084228,0.32376713,0.3369352,0.34647363,0.35145038,0.3515175,0.34693244,0.3385433,0.32772794,0.31625864,0.3060549,0.29881066,0.2955626,0.29637843,0.30035043,0.3059071,0.3112638,0.31481168,0.31535682,0.3122222,0.30525798,0.29479817,0.28158784,0.2666921,0.25139153,0.23706159,0.22503191,0.21642408,0.21198985,0.21199957,0.21623227,0.22406961,0.23463649,0.24692507,0.25988004,0.2724596,0.2836945,0.29275694,0.29903847,0.30222824,0.3023793,0.29994732,0.29578313,0.29105487,0.2870787,0.285058,0.28578484,0.28941628,0.2954357,0.3028188,0.31031492,0.3167224,0.32108527,0.3227952,0.32161614,0.31765446,0.31129563,0.30312344,0.29383573,0.2841689,0.2748396,0.2665059,0.25974163,0.2550122,0.25263903,0.25275218,0.2552473,0.2597711,0.2657547,0.27249175,0.2792417,0.28533277,0.2902439,0.29365575,0.29546615,0.29577187,0.29482275,0.29295793,0.29053846,0.2878921,0.2852825,0.28290793,0.28092137,0.27945584,0.2786349,0.2785555,0.27924436,0.28060523,0.2823832,0.28417,0.2854592,0.2857424,0.28462574,0.28194138,0.2778322,0.27278832,0.26761502,0.26331198,0.26086098,0.2609596,0.26379505,0.26896405,0.27557942,0.28250265,0.28859636,0.2929191,0.29483855,0.2940725,0.29067713,0.28500086,0.2776187,0.26925963,0.26073653,0.25288442,0.24650665,0.24231961,0.240886,0.24253365,0.24727792,0.25477996,0.26436824,0.27512497,0.28601655,0.29604077,0.30437165,0.3104909,0.31429848,0.31618866,0.31706715,0.31827065,0.32134765,0.32769674,0.33814886,0.3526654,0.37029827,0.38940898,0.40801236,0.42410567,0.43591595,0.4420624,0.44165474,0.43434763,0.42036593,0.40050852,0.37613338,0.34911856,0.32177708,0.2966722,0.2762518,0.26226595,0.25514874,0.2537878,0.25594392,0.25904158,0.26083997,0.25977585,0.2550515,0.24659982,0.23500827,0.22142684,0.20744506,0.19488713,0.18546028,0.18026309,0.17935844,0.18172756,0.18567106,0.18936148,0.19124533
182,0.17077626,0.15957136,0.1476293,0.13726957,0.13136022,0.13239239,0.1410914,0.15598243,0.17440726,0.19369121,0.21166459,0.22675583,0.23796874,0.24486467,0.24756771,0.24677823,0.24376495,0.24028325,0.23834583,0.23979461,0.2457565,0.2562512,0.2702062,0.28584415,0.3011739,0.31437376,0.32401985,0.3292028,0.3295807,0.3253953,0.31745738,0.30708987,0.29600194,0.286056,0.27890953,0.27559265,0.2761959,0.27985588,0.28505787,0.29007864,0.2933672,0.29377648,0.2906598,0.28387776,0.27375433,0.26100436,0.24664557,0.23189823,0.21807276,0.20643985,0.19808176,0.19374105,0.1937112,0.19781911,0.20550564,0.2159538,0.22820437,0.24123774,0.2540347,0.265637,0.27521753,0.28215814,0.2861266,0.28714025,0.28560185,0.28229025,0.27828455,0.2748034,0.2729619,0.27349666,0.27655998,0.28168312,0.28792676,0.2941397,0.29921657,0.3022851,0.30280602,0.30059865,0.2958135,0.28887028,0.28037703,0.2710446,0.26160818,0.25276592,0.24513869,0.23924556,0.23548402,0.23410182,0.23515886,0.23849271,0.24371032,0.2502224,0.25731775,0.26425946,0.27038056,0.27516168,0.27828026,0.27962792,0.2792972,0.27754146,0.2747171,0.27121973,0.26742893,0.26367328,0.2602213,0.25729313,0.25507787,0.25373802,0.2533885,0.25405154,0.2556059,0.25775728,0.26005283,0.2619456,0.2628971,0.26249504,0.26056242,0.25723696,0.25300187,0.24864791,0.24514736,0.24343865,0.24416305,0.24745007,0.25285482,0.2594785,0.2662026,0.27193278,0.2757811,0.27716875,0.27586025,0.27194828,0.26580617,0.25802225,0.24932772,0.24052827,0.2324459,0.22587004,0.22150874,0.21992595,0.22146037,0.22614227,0.23364519,0.24330328,0.25419748,0.26528636,0.27555308,0.28414804,0.29051855,0.29451898,0.29648992,0.29728463,0.29820284,0.30078867,0.30647844,0.31617546,0.3299253,0.34685335,0.36537403,0.38353577,0.39935336,0.41105637,0.41725037,0.41701266,0.4099459,0.39620343,0.3764965,0.3520878,0.32477084,0.29681918,0.2708553,0.24953641,0.23495467,0.22787087,0.22729495,0.23087357,0.23581342,0.23967686,0.2407589,0.2381558,0.23170312,0.22188124,0.20971772,0.19667363,0.18447043,0.17479396,0.16885643,0.166961,0.16836488,0.17158051,0.17489424,0.17678876
183,0.15840127,0.14743277,0.13549982,0.12480668,0.11820917,0.11835318,0.1261605,0.14021756,0.15783747,0.17633581,0.1935666,0.20798855,0.21862166,0.22502063,0.22727904,0.22604865,0.2225453,0.21849002,0.21590471,0.21669114,0.22205715,0.23207742,0.24569212,0.26111686,0.27636015,0.28961173,0.29946142,0.3050031,0.30587876,0.30229005,0.29498377,0.28520107,0.27456412,0.26486313,0.25772056,0.25418243,0.25440043,0.2575969,0.26234624,0.26700464,0.27008456,0.27048287,0.26757452,0.2612182,0.25171232,0.23972422,0.22620495,0.2122948,0.19922024,0.18817815,0.18020448,0.17603678,0.17600621,0.18000567,0.18754847,0.19787915,0.21008217,0.22316495,0.23612332,0.24800654,0.2579894,0.26544997,0.27004355,0.27176264,0.27096844,0.2683787,0.2649924,0.26193625,0.26023796,0.26057354,0.26308107,0.26732913,0.2724557,0.2774066,0.28117535,0.28297916,0.28235427,0.2791807,0.2736553,0.2662301,0.25753132,0.24827226,0.2391735,0.23090115,0.22402802,0.2190141,0.216193,0.2157509,0.21769369,0.2218157,0.22769283,0.2347159,0.24216239,0.24928908,0.25542438,0.26004392,0.26281974,0.26363996,0.26259848,0.25995907,0.2561007,0.25145507,0.24644935,0.241467,0.23683275,0.2328191,0.22966054,0.22755684,0.22665106,0.22698298,0.2284364,0.2307095,0.23333246,0.23573698,0.23736347,0.23778076,0.23679389,0.23452029,0.23141584,0.22823185,0.22588491,0.22524096,0.22686006,0.23079984,0.23657374,0.24328226,0.2498426,0.25521728,0.25858083,0.2594116,0.2575207,0.2530356,0.24635367,0.23807815,0.228948,0.21977116,0.21136796,0.20452411,0.19994369,0.19818707,0.19958831,0.20417005,0.21159548,0.22118968,0.23202981,0.24307679,0.2533183,0.26190543,0.2682761,0.27226153,0.27416587,0.2747979,0.27541625,0.2775413,0.28261286,0.29156274,0.30447876,0.32053128,0.33817944,0.35551676,0.37060183,0.38170186,0.38744792,0.38692608,0.37972787,0.3659756,0.34633222,0.3220032,0.294733,0.26678672,0.24086687,0.21983561,0.20606312,0.20046878,0.20193604,0.20779487,0.21497472,0.22090018,0.22383064,0.22286277,0.21782562,0.20916834,0.19786097,0.18529347,0.17313218,0.16307029,0.1564301,0.15371503,0.15439455,0.15712827,0.16026878,0.16231075
184,0.14944886,0.13892323,0.12709051,0.1159587,0.10828449,0.106890194,0.11310208,0.12579209,0.14231956,0.15995938,0.17653199,0.19047314,0.20077345,0.20693974,0.20899473,0.20749937,0.20357221,0.19885953,0.19537258,0.19509694,0.19939603,0.20849517,0.22141956,0.23640907,0.25147122,0.26479048,0.2749475,0.28101513,0.2825943,0.27982128,0.2733532,0.2643232,0.25424153,0.2448071,0.23760225,0.2337055,0.23336762,0.23594308,0.24013422,0.24439922,0.24732107,0.2478366,0.2453324,0.23965198,0.2310534,0.22014078,0.20778252,0.19502258,0.18298717,0.17278427,0.1653919,0.16153812,0.16159609,0.16553481,0.17294902,0.18314752,0.19525519,0.20830093,0.22129212,0.23328605,0.24346483,0.25121167,0.25618148,0.2583555,0.2580679,0.2559897,0.2530528,0.25030237,0.24868411,0.24881248,0.25080404,0.25425348,0.2583649,0.26217303,0.26476586,0.26544896,0.26383424,0.25986233,0.25377423,0.24604896,0.2373213,0.22829352,0.21965528,0.21202411,0.20591255,0.20171735,0.19971521,0.20004779,0.20268993,0.20741537,0.21378542,0.22117892,0.22886221,0.23608123,0.24215409,0.24654743,0.24892722,0.24918026,0.24740638,0.24388456,0.23901905,0.23327559,0.22712067,0.22097677,0.21520272,0.21009834,0.20592117,0.20289531,0.2011944,0.20089562,0.20192172,0.20400357,0.20669176,0.20942472,0.2116377,0.21288478,0.21294726,0.2119083,0.21017551,0.20843391,0.2075133,0.20817655,0.2108801,0.21560246,0.22182426,0.22866407,0.23509425,0.24014843,0.24307038,0.24339564,0.24097729,0.2359708,0.22879112,0.2200529,0.2105039,0.20096068,0.19225222,0.18517101,0.18042193,0.17855504,0.17987949,0.18438114,0.1916855,0.2010926,0.21167593,0.2224129,0.23231937,0.24057537,0.24663897,0.25034606,0.25198755,0.25234297,0.25263244,0.2543378,0.25886816,0.26713607,0.27922243,0.29430738,0.31088156,0.3270912,0.34106144,0.35112882,0.35598648,0.35476828,0.34709552,0.33310178,0.3134459,0.28932288,0.26247877,0.23522411,0.21038987,0.19105068,0.17973503,0.17720678,0.18184713,0.19048867,0.199847,0.2073768,0.2114622,0.21132202,0.20686793,0.19858657,0.1874482,0.17482248,0.16236232,0.15179108,0.1445312,0.14123547,0.14150378,0.14405777,0.14725482,0.14957277
185,0.1448583,0.13507836,0.12362541,0.11225884,0.10351606,0.10027352,0.104341865,0.11514544,0.13026582,0.14695358,0.16294593,0.17659923,0.186827,0.19304867,0.19518045,0.19365558,0.1894525,0.18409273,0.17953162,0.17782906,0.18056199,0.18821806,0.20001289,0.21426517,0.22898777,0.24234071,0.25286818,0.25959453,0.26205498,0.2602985,0.25487214,0.24678081,0.23740156,0.22832082,0.22106558,0.21674745,0.21573968,0.21756944,0.22110783,0.22494264,0.22773844,0.22847064,0.22652894,0.22173028,0.21428053,0.20470953,0.19379295,0.18246923,0.17175478,0.16265732,0.15608306,0.1527352,0.15301631,0.1569651,0.16425742,0.1742689,0.18616764,0.19900745,0.21181199,0.22365378,0.23373164,0.24144563,0.24646354,0.24877018,0.2486886,0.24685942,0.24416363,0.24157874,0.23997767,0.23991545,0.24148108,0.24428326,0.24757738,0.25047326,0.25214237,0.2519703,0.24963848,0.24514212,0.23875932,0.23098646,0.22245377,0.21383591,0.20577332,0.19881815,0.19341172,0.18988672,0.1884742,0.18929328,0.19231603,0.19732386,0.20388627,0.21138468,0.21908094,0.22621141,0.23208296,0.23615251,0.23808077,0.23775606,0.23528825,0.23097531,0.22524837,0.21860424,0.21153858,0.20449433,0.19783676,0.1918585,0.18680377,0.18289064,0.18030818,0.17917766,0.17949015,0.18105401,0.18348834,0.18627855,0.18888101,0.19084613,0.19192937,0.19216648,0.19189502,0.19170527,0.19230974,0.19434313,0.19814758,0.20363042,0.21026155,0.21720348,0.22350457,0.22828121,0.23084916,0.23079711,0.22801167,0.22266577,0.21518138,0.20617586,0.19640094,0.18668129,0.17785767,0.17073232,0.16600774,0.16420883,0.16559339,0.17008056,0.17723604,0.1863286,0.19643736,0.20657642,0.2158159,0.2233935,0.22881673,0.23195489,0.23311144,0.2330561,0.23297787,0.23430932,0.23839715,0.2460871,0.2574046,0.27150518,0.2868974,0.3017851,0.31437692,0.32310277,0.32674685,0.32452372,0.31612176,0.30172807,0.2820468,0.25832126,0.23237006,0.20662996,0.18412513,0.16809858,0.16093351,0.16271299,0.17097312,0.1821254,0.19294474,0.20114832,0.205386,0.20507847,0.20027111,0.19152892,0.17986155,0.16665757,0.15359187,0.14243829,0.13470674,0.13113928,0.13136783,0.13407636,0.13756113,0.14025797
186,0.14459054,0.13583271,0.12510729,0.113942124,0.10459656,0.09981062,0.10171061,0.1103804,0.12385859,0.13948818,0.15492752,0.1684205,0.17876881,0.1852774,0.18773547,0.18642971,0.18217325,0.17632128,0.17071113,0.16741534,0.16821584,0.17394215,0.18412401,0.19725078,0.21137322,0.22461893,0.23547214,0.24288431,0.24630499,0.24568132,0.24144028,0.23444997,0.22594339,0.21737766,0.21020119,0.20553702,0.20387429,0.20492819,0.2077679,0.21113853,0.21380267,0.21477911,0.2134579,0.20962346,0.20342356,0.19530953,0.18596298,0.1762177,0.16698237,0.15916413,0.15359014,0.15092166,0.15156567,0.15560612,0.16278426,0.17253856,0.18408546,0.19651331,0.20887353,0.22026554,0.22991672,0.23725605,0.24197705,0.24408227,0.24389926,0.24205546,0.23939864,0.23685502,0.23523675,0.23504397,0.23633356,0.2387154,0.24147864,0.24378955,0.24488597,0.24421881,0.24152605,0.23684548,0.23047996,0.22292948,0.21480452,0.20673625,0.19930145,0.19297734,0.18813221,0.1850421,0.18390818,0.18484914,0.18785952,0.19275382,0.19913222,0.20639592,0.21381384,0.22061977,0.22611344,0.22974531,0.23117433,0.23029444,0.22722995,0.22230193,0.21597034,0.20876117,0.20119134,0.19370776,0.18665607,0.1802858,0.17478454,0.17031924,0.16705593,0.16513902,0.16463253,0.16545303,0.16733566,0.16986248,0.1725501,0.17496806,0.1768519,0.17818192,0.17920746,0.18040147,0.18233971,0.18552168,0.19018613,0.19619577,0.20304142,0.20995557,0.21607761,0.22061111,0.22294034,0.22269882,0.21979563,0.21440887,0.20695508,0.19804259,0.1884164,0.1789,0.17033637,0.16352506,0.15914783,0.15767986,0.15930249,0.16385165,0.17083168,0.17949158,0.18893461,0.19823186,0.20652808,0.21313918,0.21764386,0.21996759,0.22044884,0.21986592,0.21938547,0.22038387,0.2241205,0.23133817,0.24197285,0.2551341,0.26934147,0.2828592,0.2939875,0.3012621,0.30357468,0.3002428,0.2910514,0.2762802,0.25672996,0.23375879,0.20933829,0.18610603,0.167269,0.15597793,0.15390274,0.16000131,0.17109722,0.18361427,0.19469811,0.20245458,0.20582935,0.20444623,0.19848499,0.18859853,0.17585558,0.16169141,0.14783256,0.1361212,0.1281387,0.12464881,0.12521067,0.12837638,0.13233128,0.13545915
187,0.147594,0.13999797,0.13025837,0.11973903,0.11045825,0.10491881,0.10528759,0.11212579,0.12402241,0.13857839,0.15346022,0.16682266,0.17735626,0.18425003,0.18716948,0.18626225,0.18218155,0.17610632,0.16971143,0.16499437,0.16384739,0.16741753,0.17562413,0.18723695,0.20041804,0.21328785,0.22426835,0.2322277,0.23652166,0.23699325,0.23395248,0.22813687,0.22063956,0.21278307,0.2059157,0.2011344,0.19900315,0.19939964,0.20158912,0.20448779,0.20697275,0.20811823,0.20732127,0.20433767,0.19926096,0.19247015,0.18456243,0.1762808,0.1684424,0.16186887,0.15731564,0.1553949,0.1564944,0.16070987,0.16781722,0.17729922,0.1884159,0.20029524,0.21202601,0.22274545,0.23172016,0.2384187,0.2425714,0.24421093,0.2436837,0.24162047,0.2388536,0.23627526,0.2346505,0.23443083,0.23563784,0.23787019,0.24043204,0.2425246,0.24343058,0.24264622,0.23994769,0.23539843,0.22931023,0.22217241,0.21456373,0.20706443,0.20018694,0.19434053,0.18983431,0.18690462,0.18573892,0.18646836,0.1891208,0.1935546,0.19941293,0.20613031,0.21299578,0.21925206,0.22420135,0.22729553,0.22819845,0.22681557,0.22329071,0.21797186,0.21134996,0.20397934,0.19639295,0.18903077,0.18220092,0.17608465,0.17078038,0.166364,0.16293353,0.1606119,0.1595028,0.15961988,0.1608296,0.16284524,0.16528396,0.16776784,0.17003275,0.172011,0.1738628,0.1759422,0.17869444,0.18250388,0.18753877,0.19365375,0.20038997,0.20706601,0.21291552,0.21722363,0.21943274,0.21920884,0.21647067,0.21138862,0.20436057,0.195972,0.18694575,0.17808604,0.17021655,0.16410913,0.16039926,0.15949322,0.1614909,0.16615686,0.1729561,0.18113971,0.18984994,0.19822258,0.20548065,0.21102205,0.21450308,0.2159151,0.21564355,0.21448666,0.21359517,0.21428739,0.21772642,0.22454219,0.23457703,0.24689668,0.26003483,0.27231613,0.2821299,0.28811494,0.2892713,0.28502688,0.27527934,0.26042816,0.24140906,0.21974114,0.19758344,0.17773584,0.1633536,0.15700468,0.1592537,0.1681618,0.18043444,0.19288224,0.20309839,0.20952721,0.21134232,0.20831977,0.20074487,0.18934868,0.17526467,0.15999173,0.1453285,0.13319531,0.12522143,0.12212344,0.12330069,0.12711592,0.13162923,0.13518077
188,0.15222417,0.1457806,0.1371396,0.12757297,0.1189326,0.11348923,0.11327244,0.11903125,0.12977777,0.14344157,0.15780665,0.17101206,0.18167984,0.188913,0.19228129,0.19182393,0.1880664,0.18203644,0.1752443,0.16955411,0.16684619,0.16845708,0.17465279,0.18453941,0.19647712,0.20864274,0.21942948,0.22763877,0.23254442,0.23389868,0.2319117,0.22720984,0.22076382,0.21376942,0.20746312,0.20287737,0.2005917,0.20058553,0.20227963,0.20474738,0.20698583,0.2081384,0.20762503,0.20518892,0.2008863,0.19504306,0.18819447,0.18101852,0.17426836,0.16870558,0.16503093,0.1638095,0.16539347,0.16985925,0.17698209,0.18626042,0.19698125,0.20830664,0.21936437,0.22933452,0.23752931,0.24346375,0.24691284,0.24794854,0.24694763,0.24455796,0.24161221,0.23898439,0.23740542,0.23728506,0.23860759,0.24094954,0.24361223,0.24581021,0.24684843,0.24624652,0.2437987,0.23957644,0.23388638,0.22719802,0.22005655,0.21299823,0.20648734,0.20088868,0.19647719,0.19346972,0.19205032,0.19236244,0.19446006,0.19823794,0.20337981,0.20935811,0.21549235,0.22104712,0.22534019,0.22783647,0.22821403,0.22639677,0.22255267,0.21705885,0.21043715,0.2032676,0.19609398,0.18934207,0.18327388,0.17799333,0.17349948,0.1697628,0.16678913,0.16464253,0.16341758,0.16317569,0.16387928,0.16536117,0.16735005,0.16954504,0.17171066,0.17375782,0.1757833,0.17805071,0.18091024,0.18467319,0.18947987,0.1952106,0.20147553,0.20768268,0.21315229,0.21723759,0.21942405,0.21939532,0.21706589,0.21258496,0.20631798,0.19881183,0.1907487,0.18289149,0.17602018,0.17085645,0.16797629,0.16772111,0.17013253,0.17493778,0.18159357,0.18937063,0.19745235,0.20503002,0.21139075,0.21600012,0.21858057,0.21918207,0.21823378,0.21655348,0.21527806,0.21567346,0.21881948,0.22525613,0.23476113,0.24638079,0.25867406,0.270023,0.278893,0.2840093,0.28446513,0.2797875,0.26998088,0.25556254,0.23759925,0.21774764,0.19827124,0.18192546,0.17146961,0.16864905,0.17319605,0.182914,0.19480288,0.20610821,0.21476312,0.21943186,0.21942681,0.21461703,0.20535722,0.19243792,0.17705171,0.1607642,0.1454513,0.13310547,0.12537205,0.12286606,0.12478512,0.1292999,0.13436538,0.13829531
189,0.15677689,0.15138519,0.143851,0.13540624,0.12779674,0.1230975,0.12313167,0.1286265,0.13881749,0.15191364,0.16587196,0.17889062,0.18958518,0.19702184,0.20071787,0.2006463,0.19724819,0.19144174,0.1846003,0.17844264,0.1747551,0.17491896,0.17941521,0.18764424,0.19820546,0.20940053,0.21965322,0.22774208,0.23289269,0.23479632,0.23359191,0.22982271,0.22436179,0.21829377,0.21274093,0.20864232,0.20653638,0.20643346,0.20784688,0.20996901,0.21190548,0.2128769,0.21234502,0.2100648,0.20608248,0.20070022,0.19442242,0.18789364,0.1818332,0.17696771,0.17395931,0.17332903,0.17538197,0.18015213,0.18738572,0.1965708,0.2070025,0.21786614,0.22832374,0.23759718,0.24504514,0.2502309,0.25297698,0.2533992,0.25191107,0.24918664,0.24606997,0.24342878,0.24197017,0.24206786,0.24366775,0.24631579,0.24929588,0.25181758,0.25318858,0.2529329,0.2508461,0.24699458,0.24167232,0.2353289,0.22848463,0.22165003,0.21526693,0.20968403,0.20516723,0.20192964,0.2001549,0.1999893,0.20149551,0.204586,0.20897178,0.21415894,0.21950209,0.22429839,0.22789408,0.2297794,0.22965652,0.22747426,0.22342758,0.21792218,0.21150707,0.20478211,0.19829524,0.19245255,0.18746851,0.18337387,0.18007737,0.1774536,0.1754186,0.17396446,0.1731432,0.1730128,0.17357379,0.17472959,0.17629206,0.17803308,0.17976148,0.1813966,0.1830108,0.18482314,0.18713869,0.19024463,0.19429389,0.19921857,0.20470744,0.21025398,0.21525267,0.219109,0.22133528,0.22161798,0.21985397,0.21615864,0.21085192,0.20442753,0.19751015,0.1908032,0.18502638,0.18084204,0.17877167,0.17911404,0.1818876,0.18681897,0.19338316,0.20088117,0.2085326,0.21556823,0.221317,0.22528757,0.22724473,0.22727574,0.22583608,0.22375163,0.22214302,0.2222356,0.2250557,0.2310987,0.2401259,0.2511999,0.26291972,0.27371955,0.28212225,0.2869137,0.28725126,0.2827306,0.27342987,0.25994322,0.24340898,0.22552362,0.20849767,0.19483814,0.18679434,0.18550286,0.19038048,0.19938141,0.20988536,0.21947694,0.22630635,0.2291599,0.2274186,0.220995,0.21027838,0.19609435,0.17967795,0.1626491,0.14694741,0.13461544,0.12728181,0.12543471,0.12808032,0.13323703,0.13879116,0.14304592
190,0.15983126,0.15535931,0.14889215,0.14165212,0.13531221,0.13177645,0.13263874,0.13849215,0.14864193,0.16148832,0.17516269,0.18796813,0.19856809,0.20604204,0.20989974,0.21009004,0.20701051,0.20150945,0.19485675,0.18863802,0.18451035,0.18379967,0.1870669,0.19390804,0.20314014,0.21322586,0.22267562,0.23029913,0.23532031,0.23740941,0.23666961,0.23359239,0.22897916,0.2238204,0.21912642,0.21572374,0.21406664,0.21413611,0.21547674,0.21735424,0.2189608,0.21959412,0.21877299,0.21628858,0.21220636,0.20683597,0.20068209,0.19438505,0.18865529,0.18420283,0.18166104,0.18150717,0.18399106,0.18908973,0.19650334,0.20569345,0.21595044,0.22647387,0.23645405,0.24515063,0.2519654,0.25650737,0.25864443,0.2585354,0.2566314,0.2536355,0.2504083,0.24781768,0.24655317,0.24695644,0.24893475,0.2519983,0.25540414,0.25834477,0.2601174,0.2602382,0.25849417,0.25494084,0.24985917,0.24368553,0.2369297,0.23009719,0.2236317,0.2178894,0.21314502,0.20961648,0.20748466,0.20688647,0.2078744,0.21035807,0.21405897,0.21850772,0.22309352,0.22715232,0.23006871,0.23136845,0.23078594,0.22829969,0.22413237,0.21871512,0.21261789,0.20645267,0.20076473,0.19593775,0.19214264,0.18934909,0.1873943,0.1860773,0.18523985,0.18480551,0.18476973,0.18515395,0.18594918,0.18707746,0.18839034,0.18970674,0.19087578,0.191841,0.19268173,0.19361396,0.19494297,0.19697416,0.19990598,0.20374161,0.20825383,0.21301614,0.21748517,0.22110407,0.22339766,0.22404264,0.22290741,0.22006416,0.21577811,0.21048012,0.20472705,0.19915295,0.19441102,0.19110584,0.18971696,0.19052428,0.19355278,0.19855647,0.20504847,0.21236834,0.21976887,0.22650756,0.23193513,0.23557866,0.23721799,0.23695044,0.23523313,0.23288198,0.2309954,0.23077036,0.2332129,0.23882215,0.24739262,0.25803939,0.26941684,0.28000733,0.2883726,0.29333073,0.29406765,0.29020542,0.28184482,0.2695927,0.25457525,0.23842256,0.22317858,0.21104571,0.20387782,0.20252027,0.20640768,0.21378744,0.22238894,0.23005043,0.23506045,0.23626633,0.23307036,0.22539045,0.21361831,0.19858667,0.18154728,0.16414894,0.14836684,0.13626207,0.12942123,0.12820998,0.13148731,0.13717657,0.14313355,0.14766425
191,0.16037253,0.15668999,0.15123528,0.14523466,0.1402996,0.13817008,0.14019988,0.14679386,0.15723683,0.17004877,0.18351597,0.19606724,0.20645106,0.21380003,0.217654,0.21797216,0.21514055,0.2099673,0.20364465,0.19764012,0.19347075,0.1923524,0.19483058,0.2006004,0.20864406,0.21758625,0.22605847,0.23294753,0.23752107,0.23946914,0.23889472,0.23626743,0.23234056,0.22802536,0.22422329,0.22163633,0.22060569,0.22104044,0.22246978,0.22419396,0.22546892,0.22566405,0.22436412,0.22141485,0.2169245,0.2112356,0.20487769,0.19850858,0.19284678,0.18859668,0.18636711,0.18659028,0.18945552,0.19487603,0.20249902,0.21175344,0.22192003,0.23220824,0.2418327,0.25008637,0.25640938,0.26045075,0.2621183,0.2616083,0.25940526,0.25623858,0.2529846,0.25051272,0.24949722,0.25025004,0.2526408,0.25614274,0.25998253,0.26333064,0.26546845,0.26589954,0.2643995,0.26101327,0.25601324,0.24983186,0.24298202,0.23598099,0.22929183,0.223293,0.21827765,0.21447094,0.21204604,0.21111903,0.21171649,0.21372814,0.21687107,0.22069065,0.2246073,0.22799811,0.23029198,0.23105702,0.23006544,0.22732797,0.22309403,0.21781573,0.21207713,0.20649485,0.20160626,0.19777244,0.19512808,0.19359696,0.19296513,0.1929778,0.19342032,0.19415714,0.19512448,0.19629052,0.19760726,0.19897798,0.20025654,0.2012801,0.20192349,0.20215604,0.20208015,0.20193514,0.20205763,0.20280088,0.20443186,0.207038,0.21047917,0.21440363,0.21831985,0.22169639,0.22405913,0.22506556,0.22454894,0.22253351,0.21922636,0.2149924,0.21031767,0.20576471,0.20192051,0.19933651,0.19846119,0.19957149,0.20271786,0.20770007,0.2140841,0.22125702,0.2285066,0.2351113,0.24043058,0.24399081,0.24556318,0.24522907,0.24342215,0.2409285,0.2388152,0.23825805,0.24026814,0.24538675,0.25348178,0.2637515,0.27492106,0.28552043,0.29413643,0.29959536,0.30107895,0.29819426,0.29101434,0.28009856,0.26649264,0.2516938,0.2375423,0.22597699,0.21860896,0.21620506,0.21836807,0.22367176,0.23016074,0.23588042,0.23921809,0.23904893,0.23476668,0.22626598,0.21391268,0.19851765,0.18131913,0.16396187,0.14842117,0.13674301,0.13045582,0.12982406,0.13361473,0.13971323,0.14598042,0.1507393
