0,0.109462135,0.10624872,0.10139487,0.09610807,0.092104256,0.09131231,0.09512967,0.10366672,0.11578153,0.12977979,0.1440155,0.15713772,0.16814077,0.17636105,0.18147263,0.18348901,0.18276587,0.17999241,0.17615317,0.17243142,0.17002566,0.16988371,0.17243727,0.17747805,0.18425605,0.1917338,0.19885683,0.20474954,0.20882311,0.21081722,0.21079858,0.2091276,0.20639469,0.20332375,0.20064434,0.19894738,0.19855978,0.19948123,0.20140995,0.2038442,0.20621656,0.20801562,0.20887014,0.2085914,0.2071813,0.20481682,0.20181912,0.19861333,0.19568123,0.19350778,0.19252218,0.19303784,0.1952005,0.19895767,0.20405877,0.21008755,0.21651833,0.22278395,0.22834478,0.23275152,0.23569725,0.23705496,0.23689568,0.23548207,0.23323153,0.23064654,0.22821663,0.22630958,0.2250808,0.22443293,0.22404252,0.2234448,0.22214705,0.2197369,0.21596202,0.2107706,0.20431295,0.19690974,0.1889961,0.18105398,0.17354883,0.16688806,0.16141307,0.15742336,0.1552104,0.15506674,0.15724179,0.1618483,0.16876402,0.17758597,0.1876653,0.19820479,0.20837913,0.21744503,0.224825,0.23016052,0.23333372,0.23445833,0.23384036,0.23191266,0.22915071,0.22598532,0.22273172,0.21955526,0.21648365,0.21346034,0.21041776,0.20734374,0.20431776,0.20150547,0.19911316,0.19731866,0.19620518,0.19572675,0.19572213,0.1959743,0.19629286,0.19659007,0.19692403,0.19749326,0.19857882,0.20044655,0.20323743,0.20688532,0.21109313,0.21537495,0.21914469,0.22181979,0.22291328,0.22210053,0.21925774,0.21447593,0.20805623,0.20049156,0.19243732,0.18466853,0.17801487,0.17326261,0.17102313,0.17159586,0.17488135,0.18039025,0.18734214,0.19480456,0.2018231,0.20752375,0.2111921,0.21234131,0.21077774,0.20666777,0.2006014,0.19363531,0.18726829,0.183265,0.18324955,0.18814489,0.19778123,0.21097176,0.22595914,0.2408924,0.2541359,0.2644163,0.27087736,0.27309448,0.27107129,0.26522422,0.25635174,0.24557874,0.23425755,0.22380315,0.21545054,0.20997211,0.20746417,0.20733099,0.20849226,0.20970239,0.20983748,0.20807844,0.2039951,0.19756459,0.18915197,0.17946473,0.16947563,0.16029403,0.15296222,0.14818919,0.14611334,0.14623724,0.14759158,0.14902498,0.14946398,0.1480679
1,0.10711178,0.103969626,0.09909344,0.09370076,0.0895531,0.08866722,0.092526115,0.101250835,0.113638215,0.12792389,0.14241397,0.15572765,0.16683738,0.17506036,0.18005274,0.18181269,0.18068591,0.1773626,0.17284712,0.16837029,0.16520873,0.16440456,0.16646576,0.17120855,0.17785013,0.185286,0.1923894,0.19822495,0.20216249,0.2039195,0.20355926,0.20145774,0.19824052,0.194685,0.1915858,0.18959707,0.18908884,0.1900705,0.19221538,0.19497426,0.19772531,0.19990794,0.20111175,0.20111854,0.19990775,0.19763812,0.19461612,0.19125739,0.18804438,0.18547948,0.18403178,0.1840776,0.18584105,0.18934833,0.19441119,0.20064738,0.20753321,0.2144752,0.22088613,0.22625545,0.23020783,0.23254573,0.23327209,0.23258823,0.23086204,0.22856413,0.22617565,0.22408262,0.22248353,0.22134066,0.22039452,0.21923722,0.2174193,0.21455711,0.21041521,0.20495097,0.1983192,0.19084151,0.1829492,0.17511287,0.16777624,0.16131383,0.15602659,0.15217389,0.15001795,0.14984125,0.15190426,0.156345,0.16306758,0.17168479,0.18154857,0.19185108,0.201752,0.21049555,0.2174995,0.22241148,0.22513244,0.22580682,0.22478078,0.22253041,0.21956882,0.21634834,0.2131815,0.21020478,0.20739764,0.2046493,0.20184821,0.19896159,0.19607908,0.19340657,0.19121186,0.18973932,0.1891245,0.189344,0.19022365,0.19150268,0.19292744,0.19433907,0.19572519,0.19721963,0.19904807,0.20143367,0.20449093,0.20814478,0.212105,0.21590358,0.21897818,0.220773,0.22083093,0.21886273,0.21478851,0.20875448,0.20112915,0.1924835,0.18355617,0.17519946,0.16829586,0.16363592,0.16176777,0.16286398,0.16667065,0.17256728,0.1797002,0.18712415,0.19391276,0.1992352,0.20241447,0.20298164,0.20073462,0.19580422,0.18872534,0.18049993,0.17261222,0.16690509,0.1651965,0.16864873,0.17724042,0.18978004,0.20441374,0.21918732,0.23239268,0.24271353,0.24926838,0.25161532,0.2497441,0.24406105,0.23536246,0.22478567,0.21371706,0.20362692,0.19581081,0.19107315,0.1894835,0.19036394,0.19253467,0.19467288,0.19561532,0.19453616,0.19101936,0.18506815,0.17708229,0.16781344,0.15828998,0.1496847,0.14309436,0.13924345,0.1382252,0.13945074,0.14185742,0.1442335,0.14548372,0.1447712
2,0.10317118,0.10001628,0.09508838,0.08963997,0.085501894,0.084778234,0.08897857,0.09813452,0.11091424,0.12547627,0.14010458,0.15342072,0.1644046,0.17237945,0.17700534,0.17828415,0.17656869,0.17256491,0.16730914,0.16208781,0.15825613,0.15693817,0.15868933,0.16331038,0.16994934,0.17741561,0.18451095,0.1902555,0.19400069,0.19546683,0.19473726,0.19222306,0.18859787,0.18469556,0.18136583,0.1793008,0.17887567,0.18006672,0.18248686,0.18552002,0.18848982,0.19080198,0.1920325,0.19196397,0.19058397,0.18806103,0.18470944,0.1809509,0.17727554,0.17420211,0.17223217,0.17179437,0.17318064,0.17648715,0.1815808,0.1881067,0.19553693,0.20324588,0.21059422,0.21700698,0.22203872,0.22542131,0.227091,0.22719066,0.22604287,0.22409113,0.22181208,0.21961182,0.2177303,0.2161843,0.21477039,0.21312806,0.21084133,0.2075463,0.20301746,0.19721743,0.19030592,0.18261135,0.17457348,0.16667007,0.15934598,0.15296686,0.1478142,0.14412172,0.1421278,0.14209992,0.14429392,0.14884804,0.155663,0.1643396,0.17421035,0.18444523,0.19418399,0.20265658,0.20927478,0.2136905,0.21582092,0.21584,0.21413606,0.21123676,0.2077088,0.20404936,0.20059597,0.19748369,0.19466655,0.19199598,0.18932603,0.18660755,0.1839401,0.18156537,0.17980304,0.17894775,0.17916423,0.18042417,0.18251404,0.18511003,0.1878861,0.19061244,0.19321203,0.19576108,0.19843462,0.2014134,0.20478114,0.20844717,0.21212183,0.21535182,0.21760014,0.21834365,0.21716408,0.2138175,0.20827717,0.20075132,0.19167978,0.18171294,0.17167328,0.16249277,0.15511301,0.15033904,0.1486676,0.15015739,0.15441692,0.16071643,0.16815141,0.1757799,0.18270822,0.18814075,0.19141777,0.19205762,0.18980959,0.18471946,0.17720616,0.1681437,0.15892118,0.15140058,0.14761575,0.14910972,0.15620208,0.1678204,0.18203706,0.1967626,0.21017072,0.22085764,0.22787479,0.23072238,0.22933592,0.22407107,0.21568249,0.2052856,0.19427973,0.18419631,0.17643599,0.1719152,0.17076518,0.17228939,0.17523327,0.17819013,0.17993295,0.17959677,0.17674436,0.17136951,0.16387306,0.15502235,0.14588386,0.13769564,0.13163626,0.12849307,0.12836257,0.13059634,0.13405034,0.13745095,0.13967226,0.13986865
3,0.09879308,0.09555059,0.090573065,0.08518959,0.08133317,0.08117571,0.086144246,0.09604823,0.109372765,0.124217406,0.13888201,0.15202442,0.1626594,0.17013972,0.17415155,0.17472279,0.17223606,0.1674364,0.16141467,0.15553078,0.15122387,0.14968167,0.15146041,0.15628378,0.16318032,0.1708512,0.17803149,0.18371806,0.18727213,0.18844667,0.18737337,0.18452239,0.18063132,0.17659332,0.17329717,0.171436,0.17133771,0.1728919,0.17561221,0.17880018,0.18173106,0.18379806,0.18459316,0.18393305,0.18184793,0.1785496,0.17439093,0.16982478,0.16536674,0.16156037,0.15893887,0.15797453,0.1590125,0.1622006,0.16744053,0.17438495,0.18248484,0.19107106,0.19944637,0.20697077,0.21313179,0.21759625,0.22024097,0.22115882,0.22063589,0.21909687,0.21702021,0.21483463,0.21281943,0.21103862,0.2093332,0.20737581,0.20476854,0.20115224,0.19629799,0.19016333,0.18290715,0.1748657,0.1664969,0.15830559,0.15076737,0.1442748,0.1391253,0.13555473,0.13379125,0.13408318,0.13665919,0.14162162,0.14882809,0.15783495,0.16793598,0.17827207,0.18796316,0.19622692,0.20246904,0.20634215,0.20777285,0.2069563,0.2043164,0.20043184,0.1959328,0.19138402,0.18718177,0.18349887,0.18030114,0.17743154,0.17472908,0.17213777,0.16976768,0.16788764,0.16684958,0.16696692,0.16839251,0.17105062,0.17465506,0.1788025,0.18309571,0.18724771,0.19113617,0.19479795,0.19837025,0.20199673,0.20572826,0.20945095,0.21286595,0.21552613,0.21691442,0.21653889,0.21402149,0.20916612,0.20200078,0.19279487,0.18205541,0.17050578,0.15904717,0.14869405,0.14046548,0.13521719,0.13344088,0.13512494,0.1397737,0.14657196,0.1545788,0.16285819,0.17053843,0.17683536,0.18107256,0.18271448,0.18141642,0.17708996,0.1699821,0.16076684,0.15063818,0.14135437,0.13508682,0.13385417,0.13860495,0.14866902,0.16215827,0.17682229,0.19064169,0.20204854,0.20996022,0.21376136,0.21328162,0.20877768,0.20091525,0.1907416,0.17962919,0.1691523,0.16084471,0.15582456,0.15441337,0.15600726,0.15932995,0.16288815,0.16535628,0.16578321,0.16366151,0.15892814,0.15194036,0.1434415,0.13450709,0.12643434,0.120515116,0.11766997,0.11808036,0.12109399,0.12550187,0.12995799,0.13328397,0.13460106
4,0.095574915,0.09221275,0.087250374,0.08214379,0.0789497,0.079839,0.085999675,0.096911415,0.11088354,0.12600508,0.14062825,0.15346847,0.1635904,0.1703911,0.17360033,0.17329341,0.16990888,0.16426086,0.1575261,0.15116346,0.14670157,0.14536154,0.14763384,0.1530901,0.16059104,0.16871864,0.17615592,0.18190183,0.18535548,0.18632995,0.18503055,0.18200696,0.17807166,0.17417185,0.17120881,0.16983001,0.1702616,0.1722623,0.17522478,0.17836861,0.18093495,0.18232471,0.18216826,0.18034059,0.1769414,0.17225583,0.1667078,0.16081429,0.15514581,0.15029287,0.14683107,0.14527299,0.14599906,0.14917836,0.15471043,0.16222006,0.17111103,0.18065695,0.19010049,0.19874237,0.20601349,0.21152826,0.21511754,0.21683769,0.21695116,0.21587494,0.21409729,0.21207292,0.2101178,0.2083346,0.2065952,0.2045885,0.20191643,0.19820632,0.1932088,0.18686114,0.1793094,0.1708905,0.16208144,0.15342607,0.14545624,0.13862902,0.13330127,0.12974931,0.12821275,0.12891807,0.13204058,0.13760728,0.1453952,0.15489274,0.16534775,0.17587571,0.18558405,0.19368364,0.19957486,0.20290574,0.20360129,0.20186187,0.19812915,0.19301765,0.18721525,0.18136434,0.17594914,0.17122525,0.16722165,0.16381969,0.16087787,0.15835217,0.15636481,0.155195,0.15519041,0.15662944,0.15959258,0.16390581,0.16918348,0.17494363,0.18073972,0.1862597,0.19136856,0.19609094,0.20054424,0.20484298,0.2090036,0.2128799,0.21615072,0.21836129,0.21900278,0.21760586,0.21382676,0.20751238,0.19873962,0.18782978,0.17534253,0.1620544,0.14892368,0.13703427,0.12749596,0.12127108,0.11894025,0.12052028,0.12548044,0.13294938,0.14194712,0.1515188,0.16077445,0.16889183,0.17512548,0.1788371,0.17954734,0.1770034,0.1712587,0.16276371,0.15246665,0.14190435,0.13319145,0.12868224,0.13010639,0.13760576,0.14965644,0.16392896,0.17814653,0.19047675,0.19961241,0.2047505,0.20555872,0.20214933,0.1950585,0.18522348,0.1739422,0.16278309,0.15338753,0.14711532,0.1446016,0.14549111,0.1485945,0.1523611,0.15533867,0.15643749,0.15502289,0.15092112,0.14439589,0.13611928,0.12713307,0.11876621,0.11243618,0.109270714,0.109652154,0.113019794,0.11813412,0.12356121,0.12803364,0.13060082
5,0.095267445,0.091833055,0.08702788,0.0824669,0.08030343,0.08258501,0.09013858,0.10212291,0.11674848,0.13213947,0.1467091,0.15922546,0.16879849,0.17487064,0.17722376,0.17599694,0.17170875,0.16527279,0.15798363,0.15142146,0.1471992,0.14652562,0.14975405,0.15624726,0.16468073,0.17352964,0.18144615,0.18745062,0.1909955,0.19196671,0.19065332,0.18768942,0.1839578,0.18044126,0.17802171,0.1772645,0.1782682,0.18065557,0.1837109,0.18659006,0.18851428,0.18889956,0.18741754,0.1840044,0.17883618,0.17228529,0.16486898,0.15719835,0.14993313,0.143743,0.13926765,0.13706277,0.13752314,0.1407977,0.14673461,0.15488937,0.16459513,0.17506346,0.18548548,0.19511816,0.20335361,0.20977174,0.21417432,0.21659681,0.21729186,0.21668002,0.21526694,0.21353573,0.21183571,0.21029916,0.20881556,0.20707425,0.20466052,0.20117222,0.19632418,0.19001897,0.182376,0.17372048,0.16453885,0.1554104,0.14692947,0.1396365,0.13397743,0.13030078,0.12887949,0.12992132,0.13353467,0.13965242,0.14796016,0.15788002,0.16862442,0.17929593,0.1889996,0.1969447,0.2025262,0.2053818,0.20542285,0.20283687,0.19805928,0.19171323,0.1845192,0.17718288,0.17028216,0.16418558,0.15903552,0.15480885,0.1514326,0.14890352,0.14735766,0.1470558,0.14828552,0.15122041,0.15580717,0.16174138,0.16854164,0.17567818,0.18269809,0.1893073,0.19539468,0.20099983,0.20623742,0.2111996,0.2158654,0.22004603,0.22338277,0.22539651,0.22557107,0.22344673,0.21870375,0.21122353,0.20112295,0.18876335,0.17473914,0.15985261,0.14508107,0.13153447,0.12038514,0.1127269,0.10933557,0.11041563,0.115534335,0.123818114,0.13422862,0.14573061,0.15733881,0.16811799,0.17719135,0.18377453,0.18723232,0.18714994,0.18341261,0.17629133,0.16653569,0.15546693,0.1450236,0.13760565,0.13546012,0.13964714,0.14940682,0.1626334,0.17687017,0.18997279,0.2003327,0.20689297,0.20911229,0.2069289,0.20073172,0.19133368,0.17993549,0.16805512,0.15737328,0.14943182,0.145192,0.1446564,0.14686333,0.15029435,0.153389,0.15489252,0.15400098,0.15038739,0.14418314,0.1359511,0.12665676,0.11761276,0.11032698,0.10615553,0.105785325,0.10888003,0.11424702,0.12036688,0.12584446,0.12961012
6,0.09913055,0.09574604,0.091262676,0.087438114,0.08644555,0.090116486,0.09893832,0.11187064,0.12710434,0.14280373,0.15741639,0.16973428,0.17889138,0.18436384,0.18598323,0.18395907,0.17890449,0.17185251,0.1642341,0.15775605,0.15409474,0.15440305,0.15886049,0.16661914,0.17619431,0.18597952,0.19460745,0.20111871,0.20501123,0.20623322,0.2051448,0.20244877,0.19907838,0.19603018,0.19415025,0.19392233,0.19534032,0.19792905,0.2009012,0.20337144,0.2045462,0.20384824,0.20097527,0.19590823,0.18888646,0.18036328,0.17095213,0.16137095,0.15238993,0.14478174,0.13926701,0.13644318,0.13669491,0.14011048,0.14644718,0.15516868,0.16553555,0.17671058,0.18785329,0.19819796,0.20711751,0.2141746,0.2191572,0.22209306,0.22323608,0.22301874,0.22196871,0.22059785,0.21928455,0.21818256,0.21718842,0.21598077,0.21411757,0.21115747,0.20677051,0.2008156,0.1933758,0.1847532,0.17542998,0.1660055,0.15712136,0.14939004,0.14334258,0.13940427,0.13789152,0.13900654,0.14280699,0.14915332,0.15766585,0.16772611,0.1785312,0.1891837,0.19879285,0.20656867,0.2118998,0.21440977,0.21398903,0.21080014,0.20525403,0.19795716,0.18963091,0.18101119,0.17274405,0.16530383,0.15896304,0.15382998,0.14993985,0.14735538,0.14622353,0.14675334,0.14912006,0.15334532,0.15922286,0.16633411,0.17414273,0.18211962,0.18984973,0.19709271,0.2037882,0.21000987,0.21588099,0.22147481,0.22672896,0.2314013,0.23508042,0.23724572,0.23735696,0.2349494,0.2297155,0.22156183,0.21063754,0.19733632,0.18227713,0.16627187,0.1502887,0.13541754,0.12282975,0.113695234,0.10899587,0.10924003,0.11425801,0.12328014,0.13521591,0.14888984,0.16314304,0.17686006,0.18898873,0.19858004,0.20484847,0.20724486,0.20553535,0.19988255,0.19092867,0.17987557,0.16853096,0.1592178,0.1543447,0.15553646,0.16279544,0.17450806,0.18826991,0.20171975,0.21295816,0.22065805,0.22405492,0.2229103,0.21747543,0.20845667,0.19697404,0.18449306,0.17268977,0.16319181,0.15717673,0.15496114,0.1558658,0.15850182,0.16127321,0.1627909,0.16208525,0.15866993,0.15253723,0.144134,0.13433516,0.124402136,0.11586957,0.11025605,0.10855287,0.11074075,0.11578494,0.122132756,0.12825426,0.13292852
7,0.107304536,0.10410043,0.100023575,0.096922435,0.0969293,0.10167723,0.11144992,0.12513809,0.14094742,0.15705459,0.17189924,0.18425962,0.19326489,0.19840454,0.19954714,0.19696668,0.19136985,0.18390997,0.17615178,0.16991642,0.1669238,0.16826166,0.17395929,0.18300721,0.1938028,0.20467271,0.21422037,0.2214832,0.22597615,0.22768006,0.22699705,0.2246716,0.2216657,0.21898016,0.21743679,0.21747415,0.21903557,0.22160244,0.22435455,0.22638218,0.22687422,0.2252449,0.22119625,0.2147307,0.20612895,0.19590698,0.18476118,0.17350912,0.16302896,0.15419562,0.14780575,0.14448461,0.14458498,0.14811489,0.15473405,0.16382311,0.17458889,0.18616651,0.1977034,0.2084277,0.21770725,0.2250997,0.23038988,0.23360689,0.23501298,0.23505716,0.2342909,0.23325351,0.23234867,0.23174642,0.231345,0.23080781,0.22966199,0.22742406,0.22371659,0.21835138,0.21137008,0.20304379,0.19383837,0.18435542,0.17526014,0.16720936,0.16079251,0.15649344,0.15466978,0.15553565,0.15913318,0.16529503,0.173619,0.18347843,0.19407468,0.20451993,0.21393125,0.22152047,0.2266701,0.22898948,0.22834736,0.2248785,0.21896279,0.21117678,0.20222104,0.19283,0.18367907,0.17530964,0.16809513,0.16226082,0.15794726,0.1552817,0.1544131,0.15548389,0.1585494,0.1634935,0.16999596,0.17757599,0.18569155,0.19385205,0.20170672,0.20908725,0.215998,0.22255725,0.22890387,0.2350943,0.24102111,0.24637963,0.2506922,0.2533806,0.2538639,0.25165656,0.24644946,0.23816282,0.22696918,0.21328832,0.19776013,0.18120427,0.16457783,0.14894119,0.13543436,0.12523767,0.11945267,0.118848585,0.12357042,0.13305293,0.1462199,0.16176587,0.17833939,0.1946244,0.20938493,0.22151378,0.23009513,0.23447807,0.23435423,0.229836,0.22153218,0.21061455,0.19884813,0.18850458,0.1820062,0.18119854,0.18653749,0.19685818,0.20995134,0.22339015,0.23507886,0.24347131,0.24761178,0.2471132,0.2421203,0.2332686,0.22163442,0.20865893,0.19601265,0.18535274,0.17795451,0.17431505,0.17396578,0.17566277,0.17783655,0.17902651,0.1781445,0.17457958,0.16821414,0.1594062,0.14896235,0.13809718,0.12833592,0.121268384,0.11808309,0.11904193,0.1233254,0.12942621,0.13572343,0.14085425
8,0.11881299,0.11586471,0.11216044,0.10959409,0.1102527,0.11566146,0.126043,0.1403043,0.15667105,0.17330055,0.18858661,0.20125943,0.21041442,0.2155302,0.2164921,0.2136211,0.20770179,0.19999188,0.19217277,0.18616503,0.18373233,0.18593004,0.19270048,0.20293532,0.2149462,0.22699061,0.23761831,0.24582946,0.25111923,0.25346515,0.25327876,0.25132024,0.24856658,0.24602811,0.24453114,0.24451828,0.24593961,0.24828282,0.25072646,0.2523479,0.252314,0.25001538,0.24513765,0.23768124,0.22794461,0.21648335,0.20405523,0.19155729,0.17995672,0.17021233,0.16317932,0.15949729,0.15948322,0.16307427,0.1698523,0.17913657,0.1900971,0.20185255,0.21354572,0.224405,0.23379956,0.24128886,0.24666107,0.24995242,0.2514378,0.25158516,0.25097018,0.2501588,0.24957867,0.24941562,0.2495705,0.24969374,0.24928452,0.2478201,0.2448772,0.24022058,0.23384814,0.22599442,0.21709903,0.2077503,0.19861527,0.190368,0.18362816,0.17891623,0.17662399,0.1769905,0.18007334,0.18571687,0.19353324,0.2029146,0.21308255,0.22316664,0.23229511,0.2396834,0.24470997,0.24697271,0.24632205,0.24286811,0.23696078,0.22914377,0.22008623,0.21050012,0.20105647,0.1923185,0.18470933,0.17852241,0.17396455,0.17120244,0.17037943,0.17158495,0.17479157,0.1798009,0.18623872,0.19361183,0.2014055,0.20918575,0.21667536,0.22378436,0.23058823,0.2372569,0.24395095,0.25071317,0.2573897,0.2636068,0.26880947,0.27234772,0.27358365,0.27199438,0.26725283,0.259278,0.24825308,0.2346144,0.21901828,0.20229492,0.18540195,0.16939026,0.15538716,0.1445775,0.13812271,0.1369452,0.14141722,0.15117031,0.16519359,0.18210845,0.20041087,0.21861127,0.23531243,0.2492721,0.25947046,0.26518473,0.26606643,0.26221752,0.25426027,0.24339195,0.23139562,0.2205364,0.21322076,0.2113453,0.21555573,0.22495069,0.23749761,0.2507854,0.26261812,0.27130812,0.27576748,0.2755081,0.27061054,0.2616794,0.24978495,0.23637523,0.22312924,0.21171217,0.2034225,0.19882016,0.1975366,0.19842076,0.19994193,0.20061578,0.19929163,0.19528642,0.18842025,0.17900634,0.16782308,0.15606803,0.14525847,0.13700129,0.13256572,0.13237411,0.13577807,0.14135109,0.14743955,0.15258355
9,0.13212614,0.12944444,0.1260035,0.123720124,0.12466507,0.13034934,0.14103684,0.1557008,0.17258729,0.18981323,0.20570026,0.21890466,0.22846326,0.23382007,0.2348538,0.2319092,0.22582501,0.21793985,0.21003193,0.20411429,0.2020143,0.20480797,0.2124187,0.22369042,0.23686607,0.2501226,0.26192918,0.27121568,0.27742335,0.2804942,0.28082126,0.27916086,0.27649862,0.27386627,0.2721254,0.27176738,0.27279693,0.274748,0.2768233,0.27809715,0.27771118,0.27501994,0.26967418,0.26165056,0.25124115,0.2390161,0.22576903,0.21245079,0.20009318,0.18971792,0.18222575,0.1782709,0.1781509,0.18175912,0.18862656,0.19802839,0.2091035,0.22095221,0.23270853,0.2435981,0.25299093,0.26044977,0.26576898,0.26899463,0.27041623,0.27052155,0.26991087,0.269177,0.26877338,0.26890546,0.26948303,0.2701512,0.2703893,0.26964214,0.26744583,0.26352057,0.25782004,0.25053808,0.24207968,0.23300667,0.22396962,0.21563788,0.20863846,0.2035101,0.20067096,0.20039143,0.20276405,0.20767136,0.21476556,0.22347733,0.2330611,0.24267049,0.25144827,0.2586159,0.2635505,0.2658424,0.2653287,0.26210016,0.2564808,0.24898262,0.24023862,0.23092465,0.22168216,0.21305855,0.20547925,0.19925568,0.19461767,0.1917457,0.19077657,0.19177283,0.19467135,0.19924612,0.20511675,0.21180984,0.21885411,0.2258774,0.2326765,0.23924056,0.24571945,0.25234067,0.2592933,0.26661158,0.27409664,0.2813022,0.28758812,0.2922207,0.2944908,0.2938221,0.2898532,0.28248578,0.27189973,0.2585376,0.24306771,0.22633529,0.20931458,0.19307545,0.17876835,0.16760957,0.16080901,0.15937029,0.16378313,0.17379491,0.18844678,0.20632255,0.22581553,0.24530897,0.26328373,0.2783967,0.2895549,0.2959927,0.29734978,0.2937455,0.28584415,0.27489838,0.2627408,0.25165567,0.2440295,0.24173535,0.245456,0.25439605,0.26662394,0.27975821,0.2915611,0.30027014,0.30472437,0.30438483,0.29931006,0.2901098,0.27787855,0.26409402,0.2504544,0.23862164,0.2298734,0.2247544,0.22290705,0.22321028,0.224156,0.22425915,0.22234952,0.21772034,0.21017648,0.20003013,0.18807118,0.17551269,0.16387977,0.15477547,0.14947322,0.1484399,0.15110642,0.15610518,0.16178153,0.16662614
10,0.14569654,0.14324722,0.13993739,0.13769816,0.13861571,0.14425477,0.15498519,0.16987817,0.18720429,0.20503068,0.22159241,0.23545493,0.24557827,0.25135192,0.25262645,0.249747,0.24358188,0.2355273,0.22744182,0.22143123,0.21941353,0.22253647,0.23075917,0.2429119,0.25717583,0.27163473,0.28465497,0.29507056,0.30224293,0.30605403,0.30685788,0.30539373,0.3026536,0.299702,0.29746094,0.2965053,0.29693127,0.29835045,0.30001098,0.3009935,0.30041343,0.29757968,0.29209247,0.28388473,0.2732193,0.26065585,0.2469976,0.23322323,0.22040552,0.209612,0.20178354,0.19759946,0.1973627,0.2009539,0.20787854,0.21738055,0.22856824,0.2405166,0.25234163,0.26325825,0.27263182,0.28002557,0.28523862,0.28832632,0.28959215,0.28954294,0.28880304,0.2879931,0.28759578,0.28784284,0.28866223,0.28970504,0.290442,0.2902958,0.28876972,0.28554428,0.28053027,0.27387807,0.26595083,0.25727212,0.24846011,0.24016063,0.232989,0.22748661,0.22408968,0.2231017,0.22466116,0.22870544,0.2349443,0.24286139,0.2517536,0.260804,0.2691726,0.27608868,0.28093067,0.28328538,0.28298196,0.28009787,0.27493703,0.26798254,0.25982958,0.25110874,0.24241358,0.2342477,0.22700334,0.22097221,0.21637577,0.2133915,0.21215345,0.21272115,0.21503256,0.2188726,0.22388496,0.22963351,0.23569612,0.2417606,0.24769348,0.25356022,0.25958613,0.2660612,0.27321014,0.2810657,0.28938782,0.29765776,0.30514535,0.31102496,0.3145048,0.3149419,0.3119265,0.30532977,0.29531664,0.28232852,0.26704443,0.25033134,0.23319674,0.21675518,0.20221119,0.19083774,0.18389516,0.18242846,0.18696612,0.1972901,0.21245176,0.23100325,0.25126976,0.27155048,0.29024604,0.30594924,0.3175258,0.3241945,0.32560626,0.32191744,0.31385058,0.3027277,0.29044273,0.27930766,0.2716846,0.26938584,0.2730486,0.28188252,0.2939894,0.30700597,0.31868297,0.32722953,0.33145952,0.3308255,0.3253994,0.31582436,0.30324012,0.28916752,0.2753273,0.26336765,0.25451592,0.24925184,0.2471694,0.24712938,0.24762644,0.24718422,0.24464187,0.23930596,0.23100415,0.22008313,0.20737568,0.19413573,0.18191047,0.17229147,0.16651216,0.16500333,0.16719107,0.17172168,0.17694323,0.18132879
11,0.15821777,0.15593876,0.15263095,0.1502351,0.15087415,0.1562078,0.16674976,0.18169034,0.1993315,0.2176898,0.23490842,0.24945398,0.26019895,0.26646483,0.26805753,0.26530322,0.259079,0.2508192,0.24245015,0.23617336,0.23402111,0.23725176,0.24589634,0.25879034,0.27405342,0.28966552,0.30387533,0.31540498,0.32352003,0.3280272,0.3292289,0.32783931,0.32485637,0.32138586,0.3184284,0.31666687,0.31631598,0.31708935,0.318298,0.31903788,0.3183983,0.31563547,0.31028658,0.30222365,0.29166007,0.27912256,0.2653998,0.25147477,0.23844053,0.22739682,0.21932265,0.21493456,0.21456465,0.21810828,0.22506773,0.23466751,0.24598679,0.25806975,0.27000573,0.2809902,0.2903765,0.29772258,0.302828,0.30575365,0.30681375,0.30653143,0.30555326,0.30452827,0.30397165,0.30414858,0.30501577,0.30624285,0.30730522,0.30761558,0.30665445,0.30406976,0.29973245,0.2937482,0.28643242,0.2782599,0.2698021,0.26166442,0.25443363,0.24863961,0.24472804,0.24303414,0.24374817,0.24687295,0.2521878,0.25923958,0.26737455,0.27580845,0.28371984,0.29034644,0.29506972,0.2974768,0.2973946,0.29489464,0.2902677,0.28397328,0.27656972,0.26863736,0.26070932,0.2532257,0.24652076,0.24084099,0.23637909,0.2333001,0.23174012,0.23177324,0.23336327,0.23633032,0.24035951,0.24505974,0.25005695,0.2550923,0.2600939,0.26519758,0.27070254,0.2769653,0.28425398,0.29260838,0.30175433,0.3111035,0.3198349,0.3270261,0.33179528,0.33342353,0.33144265,0.3256839,0.31629014,0.30369785,0.28859818,0.27188736,0.25461993,0.23797344,0.22322574,0.21171986,0.20476481,0.20342098,0.20820475,0.21887502,0.23445584,0.25346315,0.27417585,0.2948435,0.31382284,0.32967585,0.3412553,0.34778726,0.34895107,0.34495193,0.33657745,0.32522175,0.3128401,0.3017703,0.2943435,0.29229075,0.29615992,0.30510777,0.31722435,0.3301517,0.34164476,0.34991556,0.35378748,0.35273626,0.34687322,0.3368943,0.3239972,0.30975142,0.29589802,0.28406063,0.27539477,0.27028355,0.26823568,0.26806295,0.26824844,0.26732934,0.26417318,0.25812605,0.24906579,0.2373991,0.22402343,0.2102503,0.1976581,0.1878227,0.18191156,0.1802689,0.18225631,0.18649244,0.19131924,0.19520916
12,0.1687013,0.16651052,0.16308539,0.160371,0.16053705,0.16535845,0.17551194,0.19031876,0.2081187,0.22688119,0.24465923,0.25982034,0.27114666,0.27788562,0.27978903,0.27715135,0.27084348,0.26232326,0.2535761,0.24690141,0.24446201,0.24765027,0.25658676,0.27011627,0.28629103,0.3029789,0.31830364,0.3308696,0.33984092,0.34494382,0.3464243,0.34496862,0.34158143,0.33741593,0.3335627,0.33082914,0.3295668,0.32960877,0.33034205,0.33088467,0.3303,0.32778636,0.32280776,0.3151623,0.30499777,0.29278952,0.2792922,0.26547307,0.2524284,0.24127877,0.23303923,0.22847265,0.22795852,0.2314286,0.2384007,0.24809152,0.25955507,0.27180257,0.2838913,0.29499018,0.30443367,0.31176788,0.31678694,0.31955197,0.32038283,0.31981447,0.31851265,0.31715366,0.31628788,0.31622005,0.31694552,0.31816486,0.31937173,0.3199822,0.31946546,0.31744537,0.31375808,0.30846506,0.3018297,0.29426917,0.2862957,0.27845952,0.27130374,0.2653338,0.26099625,0.25865504,0.25855455,0.26076928,0.26515552,0.27132955,0.2786902,0.28648642,0.29391372,0.3002172,0.30478188,0.3071984,0.30729795,0.30515447,0.3010551,0.29544395,0.28884727,0.2817946,0.2747519,0.26808304,0.26204768,0.25683033,0.25258198,0.24944998,0.24757628,0.24706131,0.24791017,0.24999203,0.25304148,0.25671273,0.26067317,0.26470622,0.26878977,0.27312064,0.2780688,0.28406054,0.29141653,0.30019513,0.31009838,0.3204753,0.33041677,0.33890262,0.34495708,0.34777993,0.34683862,0.341919,0.333138,0.32092625,0.3059893,0.28925887,0.27184525,0.25499922,0.24008001,0.22850332,0.22161986,0.22048542,0.22557214,0.2365805,0.25248346,0.27175814,0.2926537,0.31339693,0.3323301,0.3480116,0.35930327,0.36545464,0.36618355,0.36174795,0.35299936,0.3413984,0.32895437,0.3180238,0.31090114,0.3092269,0.31344023,0.32261628,0.33480874,0.3476568,0.35892913,0.3668608,0.37030777,0.36878994,0.36247423,0.35212046,0.33898953,0.32469988,0.311008,0.2995031,0.2912543,0.28652915,0.28473017,0.28460294,0.2846109,0.28330806,0.27960247,0.27289644,0.26313555,0.25080243,0.23687233,0.22272405,0.2099722,0.2001744,0.19441766,0.19293036,0.19497232,0.19910502,0.20365384,0.20709847
13,0.17649049,0.17428844,0.17063522,0.16747428,0.16702317,0.17117761,0.18078159,0.19528925,0.21308044,0.23208171,0.25026217,0.26589665,0.27768198,0.28479362,0.2869277,0.28434178,0.27789265,0.2690534,0.25986293,0.25272,0.24992585,0.25301442,0.2621937,0.2763057,0.29332212,0.31099182,0.32731444,0.34078103,0.35046,0.35600147,0.35759848,0.35591215,0.3519569,0.34693795,0.34204286,0.33821267,0.33594668,0.33520743,0.33546495,0.33586192,0.3354342,0.33331692,0.32889396,0.32188028,0.31234735,0.3007067,0.28766492,0.2741593,0.2612759,0.25014654,0.2418194,0.23710844,0.23645224,0.23983407,0.24680144,0.2565734,0.26818404,0.2806124,0.29288134,0.30412906,0.3136659,0.3210206,0.32597625,0.32858825,0.32917657,0.32828286,0.3265879,0.3247934,0.32348567,0.32301375,0.3234197,0.32444605,0.3256174,0.32636616,0.32616222,0.32461527,0.3215331,0.31693557,0.31103206,0.30417585,0.29680997,0.28941727,0.28248462,0.27648196,0.27184874,0.26897368,0.26815513,0.26954168,0.27306947,0.27842543,0.28505942,0.2922496,0.29920357,0.30516976,0.30953556,0.3118978,0.31209865,0.31022468,0.3065715,0.3015799,0.2957537,0.28957665,0.28344694,0.27764615,0.27234983,0.26767,0.26370806,0.26059043,0.2584675,0.2574728,0.25766075,0.25895488,0.26113924,0.26390663,0.26695332,0.27008918,0.27332577,0.27690905,0.28127477,0.28692296,0.29423857,0.30331433,0.31384364,0.32512435,0.33616567,0.34585205,0.35311323,0.35706532,0.35710853,0.35298055,0.3447709,0.33290428,0.31810248,0.30133578,0.28377393,0.26674336,0.2516844,0.24008104,0.23331608,0.23242597,0.23781987,0.2491216,0.2652427,0.28462428,0.30550027,0.32609615,0.34476233,0.36007297,0.37091348,0.3765652,0.37678656,0.37188452,0.36276552,0.3509449,0.338474,0.32771996,0.32093838,0.3196811,0.32427728,0.33371264,0.34599522,0.35875827,0.36978984,0.37735945,0.3803683,0.37839112,0.37165785,0.36099514,0.34772706,0.33351767,0.3201341,0.3091249,0.30146548,0.29729927,0.2959135,0.2959796,0.29593757,0.2943598,0.29020104,0.28292808,0.27256268,0.25967062,0.2453107,0.23093358,0.21819346,0.20863055,0.20324644,0.20214033,0.20445043,0.2086631,0.21307904,0.21618776
14,0.18126416,0.17893527,0.17494969,0.1712439,0.17007962,0.17346874,0.18241435,0.1964939,0.21412174,0.23318382,0.2515741,0.26748705,0.2795463,0.2868655,0.28909189,0.2864492,0.2797804,0.27057242,0.26091716,0.25331402,0.250203,0.2532502,0.26272637,0.27743933,0.2952583,0.31380874,0.33097506,0.34515107,0.35532612,0.36108935,0.36259252,0.36048058,0.35578433,0.34976593,0.3437139,0.33870694,0.33539543,0.33387306,0.33369172,0.33401427,0.33384296,0.33224386,0.3285153,0.3222848,0.31354326,0.30263317,0.29020646,0.27716264,0.26456946,0.25356334,0.24522205,0.24041156,0.23963484,0.2429345,0.24989574,0.25974655,0.27150533,0.2841211,0.29658225,0.30799487,0.3176423,0.32503247,0.329933,0.33238915,0.33271602,0.3314572,0.32930455,0.32698262,0.32511345,0.32409284,0.32401523,0.32467362,0.32563403,0.32635665,0.32632375,0.32514107,0.3225962,0.31867215,0.31352532,0.3074423,0.30079046,0.2939768,0.28742266,0.28155386,0.27679622,0.27355897,0.27219227,0.2729173,0.2757476,0.2804358,0.28647515,0.29316324,0.29971027,0.3053606,0.30950055,0.3117349,0.3119236,0.31017753,0.306816,0.302293,0.29710552,0.29170346,0.2864238,0.28146705,0.27692157,0.27282217,0.26921648,0.26620823,0.263957,0.2626316,0.26233682,0.26304793,0.26458988,0.2666797,0.2690235,0.2714363,0.27394348,0.27682525,0.28057697,0.2857778,0.29289255,0.30207014,0.31301704,0.32499704,0.33694836,0.34766552,0.3559854,0.3609402,0.36186162,0.35843813,0.35073093,0.33915845,0.32445875,0.3076402,0.28993055,0.27272823,0.25754878,0.24593638,0.23929736,0.23864053,0.244305,0.25583318,0.27207533,0.29144377,0.31217077,0.3324966,0.35079485,0.36566672,0.3760271,0.38118914,0.38094577,0.37564144,0.36622202,0.35424057,0.3417759,0.3311987,0.32472995,0.32384628,0.32878166,0.3384408,0.35078803,0.36345077,0.37423822,0.3814576,0.3840584,0.3816713,0.37458783,0.36369815,0.35038468,0.33635297,0.32337815,0.31296763,0.30600452,0.3025093,0.30165353,0.30203256,0.30206066,0.30032742,0.29583403,0.288112,0.27725902,0.26392302,0.24924591,0.23475133,0.2221371,0.21293257,0.20805953,0.20748809,0.21022838,0.21468274,0.219121,0.22204153
15,0.18304136,0.18045694,0.17604096,0.17172077,0.16979745,0.17238809,0.18063544,0.1942171,0.21156587,0.23052469,0.2489226,0.2648907,0.27699834,0.28431502,0.28645402,0.28361738,0.27664325,0.26703978,0.25695795,0.24900123,0.24574095,0.24894552,0.2588961,0.27431273,0.29293233,0.3122569,0.3300758,0.34471354,0.3551086,0.36081395,0.36196062,0.3591929,0.35356915,0.3464153,0.33912438,0.33291242,0.3285772,0.32633537,0.32580808,0.32616392,0.32635832,0.32537943,0.3224368,0.31707156,0.3091972,0.29909065,0.28735176,0.27484265,0.2626116,0.25179726,0.24350438,0.23864928,0.23779824,0.24105273,0.2480355,0.25798383,0.26990137,0.28270867,0.29536116,0.3069337,0.31668282,0.32409462,0.32891974,0.33119082,0.3312154,0.32953605,0.32685295,0.32391125,0.32136765,0.31966543,0.31895402,0.31908178,0.31966308,0.32019475,0.32018107,0.31923413,0.31713066,0.31382433,0.30942336,0.304149,0.2982916,0.2921783,0.28615993,0.28061306,0.27594507,0.2725816,0.27092052,0.27124968,0.27365133,0.27793133,0.28361076,0.28999043,0.29626837,0.3016741,0.30558747,0.30762136,0.30766004,0.30585125,0.30255565,0.29826167,0.29348168,0.2886518,0.28406325,0.2798451,0.27600273,0.27249455,0.2693136,0.2665398,0.26434076,0.26291788,0.26241994,0.26286235,0.26409325,0.2658311,0.26776606,0.26969224,0.27162534,0.27386245,0.2769514,0.28155667,0.2882429,0.29724416,0.3083102,0.320695,0.33328173,0.34478295,0.35394612,0.35971984,0.3613668,0.35852507,0.35122618,0.33988062,0.32524,0.30834666,0.29047987,0.2731016,0.25779283,0.24614953,0.23959687,0.23911674,0.24498273,0.2566625,0.272953,0.29224735,0.3127868,0.33283624,0.35079926,0.36530665,0.37529972,0.3801148,0.3795655,0.37401563,0.36442944,0.35237673,0.33994782,0.3295122,0.3232676,0.32264096,0.32780087,0.33759332,0.34994912,0.36249134,0.37304753,0.37995777,0.38221344,0.37949345,0.3721416,0.3611023,0.3478087,0.33400393,0.32147267,0.3116889,0.30545428,0.3026771,0.3024199,0.3032034,0.30341324,0.30165043,0.29695567,0.28891703,0.27769926,0.26402414,0.24911012,0.23455241,0.22209899,0.21328282,0.2089637,0.20899622,0.21226689,0.21709096,0.22170189,0.22460197
16,0.1821835,0.17920843,0.174274,0.16930182,0.16662998,0.16846645,0.1760631,0.1891591,0.20617673,0.22490835,0.24312901,0.25892758,0.27084383,0.27792755,0.2797808,0.27660465,0.26925147,0.25926837,0.24888058,0.24080162,0.23771606,0.2414375,0.25217077,0.26847273,0.287917,0.30789337,0.32613018,0.34092292,0.35119748,0.35650402,0.35698053,0.353293,0.34654373,0.3381333,0.32956344,0.322185,0.31693184,0.31412336,0.31342256,0.31397513,0.3146669,0.31439608,0.3122823,0.30778754,0.30076006,0.29142508,0.28034297,0.268349,0.25647923,0.24587838,0.23767838,0.2328422,0.23199205,0.23527801,0.24234965,0.25244516,0.2645493,0.27755386,0.29038373,0.30208588,0.31189314,0.31927225,0.3239585,0.325973,0.3256162,0.32342964,0.3201214,0.31645656,0.31312546,0.3106176,0.30913684,0.308587,0.30863297,0.30881226,0.30865824,0.30779836,0.30600882,0.3032246,0.29951492,0.29504284,0.29002607,0.2847141,0.2793871,0.2743712,0.270053,0.26687065,0.26526254,0.26557225,0.26793388,0.2721851,0.27785102,0.28421304,0.2904385,0.29572925,0.2994517,0.301226,0.30096582,0.2988673,0.29535073,0.29096356,0.28626186,0.28169727,0.2775411,0.27387068,0.27062136,0.26768205,0.2649936,0.2626116,0.2607073,0.2595058,0.259185,0.2597783,0.26112956,0.26292795,0.26481685,0.266541,0.26808167,0.26973403,0.27208933,0.2759025,0.28186023,0.29031715,0.30110577,0.31350374,0.3263615,0.33832154,0.34804615,0.35440102,0.3565784,0.35416374,0.34715608,0.33595392,0.32131657,0.30431208,0.2862602,0.26867342,0.25318596,0.24143825,0.23487636,0.2344673,0.24043716,0.25219616,0.26850134,0.28773567,0.3081548,0.3280501,0.34585282,0.3602161,0.37009603,0.37483594,0.3742501,0.36869845,0.3591391,0.34713545,0.33477268,0.32441625,0.31825763,0.31771037,0.3229209,0.33271077,0.3449944,0.35739222,0.3677424,0.37440515,0.37639892,0.3734347,0.36589283,0.3547578,0.34150365,0.32790855,0.31577381,0.3065561,0.3009976,0.29891455,0.29927328,0.3005227,0.30101424,0.2993494,0.29459384,0.2863761,0.2749111,0.26097852,0.245861,0.23122121,0.21886608,0.21035583,0.20652045,0.20712693,0.21095261,0.2162265,0.22113882,0.22418617
17,0.17938298,0.17588863,0.17036724,0.1647459,0.16140269,0.16262048,0.16971813,0.18244065,0.1991587,0.21760239,0.23550527,0.25093877,0.262442,0.26907462,0.2704569,0.26681793,0.2590538,0.24877965,0.23831943,0.23050275,0.22809002,0.23284353,0.24476892,0.2621753,0.2824566,0.30292243,0.32128945,0.33587363,0.3456325,0.35015148,0.34960833,0.34471822,0.33664957,0.32689315,0.31706667,0.30865127,0.30269736,0.29959145,0.29899216,0.29997665,0.3013284,0.30184117,0.30054772,0.29684624,0.29054192,0.2818325,0.27126262,0.25966159,0.24807008,0.23764999,0.22956452,0.22481817,0.22407451,0.22751048,0.23477931,0.24510188,0.25743443,0.27063823,0.2836111,0.29537785,0.30515403,0.3123931,0.31682044,0.31845057,0.3175813,0.31475717,0.3106973,0.3061883,0.3019538,0.2985271,0.29616183,0.29481202,0.29418817,0.29386687,0.29341257,0.29247493,0.2908408,0.2884401,0.285318,0.28159326,0.27742276,0.2729872,0.2685023,0.2642466,0.2605855,0.25796455,0.2568517,0.25762722,0.26045075,0.26516068,0.27125558,0.27797177,0.28442767,0.2897862,0.2933944,0.29487792,0.29418215,0.2915593,0.28750414,0.28264648,0.27761793,0.27292252,0.2688486,0.2654536,0.26262632,0.2602003,0.25807044,0.25626644,0.25495443,0.2543661,0.25468236,0.25592187,0.2578877,0.26020464,0.26243907,0.264261,0.26559624,0.2667204,0.26825616,0.27104858,0.27592397,0.28339398,0.2934207,0.3053491,0.31802812,0.3300474,0.3399907,0.34664133,0.3491187,0.34695187,0.34010223,0.32894945,0.3142512,0.29708874,0.27880645,0.26094997,0.24519145,0.23320961,0.22648081,0.2259831,0.23192866,0.24369915,0.26002902,0.27929696,0.29977062,0.31975946,0.33770955,0.3522801,0.3624227,0.36746615,0.36720195,0.36196157,0.35267222,0.34086812,0.32861316,0.31826615,0.31203106,0.31134915,0.31639683,0.32601544,0.3381262,0.3503494,0.360522,0.36700565,0.36882398,0.3656978,0.35802317,0.3468071,0.33355337,0.32007372,0.30819795,0.29939023,0.2943653,0.29287687,0.29381326,0.29555503,0.29641068,0.2949654,0.29028872,0.2820263,0.2704195,0.2562829,0.24094495,0.22612704,0.21370411,0.20529471,0.20174584,0.2027811,0.20709386,0.21283112,0.21813044,0.22146784
18,0.17561902,0.17150463,0.16536434,0.15915087,0.15529191,0.15612721,0.16298765,0.1755531,0.19209419,0.21026838,0.22778341,0.24272034,0.25364825,0.25966868,0.26045352,0.25629568,0.24817339,0.23780864,0.22765331,0.22064759,0.21955346,0.22593874,0.2394687,0.25814435,0.2792017,0.29992723,0.3180848,0.3320609,0.3408867,0.34421983,0.34231108,0.3359552,0.32641357,0.31528798,0.30432224,0.29512098,0.2888208,0.28582072,0.2857074,0.2874284,0.2896262,0.290979,0.29044345,0.28737864,0.2815777,0.27324426,0.26293954,0.25151664,0.240046,0.2297247,0.2217543,0.2171736,0.21666461,0.22039753,0.22799474,0.23863438,0.2512315,0.2646155,0.27766228,0.28938282,0.29898438,0.30591607,0.30990216,0.3109593,0.3093914,0.30575433,0.30078545,0.29529774,0.2900494,0.2856138,0.2822858,0.28005752,0.27867237,0.2777357,0.27683878,0.27565658,0.27399725,0.27180266,0.26911482,0.2660302,0.2626654,0.25914922,0.25564513,0.25239062,0.2497297,0.24810673,0.2480005,0.2497987,0.2536499,0.25935546,0.266356,0.273822,0.28081235,0.28644684,0.29005164,0.29125613,0.29003558,0.28669822,0.28181872,0.2761245,0.27035016,0.26509073,0.26069683,0.25724953,0.2546263,0.2526284,0.25111446,0.25008518,0.24968582,0.25012684,0.25155494,0.25393197,0.25698128,0.26023275,0.2631552,0.26533094,0.26661947,0.267264,0.2679035,0.26946184,0.2729076,0.2789348,0.28767976,0.2986055,0.31060115,0.32222933,0.33200723,0.33863822,0.3411666,0.33905977,0.33223462,0.32104254,0.3062273,0.28886688,0.2703102,0.25211328,0.23596634,0.22357824,0.21646962,0.21566826,0.22142352,0.2331313,0.249525,0.26898018,0.28976387,0.31018397,0.3286783,0.3438881,0.35473636,0.36051413,0.36096802,0.3563799,0.34762618,0.33619407,0.32411233,0.31372908,0.3072743,0.30625296,0.31092265,0.32019243,0.33201885,0.34402692,0.35404027,0.36040047,0.36211142,0.35887885,0.35109165,0.33976063,0.32640743,0.31287652,0.30103993,0.29239932,0.2876814,0.2866148,0.28803268,0.29025188,0.2915268,0.29040542,0.28593528,0.27775136,0.26609313,0.2517826,0.2361696,0.221019,0.20827709,0.19965278,0.19606751,0.19726236,0.20188558,0.2080113,0.21371338,0.2174276
19,0.17205292,0.16727468,0.16054292,0.15386362,0.1497277,0.15050913,0.15748368,0.17018905,0.18675359,0.20476037,0.2219111,0.23632258,0.2466217,0.25198165,0.25215918,0.24754903,0.23925352,0.2291411,0.21980953,0.2142697,0.21515922,0.22368269,0.23906232,0.2590015,0.28064838,0.30133623,0.31892723,0.3319151,0.3394347,0.34124407,0.33769587,0.32969424,0.31862214,0.30621588,0.29435632,0.2847586,0.27860016,0.27621797,0.27704334,0.27982944,0.28304702,0.28525975,0.28536993,0.28272915,0.27715403,0.26888967,0.25854892,0.24704151,0.23549621,0.22516598,0.21729778,0.2129533,0.2128029,0.21696919,0.22500591,0.23602359,0.24888624,0.26239204,0.27540156,0.2869207,0.2961579,0.30256784,0.30588418,0.30613714,0.3036488,0.29899883,0.2929542,0.2863629,0.28002083,0.27453735,0.27023622,0.26712862,0.26496905,0.26337188,0.26194233,0.2603778,0.25851607,0.2563298,0.25388408,0.2512833,0.24863312,0.24603565,0.24361953,0.24158944,0.24026458,0.24007197,0.24147162,0.2448191,0.25020975,0.25737324,0.265672,0.27420527,0.28197667,0.28807,0.2917946,0.29278275,0.29103327,0.28690106,0.28103277,0.27425262,0.2674105,0.26122126,0.25614056,0.252322,0.24967577,0.2480018,0.2471356,0.24704309,0.2478255,0.2496352,0.25254104,0.25640744,0.26084858,0.26528564,0.26908913,0.27175918,0.27309254,0.27329516,0.2730064,0.27320492,0.27498156,0.27921137,0.28623107,0.29566756,0.3064981,0.31729493,0.32652953,0.33283406,0.33517817,0.33296376,0.32605585,0.31476757,0.29981485,0.2822544,0.26341653,0.24484093,0.22820969,0.2152461,0.20752446,0.20616543,0.21152088,0.2230595,0.23954281,0.25934157,0.2807009,0.30189744,0.3213302,0.33759412,0.3495596,0.35646006,0.3579814,0.3543439,0.34636348,0.33547205,0.32365575,0.31324682,0.30650368,0.30501285,0.30914798,0.3179261,0.32936817,0.34111333,0.35096407,0.35722378,0.35885465,0.35552529,0.34759715,0.3360685,0.32246804,0.3086713,0.2966046,0.2878351,0.28314194,0.28226906,0.2840211,0.2866578,0.28836873,0.28764302,0.28347987,0.27547577,0.2638403,0.24937496,0.23342401,0.21777296,0.20443088,0.19521716,0.1911833,0.19215988,0.19680442,0.20313764,0.20916115,0.21324897
20,0.16983698,0.1644363,0.15721829,0.15027137,0.14616051,0.14726278,0.15472898,0.16789298,0.1847225,0.20273891,0.21965817,0.23365195,0.24342369,0.24823947,0.24796702,0.24313411,0.2349996,0.22559899,0.21765667,0.21416125,0.21747082,0.22830854,0.24546184,0.26643166,0.28836977,0.30870908,0.32543406,0.33715796,0.34313038,0.3432245,0.33791468,0.32823828,0.31572512,0.3022661,0.28988302,0.28037637,0.27490327,0.27365395,0.27582696,0.2799375,0.28427902,0.28731975,0.2879369,0.28550524,0.27989414,0.27141866,0.26077092,0.24894413,0.23714888,0.22670983,0.21892177,0.21485405,0.21513523,0.21980602,0.2283248,0.23972073,0.25280312,0.2663409,0.2791833,0.2903362,0.29901555,0.3046894,0.30711073,0.3063353,0.30271763,0.29687652,0.2896237,0.28185412,0.27440724,0.26792452,0.26274407,0.25887185,0.25604403,0.25385556,0.25190374,0.2498978,0.24770778,0.24535319,0.24294981,0.24064451,0.23856793,0.23682615,0.23553364,0.23486869,0.23511621,0.23666042,0.23990504,0.24513221,0.25235048,0.26120153,0.2709718,0.28070456,0.28936708,0.29602247,0.29997128,0.30084765,0.29866475,0.29380837,0.286978,0.279077,0.27106142,0.26377222,0.25779417,0.2533916,0.25054875,0.24909632,0.2488608,0.24976659,0.25184587,0.25515738,0.2596572,0.26508886,0.27095142,0.27656755,0.28122923,0.28437546,0.28575557,0.28554168,0.28436074,0.283217,0.28328475,0.28558776,0.2906553,0.29830018,0.30762875,0.3172643,0.32566354,0.33140534,0.33339223,0.3309611,0.32392076,0.31253782,0.29748848,0.2797918,0.26073825,0.24182484,0.22469573,0.21106282,0.20254664,0.2003888,0.20510697,0.21631207,0.23283532,0.2530465,0.2751467,0.29734904,0.31798196,0.33556813,0.34890625,0.35716036,0.35995045,0.35743496,0.35037294,0.34014532,0.32869765,0.31834245,0.31135756,0.30940336,0.3129733,0.32120934,0.332217,0.3436619,0.35332572,0.3594657,0.36098984,0.35751653,0.34936816,0.33752063,0.32350305,0.30922008,0.29665878,0.28747055,0.28251827,0.28159618,0.28350714,0.28646305,0.2885819,0.28827682,0.2844772,0.27671903,0.26516038,0.25056064,0.23423485,0.2179635,0.20379564,0.1936568,0.18876083,0.18909363,0.1933877,0.19964516,0.20579734,0.2101399
21,0.1698492,0.16396116,0.15643461,0.14946103,0.1456791,0.14743294,0.15569799,0.16958459,0.18691586,0.20517388,0.22210173,0.23593116,0.24544576,0.25001082,0.24961503,0.24493077,0.237378,0.22913899,0.22299485,0.22179104,0.22750245,0.2403851,0.25891742,0.28052625,0.30243328,0.3221853,0.33788064,0.34824008,0.35262048,0.35101008,0.34401202,0.33280945,0.31909263,0.304914,0.29242516,0.2834723,0.27912688,0.2793653,0.2831145,0.28865144,0.2941168,0.2979133,0.29891774,0.2965459,0.29073367,0.28187805,0.27076283,0.25847685,0.24632315,0.2357032,0.2279559,0.22414549,0.22484244,0.22999352,0.23895766,0.25068307,0.2639248,0.2774206,0.2900053,0.30068246,0.30867544,0.31346896,0.3148423,0.31288758,0.308006,0.3008719,0.2923587,0.28342262,0.2749544,0.2676256,0.2617742,0.25737593,0.254117,0.25154096,0.24921013,0.24682742,0.24428898,0.24166821,0.2391517,0.2369587,0.23527874,0.23425211,0.2339985,0.23467344,0.2365142,0.23983528,0.24495214,0.25204808,0.26103595,0.2714796,0.2826134,0.29345238,0.30295128,0.31016818,0.3144013,0.31528467,0.31283608,0.3074556,0.29987296,0.2910444,0.28200665,0.27370825,0.26685852,0.26184317,0.25874168,0.25743628,0.25775516,0.25957733,0.26285064,0.26752248,0.27342638,0.28018975,0.2872159,0.29375747,0.2990584,0.30252343,0.30387366,0.30325592,0.3012789,0.29894856,0.29748076,0.2979981,0.3011827,0.30702084,0.31476417,0.32311928,0.3305612,0.33564037,0.33720756,0.3345415,0.32739565,0.31598628,0.3009425,0.28323516,0.26410097,0.24497613,0.22744362,0.21317542,0.20381194,0.20070979,0.20458372,0.2152455,0.23164721,0.25217736,0.27498433,0.29819587,0.32004723,0.33897173,0.35368723,0.36328694,0.3673303,0.3659251,0.3597882,0.35026512,0.33927184,0.3291015,0.32203537,0.3197782,0.3229132,0.33069122,0.34130293,0.3524489,0.36189842,0.36786667,0.36920923,0.36549464,0.35700664,0.3446994,0.33010277,0.31515035,0.30189058,0.29206437,0.28663182,0.28545815,0.28736398,0.29052418,0.29298458,0.29307404,0.28964084,0.28214896,0.27069488,0.2559858,0.2392947,0.2223769,0.2072921,0.19604129,0.1899922,0.1893186,0.19288652,0.19872777,0.20472322,0.20908749
22,0.17244254,0.16626765,0.15864043,0.1518595,0.14862458,0.15122135,0.16044402,0.1752116,0.19324292,0.21200018,0.22925185,0.24327824,0.25292963,0.25765792,0.25756034,0.2534362,0.24683392,0.24002132,0.23574518,0.23662765,0.2442741,0.25860825,0.2779643,0.29979354,0.32141033,0.34045753,0.35511824,0.36419362,0.36712727,0.36400902,0.3555634,0.34311557,0.32851171,0.31395367,0.30169564,0.29358667,0.29056844,0.29238313,0.297702,0.30460277,0.3111117,0.3155904,0.3169248,0.31457168,0.30852863,0.2992691,0.28766337,0.27489197,0.26234606,0.25149888,0.24372832,0.24009179,0.24110778,0.24664347,0.25597423,0.2679767,0.2813511,0.2947961,0.30712143,0.31731838,0.3246113,0.32849967,0.32879186,0.325624,0.31945547,0.311031,0.30130127,0.2912977,0.28197083,0.2740217,0.2677772,0.2631625,0.25978798,0.25711858,0.25465685,0.252079,0.2492934,0.24642207,0.24372692,0.24151391,0.24005195,0.23953639,0.24010625,0.24189726,0.24509084,0.24991778,0.25659466,0.26520753,0.27559066,0.2872587,0.2994256,0.31110522,0.32125866,0.32894906,0.333475,0.334467,0.33193892,0.32629144,0.31826526,0.30884445,0.29911608,0.2901044,0.282615,0.27713642,0.2738361,0.27264863,0.27340683,0.27594587,0.28013143,0.2858072,0.292702,0.30035526,0.30810896,0.31518006,0.32079467,0.32434726,0.32554826,0.32452947,0.3218819,0.31859985,0.31590965,0.31498528,0.3166094,0.3209029,0.32724926,0.3344488,0.34101734,0.3455003,0.34671462,0.34389216,0.33673623,0.32541367,0.31050447,0.2929279,0.2738634,0.2546824,0.23689966,0.22213157,0.21200918,0.20796774,0.21089955,0.22083351,0.23688209,0.25748634,0.28075644,0.30473495,0.3275595,0.34757194,0.36341214,0.3741111,0.3791816,0.37869912,0.3733594,0.36449355,0.35400417,0.3441685,0.3372541,0.33496976,0.33793592,0.34546813,0.35582003,0.36672613,0.3759536,0.3816899,0.38275242,0.37867337,0.36971027,0.3568066,0.341501,0.32575938,0.3116891,0.30111417,0.29508653,0.2935434,0.29533014,0.29859287,0.30131048,0.30172968,0.29861808,0.2913689,0.28001958,0.26522818,0.24822612,0.23073585,0.21480349,0.20246248,0.19518794,0.19332372,0.19589487,0.20100848,0.2065306,0.21061178
23,0.17734437,0.17109089,0.16353846,0.15708132,0.15446547,0.15792024,0.16810136,0.18380147,0.20267813,0.22218052,0.24008681,0.25470123,0.26491356,0.2702333,0.27083278,0.26759553,0.2621404,0.2567482,0.25406742,0.25649625,0.26537573,0.28046548,0.30008894,0.3217754,0.34292713,0.36125368,0.37498823,0.38298005,0.3847317,0.3804107,0.37084195,0.3574723,0.34228137,0.32759258,0.31573045,0.30851924,0.306766,0.31000856,0.31671664,0.32482135,0.33226752,0.33738628,0.33906734,0.33679444,0.33060953,0.32104418,0.3090377,0.29584563,0.28293312,0.27183497,0.26396596,0.26038727,0.26158947,0.26739064,0.27700806,0.289259,0.3027874,0.31624213,0.32839328,0.33820638,0.34489608,0.34797043,0.34726524,0.34296358,0.33558983,0.32596892,0.31514007,0.30422038,0.29422697,0.28589106,0.27952236,0.27498335,0.2717936,0.26932338,0.26699916,0.26445457,0.2615947,0.25857648,0.2557272,0.25343522,0.25205058,0.25182933,0.25293618,0.25549114,0.25962222,0.2654812,0.27319804,0.28278396,0.29402527,0.30641988,0.31918946,0.3313669,0.34193152,0.34995642,0.3547404,0.35590664,0.35345823,0.3477865,0.3396292,0.32997873,0.3199462,0.3105983,0.3028,0.29710746,0.29374856,0.2926938,0.29377535,0.2967899,0.30153617,0.30777964,0.31517833,0.32322195,0.3312281,0.33840993,0.34400082,0.3474038,0.3483323,0.3469123,0.34372112,0.33973685,0.3361786,0.33423784,0.33475164,0.33792895,0.34325317,0.34960687,0.35555193,0.35964206,0.36067426,0.3578442,0.3508116,0.3396975,0.32503495,0.3076947,0.28880456,0.2696803,0.2517788,0.23666489,0.22594507,0.22109132,0.22311832,0.23223701,0.24772385,0.26810077,0.2914701,0.31581184,0.33918244,0.35984647,0.3763809,0.38777155,0.39350426,0.39364347,0.38888627,0.38057044,0.3706012,0.3612436,0.35473517,0.35274762,0.35588,0.3634551,0.3737525,0.38452926,0.3935585,0.39901817,0.39970902,0.3951487,0.38558874,0.37197956,0.3558818,0.3393002,0.32439792,0.31306934,0.30644014,0.3045042,0.30612537,0.30942398,0.3123202,0.31298867,0.31012732,0.3030705,0.2918092,0.27696544,0.25974026,0.24182704,0.22524577,0.21202342,0.20367977,0.20067036,0.20215969,0.20635211,0.21113661,0.21463148
24,0.18377127,0.17759944,0.17021967,0.16410366,0.16203858,0.1662282,0.17725934,0.19386671,0.21367721,0.23412198,0.25296578,0.26850674,0.2796405,0.28589663,0.28747845,0.2853011,0.28099388,0.27679586,0.2752383,0.27854985,0.28793484,0.30312815,0.32253027,0.34377477,0.36434022,0.38197595,0.39493424,0.40208143,0.40294844,0.39775035,0.3873819,0.37337977,0.35782334,0.3431247,0.33165345,0.32520542,0.3244825,0.32887635,0.3367191,0.34584185,0.35412905,0.3598814,0.3619795,0.3599147,0.3537506,0.3440532,0.33180693,0.31831992,0.30511203,0.29376805,0.28574026,0.28211024,0.28337088,0.28932574,0.29916146,0.31164965,0.32537824,0.3389376,0.3510455,0.36062816,0.36687905,0.36930582,0.36776644,0.3624887,0.35406315,0.34339848,0.3316276,0.31995842,0.30947846,0.30095023,0.29466435,0.29041693,0.28763214,0.2855804,0.2836061,0.2812917,0.27852747,0.27549076,0.2725583,0.2701855,0.26879132,0.2686853,0.27005583,0.27301052,0.27763313,0.2840125,0.29221553,0.30220848,0.3137614,0.32638407,0.339328,0.3516595,0.36238366,0.37058598,0.37556446,0.3769314,0.37467414,0.36916792,0.3611381,0.35157162,0.34158358,0.33225557,0.32447737,0.31883517,0.31558326,0.31470385,0.31601843,0.3192904,0.3242709,0.33067784,0.3381353,0.3461207,0.35396042,0.3608904,0.36617061,0.36922625,0.3697832,0.36796838,0.3643493,0.3598876,0.35578704,0.35323665,0.35309526,0.35562044,0.36035973,0.36625496,0.3719054,0.37587464,0.37694588,0.37428525,0.3675145,0.3567132,0.34237242,0.32532164,0.30664858,0.28762993,0.26968476,0.25434256,0.2431853,0.23769103,0.2389365,0.24725163,0.26204485,0.2819259,0.30501834,0.32927343,0.35269737,0.37350446,0.39023322,0.4018476,0.40782866,0.40825158,0.40383512,0.39594164,0.38649103,0.37773794,0.37187427,0.37049812,0.37413326,0.38205424,0.3925262,0.4033123,0.41219616,0.41736358,0.41762167,0.41249725,0.40225816,0.38788047,0.37096095,0.35354993,0.33786365,0.32585257,0.3186933,0.31641316,0.31788006,0.32118645,0.32420254,0.32504565,0.32236147,0.3154437,0.30425537,0.28940043,0.27206555,0.25392523,0.23697026,0.22319338,0.21410085,0.21018685,0.21070307,0.21394242,0.21784113,0.22051983
25,0.19068462,0.18467839,0.17748363,0.17163388,0.16996427,0.17469814,0.18642299,0.20386839,0.22464603,0.24615759,0.26613116,0.28283057,0.2951254,0.3025282,0.30523074,0.30413207,0.3008256,0.29747897,0.29651785,0.30007005,0.30931008,0.32404575,0.34280998,0.36335573,0.3832295,0.40020117,0.41251785,0.4190358,0.41928494,0.4134962,0.40259975,0.38818577,0.37239748,0.35770574,0.34651187,0.34059805,0.3406065,0.34584516,0.3545647,0.36453092,0.37358013,0.37997907,0.38258624,0.380882,0.37492988,0.3653065,0.35301638,0.33939615,0.3259998,0.31444937,0.30623502,0.30247414,0.3036898,0.30970284,0.31969526,0.3324085,0.34637892,0.360135,0.37233374,0.3818519,0.3878513,0.38982973,0.38765943,0.3816069,0.37232476,0.36080307,0.34826744,0.3360167,0.3252091,0.31663904,0.31057858,0.30675906,0.3045113,0.3030086,0.30151418,0.29955766,0.29700878,0.29405507,0.29110816,0.28867346,0.287222,0.28710315,0.28852144,0.2915726,0.29630497,0.30276185,0.3109713,0.32088217,0.3322755,0.34469613,0.35744235,0.36962485,0.38027978,0.38850662,0.3936013,0.39516285,0.39315915,0.3879449,0.3802271,0.3709783,0.36130387,0.3522797,0.34479296,0.33942795,0.33643404,0.33578122,0.3372689,0.34063086,0.34558833,0.3518392,0.35900605,0.36658558,0.3739402,0.38034892,0.3851124,0.38768658,0.3878148,0.3856278,0.3816852,0.37693244,0.37255493,0.3697294,0.3693171,0.37159696,0.3761511,0.3819565,0.38763502,0.39175406,0.3930828,0.39076024,0.38437375,0.37396595,0.35999215,0.34324986,0.32480013,0.30589882,0.2879475,0.2724583,0.26099402,0.2550197,0.25562564,0.2631979,0.27723,0.2964075,0.31889376,0.34264416,0.36565006,0.38610843,0.40254843,0.4139375,0.41977426,0.42016414,0.4158641,0.40827405,0.39933616,0.39129344,0.38627782,0.38578337,0.39021555,0.39875484,0.40961725,0.4205564,0.4293687,0.43426228,0.43407062,0.42835075,0.41740575,0.402253,0.38453606,0.36635554,0.3499773,0.33739483,0.3298147,0.3272746,0.32863045,0.33194327,0.3350417,0.33600184,0.33343694,0.3266204,0.31550726,0.30070183,0.28339243,0.26524603,0.2482254,0.23427114,0.22483088,0.22037044,0.22016639,0.22257012,0.22557126,0.22731908
26,0.19705276,0.19121975,0.18415642,0.17844836,0.17699224,0.18207441,0.19433583,0.21253206,0.23426227,0.25688568,0.278075,0.29603845,0.30959463,0.3182101,0.32203144,0.3219066,0.3193635,0.31648764,0.31562164,0.31885168,0.32739884,0.34120744,0.35897827,0.37859485,0.3976678,0.4139753,0.42574188,0.43179202,0.43162915,0.42547053,0.41424924,0.3995745,0.3836209,0.3688947,0.35782486,0.35220212,0.35265476,0.3584597,0.36782846,0.3784857,0.38822782,0.3952851,0.3984848,0.39728266,0.39172485,0.38237798,0.37024423,0.35666558,0.34320977,0.3315224,0.32312855,0.3191919,0.3202871,0.32627842,0.33636716,0.34928143,0.36351517,0.37753686,0.38994008,0.39954615,0.4054773,0.40721294,0.40463075,0.39802748,0.3881099,0.37594247,0.3628378,0.35018113,0.33919853,0.33071488,0.32498485,0.32167786,0.32003692,0.31914407,0.31818703,0.31664565,0.3143686,0.31154847,0.3086223,0.3061321,0.30458596,0.30435926,0.3056636,0.30858043,0.31312895,0.3193205,0.3271636,0.33661172,0.34747764,0.3593588,0.37161303,0.38340306,0.3937998,0.40191713,0.40704766,0.4087747,0.40704438,0.40218815,0.39489144,0.38610762,0.37692398,0.36839744,0.3613933,0.35647014,0.35384798,0.3534649,0.35508838,0.35842478,0.3631792,0.3690516,0.3756884,0.3826303,0.38929564,0.39502087,0.39915556,0.40118974,0.40088442,0.39837277,0.39420485,0.3893093,0.38485217,0.3819945,0.38159153,0.3839284,0.38860264,0.3946075,0.40057322,0.4050626,0.40682718,0.40497893,0.39907297,0.38911918,0.37554356,0.35912085,0.34089792,0.32212442,0.30420017,0.28863233,0.27696794,0.27064574,0.270735,0.27762893,0.2908628,0.3091797,0.3307917,0.353685,0.37586886,0.39555496,0.41129136,0.42207274,0.42743477,0.42752832,0.42316034,0.41577622,0.40734383,0.40009174,0.39608002,0.3966761,0.40213582,0.411513,0.42294958,0.43417767,0.44300815,0.44768217,0.44707447,0.44078735,0.42917198,0.4132963,0.39485583,0.37600186,0.35904512,0.34601158,0.338122,0.33540744,0.3366997,0.34002638,0.3431829,0.34421992,0.34173697,0.33500656,0.3239936,0.30931872,0.2921854,0.2742626,0.2574872,0.24373625,0.23436657,0.22976336,0.22917183,0.23096497,0.23317821,0.23400405
27,0.20203903,0.1963259,0.18930222,0.18360142,0.18219589,0.18746682,0.20013821,0.21900086,0.24163386,0.2653418,0.28773046,0.3069402,0.32172436,0.33148533,0.33630362,0.33695492,0.3348867,0.33210233,0.33088386,0.33331916,0.34072554,0.35322294,0.36970207,0.38818476,0.4063443,0.4219597,0.4332209,0.43890473,0.4384682,0.43209118,0.42068252,0.40584195,0.38974962,0.37493062,0.3638421,0.35830462,0.3589688,0.36511812,0.3749527,0.38617158,0.39653772,0.40424582,0.40808883,0.4074908,0.4024696,0.39356712,0.38176507,0.36839095,0.35500723,0.34326828,0.3347277,0.3305995,0.33152387,0.33742824,0.34755397,0.36063328,0.37512985,0.38945928,0.40215403,0.4119783,0.4180103,0.41970414,0.4169344,0.4100186,0.39970756,0.38713014,0.37367657,0.3608104,0.3498192,0.34155455,0.3362524,0.33352277,0.33252606,0.3322607,0.33184654,0.33071995,0.32871178,0.32601935,0.32310066,0.32052642,0.31883156,0.3184076,0.31946552,0.32207027,0.32621542,0.33188993,0.33909646,0.3478082,0.35788438,0.3689866,0.3805401,0.39176378,0.4017641,0.40966812,0.41476268,0.416613,0.41514146,0.41065508,0.403817,0.39556012,0.38695058,0.37901992,0.37260047,0.36821026,0.3660235,0.36593267,0.36766616,0.37090468,0.37534755,0.380713,0.38668978,0.39287955,0.3987696,0.4037612,0.4072549,0.4087727,0.40808797,0.40533033,0.40103534,0.39611188,0.39170656,0.38896602,0.3887393,0.39131373,0.39629388,0.40267867,0.40909672,0.4140992,0.41641647,0.4151325,0.40977183,0.40031528,0.38716525,0.3710814,0.35310552,0.33449072,0.31664348,0.30107117,0.28930375,0.28274256,0.28241205,0.2886793,0.30109003,0.31842902,0.3389617,0.36072505,0.38177308,0.40035895,0.4150731,0.4249562,0.42959487,0.4291952,0.4246203,0.41736457,0.4094227,0.40300652,0.400097,0.40192154,0.40856776,0.4189431,0.43110028,0.44274285,0.45169714,0.45624372,0.4553072,0.4485428,0.436355,0.41986382,0.4008152,0.38140678,0.3639879,0.35060948,0.34249792,0.33966938,0.3409268,0.34426618,0.3474586,0.3485431,0.34612152,0.339481,0.32861033,0.3141586,0.29735422,0.27987543,0.2636355,0.25044116,0.24153727,0.23719157,0.23657438,0.23804618,0.23967436,0.23969863
28,0.20510563,0.19941798,0.19232932,0.18652098,0.18505217,0.19041511,0.20342179,0.2228864,0.2463519,0.2710583,0.2945407,0.31486994,0.33073068,0.3414553,0.34704977,0.34820926,0.34629714,0.34324068,0.3412804,0.34253493,0.34844735,0.35933468,0.37428817,0.39147064,0.40861544,0.42349672,0.43426174,0.43962935,0.43899694,0.43249097,0.42097703,0.4060252,0.38980332,0.374845,0.36363754,0.35804704,0.35876888,0.36511335,0.37528208,0.38695607,0.3978703,0.40618876,0.4106734,0.41071752,0.40630752,0.3979531,0.3866038,0.37355757,0.3603554,0.34864596,0.3400017,0.33568522,0.33640876,0.34217605,0.35228482,0.3654876,0.3802318,0.39489046,0.40794125,0.41809377,0.4243809,0.426227,0.42349625,0.41651738,0.40607435,0.39334866,0.3797964,0.36694843,0.35614428,0.34825468,0.3434927,0.34140867,0.34108472,0.34144306,0.34154448,0.34078977,0.3389978,0.33637363,0.33339605,0.33066204,0.3287292,0.32800058,0.32868358,0.33082616,0.3343995,0.3393768,0.3457638,0.3535629,0.36268768,0.37286946,0.38360322,0.39416316,0.40368852,0.41131526,0.41632032,0.41824758,0.41699365,0.4128411,0.406432,0.39868093,0.39063492,0.38330033,0.37747404,0.37362745,0.37188116,0.37207478,0.37389427,0.37699682,0.38108343,0.38590157,0.39119422,0.39663348,0.40178084,0.40610284,0.40904617,0.41015634,0.40920874,0.40631884,0.4019992,0.39713418,0.3928511,0.39028686,0.390291,0.3931587,0.3985036,0.40532848,0.4122567,0.41782412,0.42073765,0.42005298,0.41526565,0.40633044,0.39363056,0.37791577,0.36022785,0.3418275,0.3241297,0.30864042,0.29686722,0.29016373,0.28949407,0.2951793,0.30675697,0.32304385,0.3423625,0.36281526,0.38252026,0.3997915,0.41327775,0.42207712,0.42583388,0.4248124,0.41993272,0.41273817,0.40525088,0.3996671,0.39788935,0.4010024,0.40891984,0.42039517,0.4333848,0.4455602,0.4547626,0.45931375,0.45818955,0.4510981,0.43849394,0.4215434,0.40203422,0.38220152,0.3644256,0.35077804,0.3424901,0.3395652,0.3407815,0.34410995,0.34730658,0.3484101,0.34603602,0.3394966,0.3288136,0.314672,0.29833177,0.28148592,0.26602766,0.25369176,0.24559954,0.24187812,0.24159253,0.24306361,0.24437498,0.24381037
29,0.20605493,0.20027758,0.1930273,0.18703723,0.18545997,0.19089787,0.20423098,0.2242654,0.24848506,0.27405924,0.29845706,0.31968808,0.33637592,0.34778777,0.35385817,0.35520458,0.3531114,0.3494399,0.34640545,0.3461762,0.35033643,0.3594078,0.37268212,0.3884578,0.4045211,0.41863444,0.42889652,0.43396288,0.4331655,0.4265699,0.41498932,0.3999542,0.38361114,0.36849794,0.35713458,0.3514401,0.3521614,0.3586366,0.36906627,0.38111246,0.3924866,0.40133074,0.40638635,0.4070249,0.40320706,0.3954114,0.3845514,0.3718872,0.35892656,0.34729955,0.33858654,0.33409205,0.33459994,0.34019634,0.3502458,0.36353442,0.37850663,0.39350495,0.40696162,0.41753745,0.42422196,0.4264077,0.42394298,0.41715932,0.40686297,0.3942757,0.38090625,0.36833954,0.3579542,0.35062897,0.346546,0.34519303,0.34557644,0.34654933,0.3471224,0.3466696,0.34500465,0.3423448,0.33919278,0.33617374,0.33386955,0.33269674,0.33286184,0.33439958,0.3372637,0.34141734,0.3468749,0.35367233,0.36177966,0.3709968,0.3808844,0.39076552,0.3998042,0.4071376,0.41202626,0.41398802,0.41289175,0.40899575,0.40292388,0.39557764,0.38799167,0.38115415,0.37583247,0.37245485,0.37108922,0.37152225,0.3733982,0.37635374,0.38009688,0.38441083,0.38909793,0.39390263,0.39845803,0.40228805,0.40487388,0.40576977,0.4047376,0.40186432,0.39762804,0.39288238,0.38873562,0.38632196,0.386504,0.38959876,0.39524055,0.40244308,0.4098274,0.41591465,0.41938835,0.41927665,0.41504756,0.40663245,0.39439803,0.37908673,0.3617416,0.3436301,0.32617223,0.31086642,0.2991897,0.29243937,0.29151025,0.29666802,0.30743387,0.32265326,0.3407095,0.35977957,0.37805757,0.39392877,0.4061071,0.41375068,0.41656005,0.41485375,0.40960392,0.4024003,0.39529446,0.39047477,0.38977638,0.39415258,0.40335009,0.41597092,0.4298747,0.44269806,0.4522941,0.45702153,0.4559021,0.44868872,0.4358755,0.4186619,0.39886323,0.3787387,0.36069074,0.34681025,0.33834034,0.3352839,0.3364077,0.33966917,0.3428189,0.34390283,0.3415563,0.33512118,0.32465538,0.31088287,0.2950991,0.27901736,0.26451758,0.25326717,0.24626228,0.24347799,0.24385479,0.2456535,0.24695861,0.24608937
30,0.20502871,0.19904636,0.1915642,0.18537466,0.18372512,0.18930931,0.20303072,0.22363876,0.24853255,0.2748103,0.29988885,0.32173365,0.3389234,0.3506743,0.35686177,0.35803708,0.35541803,0.35081437,0.3464315,0.34449983,0.34675112,0.35390833,0.36545223,0.37980092,0.39477855,0.40812498,0.4178852,0.42265064,0.4216893,0.41500795,0.40336904,0.3882645,0.3718211,0.35658327,0.34510615,0.3393601,0.34013242,0.34676915,0.35745034,0.36980954,0.38153818,0.39076945,0.39624166,0.39732194,0.3939601,0.38661394,0.37616628,0.36383918,0.35110193,0.33955717,0.33078232,0.32611394,0.32640094,0.33180982,0.34177542,0.35512498,0.37031093,0.38565722,0.39956176,0.41064516,0.41785833,0.42056292,0.41858816,0.41226143,0.40240142,0.39025807,0.37737888,0.36538765,0.35568655,0.34914753,0.3459106,0.34539568,0.34653512,0.34811977,0.34911922,0.3488887,0.34724307,0.3444164,0.34093922,0.33746934,0.33461946,0.33282787,0.33230957,0.33309567,0.3351309,0.33837506,0.34285504,0.34864077,0.35575503,0.36405867,0.3731669,0.38243863,0.39104962,0.39812672,0.402905,0.40487045,0.40386128,0.400112,0.39423195,0.38711667,0.37979916,0.37326294,0.36826017,0.3651892,0.36407572,0.36466104,0.36655313,0.36937252,0.37283796,0.37677008,0.38102904,0.38542557,0.389653,0.39327657,0.39579272,0.39674428,0.39586022,0.39318195,0.38914022,0.38455063,0.38050246,0.378136,0.37834325,0.38148388,0.38723293,0.39463064,0.4023053,0.40876842,0.41268286,0.41305104,0.4093152,0.40138507,0.38961226,0.3747318,0.3577863,0.34004548,0.32292712,0.30791342,0.29644233,0.28974858,0.2886544,0.29336905,0.30339718,0.31761366,0.33446524,0.35220748,0.36911386,0.38364163,0.39456713,0.40110156,0.40299174,0.4005989,0.3949374,0.38763878,0.3807887,0.376584,0.37681723,0.38233683,0.39274344,0.4064992,0.4213697,0.43495327,0.44510728,0.4502171,0.44933778,0.44225237,0.42947772,0.41222778,0.39232662,0.37204078,0.35378447,0.33966836,0.33096018,0.3276835,0.3286155,0.3317166,0.33474138,0.33574694,0.33338848,0.3270355,0.3167796,0.30338252,0.28817725,0.27290455,0.25944304,0.2494063,0.24367411,0.24206844,0.24339472,0.24583803,0.2474685,0.2466284
31,0.20247425,0.19619359,0.18845317,0.18211493,0.18051592,0.18640307,0.20063582,0.22184786,0.2473316,0.27412307,0.29960814,0.32173187,0.33905005,0.35074803,0.3566607,0.35729152,0.3538102,0.3479933,0.34205285,0.3382926,0.33859232,0.34386408,0.35375375,0.3667703,0.3807498,0.3933932,0.40268624,0.40715927,0.40602538,0.39924422,0.38754052,0.3723807,0.35588413,0.3406117,0.3291564,0.3235277,0.3245219,0.3314504,0.34243634,0.35506853,0.36702248,0.3764401,0.38208047,0.38333148,0.38015515,0.3730085,0.36275852,0.35059854,0.33796266,0.32642296,0.3175459,0.31268844,0.31275222,0.31797367,0.32785198,0.34125587,0.35665205,0.3723565,0.38674492,0.3984084,0.40626714,0.40965527,0.4083823,0.4027667,0.3936313,0.3822427,0.37017313,0.35906872,0.3503372,0.3448264,0.34262097,0.3430674,0.34502658,0.34723467,0.34862885,0.34855253,0.34682563,0.3437012,0.3397398,0.33563682,0.33204466,0.3294366,0.32805216,0.32793483,0.32903424,0.33131608,0.3348236,0.3396583,0.34588686,0.3534169,0.3619001,0.370712,0.3790222,0.38593253,0.39064214,0.39259842,0.39160576,0.38787457,0.38200292,0.37488794,0.36757368,0.3610573,0.35609806,0.35308743,0.3520296,0.35263637,0.35449034,0.3572023,0.36050332,0.36424857,0.36834723,0.37266126,0.37692347,0.380716,0.38352495,0.38485768,0.38438937,0.38209912,0.37835804,0.37393653,0.36990446,0.3674163,0.367411,0.3703156,0.37587267,0.38317183,0.39086485,0.3974636,0.40161562,0.4023008,0.39893776,0.3914156,0.38007092,0.3656297,0.34912974,0.33183622,0.3151559,0.30054525,0.2893958,0.28287682,0.2817402,0.2861438,0.29558071,0.30895793,0.3247856,0.34139553,0.35713497,0.3705245,0.3803902,0.3859807,0.3870712,0.38404754,0.3779513,0.37044895,0.3636677,0.35983762,0.36074886,0.36718887,0.37864748,0.3934664,0.40932155,0.42376652,0.43464994,0.44036746,0.43998882,0.4333076,0.4208424,0.40380037,0.38399297,0.36367533,0.3452614,0.33088127,0.32184222,0.3182151,0.31881568,0.32162818,0.32442063,0.32526156,0.32282054,0.31648663,0.30637714,0.2932864,0.2785859,0.2640537,0.25158632,0.24276803,0.23838283,0.23810825,0.24061,0.243984,0.2462695,0.24581562
32,0.1990756,0.19244936,0.18448433,0.17812267,0.17677596,0.18318588,0.1980844,0.21993299,0.24590862,0.2730046,0.29860276,0.32065344,0.33771318,0.3489585,0.35420597,0.35393357,0.34928602,0.3420295,0.33440247,0.32879424,0.32723093,0.33079386,0.33925727,0.3511769,0.36436293,0.3764548,0.38537312,0.38959455,0.38829315,0.38140252,0.36963338,0.35445127,0.3379916,0.3228485,0.31165415,0.3064315,0.307932,0.31536812,0.3267584,0.33962908,0.35164747,0.3609864,0.36645392,0.36748818,0.36409253,0.35675022,0.3463364,0.33403504,0.32125795,0.30955207,0.30046976,0.29537714,0.29521102,0.30025807,0.31006497,0.32353297,0.33914357,0.35521343,0.37010863,0.38240373,0.39099848,0.3952061,0.394818,0.39014128,0.38199612,0.37165523,0.36070126,0.35078532,0.34330103,0.33905396,0.3380613,0.3395932,0.34244445,0.34530613,0.34709147,0.34713668,0.34526715,0.34175256,0.3371814,0.33228815,0.32777283,0.3241588,0.32173067,0.3205668,0.3206413,0.32193953,0.32452616,0.3285302,0.33404955,0.34101844,0.3491011,0.3576657,0.36585495,0.3727304,0.37744507,0.37940204,0.37836853,0.37452963,0.3684732,0.3611029,0.3534854,0.3466512,0.34139395,0.33813018,0.33687344,0.33733144,0.33907866,0.34172454,0.3450127,0.3488241,0.35310003,0.35772884,0.36245272,0.36683902,0.37033433,0.37238646,0.37259892,0.37087616,0.3675212,0.36325368,0.35912263,0.35630134,0.35578972,0.35810575,0.36308873,0.36990616,0.37725583,0.38366473,0.3877741,0.38854623,0.38537872,0.37814108,0.36715403,0.35313144,0.3371009,0.32031515,0.30416074,0.29006,0.27935326,0.27314538,0.27212483,0.2764078,0.28548297,0.29829141,0.31340256,0.32921475,0.34413508,0.35672987,0.3658548,0.3707735,0.37126598,0.36771986,0.36118475,0.35335228,0.3463982,0.34261656,0.34384772,0.3508791,0.36313975,0.37887853,0.3956868,0.41106337,0.42282978,0.42937025,0.4297469,0.4237415,0.41185308,0.3952609,0.3757437,0.35552678,0.33701003,0.3223392,0.31287232,0.30875272,0.308865,0.31124005,0.31366956,0.3142317,0.31160086,0.30517274,0.2950779,0.28213465,0.26775274,0.2537598,0.24209766,0.23435822,0.23126356,0.232365,0.23618764,0.24072453,0.24396473,0.24424447
33,0.19564474,0.18869421,0.18060876,0.17441657,0.17357406,0.1807418,0.1964415,0.21892688,0.24527149,0.2724542,0.29787955,0.31952557,0.33596984,0.3464006,0.3506377,0.34915778,0.34310624,0.33426574,0.3249252,0.31757483,0.31438506,0.31657952,0.32401052,0.33522123,0.34794745,0.35974067,0.36845204,0.3725165,0.37109128,0.3641124,0.35230875,0.3371789,0.3209053,0.30613583,0.29553673,0.29110202,0.2934638,0.3016602,0.31355983,0.3266174,0.33850607,0.3474536,0.35234362,0.3526925,0.3485739,0.34052694,0.32946482,0.31659013,0.30331573,0.29117888,0.28172207,0.27631158,0.27589765,0.28078765,0.2905473,0.3040917,0.31991243,0.33633387,0.35172614,0.3646624,0.374035,0.37914497,0.37976986,0.37620443,0.36926073,0.36020753,0.35062352,0.34214655,0.33613697,0.33334222,0.3337047,0.3364216,0.34023234,0.3437949,0.34600678,0.34619895,0.34419826,0.34028313,0.33506143,0.3293019,0.3237545,0.31900483,0.31540355,0.3130894,0.3120857,0.31241533,0.3141723,0.3175089,0.32253873,0.329199,0.33713958,0.3456961,0.3539653,0.36095616,0.36576933,0.3677604,0.36665753,0.36261815,0.3562172,0.34836465,0.3401549,0.3326669,0.3267557,0.3228992,0.32115945,0.32127488,0.32283595,0.3254623,0.32890806,0.33306536,0.33788148,0.34323695,0.34884587,0.35422596,0.35875696,0.36180943,0.3629065,0.3618747,0.3589479,0.35479346,0.3504363,0.34706682,0.34575012,0.34710985,0.35110685,0.3570159,0.36360767,0.36944455,0.37317464,0.3737504,0.37055254,0.36343256,0.3526943,0.3390362,0.32346973,0.30722767,0.291668,0.27817267,0.26802924,0.26228318,0.26157016,0.26597634,0.27499327,0.287595,0.3024003,0.31785753,0.33241296,0.3446554,0.35344568,0.35803792,0.3581925,0.3542751,0.34732258,0.33903807,0.33164787,0.3275378,0.32865497,0.33585915,0.348582,0.36501575,0.38267475,0.39899102,0.4117374,0.4192624,0.42059714,0.41549054,0.40440354,0.38847128,0.36942467,0.3494446,0.33090326,0.31595302,0.3060036,0.3012858,0.30077687,0.30257586,0.30450863,0.3046612,0.3017026,0.29502022,0.28474283,0.2717017,0.25734237,0.24355544,0.23236105,0.2254078,0.22340405,0.22580287,0.23099099,0.23684281,0.24127427,0.24258542
34,0.19297267,0.185801,0.17776613,0.17197567,0.17188409,0.17999065,0.19654967,0.21960929,0.2461727,0.2732345,0.29824167,0.31921428,0.33476406,0.3441061,0.34708226,0.34419006,0.33660242,0.3261472,0.31519154,0.30634496,0.30191937,0.30324617,0.31019223,0.3212174,0.33392996,0.3457694,0.35451812,0.3585862,0.35714003,0.35014996,0.33839822,0.32345277,0.3075746,0.29347995,0.283851,0.28059372,0.28414094,0.2932952,0.30575466,0.31891134,0.33046314,0.3387104,0.34262854,0.34182912,0.33647627,0.32719034,0.31495216,0.30101514,0.28682467,0.27393368,0.26388755,0.25804758,0.2573528,0.2620932,0.2718152,0.28542235,0.3014092,0.3181155,0.33393115,0.34744534,0.35755783,0.36356807,0.36524504,0.3628713,0.3572455,0.3496224,0.34156203,0.33467177,0.33026257,0.32901433,0.3307964,0.3347449,0.33956033,0.34388152,0.3465974,0.34703296,0.3450087,0.34079883,0.33501595,0.32845005,0.3218947,0.31600127,0.3112011,0.3077163,0.3056445,0.30506644,0.30611527,0.3089634,0.3137249,0.32031712,0.32835102,0.33710998,0.34563258,0.35287085,0.3578736,0.35995102,0.35879275,0.35452572,0.34770596,0.33924195,0.3302511,0.3218645,0.3150157,0.31027567,0.3077961,0.30738607,0.30868244,0.31132916,0.31508726,0.3198398,0.32550678,0.3319211,0.33873025,0.34537247,0.35114357,0.3553329,0.3573883,0.35706794,0.35454497,0.35043752,0.34574255,0.3416577,0.33930334,0.33940655,0.3420606,0.34666967,0.35210386,0.3569849,0.3599859,0.3600613,0.35658213,0.349385,0.33875707,0.32537857,0.31023994,0.29454717,0.27962357,0.26680708,0.25733408,0.25219867,0.25199616,0.2567941,0.26609138,0.27888933,0.29384091,0.30942327,0.32409748,0.33645087,0.34532687,0.34994912,0.35003942,0.34592316,0.33860648,0.3297883,0.32173845,0.31694752,0.3175131,0.32443637,0.33722112,0.35404813,0.37236872,0.3895388,0.4032625,0.41183022,0.41422176,0.41013724,0.3999878,0.3848562,0.3664191,0.34680608,0.32835135,0.31320027,0.3028021,0.2974713,0.29628548,0.29742476,0.29875824,0.2983803,0.29494676,0.28782475,0.277127,0.26368555,0.24897696,0.23496458,0.22378026,0.21718556,0.21593599,0.2194252,0.22590767,0.23312187,0.23888463,0.24143429
35,0.19166102,0.18444708,0.1766747,0.1715062,0.17233567,0.18143989,0.19879822,0.2222965,0.24891213,0.2756789,0.3000948,0.3202253,0.3347207,0.34283093,0.34443268,0.34006307,0.3309464,0.31898403,0.30664933,0.29668912,0.29155016,0.29262808,0.29973188,0.31116575,0.32436556,0.3366455,0.3457281,0.35001853,0.34871757,0.3418576,0.33030364,0.3157207,0.30046755,0.28732687,0.27896246,0.27713197,0.28201652,0.29216954,0.30513835,0.31827754,0.32932314,0.33665028,0.33932334,0.3370475,0.33008194,0.3191407,0.30529365,0.28987408,0.27439278,0.26044872,0.24960911,0.24322847,0.24220876,0.24678051,0.25642994,0.27002433,0.2860571,0.3028947,0.31896508,0.33289194,0.3435981,0.3503921,0.35303968,0.35181087,0.34748563,0.34129423,0.33476445,0.32945913,0.3266306,0.32689196,0.33005202,0.33520585,0.341035,0.34617287,0.3495049,0.35034674,0.34850228,0.34422612,0.3381169,0.33096677,0.32359716,0.31671712,0.31084102,0.30628702,0.30324522,0.30187154,0.302348,0.30486605,0.30952942,0.3162196,0.3244945,0.33357742,0.3424489,0.35001004,0.3552664,0.35749024,0.35633644,0.35189983,0.34470993,0.33566096,0.32587844,0.31653398,0.308639,0.3028723,0.29950455,0.29845145,0.2994264,0.30211276,0.3062743,0.31176314,0.31843883,0.32605132,0.33415332,0.34208938,0.34907225,0.3543228,0.35723323,0.3575138,0.35529312,0.35114825,0.34604454,0.3411716,0.33768177,0.33638346,0.33749145,0.34054446,0.34452978,0.3481513,0.3501279,0.34943253,0.34543738,0.33797047,0.32730475,0.31410134,0.29932618,0.28415415,0.2698699,0.25776654,0.24903357,0.2446234,0.24510284,0.25052986,0.2604112,0.2737654,0.28926155,0.3053831,0.3205839,0.33343026,0.34273273,0.34767327,0.34792644,0.34376994,0.33617017,0.3268089,0.31798396,0.31228173,0.31196326,0.31821412,0.33066994,0.34754944,0.36626437,0.38409558,0.398667,0.40819645,0.4116003,0.40852213,0.39932078,0.38502833,0.36727124,0.34813,0.329897,0.3146961,0.3039924,0.29815963,0.29636064,0.29685396,0.29755524,0.2965698,0.2925389,0.28480324,0.27345097,0.259305,0.24386533,0.22917092,0.21748966,0.21074899,0.20981842,0.2140814,0.22167282,0.23017992,0.23729447,0.24116793
36,0.19198188,0.18495025,0.17764756,0.17324929,0.1750348,0.18503943,0.20301534,0.22675708,0.25325957,0.27960804,0.30334866,0.3225862,0.33600578,0.3428928,0.34316474,0.33741036,0.3269234,0.31370148,0.3003465,0.28975397,0.28448972,0.28596237,0.2938523,0.30625185,0.32040167,0.3334953,0.34321165,0.34796923,0.34701988,0.34047318,0.32928982,0.31523976,0.30077574,0.28872475,0.28169385,0.28126213,0.28736764,0.29836234,0.311694,0.3247059,0.33517125,0.34152246,0.3428906,0.33905506,0.33035725,0.31760147,0.30195355,0.28484368,0.2678726,0.25271073,0.24096395,0.23397802,0.23259346,0.23694426,0.24642442,0.25985098,0.27572054,0.2924414,0.3084983,0.3225673,0.3336083,0.3409482,0.3443538,0.34408182,0.34088784,0.33596846,0.33080867,0.32691914,0.3254939,0.32709116,0.33148056,0.33774027,0.3445522,0.35055506,0.35463282,0.35608652,0.35469258,0.35067064,0.34458622,0.3372121,0.32937565,0.3218249,0.31514558,0.309749,0.30592284,0.30390638,0.303937,0.30622688,0.31086698,0.31770054,0.32623398,0.33563828,0.344849,0.35273153,0.3582623,0.36068672,0.35963115,0.3551589,0.3477669,0.33832204,0.32793844,0.31780544,0.3089921,0.3022753,0.2980495,0.29635355,0.29699644,0.29971212,0.3042644,0.31045905,0.31807414,0.3267592,0.33596596,0.34495267,0.35286826,0.35889116,0.36238557,0.36303917,0.3609558,0.35668215,0.35115108,0.34552857,0.34097,0.3383287,0.33790895,0.33936682,0.3418072,0.34402922,0.3448161,0.34317675,0.3384985,0.3306103,0.31977603,0.30663943,0.29214114,0.2774231,0.26373056,0.2523139,0.24432221,0.24067609,0.24192429,0.24812058,0.2587765,0.27291593,0.28920665,0.30611998,0.32208687,0.3356417,0.34555703,0.3509728,0.35152003,0.34743378,0.33964324,0.32980806,0.32023692,0.31358472,0.31225166,0.31760707,0.32944712,0.34606916,0.36487743,0.38309327,0.39826438,0.4085352,0.41275877,0.41052538,0.40214893,0.38862208,0.37153375,0.3529261,0.3350523,0.32000265,0.30922842,0.30312285,0.30089852,0.30087158,0.3009986,0.2993985,0.2947026,0.28622818,0.27403855,0.2589434,0.24245901,0.22669426,0.21406095,0.2066877,0.20561779,0.21027851,0.21870694,0.22833116,0.23669732,0.24184985
37,0.19382297,0.18719861,0.18052024,0.17692775,0.17955303,0.19021967,0.2085394,0.232294,0.25853062,0.28438845,0.3074519,0.32585317,0.33830258,0.34411514,0.34324783,0.3363447,0.32477742,0.3106517,0.2967079,0.28598765,0.28114846,0.2835603,0.29272336,0.30649522,0.32192943,0.33611956,0.34671876,0.35216844,0.35177398,0.34571856,0.33504957,0.32162514,0.30796638,0.29691288,0.29099593,0.29163787,0.2986048,0.31013364,0.32363048,0.33644265,0.3463646,0.3518559,0.3520812,0.34686387,0.33660316,0.32217675,0.30483845,0.286116,0.26770818,0.2513677,0.23874508,0.23117112,0.2294062,0.23346592,0.24263968,0.25569546,0.27114403,0.28745055,0.30317178,0.3170496,0.32809174,0.335651,0.3394987,0.3398777,0.33751512,0.33356795,0.32947344,0.32669064,0.32636538,0.3290209,0.33441284,0.34162545,0.3493562,0.3562555,0.36120465,0.36348385,0.36283192,0.3594201,0.35376388,0.34659603,0.33872634,0.33091706,0.32380283,0.31787124,0.313498,0.31100297,0.31068066,0.3127688,0.31735343,0.3242519,0.33293647,0.34254658,0.35199422,0.3601282,0.36591154,0.3685742,0.36772102,0.3633862,0.3560313,0.34648627,0.3358363,0.32526284,0.31586152,0.30847675,0.30360407,0.30139458,0.3017515,0.30446103,0.30928683,0.31598634,0.3242562,0.3336532,0.34354556,0.35313106,0.36152473,0.36789295,0.3715997,0.37233394,0.37019336,0.36570626,0.3597752,0.35353196,0.34810874,0.3443651,0.34265164,0.34270635,0.34373233,0.34462142,0.34422973,0.34161544,0.3361941,0.32780614,0.31671336,0.30354628,0.2892224,0.2748523,0.26164463,0.25081277,0.24347392,0.24052712,0.24251127,0.24947861,0.26094052,0.27591535,0.29305634,0.31081125,0.32758108,0.34186685,0.35240722,0.35830936,0.35917345,0.35520616,0.34731132,0.33713034,0.3269705,0.31952065,0.31727013,0.3217282,0.33283794,0.34899315,0.3676219,0.38591442,0.4013632,0.41205505,0.41679326,0.41512954,0.40734932,0.39442384,0.3779231,0.35986635,0.34247416,0.32779363,0.31723225,0.3111568,0.30878222,0.30844876,0.30813995,0.30598938,0.3006272,0.29135808,0.2782291,0.26204035,0.244321,0.2272395,0.21334217,0.20496729,0.20336871,0.20806511,0.21702471,0.2275201,0.23694256,0.24321891
38,0.19674413,0.19071059,0.18472964,0.18186253,0.18508919,0.19608591,0.2144242,0.23794505,0.26377407,0.2891027,0.31154168,0.32923675,0.34091073,0.34589744,0.34418523,0.33646777,0.32419142,0.3095668,0.29546544,0.28505597,0.2810527,0.28474802,0.29544514,0.3107837,0.32766375,0.34310675,0.3547523,0.36106268,0.3613836,0.355951,0.34587067,0.33305472,0.3200559,0.30970153,0.30445787,0.30565533,0.3129902,0.3246767,0.33812788,0.35070008,0.36018753,0.36504492,0.36443603,0.3581956,0.3467518,0.33103123,0.3123562,0.2923383,0.27276522,0.25546575,0.24212845,0.23406048,0.23193455,0.2356472,0.24439074,0.25689548,0.27169657,0.287324,0.30241367,0.31578028,0.3264863,0.33391616,0.3378493,0.3385161,0.3366145,0.3332609,0.3298465,0.32778686,0.328196,0.33158517,0.33771977,0.34570822,0.35427347,0.3620796,0.36800238,0.371295,0.37165043,0.36918092,0.36433822,0.3577975,0.35032886,0.3426832,0.33551696,0.32936922,0.32468453,0.32185262,0.3212235,0.3230678,0.32748285,0.3342828,0.34293243,0.3525662,0.36209565,0.37037155,0.3763568,0.3792752,0.3787163,0.3746884,0.3676172,0.35829058,0.34775248,0.33715466,0.32758757,0.31992427,0.31472206,0.31221205,0.31237096,0.3150286,0.31995007,0.32685483,0.33537737,0.34500876,0.3550662,0.3647206,0.3730848,0.3793405,0.3828746,0.3833964,0.38101298,0.37624553,0.36997163,0.36328435,0.3572751,0.35277742,0.35014626,0.349159,0.34908423,0.34888846,0.3474961,0.3440188,0.33790815,0.3290241,0.3176334,0.30435872,0.2900992,0.2759393,0.26305804,0.25264096,0.24578422,0.24337542,0.24594994,0.25355887,0.2657082,0.28140274,0.2992736,0.31774136,0.33517814,0.35005802,0.36109665,0.36738312,0.36850405,0.3646556,0.35673255,0.34636652,0.33585644,0.32789332,0.32499665,0.32874697,0.33918557,0.35479292,0.3730418,0.391125,0.40651304,0.41726443,0.42215857,0.42073223,0.41326508,0.40072918,0.3846961,0.36717844,0.3503713,0.3362703,0.32621092,0.32048848,0.3182716,0.3178874,0.3173283,0.3147425,0.3087697,0.29871732,0.28463086,0.2673114,0.2483028,0.22982344,0.21453424,0.20496647,0.20259026,0.20704381,0.21625508,0.22735615,0.23758847,0.2447633
39,0.20011637,0.19479193,0.18949874,0.18718892,0.19070777,0.20166135,0.21967447,0.24270853,0.26798913,0.29275897,0.31464484,0.3317933,0.34292588,0.3473815,0.34516585,0.33700794,0.3244134,0.3096795,0.2957849,0.28599334,0.2830431,0.28813416,0.30039364,0.31729025,0.33561596,0.35234568,0.3651096,0.37237868,0.37351584,0.36877793,0.35929093,0.34697962,0.33439258,0.3243318,0.31922927,0.32040328,0.32758158,0.3390366,0.3522274,0.36452192,0.3736964,0.37817347,0.37708658,0.37025192,0.35809758,0.34157127,0.32203794,0.3011691,0.28082,0.26287732,0.24905382,0.2406275,0.2381897,0.24153547,0.24978022,0.26163003,0.27564818,0.29042792,0.3046818,0.31729743,0.3273945,0.33439302,0.33808482,0.33869123,0.33688417,0.33374316,0.33062056,0.32890093,0.32968485,0.33349293,0.3401192,0.3487087,0.3580147,0.36671475,0.3736758,0.3781194,0.37968707,0.37842467,0.37471026,0.36914745,0.3624481,0.3553286,0.348441,0.34234968,0.3375463,0.33447665,0.33354348,0.3350595,0.33915234,0.34565932,0.3540657,0.3635265,0.37297302,0.3812723,0.38739684,0.39057073,0.39037257,0.3867878,0.38020742,0.37137514,0.36128592,0.35104614,0.3417148,0.3341576,0.3289519,0.32636914,0.32642993,0.3289931,0.33382684,0.340629,0.34899974,0.35839862,0.36812714,0.377362,0.3852409,0.39098236,0.3940131,0.3940766,0.39130118,0.38621095,0.3796651,0.37271878,0.3664135,0.36153513,0.3584094,0.3568138,0.3560459,0.3551201,0.3530139,0.34888688,0.3422271,0.33291766,0.32123503,0.30779973,0.29349902,0.27939945,0.2666606,0.25645185,0.24985985,0.2477697,0.2507172,0.25875098,0.27136695,0.28755164,0.30591264,0.32484615,0.34270322,0.35794285,0.3692726,0.3757803,0.37705693,0.37330568,0.36542696,0.3550513,0.34446436,0.3363318,0.33314803,0.33649105,0.3464359,0.36151993,0.37926862,0.39690822,0.41192544,0.42238703,0.42708126,0.42555878,0.41811922,0.4057583,0.39006862,0.3730706,0.35693914,0.34360966,0.33431974,0.3292534,0.32748964,0.3273089,0.32669628,0.32381457,0.3173246,0.30655304,0.29156095,0.27316374,0.25292614,0.23310992,0.21646883,0.20569597,0.20245631,0.20651038,0.21576515,0.2272335,0.23802453,0.24584866
40,0.2032829,0.19871642,0.1940364,0.1920678,0.19554801,0.20608383,0.22343142,0.24572335,0.2703058,0.2944748,0.31586683,0.33261862,0.34343755,0.34765238,0.34526843,0.3370292,0.32447463,0.30995864,0.29653114,0.28751487,0.2856493,0.29205307,0.3057247,0.32402217,0.3436741,0.3616283,0.3755039,0.3837641,0.38576227,0.38174185,0.37280944,0.36086223,0.34841368,0.3382343,0.33275563,0.33335567,0.33987918,0.35072407,0.3634302,0.3753843,0.3843343,0.38865227,0.38741815,0.3804046,0.3680127,0.35118347,0.33129537,0.31005082,0.28934476,0.27109763,0.25703132,0.24839392,0.2457121,0.24870695,0.25644213,0.26761183,0.28080678,0.2946751,0.3079971,0.31972745,0.32904124,0.33539572,0.33859873,0.3388671,0.33685198,0.33360296,0.3304429,0.32873872,0.32959414,0.33355576,0.34045932,0.34949344,0.3594436,0.36899963,0.37701756,0.38268536,0.3855905,0.38570884,0.3833386,0.37900212,0.37333897,0.36701232,0.3606477,0.35481185,0.35002354,0.34677193,0.34550995,0.34660086,0.35022098,0.35625425,0.3642305,0.37334567,0.38256556,0.390783,0.3969859,0.4004022,0.40060252,0.39755183,0.39160842,0.3834717,0.37408385,0.3644956,0.3557156,0.34857392,0.34363306,0.34116906,0.34121794,0.34365243,0.34824502,0.3546883,0.36257467,0.3713638,0.38037235,0.38880885,0.39585605,0.4007841,0.4030705,0.40250164,0.3992352,0.39380595,0.38706183,0.380024,0.3736818,0.36876142,0.36553654,0.3637539,0.36270759,0.36143142,0.3589358,0.35441607,0.34739134,0.337767,0.32583153,0.31220797,0.29777893,0.28360248,0.27083,0.26062635,0.25407878,0.25207588,0.2551552,0.26336026,0.27617356,0.29256234,0.31111425,0.33020964,0.34819105,0.36351746,0.37490493,0.3814568,0.3827842,0.37911165,0.37135616,0.36115193,0.35076496,0.34281135,0.3397124,0.3429778,0.35265312,0.36729622,0.38448453,0.40150264,0.41588965,0.42575794,0.42993855,0.42802536,0.42036295,0.40799147,0.3925414,0.37605196,0.36068043,0.34829253,0.34000456,0.33585578,0.33480117,0.33504894,0.33456558,0.33153054,0.32463703,0.31324646,0.29745135,0.2780945,0.25676823,0.23577419,0.21794003,0.20608659,0.20203732,0.20565623,0.21483488,0.22648774,0.23761699,0.24585605
41,0.2056908,0.20186983,0.19768701,0.19583063,0.1989551,0.20872347,0.225083,0.24637982,0.2701018,0.2936041,0.3145302,0.33099943,0.34169376,0.34591696,0.3436547,0.33564082,0.32341942,0.30936453,0.2965577,0.2883466,0.287462,0.2949697,0.30979797,0.32925308,0.3500384,0.36908904,0.38400957,0.39323997,0.39609978,0.39278787,0.3843559,0.372638,0.36008564,0.34943178,0.34313205,0.34267837,0.3480987,0.3579732,0.36995766,0.38147104,0.39023143,0.3945498,0.3934368,0.3866017,0.3743955,0.35772607,0.3379566,0.3167898,0.29613024,0.27790648,0.26383442,0.25513414,0.2522873,0.2549706,0.26222166,0.27273563,0.28512973,0.29809812,0.31047797,0.3212819,0.32973546,0.33533177,0.33789647,0.33764595,0.33521596,0.33163306,0.32819974,0.3262764,0.3269821,0.33090046,0.33791596,0.34726346,0.35776043,0.36810812,0.3771517,0.38404652,0.38832727,0.38990012,0.38898146,0.38600728,0.38153565,0.37616324,0.3704725,0.3650146,0.3603197,0.35690963,0.35528535,0.35586753,0.3588952,0.36431685,0.37172416,0.38036755,0.38925612,0.39731315,0.40354404,0.40718216,0.40779182,0.4053199,0.40009436,0.39277226,0.38424227,0.375494,0.3674739,0.36095697,0.35646558,0.3542536,0.3543501,0.35662973,0.3608703,0.36677223,0.37394175,0.3818631,0.3898907,0.3972832,0.40328106,0.40721416,0.40861574,0.40731913,0.40351555,0.39775595,0.39088348,0.38389122,0.377719,0.37302917,0.37003028,0.36841735,0.3674554,0.36617315,0.36359358,0.35893333,0.351734,0.34191942,0.32979026,0.31597564,0.30135995,0.28700152,0.27405336,0.26368505,0.2569909,0.25486562,0.25784713,0.26597103,0.2787049,0.29499966,0.31343088,0.3323755,0.35018286,0.36532846,0.3765531,0.3829905,0.38428482,0.3806915,0.37314978,0.36329737,0.3533716,0.34591588,0.34323874,0.3467283,0.35634893,0.37064704,0.38724834,0.40351504,0.41706935,0.4261025,0.42951852,0.42698056,0.41889924,0.4063764,0.391093,0.37511483,0.36058196,0.34928066,0.34218562,0.33916485,0.33902442,0.33988416,0.3396865,0.3366322,0.3294571,0.3175705,0.30110872,0.28095165,0.25872424,0.23676507,0.21796092,0.20523058,0.20051718,0.20375755,0.21282089,0.22453937,0.2358358,0.2442952
42,0.20697261,0.20383537,0.20001245,0.19805026,0.20053768,0.2092304,0.22430906,0.2443684,0.26705912,0.2898043,0.31025472,0.32650763,0.3372107,0.3416295,0.339712,0.3321581,0.3204853,0.30705115,0.29493052,0.28746837,0.28738633,0.29573253,0.3114207,0.3317554,0.3534452,0.3734239,0.38927978,0.3994184,0.40310702,0.40047526,0.392491,0.38089576,0.36805505,0.35665393,0.34918344,0.34728304,0.3512122,0.35978192,0.37079993,0.38173714,0.39028782,0.39469847,0.39390105,0.3875271,0.37585887,0.3597483,0.34051663,0.31983757,0.29959568,0.28170228,0.26785192,0.25923726,0.2563122,0.25873536,0.26554286,0.27544498,0.28708857,0.29920825,0.31068876,0.3205915,0.32818562,0.33299652,0.33486712,0.33401537,0.33106548,0.3270264,0.3231868,0.32090795,0.32133123,0.3250819,0.33209485,0.3416501,0.35259554,0.36364377,0.37363142,0.38168544,0.38729283,0.39029437,0.39082718,0.38924062,0.38600737,0.38165012,0.37669742,0.37167272,0.36710566,0.36354297,0.3615311,0.36155203,0.36391646,0.36864817,0.37541053,0.3835147,0.3920159,0.3998679,0.40609285,0.4099292,0.41093594,0.40904436,0.40455583,0.39808854,0.39047998,0.38265783,0.3755007,0.36971763,0.365775,0.3638872,0.3640615,0.36616665,0.36998707,0.37524074,0.38156298,0.3884791,0.39539582,0.40163165,0.40649018,0.40936247,0.409837,0.40779316,0.40345627,0.39739645,0.39045757,0.3836121,0.37775654,0.3734915,0.37095582,0.36978057,0.36918443,0.36817205,0.3657616,0.3611776,0.3539748,0.34409034,0.33183604,0.31784922,0.30302086,0.28841615,0.27519646,0.26454127,0.25755453,0.2551361,0.25782156,0.26563615,0.27803373,0.29395494,0.31197453,0.33048072,0.34784585,0.3625781,0.37345734,0.37965968,0.3808708,0.37738207,0.3701557,0.36082798,0.35159558,0.3449079,0.3429286,0.34688511,0.35662425,0.3706589,0.38666102,0.40208527,0.41466087,0.4226836,0.42515436,0.4218251,0.41318837,0.40041953,0.38525906,0.3698044,0.3561778,0.3460774,0.3403201,0.33858323,0.33950832,0.34111896,0.34133396,0.33838123,0.33104846,0.31880185,0.3018295,0.28105336,0.25813222,0.23543778,0.21590431,0.20252638,0.19733423,0.20030539,0.20927212,0.22099453,0.23234147,0.24087799
43,0.20698045,0.20442657,0.20081823,0.19855683,0.20017366,0.2075353,0.22108164,0.2396833,0.2611741,0.28305504,0.30298647,0.3190412,0.32982635,0.33455908,0.33313447,0.3261976,0.31521198,0.30248618,0.291056,0.28424257,0.28476253,0.29367864,0.30993533,0.33087358,0.35323018,0.3739482,0.39060092,0.40155426,0.40601182,0.4040175,0.3964344,0.3848884,0.37163767,0.35930482,0.35041386,0.34676662,0.34888566,0.35585314,0.36566517,0.37586853,0.38414526,0.38867974,0.38832128,0.38261467,0.3717598,0.35653436,0.33819503,0.3183604,0.29886782,0.28158686,0.26817468,0.25979382,0.25688228,0.2591019,0.26550928,0.27484614,0.285796,0.29713356,0.30778545,0.31685427,0.3236454,0.32771155,0.3289104,0.32746115,0.32397848,0.31945658,0.31517386,0.31249547,0.31258658,0.31611302,0.32305628,0.3327371,0.34403095,0.35566258,0.36646453,0.37554267,0.38234496,0.38665518,0.38853833,0.38826174,0.38621435,0.382843,0.37861744,0.37402615,0.36959073,0.3658766,0.3634728,0.3629232,0.3646133,0.36864588,0.37475783,0.38232043,0.39043173,0.39807206,0.40427685,0.408288,0.40966,0.40831167,0.4045226,0.39887786,0.3921691,0.38526553,0.37897843,0.3739471,0.37057492,0.3690277,0.36928332,0.37120065,0.37457246,0.37914115,0.3845806,0.39046648,0.39626408,0.40135425,0.40510184,0.40695435,0.40654957,0.40380758,0.39898485,0.39267138,0.3857168,0.37908107,0.37362698,0.36990085,0.367974,0.3674092,0.36736894,0.36682078,0.3647652,0.3604232,0.35335448,0.34350455,0.33119425,0.31707,0.30203223,0.2871565,0.2736157,0.2626006,0.25522327,0.25238562,0.25461724,0.26193216,0.27377412,0.2890822,0.30644336,0.3242723,0.34097978,0.3551205,0.36552477,0.37141904,0.37253484,0.36919987,0.36239555,0.35374877,0.34540212,0.3396921,0.3386136,0.3432085,0.35318536,0.36701283,0.38241023,0.39693567,0.40844172,0.41534588,0.41676104,0.41254014,0.4032666,0.3901963,0.3751345,0.36021402,0.3475395,0.33871552,0.33438978,0.33403695,0.3361266,0.33858517,0.339312,0.3365685,0.32920045,0.316736,0.2994176,0.27820912,0.25480005,0.231589,0.21154848,0.19773489,0.19224443,0.19506957,0.20398955,0.21569717,0.227028,0.23555177
44,0.2057847,0.20368324,0.20014317,0.1974193,0.1979853,0.20382105,0.21563622,0.23259613,0.2527351,0.27364162,0.29298854,0.30882326,0.31970885,0.32480752,0.32395092,0.3177137,0.3074846,0.29549804,0.2847262,0.27845114,0.27938882,0.2886403,0.30521142,0.32650492,0.3493024,0.370566,0.3878592,0.39950883,0.40465122,0.4032362,0.3960097,0.38446638,0.37073937,0.35737175,0.34690756,0.34130898,0.3413775,0.34649763,0.3548879,0.3641971,0.37210962,0.37675387,0.3768968,0.37199253,0.36215013,0.34806,0.3308967,0.31220233,0.2937434,0.2773252,0.2645509,0.25654668,0.25374073,0.25581387,0.2618626,0.2706769,0.2809879,0.291614,0.30152172,0.30984923,0.31593177,0.3193434,0.31995258,0.31797814,0.31402498,0.30907357,0.30439264,0.30135033,0.30113193,0.3044372,0.3112855,0.3210304,0.33257097,0.34464526,0.3560882,0.36599445,0.3737848,0.37919846,0.3822396,0.38310313,0.38210118,0.37960845,0.3760364,0.37183613,0.367517,0.36365855,0.36088857,0.35981002,0.3608806,0.36427858,0.36980864,0.3768944,0.38466832,0.39212924,0.3983205,0.40248507,0.40417385,0.40329713,0.40011898,0.39519936,0.38929227,0.38321632,0.37772113,0.3733795,0.37053198,0.36929426,0.36961272,0.37133628,0.3742681,0.37817925,0.3827866,0.3877189,0.3924992,0.39656594,0.39933673,0.40030512,0.39914733,0.39581487,0.39058942,0.38407966,0.3771452,0.370743,0.36571446,0.36256364,0.36130244,0.3614276,0.36204204,0.36206904,0.36048242,0.35649148,0.349654,0.33991936,0.32761523,0.31339678,0.2981746,0.28303552,0.26916376,0.25775924,0.24993815,0.24659956,0.24826407,0.25493518,0.2660522,0.28056312,0.29708037,0.3140591,0.32996145,0.34339896,0.35325953,0.35882345,0.3598681,0.356754,0.35047495,0.34263855,0.33532065,0.3307301,0.33067873,0.33601138,0.34629232,0.35994515,0.37474036,0.38834643,0.39874747,0.40449062,0.4048067,0.39965352,0.3897077,0.3763074,0.36132544,0.34693375,0.33522242,0.3277018,0.3248459,0.3259217,0.32922632,0.33259305,0.3339075,0.33146963,0.32418594,0.3116467,0.29414597,0.27268443,0.24897449,0.22543302,0.20506261,0.19097549,0.18532664,0.18811005,0.19703904,0.20874,0.2200294,0.22849979
45,0.20364888,0.20184422,0.19822773,0.19490853,0.19429752,0.19847801,0.2084261,0.22361079,0.24227941,0.26211497,0.2808051,0.2963715,0.3073321,0.31279147,0.31251276,0.30699176,0.2975297,0.28627115,0.27610874,0.2702758,0.27148902,0.28089967,0.29758987,0.31903645,0.3420761,0.3636991,0.38146734,0.3936747,0.3993936,0.39847964,0.3915581,0.37998477,0.36575603,0.35131872,0.33921736,0.3315594,0.3294257,0.332523,0.3393217,0.3475971,0.35505128,0.3597646,0.36042508,0.35639614,0.34769282,0.33491096,0.31913137,0.3018038,0.28460506,0.2692568,0.25729194,0.24979183,0.24717617,0.24915563,0.254883,0.26321295,0.27293673,0.28292298,0.29217854,0.29987344,0.30536693,0.3082486,0.30839318,0.3060163,0.30171195,0.29644632,0.29147717,0.28817153,0.28772682,0.29086462,0.2976287,0.30739453,0.3190793,0.33143622,0.34331027,0.3537971,0.36230475,0.36854327,0.3724716,0.37422636,0.37405494,0.37226892,0.36922675,0.365344,0.36111665,0.357135,0.35406074,0.35254967,0.35312364,0.3560257,0.3611153,0.36785412,0.37539518,0.38274536,0.38894898,0.39324763,0.3951902,0.39468327,0.3919832,0.38763443,0.3823645,0.37695286,0.37209836,0.36831632,0.3658913,0.36489326,0.36524028,0.3667736,0.3693094,0.37264904,0.3765525,0.38069823,0.38465986,0.3879218,0.38994047,0.3902398,0.3885197,0.38475087,0.3792319,0.3725876,0.3656914,0.35950735,0.35487035,0.3522581,0.35163635,0.35244384,0.35372588,0.3543589,0.35328522,0.3496966,0.34314406,0.33357704,0.32132775,0.3070587,0.29168978,0.27631786,0.26213568,0.2503477,0.24206868,0.23818973,0.23922022,0.24515545,0.2554377,0.2690347,0.2845964,0.30062976,0.31565714,0.3283527,0.33766413,0.34292448,0.34395295,0.34113622,0.33547196,0.32853863,0.32233545,0.31893528,0.3199625,0.3260668,0.33667427,0.35017025,0.36438072,0.37708637,0.38640296,0.39100555,0.39023992,0.38416472,0.37354544,0.35979992,0.34486938,0.33097,0.32018512,0.31393737,0.31252998,0.31502476,0.31955102,0.3238556,0.32581553,0.323771,0.3166876,0.30421296,0.2866852,0.26513195,0.24127723,0.21754436,0.196958,0.18268679,0.17695245,0.17975342,0.18873172,0.20044559,0.21169911,0.22011718
46,0.2009887,0.19930623,0.19547097,0.19145104,0.18958822,0.19205146,0.20006762,0.21340762,0.23053709,0.24923666,0.2672084,0.28244802,0.29342914,0.29919994,0.29945582,0.2946126,0.28588083,0.27530962,0.26570576,0.26024878,0.26165372,0.2711209,0.28780708,0.30926317,0.33238477,0.3541985,0.3722748,0.38488522,0.3910475,0.3905308,0.38384435,0.3722065,0.35747266,0.34198105,0.3282553,0.3185238,0.31413335,0.31511986,0.320226,0.3273739,0.33429626,0.33903274,0.3401973,0.33706614,0.3295617,0.3181839,0.30391446,0.28810135,0.27231863,0.25818932,0.24716207,0.240264,0.2379051,0.23983292,0.24526966,0.2531497,0.26233658,0.27175632,0.28045765,0.28763974,0.29268062,0.29517975,0.29501352,0.29239148,0.28789544,0.28247643,0.2773785,0.27396122,0.27342197,0.27648753,0.2832083,0.2929678,0.30469543,0.31716156,0.32923004,0.34001082,0.34891543,0.35564297,0.3601256,0.36246005,0.36284548,0.36154407,0.35887122,0.35521248,0.351052,0.34698826,0.34371096,0.3419192,0.34218538,0.34479982,0.34965658,0.35623506,0.36369157,0.37102848,0.37728432,0.3816978,0.38381818,0.38355434,0.38116342,0.37718534,0.37233436,0.36736527,0.36294118,0.35953426,0.35738537,0.35652846,0.35686037,0.35821936,0.3604368,0.36334395,0.36673948,0.37034288,0.37376484,0.3765188,0.3780807,0.377986,0.37594092,0.37192124,0.3662333,0.3595144,0.35265514,0.34663722,0.3423051,0.3401291,0.3400463,0.3414499,0.34333426,0.34453067,0.34394798,0.34075728,0.3344993,0.32512057,0.3129556,0.2986724,0.2831983,0.2676371,0.2531858,0.24104775,0.23233005,0.2279112,0.22828825,0.23345225,0.24285644,0.25549838,0.27007505,0.2851525,0.29931703,0.31130585,0.3201236,0.32515064,0.3262404,0.3237972,0.3188137,0.3128314,0.30776742,0.30555806,0.307647,0.3145023,0.32542768,0.3387811,0.35244688,0.3643138,0.37262097,0.37616107,0.3743837,0.3674369,0.35616538,0.34206015,0.3271303,0.3136436,0.30369052,0.29862088,0.29857928,0.30243167,0.30814824,0.31339592,0.31604558,0.31447515,0.30770278,0.29542378,0.27800903,0.25649995,0.23261783,0.2087781,0.18801789,0.17356673,0.1677352,0.17054878,0.17958409,0.1913282,0.20257103,0.21096973
47,0.19832005,0.19657421,0.19238167,0.18757959,0.1844367,0.18518667,0.19128214,0.20278251,0.21836819,0.23591433,0.253134,0.26799572,0.2789307,0.28493568,0.28564444,0.28139943,0.27332655,0.26338452,0.25429732,0.24919027,0.25077003,0.26027167,0.2769093,0.2982962,0.32138526,0.34324607,0.36146885,0.37431628,0.3807654,0.3805125,0.37396368,0.3622099,0.3469703,0.33046973,0.31519288,0.3034607,0.2968608,0.29575077,0.29915398,0.30515087,0.31151238,0.3162421,0.3178848,0.31563535,0.30932936,0.29937494,0.28665602,0.27241617,0.2581204,0.24528362,0.23526037,0.22901605,0.22694887,0.22884804,0.2340152,0.24147634,0.2501775,0.25910792,0.26735938,0.27415738,0.27889368,0.28117242,0.28086743,0.27817994,0.27367875,0.26829892,0.2632677,0.25992864,0.25946367,0.26258367,0.26932478,0.27906358,0.2907358,0.303132,0.31514397,0.32590953,0.33486056,0.3417043,0.34636712,0.34892717,0.34955582,0.34848356,0.34599665,0.3424595,0.3383479,0.3342671,0.33092734,0.32905796,0.3292628,0.33185533,0.33673778,0.34338245,0.3509299,0.3583659,0.36471832,0.36922306,0.37143382,0.3712682,0.3689929,0.36515456,0.36046788,0.35567936,0.35143447,0.34818056,0.3461317,0.34529996,0.34557107,0.34678656,0.3487948,0.35145375,0.35459235,0.35795704,0.36117682,0.3637726,0.36521766,0.36503816,0.36292893,0.35885733,0.35312828,0.34638804,0.33954695,0.33361363,0.32945818,0.3275634,0.3278577,0.32970515,0.33205965,0.33371222,0.33353943,0.3306905,0.3246938,0.31549087,0.3034165,0.28914228,0.27360025,0.25789773,0.2432311,0.23079677,0.22168833,0.21676795,0.2165206,0.2209378,0.22949159,0.24121739,0.25486508,0.2690617,0.2824559,0.29384252,0.30227557,0.30717343,0.3084142,0.30641043,0.30214223,0.29710934,0.29314736,0.292064,0.29513946,0.30268362,0.31389982,0.3271308,0.34031847,0.35144934,0.35887006,0.36147338,0.35879484,0.3510554,0.3391646,0.32467705,0.30966803,0.2964663,0.28718898,0.2831374,0.2843192,0.28942055,0.2962633,0.3024395,0.3058118,0.30478823,0.29842806,0.28646123,0.26927745,0.24791737,0.22408397,0.20016867,0.17920837,0.16449697,0.158466,0.16121143,0.17026593,0.18204297,0.19330819,0.20174034
48,0.19619797,0.19420499,0.18952572,0.18388243,0.17947258,0.17857532,0.18283802,0.19258432,0.2066954,0.22313087,0.2396073,0.25406343,0.2648911,0.27104297,0.2721022,0.26835117,0.26084578,0.2514692,0.24287458,0.23813665,0.2399424,0.24953492,0.26615506,0.28745806,0.31044817,0.33224285,0.35046336,0.36337775,0.369939,0.3697886,0.3632483,0.3512999,0.33554074,0.31808716,0.3013744,0.28778931,0.27912772,0.27604654,0.2778427,0.28275418,0.28858915,0.2933152,0.29541165,0.29399952,0.28883705,0.2802499,0.2690315,0.25632554,0.24348867,0.23192562,0.22289275,0.2172906,0.21550523,0.2173712,0.22227654,0.22934677,0.23761666,0.2461416,0.2540556,0.2606068,0.26519573,0.26742622,0.26716632,0.26460743,0.26030537,0.25517878,0.25043425,0.24738859,0.24718958,0.2505087,0.25734586,0.26705706,0.27858067,0.2907311,0.3024373,0.31287718,0.32151854,0.32809532,0.33254954,0.33496386,0.33550492,0.33439267,0.331901,0.32838508,0.32431775,0.32030928,0.31708178,0.31537774,0.31580776,0.31867823,0.32386845,0.33081758,0.33863243,0.34627387,0.35275763,0.35731995,0.35952422,0.35930327,0.3569412,0.35300112,0.348211,0.34332526,0.33899108,0.33565193,0.33351538,0.33258867,0.33275926,0.33387887,0.33581352,0.33844206,0.34161082,0.34507442,0.34845737,0.35126358,0.3529409,0.35298654,0.35106906,0.34713644,0.34148547,0.33476815,0.3279159,0.3219711,0.3178422,0.31604272,0.31651244,0.3186047,0.32124656,0.32319698,0.3233039,0.32069564,0.3148876,0.30581534,0.29381242,0.27955225,0.26396915,0.24817055,0.2333478,0.22068526,0.21125847,0.20591083,0.20511638,0.20887184,0.21667436,0.22760206,0.24045871,0.25392884,0.2667158,0.27766207,0.28585947,0.29075286,0.29223445,0.29071668,0.28716174,0.28302732,0.28007394,0.27999678,0.28393796,0.2920799,0.3035505,0.31668797,0.3294869,0.34001526,0.346706,0.34852916,0.34508464,0.33664662,0.3241728,0.30926973,0.29407573,0.28098983,0.27217928,0.26892886,0.27113977,0.27734095,0.28521812,0.29229003,0.2964043,0.29598647,0.29012197,0.2785602,0.26169524,0.24055341,0.21680538,0.19280253,0.17156518,0.15644792,0.15003562,0.15255603,0.1615388,0.17332588,0.18464135,0.1931653
49,0.1951487,0.19274507,0.18746945,0.18095109,0.17532536,0.17290302,0.1754933,0.18365034,0.1964318,0.21186474,0.2276583,0.24171765,0.25239852,0.2586189,0.25992548,0.2565589,0.24952677,0.24065928,0.23255786,0.22825271,0.23039493,0.24019912,0.25689393,0.27815214,0.30102184,0.32267174,0.3407632,0.3535828,0.36007595,0.35984936,0.3531632,0.34091452,0.32460144,0.30624747,0.28823888,0.2730079,0.26252314,0.25770536,0.25810015,0.26208663,0.26749885,0.27226338,0.27479643,0.27415383,0.2700288,0.26267812,0.25281766,0.24150191,0.22998743,0.2195744,0.21142499,0.20637798,0.20481062,0.20660649,0.21124364,0.21794984,0.22584963,0.23406315,0.24176298,0.24821481,0.25282255,0.25518554,0.25516334,0.25293708,0.24904983,0.24440295,0.2401768,0.23764837,0.23791043,0.24157137,0.24857648,0.25825238,0.26954022,0.28128368,0.29245603,0.3022848,0.31028566,0.31623515,0.32011068,0.32202226,0.32215583,0.32074365,0.31806672,0.31448445,0.31047326,0.30664665,0.30372703,0.30244875,0.30339926,0.3068436,0.31260616,0.3200695,0.32829475,0.3362157,0.34283975,0.3474097,0.34950477,0.34907869,0.34643832,0.34217024,0.33702525,0.33177972,0.32710063,0.32344887,0.32104704,0.31991678,0.31996107,0.32104874,0.3230627,0.3258933,0.32938772,0.33328632,0.33718398,0.3405438,0.34276792,0.34331015,0.34180307,0.33816996,0.33269647,0.32603875,0.3191489,0.31310523,0.30886123,0.30697322,0.30740935,0.30952993,0.31225067,0.31430948,0.3145323,0.3120298,0.30630577,0.29728985,0.28531405,0.2710525,0.25544015,0.23958199,0.2246612,0.21184672,0.2021933,0.1965245,0.19530495,0.19854017,0.2057558,0.21607304,0.22834523,0.24130546,0.2536996,0.2644041,0.27253497,0.27755174,0.27935115,0.27833936,0.27545875,0.27212864,0.27004597,0.2708147,0.2754699,0.2840999,0.29578224,0.30885848,0.321367,0.33143747,0.33756462,0.3387715,0.3347,0.32565787,0.3126348,0.2972771,0.28178108,0.26862267,0.26004133,0.25734028,0.26035115,0.26747334,0.27626967,0.2841847,0.28904003,0.2892626,0.2839471,0.27284724,0.25634912,0.23545472,0.2117931,0.18766348,0.16605142,0.15035649,0.14333528,0.14541444,0.15418251,0.1659227,0.17729743,0.18596067
50,0.19559948,0.19266409,0.18671812,0.17932393,0.17257097,0.16879489,0.1699353,0.17673661,0.1884002,0.20299865,0.21822126,0.23193564,0.24246478,0.24870181,0.25017253,0.24709673,0.24045919,0.23206447,0.22448452,0.2207107,0.22333743,0.23350976,0.25040543,0.27169326,0.29445878,0.31592295,0.3337926,0.3463821,0.35264316,0.35216635,0.34517422,0.33250657,0.31559148,0.29638416,0.27723315,0.26060542,0.24860774,0.24237843,0.24166897,0.24496761,0.2501138,0.25498474,0.25793606,0.25796837,0.25472414,0.24840742,0.23967306,0.22950242,0.21906695,0.20957603,0.2021101,0.19745682,0.19599235,0.19765307,0.20200694,0.208381,0.21598448,0.22399597,0.23161979,0.2381325,0.24293588,0.24562077,0.24603638,0.24435286,0.24110027,0.23715971,0.23367706,0.23187385,0.23276739,0.23688433,0.24410526,0.2537274,0.26469997,0.27590173,0.28635517,0.29534176,0.30243176,0.30745488,0.31043944,0.31154266,0.3109926,0.30905646,0.30604234,0.30232832,0.29840076,0.2948729,0.29245296,0.29184178,0.29357043,0.29782844,0.30435824,0.31247094,0.32117972,0.329397,0.33613086,0.3406389,0.34252226,0.3417591,0.33868137,0.33390164,0.32819885,0.32238045,0.31714773,0.3129975,0.3101879,0.3087736,0.30868655,0.3098186,0.31206623,0.31531933,0.31940633,0.32402962,0.328731,0.33291298,0.33591872,0.3371519,0.3362076,0.3329857,0.32776242,0.3211985,0.3142647,0.30807185,0.3036164,0.30150026,0.30172873,0.30368322,0.30628312,0.30825835,0.3084223,0.30587396,0.30010915,0.29105362,0.2790388,0.26473978,0.24909164,0.23319606,0.2182268,0.20533633,0.19555812,0.18969643,0.18820779,0.19110769,0.19794938,0.20789237,0.21983016,0.23253116,0.24476878,0.25543842,0.26366737,0.26891935,0.27108884,0.2705729,0.26829556,0.26564452,0.2642672,0.26569945,0.2709007,0.2798977,0.29174,0.3047778,0.31708223,0.3268238,0.33253524,0.33326966,0.3286913,0.31912544,0.30558065,0.28973302,0.27383032,0.26042658,0.25184795,0.24944586,0.2530198,0.26087052,0.2704528,0.2791355,0.28470147,0.2855622,0.28080532,0.2701759,0.25404358,0.2333818,0.20977609,0.18546928,0.16339746,0.14697817,0.13913049,0.1405315,0.14890468,0.16050455,0.17191677,0.18073976
51,0.19781548,0.19428994,0.18765225,0.17942517,0.17167279,0.16675515,0.16671383,0.17244022,0.18324241,0.19721617,0.21202023,0.22548196,0.23589496,0.24213625,0.2437252,0.24088109,0.234591,0.22666082,0.21965344,0.21652341,0.21978505,0.23047736,0.24769923,0.2691036,0.29180926,0.3130875,0.33069012,0.34296253,0.34887132,0.34800622,0.3405737,0.32738408,0.3098266,0.28981817,0.26968923,0.25193876,0.23877962,0.23151319,0.23003978,0.23291393,0.2379577,0.242993,0.24632,0.2468954,0.24432558,0.23877828,0.23086518,0.22151348,0.2118294,0.20295209,0.19590022,0.19142745,0.18991996,0.1913701,0.19543168,0.20152208,0.2089244,0.21686487,0.22456986,0.231319,0.2365061,0.23970985,0.24076681,0.23983458,0.23742723,0.23439948,0.2318512,0.23093271,0.23257032,0.23720093,0.24464309,0.2541743,0.2647617,0.27532464,0.2849357,0.29292953,0.29893088,0.3028264,0.30470425,0.304783,0.30335075,0.30072954,0.29727244,0.29338908,0.2895804,0.2864535,0.2846848,0.28491446,0.28758588,0.29278588,0.3001594,0.30894446,0.31811476,0.3265741,0.333343,0.3377022,0.33927912,0.33807728,0.33445284,0.3290428,0.32265422,0.31612918,0.3102115,0.30544692,0.30214494,0.30040845,0.30020925,0.3014655,0.30408174,0.30793345,0.31281075,0.31835726,0.32404393,0.32920164,0.33311093,0.3351278,0.33481643,0.33206084,0.32713386,0.32070297,0.31375456,0.30742368,0.30273885,0.3003388,0.30026418,0.30192354,0.3042518,0.3059839,0.30593222,0.3031928,0.2972596,0.28805873,0.27592373,0.2615325,0.24582148,0.22988999,0.2149035,0.20199966,0.19219293,0.18627033,0.18468122,0.18744928,0.1941498,0.20397086,0.21583258,0.22852331,0.24082853,0.25164896,0.2601124,0.26567972,0.26823992,0.26818123,0.2664135,0.26430106,0.26345524,0.26536492,0.27094132,0.28017756,0.2921139,0.3051123,0.317266,0.32676774,0.3321677,0.3325308,0.32752898,0.31749475,0.3034482,0.28708923,0.270711,0.25694054,0.24819258,0.24588294,0.2498087,0.25820237,0.26842806,0.27777943,0.2839901,0.2854414,0.2812008,0.27099574,0.2551759,0.23468831,0.21108124,0.18654679,0.16396591,0.14674395,0.13792284,0.1384432,0.14623477,0.15757255,0.16896446,0.17792945
52,0.20185676,0.19775687,0.19047004,0.18150458,0.17291985,0.16710259,0.16617067,0.17111984,0.18132964,0.19490154,0.2094587,0.22278829,0.23315753,0.23943377,0.24114093,0.23851398,0.23256287,0.2251157,0.21873988,0.21634957,0.22035843,0.23167752,0.24931845,0.27091825,0.2936271,0.3147602,0.33210745,0.34404182,0.34954742,0.3482227,0.34027532,0.32651016,0.308307,0.28757414,0.26664573,0.248053,0.2340831,0.22614083,0.22421202,0.2268759,0.23192291,0.23712307,0.24073142,0.2416727,0.23952976,0.23444813,0.22701249,0.21811484,0.20881817,0.20021547,0.19328782,0.18877518,0.18708576,0.1882693,0.1920574,0.19794412,0.20527114,0.21329829,0.22126256,0.22843811,0.23420495,0.23812535,0.24001993,0.24002971,0.23864664,0.23668948,0.23519972,0.23524456,0.23765416,0.24278167,0.25039896,0.25978103,0.2699248,0.27979428,0.28850967,0.29545298,0.3002978,0.30298463,0.3036623,0.30261686,0.300207,0.2968223,0.29287347,0.28881022,0.28514916,0.28248248,0.2814368,0.28256768,0.28620845,0.29233053,0.30048198,0.30983934,0.31935328,0.32793432,0.3346267,0.3387404,0.33993086,0.33822575,0.33400175,0.32791606,0.32079977,0.31352755,0.30688703,0.30147812,0.2976698,0.29562193,0.2953517,0.29680344,0.29988235,0.30443636,0.31020167,0.31674966,0.32347283,0.32962996,0.33444512,0.3372373,0.3375517,0.335268,0.33066413,0.3244177,0.31752744,0.31114146,0.30630323,0.30367,0.3033046,0.304639,0.30662876,0.30802432,0.30764845,0.30460453,0.2983929,0.288946,0.27660418,0.26205158,0.24622896,0.23023611,0.21523386,0.20234954,0.19258358,0.18670985,0.18517146,0.18799625,0.19477236,0.20470291,0.21671914,0.22961377,0.24217047,0.25328448,0.26207668,0.26800135,0.27094176,0.27128014,0.2699173,0.26820177,0.2677202,0.2699306,0.27571747,0.28506184,0.29700893,0.30993506,0.32194716,0.3312461,0.3363843,0.33642584,0.331042,0.32056808,0.3060345,0.28916383,0.27229047,0.2581047,0.24909858,0.24675044,0.25087056,0.2596486,0.2703771,0.2802799,0.2870359,0.28898698,0.28517208,0.27529693,0.2596927,0.23928721,0.21560384,0.19079803,0.1677008,0.14968154,0.13984726,0.13936856,0.14642446,0.15736964,0.16865283,0.17770246
53,0.20756614,0.20297931,0.19514993,0.18559149,0.17637505,0.16991486,0.16838104,0.17283511,0.18269995,0.19607486,0.21055011,0.22387648,0.23429741,0.24067387,0.24254036,0.2401571,0.23456913,0.22763786,0.221939,0.22033896,0.22513926,0.23712261,0.25522524,0.27707812,0.29986113,0.32092327,0.33808073,0.34972537,0.35485587,0.35308346,0.3446282,0.33030778,0.3115153,0.29017463,0.26863986,0.24947092,0.23499446,0.22665876,0.22447821,0.22703,0.23207681,0.23735318,0.24108419,0.24217369,0.2401899,0.2352657,0.22797126,0.21917985,0.20993172,0.20129722,0.19424354,0.1895161,0.18755515,0.18846637,0.19204791,0.1978539,0.20526703,0.21356525,0.22198413,0.22978371,0.23632391,0.24114569,0.2440485,0.24515025,0.24491212,0.24410658,0.2437075,0.24469563,0.24781267,0.25334656,0.26104596,0.27020314,0.27985597,0.28901514,0.296844,0.3027635,0.30648682,0.30799973,0.3075058,0.30535585,0.30197996,0.29783902,0.2934052,0.28916994,0.28566208,0.28344914,0.28309342,0.28505173,0.2895405,0.29642034,0.30515766,0.31488767,0.32455683,0.33309597,0.33958054,0.3433527,0.3440953,0.34185708,0.33703086,0.33028844,0.32247892,0.31450376,0.30718955,0.30118763,0.29692575,0.29462084,0.2943345,0.29603297,0.29961452,0.3048901,0.3115342,0.31904286,0.3267334,0.333802,0.33942956,0.34291258,0.34379175,0.34195453,0.33769277,0.33169827,0.32497892,0.31868455,0.31385434,0.31114057,0.31060728,0.31169686,0.3133827,0.31443557,0.31369767,0.31028923,0.30372542,0.29395226,0.28132248,0.26653126,0.25052795,0.23441774,0.21936254,0.2064866,0.19678412,0.19102226,0.18963972,0.19266403,0.19968523,0.20990673,0.22225514,0.23551334,0.24845186,0.25995237,0.26912433,0.27541405,0.2787003,0.27936247,0.27829716,0.27684322,0.27657083,0.27891895,0.28476048,0.29408005,0.3059387,0.31872952,0.3305682,0.33965454,0.3445337,0.34426183,0.33850595,0.3276045,0.31260094,0.29524302,0.27790394,0.2633254,0.25405607,0.25161976,0.2558404,0.26488218,0.27598545,0.28631458,0.293495,0.29582602,0.29231548,0.28264785,0.2671406,0.24671224,0.2228763,0.19776924,0.17418455,0.15544264,0.14465779,0.14316435,0.1493928,0.15983011,0.1709006,0.17994761
54,0.21458988,0.20965919,0.20144516,0.19147871,0.18185191,0.1750028,0.1731306,0.17733085,0.18705177,0.20039319,0.21492274,0.228362,0.2389332,0.24549142,0.24758261,0.24549453,0.24031,0.23392415,0.22891621,0.22809745,0.23365879,0.24627346,0.26482815,0.28696218,0.30988362,0.33096376,0.34803152,0.35948655,0.364336,0.36220348,0.35332692,0.33854735,0.3192857,0.29749504,0.2755555,0.25604331,0.24128732,0.23272616,0.23036286,0.23276773,0.23769774,0.24287814,0.24652207,0.24752177,0.24543625,0.24039133,0.23295113,0.2239826,0.21451983,0.20562994,0.19828533,0.19325143,0.19100638,0.19170718,0.19520533,0.20109735,0.20878911,0.21756136,0.22663656,0.23525201,0.24274093,0.24861698,0.25265187,0.25493258,0.255881,0.25621605,0.25684157,0.25865915,0.26234022,0.26813325,0.27578878,0.28463423,0.2937569,0.3022145,0.30920804,0.31418884,0.31689897,0.3173583,0.31581435,0.31267312,0.30842817,0.30360532,0.29873317,0.29433912,0.29095703,0.28912145,0.28932357,0.29192075,0.29702166,0.30439487,0.3134487,0.32329905,0.3329041,0.34122407,0.34736925,0.3507136,0.35096505,0.34818995,0.34279302,0.33545548,0.32703838,0.31846228,0.3105844,0.30409852,0.2994826,0.29700273,0.2967575,0.29872796,0.30279917,0.30874142,0.31616858,0.32450813,0.33301458,0.34083673,0.34712854,0.35117933,0.35253844,0.35111183,0.3472132,0.34155208,0.33514333,0.32912883,0.3245256,0.32195762,0.3214662,0.32248574,0.32399756,0.32479122,0.32373202,0.31996354,0.31302276,0.30287558,0.2898929,0.27478606,0.25851843,0.24220674,0.2270219,0.21409468,0.20442355,0.19877754,0.1975948,0.20089896,0.20827171,0.21890263,0.23169935,0.2454226,0.25882065,0.27075577,0.2803229,0.28695974,0.29054153,0.29144734,0.2905726,0.28925085,0.28904176,0.29137412,0.29712072,0.30628154,0.3179418,0.33051443,0.34212178,0.3509578,0.35555544,0.35495937,0.3488318,0.3375164,0.32207358,0.30427915,0.28654265,0.27164438,0.26216587,0.25965166,0.26393005,0.27315003,0.28451768,0.2951517,0.3026309,0.30521494,0.30188242,0.2923001,0.2767782,0.256236,0.23219071,0.20677613,0.18276148,0.16341326,0.15180719,0.14936715,0.15474413,0.16459021,0.17534617,0.1842895
55,0.22242422,0.21732445,0.20891348,0.19874442,0.1889318,0.18192883,0.17994215,0.18407735,0.19379997,0.20722052,0.22189938,0.23553872,0.2463427,0.25315934,0.25554323,0.25380582,0.2490624,0.24323392,0.23889332,0.23879236,0.24502373,0.25818112,0.277132,0.2995394,0.3226386,0.34381378,0.36089486,0.37227935,0.37697592,0.3746177,0.36546126,0.3503749,0.33081245,0.30875906,0.2866156,0.26695487,0.2520713,0.24335381,0.24077371,0.2429061,0.24753304,0.2524002,0.25572738,0.2564044,0.25398535,0.24859282,0.24079049,0.2314477,0.22160399,0.21233675,0.2046362,0.19929627,0.19683398,0.19745025,0.20103586,0.2072125,0.21539238,0.2248449,0.23476838,0.244369,0.2529464,0.25998038,0.26520815,0.26867905,0.27077013,0.27214515,0.2736441,0.27610505,0.28015336,0.2860247,0.29349354,0.30193603,0.31049392,0.3182705,0.32449916,0.32865328,0.3304937,0.33006278,0.32763925,0.32367063,0.31870028,0.31330585,0.30805987,0.30351484,0.30020097,0.29861495,0.29917878,0.3021614,0.3075839,0.31514835,0.32422975,0.33394372,0.3432714,0.3512071,0.3568959,0.35974148,0.35947365,0.35617316,0.35025316,0.34240064,0.33348322,0.3244335,0.31612933,0.30929476,0.30444446,0.3018803,0.3017262,0.30396947,0.30847815,0.31498381,0.32304794,0.33204323,0.341178,0.34957102,0.3563648,0.36085463,0.36260897,0.36156073,0.3580513,0.3528111,0.34686086,0.3413274,0.33719188,0.33503035,0.33483952,0.3360259,0.33756453,0.33825633,0.3369879,0.33292785,0.3256383,0.3151092,0.3017339,0.28624475,0.2696248,0.25300953,0.2375882,0.2245096,0.21478881,0.20920753,0.2082089,0.21181104,0.21957892,0.23067632,0.24397965,0.25821728,0.27210796,0.28448984,0.29444087,0.3013889,0.30520564,0.30627024,0.30547845,0.30416107,0.30387238,0.30603898,0.31154385,0.3204124,0.33176157,0.3440276,0.35533965,0.3638836,0.3681778,0.36725384,0.36076888,0.3490731,0.33324555,0.31509057,0.2970495,0.28192765,0.2723171,0.2697598,0.27407774,0.2834115,0.29494902,0.30577847,0.3134423,0.3161668,0.31290615,0.30331424,0.28769997,0.26699105,0.24271818,0.21702324,0.1926604,0.17284012,0.16056831,0.15729566,0.16184819,0.17105463,0.18140894,0.19014932
56,0.2304761,0.22538838,0.21697389,0.20680654,0.19701841,0.19006583,0.18814395,0.19235206,0.20217137,0.21573639,0.23061699,0.24450742,0.25559795,0.26272857,0.26545778,0.26411334,0.25983277,0.25455013,0.25082076,0.25133583,0.25810745,0.2716811,0.29093313,0.31356412,0.3368382,0.3581473,0.3753153,0.3867309,0.39139926,0.3889594,0.37968472,0.36446956,0.34479845,0.32268286,0.30053133,0.28088966,0.2659873,0.25713676,0.25427032,0.25598404,0.26011392,0.26445335,0.2672478,0.26739562,0.26445225,0.25854155,0.25023136,0.24039938,0.23009786,0.22042206,0.21238646,0.20681612,0.20426385,0.20496519,0.20883615,0.21550767,0.2243831,0.2347076,0.24564506,0.25636247,0.26611897,0.27435446,0.2807662,0.285362,0.2884734,0.29071417,0.2928731,0.29574576,0.2999367,0.30569264,0.31282902,0.32077923,0.3287409,0.33585995,0.34139627,0.34483784,0.34595537,0.34480298,0.3416781,0.33705562,0.33151305,0.32566348,0.32010806,0.3154115,0.3120921,0.31060767,0.31131896,0.31442407,0.3198806,0.3273499,0.3361953,0.3455464,0.35441434,0.36182877,0.3669677,0.3692612,0.3684579,0.36465016,0.35825735,0.34996966,0.34065783,0.33126047,0.32266676,0.31561828,0.310651,0.30808696,0.30806208,0.31056166,0.31543505,0.3223811,0.3309213,0.34038997,0.34996685,0.3587565,0.36590305,0.37071747,0.3727947,0.3721,0.36900666,0.36426857,0.35891247,0.35404646,0.35060725,0.3491093,0.34948754,0.35110292,0.35290864,0.35370556,0.35239452,0.3481657,0.34060553,0.3297287,0.31595317,0.3000356,0.28298396,0.2659599,0.25018108,0.23682672,0.2269419,0.22133282,0.22045477,0.22432078,0.23247348,0.24404149,0.2578603,0.272618,0.28699797,0.2998105,0.31011385,0.31732413,0.32130778,0.32244277,0.32162467,0.32018328,0.3196722,0.32152444,0.3266438,0.33509144,0.34602347,0.35790357,0.36886868,0.37709594,0.38108724,0.37985936,0.37306276,0.3610524,0.34492373,0.3265053,0.30826193,0.29301044,0.2833354,0.28076056,0.28509668,0.2944838,0.30610672,0.31703776,0.32479423,0.3275767,0.32432026,0.31467015,0.29893783,0.27806333,0.2535948,0.22768629,0.20307937,0.18292548,0.1701416,0.16616155,0.1699435,0.17848974,0.18837488,0.19682524
57,0.23812781,0.233218,0.22497779,0.21499641,0.20541477,0.1986794,0.19695897,0.20133598,0.21130838,0.22504665,0.24014555,0.25430313,0.26570153,0.27317277,0.27627483,0.27534324,0.27152556,0.26675478,0.26355764,0.26456538,0.2717267,0.28556547,0.3049893,0.3277488,0.35114133,0.3725671,0.3898425,0.40134543,0.4060754,0.4036752,0.39443225,0.37926307,0.3596765,0.33769962,0.31573197,0.29626998,0.2814543,0.27250415,0.26930946,0.2704981,0.27398008,0.27761868,0.27970394,0.2791567,0.2755434,0.26899564,0.26009077,0.24971908,0.23894952,0.22889844,0.22060609,0.21492714,0.21244447,0.21341814,0.2177761,0.22514406,0.2349028,0.24626142,0.25833982,0.27025795,0.28122836,0.2906461,0.29816577,0.30375358,0.30770004,0.31057936,0.3131465,0.31617698,0.32027847,0.3257281,0.33239412,0.33977085,0.3471098,0.35359445,0.35850474,0.3613362,0.3618616,0.360138,0.35647115,0.3513506,0.3453737,0.3391734,0.33336443,0.32851145,0.3251141,0.32359263,0.324257,0.3272529,0.3324976,0.33963376,0.34803015,0.35684052,0.3651097,0.37190187,0.37642503,0.37813208,0.3767872,0.37249222,0.36567155,0.35701755,0.34740222,0.33776608,0.32900214,0.32185775,0.31687567,0.31438252,0.31451327,0.31724373,0.32240477,0.32967037,0.33853546,0.3483126,0.3581685,0.36720675,0.3745824,0.37962848,0.38197026,0.38160807,0.37894955,0.37477425,0.37011662,0.36606622,0.36351234,0.36290118,0.36409497,0.36639494,0.36871794,0.36985117,0.36869895,0.36446518,0.3567553,0.34560582,0.33145848,0.3150957,0.29755408,0.28002822,0.26377377,0.2500124,0.23983252,0.23407695,0.23322147,0.23727676,0.24576016,0.25775895,0.27206087,0.28730795,0.30214396,0.31534824,0.32595673,0.33337104,0.3374494,0.3385655,0.33761308,0.3359216,0.3350491,0.33644396,0.3410426,0.3489529,0.3593783,0.3708143,0.38140708,0.3893243,0.3930492,0.39158052,0.38455766,0.3723348,0.35601655,0.3374459,0.3190992,0.30379102,0.29408693,0.29148757,0.29579696,0.305167,0.3167941,0.3277485,0.33553255,0.33832806,0.3350554,0.32535332,0.30953664,0.288557,0.2639781,0.23796305,0.21323688,0.19288668,0.17973016,0.17515926,0.17823213,0.18611552,0.19548297,0.20357333
58,0.24479988,0.2402027,0.23228274,0.22263733,0.21340635,0.20701511,0.20559499,0.21020533,0.22036138,0.23427771,0.24958588,0.26399872,0.27569708,0.28350693,0.28698254,0.28645924,0.2830827,0.27877125,0.27601305,0.27737975,0.28477016,0.29870588,0.31814227,0.34089074,0.36428913,0.38575128,0.4030903,0.41467622,0.41950443,0.41722155,0.40812707,0.39315516,0.37383118,0.35218573,0.33059272,0.31148,0.29688126,0.28791004,0.2844085,0.28503808,0.2877924,0.2906205,0.29187497,0.29051527,0.28613153,0.27887234,0.2693305,0.25841275,0.24720666,0.23685005,0.22840759,0.22275974,0.22051278,0.22194137,0.22697319,0.23521547,0.24601376,0.25853005,0.27183107,0.28498268,0.29714584,0.30766818,0.31616175,0.3225551,0.32710648,0.33036488,0.33307084,0.3360021,0.33979008,0.34475747,0.35083207,0.3575686,0.364267,0.3701409,0.37448287,0.37678915,0.37682816,0.3746536,0.37057185,0.3650781,0.35877818,0.3523124,0.3462963,0.34128422,0.33775184,0.33608368,0.33654886,0.33925706,0.34410423,0.350732,0.35852736,0.36667496,0.37425467,0.38036323,0.38423467,0.38534075,0.38345814,0.3786964,0.3714845,0.36251733,0.35266823,0.34287772,0.33403748,0.32689148,0.3219764,0.3196096,0.3199133,0.32284752,0.3282257,0.33570492,0.3447668,0.3547164,0.36472076,0.373892,0.38140205,0.38660827,0.38916698,0.38911358,0.38689062,0.3833054,0.3794037,0.37626076,0.37472177,0.37516478,0.37737483,0.38058436,0.38366085,0.3853641,0.38458854,0.3805405,0.37283552,0.36152562,0.3470723,0.33028263,0.31222367,0.29412764,0.27729613,0.2630038,0.25239447,0.24635951,0.24540462,0.24954303,0.25826713,0.27062008,0.28533792,0.3010131,0.3162474,0.3297868,0.34064257,0.3481986,0.35230064,0.35331425,0.35212803,0.35007128,0.34871083,0.34952012,0.3534802,0.36075762,0.37061188,0.38157514,0.3918042,0.399456,0.40299186,0.40138716,0.394263,0.3819632,0.3655891,0.34698388,0.32861978,0.3132966,0.30355567,0.3008807,0.30508417,0.31434757,0.32589522,0.3368074,0.3445801,0.34738156,0.3441195,0.33442572,0.31861538,0.29764667,0.27309155,0.24711317,0.22241051,0.20199943,0.18859383,0.1835334,0.1859565,0.193185,0.20200293,0.20968145
59,0.25000876,0.24581774,0.23832166,0.2291189,0.22033978,0.21437967,0.21332614,0.21821125,0.2285662,0.24265254,0.2581462,0.27278388,0.28475252,0.29287538,0.2967016,0.29656002,0.29358393,0.28966478,0.28724307,0.28883037,0.29628423,0.3101366,0.32940146,0.3519604,0.37520096,0.39655986,0.41385564,0.4254575,0.4303619,0.42822182,0.41934875,0.40469107,0.38578328,0.3646483,0.3436198,0.32504085,0.3108238,0.3019648,0.2982485,0.2983633,0.30038697,0.3023639,0.30272517,0.3004857,0.29527375,0.28726575,0.2770769,0.26563406,0.2540445,0.2434666,0.23498689,0.22950743,0.22765137,0.22969896,0.23556623,0.24482945,0.2567868,0.27054244,0.28510156,0.2994701,0.31275415,0.32425383,0.333542,0.340517,0.34541687,0.3487818,0.35135785,0.35394543,0.35721716,0.36155185,0.36693916,0.37298936,0.3790421,0.38433138,0.38815394,0.3900002,0.3896297,0.387089,0.3826815,0.37690294,0.37036073,0.3636938,0.357509,0.35234207,0.3486403,0.34675384,0.34691867,0.3492213,0.35355106,0.3595619,0.36666808,0.37408912,0.38093957,0.38634515,0.3895612,0.39007372,0.38766837,0.38246086,0.374885,0.36564004,0.3556026,0.34571415,0.33686277,0.32978278,0.32499474,0.32279488,0.32328242,0.3263962,0.33193335,0.33954164,0.34870076,0.35872057,0.36877853,0.37800145,0.38558015,0.39089534,0.39363116,0.39385512,0.39204347,0.3890332,0.38588703,0.3836744,0.38320613,0.38479936,0.38816404,0.39245927,0.3964932,0.39898455,0.39880362,0.39514548,0.38762408,0.37629744,0.36164007,0.3444797,0.32591286,0.30721158,0.28972822,0.2747984,0.26363137,0.25717816,0.25598484,0.2600749,0.2689197,0.28151882,0.296556,0.31257322,0.32812914,0.34193552,0.35297656,0.360615,0.3646795,0.36552194,0.3640218,0.36150676,0.35955614,0.35967696,0.36290732,0.36948466,0.37873384,0.38922906,0.39913893,0.4066079,0.41007087,0.40847275,0.40140626,0.38919166,0.37291092,0.35438874,0.33607572,0.32074505,0.31091467,0.308067,0.3120474,0.32109112,0.3324681,0.34328023,0.35102376,0.353856,0.35067162,0.34109208,0.32542643,0.30463037,0.28027228,0.25450197,0.22997952,0.20964155,0.19609794,0.1906355,0.1924636,0.19905232,0.2073035,0.2145362
60,0.2534173,0.24967949,0.24266295,0.23396188,0.22569099,0.22021101,0.2195627,0.22474787,0.23530953,0.24955393,0.2652041,0.28002727,0.29222333,0.3006172,0.30475307,0.30494875,0.3023166,0.29871103,0.29651678,0.29818365,0.30553257,0.3191129,0.33800414,0.36016575,0.38304514,0.40411353,0.42120647,0.43270263,0.43760747,0.4355856,0.4269623,0.4126985,0.3943324,0.37386987,0.35359198,0.33574352,0.32210252,0.3135351,0.3097549,0.3094646,0.3108204,0.31196696,0.3114264,0.30828515,0.3022243,0.29345956,0.2826359,0.27070412,0.25879204,0.24807762,0.23966694,0.23448007,0.23315144,0.23595856,0.24279481,0.25319308,0.26639214,0.2814282,0.29723766,0.31276238,0.3270529,0.33936453,0.34923723,0.35654953,0.36153322,0.36473715,0.366932,0.36895904,0.37154564,0.37513286,0.37976998,0.38511395,0.39053187,0.39526623,0.39860854,0.40003774,0.39930204,0.39644065,0.39175436,0.3857393,0.37900212,0.37217578,0.36585218,0.3605422,0.35666063,0.35452342,0.35433853,0.3561784,0.35993668,0.36528897,0.3716827,0.37837374,0.38450885,0.38923746,0.39183003,0.39178088,0.38888058,0.38324922,0.37532637,0.36581886,0.3556111,0.34564933,0.3368195,0.32984358,0.325219,0.32321152,0.32388845,0.3271626,0.3328157,0.34049273,0.34968108,0.3597053,0.36976013,0.37899002,0.38660297,0.39199775,0.3948796,0.39534172,0.3938905,0.3913939,0.38893905,0.38760287,0.38817766,0.39093435,0.3955165,0.40101048,0.406158,0.40962455,0.41024154,0.4071779,0.4000322,0.38885668,0.3741295,0.35669228,0.33766687,0.31836364,0.30018723,0.28453818,0.27269837,0.2656884,0.26410612,0.26799598,0.27681613,0.28952748,0.30476388,0.32101846,0.33680776,0.35080898,0.36197764,0.36965153,0.37363693,0.37426573,0.37240237,0.36936998,0.36676207,0.36612645,0.36856958,0.37441215,0.38305464,0.3931189,0.402787,0.41018867,0.41372713,0.41230816,0.40548426,0.39353627,0.3775076,0.3591835,0.34097344,0.32561296,0.31560135,0.31244203,0.31604564,0.32473075,0.3358335,0.34648865,0.3541976,0.35710722,0.35409603,0.3447688,0.3294193,0.30898842,0.28502634,0.2596533,0.23547582,0.21534348,0.20176442,0.19597816,0.1972632,0.20323378,0.2109147,0.21768472
61,0.25487432,0.2515889,0.24505806,0.23686942,0.22911987,0.22413462,0.22390772,0.22940807,0.24018331,0.25457716,0.27035785,0.2853266,0.29770216,0.3063156,0.3107076,0.31118226,0.3088245,0.3054435,0.30336162,0.30496466,0.31203902,0.32515475,0.34346092,0.365001,0.38729206,0.40785226,0.42454717,0.43577692,0.4405659,0.4385974,0.43021446,0.4163908,0.3986648,0.3790183,0.35966966,0.34275338,0.3299002,0.32183218,0.31817582,0.31763268,0.31842858,0.31880966,0.31739917,0.31336877,0.3064663,0.29695764,0.28552496,0.27314684,0.26097298,0.2502006,0.24195401,0.23716871,0.23648556,0.240171,0.24808417,0.2597016,0.2741907,0.29051077,0.3075241,0.32410705,0.33925673,0.3521892,0.36242077,0.36982223,0.3746345,0.37743232,0.37902853,0.38032025,0.38209912,0.38486984,0.38873434,0.39338297,0.39819476,0.40240678,0.40529558,0.4063243,0.40523008,0.40204847,0.39708278,0.39083406,0.3839109,0.3769398,0.37049472,0.3650571,0.36100557,0.3586207,0.35808524,0.35946345,0.3626605,0.36737972,0.37310457,0.37912595,0.38461757,0.3887451,0.3907856,0.39023423,0.38688114,0.38084862,0.37258348,0.36280492,0.3524122,0.34236395,0.33354974,0.3266808,0.32222828,0.32042053,0.32128575,0.3247061,0.3304486,0.33816037,0.34734455,0.35734752,0.3673855,0.37661976,0.38426992,0.38974348,0.39275563,0.39341488,0.39225107,0.39016318,0.38827136,0.3876773,0.3891775,0.39301887,0.39879444,0.405524,0.41187933,0.41646227,0.41805118,0.41577342,0.40919736,0.39835596,0.38371953,0.36613408,0.34673953,0.32687944,0.30800754,0.29158887,0.27898127,0.27128282,0.26915532,0.27267814,0.28130856,0.29397812,0.30927703,0.32565364,0.3415849,0.35571408,0.36696666,0.37465152,0.37854627,0.37895527,0.37672046,0.37315512,0.369866,0.36844665,0.37008178,0.3751877,0.38325125,0.392949,0.40247864,0.40995318,0.4137384,0.412692,0.406313,0.3948259,0.3792148,0.3612027,0.3431374,0.3277055,0.31739333,0.3137509,0.31679136,0.32495195,0.33565906,0.3460926,0.35376278,0.35680446,0.35407463,0.34515277,0.330306,0.31044596,0.28708845,0.26230687,0.23863952,0.21884172,0.2053238,0.1992868,0.20008072,0.20546257,0.21258362,0.21889104
62,0.25443876,0.25155878,0.2454722,0.23776141,0.23050725,0.22600265,0.22619735,0.2320241,0.24302486,0.2575691,0.2734638,0.28854468,0.30105332,0.30983138,0.3144181,0.31510258,0.31293815,0.30968276,0.3075917,0.30898505,0.31561568,0.32807606,0.3455867,0.36627978,0.38775054,0.4075757,0.4236635,0.43444797,0.43898305,0.43697897,0.42880183,0.41544026,0.3984316,0.3797284,0.3614779,0.3456928,0.33384275,0.32649022,0.32315785,0.3225306,0.32289472,0.32259756,0.3203711,0.31548402,0.3077629,0.29753375,0.285523,0.27274114,0.2603618,0.24960214,0.24160458,0.23731822,0.23738517,0.24205117,0.25112793,0.2640218,0.27981752,0.29739076,0.31552747,0.33304036,0.3488787,0.3622279,0.37259158,0.3798467,0.38425863,0.38644427,0.3872737,0.38771135,0.38861796,0.3905581,0.39367422,0.39767238,0.40192482,0.4056476,0.40809318,0.4087063,0.40721664,0.4036638,0.39836353,0.3918314,0.3846854,0.37754962,0.37098023,0.3654269,0.36122856,0.3586287,0.3577855,0.3587583,0.36146793,0.36564815,0.37081784,0.37629804,0.38128096,0.38493776,0.386541,0.38557696,0.38182864,0.3754177,0.3668,0.3567132,0.34608144,0.33588755,0.32703543,0.3202326,0.3159253,0.31430098,0.3153431,0.3188992,0.32472128,0.33246273,0.34164798,0.3516501,0.36170772,0.37099466,0.37873247,0.38432366,0.38747752,0.38830298,0.38734254,0.38552362,0.38400796,0.38394243,0.38615677,0.3909043,0.3977515,0.4056641,0.41324487,0.4190242,0.42171437,0.42038614,0.41456226,0.40424207,0.3898749,0.3722996,0.35266396,0.33233544,0.31280914,0.295609,0.2821671,0.273664,0.27083746,0.27381873,0.2820819,0.2945433,0.30975977,0.32614148,0.34212965,0.35633495,0.36765108,0.37535366,0.3791845,0.37941152,0.3768447,0.3727796,0.36883232,0.366644,0.36748576,0.37188163,0.37941694,0.38883138,0.3983418,0.4060433,0.41025907,0.40978953,0.40406737,0.39324355,0.378222,0.36064035,0.34276327,0.3272151,0.31647262,0.3121567,0.31442255,0.32186618,0.33203298,0.34216252,0.34977758,0.35299802,0.350652,0.3422836,0.32812023,0.3090296,0.28647634,0.26247054,0.23946872,0.22012624,0.2067605,0.20054358,0.20090155,0.20573378,0.2123202,0.21818236
63,0.25238225,0.24981911,0.24409306,0.23678626,0.22996971,0.22591086,0.22651911,0.23268664,0.24393596,0.25864643,0.27465358,0.28982475,0.30242664,0.31131506,0.3160302,0.31684643,0.31478322,0.31154415,0.3093151,0.3103505,0.3163714,0.32799417,0.34451178,0.36414808,0.3845828,0.4034604,0.4187431,0.4289098,0.43305424,0.43092206,0.42290872,0.41002122,0.39379597,0.37615302,0.35916042,0.34469712,0.33405665,0.3276255,0.3248067,0.32425568,0.32431176,0.32342362,0.320438,0.31473023,0.30621573,0.29528946,0.2827288,0.26958066,0.2570456,0.24636276,0.23869327,0.23499762,0.2359121,0.2416491,0.25195727,0.26615846,0.28324562,0.30200756,0.32115608,0.33944646,0.35578892,0.36934918,0.37963128,0.38653222,0.39035672,0.39177817,0.39173585,0.3912687,0.3913062,0.3924635,0.39490598,0.39833337,0.4020897,0.405354,0.40734625,0.40749273,0.40552253,0.40149108,0.39574072,0.388816,0.38135666,0.3739929,0.36726707,0.361597,0.35728002,0.35452026,0.35345075,0.35412687,0.35648608,0.3602916,0.36509293,0.37023225,0.37490764,0.3782813,0.3796073,0.37835118,0.37428057,0.367513,0.35851493,0.34804994,0.33707932,0.3266261,0.317625,0.3107932,0.30655926,0.3050705,0.30626243,0.3099447,0.31585345,0.3236506,0.3328856,0.34295997,0.3531323,0.3625809,0.37051567,0.376316,0.37966505,0.38065216,0.379817,0.3781083,0.3767357,0.37691283,0.3795372,0.38490748,0.3925968,0.4015373,0.41026944,0.41724762,0.42110714,0.42084807,0.41593263,0.40631172,0.39239994,0.37501577,0.35530204,0.33463764,0.31454653,0.2966001,0.28229734,0.27290133,0.26923642,0.27150518,0.27922115,0.2913054,0.30629587,0.3225738,0.33854955,0.35280246,0.36419237,0.37195635,0.37579235,0.37592155,0.3731109,0.3686278,0.3640906,0.3611868,0.36127988,0.36501318,0.37208402,0.38130596,0.39092043,0.39900482,0.40383554,0.4041477,0.39929578,0.38934135,0.3750887,0.35806802,0.34043893,0.32474726,0.3134576,0.30827963,0.3095474,0.31605926,0.32551396,0.3352296,0.3427467,0.34616676,0.3442809,0.3365866,0.32325858,0.30510595,0.283527,0.26045412,0.23825109,0.21946971,0.20633973,0.20001325,0.19999647,0.20433044,0.21042424,0.21587661
64,0.24916276,0.2467942,0.24131115,0.23430456,0.22784573,0.22418664,0.22520107,0.23173411,0.24327172,0.25818357,0.2743201,0.28957498,0.30224013,0.3111882,0.31596285,0.31682488,0.31475994,0.31141698,0.30891335,0.30944097,0.31469294,0.32531208,0.340665,0.3590683,0.37828937,0.3960466,0.41036367,0.41977328,0.42341742,0.42108506,0.41320717,0.40081352,0.38544092,0.36897385,0.3533933,0.34043083,0.33118755,0.32585794,0.3237126,0.32336935,0.323217,0.32180682,0.31810576,0.31160334,0.30231196,0.29070327,0.27761182,0.26412627,0.2514783,0.24093215,0.23366821,0.23065415,0.23250924,0.23939547,0.2509803,0.26648805,0.28481483,0.304665,0.3246838,0.34357944,0.3602352,0.3738102,0.38382214,0.3902019,0.39330667,0.39387783,0.3929321,0.3915852,0.39082938,0.39131528,0.39320853,0.39617702,0.39951366,0.40234494,0.40385205,0.40344518,0.4008625,0.39618984,0.38981375,0.382326,0.37440485,0.3666998,0.3597479,0.3539385,0.34952748,0.3466782,0.34549713,0.34603444,0.34824178,0.35190657,0.3565991,0.36166853,0.36630166,0.36963397,0.37088463,0.3694853,0.365179,0.3580749,0.34865138,0.33770514,0.32624838,0.31536344,0.30603793,0.29901904,0.2947322,0.2932911,0.29458374,0.29837954,0.3043977,0.31230912,0.32168892,0.3319656,0.34241164,0.3521979,0.36050546,0.36666927,0.37032235,0.37151036,0.37074903,0.36899543,0.3675079,0.36758623,0.3702326,0.37583786,0.38402548,0.39372462,0.4034274,0.41151288,0.41653132,0.41739973,0.4135059,0.40473837,0.39146283,0.3744636,0.35486424,0.3340397,0.31352615,0.29492578,0.27979016,0.26945862,0.26484856,0.26625377,0.2732543,0.28480187,0.29943478,0.31551713,0.33143392,0.34573403,0.35724062,0.365146,0.36909544,0.3692523,0.36632806,0.36155003,0.35652897,0.35299414,0.35240453,0.3555338,0.3622059,0.37132123,0.38115367,0.38976505,0.39538246,0.3966693,0.392892,0.38400993,0.37071124,0.35439968,0.33710897,0.32128727,0.30937567,0.3031782,0.30323574,0.30859137,0.3171372,0.32629472,0.3336312,0.33722773,0.33583063,0.32887992,0.31648535,0.29938477,0.27889785,0.25686857,0.235561,0.21742274,0.20460151,0.19823639,0.19791535,0.2018181,0.20748027,0.21257748
65,0.24536408,0.24304572,0.23766664,0.23083884,0.22464761,0.22134183,0.22276422,0.22970392,0.24158977,0.2567595,0.27306268,0.28841174,0.30112228,0.31008506,0.3148495,0.31566504,0.3134856,0.3099082,0.30698663,0.30685705,0.31119218,0.32066655,0.33472183,0.35176694,0.36965665,0.3861846,0.3994395,0.40801272,0.4111005,0.4085411,0.4008068,0.38895413,0.3745218,0.3593554,0.34533918,0.33404228,0.32635602,0.32226953,0.32091415,0.32086825,0.3205715,0.3186807,0.31428725,0.30700037,0.29693553,0.28464714,0.2710333,0.25723037,0.24450666,0.2341549,0.22737402,0.22513041,0.2280092,0.2361002,0.24897116,0.26574013,0.28520814,0.30600455,0.32672128,0.3460339,0.36281297,0.37622455,0.3858131,0.39155525,0.39387125,0.3935784,0.39177433,0.38964853,0.38824436,0.38822737,0.38973716,0.39238262,0.3953837,0.39780107,0.39877352,0.39769986,0.39433813,0.38882002,0.38159475,0.37332156,0.3647372,0.35652828,0.3492399,0.3432415,0.33875084,0.33589095,0.33474007,0.3353397,0.33764938,0.34146985,0.3463766,0.35170612,0.35661295,0.36018595,0.36159256,0.36021763,0.35577103,0.3483492,0.3384427,0.32688725,0.3147583,0.30321732,0.29333043,0.28590202,0.2813771,0.27984998,0.28116634,0.28505555,0.29121816,0.29933226,0.30899605,0.3196593,0.33059815,0.34096098,0.3498806,0.35662475,0.3607511,0.3622354,0.36154413,0.35962272,0.35777006,0.3573834,0.35960382,0.3649655,0.37319648,0.38326547,0.3936406,0.4026332,0.40870497,0.41068044,0.4078611,0.40006012,0.38758135,0.3711612,0.35188916,0.33111954,0.31038138,0.2912862,0.2754173,0.26417574,0.2585712,0.25900525,0.26515356,0.2760296,0.29019606,0.30601454,0.32185107,0.33622438,0.34791702,0.35606995,0.36026672,0.36060217,0.35772055,0.35279638,0.34742147,0.3433595,0.34216478,0.34474987,0.35108015,0.3601577,0.370299,0.37955454,0.3861015,0.38852772,0.3860051,0.37838188,0.36621916,0.35078043,0.33395675,0.31807858,0.30554348,0.29823866,0.296922,0.3009147,0.3083441,0.31676674,0.32379204,0.32748282,0.32653505,0.32032266,0.30888075,0.2928667,0.2735137,0.25257197,0.23220448,0.21475779,0.20230395,0.19597286,0.19543105,0.19898899,0.20430195,0.20911817
66,0.24160066,0.23918158,0.23376136,0.22698778,0.22097637,0.21798655,0.21983394,0.22724023,0.23955452,0.255059,0.27158564,0.28705668,0.29980823,0.30874914,0.31343615,0.31410998,0.31169665,0.30774727,0.3042607,0.30332902,0.30661643,0.31483778,0.3275129,0.3431408,0.3596596,0.3749345,0.3871173,0.3948584,0.39741054,0.39466476,0.38713846,0.37591797,0.36254394,0.34881818,0.33651635,0.32702845,0.32102093,0.31827036,0.31777057,0.31806687,0.3176552,0.31530142,0.31022376,0.3021534,0.29131213,0.27834153,0.26420882,0.2501045,0.23733933,0.22723746,0.22101207,0.21961382,0.22357053,0.23287593,0.2469837,0.26490515,0.28535727,0.30691114,0.32812303,0.34765258,0.3643723,0.37746817,0.3865222,0.39156595,0.39308932,0.39198875,0.38944113,0.38670093,0.38484588,0.3845325,0.38584694,0.38831428,0.39106372,0.39308175,0.39346433,0.39160454,0.38729006,0.38071147,0.37239656,0.3630907,0.35361007,0.34469956,0.33693108,0.33066824,0.32609937,0.3233103,0.3223498,0.32324466,0.32595113,0.33026612,0.3357484,0.34169778,0.34721375,0.3513194,0.35311648,0.3519336,0.34744158,0.33972073,0.32927278,0.31697482,0.30397356,0.2915254,0.2807999,0.27268976,0.26769024,0.26589906,0.2671322,0.2710824,0.27742997,0.2858559,0.29597443,0.30724633,0.31893727,0.33015606,0.33996794,0.34755275,0.3523705,0.35430253,0.35373956,0.35158947,0.34917232,0.34797972,0.34931377,0.35389987,0.3616314,0.37157205,0.38220346,0.39178717,0.39869973,0.40166843,0.39989945,0.39312032,0.3815615,0.36589915,0.34717473,0.3267051,0.3059923,0.28663325,0.27021703,0.25818327,0.2516226,0.2510521,0.25626925,0.26638234,0.28000695,0.29551968,0.3112751,0.32576212,0.33771896,0.34622887,0.35080615,0.35146877,0.34878415,0.34386364,0.3382692,0.33378926,0.33206916,0.3341647,0.34019467,0.34927732,0.35978317,0.3697576,0.37732968,0.38101077,0.37987602,0.37365946,0.3627913,0.34838927,0.33219245,0.3163975,0.30333316,0.29494178,0.292183,0.29466894,0.30079636,0.30829284,0.31483296,0.31847048,0.3178512,0.31227878,0.30170894,0.2867146,0.268441,0.24854612,0.22909717,0.21234791,0.2003021,0.1940805,0.19341788,0.19674006,0.20180872,0.206436
67,0.2383991,0.23574002,0.2301447,0.2233124,0.21740615,0.21471019,0.21701579,0.22496445,0.23780255,0.25373414,0.27055737,0.28619474,0.2989981,0.30789262,0.31244296,0.31288353,0.31011754,0.3056586,0.30146313,0.29959518,0.30172712,0.30862683,0.31989717,0.33412454,0.34932226,0.363418,0.3746193,0.38163057,0.3837587,0.3809473,0.37375975,0.36331272,0.35114634,0.33901066,0.32855922,0.32098776,0.31672925,0.3153515,0.315724,0.31637213,0.3158561,0.3130526,0.30730486,0.29846388,0.28685686,0.27321404,0.2585756,0.24419151,0.23141979,0.2216158,0.21599767,0.21548009,0.22050795,0.23095949,0.24617034,0.26505643,0.28627068,0.30834746,0.32982716,0.34936965,0.36586267,0.37852216,0.38697538,0.39131352,0.39209786,0.39030176,0.3871738,0.38401967,0.38193136,0.38153225,0.38283157,0.38525277,0.38782495,0.38945842,0.38920942,0.3864706,0.38106516,0.37324932,0.3636384,0.35307688,0.34247792,0.33266625,0.3242635,0.3176477,0.31299216,0.31035283,0.30974823,0.31118175,0.31458938,0.31974095,0.32615167,0.33305907,0.33948693,0.3443793,0.3467651,0.34591383,0.3414563,0.33345565,0.32242292,0.30927423,0.29522774,0.28164148,0.2698059,0.26073074,0.2549961,0.2527346,0.25375304,0.25771624,0.26428372,0.27313235,0.28388104,0.29598656,0.30868757,0.3210366,0.33201596,0.34070313,0.34644577,0.34901303,0.34869763,0.34634185,0.3432573,0.341008,0.34105706,0.3443522,0.35100964,0.3602525,0.37062815,0.3803801,0.38781378,0.39156148,0.39073038,0.38495535,0.37438494,0.35962495,0.34165663,0.32174486,0.30134606,0.28201938,0.26533186,0.25273225,0.24536878,0.24386783,0.2481635,0.25748807,0.2705393,0.28572923,0.30141068,0.31604484,0.3283233,0.33726805,0.34232017,0.34341705,0.34104523,0.3362474,0.33054763,0.32574922,0.32357958,0.3252346,0.3309913,0.34009445,0.35097885,0.36169204,0.3703194,0.3752987,0.37561125,0.37088075,0.36141124,0.34817937,0.33277383,0.3172503,0.3038461,0.29451898,0.29038936,0.2913414,0.29605445,0.30245775,0.30831957,0.31170276,0.31121147,0.30608305,0.29619613,0.282043,0.26468697,0.24570371,0.22707756,0.21098347,0.19936576,0.19333209,0.19266649,0.19588493,0.20083441,0.20537744
68,0.23608306,0.23307398,0.2271964,0.2202158,0.21435969,0.2119507,0.2147583,0.22333173,0.23679437,0.2532528,0.27045694,0.28631994,0.29920304,0.30804408,0.31241444,0.31254402,0.3093184,0.30422357,0.29918852,0.29626885,0.29716602,0.30271778,0.3126176,0.32553595,0.33955055,0.35263753,0.36304685,0.36952642,0.37142986,0.36874855,0.36208865,0.35259357,0.34179673,0.33138636,0.3228813,0.3172748,0.3147709,0.31474715,0.31597224,0.31696925,0.31636882,0.31315517,0.30678898,0.2972326,0.28491235,0.2706441,0.2555411,0.24091484,0.22817126,0.21869211,0.21368632,0.214011,0.2200084,0.23143512,0.24751973,0.2671051,0.2888049,0.311139,0.33264956,0.3520102,0.3681335,0.38027155,0.38809982,0.39176872,0.39190674,0.38955587,0.38602352,0.38264936,0.38051954,0.3802051,0.38162458,0.38409394,0.3865439,0.3878145,0.38692805,0.38327998,0.3767291,0.36759523,0.35657978,0.34462875,0.33276165,0.3219002,0.31273872,0.30569384,0.30094397,0.29852635,0.29842937,0.30062154,0.30499718,0.31127146,0.31888846,0.3270017,0.3345469,0.34038565,0.34347704,0.3430373,0.33866236,0.33040035,0.3187694,0.3047185,0.28952876,0.274654,0.26150858,0.25123677,0.24453397,0.24160253,0.24226785,0.24618177,0.25298446,0.2623404,0.27385834,0.28697392,0.30088246,0.3145679,0.3269219,0.33691552,0.34378037,0.3471672,0.34725717,0.3448035,0.34107518,0.33767,0.33618382,0.33778745,0.34285727,0.35083753,0.3604042,0.36983043,0.37737858,0.3815991,0.38150397,0.37663388,0.36705098,0.3532838,0.33624443,0.31713417,0.29734898,0.27839103,0.26178008,0.24894316,0.24105403,0.2388252,0.2423236,0.250921,0.26342133,0.2782928,0.2938994,0.30868042,0.32128322,0.33067003,0.33621135,0.33776745,0.335748,0.33112913,0.32539493,0.32035524,0.31780654,0.31907165,0.32457885,0.3336997,0.34493873,0.35635227,0.36598867,0.37221956,0.37394148,0.37067914,0.3626242,0.35062745,0.336141,0.32108468,0.30759108,0.29759398,0.29231563,0.2918608,0.2951718,0.3003915,0.30540746,0.30831587,0.3076978,0.3027379,0.29324973,0.27965763,0.26295817,0.2446629,0.22669394,0.21116701,0.19997747,0.19421193,0.19367631,0.19694123,0.20190963,0.20647629
69,0.23469844,0.23127133,0.22504123,0.2178519,0.21201019,0.20988993,0.21324234,0.22251603,0.2366967,0.25377926,0.2714537,0.28761426,0.3006238,0.3094273,0.31359956,0.31336617,0.30959943,0.3037673,0.2977872,0.29372725,0.29334176,0.29755846,0.30617177,0.31793386,0.3309739,0.34329852,0.35318202,0.35939988,0.36133972,0.35903063,0.35311335,0.34474993,0.33545822,0.326855,0.3203186,0.31664544,0.3158325,0.31709975,0.31914493,0.32050487,0.31988087,0.3163544,0.30948812,0.29934067,0.28642482,0.271633,0.25614604,0.24133317,0.2286431,0.2194745,0.21501254,0.21604256,0.22280024,0.23493272,0.25158566,0.27155584,0.2934412,0.3157649,0.33708385,0.35609418,0.37173837,0.38330635,0.39051944,0.39358124,0.39317745,0.3904049,0.386613,0.38315758,0.3811035,0.38096064,0.38255727,0.38511094,0.3874675,0.38840905,0.38693148,0.38243333,0.37480286,0.36441243,0.3520369,0.3387135,0.3255647,0.31361595,0.3036512,0.2961488,0.29131407,0.28917935,0.28970394,0.29280883,0.2983241,0.30588433,0.31484112,0.3242528,0.33296743,0.33977312,0.34357247,0.34354186,0.33925262,0.330743,0.31853697,0.303608,0.28728575,0.27110237,0.25658256,0.24500367,0.2371922,0.23344837,0.23364569,0.23744218,0.24446373,0.25435513,0.26670069,0.28089964,0.29609302,0.31119207,0.32500076,0.33639112,0.34448743,0.34882772,0.34948003,0.3470948,0.34286842,0.33838674,0.33532727,0.33504832,0.33818734,0.34444997,0.35270205,0.36130485,0.36852106,0.3728462,0.37321126,0.36906913,0.3603965,0.34764212,0.33164367,0.31353128,0.29463053,0.2763733,0.2602137,0.24753074,0.23948973,0.2368536,0.23979694,0.24782467,0.25985685,0.27443418,0.28994626,0.30482185,0.31767336,0.3274127,0.33335063,0.33528316,0.33355612,0.3290905,0.3233358,0.31810418,0.3152453,0.3161856,0.32148203,0.33061883,0.34216592,0.3541922,0.3647177,0.37206006,0.37504652,0.37312162,0.3663869,0.35559183,0.34207588,0.32764056,0.3143133,0.30397353,0.29788366,0.2962962,0.29836413,0.3024273,0.30650413,0.30874738,0.3077398,0.30263624,0.29320696,0.27983022,0.2634594,0.24556766,0.228042,0.21296267,0.20218761,0.19677128,0.19650696,0.19997638,0.20510265,0.20979169
70,0.23400904,0.23014203,0.2235283,0.21609738,0.21024702,0.20841442,0.21233916,0.22236745,0.23734021,0.25513217,0.27336466,0.28990376,0.30310532,0.3119139,0.31590274,0.31529102,0.31094015,0.30430776,0.29731357,0.2920585,0.29037315,0.29329735,0.3007395,0.31153256,0.32384393,0.33569056,0.34534916,0.35160264,0.35385492,0.35215813,0.34717458,0.34007403,0.3323499,0.32554364,0.32090035,0.319043,0.31979987,0.32227412,0.32512122,0.32690084,0.3263769,0.3227094,0.3155409,0.3050045,0.2916805,0.27652273,0.26076734,0.24583107,0.23319554,0.22426605,0.22019632,0.2217016,0.22892694,0.24143726,0.25832474,0.27836406,0.3001539,0.32223177,0.3431761,0.36170945,0.37680474,0.3877867,0.3944155,0.3969367,0.39607817,0.39297378,0.3889969,0.3855048,0.38353464,0.3835401,0.38527533,0.38788265,0.3901456,0.39080518,0.388838,0.3836433,0.37512767,0.36369827,0.3501819,0.33568534,0.321417,0.3084984,0.29780757,0.2898988,0.28502226,0.28321823,0.28441867,0.28848705,0.29517174,0.30401027,0.31425393,0.3248697,0.33463174,0.34227437,0.34666416,0.34695533,0.3427076,0.3339562,0.3212307,0.30552116,0.28818938,0.27082238,0.2550289,0.24219836,0.23328187,0.2286886,0.228361,0.2319819,0.23917104,0.24955063,0.26267192,0.2778901,0.29429054,0.3107187,0.3259043,0.33863798,0.34795493,0.35329604,0.3546254,0.35248858,0.3479903,0.34266415,0.33820972,0.33611044,0.3372255,0.34152445,0.3481034,0.35546875,0.36193663,0.36598742,0.36649767,0.36284804,0.35493794,0.34313908,0.32821405,0.31121853,0.29340285,0.27612203,0.26075456,0.24861431,0.24082953,0.23817432,0.24089019,0.24858657,0.2602897,0.2746178,0.28999907,0.304867,0.31781545,0.3277238,0.33386293,0.33598593,0.33439696,0.32998157,0.32416776,0.31877047,0.31567633,0.31638363,0.32154045,0.33071277,0.34251982,0.35504153,0.3662791,0.3745129,0.3785224,0.37769762,0.37207872,0.36234504,0.3497546,0.33601642,0.32306343,0.31270325,0.30618563,0.30383357,0.30493802,0.307993,0.3111388,0.31259874,0.31098172,0.30544055,0.2957306,0.28221267,0.26582685,0.24803868,0.23073082,0.21597378,0.20559911,0.20061514,0.20076391,0.20459065,0.21000053,0.21488956
71,0.23356636,0.22927961,0.22228518,0.21460027,0.20872104,0.20716007,0.21165687,0.22246161,0.23827147,0.25683802,0.27570766,0.2927101,0.30618504,0.31506824,0.31892458,0.3179626,0.31303236,0.30558532,0.29755336,0.29108602,0.28811115,0.289802,0.2961958,0.30620807,0.31803256,0.32967597,0.33939403,0.34595427,0.34875622,0.34785667,0.34392452,0.33812603,0.3319257,0.32679653,0.32387304,0.3236444,0.32581747,0.32941914,0.33308378,0.33539346,0.33515823,0.33159167,0.32438853,0.31372976,0.30023944,0.28491214,0.26902217,0.2540192,0.24140641,0.23259,0.22869696,0.23039128,0.23775849,0.25031507,0.26712647,0.2869615,0.308428,0.33008143,0.3505233,0.3685019,0.3830173,0.39342213,0.39950454,0.40153697,0.40027115,0.3968587,0.39268056,0.38908702,0.38709185,0.38711134,0.38885543,0.39142394,0.39356628,0.39399987,0.3916882,0.38602635,0.37692514,0.36480546,0.3505196,0.33521515,0.3201589,0.30654708,0.2953403,0.2871689,0.28233534,0.28089604,0.2827584,0.2877245,0.29545528,0.3053904,0.31668928,0.32824576,0.33878422,0.34701046,0.35177806,0.35223764,0.34795046,0.33895585,0.32578966,0.3094519,0.29132175,0.27301723,0.25619924,0.24233514,0.23247346,0.22712062,0.22629192,0.22970608,0.2369855,0.24773322,0.26146832,0.27750582,0.29488572,0.3124046,0.32874,0.3426251,0.35302997,0.3593197,0.36137092,0.35963207,0.35510963,0.3492572,0.3437443,0.34010902,0.33936515,0.34170938,0.34647393,0.35234877,0.35775414,0.36120203,0.3615505,0.35813305,0.3507875,0.33981767,0.32591522,0.3100628,0.29343563,0.2773116,0.26299146,0.25171643,0.24455865,0.24226892,0.24511015,0.25275314,0.2643023,0.2784448,0.29365382,0.30838314,0.32122886,0.3310618,0.33713937,0.33919987,0.33753404,0.3330178,0.32707608,0.32153133,0.3182915,0.31889012,0.32401758,0.33327705,0.34530956,0.3581991,0.36993742,0.3787876,0.38350788,0.38346398,0.378668,0.36976406,0.3579631,0.3449114,0.33246455,0.3223516,0.31576958,0.31304327,0.31352526,0.3158062,0.3181221,0.31876805,0.31639752,0.3101881,0.2999103,0.28593907,0.26923296,0.2512824,0.23399678,0.21946152,0.20949028,0.20502837,0.20572636,0.21004619,0.2158399,0.22097614
72,0.23282759,0.22817402,0.22082715,0.21288751,0.20695297,0.20562382,0.21065676,0.22222099,0.23887809,0.25825793,0.27782828,0.29537562,0.30921522,0.31826544,0.32207495,0.32083565,0.31538248,0.3071605,0.2981177,0.29046148,0.28623176,0.2867535,0.2922081,0.3015983,0.31313562,0.3247983,0.33479843,0.34186518,0.3453723,0.34536222,0.3424957,0.33792755,0.3330962,0.32942465,0.3279726,0.32914376,0.3325719,0.33724114,0.34177625,0.3447726,0.34506384,0.34188825,0.3349625,0.3244863,0.31110093,0.29581842,0.2799312,0.26490626,0.25225934,0.24339889,0.23944098,0.24102892,0.24822623,0.26053396,0.27701178,0.2964317,0.31741226,0.33852538,0.35839266,0.3757838,0.3897196,0.39957097,0.40514052,0.40671045,0.40503708,0.40127146,0.39678928,0.39293253,0.39070573,0.39051706,0.39207044,0.39446113,0.39643365,0.3966987,0.3942108,0.38835415,0.37902877,0.36664724,0.3520601,0.33642444,0.3210326,0.30712444,0.29571864,0.28750658,0.28283802,0.28178665,0.28423885,0.28993997,0.29847184,0.30919096,0.3211875,0.33330956,0.34426057,0.35274446,0.357624,0.35806364,0.35363802,0.3443973,0.33088464,0.31410486,0.29544196,0.27652356,0.25903162,0.24447213,0.23395091,0.22804074,0.22681496,0.2300274,0.23730975,0.24825451,0.26235938,0.2789142,0.29693386,0.31519043,0.3323359,0.34707302,0.35833266,0.36542797,0.3681682,0.36691844,0.36259016,0.35654315,0.35037932,0.34562936,0.34338713,0.3440139,0.3470495,0.3513773,0.3555565,0.35817367,0.35810798,0.3546768,0.34767884,0.33736488,0.3243651,0.3095956,0.2941616,0.27926865,0.2661441,0.25595638,0.24971111,0.24810943,0.25139424,0.25925118,0.27082554,0.28485388,0.29985318,0.31430984,0.32684302,0.33634114,0.34207737,0.34380627,0.3418361,0.33706126,0.3309242,0.3252612,0.32198632,0.3226296,0.32786945,0.337294,0.34953198,0.362661,0.3746726,0.38383445,0.38891253,0.38928142,0.3849599,0.3765924,0.3653774,0.35292825,0.34104252,0.33136988,0.32502604,0.32228157,0.32248253,0.32425743,0.32590336,0.3257788,0.32259244,0.31556857,0.3045201,0.28986552,0.2726124,0.2543061,0.23691085,0.22254756,0.21301584,0.20917736,0.21055117,0.21547425,0.22171769,0.22711259
73,0.23128209,0.22633705,0.21868281,0.21049276,0.20446527,0.20330079,0.20879638,0.22106272,0.23853987,0.25874096,0.2790539,0.29721707,0.31151453,0.32083958,0.32471678,0.32331392,0.3174444,0.308542,0.29856837,0.28978968,0.2843643,0.28378147,0.28838074,0.29726,0.3086446,0.32047054,0.33088744,0.33856553,0.34283277,0.34370026,0.34180826,0.33829668,0.33458808,0.33208218,0.33180696,0.3341307,0.3386574,0.34435344,0.34983674,0.35370135,0.3547792,0.35230348,0.34598216,0.33600464,0.32300276,0.30798206,0.29223323,0.2772263,0.2644836,0.25542238,0.25116947,0.25238135,0.25913683,0.27095112,0.28689456,0.3057473,0.3261364,0.3466453,0.36590958,0.38271362,0.39609033,0.40541756,0.41049787,0.41160592,0.4094844,0.40526766,0.4003176,0.39597204,0.39324638,0.39257523,0.393698,0.39574388,0.39748082,0.39762786,0.39513305,0.3893624,0.38018984,0.36799863,0.35361144,0.33816457,0.32294232,0.3091934,0.2979623,0.28997612,0.28561652,0.28496948,0.2879045,0.29412216,0.30314413,0.31426972,0.32654986,0.3388183,0.34978667,0.35818192,0.36289656,0.36312416,0.35846347,0.3489812,0.33522895,0.3182121,0.299309,0.2801384,0.26237476,0.24752396,0.23670432,0.23051326,0.22905366,0.23210315,0.23930508,0.2502528,0.26444027,0.28115454,0.29941157,0.3179872,0.33553612,0.35075805,0.36257043,0.3702583,0.37358466,0.37284786,0.36887348,0.36292404,0.35651106,0.35111135,0.3478323,0.34713003,0.3487015,0.3516059,0.35455397,0.35623735,0.35559118,0.35194877,0.3450954,0.3352482,0.32299033,0.30918238,0.29486912,0.28119326,0.2693167,0.26033938,0.25519526,0.25451657,0.25849223,0.26678124,0.27853265,0.29250935,0.30726558,0.3213284,0.3333583,0.34228575,0.34742805,0.34858605,0.34611535,0.34095535,0.3345852,0.3288596,0.32568276,0.3265416,0.3320479,0.34172243,0.3541474,0.36738405,0.37943348,0.38859072,0.39365894,0.39405417,0.38983598,0.38168272,0.37081248,0.3588333,0.34750265,0.33839253,0.33251625,0.3300465,0.3302671,0.331793,0.33294868,0.3321434,0.32814598,0.3202435,0.30831346,0.29284263,0.27491295,0.25615004,0.23859538,0.22441976,0.21540579,0.2123062,0.21446966,0.22007445,0.22679377,0.2324205
74,0.22855297,0.22340566,0.21550012,0.2070663,0.20089713,0.19980514,0.20565523,0.21852846,0.23676175,0.25775915,0.27883,0.29766217,0.312504,0.32221764,0.32629648,0.32487625,0.31874055,0.30930337,0.29853147,0.2887426,0.2822103,0.2805922,0.28439695,0.2928273,0.30412453,0.31617504,0.32705253,0.33535227,0.3403403,0.34198186,0.34088776,0.33818334,0.33528942,0.3336134,0.33419558,0.3374162,0.3428867,0.34957334,0.35608503,0.3609973,0.3631149,0.3616374,0.35623568,0.3470616,0.33471236,0.32016498,0.30469,0.28974792,0.2768637,0.26747128,0.26272938,0.2633391,0.26942784,0.28055137,0.29580542,0.31398186,0.33371326,0.35358804,0.37224832,0.38848472,0.40133265,0.41016528,0.41477108,0.4154013,0.41276875,0.4079781,0.4023717,0.3972898,0.39378032,0.3923386,0.39277968,0.3943035,0.39572784,0.39579362,0.39344415,0.38801995,0.37935475,0.3677832,0.3540766,0.33932278,0.32476655,0.31163132,0.3009533,0.29346567,0.28956127,0.28933015,0.29262915,0.29912978,0.30831832,0.3194671,0.33161998,0.3436269,0.35423455,0.36221564,0.36651024,0.36635464,0.36138105,0.35167804,0.33780652,0.32076877,0.30192837,0.28287873,0.265261,0.25054476,0.23981635,0.23365338,0.23215388,0.23510173,0.24215108,0.25290778,0.26688188,0.28338322,0.30145696,0.31991133,0.3374314,0.35274002,0.36476555,0.3727876,0.3765431,0.37628096,0.37275288,0.367127,0.36081302,0.35520235,0.35136393,0.34978515,0.3502626,0.3519961,0.35384038,0.35460585,0.35330868,0.34932572,0.34245414,0.33289889,0.3212135,0.30821797,0.29491004,0.2823815,0.2717392,0.26401994,0.26008278,0.2604762,0.26530877,0.27418026,0.28621328,0.3001766,0.3146547,0.32822058,0.3395905,0.347758,0.35210893,0.35251644,0.34940898,0.3437931,0.3371987,0.33149952,0.32857057,0.32981607,0.33573046,0.345721,0.35829604,0.37149465,0.38333935,0.39217487,0.39686948,0.39691076,0.39242926,0.38416743,0.3733907,0.36172548,0.35090438,0.34242314,0.337176,0.3352039,0.33568504,0.33718088,0.33801574,0.3366382,0.33187947,0.32310084,0.310261,0.29393387,0.27529514,0.25606933,0.23839088,0.2244868,0.2161114,0.21387748,0.21692665,0.22325496,0.23043358,0.23622681
75,0.2244572,0.21920429,0.21111143,0.20244405,0.19607842,0.19494873,0.20101784,0.21437064,0.23326255,0.25499856,0.27681288,0.2963434,0.31180063,0.3220118,0.3264334,0.3251619,0.31894246,0.30915868,0.29776996,0.2871312,0.2796185,0.27705228,0.28011492,0.28812432,0.29934463,0.3116127,0.32291993,0.33177638,0.3373742,0.33962193,0.33909392,0.33690274,0.33448225,0.3332777,0.33438343,0.3382348,0.34448308,0.35210827,0.35970572,0.36581534,0.36919138,0.36897424,0.36477223,0.3566758,0.34522566,0.33135062,0.3162852,0.3014691,0.28842616,0.27861297,0.27323672,0.27306852,0.27831233,0.2885882,0.30303138,0.32045037,0.3394807,0.35870963,0.37677804,0.39247423,0.40482676,0.41319337,0.41733634,0.41747007,0.4142642,0.40878302,0.40234497,0.39629856,0.39174244,0.38926277,0.38878575,0.38961557,0.3906442,0.39064726,0.3885656,0.38370776,0.3758552,0.36527735,0.35267365,0.33905935,0.3256119,0.3134984,0.30371484,0.29697144,0.2936514,0.2938397,0.2973851,0.3039467,0.3130009,0.3238227,0.335479,0.34686324,0.3567808,0.3640694,0.3677321,0.36705953,0.36172554,0.35184506,0.3379893,0.3211542,0.30268013,0.28412017,0.2670584,0.2528943,0.24264088,0.23681374,0.23547268,0.23838957,0.24522701,0.25561374,0.2690951,0.28502792,0.30251333,0.3204188,0.33748528,0.35248253,0.3643719,0.37244797,0.3764406,0.37656575,0.3735139,0.36836544,0.36242414,0.35697648,0.35301554,0.35100833,0.35079724,0.35168093,0.35263717,0.35259423,0.35066253,0.34628248,0.3392849,0.3298829,0.31861925,0.3062901,0.2938615,0.2823879,0.27293116,0.26646942,0.26378366,0.2653261,0.2711055,0.28063968,0.29300436,0.30696076,0.32111922,0.33410293,0.34469554,0.35196993,0.3553998,0.35495076,0.3511431,0.3450656,0.3383062,0.3327514,0.33022368,0.3320061,0.3384322,0.34876168,0.36141276,0.37440392,0.38579345,0.39399704,0.39797238,0.3973038,0.39221823,0.38354644,0.37262398,0.36111462,0.3507378,0.3429131,0.33840132,0.3370849,0.33800462,0.3396398,0.34029597,0.33845353,0.33300808,0.32340375,0.3096921,0.2925474,0.27325225,0.25364226,0.23595285,0.22246501,0.21488374,0.21364515,0.21765083,0.22470315,0.23228066,0.23813853
76,0.21902162,0.21376202,0.20555252,0.19666913,0.19005482,0.18877055,0.19490689,0.2085886,0.22801377,0.2504,0.27291232,0.29314142,0.3092609,0.32006148,0.32495937,0.32400653,0.31790188,0.30798855,0.29620424,0.28492278,0.2766022,0.2732099,0.27559775,0.28320578,0.29433155,0.30676895,0.31842816,0.32772994,0.33378544,0.3364384,0.33622104,0.33423394,0.33193624,0.3308369,0.33212167,0.3363207,0.34315464,0.3516301,0.360325,0.3677286,0.3725239,0.37377045,0.3709929,0.36420044,0.35385904,0.34083343,0.32630837,0.31169316,0.29850578,0.28822777,0.2821252,0.2810567,0.28532463,0.2946335,0.3081725,0.3247727,0.34307215,0.3616521,0.37914538,0.3943305,0.40622124,0.41415143,0.41784775,0.41747782,0.4136579,0.40740335,0.40000397,0.39281878,0.38700923,0.38327405,0.38167948,0.38166267,0.38221246,0.38215214,0.3804233,0.37629864,0.36949778,0.36021146,0.3490504,0.3369371,0.3249578,0.3141967,0.30558205,0.299776,0.29713398,0.29772878,0.30140612,0.3078287,0.31648624,0.32668307,0.33753455,0.34800074,0.35696474,0.36334485,0.36621943,0.36494294,0.3592374,0.3492481,0.33555722,0.3191515,0.30134043,0.2836226,0.2675025,0.2542784,0.24485287,0.23964335,0.23864353,0.24159843,0.24817738,0.2580407,0.27078483,0.28583416,0.30236858,0.3193378,0.33556077,0.34987476,0.36129338,0.36914408,0.37316644,0.3735586,0.3709627,0.36637956,0.36100784,0.35601828,0.3523026,0.35026866,0.34975964,0.35013255,0.35046113,0.34978068,0.34729883,0.342531,0.3353576,0.32601768,0.3150607,0.30327588,0.2916131,0.28110236,0.27276933,0.2675361,0.26610106,0.26881012,0.27555916,0.2857715,0.29846606,0.31239083,0.3261816,0.3385165,0.34825528,0.35456204,0.35701144,0.35567492,0.35117596,0.34469247,0.33786893,0.33259118,0.33060205,0.33302805,0.34000966,0.35064027,0.3632454,0.3758327,0.38651225,0.39378956,0.39673102,0.39503676,0.38904858,0.37970358,0.3684245,0.35692665,0.34692448,0.3397597,0.3360469,0.33548912,0.3369674,0.3388615,0.3394479,0.3372364,0.33119026,0.32084286,0.30634686,0.28848493,0.26865444,0.24880789,0.23128271,0.21840204,0.21179058,0.21166624,0.21666414,0.22439574,0.23226947,0.23805866
77,0.2124609,0.20729004,0.19903968,0.18996984,0.18306826,0.18152076,0.18757115,0.20141993,0.22123325,0.24415489,0.26728854,0.28818303,0.30497837,0.31643015,0.32191357,0.32143348,0.31563783,0.30582127,0.29388738,0.2822099,0.27330363,0.2692576,0.27107787,0.27832636,0.28934392,0.3018932,0.31381086,0.32343084,0.32978097,0.33263493,0.3324775,0.33039582,0.3278813,0.32652628,0.32763946,0.33188182,0.33907288,0.34825984,0.35800174,0.36672482,0.37302437,0.37586123,0.37465987,0.36933297,0.36025825,0.34822404,0.33435497,0.3200216,0.30673087,0.29598776,0.28912103,0.28708634,0.29029852,0.29856247,0.31113413,0.32687446,0.34442523,0.36235887,0.37929544,0.39399827,0.4054609,0.41298792,0.41626474,0.4154059,0.41096786,0.4039102,0.39548853,0.38706982,0.3798818,0.37474757,0.37189272,0.37091032,0.37090638,0.37076527,0.3694349,0.36615074,0.36056453,0.35277852,0.34330186,0.33294803,0.32269275,0.31351596,0.30625585,0.30150747,0.29958537,0.30054605,0.3042383,0.31034312,0.3183838,0.32771558,0.33752277,0.34684935,0.35467026,0.35999548,0.36198723,0.36007044,0.35402006,0.34401444,0.33064732,0.3148937,0.2980251,0.2814721,0.26663855,0.25469333,0.24639758,0.24204275,0.24153732,0.24459058,0.2508786,0.2600997,0.2719128,0.28582457,0.30111054,0.31682053,0.3318692,0.34517795,0.35582843,0.36319616,0.36704472,0.3675683,0.36537305,0.36138955,0.3567154,0.35240108,0.34922102,0.34749648,0.34703642,0.3472214,0.34719342,0.34607875,0.3431772,0.33808345,0.33073735,0.32141697,0.31069332,0.29936367,0.28837553,0.27874568,0.27146977,0.26741442,0.2671907,0.2710314,0.2787137,0.28956336,0.30254203,0.31638607,0.3297598,0.34140104,0.35025182,0.35557428,0.35705107,0.35486528,0.3497467,0.34296036,0.33619726,0.33132216,0.3299699,0.33308208,0.34058857,0.35141507,0.36380523,0.37577182,0.38549304,0.39157876,0.39321706,0.39023548,0.38310194,0.372871,0.36106378,0.3494568,0.33976483,0.33324903,0.3303664,0.330625,0.33273247,0.33496076,0.3355553,0.33305717,0.32650137,0.3155157,0.3003587,0.28192577,0.2617318,0.24184693,0.2247044,0.21264808,0.20718172,0.20826216,0.21424258,0.2225622,0.23059301,0.23615824
78,0.20512794,0.20013009,0.19191614,0.1827047,0.17550252,0.17360923,0.17943801,0.19329658,0.21334428,0.23666605,0.26031438,0.28180405,0.2992472,0.31136847,0.31750467,0.3176144,0.312294,0.30278626,0.29095244,0.27915007,0.26992503,0.2654558,0.2668751,0.27385506,0.28478476,0.29740903,0.30950406,0.31932563,0.32582107,0.3286922,0.3283717,0.32592914,0.32288936,0.3209394,0.32153502,0.32550022,0.3327828,0.34248745,0.35315615,0.36314392,0.37094536,0.37540978,0.37584952,0.37207082,0.36435422,0.35340405,0.34027797,0.32630178,0.31296614,0.30179566,0.2941797,0.2911724,0.29330695,0.3004979,0.3120776,0.32694376,0.34374434,0.36104256,0.37744346,0.39169273,0.40276155,0.40992352,0.41282123,0.4115143,0.40649655,0.39866748,0.38924244,0.37958935,0.3709969,0.3644126,0.3602296,0.35821182,0.3575991,0.35735035,0.35642743,0.35403076,0.34974188,0.34356892,0.3359105,0.32745928,0.31906623,0.3115909,0.30576634,0.30210787,0.30088222,0.30212975,0.30570957,0.31133437,0.3185774,0.32686147,0.33545455,0.34349576,0.35006028,0.35425565,0.35533217,0.3527882,0.34645402,0.3365425,0.32365903,0.30876443,0.29308578,0.27797326,0.26471102,0.254315,0.24738179,0.24405989,0.24416359,0.24736433,0.2533466,0.2618508,0.27260414,0.2852033,0.29902935,0.3132436,0.32686836,0.33892137,0.34856424,0.35523242,0.3587258,0.35924682,0.35737762,0.35398898,0.350084,0.34659317,0.3441652,0.3430168,0.3428974,0.3431829,0.34305856,0.3417235,0.33856007,0.3332401,0.32576692,0.31646588,0.3059403,0.2950072,0.28462267,0.2757983,0.26950377,0.26654944,0.26745617,0.27234185,0.28086713,0.2922661,0.30545038,0.31915098,0.3320658,0.34299603,0.35096872,0.35534588,0.3559186,0.35297975,0.34736025,0.34040162,0.3338235,0.32944527,0.32876793,0.3325312,0.34045446,0.35131085,0.36328337,0.37440902,0.38294786,0.38762295,0.38774958,0.38328654,0.37483126,0.3635601,0.3510981,0.3392891,0.3298516,0.32396346,0.32191557,0.32301104,0.3257783,0.32838148,0.3290386,0.32632688,0.31935748,0.30785576,0.29218802,0.2733628,0.25301167,0.2333179,0.21679725,0.20578359,0.20161194,0.20393986,0.21083985,0.21961354,0.22763748,0.2328165
79,0.19744924,0.19268742,0.1845819,0.17528929,0.1678085,0.1655319,0.17104328,0.18477827,0.20491159,0.22848593,0.25251526,0.2744906,0.29250485,0.3052586,0.31205642,0.31281596,0.3080861,0.29906002,0.28755495,0.27590224,0.2666559,0.26204813,0.26329964,0.2701672,0.2810837,0.2937873,0.30601043,0.31594455,0.32246506,0.32520452,0.32454103,0.32152104,0.3176983,0.31485692,0.31461415,0.31798285,0.3250673,0.3350491,0.34645912,0.35757703,0.36678857,0.3728232,0.37487474,0.37263814,0.36629343,0.35645816,0.34412056,0.33055872,0.31724325,0.30571318,0.29741234,0.2934875,0.29458725,0.30073684,0.31134924,0.325363,0.34143555,0.35812217,0.3740136,0.38783872,0.39854777,0.40538558,0.40795472,0.40626255,0.40074155,0.3922301,0.38189805,0.37110463,0.3611868,0.35320532,0.34771624,0.34465867,0.34341687,0.3430361,0.34250137,0.34098348,0.33799556,0.33345002,0.32763076,0.32110265,0.31458312,0.30880216,0.30437967,0.30174652,0.301121,0.30253136,0.3058558,0.31085038,0.3171511,0.3242598,0.33153662,0.3382211,0.3434907,0.34655046,0.34673798,0.34362411,0.33709368,0.32739395,0.31514138,0.3012804,0.28698814,0.27352375,0.26203644,0.25337252,0.24795143,0.24577332,0.24655946,0.24994677,0.25563106,0.26339605,0.2730374,0.28424248,0.29649982,0.30908623,0.32113725,0.3317737,0.34024477,0.34605446,0.34904873,0.34944952,0.3478266,0.34500256,0.34189507,0.33931917,0.33779553,0.3374261,0.3378835,0.33851784,0.33853596,0.33719173,0.33393732,0.32851508,0.32099074,0.3117401,0.3014049,0.2908295,0.28098565,0.27288494,0.26747313,0.26550472,0.2674116,0.27320224,0.28243154,0.29425505,0.3075464,0.3210399,0.3334715,0.34370708,0.3508572,0.3543799,0.35416844,0.3506164,0.34464255,0.33764672,0.33135423,0.32751447,0.32747668,0.33177727,0.33994272,0.35062212,0.36196494,0.37205058,0.37922964,0.38234022,0.3808224,0.37476206,0.3648819,0.35247785,0.33927926,0.32720044,0.3179666,0.31267208,0.3114375,0.31335792,0.31678426,0.31977907,0.32054022,0.31768674,0.3104089,0.29853004,0.28252283,0.26350585,0.24322231,0.22395927,0.20829462,0.19851309,0.19573194,0.1992851,0.20698704,0.21604973,0.2238967,0.22854093
80,0.1898611,0.18536587,0.17742616,0.16812435,0.16042814,0.15779291,0.16295396,0.1764772,0.19656806,0.2202449,0.2444994,0.26681235,0.28526857,0.298555,0.3059535,0.30735046,0.30325702,0.29482546,0.28383437,0.27258614,0.26362556,0.25920227,0.2605776,0.26755318,0.2785895,0.2914243,0.30376366,0.3137533,0.32021102,0.3227082,0.32157,0.31781545,0.31301913,0.30905592,0.30770743,0.31019112,0.3167912,0.32678583,0.33870423,0.35075092,0.36119962,0.36865702,0.37219763,0.37140623,0.3663646,0.3576062,0.34605205,0.33293346,0.31969956,0.30789906,0.2990216,0.29429492,0.2944714,0.29967865,0.3094064,0.3226343,0.3380312,0.35414734,0.3695625,0.3829928,0.39337263,0.39992407,0.40221652,0.40021205,0.39428782,0.38522393,0.3741424,0.3623841,0.35131735,0.34209567,0.3354208,0.33139828,0.3295581,0.329039,0.32885835,0.32816496,0.32640916,0.32341084,0.3193398,0.314632,0.3098691,0.30564997,0.3024816,0.30071303,0.30051956,0.301925,0.30483595,0.30906177,0.3143104,0.3201692,0.32609323,0.33142105,0.33542797,0.3374106,0.3367872,0.33319563,0.32657146,0.31719398,0.30568957,0.29298475,0.28020278,0.26850495,0.2588964,0.25204673,0.24819717,0.24720556,0.24870881,0.2523163,0.25773758,0.26479807,0.27335733,0.28318745,0.29387903,0.3048205,0.3152592,0.32441962,0.33164138,0.336502,0.33890098,0.33908972,0.33763796,0.3353329,0.33301887,0.33140394,0.3308838,0.33144188,0.33266354,0.33385703,0.33423278,0.3330817,0.32991126,0.3245242,0.31704286,0.307892,0.29775313,0.28750098,0.27812627,0.2706432,0.26597604,0.26482716,0.26754758,0.27405053,0.28380343,0.2959017,0.30919492,0.32242876,0.33437946,0.3439748,0.35040256,0.35320723,0.35237157,0.34837368,0.3422004,0.33528653,0.3293383,0.32601517,0.32650903,0.3311684,0.33935958,0.34964424,0.3601659,0.36906037,0.37477088,0.37624478,0.3730369,0.36534828,0.3540156,0.34044525,0.32646686,0.31406626,0.30497986,0.30022293,0.29974943,0.3024515,0.30651134,0.3099004,0.3108047,0.30788887,0.30042213,0.28832245,0.27216324,0.25316623,0.23317681,0.21457087,0.199961,0.19153948,0.19016492,0.19484705,0.20318736,0.21236295,0.21988091,0.22387946
81,0.18276258,0.17852268,0.17078185,0.16154735,0.15374006,0.15084353,0.15570274,0.16899025,0.18894617,0.21258368,0.23689274,0.25936103,0.27807972,0.2917353,0.2996004,0.3015443,0.29805523,0.2902594,0.279909,0.26928216,0.26090237,0.2570016,0.25882825,0.26617795,0.2775114,0.290566,0.30303806,0.31304932,0.31937948,0.32155326,0.31985047,0.31526238,0.30937645,0.30414602,0.30150777,0.30288565,0.30875677,0.3185116,0.33068797,0.34341982,0.35487083,0.36352822,0.3683526,0.3688257,0.3649394,0.3571512,0.34632218,0.33364204,0.32054022,0.30857182,0.29926255,0.29390547,0.29333726,0.29776976,0.30675697,0.31931388,0.33412063,0.34972593,0.36470428,0.377766,0.38783786,0.39412856,0.3961847,0.39393395,0.38770843,0.37823746,0.36659732,0.35410377,0.34213936,0.33192468,0.32427898,0.3194521,0.31710818,0.31647873,0.31661907,0.31666493,0.31601262,0.31439736,0.31188127,0.3087768,0.30553544,0.30263135,0.3004669,0.29931888,0.29932967,0.3005288,0.30286062,0.30619606,0.31032053,0.31490883,0.31950787,0.3235478,0.32639095,0.3274126,0.3260997,0.32214668,0.3155326,0.3065646,0.29587737,0.2843793,0.2731396,0.2632207,0.2554836,0.2504253,0.24811946,0.24829596,0.2505204,0.2543819,0.25960487,0.2660522,0.27363902,0.28221127,0.29144976,0.30084363,0.3097433,0.31747124,0.3234549,0.32734638,0.32910386,0.32901722,0.3276689,0.32582596,0.32427472,0.32362923,0.32416826,0.3257582,0.32789144,0.32982278,0.33075023,0.32998443,0.3270722,0.32186338,0.31452757,0.30553243,0.29559612,0.28562263,0.2766218,0.26961204,0.2655005,0.26494682,0.2682377,0.27521372,0.28527907,0.29748967,0.31068465,0.32362634,0.3351297,0.34417745,0.35002315,0.35228267,0.35100985,0.3467456,0.34052044,0.33377838,0.3281843,0.3252965,0.3261582,0.33096048,0.33895215,0.3486464,0.35820505,0.36582798,0.37004623,0.36990356,0.36505234,0.3557901,0.34304923,0.32833168,0.3135583,0.3007858,0.2917695,0.28745806,0.28765294,0.2910588,0.29570472,0.29948324,0.3005748,0.29768962,0.2901707,0.27802226,0.26190823,0.24314155,0.2236553,0.20589316,0.19246982,0.18544447,0.1853968,0.19104198,0.199831,0.20895813,0.21603873,0.21934095
82,0.17649768,0.17245695,0.16491808,0.15582463,0.14804605,0.1450582,0.14975199,0.16285354,0.18262723,0.20610094,0.23028813,0.25270426,0.27146426,0.2852702,0.2934023,0.29573074,0.2927403,0.28555122,0.27590737,0.26607227,0.25854015,0.2554906,0.2581017,0.26610547,0.2779285,0.29130322,0.30393156,0.31393453,0.32007757,0.32185894,0.3195276,0.31405312,0.30703157,0.30048057,0.2964731,0.29662547,0.30160475,0.31091926,0.3231231,0.33628651,0.34847084,0.35805362,0.3638934,0.36538264,0.36243728,0.35545263,0.34524184,0.3329624,0.32002908,0.30800226,0.29843432,0.29266468,0.29158875,0.2954757,0.3039224,0.3159672,0.33029863,0.34546763,0.36005068,0.3727617,0.3825303,0.38856366,0.39039862,0.38794246,0.38149616,0.37175056,0.35974315,0.34676313,0.33419353,0.32329535,0.3149705,0.3095787,0.30689305,0.3062257,0.30666965,0.30735484,0.30763474,0.3071724,0.3059347,0.3041233,0.30207288,0.30014747,0.29865983,0.29782942,0.29777917,0.29855564,0.30015004,0.30250108,0.3054743,0.30882955,0.3121975,0.31508642,0.316928,0.31715748,0.31531215,0.31112817,0.3046173,0.2961087,0.28624424,0.27591673,0.26614645,0.2579045,0.25191897,0.24853021,0.2476641,0.24894167,0.25187063,0.25602534,0.2611439,0.26712006,0.27391398,0.28143105,0.2894258,0.29747134,0.3050059,0.31143788,0.31627452,0.31923956,0.320352,0.31994858,0.31863818,0.31718567,0.3163388,0.31663552,0.3182506,0.32093927,0.32409897,0.32692146,0.3285774,0.32837972,0.3258969,0.32101038,0.3139242,0.30513933,0.29540387,0.28564638,0.2768941,0.27017134,0.26637575,0.26614043,0.26971203,0.27688757,0.287036,0.29919466,0.31220353,0.32484373,0.33596346,0.34458897,0.35002372,0.35193542,0.35042626,0.34607473,0.33992836,0.3334159,0.32814404,0.32556933,0.32660788,0.33133423,0.33892614,0.3478849,0.35640925,0.3627646,0.36555862,0.363913,0.35755494,0.34685403,0.3328142,0.31701177,0.30144477,0.2882382,0.27917752,0.2751678,0.27588636,0.27987754,0.28503856,0.2891952,0.2905244,0.28777593,0.28035545,0.26833925,0.25246602,0.23412272,0.21530978,0.19851209,0.18631263,0.18060996,0.18171488,0.18810676,0.19715519,0.20611207,0.21271023,0.21534011
83,0.17136872,0.16743271,0.16007122,0.15118659,0.14360271,0.14075333,0.14549394,0.15852547,0.17811355,0.20132102,0.22521353,0.24735795,0.26591212,0.27961197,0.28776443,0.29026172,0.28760818,0.2809421,0.2720204,0.2631044,0.25665125,0.2547517,0.2584545,0.26736918,0.27985358,0.29362947,0.3064189,0.3163659,0.32224777,0.32356104,0.3205441,0.31415814,0.30601016,0.29817027,0.29282364,0.29175067,0.2957862,0.30454633,0.3166015,0.3299659,0.34261084,0.35282043,0.3593698,0.36158183,0.35931608,0.35292417,0.34318766,0.33124483,0.31850395,0.30653143,0.29689723,0.2909665,0.2896627,0.2932784,0.30142477,0.31314644,0.32713544,0.3419484,0.35617238,0.3685355,0.37798226,0.38373154,0.38532498,0.38266546,0.37603962,0.3661155,0.3539042,0.34067225,0.3277948,0.3165495,0.30788362,0.30222386,0.29941484,0.29882538,0.29957798,0.300801,0.30181742,0.3022343,0.30194178,0.30105034,0.29979828,0.2984604,0.2972802,0.29643804,0.2960526,0.29619923,0.29692447,0.29823962,0.30009055,0.3023161,0.304618,0.3065632,0.3076291,0.30728567,0.30509692,0.3008212,0.2944892,0.28644544,0.27733877,0.2680528,0.25957134,0.25279227,0.24833375,0.24640624,0.24681392,0.24908939,0.25269344,0.25718808,0.26232103,0.26800865,0.27424368,0.2809749,0.28801087,0.2949874,0.30141008,0.3067556,0.310598,0.3127252,0.31321678,0.31246346,0.31111538,0.30995625,0.3097197,0.31089085,0.31355858,0.31737667,0.32164767,0.32549182,0.32803738,0.3285812,0.32669446,0.3222725,0.31553882,0.30701536,0.29747057,0.28785118,0.27919853,0.27254552,0.26879123,0.26856306,0.27209753,0.27918124,0.2891773,0.30112448,0.3138728,0.32622144,0.33704287,0.3453925,0.35060456,0.3523762,0.3508327,0.34656364,0.3406078,0.33435765,0.32935208,0.32695475,0.32798505,0.33244586,0.33948898,0.3476354,0.35513353,0.3603105,0.36183533,0.35888526,0.35123613,0.33930126,0.32412732,0.30733848,0.2909898,0.27726823,0.26800337,0.2640905,0.26512685,0.26953694,0.27511287,0.27962402,0.28124034,0.27873877,0.27156982,0.259862,0.24440771,0.22664516,0.20861647,0.19281773,0.18177159,0.17721023,0.1792186,0.18611841,0.19526143,0.20398097,0.21012153,0.21217804
84,0.16766627,0.16371986,0.15649582,0.14788482,0.14067753,0.13823071,0.14327274,0.15638821,0.1758164,0.19867559,0.22211277,0.24376963,0.26186624,0.27519107,0.28309792,0.28552386,0.28301787,0.27676198,0.26854873,0.2606482,0.25546902,0.25497308,0.2600207,0.27004626,0.2833105,0.29752216,0.31043792,0.32024786,0.32576743,0.3265179,0.32275185,0.31544122,0.306213,0.2971836,0.2906258,0.28844526,0.29160455,0.29979914,0.3116057,0.3249876,0.33784258,0.34838325,0.35532582,0.3579482,0.35607773,0.3500444,0.34061772,0.32893255,0.31640083,0.30459708,0.2950996,0.28927672,0.28804582,0.29168448,0.2997858,0.3113813,0.32516077,0.33969054,0.35357723,0.36557445,0.37465385,0.38005936,0.3813525,0.3784486,0.37163824,0.36158505,0.3492893,0.33600405,0.32309324,0.3118315,0.3031748,0.29756987,0.29488716,0.29451916,0.2956025,0.297265,0.29881138,0.2998121,0.30010352,0.29972976,0.29885852,0.29770052,0.29645312,0.29527742,0.29430348,0.29364726,0.29341868,0.29370543,0.2945319,0.29580703,0.29728627,0.29857057,0.29915345,0.29850847,0.2961981,0.29197955,0.2858868,0.27827182,0.269792,0.26133248,0.25386074,0.24822992,0.24498294,0.24423583,0.24570124,0.24884276,0.25308222,0.25796813,0.26325107,0.26885992,0.27480656,0.28106543,0.2874776,0.29371753,0.29933402,0.30385014,0.3068895,0.30829304,0.30819753,0.30705336,0.30556732,0.304566,0.30479828,0.30672574,0.31037492,0.3153113,0.32074443,0.3257144,0.3292917,0.33073756,0.3296057,0.32578665,0.31950668,0.3112951,0.3019298,0.29236776,0.283661,0.27685383,0.27285874,0.27232027,0.2754961,0.28219658,0.29180837,0.30339125,0.31581318,0.3278888,0.33850485,0.3467294,0.35190716,0.35374105,0.35235447,0.3483225,0.34265238,0.33668432,0.33188647,0.32954484,0.33041552,0.33447328,0.3408839,0.3482135,0.35476822,0.3589298,0.35941163,0.35542282,0.34676063,0.33385223,0.3177562,0.30011356,0.28301042,0.26868328,0.259018,0.25494137,0.25602928,0.26064008,0.2664936,0.27131173,0.27324927,0.27109164,0.2643113,0.2530642,0.23817065,0.22109336,0.20388691,0.1890291,0.17896427,0.17527743,0.1778963,0.18506856,0.19417854,0.20264809,0.20841615,0.2100575
85,0.16568786,0.16162099,0.15449855,0.14623037,0.13958488,0.13780278,0.14339313,0.15674154,0.17604057,0.19848402,0.22132497,0.24229948,0.25970638,0.27240378,0.27981204,0.28193557,0.2793931,0.27343562,0.26591152,0.25910577,0.25536007,0.25646293,0.26303238,0.27428755,0.2883763,0.30299777,0.315958,0.3255139,0.33054328,0.33061835,0.32603163,0.31778854,0.3075505,0.29747957,0.28991365,0.28683963,0.28929412,0.29700798,0.3085433,0.32181576,0.33466825,0.345268,0.35230073,0.35502747,0.3532697,0.34736016,0.33807755,0.32657018,0.3142644,0.30274478,0.2935876,0.28813985,0.28727663,0.2912211,0.2995166,0.31116372,0.3248458,0.33914378,0.35269287,0.3642828,0.37292385,0.37789765,0.37879992,0.375575,0.3685359,0.3583613,0.34605822,0.33287773,0.32017267,0.30919787,0.30088314,0.29564762,0.29333913,0.29333696,0.29477313,0.29677412,0.29863897,0.29992238,0.3004325,0.30017507,0.2992754,0.29790697,0.29624486,0.29445058,0.29268113,0.2911046,0.2899019,0.2892405,0.28922006,0.28980792,0.29079175,0.29177678,0.29223773,0.29161662,0.28944248,0.2854463,0.2796481,0.27239957,0.26436886,0.2564564,0.24963923,0.24476287,0.24233876,0.2424313,0.24469475,0.24854265,0.25336316,0.25868735,0.26425976,0.27000993,0.27595404,0.2820735,0.28821924,0.29407895,0.29921854,0.30318338,0.30562636,0.30642727,0.3057736,0.3041787,0.3024205,0.30139402,0.30189696,0.30440256,0.30890396,0.31489566,0.32149756,0.32766163,0.3323843,0.33487144,0.33463883,0.33155274,0.32582563,0.31798014,0.30879244,0.29922178,0.29032674,0.283165,0.27867284,0.2775322,0.2800506,0.28609428,0.29510176,0.30617324,0.31820285,0.3300189,0.3405122,0.34874758,0.35406038,0.35613704,0.3550756,0.3514145,0.34611088,0.34044212,0.33580744,0.33343303,0.33404323,0.3376224,0.3433827,0.3499551,0.35570803,0.3590701,0.35878202,0.3540628,0.34470537,0.331123,0.31435564,0.2960295,0.27823102,0.26322556,0.25295958,0.24843165,0.24926297,0.25381097,0.25976297,0.26480407,0.26706305,0.26531222,0.25901955,0.2483408,0.23409645,0.2177448,0.20132343,0.18726641,0.17793477,0.17480497,0.17772809,0.18495543,0.19393918,0.20218486,0.20770183,0.20911692
86,0.16571578,0.16145034,0.15441704,0.14656991,0.14065641,0.13975619,0.14608096,0.15976435,0.17894799,0.20091799,0.22304943,0.2431847,0.25971287,0.27157524,0.27827576,0.27990666,0.27717915,0.27143505,0.26459348,0.2589521,0.25675926,0.25958487,0.26776257,0.280275,0.29515618,0.31010494,0.32299033,0.332153,0.33655336,0.3358376,0.33036265,0.32119045,0.31003368,0.29910272,0.29078063,0.28708985,0.28908026,0.2964654,0.3077663,0.32085264,0.33353266,0.34395638,0.35080862,0.35336235,0.35145992,0.34546077,0.33617365,0.3247766,0.31271997,0.30159834,0.29297313,0.28814355,0.28790656,0.2923951,0.3010764,0.31290802,0.32656613,0.340652,0.3538379,0.3649587,0.373073,0.3775109,0.3779152,0.37427455,0.36694208,0.35663024,0.34437004,0.33142215,0.31912842,0.3087076,0.3010295,0.29644006,0.29471865,0.29519692,0.29698554,0.29920965,0.30117583,0.3024442,0.302821,0.30230173,0.30099756,0.2990709,0.29669726,0.29405713,0.2913489,0.28880376,0.28668118,0.28523096,0.2846237,0.28487045,0.2857658,0.28688502,0.2876459,0.28742173,0.28567627,0.28208962,0.2766514,0.2697053,0.2619321,0.25426108,0.24770574,0.24314462,0.24110676,0.24165297,0.2444158,0.24877886,0.25410157,0.2598923,0.26587936,0.27197942,0.27819693,0.284501,0.29072958,0.29655838,0.30154473,0.305232,0.3072812,0.30759484,0.3064016,0.30427754,0.30208278,0.30080503,0.30132574,0.30416927,0.30932963,0.3162521,0.32397336,0.33135036,0.33729014,0.34092382,0.34170914,0.3394699,0.33438876,0.3269685,0.3179733,0.30835694,0.29918015,0.29151383,0.28632438,0.2843452,0.28595582,0.2911049,0.29930875,0.30972734,0.3212911,0.33284217,0.34326765,0.35161573,0.35719484,0.35965565,0.3590513,0.3558658,0.35099274,0.34564078,0.34114516,0.33868894,0.33899122,0.34207496,0.34722304,0.3531452,0.35827458,0.36107916,0.3603129,0.35518587,0.34546548,0.33152762,0.31436825,0.29556975,0.2771876,0.2614882,0.2504696,0.24522917,0.24549578,0.24969605,0.25553262,0.2606697,0.263202,0.2618677,0.2561044,0.24604042,0.232469,0.21681671,0.20107763,0.18762305,0.17873591,0.17583114,0.17876118,0.18584652,0.19463071,0.20269196,0.20808424,0.20945862
87,0.16794446,0.16345221,0.15652803,0.14918311,0.14413136,0.14424597,0.15139394,0.16544503,0.1845015,0.20595154,0.22729632,0.2464875,0.26200944,0.27289546,0.2787457,0.27975658,0.27674976,0.27117392,0.26502538,0.26060334,0.260031,0.26462123,0.27439997,0.28811365,0.30369446,0.31885296,0.3315317,0.34016657,0.34381524,0.34221596,0.3358106,0.32573816,0.31377807,0.30219182,0.2933886,0.2893815,0.29117337,0.2984082,0.30954096,0.32239875,0.33477578,0.34483215,0.35127988,0.35343012,0.3511701,0.34490773,0.3354998,0.32416755,0.31239185,0.30177367,0.29384384,0.28982675,0.2904093,0.29560664,0.3047938,0.31688094,0.33054018,0.3443996,0.35717508,0.36775342,0.37524846,0.37904721,0.37885022,0.3747038,0.36701685,0.3565522,0.34437972,0.3317782,0.32007572,0.31043673,0.30363786,0.29991063,0.2989277,0.29994693,0.30204698,0.30435526,0.30619934,0.30716568,0.3070831,0.30596328,0.30392906,0.3011556,0.29783893,0.29419488,0.29047602,0.28698665,0.28407156,0.28206488,0.28120142,0.2815184,0.28278852,0.28452048,0.28603664,0.28660703,0.2856022,0.28263125,0.27764016,0.27095768,0.26327732,0.25556642,0.248897,0.24421678,0.24212016,0.242714,0.24564947,0.25030386,0.2560153,0.26226553,0.2687559,0.27537647,0.28210336,0.28887424,0.2954928,0.30159986,0.3067212,0.31037632,0.3122147,0.31214488,0.31042498,0.30768853,0.30488327,0.30310795,0.30335945,0.306253,0.31182167,0.31948796,0.328216,0.33676404,0.34393692,0.34877375,0.35065633,0.3493495,0.3449922,0.338056,0.32928416,0.3196184,0.31011698,0.30186167,0.2958501,0.29287335,0.29339534,0.29746544,0.3046985,0.31433275,0.3253467,0.3366001,0.34697244,0.3554856,0.361408,0.36433962,0.3642742,0.36162883,0.3572253,0.35220194,0.34783623,0.34528238,0.34527358,0.34789136,0.35250485,0.35791102,0.3626083,0.36509806,0.36413646,0.35891098,0.34914815,0.33517015,0.3179108,0.29888713,0.2800971,0.2637779,0.25195658,0.24583392,0.24528877,0.24887991,0.25437757,0.25944963,0.2621565,0.26118726,0.25592783,0.24645591,0.2335142,0.21847461,0.20326702,0.19018774,0.18145142,0.17845519,0.1811176,0.18787949,0.19639248,0.20429611,0.20966534,0.21115032
88,0.17238195,0.1676848,0.16091463,0.15413788,0.15001181,0.15117003,0.15912794,0.17351593,0.19241564,0.21331747,0.23384169,0.25204387,0.2665026,0.2763464,0.28127912,0.2816117,0.27828753,0.27286994,0.26743028,0.26425117,0.2653009,0.27161172,0.28290224,0.29770127,0.31385815,0.32910612,0.3414665,0.34947544,0.352296,0.34977034,0.3424402,0.33153677,0.31891727,0.3068941,0.2978827,0.29384503,0.29568446,0.30293345,0.3139643,0.32656866,0.33854678,0.3480926,0.3539683,0.35554448,0.35277247,0.34612507,0.33652085,0.32523286,0.31377423,0.30374473,0.29662687,0.29354578,0.29505455,0.30103558,0.31076753,0.32311654,0.33675674,0.3503482,0.36265486,0.3726189,0.37941366,0.3824888,0.38161063,0.3768938,0.36881563,0.35820237,0.34617326,0.3340288,0.32307568,0.31440297,0.30866268,0.30593842,0.30576944,0.30732545,0.30965066,0.31188175,0.31338134,0.31378052,0.3129522,0.31094682,0.30792102,0.30408233,0.29966405,0.29493043,0.2901987,0.28585428,0.28233257,0.28005168,0.27930167,0.28012547,0.28224295,0.28506067,0.287772,0.28951654,0.2895528,0.2874064,0.2829719,0.27655795,0.26886883,0.2609125,0.25383076,0.24866466,0.24611145,0.24636893,0.24914794,0.2538476,0.25979722,0.2664516,0.27347687,0.2807237,0.28812468,0.29556912,0.3028085,0.30943057,0.3149118,0.31873062,0.32050887,0.3201463,0.31791717,0.31450325,0.31093732,0.3084376,0.30813906,0.3107821,0.31647646,0.32465193,0.3342158,0.34382957,0.35218754,0.35822377,0.36123005,0.36089906,0.35731485,0.3509091,0.3423974,0.33270413,0.32288083,0.3140166,0.30713695,0.30308905,0.30242333,0.30529764,0.31143838,0.32017687,0.330552,0.341448,0.3517374,0.36041117,0.3666898,0.37011343,0.3706074,0.36851513,0.36458373,0.3598829,0.35563973,0.35299084,0.35269627,0.35490704,0.35908604,0.36412013,0.36857158,0.37096998,0.37006643,0.36501697,0.35549846,0.3417706,0.32469562,0.3057136,0.28674728,0.2699793,0.2574358,0.2504026,0.24892028,0.2517209,0.2566897,0.2615299,0.2642782,0.26356998,0.25872687,0.24976021,0.23734583,0.22278517,0.20793043,0.1949969,0.18614104,0.18277432,0.1849268,0.19119641,0.199356,0.20709871,0.21250208,0.21419485
89,0.17877668,0.17392899,0.16736111,0.16118124,0.15796652,0.16010118,0.16877882,0.18343484,0.20214687,0.22249825,0.24221352,0.2594409,0.27284682,0.28165317,0.28566888,0.28532287,0.28168377,0.27642897,0.27169564,0.26973101,0.27232894,0.28023914,0.29289424,0.308635,0.3252476,0.34049404,0.3524734,0.35982078,0.36180586,0.35837987,0.35019204,0.33857396,0.32546502,0.3132231,0.30424935,0.30041954,0.30249932,0.30988467,0.32086095,0.3331952,0.34471115,0.35365435,0.3588533,0.35975215,0.35637847,0.34928033,0.33944526,0.32820126,0.31709042,0.30770054,0.301449,0.29934382,0.30179277,0.30854416,0.31878695,0.33135173,0.34492093,0.3581901,0.36997223,0.37926546,0.38530394,0.387603,0.38600004,0.38068542,0.37221375,0.3614831,0.349667,0.33808562,0.32801172,0.32043692,0.31586218,0.31420058,0.31484547,0.31687576,0.31930614,0.32129174,0.32224265,0.32184958,0.32004625,0.31693953,0.31273666,0.30769256,0.3020898,0.2962503,0.29056287,0.28549898,0.2815869,0.2793257,0.27904898,0.28078315,0.28416628,0.28847313,0.29274452,0.29597488,0.29730305,0.29616788,0.2924104,0.28631684,0.27859834,0.27029982,0.26263225,0.25673756,0.25343594,0.25304782,0.25537944,0.25988168,0.26589274,0.27284607,0.2803691,0.2882642,0.29640898,0.3046321,0.31262058,0.31989768,0.3258793,0.3299922,0.33181962,0.33124086,0.3285342,0.32441732,0.31999826,0.31661174,0.31553936,0.31766886,0.3232174,0.3316518,0.341843,0.3523637,0.36179647,0.3689636,0.37305808,0.3736921,0.37088752,0.36503053,0.35680473,0.34711406,0.3370002,0.32755545,0.31982762,0.31471285,0.3128415,0.31447718,0.31946084,0.32722536,0.33688015,0.347342,0.35748088,0.36625737,0.37284175,0.37671086,0.37771884,0.3761344,0.37263185,0.36821783,0.3640772,0.3613382,0.36079514,0.36267242,0.36652634,0.37133092,0.37570778,0.37820977,0.37757778,0.37293229,0.3638972,0.35066777,0.33403352,0.3153552,0.29647383,0.27950138,0.26643547,0.25861472,0.2562235,0.25817755,0.2625079,0.2669843,0.2696393,0.26906124,0.26450557,0.2559114,0.24387993,0.22963469,0.2149447,0.20194374,0.19273843,0.1887732,0.19021448,0.19583926,0.20355228,0.21109734,0.21654302,0.2184821
90,0.18661337,0.18167503,0.1753369,0.16973142,0.16734187,0.17031868,0.17958595,0.19443132,0.21293771,0.23276578,0.25172505,0.26804164,0.28045967,0.28828755,0.29143474,0.29044467,0.28650704,0.28140616,0.27733356,0.27648818,0.2804872,0.289817,0.30366,0.32020107,0.3371782,0.3523822,0.3639831,0.37070733,0.37192643,0.3676986,0.3587807,0.34660482,0.33318967,0.3209285,0.31218907,0.30873644,0.31117916,0.31877083,0.32971674,0.34177232,0.35279733,0.3610994,0.3655813,0.3657669,0.361765,0.354202,0.3441353,0.33294523,0.32219568,0.3134514,0.3080523,0.30688158,0.31020346,0.31764263,0.3283115,0.3410152,0.35444924,0.36734486,0.37856233,0.38715363,0.39241248,0.39392036,0.391588,0.38568532,0.3768487,0.36605132,0.3545206,0.34358895,0.3344808,0.3280708,0.32469144,0.3240763,0.32547334,0.3278776,0.3302832,0.33187285,0.33211333,0.33076516,0.32783404,0.32349494,0.3180168,0.3117111,0.30491638,0.29801643,0.29147393,0.28584716,0.28175572,0.27977365,0.28026462,0.28321874,0.28816977,0.29424277,0.3003164,0.3052382,0.3080305,0.3080493,0.3050844,0.29939887,0.29170626,0.28308076,0.27479282,0.26807812,0.2638804,0.2626556,0.26432854,0.26842758,0.27432024,0.2814299,0.289348,0.2978261,0.3066817,0.3156771,0.3244302,0.3323955,0.33892494,0.34338948,0.34532875,0.34459457,0.34145963,0.33666527,0.33138037,0.32704288,0.3250745,0.32651532,0.3317073,0.340178,0.35078317,0.36202097,0.3723687,0.38053805,0.38562176,0.38714892,0.38507685,0.3797442,0.37180144,0.36213085,0.35176277,0.34178963,0.3332754,0.3271556,0.32412842,0.32455197,0.3283754,0.33513278,0.34400886,0.35395998,0.3638594,0.3726415,0.37942922,0.38363826,0.38505432,0.38387588,0.38071123,0.37651283,0.37243316,0.36960036,0.36884713,0.37046957,0.37411126,0.37882474,0.3832828,0.38605526,0.385869,0.3818075,0.3734429,0.3609093,0.34492865,0.32678786,0.30824885,0.29134792,0.27803504,0.26966763,0.26653782,0.26772687,0.2714185,0.27547053,0.27793267,0.27736118,0.27295345,0.26457962,0.25276744,0.23866332,0.22395508,0.21069968,0.20096134,0.19622545,0.19680217,0.20165554,0.20882867,0.21611695,0.22157471,0.22375035
91,0.19518246,0.19019526,0.18407762,0.17897192,0.1772683,0.1809183,0.19063564,0.20560059,0.22390306,0.24326196,0.2615509,0.27705708,0.28858918,0.29553112,0.29788283,0.29629254,0.2920607,0.28706816,0.2835516,0.2836608,0.2888523,0.29938504,0.31423283,0.33145308,0.34874436,0.36392015,0.37520954,0.38141808,0.38200843,0.3771372,0.36766168,0.35510713,0.34156227,0.32944345,0.32107076,0.3180881,0.3209469,0.32876873,0.33969316,0.35147545,0.3620182,0.3696937,0.37347925,0.37297723,0.3683752,0.36037463,0.35009784,0.33897066,0.3285705,0.32043034,0.315808,0.31546554,0.3195365,0.32753962,0.33852604,0.3512842,0.3645245,0.3770113,0.3876478,0.3955356,0.4000246,0.40076035,0.3977262,0.39127165,0.38211486,0.37130255,0.3601111,0.34987596,0.34175998,0.33650875,0.3342808,0.3346341,0.3366823,0.3393488,0.34161684,0.34270358,0.3421375,0.33975366,0.33563513,0.3300301,0.32327384,0.31573722,0.30781534,0.2999523,0.29268134,0.28664342,0.28254396,0.28102386,0.28246582,0.2868103,0.29347646,0.30143633,0.3094109,0.31611025,0.3204501,0.32171145,0.31963694,0.31446606,0.30691022,0.29806304,0.28924048,0.28175497,0.27665958,0.27454007,0.27544653,0.2790006,0.28461725,0.29172406,0.29988563,0.30880696,0.3182477,0.32790613,0.33733374,0.34591976,0.3529554,0.35775828,0.35982496,0.35897785,0.35547853,0.35008165,0.34400156,0.33875996,0.33589897,0.33659846,0.3413247,0.34967715,0.36051404,0.37227634,0.3833498,0.39234525,0.3982616,0.40054914,0.3991038,0.39421892,0.3865137,0.37685022,0.36624765,0.35579705,0.3465736,0.33954248,0.3354558,0.33474997,0.33746794,0.3432363,0.35131285,0.36069572,0.37026668,0.37893987,0.38579693,0.3901993,0.39187193,0.39095247,0.38799435,0.38390818,0.37982607,0.37688476,0.3759578,0.3774079,0.38095456,0.38571507,0.39040095,0.3935902,0.3939915,0.3906516,0.3830948,0.37140128,0.35623488,0.33881935,0.3208474,0.30428374,0.29102176,0.2824105,0.278809,0.27942795,0.28258854,0.2862425,0.28847307,0.28782138,0.28344068,0.2751426,0.26338977,0.24925876,0.23436457,0.22069676,0.21028548,0.20465948,0.20426857,0.20826006,0.21481611,0.22178525,0.22720663,0.22958083
92,0.20369299,0.19866776,0.19272052,0.18799639,0.18680672,0.19094937,0.20098406,0.21601473,0.23413429,0.25309947,0.27082673,0.28564638,0.2964162,0.30258092,0.30421638,0.3020606,0.2975108,0.29253313,0.28940663,0.2902441,0.2963739,0.3078731,0.32354826,0.3413518,0.3589446,0.37415248,0.38524786,0.39109915,0.39124483,0.3859256,0.37608552,0.36332992,0.3498044,0.33793703,0.32999417,0.32750323,0.33077455,0.338819,0.34972718,0.3612621,0.3713696,0.37848237,0.38164565,0.38053268,0.37540147,0.36701977,0.3565659,0.34550232,0.3354124,0.3277942,0.32382736,0.3241661,0.3288334,0.33726242,0.34845734,0.3611954,0.37420085,0.3862663,0.3963318,0.4035425,0.40729934,0.40730754,0.40361905,0.39665943,0.38722435,0.37642887,0.36559114,0.35604128,0.34887326,0.3447015,0.3435174,0.34471822,0.34730023,0.35012928,0.35218593,0.35272506,0.35133743,0.3479323,0.34266922,0.33586854,0.32792956,0.31927878,0.31036183,0.3016752,0.2938136,0.2874913,0.28349105,0.28251332,0.28495428,0.2907029,0.29906797,0.3088797,0.3187171,0.32716876,0.3330569,0.3355959,0.3344849,0.32993904,0.32266217,0.3137573,0.30457,0.2964685,0.29059198,0.28763717,0.28777084,0.29071146,0.29593325,0.30288216,0.31110835,0.32028082,0.33011058,0.34024116,0.35016724,0.3592228,0.36664754,0.37171355,0.37387997,0.3729427,0.36915094,0.3632661,0.35653403,0.35053825,0.34691346,0.3469515,0.35122404,0.35939816,0.3703434,0.3824604,0.3940623,0.4036764,0.41022214,0.41308257,0.41210097,0.40753242,0.3999699,0.39025897,0.3794103,0.36851355,0.35865206,0.35081285,0.34578833,0.3440753,0.34579164,0.35064054,0.3579429,0.3667353,0.37590972,0.38436532,0.39115036,0.3955816,0.397335,0.39650077,0.39359245,0.3894946,0.38533315,0.38226348,0.38120207,0.38257086,0.38614994,0.39110264,0.3961621,0.39990267,0.4010094,0.39849317,0.3918362,0.38107446,0.3668262,0.3502666,0.3330336,0.31703106,0.30409613,0.29555142,0.29178628,0.29209834,0.2949166,0.29827735,0.30030397,0.2995365,0.29509917,0.2867591,0.27492613,0.26061922,0.24539298,0.23118277,0.2199952,0.21340397,0.21198943,0.21507044,0.2209623,0.22756606,0.23290601,0.23543447
93,0.21139005,0.2063054,0.2004428,0.1959505,0.195085,0.19953936,0.20976992,0.22482705,0.24279948,0.26146126,0.27875057,0.29302216,0.3031654,0.30866846,0.3096645,0.3069629,0.30204093,0.29694012,0.29398578,0.2952781,0.3020611,0.31428042,0.33061355,0.34892386,0.3668317,0.3821612,0.39321002,0.39889023,0.39879692,0.39323622,0.38322082,0.37041894,0.3570191,0.34545314,0.3379375,0.33590102,0.3395408,0.3477835,0.35868633,0.3700234,0.3797783,0.38643435,0.38909277,0.38748497,0.3819266,0.37323913,0.36264548,0.35163572,0.34179464,0.33458775,0.33112842,0.3319831,0.3370878,0.3458099,0.35711792,0.3697806,0.38253248,0.3941879,0.4037164,0.41029945,0.41338217,0.4127226,0.4084346,0.4010125,0.39132208,0.38053897,0.37001607,0.36107355,0.35473725,0.3514997,0.35120276,0.3531048,0.35610473,0.35902387,0.36084586,0.36086315,0.3587254,0.35441068,0.34814873,0.34032488,0.33139375,0.32182693,0.3121081,0.30277184,0.29445946,0.28794497,0.28407818,0.28361496,0.2869679,0.29398608,0.30388656,0.31538054,0.32692772,0.33701414,0.34438157,0.34818536,0.34808362,0.3442653,0.3374207,0.32865155,0.31931692,0.31081882,0.30435592,0.3007096,0.3001443,0.30246836,0.3072191,0.31387186,0.32197604,0.3311786,0.34115624,0.35151228,0.3616997,0.3710119,0.378651,0.38385585,0.38605824,0.38503444,0.38102436,0.37479326,0.36760747,0.36109075,0.3569381,0.35651514,0.36046445,0.36850023,0.37950158,0.3918419,0.40378302,0.41379175,0.42072967,0.42393044,0.42319933,0.41876423,0.41120046,0.4013435,0.39019963,0.37885943,0.36841324,0.35986426,0.35403368,0.35146117,0.35231858,0.3563651,0.3629685,0.37119398,0.3799408,0.38809633,0.394683,0.3989843,0.40064126,0.39971313,0.39669168,0.39245397,0.3881366,0.3849249,0.38378045,0.3851755,0.3889318,0.39423537,0.3998194,0.4042396,0.40615067,0.40452844,0.3988203,0.38902965,0.37574413,0.36010742,0.34372047,0.3284418,0.31605926,0.30785972,0.30423352,0.30452424,0.3072321,0.31045815,0.31236288,0.31149322,0.30695736,0.29849204,0.28646848,0.27186197,0.2561818,0.2413247,0.22928657,0.22168967,0.21923557,0.22139923,0.22661749,0.23283896,0.23807219,0.24072151
94,0.21765167,0.2124612,0.20657222,0.20214212,0.20140211,0.20598973,0.21630307,0.23135689,0.24922706,0.26768512,0.28467008,0.29854205,0.3082033,0.31316563,0.31359854,0.3103613,0.30499282,0.29960117,0.29656678,0.29801014,0.30514234,0.31782982,0.33465585,0.35340616,0.371654,0.3872059,0.39836496,0.4040658,0.4039384,0.3983326,0.3883085,0.37557834,0.36236027,0.35108745,0.34393916,0.34227392,0.34621042,0.35461903,0.36553642,0.3767466,0.38626093,0.39259914,0.39490268,0.39294475,0.38708264,0.37817675,0.36748216,0.35650846,0.3468405,0.33991912,0.33680883,0.3380124,0.34340304,0.3523002,0.36364526,0.3761986,0.38869983,0.3999776,0.40902272,0.4150448,0.41752464,0.41626438,0.41143027,0.40357527,0.39362505,0.38280708,0.3725036,0.36402553,0.3583404,0.35583803,0.35623646,0.3586814,0.3619947,0.3649646,0.36658096,0.36617082,0.36343578,0.35841364,0.35139325,0.34281218,0.33316588,0.32295442,0.31268096,0.3028984,0.29427487,0.28762704,0.2838611,0.28378794,0.28784946,0.29587877,0.30703205,0.3199324,0.3329465,0.34447715,0.35319793,0.3582114,0.35913587,0.35613123,0.3498674,0.34143394,0.3321873,0.3235413,0.316727,0.31258163,0.31144282,0.3131943,0.3174342,0.32367402,0.3314749,0.34047714,0.35033983,0.36064386,0.37081888,0.3801358,0.38777632,0.39296162,0.39510953,0.39398733,0.38983205,0.38341337,0.37600997,0.36926568,0.3649018,0.36431298,0.368167,0.37619182,0.3872636,0.3997367,0.41184318,0.42201638,0.42908636,0.432361,0.43162656,0.42709896,0.41934735,0.40920576,0.3976825,0.38587275,0.37487486,0.36570475,0.35920298,0.3559364,0.35610932,0.3595136,0.36554262,0.37327516,0.38161027,0.38942343,0.39571792,0.39975545,0.40115762,0.3999712,0.39668655,0.39219406,0.38765958,0.38431105,0.3831575,0.38471037,0.38881096,0.39464006,0.4009056,0.40612707,0.40892127,0.40823054,0.40347582,0.39464146,0.3823014,0.36758697,0.35208252,0.33761975,0.32594892,0.31831828,0.31509706,0.31563812,0.31847557,0.32174933,0.3236469,0.3227243,0.31808284,0.30944115,0.29714552,0.282142,0.26591006,0.25032434,0.23738472,0.22876827,0.225291,0.22656786,0.23114154,0.23699847,0.2421275,0.2448845
95,0.22205491,0.21669914,0.21066016,0.20611337,0.20529647,0.20984007,0.22012624,0.23515011,0.25296628,0.27132484,0.28814572,0.30177504,0.31110865,0.3156611,0.31561536,0.311857,0.30596635,0.30010834,0.29672962,0.29800776,0.30517656,0.31807673,0.33523026,0.35435382,0.37296522,0.3888365,0.4002557,0.4061578,0.40618467,0.40070623,0.39080727,0.3782248,0.36519513,0.35415488,0.34726626,0.34585273,0.34999323,0.35852936,0.36948738,0.38065636,0.39006215,0.39624363,0.39836404,0.39621964,0.39019147,0.38116267,0.37040776,0.359449,0.34987274,0.3431067,0.34018737,0.34157965,0.34711757,0.35608855,0.3674131,0.3798417,0.3921131,0.40306216,0.4116924,0.4172326,0.4191896,0.41739908,0.41206792,0.40379515,0.3935544,0.3826155,0.3723869,0.36417645,0.35891092,0.35690475,0.3577838,0.36060944,0.36414623,0.36715913,0.36864522,0.36796108,0.36485097,0.3594,0.3519414,0.3429478,0.33293605,0.32241312,0.31187847,0.3018792,0.2930869,0.28634107,0.2825934,0.28271306,0.28719154,0.29588053,0.30791494,0.3218663,0.33603632,0.3487634,0.3586642,0.36479354,0.3667303,0.3646017,0.35904998,0.35114098,0.34221262,0.33366928,0.32674807,0.3223135,0.3207505,0.32200044,0.32571524,0.33144593,0.33877563,0.3473526,0.3568355,0.36680174,0.37667704,0.38572976,0.3931402,0.3981297,0.40011808,0.39887667,0.39464894,0.3882122,0.38085157,0.37421203,0.37000647,0.36960998,0.37366283,0.38186494,0.39306986,0.40561676,0.4177287,0.4278342,0.43476173,0.43782014,0.4367994,0.4319214,0.42376322,0.4131681,0.40115416,0.38882682,0.3772949,0.3675855,0.3605515,0.35677236,0.35646385,0.35942543,0.36505175,0.3724159,0.38040546,0.3878814,0.39383283,0.39751098,0.39853403,0.3969556,0.39328644,0.38845223,0.38366807,0.38021767,0.37915888,0.3810292,0.3856631,0.39220464,0.39930823,0.40543866,0.40916783,0.40940738,0.40556204,0.39761227,0.38613674,0.37227538,0.3576178,0.34398967,0.33311832,0.32621482,0.32361066,0.32463625,0.32782397,0.3313251,0.33333996,0.33243114,0.3276987,0.31885326,0.306228,0.29075336,0.27389377,0.2575182,0.24364573,0.23401693,0.22955854,0.23001066,0.23400335,0.23954672,0.24460238,0.24747568
96,0.22440937,0.21882954,0.21251784,0.20767632,0.20658056,0.21090208,0.22104885,0.2360131,0.25382146,0.27218506,0.2889857,0.302537,0.31170934,0.31599885,0.31557837,0.31133476,0.30486724,0.2983854,0.29441068,0.29521435,0.30210966,0.31496656,0.3322789,0.35170245,0.3706908,0.3869646,0.39877644,0.40503943,0.40538397,0.4001758,0.39050135,0.3781032,0.3652258,0.35431457,0.34753922,0.34622753,0.35045934,0.35907477,0.37009788,0.38131586,0.39075348,0.39694983,0.39906976,0.39691272,0.39086437,0.38181388,0.37104255,0.36007914,0.3505145,0.34377673,0.34089667,0.34232736,0.34788665,0.35684425,0.36810485,0.38040692,0.39248195,0.40316314,0.4114578,0.41660455,0.41812593,0.41587934,0.41009873,0.40141493,0.3908358,0.379664,0.36933237,0.3611561,0.35604465,0.35427025,0.35540196,0.35844642,0.36213022,0.36520353,0.3666704,0.36591047,0.36269963,0.3571558,0.34963897,0.3406363,0.33066317,0.3202085,0.3097419,0.29977825,0.2909673,0.28415,0.28031147,0.28038347,0.28493178,0.2938674,0.30635017,0.3209403,0.33590406,0.34953412,0.36040062,0.36751485,0.3704162,0.3691951,0.36445832,0.35723644,0.34883305,0.3406226,0.33382398,0.32930222,0.32746488,0.32829264,0.3314825,0.3366255,0.34333465,0.3512789,0.36013246,0.3694869,0.37878352,0.38730782,0.3942584,0.39887574,0.40059885,0.39921817,0.3949947,0.38871834,0.38167596,0.375495,0.3718442,0.37202817,0.37660417,0.3851989,0.3966209,0.40919632,0.42115933,0.4309628,0.4374644,0.44000253,0.4383951,0.43288982,0.4240873,0.412852,0.4002212,0.3873173,0.37526366,0.3650986,0.3576813,0.35359058,0.35303262,0.3557882,0.3612268,0.36839396,0.37615225,0.38334385,0.3889477,0.3922154,0.39277756,0.39071426,0.3865784,0.38135365,0.37632427,0.37284246,0.37201455,0.37438726,0.37975818,0.38719994,0.39528444,0.40240458,0.40708253,0.40820456,0.40517133,0.39797586,0.38722116,0.3740772,0.36016175,0.3473164,0.3372618,0.33117592,0.3293396,0.33103308,0.3347547,0.33864012,0.34088674,0.3400589,0.33525836,0.32619524,0.3131999,0.29719883,0.2796551,0.26244703,0.24762787,0.23701167,0.23163515,0.23135002,0.23485376,0.24016215,0.24519874,0.24821463
97,0.22475882,0.21891055,0.21221787,0.20691511,0.20534408,0.20926407,0.21915278,0.23401952,0.2518588,0.27032742,0.28725126,0.30089444,0.31008384,0.3142772,0.31361422,0.3089577,0.301901,0.2946816,0.28989825,0.28994703,0.29627556,0.30883938,0.3261397,0.345781,0.36514518,0.3818856,0.39419997,0.40095836,0.40175676,0.39693326,0.38755292,0.375345,0.3625524,0.35163563,0.34479752,0.3434113,0.34759977,0.35622945,0.3673301,0.37867922,0.38828424,0.39466467,0.39696625,0.3949711,0.38905042,0.38008255,0.36934286,0.35836062,0.3487343,0.34190577,0.33892253,0.34025142,0.34571615,0.35458273,0.36574477,0.3779265,0.38984632,0.4003279,0.40837395,0.4132236,0.41440448,0.4117831,0.40560615,0.39652064,0.3855538,0.37403047,0.36340654,0.35501656,0.34977925,0.3479614,0.34911317,0.35221723,0.35598138,0.3591489,0.36072993,0.36011985,0.35711414,0.35184756,0.34468746,0.33611295,0.32661286,0.31663185,0.30658317,0.29692328,0.2882551,0.28139916,0.27735996,0.2771338,0.28138417,0.29012394,0.30258742,0.31736737,0.33272585,0.34692898,0.35851038,0.3664419,0.3702228,0.36990243,0.36604425,0.35963205,0.35191986,0.34423345,0.33775133,0.3333158,0.33133528,0.33181334,0.33448318,0.33897498,0.3449372,0.3520696,0.36007506,0.3685751,0.37704375,0.384802,0.39108592,0.39517364,0.39654133,0.39501435,0.39088312,0.38495585,0.37851623,0.37315434,0.37045723,0.371607,0.3770228,0.38621557,0.39792898,0.41047978,0.4221334,0.4313954,0.43718287,0.43889177,0.4363922,0.42997766,0.4202884,0.40822315,0.3948485,0.38131166,0.36875567,0.35823116,0.35059848,0.34642234,0.34587756,0.34869868,0.35420203,0.36138293,0.36906493,0.37606692,0.3813618,0.38421205,0.3842761,0.3816794,0.3770381,0.3714155,0.3661841,0.3627754,0.3623406,0.36541495,0.3717253,0.3802372,0.3894132,0.39756092,0.40315214,0.40505594,0.40268275,0.3960553,0.3858201,0.37319842,0.3598587,0.34768057,0.33839503,0.33315244,0.33217242,0.33466116,0.33905345,0.34344497,0.34601477,0.34532332,0.3404753,0.33118606,0.31779146,0.30122402,0.28295702,0.2648913,0.2491281,0.2375655,0.23135109,0.23043619,0.23356439,0.23873623,0.24382374,0.2470192
98,0.22335292,0.2172175,0.21006276,0.20415533,0.20192584,0.20526604,0.21477005,0.22948925,0.24738576,0.2660487,0.28323254,0.29713652,0.30652863,0.31081057,0.31006807,0.30511573,0.29751545,0.2895109,0.2837715,0.28283876,0.28834328,0.30038252,0.317504,0.33727434,0.3569987,0.3742495,0.3871523,0.39451474,0.3958775,0.391529,0.38249102,0.3704609,0.35766938,0.34659618,0.33950105,0.3378426,0.34182948,0.3503842,0.36155182,0.37309313,0.38298228,0.3896996,0.3923515,0.39068303,0.38503215,0.37624994,0.36559343,0.35458586,0.34483513,0.33780894,0.33459172,0.33568853,0.34095055,0.34965414,0.36068702,0.37275788,0.38456672,0.39492077,0.40281036,0.40746626,0.40841094,0.4055078,0.39900184,0.38954,0.37815303,0.366176,0.35508475,0.34624413,0.34060872,0.33847755,0.3394213,0.34243053,0.346214,0.34951612,0.35135213,0.35112545,0.3486386,0.3440264,0.33764288,0.32993585,0.32134238,0.31223762,0.30295447,0.29386845,0.2855139,0.27867034,0.27434534,0.2735953,0.27719778,0.2853054,0.2972765,0.31178242,0.32711494,0.34153426,0.3535483,0.36209342,0.3666281,0.3671564,0.36419064,0.35865715,0.35174632,0.3447186,0.33869362,0.33447197,0.33244553,0.33262762,0.33478025,0.33857116,0.34368783,0.3498679,0.35685286,0.364306,0.37174812,0.3785515,0.38400635,0.3874462,0.3884015,0.38674802,0.38281757,0.3774413,0.37189314,0.36770317,0.36633658,0.3688014,0.3753285,0.3852786,0.39731833,0.40976283,0.42092967,0.42940387,0.4341892,0.4347648,0.43107533,0.42347905,0.4126715,0.39959857,0.38536695,0.37115738,0.3581385,0.34737477,0.33972245,0.3357175,0.33547947,0.33866748,0.34451628,0.35194895,0.35973775,0.36667562,0.37173426,0.3741977,0.37376672,0.37062946,0.36548454,0.35949442,0.35413608,0.3509281,0.35105896,0.35502735,0.3624541,0.37216428,0.3824898,0.39164603,0.3980586,0.40059036,0.39867583,0.39238334,0.38242042,0.37007874,0.35709852,0.34541866,0.33679774,0.33236513,0.33227086,0.3356259,0.34077623,0.3457557,0.3487115,0.34819442,0.3433126,0.33379078,0.31997678,0.3028171,0.2838046,0.2648736,0.24818528,0.23573183,0.22877394,0.22735134,0.23023152,0.2353766,0.2405923,0.24400723
99,0.2205918,0.2141831,0.20652261,0.19990237,0.19685553,0.19944584,0.20843293,0.22294109,0.24090418,0.2598333,0.27739817,0.29172063,0.30149743,0.30606037,0.30542463,0.30033594,0.29230055,0.28354362,0.27678865,0.2747286,0.279213,0.29053366,0.30732626,0.3271376,0.34719545,0.3649812,0.37853444,0.38658422,0.38859817,0.38479578,0.37613603,0.36426607,0.35139245,0.34001377,0.3324648,0.33032516,0.3339314,0.34229416,0.35348633,0.36524776,0.37550494,0.38268116,0.38582465,0.38462523,0.37937054,0.37086934,0.36034805,0.34931672,0.33939272,0.33207807,0.32851157,0.32925826,0.33421767,0.34269062,0.35356537,0.3655348,0.3772766,0.38757578,0.3954035,0.3999745,0.4007971,0.39772037,0.39097404,0.38118955,0.36938494,0.35689175,0.34519956,0.33571026,0.3294371,0.32674688,0.32727027,0.33003855,0.33378235,0.3372561,0.33947933,0.33985576,0.33818215,0.33457598,0.3293575,0.32292002,0.31562594,0.30775958,0.29955527,0.29129225,0.2834213,0.2766643,0.27201387,0.27057388,0.27323893,0.28032723,0.29136428,0.30514613,0.32003087,0.3342963,0.34643698,0.35535872,0.36047906,0.36175278,0.35963437,0.35498288,0.34891337,0.34260762,0.3371123,0.3331727,0.3311524,0.3310655,0.33269745,0.3357523,0.3399581,0.34509438,0.3509469,0.35722855,0.36351645,0.36924586,0.37377495,0.3765076,0.37704408,0.37532464,0.37173256,0.36712438,0.36275378,0.36006382,0.36035568,0.36441484,0.37224427,0.38303345,0.3953714,0.40758526,0.4180658,0.42550078,0.42900395,0.4281589,0.4230038,0.41397804,0.40184686,0.3876156,0.3724419,0.3575492,0.34413826,0.333289,0.32584673,0.3223014,0.32269028,0.32656613,0.33305416,0.34098664,0.34907615,0.3560903,0.36100644,0.36314064,0.3622491,0.35859704,0.35298142,0.3466794,0.341285,0.33840698,0.33925945,0.34427753,0.3529427,0.36391315,0.37537768,0.38546026,0.39254874,0.3955117,0.3938201,0.3876008,0.37763566,0.36530226,0.35243064,0.3410389,0.33293062,0.32922244,0.32998914,0.3342291,0.34017798,0.34578946,0.34916708,0.3488469,0.34393993,0.33418316,0.31994084,0.30217925,0.28241765,0.26263228,0.24505405,0.23177838,0.22418189,0.22238228,0.2251482,0.23037918,0.2357995,0.23947029
100,0.21694987,0.21031441,0.20214756,0.19475283,0.19076818,0.19245952,0.20080003,0.21502286,0.23304279,0.25228566,0.27032587,0.28519872,0.29552144,0.3005472,0.30020958,0.29517105,0.28686288,0.27746764,0.26973912,0.26651117,0.2698695,0.28034118,0.29669082,0.3164681,0.33682826,0.355157,0.36939868,0.3781926,0.38092038,0.3777179,0.36946532,0.35774362,0.34472153,0.33291087,0.32473007,0.32190683,0.32494375,0.3329731,0.3441125,0.35608044,0.3667451,0.37445757,0.37819213,0.37756792,0.37280807,0.3646661,0.35432714,0.3432805,0.33315057,0.32547835,0.32146922,0.32176635,0.32633606,0.33451793,0.34520796,0.35708475,0.3688012,0.37911582,0.38697553,0.39157307,0.3923952,0.38926777,0.38239393,0.37237582,0.36020362,0.3471906,0.33482984,0.32456052,0.31746957,0.31402123,0.3139425,0.31633845,0.31998387,0.3236532,0.32637003,0.32753116,0.32691428,0.32460272,0.32086295,0.31601357,0.31032366,0.30397266,0.2970873,0.28984505,0.28260782,0.27602965,0.2710715,0.26886404,0.2704053,0.2761853,0.28592527,0.29858646,0.3126309,0.3263807,0.3383325,0.3473684,0.35286614,0.3547288,0.3533475,0.34950683,0.34423798,0.33863515,0.3336638,0.3300066,0.32799298,0.32763344,0.32873434,0.33103466,0.3343031,0.3383619,0.34304285,0.3481111,0.35320473,0.35782892,0.3614192,0.36346126,0.36363745,0.3619637,0.3588815,0.35527053,0.35234836,0.35143936,0.35363835,0.35946894,0.36868235,0.38029417,0.39282772,0.4046408,0.41421694,0.42036542,0.42232698,0.41980532,0.41294643,0.40228406,0.388665,0.3731653,0.3570042,0.34145725,0.327764,0.31702048,0.31005165,0.30727986,0.3086295,0.31351477,0.32092702,0.3295949,0.33816946,0.3453979,0.35027176,0.35214892,0.35085085,0.34673023,0.3406928,0.3341405,0.3287914,0.3263433,0.32802203,0.33417434,0.3441171,0.3563267,0.36884716,0.37971824,0.3873003,0.39047706,0.38876405,0.38235348,0.37210917,0.35950443,0.34647307,0.33513036,0.32734317,0.32422698,0.32578042,0.33087677,0.3376242,0.3438812,0.34769756,0.3475893,0.34266892,0.33268633,0.3180246,0.29967293,0.2791812,0.25857297,0.24015616,0.22613734,0.21801226,0.2159674,0.21875031,0.22417422,0.22986816,0.23382352
101,0.21289062,0.20609954,0.19746721,0.18929008,0.18430108,0.18498385,0.19256611,0.20642751,0.22447714,0.24405208,0.26262444,0.2781378,0.2891265,0.294762,0.2948924,0.29009077,0.28170228,0.27184868,0.26328856,0.2589722,0.26121536,0.27080056,0.28665367,0.30635116,0.32698685,0.3458526,0.36079538,0.3703599,0.37383512,0.3712651,0.36344117,0.3518661,0.33865777,0.32633045,0.31738406,0.3137079,0.31599918,0.3235435,0.3345235,0.34664154,0.35770172,0.3659725,0.37034276,0.3703501,0.36614305,0.35841066,0.34828857,0.33723858,0.32688794,0.31881678,0.31430334,0.31408063,0.31819642,0.32604167,0.33652803,0.34832254,0.3600528,0.3704486,0.37842935,0.3831619,0.38410679,0.38106036,0.37419125,0.3640622,0.35162276,0.33815393,0.3251393,0.31404796,0.3060448,0.30171025,0.30089703,0.3028144,0.30630383,0.310171,0.31344464,0.3155074,0.3161058,0.3152731,0.31320518,0.31013063,0.30621454,0.30152717,0.29608983,0.289984,0.2834874,0.27718455,0.27199173,0.26904187,0.26940814,0.27373508,0.28194553,0.29319224,0.30607465,0.31898758,0.33044857,0.33932605,0.34496212,0.34720784,0.34638864,0.34321076,0.3386176,0.3336127,0.32907858,0.32563487,0.32357702,0.322912,0.3234667,0.32501408,0.32736197,0.33037338,0.33392376,0.33782858,0.34178615,0.34537306,0.3481064,0.34956026,0.3495068,0.34804407,0.34567314,0.34328812,0.3420483,0.34312493,0.34737003,0.35502124,0.3655762,0.37789237,0.39045006,0.40165818,0.41010883,0.41474468,0.4149435,0.4105383,0.40179187,0.3893413,0.3741243,0.35729724,0.34015074,0.32402182,0.31019506,0.29978135,0.29357198,0.29189497,0.29452792,0.3007166,0.30930132,0.31890354,0.3281184,0.33568197,0.34060872,0.3423053,0.3406636,0.33612785,0.32971582,0.32295728,0.31769523,0.31571245,0.31823495,0.32550558,0.33666554,0.35000867,0.3634423,0.37493193,0.38281816,0.38600367,0.38404933,0.37721196,0.36643717,0.35329664,0.33983657,0.32828507,0.32059282,0.3178915,0.32011026,0.32599175,0.3335047,0.34040013,0.3446647,0.34478822,0.33988097,0.32970425,0.31465915,0.29575822,0.27458283,0.25320613,0.23401739,0.21934055,0.21079433,0.20862703,0.2115454,0.2172553,0.22327942,0.22753936
102,0.20879017,0.20192355,0.19289832,0.1839849,0.17799172,0.17761764,0.18437031,0.1978085,0.21585096,0.23574649,0.2548625,0.27105075,0.28276467,0.2890975,0.28981566,0.28540555,0.27712598,0.26703,0.2578605,0.25265267,0.25392324,0.26270202,0.27808923,0.29770792,0.31860602,0.33799154,0.35361972,0.36394408,0.3681624,0.36622673,0.35883716,0.34741315,0.33401248,0.32113862,0.3113605,0.30672574,0.30813894,0.31506214,0.32576403,0.337941,0.3493341,0.35812524,0.36311278,0.3637476,0.3600993,0.35278827,0.34289664,0.33185408,0.32128596,0.31280798,0.30777043,0.30700037,0.31063488,0.3181252,0.32840544,0.34013495,0.35191748,0.36245388,0.37063518,0.37560093,0.37678337,0.37394673,0.36722124,0.35712448,0.34455773,0.33075857,0.3171879,0.3053314,0.29642466,0.2911684,0.2895577,0.29092893,0.29421043,0.29825068,0.30208552,0.3050782,0.30693376,0.30762318,0.30726072,0.30597818,0.30383638,0.30080354,0.29680845,0.29185203,0.28614095,0.2801957,0.27488112,0.27130923,0.27059194,0.27349126,0.28011116,0.28979975,0.301315,0.31314987,0.32386342,0.3323243,0.33784655,0.34023318,0.33974555,0.33701277,0.33289242,0.32830095,0.32404333,0.32068238,0.3184852,0.31745908,0.3174526,0.31827202,0.31976137,0.32182002,0.32436135,0.3272449,0.3302234,0.33294067,0.33499363,0.33604544,0.3359598,0.33491668,0.33347085,0.33251515,0.3331239,0.33628365,0.3425805,0.35196465,0.36370087,0.3765196,0.3888857,0.39927718,0.40640384,0.40934595,0.40762073,0.401193,0.3904458,0.37612423,0.35926288,0.34110603,0.3230242,0.30642444,0.29264128,0.28279635,0.27762917,0.27734244,0.28153363,0.28925776,0.29919854,0.30987805,0.3198479,0.3278438,0.33290952,0.33450246,0.33258313,0.32768294,0.32092667,0.31396675,0.30876675,0.30719078,0.31046233,0.31872126,0.33094057,0.3452449,0.35941795,0.371359,0.3793901,0.38242853,0.3800723,0.37263325,0.36112955,0.34722593,0.33308268,0.32105365,0.3131966,0.31068593,0.31339934,0.3199533,0.32817104,0.335686,0.34041178,0.34080356,0.3359629,0.32565704,0.31030127,0.29092807,0.2691478,0.2470817,0.22720087,0.21195072,0.20307778,0.2008892,0.20403694,0.21010382,0.21649921,0.22107665
103,0.20488884,0.1980166,0.1886865,0.179129,0.17220421,0.17080598,0.17672373,0.18971325,0.20771539,0.22789524,0.24751925,0.26435333,0.2767782,0.28381878,0.2851711,0.2812469,0.27322933,0.2631071,0.25359777,0.2477906,0.24835731,0.2565357,0.27158576,0.29118505,0.31235272,0.33223033,0.34849638,0.35952526,0.364434,0.3630914,0.35611326,0.34483904,0.33126393,0.31786963,0.3072747,0.3016653,0.30214477,0.30835903,0.31867817,0.33080623,0.34242916,0.35164657,0.35716873,0.35836232,0.35522026,0.34829664,0.338621,0.32759014,0.31682405,0.30796778,0.3024368,0.30114722,0.30432433,0.3114821,0.32158118,0.33327714,0.34515277,0.35588214,0.3643294,0.36960787,0.3711224,0.36860576,0.36215016,0.35222787,0.33968952,0.32572418,0.31175965,0.29928327,0.28958455,0.28347304,0.2810857,0.28189543,0.28493062,0.2890921,0.29342604,0.29727358,0.30029267,0.30238673,0.30358648,0.30393094,0.30338806,0.30184153,0.29914874,0.29525098,0.2903014,0.2847672,0.2794606,0.27545542,0.27386647,0.27552578,0.28067613,0.2888395,0.29893392,0.30956584,0.31935447,0.32718426,0.3323529,0.33462378,0.33420128,0.3316445,0.32773393,0.3233096,0.31911102,0.3156564,0.31319454,0.31173933,0.31116357,0.31130543,0.31204143,0.31330082,0.3150267,0.31711265,0.31935552,0.3214568,0.32308534,0.3239873,0.32411212,0.323714,0.32338783,0.32400432,0.3265269,0.3317369,0.33995262,0.3508598,0.36352947,0.3766034,0.38855687,0.39794818,0.403606,0.40474436,0.40101507,0.39251092,0.37973323,0.3635352,0.34505072,0.32561642,0.30668935,0.28975293,0.27619448,0.267139,0.2632524,0.26458138,0.2705174,0.2799165,0.2913151,0.30315325,0.3139545,0.32246253,0.3277513,0.32932314,0.327197,0.32197836,0.31488466,0.30767807,0.30243474,0.30110103,0.30491015,0.3139212,0.32696596,0.34202316,0.35676628,0.36903042,0.37711155,0.37992787,0.37709743,0.36896852,0.35661379,0.3417761,0.32672334,0.31394324,0.30562696,0.3030294,0.3060107,0.31307885,0.3219128,0.3300201,0.33522952,0.33594993,0.3312634,0.3209339,0.30538273,0.28565496,0.26338345,0.24073143,0.22024809,0.20450102,0.1953703,0.19322568,0.19665976,0.20312521,0.20991583,0.21481994
104,0.20128532,0.19445091,0.18490233,0.1748252,0.16711026,0.16481294,0.16997835,0.18255205,0.20050079,0.22091383,0.24096791,0.2583565,0.2714025,0.27907872,0.28102878,0.27760962,0.269949,0.2599876,0.25042027,0.24436614,0.24459669,0.25249127,0.26742515,0.28712124,0.3085849,0.32891482,0.34573582,0.3573642,0.3628551,0.36201152,0.35538074,0.34423503,0.33051306,0.31666926,0.30535138,0.29885152,0.29844126,0.30393577,0.31380987,0.32578778,0.3375145,0.34701997,0.35293773,0.35456076,0.35181528,0.34519795,0.33569276,0.32466757,0.31373587,0.30456534,0.29862475,0.29690546,0.29970974,0.30660823,0.31658733,0.32830137,0.34031636,0.35128382,0.36004484,0.36568996,0.36760005,0.36548018,0.35938877,0.34975722,0.3373896,0.32342765,0.30926183,0.29636857,0.28607038,0.27926177,0.27620283,0.2764951,0.27926797,0.28347906,0.28818813,0.29271576,0.29667413,0.29990306,0.30235898,0.30400386,0.3047342,0.30437404,0.30273423,0.29971898,0.29544613,0.29034173,0.2851688,0.28095254,0.27878124,0.27950978,0.28346643,0.29030508,0.2990839,0.3085227,0.3173118,0.32436582,0.32898,0.33089074,0.3302577,0.32758352,0.32358658,0.31904775,0.3146591,0.31091085,0.30804652,0.3060945,0.30495447,0.30449492,0.3046197,0.30528033,0.3064392,0.30801144,0.3098238,0.31162113,0.31313026,0.3141673,0.31475422,0.31520402,0.31613305,0.31836843,0.32274556,0.32983872,0.3397209,0.35185644,0.36517075,0.37825397,0.3896103,0.39788103,0.40200657,0.40132383,0.39560795,0.3850702,0.370323,0.35232306,0.33230147,0.31168792,0.29202855,0.27488658,0.26170182,0.2535932,0.25113297,0.25418913,0.26193765,0.2730456,0.28592464,0.2989542,0.31064233,0.3197426,0.32535174,0.32700303,0.32475537,0.31926674,0.3118248,0.30428186,0.298817,0.2974668,0.30150384,0.31095073,0.32454166,0.3401389,0.35531616,0.36783868,0.37596035,0.37857845,0.37530637,0.36650246,0.35326728,0.33739737,0.32125154,0.3074517,0.29834867,0.29532722,0.29828322,0.30565152,0.31497744,0.3236364,0.32935834,0.33048978,0.32607812,0.31587017,0.30028057,0.28035584,0.25774023,0.23462819,0.21363743,0.19745389,0.18809737,0.1860127,0.1897421,0.19661221,0.20380409,0.20904328
105,0.19797307,0.19118673,0.18149343,0.17104004,0.16273484,0.15975502,0.16434817,0.176611,0.19452573,0.21511668,0.23549072,0.25329044,0.2668022,0.27496845,0.27740398,0.27443668,0.26716635,0.25751066,0.24815431,0.2422295,0.24254887,0.25054845,0.26564974,0.28559586,0.30738974,0.3281141,0.3453697,0.3574424,0.3633513,0.36285815,0.35646495,0.3453973,0.33155164,0.31735715,0.3054729,0.2982582,0.29710427,0.3019581,0.31138596,0.3231394,0.33483997,0.34446824,0.35060078,0.35247535,0.3499687,0.34353536,0.33412665,0.3230898,0.31203413,0.30264366,0.2964256,0.29442555,0.29700163,0.30376604,0.31372428,0.32553,0.33773693,0.34898004,0.35808316,0.36411965,0.3664518,0.36476293,0.35908493,0.34981677,0.3377248,0.3239109,0.30973047,0.29664177,0.28598058,0.27869588,0.27513808,0.27501208,0.2775347,0.28171661,0.28663343,0.2915905,0.2961633,0.30014193,0.30342835,0.30593273,0.30750844,0.3079481,0.3070415,0.30467674,0.3009527,0.29626596,0.2913359,0.2871342,0.28470153,0.28487524,0.28801534,0.29385534,0.3015571,0.30993795,0.3177596,0.3239761,0.32789335,0.3292359,0.32813513,0.32505533,0.3206734,0.31573308,0.31090108,0.30665925,0.3032604,0.3007559,0.29907462,0.29811302,0.29779634,0.29808944,0.29896218,0.30033672,0.30205283,0.30388004,0.3055844,0.30703264,0.3082997,0.30973715,0.31196275,0.3157451,0.3217897,0.330484,0.3416983,0.35472947,0.36840522,0.3812933,0.39193615,0.39905232,0.40168002,0.39926243,0.39168167,0.379253,0.36268783,0.34303674,0.32162094,0.29995814,0.27968094,0.2624309,0.24969761,0.24258655,0.24156561,0.24632028,0.25582355,0.2685804,0.28290576,0.29713666,0.30977044,0.31956336,0.3256195,0.32748204,0.32522485,0.31953076,0.31172928,0.3037386,0.2978295,0.29614305,0.3000352,0.3095547,0.3233949,0.33933496,0.354856,0.3676418,0.3758818,0.37842476,0.3748494,0.36549234,0.35144892,0.3345361,0.31717527,0.3021106,0.29187238,0.28803214,0.29059508,0.29797992,0.3076229,0.3167647,0.3230206,0.32465485,0.32066014,0.31074783,0.2953095,0.27537757,0.2525926,0.22916454,0.20776382,0.19118443,0.18159075,0.17952451,0.18350324,0.1907446,0.1983246,0.20390686
106,0.19490339,0.1881481,0.17837152,0.16769743,0.15904813,0.15568149,0.15997177,0.17209755,0.19003154,0.2107474,0.2313108,0.24934237,0.26311857,0.27157748,0.27433208,0.27171063,0.26481628,0.25557333,0.24667385,0.2412496,0.24209417,0.25060657,0.26617354,0.28652507,0.30867046,0.32970476,0.3472373,0.359555,0.36567077,0.3653341,0.35902962,0.34796196,0.3340056,0.31957236,0.30731937,0.29963282,0.29796416,0.30233693,0.31137905,0.32286912,0.33442345,0.3439986,0.3501407,0.3520574,0.34959894,0.34319833,0.33379138,0.32271707,0.31158543,0.3020917,0.29576474,0.29367837,0.29621804,0.30301473,0.31308112,0.32506853,0.33752313,0.34907055,0.35852477,0.3649489,0.3676935,0.36642778,0.36116606,0.35228574,0.34052777,0.3269659,0.31292826,0.29985327,0.28907394,0.2815624,0.2777191,0.27731445,0.27962637,0.28370658,0.28864568,0.29374197,0.2985491,0.30282918,0.30645704,0.30932206,0.31126615,0.31207946,0.31155467,0.30958235,0.3062562,0.30195346,0.2973556,0.29337913,0.29100266,0.29101393,0.29375708,0.29899243,0.30594134,0.31349158,0.3204663,0.32586163,0.32900444,0.32962215,0.32783607,0.3240932,0.3190524,0.3134451,0.30793676,0.30302164,0.29897687,0.29588494,0.2937058,0.2923605,0.29178882,0.291959,0.29283565,0.294332,0.2962819,0.2984586,0.3006445,0.3027335,0.30483022,0.30730313,0.31075555,0.31589353,0.3233087,0.33324024,0.3454107,0.35900533,0.37279525,0.38534606,0.39523935,0.4012587,0.40252164,0.39855653,0.3893323,0.37524936,0.35710144,0.33601835,0.3133981,0.29083502,0.2700386,0.2527217,0.24041966,0.23422484,0.2345089,0.24079604,0.2518904,0.26617083,0.2818808,0.2973241,0.31098208,0.32159862,0.3282639,0.33050576,0.32838482,0.32257846,0.3144268,0.30588654,0.2993069,0.2969483,0.30030128,0.3095142,0.3233064,0.33941165,0.3552253,0.36833534,0.37684146,0.37951404,0.37586468,0.36617434,0.3514965,0.33362904,0.31501663,0.2984977,0.28678617,0.2816937,0.28342396,0.29046187,0.3001779,0.30968386,0.31646487,0.31868005,0.31524384,0.30581015,0.2907276,0.2709959,0.24823365,0.2246463,0.20293505,0.18598363,0.1761014,0.173956,0.17808262,0.18562102,0.1935544,0.1994835
107,0.1920492,0.18529868,0.17549962,0.1647749,0.15606399,0.15266363,0.1569824,0.16918962,0.18721622,0.20800497,0.22861649,0.24668351,0.2605021,0.26903364,0.27191746,0.26951256,0.26295725,0.254212,0.2459921,0.24141283,0.24318609,0.25258085,0.26887205,0.2897463,0.3122288,0.33345482,0.35107413,0.36340642,0.36948898,0.36908904,0.36270332,0.35154316,0.33748364,0.32293025,0.31052783,0.30265006,0.30074513,0.3048484,0.31360942,0.32482693,0.33612895,0.34547606,0.3514142,0.3531502,0.35053432,0.34400177,0.33449256,0.3233518,0.31219655,0.30272865,0.29648083,0.2945262,0.2972447,0.3042593,0.31457508,0.3268382,0.33959213,0.35146102,0.36125743,0.36804184,0.37116075,0.37027743,0.36539865,0.35689235,0.3454878,0.33224472,0.31847465,0.3055982,0.29493335,0.2874462,0.28354576,0.28302425,0.285187,0.28910813,0.29388973,0.29883137,0.30348292,0.3076038,0.31107247,0.31379077,0.31562135,0.31637993,0.31588435,0.3140439,0.31095877,0.30699497,0.3028009,0.29923722,0.2972097,0.2974316,0.3001915,0.30522934,0.31178227,0.31877697,0.32508174,0.32973155,0.33208054,0.3318718,0.329234,0.32461807,0.31868872,0.31219015,0.30581072,0.3000773,0.2953058,0.29161727,0.28900358,0.28740638,0.28677207,0.2870618,0.28822142,0.2901387,0.2926221,0.29542604,0.29832497,0.3012148,0.30420548,0.30766305,0.31216708,0.31836948,0.32677817,0.3375345,0.3502723,0.36411715,0.37781754,0.38994953,0.399129,0.40418887,0.40430418,0.3990651,0.38850388,0.37308395,0.35366073,0.3314235,0.30782834,0.28452772,0.26329103,0.2458894,0.23390032,0.22841485,0.22973935,0.23728333,0.2497311,0.26537216,0.28239533,0.29907006,0.31384835,0.3254417,0.33290258,0.33571795,0.33390763,0.3281141,0.31965724,0.31050372,0.303064,0.29972726,0.30216593,0.31070355,0.3241585,0.34026313,0.35633776,0.36986187,0.37882107,0.38187817,0.37844673,0.36871922,0.3536712,0.33504054,0.3152487,0.2971838,0.28372318,0.27695236,0.27736452,0.28361553,0.29307875,0.30275795,0.30999798,0.31282988,0.31006444,0.3012741,0.28674248,0.26741663,0.24487288,0.22128971,0.19937228,0.18206745,0.17182131,0.16945724,0.1735833,0.18130581,0.18953276,0.19580048
108,0.18944517,0.18268858,0.17294595,0.16236313,0.15390046,0.15084696,0.15554324,0.16805327,0.18623973,0.2070425,0.22755778,0.24546519,0.25910935,0.26750115,0.2703332,0.26802328,0.26177368,0.2536052,0.24626492,0.24282728,0.24585819,0.25641492,0.27360204,0.29504582,0.31780013,0.3390656,0.35656065,0.3686658,0.37447092,0.37378886,0.36715645,0.355818,0.34167063,0.32712364,0.3147993,0.30702043,0.30516976,0.30922973,0.31782955,0.32877877,0.339733,0.34868455,0.3542103,0.35554606,0.35256988,0.34574324,0.33603045,0.32479694,0.31367284,0.3043612,0.29838002,0.2967721,0.29987884,0.30728838,0.31798396,0.33060437,0.34369567,0.35588872,0.36600292,0.37310395,0.37654176,0.37598217,0.37143415,0.36326838,0.35221642,0.3393381,0.32593954,0.3134268,0.30309263,0.29587084,0.29213947,0.29166996,0.2937597,0.29748413,0.3019511,0.30646887,0.31060097,0.31412932,0.31696633,0.31905857,0.32032043,0.3206197,0.31982014,0.3178645,0.3148693,0.31119582,0.30746254,0.30447277,0.30305028,0.30381343,0.3069637,0.31218186,0.31868273,0.32540217,0.3312355,0.33524993,0.33682948,0.3357426,0.3321405,0.32649708,0.31950498,0.31194425,0.30454817,0.29789484,0.2923518,0.28808486,0.28511778,0.28340772,0.2828995,0.2835361,0.2852314,0.2878317,0.29110107,0.29475343,0.2985313,0.30230787,0.30617586,0.31048298,0.31578252,0.32268906,0.3316656,0.34281033,0.35572642,0.3695273,0.38296714,0.39464098,0.40319186,0.40748453,0.40672883,0.4005517,0.3890235,0.37264612,0.35231277,0.32924902,0.30494547,0.28108868,0.25948432,0.24194342,0.23008172,0.22501078,0.22702198,0.23547506,0.2489914,0.26580414,0.28405595,0.3019733,0.3179616,0.3306787,0.33911735,0.34270057,0.34138376,0.33574897,0.32706872,0.31729183,0.30886853,0.30431548,0.30552042,0.31304893,0.32589248,0.34183303,0.35813385,0.37215918,0.38176093,0.3854693,0.3825731,0.37314802,0.3580608,0.33895192,0.31817284,0.29860637,0.28324607,0.27444932,0.273069,0.27804643,0.28685355,0.2964301,0.30398303,0.3073974,0.30535638,0.29732704,0.28350624,0.26476812,0.24262692,0.21921147,0.19720212,0.17957528,0.16889325,0.16615634,0.17010494,0.17786697,0.18630005,0.19287665
109,0.18718994,0.18045597,0.17088461,0.16066454,0.15277293,0.1504351,0.15582098,0.1688097,0.18718873,0.20793146,0.22820932,0.24577986,0.2590606,0.2671343,0.26976892,0.2674641,0.26150796,0.2539964,0.24770457,0.24563205,0.250138,0.26200876,0.2801487,0.30212402,0.32503283,0.3461616,0.36331898,0.3749686,0.38027564,0.37912247,0.37210962,0.36053655,0.34633952,0.3319376,0.3199175,0.31251344,0.31098598,0.31520805,0.3237531,0.3344347,0.34495062,0.35335076,0.35827154,0.35900584,0.3554848,0.34821853,0.33821356,0.32686782,0.31582835,0.3067924,0.30124417,0.300168,0.3038372,0.3117829,0.322956,0.33598772,0.34943247,0.36193562,0.37233105,0.3796967,0.38339287,0.3830954,0.37882498,0.37096602,0.3602653,0.34779558,0.33486724,0.32287398,0.31307364,0.3063438,0.30299678,0.30274537,0.30484718,0.30835918,0.31238857,0.31625766,0.31955853,0.32211763,0.3239079,0.3249497,0.32523715,0.32471496,0.323312,0.32101825,0.3179753,0.3145443,0.31131506,0.30903056,0.30842337,0.31000027,0.31385118,0.31956816,0.32631445,0.3330108,0.3385632,0.34206358,0.34292585,0.34095052,0.33632287,0.32955554,0.3213873,0.31265357,0.30415112,0.2965247,0.29020396,0.285404,0.28217912,0.28049645,0.28029054,0.28147575,0.28392172,0.2874191,0.29167113,0.29633197,0.30109075,0.30577567,0.31044224,0.31540725,0.32119894,0.32841495,0.33751354,0.34860343,0.36131197,0.3747844,0.38780683,0.3990009,0.40703,0.41077372,0.40945417,0.4027098,0.39062294,0.37370813,0.35287097,0.32934806,0.30463862,0.28043622,0.25855508,0.24082322,0.22888802,0.22390577,0.22621134,0.2351882,0.24945435,0.2672171,0.28657746,0.30570835,0.3229514,0.3368928,0.34644744,0.35095692,0.35029414,0.3449616,0.3361627,0.32580397,0.31635153,0.3104357,0.3101727,0.31641853,0.32840464,0.344018,0.3604919,0.37507755,0.385481,0.39008194,0.3880244,0.37924635,0.3644823,0.3452469,0.323782,0.30290943,0.2856734,0.27465928,0.27110532,0.27433768,0.28204048,0.29116148,0.29879302,0.302668,0.30132404,0.29410243,0.28109387,0.2630816,0.24150026,0.2184089,0.19643559,0.17854935,0.16739511,0.16415301,0.16774675,0.17538616,0.1839117,0.19073826
110,0.18541098,0.17878327,0.16954213,0.15992865,0.1529182,0.15160662,0.1579051,0.17146474,0.19001652,0.21060756,0.2305176,0.24760495,0.2603775,0.26800525,0.27034712,0.26799965,0.26234844,0.25556672,0.2504408,0.2498559,0.25591674,0.26911062,0.2881426,0.3105334,0.3334411,0.35425174,0.37087798,0.38188148,0.38651925,0.38476062,0.37728748,0.3654703,0.35129496,0.33719015,0.3256896,0.31890288,0.3179209,0.32246462,0.33102852,0.34142864,0.3514192,0.35912937,0.36327916,0.3632417,0.35902256,0.3511984,0.34083214,0.32936248,0.31845406,0.30978918,0.30479982,0.30438775,0.3087357,0.3173031,0.32900372,0.34246367,0.35625175,0.36903462,0.3796668,0.387244,0.3911423,0.39105418,0.38701963,0.37944663,0.36910787,0.35709935,0.34474298,0.33342034,0.3243442,0.31831494,0.31555027,0.31567383,0.3178782,0.32118574,0.32469717,0.32775205,0.32998183,0.33127415,0.3316836,0.3313278,0.33030453,0.32865715,0.32639757,0.3235754,0.32036495,0.31713042,0.31443232,0.3129486,0.3133119,0.3159039,0.3206856,0.32714093,0.33436194,0.34123707,0.3466707,0.3497723,0.34998453,0.34714356,0.34147674,0.33354685,0.32415238,0.3141988,0.30456018,0.29595938,0.28889534,0.28363448,0.28025895,0.27873945,0.2789918,0.2808925,0.2842571,0.28881004,0.29418108,0.29994985,0.30573478,0.31130046,0.31664833,0.32205382,0.32802176,0.33515146,0.34393272,0.35453314,0.366655,0.3795172,0.39196414,0.4026538,0.410265,0.41367748,0.41210428,0.40517086,0.3929458,0.37593043,0.35501724,0.3314286,0.30664673,0.28234506,0.26031837,0.24238607,0.23021504,0.22502314,0.22724089,0.23634632,0.25101388,0.26945704,0.28974208,0.30998114,0.32844004,0.3436203,0.3543471,0.3598695,0.35996678,0.35504943,0.34623665,0.33537373,0.32491875,0.31759265,0.31573215,0.32050663,0.33143836,0.3465727,0.36314708,0.37831184,0.38962477,0.39530596,0.39434302,0.38652384,0.37243694,0.35345313,0.33167744,0.30982515,0.29092216,0.27770686,0.27177298,0.2728869,0.2790541,0.2873254,0.2947279,0.29885474,0.29809165,0.2916412,0.27947363,0.26226768,0.24136497,0.21873923,0.19694348,0.17890356,0.16730356,0.16348262,0.1665774,0.17393579,0.182422,0.18940878
111,0.18420747,0.17782487,0.16910906,0.16034801,0.15447998,0.15440407,0.16171686,0.1758429,0.19449587,0.21483284,0.23426405,0.2507615,0.26293242,0.27004188,0.27204672,0.26964548,0.26432142,0.258314,0.25439462,0.25529745,0.2628481,0.27724046,0.2970052,0.31964004,0.34237495,0.36270204,0.3786439,0.38886777,0.3927318,0.39030287,0.38235468,0.3703372,0.3562887,0.34264037,0.33185247,0.3258774,0.32560194,0.33057025,0.33918843,0.3492791,0.35866565,0.36557314,0.368823,0.36788553,0.3628557,0.3543895,0.34361488,0.3320151,0.32126945,0.31303513,0.3086757,0.30899292,0.31406567,0.32327616,0.335502,0.3493689,0.36346558,0.376485,0.38730636,0.39504665,0.39910153,0.3991843,0.39536038,0.38806847,0.37811548,0.36662826,0.35494468,0.34443253,0.3362501,0.3311034,0.3290938,0.3297343,0.33213466,0.33527112,0.33823287,0.34037802,0.3413835,0.3412086,0.34000367,0.33800015,0.33541766,0.33241582,0.32910454,0.32560426,0.32212806,0.31904504,0.3168842,0.31625322,0.3176771,0.32140365,0.32725555,0.33459875,0.34244403,0.3496381,0.35507548,0.35787788,0.3575144,0.35385817,0.3471831,0.338109,0.32750282,0.31634927,0.3056083,0.2960873,0.28835738,0.2827352,0.27932596,0.27809653,0.27893627,0.2816767,0.28607315,0.2917777,0.2983398,0.30525556,0.31206074,0.31844255,0.32433492,0.3299627,0.33580735,0.34248307,0.35053942,0.36024326,0.37141642,0.38339153,0.395099,0.40524584,0.41252485,0.41580397,0.41426829,0.4075075,0.39555207,0.3788653,0.35830256,0.33504832,0.31054443,0.28642032,0.2644259,0.24634695,0.23385198,0.22822301,0.23002003,0.23887317,0.25357017,0.2723673,0.29331088,0.31445327,0.3339799,0.3503021,0.3621504,0.36867678,0.36956233,0.3651198,0.356376,0.34510174,0.33372667,0.32503492,0.32155877,0.32477778,0.3345322,0.34906864,0.365665,0.38139093,0.39366367,0.4005444,0.40086234,0.39425176,0.38115078,0.36277932,0.34109148,0.31866613,0.29845327,0.28325945,0.27495915,0.27375418,0.27804735,0.2850926,0.29192394,0.2960298,0.295654,0.2898584,0.27848655,0.26210538,0.24195556,0.2199158,0.19844785,0.18040404,0.1684602,0.16407172,0.16658792,0.17353606,0.18184844,0.18888098
112,0.18359673,0.17763655,0.16965318,0.16196,0.15741171,0.15865687,0.16696441,0.18157142,0.20022033,0.22020382,0.2390728,0.2549165,0.26644245,0.27301052,0.27467352,0.272227,0.26724017,0.26199833,0.25922874,0.2614913,0.27033573,0.28569567,0.30596665,0.32864603,0.35104227,0.3707531,0.38591,0.3952864,0.3983441,0.39525086,0.38687536,0.37474757,0.36095393,0.34791544,0.33799767,0.33297104,0.33349884,0.33894104,0.34761795,0.35736677,0.36608982,0.37211874,0.3743867,0.37247106,0.36656472,0.3574089,0.34619993,0.33446476,0.32389176,0.31610316,0.31238267,0.31342304,0.31919643,0.32901052,0.3417125,0.35593337,0.37028608,0.3834925,0.3944581,0.40232202,0.40650082,0.40673086,0.40310624,0.39610106,0.3865617,0.37565076,0.36472437,0.35513484,0.34797868,0.34385613,0.3427389,0.34401664,0.34670603,0.3497298,0.35216153,0.3533767,0.35309958,0.3513654,0.34842658,0.34463754,0.34035054,0.33585334,0.3313649,0.32708472,0.32326925,0.3202927,0.31864977,0.31887323,0.32137588,0.32626882,0.3332354,0.34152335,0.35006094,0.35765004,0.36317143,0.36575508,0.36489418,0.360498,0.3528884,0.342745,0.33100715,0.3187426,0.30700013,0.2966724,0.28840077,0.28254673,0.2792307,0.27840757,0.27993304,0.2835892,0.28906932,0.29595304,0.3037091,0.3117475,0.31951603,0.32661638,0.33290565,0.33855057,0.34400696,0.34991062,0.35688913,0.36533827,0.37523633,0.38606602,0.39687195,0.40642554,0.41343588,0.4167503,0.41551,0.40924868,0.39793646,0.38197637,0.36216465,0.33962724,0.31574604,0.29208705,0.27033532,0.2522215,0.23939495,0.23319025,0.23430714,0.24256407,0.25691053,0.2756865,0.2969429,0.3186838,0.33901894,0.35627186,0.36908028,0.37650096,0.37811807,0.37414694,0.36551964,0.3539258,0.34175116,0.33181605,0.32681394,0.3285088,0.33705935,0.3509381,0.3674945,0.38374233,0.3969746,0.40510437,0.40680978,0.4015772,0.38969848,0.37224492,0.35101727,0.32844365,0.307359,0.2905633,0.2801169,0.27659932,0.27883422,0.2843592,0.2902971,0.29408556,0.29385456,0.28853709,0.27785382,0.26226005,0.24289423,0.22153637,0.20054783,0.18268456,0.17056918,0.16571629,0.16765764,0.17411795,0.18213797,0.18909009
113,0.18349004,0.17813899,0.17107458,0.16460274,0.16144887,0.16398376,0.17317553,0.18813197,0.20666423,0.2262135,0.24447113,0.25963926,0.27052,0.2765605,0.27789938,0.27541465,0.27074146,0.26618505,0.2644053,0.2677833,0.27762216,0.29364675,0.3141606,0.33667973,0.35859185,0.37759402,0.39191976,0.40044335,0.40272617,0.3990335,0.39032486,0.3782043,0.3647961,0.35249627,0.34355778,0.339555,0.3409243,0.3468485,0.35557282,0.3649575,0.37298945,0.3781107,0.3793695,0.37645274,0.36965254,0.35979557,0.34814414,0.3362643,0.32584688,0.3184719,0.31533825,0.3170303,0.32341987,0.3337495,0.34684446,0.36134645,0.3758949,0.3892405,0.40031374,0.40827435,0.41255808,0.4129237,0.40949428,0.40278092,0.39367193,0.3833682,0.3732459,0.36464155,0.35858747,0.35557413,0.35543934,0.35744518,0.360511,0.36350182,0.3654718,0.3658107,0.3642878,0.36101252,0.35633916,0.35074592,0.34472093,0.33868504,0.33297172,0.32786402,0.32366356,0.3207489,0.31957754,0.32060504,0.32413214,0.3301375,0.3381727,0.34737557,0.35659793,0.3645993,0.370246,0.37267423,0.37139854,0.36636242,0.35793424,0.34685296,0.3341297,0.3209142,0.30834144,0.2973843,0.28874633,0.28282365,0.27974063,0.27942997,0.28170756,0.28630432,0.2928546,0.30087137,0.30974913,0.31881645,0.32743475,0.33511844,0.34164387,0.34711474,0.35195792,0.3568318,0.36245033,0.36935624,0.3777107,0.38717648,0.39693877,0.4058496,0.41263908,0.4161283,0.41540164,0.40991968,0.39957324,0.38468575,0.365976,0.34449443,0.3215474,0.29862338,0.27732876,0.25932315,0.24621743,0.2393785,0.23963554,0.24700783,0.26064074,0.27899808,0.3001677,0.32212684,0.34292296,0.36080167,0.37431613,0.38243517,0.38465267,0.38109168,0.3725929,0.36076343,0.34793606,0.33694413,0.33060452,0.33092412,0.33835536,0.3515981,0.3680926,0.38482127,0.3989757,0.4083405,0.41145957,0.40768552,0.397176,0.38086367,0.36040223,0.33806747,0.31655848,0.29861328,0.2863878,0.28075153,0.2809208,0.28475985,0.28955284,0.29275042,0.29241106,0.28736418,0.27722216,0.26233733,0.24375106,0.22314714,0.20278369,0.18530504,0.17324173,0.1681058,0.16955917,0.17551684,0.18315756,0.18990621
114,0.1837124,0.17913468,0.17312595,0.16794889,0.16616662,0.16987523,0.17979418,0.19496098,0.2132825,0.23234957,0.2499861,0.26449725,0.27476844,0.28032058,0.28136116,0.2788292,0.27440026,0.27037454,0.26933128,0.27348825,0.28395054,0.30029422,0.32077247,0.34293422,0.36424208,0.38248158,0.39597654,0.40369132,0.405277,0.40108672,0.3921609,0.3801662,0.36725205,0.3557755,0.34786662,0.34490246,0.3471033,0.35349196,0.36225265,0.371275,0.3786306,0.38286924,0.3831503,0.37926584,0.37160227,0.3610657,0.34897786,0.33693698,0.32663,0.31959194,0.31693977,0.3191593,0.32603607,0.33676124,0.35014755,0.36485153,0.3795389,0.39298642,0.40414527,0.41219115,0.41657457,0.41707262,0.41383442,0.4074061,0.3987175,0.38900885,0.3796788,0.37205148,0.36709946,0.36520842,0.36608708,0.3688732,0.37238938,0.37544072,0.37705785,0.3766397,0.3739945,0.3692995,0.36300397,0.35570404,0.3480191,0.34050056,0.33359566,0.3276705,0.32307073,0.32017696,0.3194077,0.3211419,0.32557428,0.3325626,0.34154236,0.35155672,0.3613929,0.36977482,0.37555692,0.3778808,0.37628025,0.37073004,0.36164194,0.3498108,0.33631542,0.32238182,0.3092231,0.29788136,0.28910828,0.28331828,0.28062415,0.28092462,0.2839898,0.2895009,0.29704073,0.3060675,0.31591433,0.3258402,0.33512902,0.34321338,0.3497907,0.35490122,0.3589403,0.36258662,0.36664075,0.37179884,0.37841958,0.38636652,0.3949858,0.40322468,0.40983918,0.41362053,0.41358617,0.40911004,0.39998868,0.3864509,0.36912382,0.34896967,0.3272085,0.30524227,0.28459057,0.2668327,0.2535264,0.24604909,0.24533701,0.25160238,0.26420292,0.2817593,0.30243075,0.324195,0.34505787,0.36320263,0.3771111,0.38567635,0.38831285,0.3850613,0.37667882,0.36469465,0.35138503,0.33957916,0.33218038,0.33138737,0.3378998,0.35062197,0.36708838,0.38427022,0.39928457,0.409815,0.41429636,0.41196975,0.4028778,0.3878308,0.36834863,0.34656194,0.32502753,0.30638686,0.29281822,0.28538767,0.28364137,0.28577107,0.28927118,0.2916653,0.2909901,0.28600684,0.2762435,0.26196614,0.24413066,0.22433229,0.20472817,0.18784177,0.17607982,0.17089258,0.1720092,0.17750753,0.18471962,0.19115609
115,0.1840616,0.18037361,0.17549032,0.17160133,0.17109364,0.17581607,0.1863003,0.20156203,0.2196171,0.23819815,0.25524834,0.26916188,0.27889204,0.28401548,0.28478655,0.28217956,0.2778833,0.2741714,0.27354074,0.27807707,0.28874773,0.30504283,0.32520375,0.34682208,0.36742783,0.38488021,0.3975774,0.4045581,0.40554792,0.40097287,0.3919396,0.38016313,0.36780494,0.35717463,0.35027888,0.34830973,0.35129362,0.35811618,0.3669142,0.37560898,0.38235113,0.38578904,0.38518277,0.38041887,0.37196726,0.36080277,0.3482965,0.33607042,0.3258037,0.3189887,0.3166715,0.31925693,0.32646424,0.3374494,0.35102177,0.36585492,0.3806382,0.39416888,0.40541184,0.41355103,0.41804394,0.41867858,0.41562316,0.40945345,0.40113747,0.39195466,0.38333014,0.37658444,0.3726432,0.37180218,0.3736549,0.37722456,0.38124108,0.38444883,0.38585007,0.38484547,0.3812732,0.3753677,0.3676615,0.3588565,0.34969214,0.34084097,0.33285674,0.326183,0.32120463,0.3183008,0.31785023,0.32015947,0.32532862,0.3331129,0.34285358,0.35352015,0.36385143,0.37254632,0.3784521,0.3807171,0.37889278,0.3729822,0.36343622,0.3511,0.33711272,0.3227671,0.30934122,0.29792905,0.28930947,0.28389317,0.2817614,0.28276533,0.28662428,0.29297376,0.3013567,0.31119317,0.3217739,0.33230656,0.34201342,0.35025772,0.35666683,0.36122206,0.36428788,0.36655992,0.36892062,0.37221637,0.37700605,0.38336256,0.39080453,0.398383,0.40488258,0.4090611,0.40986142,0.40656114,0.39885226,0.38685927,0.37110874,0.35246706,0.332062,0.31120503,0.29132617,0.27392104,0.260486,0.2523912,0.25065395,0.25565886,0.26697558,0.28340232,0.30319974,0.32437453,0.34491405,0.36295864,0.37693563,0.38567775,0.38853487,0.3854792,0.37719688,0.3651485,0.3515566,0.33923453,0.33113793,0.3296001,0.33550394,0.34791282,0.36444235,0.38206694,0.3978586,0.40943366,0.4151507,0.41416854,0.40643996,0.39267454,0.37427664,0.35324538,0.33199885,0.31306398,0.2985883,0.28975105,0.28634986,0.28687203,0.28904155,0.290501,0.28931367,0.2842125,0.2746719,0.26089436,0.24376744,0.22480993,0.20608388,0.1899865,0.17877473,0.1737845,0.17474885,0.17987025,0.18663606,0.19266927
116,0.18438604,0.18164231,0.17788388,0.17520888,0.17583336,0.18140058,0.19231232,0.20759693,0.22538093,0.2435246,0.2600732,0.27349284,0.28278634,0.28756475,0.28810456,0.2853876,0.28108895,0.2774387,0.27685812,0.28134167,0.29178482,0.3076546,0.3272171,0.34811488,0.36793524,0.38459367,0.39654273,0.40287533,0.4033717,0.3985114,0.38944912,0.3779327,0.36612552,0.35628834,0.35031623,0.34924078,0.35292572,0.36014444,0.36899722,0.37743416,0.38367364,0.38644728,0.38509977,0.37959585,0.3704732,0.35876063,0.34586576,0.33342606,0.32311115,0.31637874,0.31422186,0.31698895,0.32435703,0.33546436,0.3491252,0.36403063,0.3788886,0.39250877,0.4038601,0.41212422,0.41675472,0.4175393,0.41465455,0.40869635,0.40066424,0.39187533,0.38378713,0.37773108,0.37460786,0.37464866,0.37735474,0.3816506,0.3861809,0.38962886,0.39096275,0.38957566,0.38532376,0.37848464,0.36965835,0.3596358,0.34925982,0.33930892,0.33043033,0.32313442,0.31783742,0.31491202,0.31469682,0.31743327,0.32314268,0.33150092,0.3417816,0.35290548,0.36358282,0.37250072,0.37850708,0.3807599,0.37882817,0.3727404,0.36298174,0.35044056,0.3363067,0.32192582,0.3086225,0.29751897,0.2893937,0.2846258,0.28324226,0.28503266,0.28966227,0.29672745,0.305746,0.31612012,0.32712135,0.3379297,0.34772798,0.3558292,0.36180598,0.36559126,0.36752367,0.36831424,0.36892003,0.3703278,0.37328812,0.37807912,0.38439086,0.3913776,0.39784968,0.40252635,0.40427002,0.40225643,0.39606866,0.38572326,0.37164372,0.35459888,0.33562362,0.31593966,0.2968896,0.2798874,0.26636603,0.257677,0.25489596,0.25855404,0.26841956,0.28347498,0.3021025,0.32236168,0.34224376,0.35986584,0.3736192,0.382294,0.38519317,0.3822378,0.3740596,0.36206496,0.34843034,0.33594653,0.32758927,0.32576406,0.3314589,0.34383285,0.36055675,0.37861878,0.3950779,0.40752274,0.41427386,0.41444224,0.40792084,0.39534417,0.37802336,0.35784385,0.33709532,0.3181838,0.3031907,0.29334012,0.28860253,0.2877087,0.28860566,0.28908202,0.28726786,0.2819072,0.27245414,0.2590745,0.24260844,0.22451352,0.20676464,0.19162913,0.18119195,0.17663005,0.1776246,0.18246286,0.18878102,0.19433276
117,0.18465413,0.18284427,0.18014592,0.17856047,0.18015283,0.18640819,0.19764784,0.21293466,0.23049922,0.24831079,0.26449683,0.27757573,0.2865795,0.29113087,0.29150265,0.28865644,0.28422803,0.28038988,0.2794979,0.28349802,0.29327968,0.30834922,0.32703504,0.34703955,0.3659975,0.38186097,0.3931139,0.39887926,0.39896783,0.39388987,0.3848275,0.373546,0.36220437,0.3530217,0.34780508,0.347462,0.35173076,0.35929823,0.36823577,0.37651432,0.38240322,0.38469693,0.3828034,0.3767448,0.36710668,0.3549537,0.34171563,0.3290365,0.318577,0.31177247,0.30958647,0.31234068,0.3196971,0.3307949,0.34446102,0.35940292,0.37434024,0.38808492,0.39959815,0.40804648,0.41286564,0.41382852,0.41110528,0.405298,0.39742705,0.3888433,0.38104302,0.37538812,0.37278503,0.3734365,0.3767839,0.3816756,0.38668162,0.3904245,0.39183196,0.3902785,0.38562393,0.3781722,0.36857218,0.3576835,0.34643194,0.33568227,0.3261578,0.31842124,0.31290898,0.30998072,0.30993497,0.31295666,0.3190065,0.32770705,0.3382935,0.3496655,0.3605271,0.3695697,0.37565193,0.37794676,0.37604195,0.36998954,0.36030394,0.34790832,0.33403057,0.32005164,0.3073184,0.29695097,0.28969395,0.2858639,0.28541076,0.2880513,0.29339674,0.3010134,0.31041014,0.3209927,0.33203855,0.34272677,0.35222715,0.3598272,0.36506605,0.36784494,0.36848643,0.367719,0.36656752,0.36614522,0.3673767,0.37072802,0.3760458,0.38257438,0.38913912,0.39441273,0.39717284,0.3964926,0.3918483,0.38315243,0.37072995,0.35525692,0.33768034,0.31913775,0.3008908,0.2842784,0.27067384,0.26140553,0.25759083,0.25988212,0.26822534,0.2817805,0.29905906,0.31818852,0.33718112,0.35414836,0.3674633,0.3758922,0.37871042,0.3758082,0.36778307,0.3560053,0.3426169,0.33038142,0.32226148,0.32066604,0.3265995,0.33924347,0.35629383,0.3747644,0.39173707,0.40481564,0.41232455,0.41336396,0.40779915,0.3962178,0.37986204,0.3605245,0.34038073,0.32171708,0.3065261,0.29602355,0.2902812,0.2882134,0.28796485,0.28747946,0.28498262,0.2792639,0.2697898,0.2567175,0.2408627,0.22363834,0.20694044,0.19290261,0.18341799,0.17946868,0.18064052,0.18527205,0.19113792,0.1961332
118,0.18499123,0.18404438,0.1822872,0.18163075,0.18401842,0.19082493,0.20233178,0.21764879,0.23509854,0.25273773,0.26875392,0.28169677,0.2906063,0.2950941,0.2954045,0.29245284,0.28781223,0.283584,0.28206676,0.28519508,0.29391226,0.30782494,0.32536423,0.34430596,0.36232463,0.37738937,0.38799042,0.3932536,0.3929931,0.38772386,0.37863323,0.36748892,0.35644263,0.3476871,0.34297556,0.3431378,0.3478303,0.35567957,0.36473277,0.37296963,0.37868887,0.38072306,0.3785181,0.37212908,0.36216637,0.34971014,0.3361959,0.32326496,0.31257027,0.30553943,0.30313334,0.3056799,0.3128563,0.3238224,0.33742604,0.35238922,0.3674353,0.38136733,0.3931255,0.4018468,0.40693334,0.408126,0.40557012,0.39985552,0.39200783,0.38340297,0.37558055,0.36995426,0.36747426,0.3683609,0.37203866,0.37731028,0.38268614,0.3867303,0.38832316,0.38680792,0.3820321,0.3743071,0.36430964,0.3529458,0.34120107,0.33000433,0.32013443,0.31218916,0.3066117,0.30374074,0.303834,0.3070282,0.31324175,0.32207006,0.33273977,0.34415817,0.35504743,0.36412156,0.37026247,0.37266546,0.37094015,0.36516088,0.35586601,0.34400362,0.33082393,0.31772035,0.30603176,0.2968401,0.29081962,0.28819486,0.28882158,0.29233947,0.2983109,0.30628327,0.31577155,0.3262042,0.33688775,0.3470268,0.35580644,0.36251667,0.3666892,0.3682151,0.3674162,0.36504462,0.3621884,0.36007148,0.35976788,0.3619021,0.3664472,0.37271142,0.3795153,0.3854742,0.389279,0.38990548,0.3867328,0.37958115,0.36868894,0.35465077,0.33833632,0.32080913,0.30326036,0.2869641,0.2732425,0.26340276,0.25859404,0.2595684,0.26642418,0.27848157,0.29437575,0.312306,0.33031517,0.3465221,0.35929725,0.3674011,0.37010163,0.36727986,0.35952157,0.34818107,0.33537787,0.3238419,0.31648347,0.31563917,0.3222375,0.33541298,0.35286468,0.3716517,0.38891864,0.4023288,0.410251,0.41181058,0.40687662,0.39601767,0.3804318,0.36184022,0.3423207,0.3240453,0.30890307,0.29806036,0.2916284,0.28864533,0.2874183,0.28604174,0.2828536,0.27671623,0.2671376,0.25429347,0.23899746,0.22263409,0.2070273,0.19417161,0.18575074,0.18252638,0.18396121,0.1884219,0.1938111,0.19816902
119,0.18566753,0.18546109,0.1844823,0.1845672,0.18757269,0.19480875,0.20655076,0.22196205,0.23944207,0.2571118,0.27319553,0.28625262,0.2953102,0.2999478,0.30035922,0.2973914,0.29253423,0.28780448,0.28544512,0.28740394,0.29472482,0.3071701,0.32331738,0.34103644,0.35803962,0.37229636,0.38227814,0.38708556,0.38650697,0.38103426,0.37183604,0.36066678,0.3496701,0.34103215,0.33649465,0.3368649,0.34176713,0.3497965,0.3589795,0.3672897,0.37303072,0.37504506,0.37278855,0.36632213,0.35625634,0.34366468,0.3299707,0.31680247,0.30580512,0.29841188,0.29560798,0.2977617,0.3045977,0.3153188,0.328803,0.343786,0.35898736,0.3731898,0.38529953,0.39440933,0.39987153,0.40137652,0.39902398,0.39336914,0.38542137,0.37656647,0.3683852,0.36236137,0.359529,0.36018053,0.3637776,0.36911786,0.37467405,0.37895733,0.38079464,0.37948513,0.3748465,0.36717764,0.3571609,0.34572518,0.33389166,0.32262954,0.3127516,0.30487186,0.2994259,0.29672232,0.29697585,0.3002817,0.30653164,0.31531757,0.3258856,0.33717886,0.34796244,0.35699302,0.36319026,0.3657812,0.3644013,0.3591468,0.35057366,0.3396425,0.32760596,0.31584156,0.30564424,0.2980193,0.29353735,0.29231066,0.29409587,0.29846224,0.30493435,0.3130521,0.32234767,0.3322852,0.3422171,0.3513956,0.35904726,0.36449313,0.36728573,0.3673315,0.36497104,0.36099073,0.35654005,0.3529374,0.35137585,0.3525977,0.35665855,0.36289153,0.37008575,0.37678775,0.38160408,0.38342547,0.3815518,0.37573034,0.36613166,0.35328588,0.3380007,0.3212798,0.30425736,0.2881563,0.27425966,0.26386026,0.2581353,0.25791904,0.26343563,0.27413937,0.2887713,0.3055949,0.32268456,0.3381738,0.35044307,0.35826305,0.36091378,0.3582886,0.3509831,0.34035403,0.32850602,0.31812033,0.3120067,0.3123503,0.31992182,0.3337611,0.35156947,0.37048185,0.3877468,0.40112656,0.40906936,0.4107558,0.40608582,0.39563367,0.38057616,0.3625837,0.34365198,0.3258453,0.31093925,0.30001804,0.2931807,0.28953454,0.28751102,0.285342,0.2814858,0.27489728,0.26515007,0.25246203,0.2376649,0.22212824,0.20760795,0.19595268,0.18862346,0.18614867,0.18785688,0.19213094,0.19699188,0.20062275
120,0.18703231,0.18740293,0.18700503,0.18762088,0.19105841,0.19860598,0.21056207,0.22614715,0.24382158,0.26174688,0.27816048,0.29161012,0.30109087,0.30613223,0.30686042,0.30403718,0.29905376,0.29383028,0.29054886,0.2911786,0.2968908,0.30764532,0.3222093,0.33857402,0.35449666,0.36793616,0.37732425,0.38170955,0.38082588,0.37511373,0.36569798,0.35430261,0.3430605,0.33417118,0.3294101,0.32962313,0.33445936,0.3425161,0.35180524,0.36027905,0.36622018,0.3684514,0.36640888,0.360132,0.35020602,0.33767542,0.32393345,0.3105825,0.29925647,0.29140332,0.28805503,0.2896523,0.29599974,0.3063678,0.31967738,0.33467948,0.3500844,0.36464524,0.37722299,0.38685343,0.39282456,0.39475882,0.39268917,0.38711166,0.37899297,0.3697049,0.36085632,0.35400873,0.3503145,0.3501952,0.35321358,0.35821515,0.36366743,0.36804056,0.37010536,0.36910477,0.3648095,0.35748553,0.34779838,0.336676,0.32515106,0.31420967,0.30467677,0.29716432,0.29208598,0.2897111,0.29020813,0.29363436,0.2998661,0.30851004,0.31885487,0.32990447,0.3404906,0.3494327,0.35570362,0.3585722,0.35770482,0.3532179,0.3456772,0.33603978,0.32553592,0.31549412,0.30712813,0.30133244,0.29855308,0.29878694,0.30170357,0.30681968,0.31363782,0.32169968,0.3305594,0.3397205,0.34858868,0.35647735,0.3626745,0.36655736,0.3677266,0.36613065,0.3621511,0.3566219,0.35075438,0.34594452,0.34346908,0.34413797,0.3480346,0.3544704,0.3621747,0.36961776,0.37533158,0.37814233,0.3772953,0.37249014,0.3638531,0.3518708,0.33730733,0.3211232,0.30441162,0.28835997,0.2742268,0.26330104,0.25678822,0.25559044,0.2600299,0.26966208,0.283306,0.2992719,0.31565925,0.33061874,0.34254935,0.3502457,0.35301632,0.35078493,0.34417394,0.33455327,0.32400933,0.31514728,0.3106207,0.31239438,0.32103083,0.33546555,0.35342723,0.3721643,0.38906473,0.40201882,0.40957794,0.41099912,0.40623292,0.39587864,0.38111076,0.36356607,0.3451717,0.32788932,0.31337243,0.30259633,0.29560536,0.2915297,0.2888895,0.2860377,0.28155437,0.2744998,0.26453143,0.25192803,0.23755525,0.22277737,0.20928325,0.19876958,0.19246922,0.19067955,0.1925993,0.19662416,0.20088375,0.2036957
121,0.18940555,0.19016173,0.19012159,0.19103803,0.19470757,0.20243786,0.21457715,0.23040646,0.24843153,0.2668313,0.28383327,0.2979536,0.3081386,0.3138539,0.31514645,0.31268322,0.30774847,0.30215752,0.29802352,0.29733065,0.30138105,0.31035286,0.32323575,0.3381732,0.35298252,0.36561105,0.37443665,0.37843448,0.3772589,0.37127265,0.3615321,0.3497112,0.33792472,0.32839918,0.32298428,0.32262638,0.3270622,0.33493307,0.3442484,0.35292765,0.35920766,0.3618627,0.36028054,0.35445222,0.34491375,0.3326597,0.3190352,0.30560324,0.29397902,0.28562686,0.28163886,0.28255275,0.28828278,0.29819316,0.31126416,0.3262687,0.34190676,0.3568968,0.37004718,0.38032827,0.38695294,0.38946187,0.38780314,0.38239002,0.37411782,0.36431324,0.35458672,0.3465668,0.34154168,0.3401106,0.342005,0.34618354,0.35115483,0.3553711,0.35755098,0.35687307,0.3530457,0.34628236,0.33721027,0.32673353,0.31587324,0.30560997,0.29676098,0.28991956,0.2854654,0.28362092,0.28450495,0.28813738,0.29438442,0.30287766,0.3129636,0.32372525,0.33408037,0.3429288,0.34931102,0.35254732,0.35233843,0.34881806,0.34255067,0.3344701,0.32575625,0.3176555,0.3112692,0.3073616,0.30625358,0.3078444,0.3117439,0.31744185,0.32443526,0.3322736,0.34053048,0.3487435,0.35636857,0.3627829,0.36734655,0.36951035,0.3689456,0.36566645,0.36011645,0.35319063,0.34616175,0.34048417,0.337478,0.33796465,0.3419964,0.34881797,0.35707754,0.36517152,0.3715764,0.3750808,0.37490466,0.37072787,0.36265707,0.3511574,0.33696875,0.32102624,0.3043991,0.28825587,0.27384657,0.2624677,0.25535524,0.25346544,0.2571886,0.26614323,0.2791917,0.2946678,0.31068546,0.3254118,0.33727038,0.34508926,0.34821695,0.34661856,0.3409505,0.33259383,0.32359904,0.3164575,0.31361678,0.31678292,0.3263073,0.34105238,0.35881627,0.3769956,0.39314044,0.40528366,0.4120908,0.41290584,0.40774134,0.39723453,0.38257086,0.36536622,0.3474881,0.33079767,0.316817,0.30638975,0.2994719,0.29517955,0.2920922,0.28866786,0.28360593,0.27607936,0.26584163,0.25324547,0.2392012,0.22507344,0.21248385,0.20297565,0.1975596,0.19631888,0.19833769,0.20202497,0.20560692,0.20752187
122,0.19295847,0.19389397,0.19397278,0.19494335,0.19862689,0.20638865,0.21865274,0.23476484,0.25326237,0.27232006,0.29013377,0.30517,0.31631258,0.3229535,0.3250546,0.3231852,0.31852192,0.31277418,0.30798012,0.30612582,0.30862913,0.3158825,0.3271128,0.34064016,0.35436216,0.36622208,0.37453946,0.37820315,0.3767697,0.37050343,0.36037025,0.3479738,0.3353971,0.32489565,0.31842065,0.31707224,0.32073885,0.32815638,0.33735386,0.346214,0.35290852,0.3561375,0.35521457,0.35005865,0.34113574,0.32937258,0.3160508,0.3026807,0.2908481,0.28202736,0.27737212,0.2775292,0.2825439,0.2918982,0.30465204,0.3196125,0.33547488,0.35092425,0.36471537,0.37575027,0.38316196,0.38640177,0.38532048,0.38023022,0.37192893,0.36166486,0.3510127,0.34163687,0.33495122,0.33175728,0.33201236,0.33485886,0.33890745,0.3426308,0.3447115,0.3442633,0.34092152,0.33483118,0.32656166,0.3169725,0.30705208,0.29775572,0.28987575,0.28397405,0.2803882,0.27928963,0.28074557,0.28473744,0.29112062,0.2995528,0.30944243,0.31995973,0.33011943,0.33891377,0.34546107,0.34913954,0.34968555,0.34724426,0.34236538,0.33593872,0.32906803,0.32289279,0.31838667,0.3161861,0.31650844,0.31918958,0.32381487,0.32987404,0.33687276,0.3443701,0.35195234,0.3591795,0.36554608,0.37048596,0.37343082,0.3739123,0.37168542,0.3668462,0.3599153,0.3518568,0.34399986,0.33783314,0.33467615,0.3353057,0.33969137,0.34697965,0.3557322,0.36428756,0.37109354,0.37493142,0.3750245,0.37105832,0.36314276,0.35174125,0.3375877,0.3216089,0.30486664,0.28852707,0.2738466,0.26213998,0.2546736,0.2524415,0.2558689,0.26459643,0.27749348,0.2928944,0.30891752,0.32374567,0.3358306,0.34403896,0.34776357,0.3470119,0.3424689,0.33551133,0.3281255,0.32265323,0.3213098,0.3255481,0.33555007,0.35016045,0.36728972,0.38450497,0.39952585,0.41052893,0.41629392,0.41625327,0.4104858,0.39967293,0.38501886,0.3681254,0.3508045,0.3348142,0.32153448,0.31165794,0.30502623,0.30071452,0.29733935,0.2934502,0.28786147,0.27986142,0.26930618,0.25663012,0.24279444,0.22916748,0.21730569,0.20860551,0.2038745,0.20300919,0.20499867,0.20826472,0.21111465,0.21208891
123,0.19762634,0.19853249,0.1984863,0.19925499,0.2027173,0.21033193,0.22262438,0.23901099,0.25804928,0.27788997,0.2966777,0.3128135,0.325108,0.33287367,0.3359859,0.33491927,0.33074865,0.32508355,0.31988737,0.31713596,0.31833908,0.3240806,0.3338174,0.34605688,0.35879385,0.36998013,0.37788117,0.38129592,0.37967446,0.37316987,0.36264193,0.34960625,0.33609653,0.32438663,0.31653643,0.31383452,0.31637648,0.32304758,0.33192995,0.34087726,0.34798542,0.35186157,0.35172454,0.3474023,0.33927482,0.32818756,0.31534725,0.302201,0.29029384,0.28109822,0.27581945,0.27521047,0.27945563,0.288172,0.30051908,0.31535575,0.33138534,0.34726825,0.36171165,0.3735535,0.3818493,0.38596028,0.3856358,0.38107666,0.37296557,0.3624441,0.35101202,0.34032372,0.3318802,0.32667306,0.32491294,0.32598546,0.3286705,0.3315154,0.3331986,0.33278126,0.3298244,0.32439452,0.31698856,0.30840433,0.29957986,0.291429,0.28470653,0.27993506,0.27740738,0.27724466,0.27946374,0.28400642,0.2907123,0.29925746,0.30910492,0.31950754,0.32957628,0.33839795,0.34517166,0.34933484,0.35065684,0.3492867,0.3457464,0.34086508,0.3356544,0.33113855,0.3281696,0.32727993,0.3286203,0.33200392,0.33702588,0.34319854,0.35004678,0.35713926,0.36406654,0.37039754,0.3756498,0.37929976,0.3808408,0.3798812,0.376261,0.3701626,0.36218736,0.3533663,0.34507072,0.33879364,0.33581033,0.3368071,0.34163874,0.34934568,0.35841817,0.36716413,0.37403318,0.3778266,0.37779438,0.37364754,0.36551622,0.3538779,0.33947536,0.32324162,0.3062459,0.289666,0.27477685,0.26291755,0.25537947,0.25317284,0.25672188,0.26564938,0.2788011,0.2944955,0.31085086,0.32606682,0.33862567,0.3474331,0.3519228,0.35213605,0.34877056,0.34317538,0.33724505,0.33315194,0.332885,0.33768603,0.34763163,0.36160496,0.37765965,0.39354125,0.40713528,0.41675448,0.4212864,0.42024812,0.41378382,0.40262055,0.38798395,0.37146366,0.35481456,0.3396852,0.32730114,0.31818718,0.31205213,0.30791172,0.30440384,0.3001584,0.29409927,0.28562912,0.27470875,0.2618576,0.24809122,0.23478557,0.22343922,0.21531855,0.21105687,0.21039627,0.21224864,0.21504425,0.21715268,0.21719494
124,0.20308834,0.20376292,0.20335197,0.20366135,0.20665571,0.21391971,0.22610532,0.24270706,0.26229304,0.28297222,0.30282044,0.32016024,0.33372116,0.3427338,0.34698913,0.34687367,0.34337088,0.33800173,0.33266148,0.32930985,0.32952586,0.33405325,0.34255514,0.35371995,0.36564732,0.37630928,0.3839263,0.38721198,0.38551003,0.37885872,0.36800444,0.354363,0.33990222,0.32689524,0.31749883,0.3131986,0.31433323,0.3199869,0.32833573,0.33722392,0.34467277,0.34918705,0.34987777,0.34646964,0.339246,0.32896307,0.31674623,0.30397278,0.2921381,0.28269926,0.27689624,0.27557266,0.27904493,0.2870706,0.29892397,0.31353444,0.3296314,0.34586585,0.3609103,0.37354934,0.3827696,0.38784918,0.38843948,0.38462958,0.3769798,0.36650804,0.35460812,0.3428779,0.3328495,0.3256576,0.321751,0.3207849,0.32176405,0.32337022,0.32432446,0.3236632,0.32088467,0.31597704,0.3093577,0.30175182,0.29403493,0.28706855,0.28156263,0.27799854,0.2766272,0.2775252,0.28066367,0.2859446,0.29318485,0.30206543,0.31208685,0.32256794,0.3327025,0.34166235,0.348721,0.3533697,0.35540482,0.3549716,0.35255566,0.34891847,0.34497878,0.34165573,0.33970454,0.33959004,0.3414381,0.34507644,0.35013783,0.35617435,0.36273745,0.36940527,0.37576625,0.38138634,0.38579065,0.388481,0.38899618,0.3870073,0.38242844,0.37551922,0.36695114,0.35780653,0.34947452,0.34341875,0.3408342,0.3422906,0.34752324,0.35548458,0.36462465,0.37325385,0.37985098,0.3832582,0.3827673,0.37812653,0.36949673,0.35737947,0.3425368,0.3259191,0.30861384,0.29182076,0.27683973,0.26503345,0.2577051,0.255854,0.25986767,0.2693188,0.28301057,0.2992405,0.31612977,0.33189905,0.3450626,0.354562,0.35986337,0.3610272,0.35874438,0.35431388,0.34952125,0.3463699,0.3466525,0.35145673,0.36081493,0.3736904,0.3882954,0.40255195,0.41450208,0.4225849,0.42578748,0.42370608,0.4165472,0.4050824,0.39055791,0.37454942,0.35874954,0.3446879,0.33342275,0.32529733,0.31987444,0.31609836,0.3126171,0.3081317,0.3016687,0.29274157,0.28141454,0.2682929,0.25444943,0.24127431,0.23022237,0.22245534,0.21846697,0.21787614,0.21953052,0.22186032,0.2232764,0.2224573
125,0.20881937,0.20907086,0.20806654,0.20766598,0.20994277,0.2166361,0.22854841,0.24526075,0.26534358,0.28684786,0.30776525,0.32632932,0.3411841,0.3514784,0.3569237,0.35782745,0.35509416,0.35017046,0.34489474,0.3412114,0.34075224,0.34439012,0.3519627,0.3623199,0.37366244,0.38398886,0.39148417,0.39478567,0.3931375,0.38646752,0.3754097,0.36127603,0.3459571,0.33170542,0.3207503,0.3147596,0.31432468,0.31876194,0.32638085,0.33504432,0.3427113,0.34778532,0.34926587,0.346769,0.34047738,0.33105525,0.31954503,0.30725208,0.29561698,0.28607044,0.27986872,0.2779236,0.280665,0.2879837,0.29927456,0.3135528,0.32959276,0.34605512,0.36159503,0.3749594,0.38508016,0.3911643,0.39277577,0.38989958,0.38297704,0.3728981,0.36093375,0.34859025,0.33737585,0.32850322,0.3226067,0.31959394,0.31871745,0.318841,0.31877875,0.31758225,0.3147123,0.31009135,0.30406085,0.29727125,0.29053113,0.28464568,0.28027913,0.27787495,0.27764964,0.2796441,0.2837909,0.28995362,0.29791927,0.30735815,0.31778607,0.32856297,0.338942,0.3481603,0.35555047,0.36064613,0.36326212,0.36353415,0.3619097,0.3590867,0.35590422,0.35320082,0.35166934,0.3517467,0.35357112,0.35701472,0.36176816,0.3674352,0.37359998,0.37985152,0.3857728,0.39091888,0.39480937,0.39695442,0.39691886,0.39441586,0.38941255,0.38222402,0.3735683,0.36455116,0.35654795,0.3509618,0.34888527,0.35076946,0.35625115,0.36423144,0.37315905,0.38137835,0.3874188,0.39017585,0.38899022,0.3836519,0.374356,0.3616326,0.34626845,0.32923743,0.31165168,0.29473695,0.2798177,0.2682711,0.26139212,0.2601396,0.2648343,0.27497947,0.28933144,0.30617324,0.32363853,0.33997583,0.35373288,0.3638827,0.3699137,0.37189114,0.37048188,0.3669199,0.36287704,0.36020252,0.360531,0.36484724,0.37318385,0.38460723,0.3974912,0.40992662,0.4201023,0.4265748,0.42842418,0.42532143,0.4175326,0.40587223,0.39160568,0.37629136,0.36155304,0.34879112,0.33888438,0.33198312,0.3274949,0.32428414,0.32100013,0.31640595,0.30962297,0.30026937,0.2885093,0.2750333,0.26097482,0.24774863,0.23678593,0.22917506,0.22530636,0.22470298,0.226156,0.22808385,0.22891685,0.22736819
126,0.21418875,0.21383743,0.21202692,0.2106801,0.21199642,0.21789385,0.22934769,0.24603374,0.26651657,0.28877363,0.31069887,0.33042952,0.34652233,0.35804757,0.36464426,0.36655098,0.3646066,0.36019847,0.35512173,0.35131088,0.3504413,0.35348967,0.36043546,0.37026381,0.3812633,0.3914583,0.39900547,0.40247598,0.40102518,0.39448005,0.3833695,0.36890477,0.35289484,0.33755603,0.32516325,0.31753722,0.31550732,0.31863335,0.32538652,0.33367753,0.3414229,0.34693557,0.34910816,0.3474506,0.34204683,0.3334713,0.322686,0.3109262,0.2995765,0.2900339,0.28355533,0.28109762,0.2831797,0.28980848,0.30049527,0.3143488,0.3302038,0.34674925,0.3626421,0.37660977,0.38754642,0.39460406,0.39727405,0.39545083,0.38946772,0.38009292,0.36847165,0.3559995,0.34411982,0.334061,0.3265733,0.3217644,0.319118,0.31769824,0.31645063,0.3144831,0.31125307,0.3066412,0.3009279,0.2946971,0.28869504,0.28367424,0.28025827,0.27886036,0.2796722,0.2827094,0.28787372,0.29499292,0.3038188,0.3139963,0.325034,0.33630574,0.34709552,0.35668027,0.36443046,0.3699066,0.37293237,0.37363073,0.37241492,0.36993176,0.36696267,0.36429614,0.3625982,0.36231324,0.36362156,0.36646128,0.37059477,0.37568626,0.38135827,0.38721383,0.39283085,0.39774925,0.40147373,0.40350783,0.40342197,0.40094718,0.3960762,0.38914925,0.3808979,0.37241718,0.36503607,0.36007348,0.35851425,0.36070868,0.3662324,0.37397888,0.38243386,0.3900021,0.3952782,0.39721698,0.39520893,0.38908443,0.3790714,0.36572763,0.349865,0.33248204,0.314716,0.29781675,0.2831257,0.2720188,0.26575872,0.26523697,0.27068773,0.2815395,0.29651022,0.31388322,0.33181804,0.3485996,0.3628115,0.37345505,0.38003322,0.38260528,0.38180318,0.37878963,0.37512714,0.37253067,0.37251067,0.37598544,0.38301206,0.3927662,0.40377682,0.41429326,0.42264163,0.42748985,0.4280071,0.42393723,0.41560555,0.4038699,0.3900149,0.37557977,0.36211443,0.3508812,0.34256908,0.33712626,0.33379787,0.33136156,0.32845944,0.323907,0.31691083,0.30718583,0.29499072,0.28109947,0.26671058,0.25327626,0.24222855,0.23461659,0.23076256,0.23011735,0.23141907,0.2330611,0.23347187,0.23137733
127,0.21856971,0.21744879,0.21463934,0.21213122,0.21226047,0.21714357,0.22794932,0.24445552,0.26521134,0.28810486,0.31092045,0.33169436,0.34889778,0.3615285,0.3691619,0.37197903,0.37076637,0.36686686,0.36204618,0.3582372,0.35715508,0.3598612,0.36644757,0.37600544,0.3868924,0.39715227,0.4049169,0.4087009,0.40758294,0.40130168,0.3902922,0.375673,0.35917324,0.34296402,0.32934257,0.32024866,0.31671974,0.31854895,0.32438138,0.3321981,0.3398953,0.34571198,0.34844586,0.3475098,0.34289625,0.33509666,0.32499844,0.31377143,0.30274612,0.29328236,0.2866261,0.28375924,0.28526485,0.29124397,0.30131176,0.31467006,0.33022347,0.3467042,0.36278862,0.37720284,0.38882145,0.39675933,0.40045267,0.39972225,0.39480928,0.38637334,0.37544075,0.36329162,0.35128048,0.34060374,0.33206144,0.32589418,0.3217704,0.31894106,0.3164977,0.31363496,0.3098402,0.30498216,0.29930335,0.29333857,0.28778455,0.28335163,0.28063244,0.28001973,0.28169087,0.28564572,0.2917633,0.2998389,0.3095861,0.32061353,0.33240363,0.34431884,0.35564652,0.36567643,0.37379423,0.37957034,0.38282767,0.3836747,0.38249752,0.3799079,0.3766536,0.37350273,0.37112588,0.37000287,0.37037793,0.37226957,0.3755212,0.37986395,0.3849642,0.39044392,0.39587888,0.40079334,0.40467104,0.40699625,0.4073261,0.4053845,0.40115976,0.39498338,0.3875646,0.3799529,0.37340307,0.36913663,0.36803854,0.3703878,0.3757408,0.38302562,0.39079764,0.39754242,0.40192914,0.40297377,0.40011373,0.39321485,0.38253257,0.36864752,0.3523928,0.33478785,0.3169905,0.30026683,0.28596225,0.27543202,0.26988307,0.27011928,0.2762796,0.28772423,0.30314875,0.32085502,0.33904326,0.35604432,0.37048197,0.3813855,0.38826907,0.39118078,0.39071387,0.38796058,0.3843832,0.38158154,0.3809663,0.38340935,0.38899887,0.3970125,0.40611985,0.41471505,0.4212526,0.42450696,0.42373535,0.41875562,0.4099552,0.3982393,0.38491595,0.3715078,0.3594898,0.34998128,0.34347394,0.3397066,0.33775562,0.33630484,0.33398026,0.3296388,0.3225611,0.3125486,0.29994705,0.28561082,0.27080727,0.25704023,0.24576867,0.23803763,0.23413533,0.23346105,0.23470137,0.23621115,0.23639704,0.23397748
128,0.2214327,0.21939194,0.21541665,0.21156111,0.21030219,0.21397041,0.22394732,0.2401186,0.26100639,0.2843922,0.3079402,0.32958418,0.34771484,0.36126637,0.36976132,0.37333506,0.37273476,0.36927265,0.36469835,0.36095232,0.359789,0.3623407,0.36878628,0.37829477,0.38927078,0.39976743,0.40789247,0.41211227,0.41144136,0.40554386,0.39477426,0.38016924,0.36338395,0.3465412,0.33194342,0.32161805,0.31677434,0.3174138,0.32235116,0.32965007,0.33720517,0.3432006,0.34635592,0.34600073,0.34204808,0.33491626,0.3254268,0.31469074,0.30398846,0.29464197,0.28787866,0.2846896,0.28569984,0.29108134,0.300536,0.31335157,0.3285049,0.3447814,0.36089095,0.3755749,0.38770562,0.3963789,0.4009943,0.40131757,0.39751625,0.39015839,0.38016462,0.3687044,0.35703346,0.34628516,0.33725685,0.33025742,0.32508153,0.3211304,0.31763268,0.3138823,0.3094215,0.30413496,0.29825374,0.29228583,0.2868968,0.28276965,0.28047812,0.2804052,0.28272322,0.2874253,0.2943748,0.30333942,0.31399468,0.3259065,0.33851746,0.35115898,0.36309826,0.37361404,0.3820859,0.38807824,0.39140412,0.3921566,0.3907019,0.3876322,0.38368315,0.3796275,0.37616482,0.37383094,0.3729483,0.37362468,0.37579,0.37924665,0.38371,0.38882673,0.39417547,0.39926678,0.40356043,0.4065119,0.40764853,0.40666386,0.40351284,0.39848563,0.3922356,0.3857367,0.38014928,0.37659356,0.3758706,0.37822002,0.3832177,0.38986143,0.39680204,0.4026208,0.4060675,0.4062187,0.4025543,0.3949687,0.38373727,0.369456,0.35297173,0.3353175,0.31766272,0.3012781,0.28749707,0.27763444,0.27282196,0.2737636,0.2805041,0.29234824,0.30798802,0.32576185,0.34392503,0.36086434,0.37524992,0.38614246,0.39306825,0.39606518,0.39568985,0.3929701,0.38927948,0.3861186,0.38481364,0.38619673,0.39038002,0.3967247,0.40401927,0.41078472,0.41559288,0.41732,0.41531152,0.40946278,0.40022963,0.38857335,0.37583527,0.3635309,0.35306618,0.34541795,0.34087676,0.33896637,0.33858815,0.33832467,0.33677563,0.33282736,0.32582137,0.31563357,0.3026867,0.28791013,0.27264214,0.25845116,0.24684894,0.2389115,0.23492652,0.23426127,0.23555194,0.23710242,0.2372794,0.23477565
129,0.22241025,0.21932398,0.21405017,0.20869863,0.20588464,0.20816442,0.217151,0.23284325,0.25372168,0.27744243,0.30154005,0.32384732,0.3426833,0.35692993,0.36606938,0.37020358,0.37005278,0.36691102,0.36252388,0.35884842,0.35768,0.36021128,0.36668602,0.37632373,0.38755354,0.39842546,0.40702236,0.41176993,0.41163087,0.40620923,0.39579293,0.38134915,0.36446732,0.3472227,0.33191168,0.3206232,0.31470212,0.31432527,0.31845975,0.32525295,0.3326111,0.33868176,0.34212503,0.34220475,0.3387694,0.33217692,0.32319328,0.31287894,0.3024694,0.29325008,0.28642514,0.28298283,0.28357133,0.28841186,0.29727402,0.3095194,0.32419407,0.34014115,0.35611382,0.370882,0.3833317,0.39255658,0.39793786,0.39920577,0.39647385,0.39023787,0.3813297,0.37081894,0.3598621,0.3495121,0.34052575,0.33322635,0.3274773,0.32278386,0.31848633,0.31397435,0.30885735,0.3030571,0.29681715,0.29064158,0.28518453,0.2811177,0.2790085,0.2792397,0.28198692,0.28724384,0.29486564,0.3045987,0.31608373,0.32884252,0.34227026,0.35565388,0.36822286,0.379226,0.38801914,0.39414707,0.39740506,0.39786977,0.39589366,0.39206174,0.38711464,0.38184857,0.3770094,0.37320217,0.37083572,0.37011108,0.37104636,0.3735175,0.37729296,0.38204977,0.38737562,0.39277148,0.39767277,0.40149993,0.40373716,0.40402797,0.4022691,0.39868146,0.3938349,0.38860515,0.38404617,0.38117978,0.38074142,0.38296017,0.38746265,0.39334297,0.39936584,0.4042188,0.40673584,0.40605262,0.40168616,0.39355215,0.38193724,0.3674436,0.3509225,0.3334105,0.31607735,0.30018482,0.2870379,0.27789384,0.2737952,0.27534145,0.28249013,0.294506,0.31009525,0.32764852,0.345489,0.36206925,0.37611365,0.38672015,0.39343274,0.39628437,0.39580238,0.39296004,0.38905513,0.38550246,0.3835521,0.38399357,0.38694596,0.39182678,0.39751446,0.40263358,0.40585825,0.40615994,0.40297148,0.3962702,0.38658923,0.37495917,0.36277163,0.35155296,0.34265485,0.33691952,0.3344367,0.33451095,0.33586234,0.33696377,0.33637795,0.3330073,0.32623988,0.3160116,0.3028099,0.2876306,0.27188146,0.25720558,0.2451911,0.2369791,0.23289035,0.23228028,0.23373675,0.23550172,0.2358861,0.23354103
130,0.22133338,0.21711244,0.21045265,0.20350379,0.19900998,0.19976091,0.20762101,0.2227087,0.24344589,0.2673426,0.2917957,0.3145421,0.33384082,0.3485354,0.35808071,0.36255753,0.36267033,0.3597058,0.3554159,0.3517826,0.35064447,0.3532465,0.35987774,0.36978266,0.38139233,0.3927413,0.40188608,0.4072192,0.4076641,0.4027791,0.3928,0.378637,0.3618232,0.34438947,0.32861933,0.31664225,0.3099054,0.308725,0.31219503,0.3185383,0.3256796,0.33174577,0.33535686,0.33572984,0.33266565,0.32647622,0.3178836,0.30790678,0.29774234,0.28864154,0.28178266,0.27814195,0.2783754,0.2827338,0.29103518,0.3027006,0.316838,0.3323479,0.3480326,0.36270043,0.37526393,0.3848303,0.39077985,0.3928263,0.3910495,0.38589364,0.3781208,0.36871558,0.35874107,0.34916168,0.340668,0.333556,0.32770744,0.32268494,0.31790772,0.31284615,0.3071782,0.30087513,0.29421112,0.28770593,0.28202018,0.27782872,0.27570343,0.27603468,0.27900752,0.28462285,0.2927352,0.30307755,0.31526262,0.32877105,0.3429487,0.35703075,0.37019747,0.38165417,0.39071983,0.39690882,0.3999923,0.40002927,0.39736292,0.39257997,0.3864381,0.37976977,0.37337792,0.36794382,0.36396533,0.3617359,0.36135995,0.3627863,0.36583853,0.37022942,0.37556234,0.3813343,0.38695866,0.39181766,0.39534324,0.397114,0.39694926,0.39497924,0.39167035,0.3877858,0.38426808,0.38204762,0.3818117,0.383802,0.38771832,0.3927692,0.39784515,0.40174624,0.40339234,0.40197578,0.39704555,0.3885312,0.37672186,0.36221632,0.34586,0.328682,0.3118403,0.29657397,0.28414512,0.27573994,0.27230394,0.2743334,0.2817088,0.29367,0.30895188,0.32601002,0.3432456,0.35918608,0.37261802,0.38268474,0.38895586,0.39146888,0.3907327,0.38767928,0.38354507,0.3796712,0.37723628,0.37697828,0.37899953,0.38274,0.38713282,0.39087698,0.39272928,0.3917455,0.3874428,0.3798836,0.36968794,0.35797235,0.3462024,0.335943,0.32851714,0.32464883,0.32423216,0.32634956,0.3295331,0.33213747,0.33267704,0.33005676,0.3236959,0.3135747,0.3002303,0.2847131,0.2684949,0.25329852,0.24080816,0.23226228,0.2280488,0.22753315,0.22925866,0.23139636,0.23218772,0.23022884
131,0.21824433,0.21285102,0.20477569,0.19618571,0.18993619,0.18905349,0.19567677,0.2100545,0.2305323,0.25445223,0.27906722,0.30202642,0.32154295,0.3364369,0.346149,0.3507499,0.35093772,0.3480005,0.34370488,0.34006494,0.33896533,0.34169686,0.3485764,0.35884956,0.37092802,0.3828191,0.39255232,0.3984949,0.39954364,0.3952255,0.38573816,0.37194732,0.35533902,0.33790413,0.3219091,0.3095074,0.3022189,0.30046347,0.30343202,0.30940816,0.31633708,0.3223383,0.3260105,0.32654324,0.32370782,0.31778532,0.30946618,0.29973716,0.28976256,0.28076243,0.27388772,0.27009583,0.2700374,0.27397564,0.28175846,0.29285088,0.3064126,0.32139793,0.33666003,0.35105208,0.36352324,0.37320727,0.37949967,0.38211575,0.38112223,0.37693274,0.37026048,0.3620223,0.35319817,0.34466228,0.33702227,0.33051494,0.32499897,0.32005218,0.3151387,0.30978942,0.30374423,0.2970287,0.2899591,0.2830851,0.27708754,0.27265543,0.27037254,0.2706418,0.27366194,0.27944663,0.28785768,0.29862466,0.31134197,0.3254563,0.34026703,0.35495567,0.36864728,0.38049513,0.38977227,0.3959552,0.39878613,0.39830542,0.39484957,0.38901308,0.38157842,0.3734217,0.36540842,0.3582977,0.35267386,0.3489174,0.34721276,0.34757736,0.3498896,0.35390186,0.35924003,0.36540446,0.3717912,0.3777448,0.38264012,0.38598126,0.38749716,0.3872136,0.38548154,0.38294476,0.38043523,0.37880114,0.37869674,0.38039318,0.38367802,0.38788423,0.39203426,0.39504296,0.3959153,0.39389718,0.38856408,0.37985235,0.36804524,0.35372883,0.33773276,0.32106778,0.30486858,0.2903394,0.27868786,0.27102035,0.2681829,0.27057388,0.27800846,0.2897144,0.3044666,0.32079402,0.33718315,0.3522433,0.36483082,0.3741426,0.3797839,0.38180816,0.38072002,0.37742615,0.37311777,0.36907488,0.36640733,0.36578938,0.3672787,0.37029928,0.37379935,0.37651846,0.37727165,0.37518397,0.36984944,0.36141542,0.35059646,0.33861256,0.3270319,0.31749535,0.31133452,0.30918166,0.31074572,0.31488508,0.319937,0.32412863,0.32591516,0.32419068,0.3183905,0.3085227,0.29515776,0.2793859,0.26273292,0.24700068,0.23398352,0.2250463,0.22067839,0.22027911,0.22235306,0.22499298,0.22635949,0.224983
132,0.21339236,0.20685619,0.19740662,0.18719934,0.17917264,0.17658629,0.18188228,0.19545919,0.21557166,0.2393722,0.26396573,0.286924,0.30642968,0.3212937,0.33095425,0.33548057,0.33557114,0.33252114,0.32811815,0.32441437,0.3233436,0.32623798,0.3334269,0.34413534,0.35673636,0.3692,0.3795295,0.38607517,0.3877196,0.38397214,0.37500554,0.36165234,0.34536052,0.3280855,0.31207398,0.29949003,0.29190025,0.289794,0.29242808,0.29812896,0.30486113,0.31074807,0.31438467,0.31495225,0.31221002,0.3064233,0.29826325,0.28869373,0.27885324,0.269934,0.26305905,0.25916132,0.2588753,0.26246095,0.26977903,0.28032288,0.29329252,0.3076896,0.3224169,0.3363755,0.348558,0.35813516,0.36453116,0.36748,0.3670548,0.36366037,0.3579829,0.35089114,0.3432952,0.33598208,0.32946607,0.3239007,0.31908816,0.3145855,0.30987075,0.30451363,0.29830557,0.29132536,0.28393695,0.27672842,0.27040908,0.26568833,0.26316506,0.26325604,0.2661754,0.27195406,0.28046986,0.2914607,0.3045153,0.31905732,0.33434662,0.34951326,0.36362556,0.3757803,0.38519958,0.39131707,0.39384302,0.39279857,0.38851526,0.381599,0.37286147,0.3632261,0.35362178,0.3448826,0.3376723,0.33244786,0.32946268,0.32879388,0.33037084,0.33398774,0.33929998,0.34582022,0.35293505,0.3599553,0.36619878,0.37109092,0.37426385,0.3756321,0.37542668,0.3741717,0.3725941,0.37147015,0.37143385,0.37279725,0.37544358,0.37883374,0.3821224,0.38433728,0.38456517,0.38210076,0.37654024,0.3678199,0.3562094,0.3422737,0.32681754,0.3108239,0.29539406,0.28168797,0.27085075,0.26390502,0.26159942,0.26424295,0.27159706,0.28288805,0.29693818,0.31235442,0.32771242,0.34170762,0.353272,0.36166382,0.36653405,0.36796546,0.36647436,0.36296067,0.35858864,0.3545903,0.3520087,0.35144007,0.35286683,0.35565662,0.3587308,0.36083376,0.360812,0.35784116,0.35158065,0.3422573,0.33068284,0.31819522,0.30649558,0.29734567,0.29213542,0.29144308,0.2948085,0.3008655,0.3077486,0.31354812,0.31664962,0.31592405,0.31080845,0.30132318,0.28805536,0.2721187,0.25507912,0.23881109,0.2252262,0.21583974,0.21127579,0.21099296,0.2134644,0.21669868,0.21876605,0.21812338
133,0.20721784,0.19964918,0.18894848,0.1772246,0.16745941,0.16313154,0.1670186,0.17970577,0.19935183,0.22290127,0.24730888,0.27008012,0.28938115,0.3040254,0.3134569,0.3177484,0.31760192,0.31432232,0.3097215,0.30589467,0.30482903,0.30789584,0.31542516,0.32660276,0.33974662,0.3527821,0.3636882,0.37080666,0.37301758,0.36982495,0.36138797,0.34851626,0.33262736,0.3156455,0.29979584,0.28724185,0.2795739,0.2773196,0.2797717,0.28528163,0.29183078,0.29755676,0.3010669,0.301552,0.2987756,0.29300156,0.28489307,0.27540022,0.26564214,0.25678667,0.2499291,0.2459734,0.24552843,0.24883734,0.255758,0.2657971,0.27818298,0.2919567,0.3060665,0.3194613,0.33118042,0.3404387,0.34669983,0.34973124,0.34963068,0.34681594,0.34196895,0.33593187,0.32956114,0.32356334,0.31835356,0.31398427,0.31017455,0.30643132,0.30221984,0.2971289,0.29098967,0.28392977,0.27636144,0.26891416,0.26232862,0.25733498,0.2545454,0.2543874,0.25708935,0.26270303,0.27113152,0.28213492,0.2953121,0.3100778,0.32566258,0.34115097,0.35555616,0.3679177,0.37740418,0.38340443,0.38559535,0.38397875,0.37888268,0.3709269,0.36095443,0.34993672,0.33886394,0.3286383,0.31999123,0.31344065,0.30929175,0.30766678,0.30853778,0.3117408,0.316968,0.32375565,0.33149227,0.33946362,0.3469348,0.353254,0.3579559,0.36084357,0.36202985,0.36192456,0.3611586,0.3604478,0.36041674,0.36142588,0.36345655,0.3660958,0.3686255,0.37018007,0.3699214,0.36718613,0.36158442,0.35304558,0.34181863,0.3284402,0.3136826,0.2984932,0.28393266,0.27110997,0.2611038,0.2548536,0.25301656,0.25582293,0.26299173,0.27375612,0.28698948,0.30137765,0.31558558,0.3283962,0.3388205,0.34618455,0.35019502,0.35097763,0.34907827,0.34541032,0.34113082,0.33743733,0.33530658,0.33523983,0.3371117,0.3401923,0.343336,0.3452585,0.34481227,0.3412047,0.33414602,0.32393214,0.31146735,0.29821467,0.2860342,0.27685702,0.27219194,0.27261314,0.27751467,0.2853059,0.29390976,0.30126998,0.30569252,0.30601457,0.3016626,0.29265535,0.2795816,0.26356256,0.24618869,0.22939551,0.21521159,0.20531991,0.20050931,0.20032299,0.20321044,0.20709063,0.2099356,0.21012364
134,0.20032719,0.1919246,0.18018363,0.16712809,0.15573129,0.1496575,0.15205133,0.16374482,0.18281686,0.20599324,0.23007764,0.25251794,0.27147326,0.28576612,0.29484913,0.29879916,0.2983203,0.29472584,0.28985247,0.28584254,0.2847421,0.28796357,0.29583067,0.3074763,0.3211512,0.334731,0.34617326,0.3538187,0.35655445,0.35388872,0.34597644,0.3336122,0.3181897,0.30160555,0.28606206,0.27371237,0.26615068,0.26391515,0.26630786,0.27168968,0.27805743,0.28357205,0.2868677,0.28715998,0.28423116,0.27835587,0.27019984,0.26070762,0.25098526,0.2421803,0.23536083,0.2313987,0.2308693,0.23398708,0.240593,0.25019327,0.26203263,0.27518234,0.28862998,0.30136862,0.31248423,0.32123858,0.3271421,0.33000714,0.3299727,0.3274901,0.32326072,0.3181237,0.31290105,0.30822903,0.3044221,0.30141887,0.29883474,0.29610336,0.29265603,0.28808385,0.28224665,0.27531442,0.26774466,0.2602065,0.25346878,0.24827719,0.24524933,0.24481577,0.24721467,0.25252092,0.26067275,0.27146897,0.28453723,0.2993009,0.31497484,0.33060646,0.34515825,0.35761407,0.3670892,0.37292728,0.37477213,0.37260717,0.36675867,0.35786194,0.34679252,0.33456895,0.3222379,0.31075993,0.30091813,0.29326963,0.28814724,0.28569677,0.28591922,0.28868952,0.29374462,0.30065888,0.3088386,0.31755826,0.32604015,0.33356145,0.3395644,0.3437457,0.3461071,0.34695393,0.34683308,0.34641227,0.3463166,0.34695986,0.34842023,0.35040435,0.35231152,0.35337198,0.3528119,0.3500004,0.3445532,0.3363854,0.32571897,0.31305635,0.29913178,0.28485185,0.27123183,0.25932685,0.25014928,0.24455988,0.24313398,0.24603516,0.25295082,0.26312703,0.27548897,0.28879878,0.30180743,0.31338346,0.32261795,0.32890958,0.3320298,0.33216143,0.3298985,0.32618928,0.32220343,0.3191157,0.3178328,0.31873944,0.32156712,0.3254494,0.32913926,0.33129773,0.330764,0.32676232,0.31904,0.3079481,0.29447174,0.28019506,0.26715246,0.2574886,0.2528982,0.25401393,0.26011574,0.26939055,0.27953944,0.28834864,0.29403514,0.29539287,0.29182795,0.28334686,0.2705282,0.25448716,0.23682398,0.21952131,0.20471784,0.19427307,0.18916453,0.18904275,0.19233988,0.1968795,0.20052892,0.2015855
135,0.19345634,0.18450177,0.17201479,0.15789878,0.14505792,0.13728186,0.13809578,0.14866379,0.16703677,0.1897269,0.21338606,0.23540695,0.25394306,0.26782468,0.27650967,0.28007382,0.27921763,0.27525756,0.27005276,0.2657953,0.2645979,0.2679215,0.27608392,0.2881585,0.30232146,0.31639633,0.32832122,0.3364409,0.33965516,0.33748278,0.33008048,0.31823388,0.30331793,0.28720507,0.27207366,0.2600583,0.2527398,0.25064334,0.253059,0.25834566,0.26451603,0.26976252,0.2727578,0.27275425,0.26956403,0.26348248,0.2551867,0.24562345,0.23589209,0.22712447,0.2203637,0.21644786,0.2159128,0.21893452,0.22532488,0.23457718,0.24594118,0.25850818,0.27129656,0.28333688,0.29375708,0.30186462,0.307219,0.3096851,0.3094564,0.30703682,0.3031713,0.29872173,0.2944985,0.29108217,0.2886895,0.28713733,0.2859226,0.28438857,0.2819165,0.27808678,0.2727777,0.26619446,0.25883377,0.25139776,0.2446751,0.23941535,0.23622811,0.23553422,0.23757397,0.24244605,0.25013453,0.2604951,0.2732065,0.28772166,0.3032563,0.31883207,0.33336735,0.34579375,0.35517523,0.36081174,0.36231565,0.35965404,0.35315356,0.34346703,0.3315034,0.31832644,0.3050332,0.29262987,0.2819305,0.27350345,0.2676771,0.26459086,0.26425412,0.2665747,0.27134237,0.2781879,0.28655747,0.29573417,0.304913,0.31331214,0.3202908,0.32544908,0.32868913,0.33022502,0.3305342,0.3302497,0.33000702,0.33027655,0.33122945,0.3326815,0.33413476,0.33489913,0.33424985,0.3315754,0.32648674,0.31887695,0.3089354,0.297126,0.2841416,0.27084553,0.2582064,0.24722628,0.23885532,0.233884,0.23281808,0.23576786,0.2423994,0.25197574,0.263472,0.2757209,0.28755316,0.29791838,0.3059864,0.31123188,0.31349954,0.31304327,0.31052402,0.3069458,0.30350813,0.30136865,0.3013518,0.30369627,0.3079533,0.31308648,0.3177244,0.32045984,0.32011074,0.31591088,0.30763516,0.29567665,0.28108445,0.26554897,0.25127813,0.24066052,0.2356421,0.23698701,0.24390356,0.25436184,0.2658299,0.27592382,0.28276134,0.28508466,0.282272,0.2743103,0.2617604,0.24572311,0.22779724,0.20999943,0.19456744,0.18353751,0.17809081,0.1780015,0.18168737,0.1868695,0.19130506,0.1932109
136,0.18741447,0.17824936,0.1653717,0.15054187,0.13653816,0.12718831,0.12636621,0.13565886,0.15318996,0.175292,0.19846605,0.22004265,0.23816025,0.25164682,0.25995523,0.26315045,0.26192012,0.25757575,0.25199383,0.24741706,0.24603365,0.24936628,0.25773656,0.27016088,0.28473982,0.2992435,0.31159058,0.32013023,0.3237762,0.32205972,0.31514257,0.30380562,0.28940982,0.273807,0.25915155,0.24755272,0.24056312,0.23867624,0.2411547,0.2463489,0.25228944,0.2572069,0.25982013,0.25942597,0.25587383,0.24948706,0.24096136,0.23125297,0.2214617,0.21270992,0.20602003,0.2021972,0.20173442,0.20476173,0.211052,0.22007452,0.23107287,0.24314746,0.2553366,0.2666982,0.27639332,0.28376856,0.2884298,0.2902965,0.28962526,0.28698888,0.2831993,0.27916935,0.27572522,0.2734121,0.27235806,0.27225596,0.27247518,0.2722569,0.27092096,0.26802674,0.2634622,0.257459,0.2505443,0.24344249,0.23694828,0.2317982,0.22857533,0.22767432,0.22932708,0.23365514,0.24069822,0.2503883,0.26247963,0.27647924,0.2916239,0.30692363,0.32126173,0.33352292,0.34272346,0.34812257,0.34930402,0.34622163,0.3392056,0.3289288,0.31633446,0.30252954,0.28865394,0.27574402,0.26461962,0.2558256,0.24964596,0.24617602,0.24540639,0.24726707,0.25160816,0.25813833,0.26637128,0.27562577,0.28509206,0.29394653,0.30148017,0.30721042,0.31095454,0.3128519,0.31332707,0.3129934,0.3125068,0.31239703,0.312922,0.31399214,0.3151924,0.3158903,0.3153896,0.31308123,0.30855903,0.30168617,0.29261473,0.281768,0.2697971,0.2575229,0.24586973,0.23579119,0.22818328,0.22377825,0.22302708,0.22600116,0.23235483,0.24137062,0.25206915,0.26334557,0.27410144,0.28336054,0.29036865,0.2946782,0.29621506,0.29531753,0.29273105,0.2895327,0.28696164,0.28615212,0.28782085,0.29202303,0.2980948,0.3048093,0.31066486,0.3141886,0.3141813,0.3098877,0.30110714,0.28826514,0.27245826,0.25546095,0.23963712,0.22762744,0.22168091,0.22277041,0.23008834,0.24140124,0.25393307,0.26511464,0.2729518,0.27612597,0.27398077,0.26647943,0.25416258,0.23811348,0.21992494,0.2016387,0.18558016,0.17395504,0.16815165,0.16807458,0.17212467,0.17791227,0.18308052,0.18576843
137,0.18299653,0.17397325,0.16107447,0.14591816,0.13112478,0.12046606,0.11806517,0.12597547,0.14253275,0.16396856,0.18664415,0.20781326,0.2255798,0.23875141,0.24676123,0.2496513,0.24808632,0.24336417,0.23737185,0.23240072,0.23072152,0.23393495,0.24238488,0.2550436,0.26994112,0.28479388,0.29749742,0.30640066,0.31042737,0.30911955,0.3026451,0.29178396,0.27788872,0.26279575,0.24863715,0.23749162,0.230871,0.229222,0.23176953,0.23685317,0.24252392,0.24705404,0.24921186,0.24834158,0.24433337,0.23754327,0.22869155,0.21875131,0.20883109,0.2000525,0.19342469,0.18972452,0.18940228,0.19253765,0.19885658,0.2077945,0.21857755,0.23030293,0.2420159,0.25278834,0.26180163,0.26843023,0.27231774,0.27343413,0.2721015,0.2689726,0.2649474,0.26101914,0.25806272,0.25661606,0.25673565,0.25799578,0.25963518,0.26078606,0.26069874,0.258903,0.25528705,0.25009912,0.24388441,0.23737493,0.23135346,0.22652319,0.2234202,0.22239538,0.22366083,0.22735785,0.2335887,0.24237843,0.2535811,0.26678434,0.2812696,0.2960534,0.30999592,0.32194296,0.33086845,0.33599535,0.33688304,0.33347628,0.32611257,0.31548798,0.30258107,0.28853914,0.27453554,0.26161808,0.25058225,0.24190965,0.23579538,0.23224922,0.23121232,0.23262219,0.23639274,0.24233006,0.25004542,0.25892565,0.2681855,0.27698386,0.2845638,0.2903788,0.29418012,0.29605162,0.2963841,0.2957878,0.2949499,0.2944616,0.29465872,0.29552725,0.2967084,0.2975986,0.2975038,0.29579693,0.29204103,0.28606206,0.27797258,0.26815632,0.25722587,0.2459645,0.23525847,0.22602177,0.21910805,0.21520665,0.2147309,0.21772836,0.22385071,0.23240063,0.24243784,0.25290936,0.26277637,0.2711281,0.2772813,0.28086695,0.28189814,0.28080887,0.27844176,0.27595565,0.27462518,0.27553788,0.27926403,0.28563753,0.29375893,0.30221218,0.30938005,0.31374058,0.3140899,0.3096905,0.3003672,0.28657326,0.26944005,0.25080374,0.23315522,0.21937083,0.21202904,0.21238351,0.21968025,0.23150891,0.24484174,0.25690594,0.26557875,0.2694683,0.26787665,0.26074067,0.2485815,0.23246808,0.21398932,0.19521016,0.17853527,0.16632783,0.16017501,0.16010678,0.1644993,0.17084467,0.1766704,0.18004173
138,0.1808601,0.1722731,0.15966922,0.14455307,0.12939863,0.117860235,0.114160076,0.12074821,0.13628893,0.157037,0.17925112,0.20009708,0.21762152,0.23059122,0.2384045,0.24107057,0.23922494,0.23414673,0.22772788,0.22230305,0.22022562,0.22318566,0.23157033,0.24432848,0.25943133,0.27454233,0.28752753,0.29672673,0.30106646,0.30009577,0.29398963,0.28353244,0.2700768,0.25545204,0.24177241,0.23108253,0.224842,0.22343728,0.22604783,0.2310011,0.23636948,0.2404668,0.24210937,0.24068758,0.23613271,0.22883615,0.21954806,0.2092662,0.19911796,0.19023576,0.18362708,0.18004961,0.17991547,0.18325298,0.18973538,0.19875494,0.20950851,0.22107655,0.23249643,0.2428386,0.25128925,0.25723562,0.26034552,0.260629,0.25846845,0.25459975,0.25002578,0.24584794,0.24302658,0.24212961,0.24317013,0.24561873,0.24858764,0.25109753,0.2523226,0.25175413,0.24926966,0.24512056,0.23985484,0.23419411,0.22888951,0.22459106,0.22177026,0.22072068,0.22162525,0.22463992,0.22993007,0.23762268,0.24768966,0.25982398,0.2733777,0.28739583,0.30073214,0.312205,0.32075432,0.32557315,0.32620212,0.32258198,0.31506196,0.30436411,0.2915024,0.2776593,0.2640285,0.2516455,0.2412475,0.2332119,0.2276044,0.22431497,0.22320962,0.22421713,0.22730987,0.2323997,0.23921703,0.2472474,0.2557632,0.26393706,0.2709918,0.2763422,0.2796978,0.28111055,0.2809599,0.2798717,0.2785762,0.27772695,0.27772492,0.27860573,0.28003225,0.28139326,0.2819652,0.2810803,0.278258,0.2732826,0.2662288,0.2574465,0.24751765,0.23719698,0.22734345,0.21884389,0.21252523,0.20905213,0.20881909,0.21186553,0.21784867,0.22609043,0.235681,0.24560617,0.25487322,0.2626251,0.26824242,0.271432,0.27229634,0.2713696,0.2695943,0.26820418,0.26848656,0.2714444,0.27746287,0.2861348,0.29633415,0.3064832,0.3148789,0.3199723,0.32056698,0.31594807,0.30596682,0.29110202,0.2725125,0.25207853,0.23238699,0.21651483,0.20736566,0.20652889,0.21338515,0.22539364,0.23927556,0.25203374,0.261394,0.2658738,0.26472327,0.25784957,0.24575692,0.22950657,0.21069174,0.19140568,0.1741288,0.16136773,0.1548898,0.1548356,0.15954782,0.16639738,0.17279789,0.17674465
139,0.18138705,0.17340448,0.16129263,0.146496,0.1313977,0.11953451,0.11508607,0.12070713,0.13539255,0.15554611,0.17739663,0.19803211,0.21542937,0.22830041,0.23600021,0.2385032,0.23641825,0.23100968,0.2241747,0.21828452,0.21576382,0.21838723,0.22659566,0.23933496,0.25453344,0.2698057,0.28298238,0.2923852,0.29693592,0.2961884,0.29032826,0.28015354,0.2670296,0.25279203,0.23954518,0.2292976,0.22344467,0.22229777,0.22498113,0.22980623,0.2348642,0.23850635,0.23959202,0.23755398,0.23236334,0.22444874,0.21459548,0.20383458,0.19332401,0.18422124,0.1775473,0.1740544,0.17412546,0.17773993,0.18451434,0.1937887,0.20471835,0.21635261,0.22770564,0.23783067,0.24590257,0.2513054,0.25371525,0.2531671,0.25009108,0.24529968,0.23990287,0.2351297,0.23206136,0.23133937,0.23297353,0.2363581,0.24049158,0.24428461,0.2468295,0.24756815,0.2463534,0.24342343,0.23931076,0.23470774,0.23031622,0.2267192,0.22431494,0.2233351,0.2239295,0.22626244,0.23055434,0.23702939,0.24578196,0.25662625,0.2690085,0.28202736,0.29455176,0.3053894,0.31345856,0.31793177,0.31833827,0.31462052,0.30714357,0.2966567,0.28420585,0.27099857,0.25822917,0.2468917,0.23762992,0.23068425,0.22596766,0.22323707,0.22227395,0.22298555,0.22538611,0.22947985,0.23511529,0.24189186,0.24916765,0.2561632,0.26211655,0.2664378,0.26882675,0.26933396,0.26835486,0.26655316,0.26471484,0.26355422,0.26351854,0.26465786,0.26661214,0.2687187,0.27018994,0.27029598,0.26850405,0.2645582,0.25850314,0.25066635,0.24161209,0.23208031,0.22291693,0.21499763,0.2091408,0.2060068,0.20599145,0.20914167,0.21512748,0.2232873,0.23273054,0.24246585,0.25152925,0.2591019,0.26461554,0.26784372,0.2689714,0.26862502,0.26783293,0.26787913,0.27002814,0.27516404,0.28347337,0.29432702,0.30641466,0.31804177,0.327451,0.333081,0.33374563,0.32874975,0.317967,0.3018984,0.28172567,0.25936225,0.23746444,0.2192674,0.20796879,0.20552322,0.21153161,0.22339258,0.23759174,0.25088754,0.2608257,0.26580924,0.265021,0.2583318,0.24623017,0.22977696,0.21058047,0.19077152,0.17290644,0.15962045,0.15283626,0.15278728,0.15778118,0.16507457,0.17197229,0.1764005
140,0.18457916,0.17720672,0.16563603,0.151318,0.13662627,0.1250309,0.12058057,0.12589392,0.14015597,0.15997572,0.18163781,0.20219178,0.21955459,0.23238571,0.2400016,0.24235217,0.24003501,0.23431621,0.22710897,0.22081727,0.21791534,0.22023375,0.22825278,0.24092199,0.25614136,0.27148482,0.2847474,0.29422846,0.2988428,0.2981515,0.29235962,0.28229353,0.26934996,0.25538856,0.24251527,0.2327014,0.22726433,0.22642154,0.2292269,0.23396617,0.23874173,0.24193506,0.24244213,0.23973382,0.23381999,0.22516905,0.21460743,0.20320874,0.19217417,0.18270154,0.17584263,0.1723603,0.17262039,0.1765586,0.18373246,0.19342138,0.204727,0.21665378,0.22817847,0.23832303,0.24623734,0.25128812,0.25314513,0.25185257,0.24787197,0.24207732,0.23567657,0.2300306,0.22636475,0.22543553,0.22729701,0.23130663,0.2363725,0.24130246,0.24510239,0.24715275,0.24726528,0.24564648,0.242795,0.23935795,0.23597717,0.23316537,0.2312513,0.23041128,0.23076485,0.2324786,0.23581243,0.24106814,0.24844874,0.25788924,0.2689441,0.28078863,0.2923319,0.30239305,0.30988622,0.31397662,0.31419158,0.31048155,0.30322987,0.29321066,0.28149304,0.2692917,0.2577751,0.24786413,0.24008131,0.23451678,0.2309354,0.22897628,0.2283474,0.22892888,0.2307519,0.23387758,0.23824196,0.24354573,0.24924232,0.25462785,0.2589932,0.26178515,0.26273507,0.2619306,0.25981772,0.25712416,0.25470495,0.2533293,0.2534628,0.25512362,0.2578755,0.260957,0.26348475,0.26465216,0.26387432,0.26086456,0.2556526,0.24856055,0.24015236,0.2311701,0.22246352,0.2149148,0.20935342,0.2064565,0.20664155,0.20997809,0.2161548,0.22452162,0.23419306,0.24418053,0.25352648,0.26142803,0.26734692,0.27110344,0.27294412,0.2735634,0.27404588,0.27569184,0.2797157,0.28687865,0.29720002,0.30988768,0.32350928,0.33629748,0.34646,0.3524234,0.35300127,0.34750527,0.33582017,0.31846136,0.29662865,0.27226073,0.24806368,0.22739005,0.2136849,0.20927,0.21404587,0.22544223,0.23974557,0.25345656,0.26390964,0.26936412,0.26891458,0.262384,0.2502423,0.23355417,0.2139518,0.1936121,0.17516735,0.1613656,0.1542599,0.15416601,0.159371,0.16703695,0.17436728,0.17921463
141,0.19003913,0.18313447,0.17202881,0.15824752,0.14423871,0.13347013,0.12981316,0.13563898,0.15011339,0.1700132,0.19173673,0.21234863,0.2297379,0.24253294,0.250032,0.2521842,0.24960347,0.243586,0.2360826,0.2295324,0.22643274,0.22862162,0.236575,0.24922897,0.26446003,0.27981162,0.29305047,0.3024585,0.30694944,0.30610186,0.30015582,0.2899864,0.27704477,0.26323605,0.2506805,0.24131085,0.23635027,0.23589939,0.2389207,0.2436583,0.24821398,0.25099036,0.25091398,0.24749103,0.24077095,0.23126602,0.21985099,0.20765196,0.19592552,0.18592437,0.1787466,0.17518124,0.17558916,0.17986861,0.1875173,0.19774742,0.20959659,0.22201277,0.23392399,0.24431047,0.2522874,0.2571948,0.25868604,0.25680274,0.25202307,0.2452646,0.237814,0.23115014,0.22664425,0.22519225,0.22693543,0.23124005,0.23695722,0.24280754,0.24771029,0.2509744,0.2523551,0.25201073,0.25039172,0.24809116,0.24569035,0.24364015,0.24221464,0.2415497,0.24174276,0.24295789,0.2454754,0.24964543,0.2557494,0.26382345,0.27352786,0.28412828,0.2945967,0.30378821,0.31063443,0.31431007,0.31435224,0.31072554,0.30383188,0.29446357,0.28369752,0.27273205,0.2626811,0.25436717,0.24818173,0.24407731,0.24170236,0.24061437,0.24047144,0.24112652,0.24260135,0.24496815,0.24819979,0.25205955,0.2560807,0.2596447,0.2621247,0.2630451,0.2622144,0.25980258,0.25634593,0.25266576,0.24969791,0.2482541,0.24878015,0.2512072,0.25496662,0.25915653,0.26277646,0.264941,0.26502347,0.26272404,0.2580777,0.25142166,0.24333887,0.23459142,0.22605008,0.21862106,0.21316394,0.21039312,0.210767,0.21439153,0.22097802,0.2298803,0.24020016,0.250927,0.2610811,0.2698451,0.27667958,0.28141898,0.28433716,0.28616047,0.28799483,0.291133,0.2967407,0.30549532,0.31732005,0.33133957,0.3460613,0.35967663,0.37036225,0.376519,0.37693927,0.3709196,0.35833728,0.33970872,0.31624234,0.28989398,0.26340348,0.24020568,0.22394167,0.2172791,0.22047986,0.23110877,0.24531387,0.25933936,0.270281,0.27622288,0.27614623,0.2698095,0.2576554,0.24075091,0.22075471,0.19989263,0.18086879,0.16652733,0.15903243,0.15878694,0.16409115,0.17204429,0.1797567,0.18499771
142,0.19704652,0.19037326,0.17958806,0.16635227,0.15325813,0.14381656,0.14168076,0.1488157,0.16418023,0.18463238,0.20669858,0.22750348,0.24494916,0.25766718,0.26496956,0.26683787,0.26393777,0.25763077,0.2499325,0.24332422,0.24030027,0.24264932,0.2507807,0.26357812,0.27888516,0.2942225,0.30734104,0.31651866,0.32068303,0.3194477,0.31310904,0.30261523,0.28949714,0.27572677,0.26345038,0.25455835,0.25016198,0.25022012,0.2535801,0.25842524,0.26284283,0.26524782,0.2645929,0.2604193,0.25281918,0.24235462,0.22995684,0.21681415,0.20424926,0.19358091,0.18596508,0.18222782,0.18273418,0.18735044,0.19551516,0.20636924,0.21887931,0.23192894,0.24439,0.25519484,0.26341906,0.26837197,0.26968652,0.26739633,0.26198763,0.25440684,0.24599795,0.23833165,0.2329039,0.23074742,0.23211327,0.23641576,0.242487,0.24898463,0.25474983,0.2590168,0.26147544,0.26222628,0.26166558,0.2603333,0.25875968,0.2573508,0.25634658,0.25586066,0.2559778,0.25685647,0.25877917,0.2621129,0.26717925,0.2740813,0.28256518,0.29198533,0.30139017,0.30969188,0.3158614,0.31910142,0.3189715,0.31545648,0.30897525,0.3003284,0.2905829,0.28089753,0.27231038,0.26553667,0.26084924,0.25809732,0.25685808,0.25664806,0.2570996,0.2580392,0.25945613,0.26139095,0.26380068,0.26646164,0.26895377,0.27073377,0.27126998,0.2701948,0.26743442,0.26328495,0.25841275,0.25376058,0.250352,0.24902093,0.25014842,0.25352293,0.25839648,0.26370028,0.26831207,0.27127773,0.27194703,0.27002826,0.265583,0.25898355,0.25085026,0.24198177,0.23328525,0.22570674,0.22015306,0.2173943,0.21794724,0.22196594,0.22918586,0.23895408,0.25033805,0.2622759,0.27373153,0.28383604,0.29200974,0.29806083,0.3022497,0.30529743,0.3083055,0.3125572,0.31920347,0.32890797,0.34158742,0.3563645,0.37173882,0.38587973,0.39692646,0.40323254,0.4035418,0.39710778,0.3837759,0.36404353,0.33911288,0.31094435,0.28229553,0.2566534,0.23780552,0.22872798,0.23008017,0.23966411,0.2535721,0.2678145,0.27923205,0.28570583,0.28607747,0.2800205,0.2679363,0.25088522,0.23054726,0.20919168,0.1895841,0.17464809,0.16664863,0.16609612,0.17135237,0.17949328,0.18754546,0.19318268
143,0.20469044,0.19798173,0.18736209,0.17467958,0.16271824,0.15504332,0.15503213,0.16412906,0.18096006,0.20238292,0.22503957,0.24614188,0.26364243,0.2762131,0.28321585,0.28470114,0.28142324,0.2748437,0.26706907,0.26062888,0.2579898,0.26083654,0.26944745,0.28260607,0.2981036,0.31344047,0.32636544,0.3351707,0.3388179,0.336978,0.33002755,0.31901294,0.3055683,0.29175076,0.2797398,0.2713768,0.2676429,0.2683323,0.27215528,0.27721664,0.28157666,0.28365573,0.28243077,0.2774801,0.26894334,0.2574393,0.2439636,0.22977501,0.21627016,0.20484065,0.19670579,0.19273342,0.19329703,0.19823445,0.20692687,0.21844314,0.23167616,0.24544154,0.25855187,0.2698897,0.2784905,0.28363362,0.28493276,0.2824144,0.27657056,0.26836875,0.25919235,0.25067505,0.24440226,0.24151556,0.24237064,0.24645004,0.2525999,0.25944433,0.2657648,0.27072853,0.27396193,0.27550882,0.27571553,0.27507886,0.27409446,0.2731442,0.27245453,0.2721332,0.2722606,0.2729868,0.27458143,0.27740046,0.28176814,0.2878146,0.29533997,0.303771,0.31223243,0.3197054,0.32521728,0.32801518,0.32769325,0.32426223,0.31815618,0.31017488,0.3013608,0.2928187,0.28550416,0.28003502,0.2765949,0.27497223,0.2747165,0.27533653,0.2764555,0.27787223,0.27952498,0.2813896,0.28336427,0.28519362,0.28646725,0.2866957,0.2854398,0.282455,0.27781278,0.27196884,0.26575106,0.2602434,0.25655603,0.25551912,0.25740516,0.26181623,0.2677972,0.27410597,0.2795078,0.28299698,0.28391933,0.28201038,0.27737653,0.27044192,0.2618793,0.2525374,0.24337272,0.23538426,0.22954072,0.22668388,0.22740375,0.23191164,0.23996583,0.2508928,0.2637012,0.27724582,0.29039755,0.30219668,0.3119824,0.31949565,0.32494563,0.32901895,0.33280176,0.33758563,0.34455976,0.35445613,0.36727569,0.38221434,0.39780918,0.41222078,0.42354038,0.43004993,0.43041393,0.4238118,0.41002792,0.38951555,0.36344945,0.33377665,0.30325368,0.27539164,0.254079,0.24255337,0.24187997,0.2501845,0.26359975,0.27794868,0.2898185,0.2968684,0.29777735,0.29211265,0.28021643,0.26312765,0.24253449,0.2207364,0.20054486,0.18494703,0.1763062,0.1752692,0.1803124,0.1885308,0.19687952,0.20292635
144,0.2120081,0.20501491,0.19443253,0.18233429,0.17171974,0.16618529,0.16875659,0.18027855,0.19898017,0.22166742,0.24507968,0.26652998,0.28405032,0.29638597,0.30298266,0.30399334,0.30029345,0.29347333,0.28574964,0.27970108,0.27774227,0.28140703,0.29078823,0.3045266,0.32033983,0.33570743,0.34838828,0.35670748,0.3596822,0.3570632,0.34933004,0.337649,0.3237762,0.30986568,0.29813182,0.29035744,0.28737685,0.2888017,0.2931896,0.2985543,0.30292097,0.30471176,0.30292833,0.29718956,0.2876879,0.27510488,0.2605066,0.24522741,0.23074155,0.21851486,0.20982957,0.205594,0.20618996,0.21142866,0.22063676,0.23281364,0.24677995,0.26128402,0.27508008,0.28700268,0.29605007,0.3014758,0.30287954,0.3002851,0.29419297,0.28558886,0.27588335,0.2667472,0.2598165,0.25629997,0.2566301,0.26035574,0.266357,0.27325302,0.27979076,0.28508914,0.28872457,0.29069608,0.29131344,0.29104695,0.29037684,0.28968066,0.2891888,0.28901526,0.28924114,0.29000518,0.291552,0.29420435,0.2982572,0.30383033,0.31074205,0.31846505,0.32618824,0.33296195,0.3378787,0.3402412,0.33968794,0.3362609,0.3304094,0.32292762,0.31482756,0.3071578,0.30080006,0.29629806,0.29378176,0.29301822,0.29356298,0.29493898,0.29676887,0.29882026,0.30096617,0.30309445,0.30501437,0.3064057,0.30683655,0.30584803,0.3030824,0.2984198,0.2920898,0.28472647,0.277337,0.27115464,0.26736736,0.26677522,0.2695092,0.27496067,0.28196108,0.28910378,0.29505736,0.29878137,0.29963297,0.297389,0.2922134,0.2845942,0.2752675,0.26514262,0.25523522,0.2466079,0.24030337,0.23724861,0.23811896,0.24318898,0.2522349,0.26454613,0.27904642,0.29447532,0.30957595,0.3232616,0.33475417,0.34369302,0.35020673,0.35492933,0.35893223,0.36354318,0.37004736,0.37932557,0.39154872,0.40605676,0.4214664,0.43594193,0.44751558,0.45437217,0.4550649,0.4486656,0.43486556,0.41404477,0.3873248,0.35661647,0.32465288,0.29494154,0.27142996,0.25756565,0.2548038,0.26165542,0.27439228,0.28871727,0.30098605,0.30863068,0.31015137,0.30499038,0.29341167,0.2764144,0.2556767,0.23350948,0.21275117,0.19643767,0.18703102,0.1853421,0.19001019,0.19819091,0.20678441,0.21324784
145,0.2181012,0.210616,0.19997989,0.18851747,0.17944628,0.17634404,0.18180232,0.19601941,0.21681106,0.2409106,0.26514277,0.2869294,0.30440262,0.31640738,0.32250047,0.32296416,0.3188196,0.31180552,0.30425835,0.29880002,0.29776895,0.30251095,0.3128946,0.32738757,0.3436186,0.3590457,0.37144852,0.37920138,0.38139594,0.37788174,0.36925924,0.35683012,0.34248355,0.32847506,0.3170496,0.3099205,0.30776227,0.30999383,0.31501284,0.32073712,0.32515392,0.32668728,0.32436618,0.3178539,0.30739984,0.29375196,0.2780492,0.2617022,0.24626108,0.233262,0.22404431,0.21955128,0.22017026,0.22568709,0.23537844,0.24817976,0.26284447,0.27805808,0.29252073,0.30502364,0.31453368,0.32028517,0.3218707,0.31931832,0.31314135,0.3043434,0.29435334,0.28485724,0.277506,0.2735311,0.2734033,0.27671948,0.28240007,0.2890815,0.29550374,0.3007631,0.30440843,0.3064142,0.30707315,0.3068487,0.30622476,0.3055912,0.3051949,0.30516344,0.30558026,0.30656904,0.3083396,0.3111645,0.31528482,0.3207788,0.32744944,0.3347863,0.34202206,0.34826738,0.3526794,0.35462153,0.35378283,0.35024154,0.344465,0.33724353,0.3295619,0.32242176,0.31664965,0.3127436,0.3108132,0.31063485,0.3117927,0.31383616,0.31639045,0.31918755,0.32202512,0.32468805,0.3268777,0.32818738,0.32814136,0.32629174,0.32234812,0.31630892,0.30856228,0.29992577,0.29159018,0.28493556,0.28121448,0.281176,0.28479135,0.29123592,0.2991363,0.30693698,0.31322542,0.3169391,0.31745625,0.31460312,0.30860874,0.30003223,0.28968027,0.27852964,0.26766267,0.25821394,0.25131017,0.2479745,0.24897656,0.25465614,0.26479882,0.27863756,0.29498515,0.3124369,0.3295792,0.34516996,0.3582867,0.36844283,0.37566745,0.3805331,0.3841039,0.38777328,0.39297664,0.40081775,0.41171804,0.42522997,0.44009203,0.4544842,0.46636736,0.4738019,0.4751959,0.4694785,0.45621434,0.43567926,0.40891373,0.3777667,0.34492344,0.31386015,0.2885445,0.27258196,0.26778355,0.27308,0.28497174,0.29912272,0.31169823,0.31991345,0.32208368,0.31751254,0.30636892,0.28959325,0.26883352,0.24639086,0.2251104,0.2080621,0.19780514,0.19533344,0.19948612,0.20751677,0.21629158,0.22316015
146,0.22222708,0.2140856,0.20333129,0.19255468,0.18517774,0.18469545,0.19318935,0.21019353,0.23312682,0.25865144,0.28367344,0.3057287,0.3230639,0.33464208,0.34015033,0.34001806,0.3354268,0.32827297,0.32101327,0.31630126,0.31637695,0.32237205,0.3339083,0.34926483,0.36597472,0.38147643,0.39357942,0.40072045,0.40207967,0.39761853,0.38806906,0.37487555,0.36006287,0.3459848,0.3349087,0.32846817,0.32717085,0.33024138,0.33591947,0.34202966,0.34652412,0.34783223,0.3450138,0.33777952,0.32643768,0.31180248,0.29508337,0.27776244,0.2614585,0.24776869,0.23807973,0.23336194,0.23400475,0.23977095,0.24989362,0.2632525,0.2785417,0.29439124,0.3094539,0.3224848,0.33242688,0.33850354,0.3403085,0.33788103,0.33175206,0.32294306,0.31289318,0.30328518,0.2957534,0.29151183,0.29103017,0.2939285,0.29916382,0.3054052,0.31141117,0.31628358,0.31957066,0.32124683,0.32161015,0.32113686,0.32033095,0.31960702,0.31923586,0.31936115,0.32006744,0.3214587,0.32370192,0.32700717,0.33154383,0.3373247,0.34411013,0.35137877,0.3583848,0.36428407,0.36829168,0.3698308,0.368644,0.3648505,0.35894096,0.35170895,0.34412232,0.3371519,0.33159187,0.32792148,0.3262565,0.3264042,0.32799074,0.33059815,0.33385456,0.33745295,0.3411096,0.3444985,0.34720317,0.34871805,0.34850946,0.34612545,0.34132934,0.33422694,0.32535756,0.3157169,0.30667368,0.2997453,0.29623523,0.29682782,0.30132896,0.3087052,0.317394,0.32570767,0.33216575,0.33569193,0.33569095,0.3320419,0.325042,0.31532457,0.30377045,0.29142797,0.27945113,0.26905304,0.26145265,0.25777766,0.25889713,0.26521313,0.27650678,0.29193243,0.3101666,0.32963687,0.34875208,0.36609706,0.3805895,0.39160386,0.39906126,0.40347156,0.40590227,0.40784016,0.4109193,0.41653422,0.42543343,0.43744922,0.4514827,0.46573773,0.47808555,0.48642933,0.48899442,0.48453063,0.4724428,0.45287284,0.42675337,0.3958469,0.36276713,0.33093297,0.30429748,0.28657448,0.27988613,0.28359252,0.29449645,0.30830777,0.32105747,0.32976824,0.3325751,0.32863677,0.31801453,0.30157363,0.28091252,0.25830197,0.23657377,0.2188165,0.20767973,0.20434685,0.20787914,0.21565843,0.22454056,0.2317787
147,0.22387353,0.21494131,0.20400634,0.19393061,0.18831885,0.19051868,0.20204297,0.22176975,0.24675651,0.27360907,0.29931656,0.32153282,0.3386277,0.34969303,0.3545565,0.35380253,0.34877765,0.34153548,0.3346458,0.33077973,0.3320614,0.33939415,0.3521457,0.36840487,0.38561055,0.40118676,0.41298065,0.41950047,0.4200231,0.41462746,0.40417942,0.3902641,0.3750362,0.36093873,0.3502511,0.34452015,0.34408715,0.34799016,0.35432142,0.36082166,0.36541542,0.36654276,0.36329794,0.35544035,0.3433355,0.32785934,0.3102842,0.29215315,0.27514094,0.26089212,0.2508281,0.24593751,0.24660946,0.25258777,0.26307076,0.27689278,0.2926988,0.30907238,0.32462776,0.33809254,0.34839493,0.35475636,0.35678023,0.35452405,0.34854028,0.33986723,0.3299465,0.3204404,0.31294042,0.30860934,0.30788165,0.31037572,0.31507742,0.320698,0.32603613,0.33022624,0.33284324,0.33388653,0.33368126,0.33273384,0.33158097,0.33066908,0.33029523,0.33061764,0.33171818,0.33367592,0.33660898,0.34065685,0.34590545,0.35228592,0.35949486,0.36697766,0.37398848,0.37971175,0.38340983,0.3845612,0.38296226,0.37877688,0.3725262,0.36501682,0.35721374,0.35007524,0.34438458,0.34062442,0.33893552,0.33916914,0.3410006,0.3440471,0.34793985,0.35233167,0.3568563,0.36107507,0.36445105,0.36637494,0.3662473,0.36360177,0.35824308,0.35037172,0.340666,0.330288,0.3207723,0.31376055,0.3105938,0.31188345,0.317272,0.32552966,0.33492258,0.34364724,0.35016644,0.35339653,0.3527713,0.34822363,0.3401186,0.3291635,0.31631356,0.30269027,0.2895224,0.27810678,0.26976103,0.2657233,0.2669624,0.2739329,0.28639096,0.30338654,0.32343653,0.3447837,0.36564898,0.3844383,0.3999066,0.41128862,0.41839898,0.42169076,0.42224857,0.42167845,0.4218571,0.4245334,0.43085787,0.441008,0.4540819,0.46830323,0.481421,0.49113613,0.4954469,0.49288604,0.48266828,0.46477717,0.4400168,0.41004446,0.37738377,0.34537578,0.31793013,0.29882562,0.2904476,0.292576,0.30236924,0.3156631,0.32841703,0.3374963,0.34086978,0.33755255,0.3274918,0.3114656,0.29100704,0.26833835,0.24625984,0.22786243,0.21587332,0.21165866,0.21450832,0.2219529,0.23086153,0.23840821
148,0.22282574,0.21297678,0.20176892,0.19233586,0.18844528,0.19324623,0.20764828,0.22990096,0.2567447,0.2847489,0.3109896,0.3332403,0.34999695,0.36048305,0.3646676,0.36328816,0.35785094,0.35055777,0.34407964,0.34109214,0.34359372,0.35225782,0.36620477,0.38334224,0.40102336,0.41666466,0.42815715,0.4340851,0.43382356,0.42756668,0.41630757,0.40176168,0.38620037,0.3721422,0.36186886,0.35683906,0.35723695,0.36193073,0.3688832,0.37576586,0.38048592,0.38150045,0.37794033,0.36961228,0.35693353,0.34083247,0.3226315,0.30391908,0.28640857,0.2717748,0.26145956,0.25646147,0.2571685,0.26331204,0.27406654,0.28823298,0.30441868,0.3211711,0.3370758,0.35084262,0.36139482,0.36796153,0.37016428,0.36808532,0.36230162,0.3538665,0.34421572,0.33497632,0.32767496,0.3233967,0.3225142,0.32462358,0.32873136,0.33359683,0.3380762,0.34135982,0.34307402,0.34326592,0.3423061,0.3407446,0.33915803,0.33802652,0.33767042,0.33825734,0.33986068,0.34252992,0.34633064,0.35132796,0.35751852,0.3647423,0.37261873,0.38054267,0.3877506,0.3934399,0.39690858,0.39768383,0.39561427,0.39091143,0.38413364,0.37611124,0.3678203,0.3602232,0.35410967,0.34998122,0.3480149,0.34811226,0.3500005,0.35333315,0.35774562,0.36285323,0.36821082,0.3732717,0.37738204,0.37983015,0.3799486,0.37724996,0.37157017,0.36319152,0.35291672,0.34205896,0.3323028,0.3253984,0.322711,0.32477215,0.3310648,0.34017667,0.3502205,0.35929337,0.36581287,0.36869442,0.3674032,0.36192507,0.3526907,0.3404786,0.3263161,0.31139714,0.29702717,0.2845907,0.2755095,0.2711346,0.27252874,0.2801801,0.29379073,0.3122764,0.3339731,0.35692987,0.3791806,0.3989593,0.41486803,0.426013,0.43211457,0.43358293,0.4315377,0.42773175,0.42432812,0.42349422,0.4268583,0.43500432,0.4472454,0.46179342,0.47621295,0.48793632,0.49468115,0.49472666,0.4870753,0.47153944,0.4487865,0.4203619,0.3886917,0.35702837,0.32921982,0.3090762,0.29920155,0.29977372,0.30833894,0.3209251,0.333481,0.34275383,0.34656662,0.34379873,0.33428282,0.31870368,0.29851857,0.2758875,0.25356427,0.23462631,0.22186047,0.21679719,0.21894577,0.2259942,0.23484536,0.24261512
149,0.21922955,0.20832336,0.19668762,0.18772644,0.18536465,0.19252875,0.20951812,0.23399326,0.26242146,0.2913541,0.31795654,0.3401198,0.35646245,0.36633405,0.36983672,0.36784932,0.36202314,0.3546929,0.34861672,0.346466,0.35011455,0.36001793,0.37506753,0.3930077,0.41111824,0.4268159,0.43803865,0.443446,0.44250587,0.43551728,0.42358544,0.40853763,0.39274248,0.37877825,0.36892197,0.3645501,0.36570865,0.3711213,0.37864533,0.3859014,0.39079064,0.39179245,0.38807458,0.37948608,0.3664864,0.35004255,0.3315097,0.3125018,0.2947501,0.27994028,0.26951966,0.26448914,0.26523682,0.2714901,0.28241202,0.29678357,0.31318647,0.3301432,0.34622097,0.36012223,0.3707755,0.37742716,0.3797254,0.37778297,0.37220365,0.36405337,0.35475466,0.3458865,0.338894,0.3347654,0.33379275,0.33553523,0.3390134,0.34303853,0.34653747,0.34877515,0.34944934,0.34867293,0.3468755,0.3446581,0.3426387,0.3413266,0.3410578,0.34200066,0.3442134,0.3477127,0.3525111,0.35860044,0.36588842,0.37412113,0.38283372,0.39135978,0.39890492,0.40466624,0.40796664,0.408375,0.40578935,0.40047047,0.3930195,0.38429952,0.37530917,0.36702737,0.36026177,0.35554087,0.35308227,0.3528383,0.35458767,0.35802078,0.36278084,0.36845237,0.37452066,0.38034138,0.38515353,0.38814998,0.3885976,0.38598526,0.38017225,0.3715107,0.36091277,0.34982547,0.34006515,0.33347195,0.33141908,0.3343488,0.34158632,0.35154957,0.3622164,0.37160242,0.37809378,0.38061345,0.37866125,0.3722753,0.3619486,0.3485262,0.3331037,0.31694537,0.30143425,0.2880463,0.27831137,0.2736919,0.2753302,0.2837173,0.29846144,0.3183102,0.3414015,0.36559075,0.3887376,0.40892363,0.42462057,0.4348295,0.43919978,0.43812224,0.4327777,0.42510015,0.41759002,0.41290647,0.4132372,0.41962358,0.43157497,0.44720423,0.46377745,0.47836152,0.48833272,0.49169028,0.4872208,0.47457406,0.45429376,0.42782596,0.3975086,0.3665103,0.33861354,0.31764072,0.3063792,0.30537674,0.31257895,0.3242516,0.3363821,0.34563488,0.34970877,0.34735915,0.33830926,0.3231506,0.30326056,0.28072977,0.2582554,0.23888741,0.2254516,0.2196147,0.22108203,0.22769454,0.23640311,0.24428768
150,0.21364689,0.20151214,0.18920356,0.18039471,0.17918845,0.18830849,0.20746754,0.23378018,0.26347584,0.2930992,0.31990206,0.34188494,0.3577782,0.36704376,0.3698992,0.36734372,0.36115107,0.35376802,0.34802634,0.3465923,0.3512292,0.36220095,0.37819937,0.3968291,0.41531104,0.43106785,0.44208395,0.44708738,0.44562635,0.43808678,0.4256631,0.41026893,0.39434618,0.3805163,0.371049,0.36725366,0.36906675,0.37510097,0.38313705,0.39076427,0.39588866,0.39701506,0.39334506,0.38476124,0.37175182,0.35530472,0.3367871,0.31781578,0.30011725,0.28536776,0.27500525,0.27002615,0.27082103,0.27712306,0.28809723,0.30251825,0.31895486,0.33591574,0.35196048,0.36579448,0.37636176,0.3829355,0.38519824,0.38329864,0.37786916,0.36998641,0.3610537,0.35259268,0.3459558,0.34202293,0.34099457,0.34238434,0.34522262,0.3483753,0.35084882,0.35199606,0.35160035,0.34985203,0.3472466,0.34443682,0.3420761,0.34069228,0.3406242,0.3420301,0.34494665,0.34935698,0.35522482,0.36247548,0.37093413,0.3802567,0.38989356,0.39911187,0.407078,0.41297898,0.4161536,0.41620559,0.41307905,0.4070841,0.39886805,0.38933265,0.37950644,0.37039182,0.3628187,0.35734347,0.35422122,0.3534509,0.3548592,0.3581744,0.3630537,0.36906213,0.3756305,0.38203344,0.38741827,0.39089447,0.3916703,0.38921198,0.38339752,0.37463883,0.36394307,0.3528737,0.34335825,0.33730417,0.33607057,0.33999485,0.348242,0.35907158,0.37034664,0.38002256,0.38647184,0.38863656,0.38605687,0.3788235,0.36748832,0.35295784,0.33639088,0.31911957,0.30260524,0.28841895,0.27820078,0.2735174,0.2755645,0.2847903,0.3006583,0.321712,0.3458802,0.3708358,0.3942885,0.41419876,0.4289419,0.43744886,0.43933314,0.43500233,0.42573807,0.41370568,0.40181473,0.39331263,0.39104044,0.39652014,0.40935728,0.42737344,0.44734424,0.46584618,0.47986588,0.48712775,0.48623532,0.4767183,0.4590388,0.4345807,0.40562475,0.37527937,0.34727615,0.32544866,0.31274575,0.31005648,0.31571823,0.32625416,0.33771825,0.3467152,0.3508359,0.34872344,0.34000033,0.32517073,0.3055353,0.28311557,0.2605488,0.24084806,0.22685711,0.22034483,0.2211771,0.22733046,0.23580992,0.2436799
151,0.20708673,0.19352315,0.18019761,0.17104818,0.17041361,0.18089846,0.2016899,0.22939631,0.26002753,0.2901199,0.31699973,0.33876127,0.35422817,0.36295244,0.36524087,0.36218345,0.3556464,0.34816387,0.34262967,0.34171358,0.34709775,0.35889596,0.3756397,0.39482144,0.41361693,0.42945728,0.44036725,0.44513044,0.44335622,0.4354921,0.42279238,0.40722585,0.3912804,0.37760457,0.3684636,0.36512384,0.36745125,0.37398848,0.38247195,0.3904795,0.39593053,0.39735523,0.3939817,0.38571367,0.37305105,0.35698232,0.33886385,0.32029185,0.30296513,0.28853083,0.27840334,0.27356845,0.27442157,0.28071105,0.29161698,0.3059214,0.32219258,0.3389369,0.35471684,0.3682512,0.37850928,0.38479987,0.3868471,0.38484025,0.37944236,0.3717396,0.36311257,0.3550209,0.3487198,0.34497687,0.34389758,0.34494704,0.34716395,0.34947008,0.35095653,0.35107133,0.3496906,0.34708634,0.34381908,0.34058568,0.33806127,0.33677503,0.33705193,0.33902794,0.34271398,0.34806344,0.3550012,0.36339915,0.3730127,0.38341728,0.3939836,0.40391266,0.4123277,0.41839936,0.42147538,0.42118853,0.41752505,0.4108429,0.40183625,0.39144763,0.38073763,0.37073252,0.36228174,0.35596278,0.3520587,0.35060543,0.35147202,0.35442528,0.35914516,0.3651932,0.37196654,0.3786813,0.3844145,0.38820952,0.3892278,0.3869183,0.3811765,0.37246707,0.3618799,0.351077,0.3420738,0.33681625,0.33661824,0.34168833,0.3510239,0.3627376,0.3746012,0.38453633,0.39092427,0.39274207,0.38957867,0.38157976,0.36935365,0.35386354,0.33632663,0.31814045,0.3008458,0.2861121,0.27568886,0.2712304,0.27394375,0.28417188,0.3011739,0.32325655,0.34813923,0.37333462,0.3964375,0.41532746,0.42832702,0.43434235,0.43299925,0.42477432,0.41111168,0.3944893,0.37833995,0.36664188,0.3629939,0.3693387,0.38509968,0.40744165,0.4323818,0.4559023,0.47461686,0.4860485,0.48870575,0.4820813,0.46662793,0.4437282,0.41565618,0.38550237,0.35698035,0.33395305,0.3195254,0.3149023,0.31878844,0.32795414,0.3385188,0.34702933,0.35097298,0.34888777,0.34030494,0.32565194,0.3061631,0.2837996,0.26114374,0.24116893,0.22671913,0.21962877,0.21988067,0.22555861,0.23371907,0.24142689
152,0.20097089,0.18578434,0.17102976,0.16088265,0.16000864,0.17106543,0.1928326,0.22144642,0.25269037,0.28307134,0.30996567,0.33153602,0.34667245,0.3549872,0.35684234,0.35338184,0.3465281,0.33887413,0.33336607,0.33269566,0.3385097,0.35082898,0.36807418,0.38765582,0.40671578,0.4226911,0.43363476,0.4383666,0.43653154,0.42860815,0.41587588,0.4003238,0.38445613,0.370933,0.36202252,0.3589805,0.3616507,0.3685535,0.37741575,0.38582274,0.39171228,0.39363527,0.39083508,0.38322037,0.37128317,0.35599086,0.33866644,0.32086313,0.30423164,0.29037243,0.2806638,0.27607456,0.27700594,0.2832286,0.29394895,0.30796894,0.32386872,0.3401638,0.35543033,0.36841044,0.37810782,0.38387477,0.385483,0.3831664,0.37762052,0.3699413,0.36148638,0.35365394,0.34760433,0.34399682,0.342846,0.3435706,0.34521812,0.3467664,0.34739172,0.3466382,0.34447393,0.3412482,0.33757612,0.334182,0.331741,0.33076054,0.33153263,0.33416063,0.33863005,0.34487462,0.35279736,0.36223605,0.37289482,0.38428363,0.3957032,0.406293,0.41513312,0.4213747,0.4243698,0.42377532,0.41961533,0.41229266,0.4025462,0.39135715,0.37981492,0.3689636,0.35966226,0.35249564,0.347759,0.3455109,0.3456538,0.34799308,0.35224158,0.35797682,0.36458838,0.3712622,0.37703192,0.3808978,0.38199115,0.37975362,0.37410155,0.36554906,0.3552586,0.3449731,0.33676818,0.33259028,0.33366558,0.3400406,0.3505349,0.3631288,0.37553233,0.3856657,0.39194673,0.3934072,0.38969672,0.38102055,0.3680429,0.35178006,0.33350396,0.31467593,0.29691765,0.28199863,0.27177018,0.26794353,0.27167532,0.2831258,0.3012903,0.32421845,0.34943444,0.37432474,0.39641088,0.4135375,0.42402354,0.42680523,0.42158282,0.40897676,0.3906908,0.3696523,0.3500083,0.3366777,0.33408037,0.3442744,0.36588326,0.39487144,0.4262829,0.4555555,0.47908506,0.49435523,0.49991563,0.49533013,0.48112822,0.45876202,0.43055955,0.39964738,0.3697691,0.34485266,0.3281707,0.32122546,0.32305196,0.3306281,0.34010437,0.34794465,0.35151902,0.34925878,0.34061116,0.32594025,0.3064304,0.28399947,0.261189,0.24093838,0.22608021,0.2184806,0.21819332,0.22337449,0.23112158,0.23850924
153,0.19696528,0.18004344,0.16347809,0.15159836,0.14947963,0.16010584,0.18206425,0.21106088,0.24261633,0.2731612,0.30008087,0.3215703,0.3365511,0.3446595,0.34627363,0.3425494,0.335424,0.32751673,0.3218159,0.32106063,0.3269222,0.33940238,0.3568711,0.37669006,0.39597547,0.41216186,0.42331192,0.42825657,0.42664632,0.4189563,0.4064543,0.39111274,0.3754213,0.36203596,0.35323727,0.3503078,0.35312393,0.360237,0.3694014,0.37822673,0.38467053,0.3872953,0.38534424,0.37871206,0.3678623,0.35372037,0.3375559,0.32086086,0.30522215,0.2921807,0.28306866,0.2788316,0.27987415,0.28599206,0.29642516,0.31000566,0.32533687,0.34095475,0.35545978,0.36762688,0.3765023,0.3814881,0.3824082,0.3795438,0.37362453,0.36575767,0.3572809,0.34953707,0.3436012,0.34003615,0.33877647,0.3392017,0.34037042,0.34131482,0.34129232,0.33993664,0.33729827,0.3337892,0.33005852,0.3268317,0.32475513,0.32428843,0.32567316,0.32897526,0.3341626,0.34116715,0.3498935,0.36016998,0.37167206,0.3838624,0.39598492,0.40712512,0.416323,0.4227099,0.4256393,0.42478833,0.42021462,0.41236126,0.40200686,0.39016545,0.37794682,0.36640128,0.3563817,0.34846073,0.34292525,0.3398378,0.33912215,0.34061965,0.34408545,0.34913358,0.35517487,0.3613981,0.366826,0.37044388,0.37137517,0.36906964,0.3634727,0.35514888,0.34532562,0.33580738,0.3286957,0.3258876,0.32846648,0.33627766,0.34795532,0.3613698,0.37420645,0.38442248,0.39050382,0.39156017,0.3873162,0.37804377,0.3644648,0.34764716,0.32891536,0.3097938,0.29198563,0.2773567,0.2678403,0.26515326,0.2703206,0.28323892,0.3025963,0.32618812,0.35137498,0.37545827,0.3959297,0.41064492,0.41797143,0.41693783,0.40739822,0.39022383,0.36753178,0.34292582,0.3215694,0.30955893,0.31192705,0.32997385,0.36053982,0.39799064,0.4365478,0.47142524,0.49907628,0.51713556,0.5243211,0.5203577,0.50592196,0.48259607,0.4528193,0.41981122,0.38740206,0.35963508,0.33997944,0.33022782,0.32970366,0.33552986,0.34382218,0.35090756,0.3540051,0.3514254,0.3425339,0.32764447,0.30791187,0.28523397,0.26213405,0.2415321,0.22624727,0.21815218,0.21733162,0.22197972,0.22921918,0.23613521
154,0.19661702,0.17801888,0.15945071,0.1452324,0.1408284,0.14986491,0.17110084,0.19990934,0.23149134,0.26212633,0.28914857,0.31073776,0.32580575,0.3339729,0.3355923,0.33178848,0.3244697,0.31624472,0.31012902,0.30893308,0.31442022,0.32666063,0.34404576,0.36392602,0.38339832,0.39988118,0.41142327,0.4168375,0.41574755,0.4085907,0.39658695,0.38165677,0.3662447,0.35298574,0.34417915,0.34116983,0.34392256,0.3510751,0.3604475,0.36968952,0.37677673,0.3802704,0.37939572,0.3740135,0.36453947,0.35183957,0.33711562,0.3217874,0.30736977,0.29533806,0.28697273,0.28318948,0.2843903,0.2903922,0.30046934,0.31348976,0.32808915,0.34283438,0.35636026,0.3674832,0.3752986,0.37926292,0.37925455,0.37560317,0.3690732,0.3607854,0.3520631,0.34420446,0.33821532,0.33458096,0.33317325,0.33334386,0.334166,0.33472237,0.3343419,0.33273348,0.3300103,0.32662165,0.32321975,0.32049742,0.31904045,0.31923726,0.32126942,0.3251704,0.33090782,0.33843663,0.3476904,0.3585148,0.37058014,0.38332093,0.39593855,0.407474,0.41693234,0.42342654,0.42631048,0.4252783,0.42041674,0.41220316,0.40144864,0.3891904,0.37654668,0.36455816,0.35405254,0.34556887,0.33936352,0.3354831,0.33385774,0.33435827,0.33678648,0.3408098,0.34588763,0.35124576,0.3559316,0.35894865,0.35944024,0.35688525,0.3512719,0.34322008,0.3340156,0.3255016,0.31976086,0.3185779,0.3228301,0.33212507,0.34491554,0.358996,0.37207225,0.3821798,0.3879059,0.38846174,0.38366267,0.37385628,0.35982597,0.34269202,0.32383087,0.30482864,0.28746596,0.27369028,0.26547667,0.26447427,0.27148685,0.28608516,0.30664212,0.33073166,0.35559583,0.3784931,0.39692438,0.40879822,0.41258273,0.40746963,0.39356825,0.37215245,0.34598625,0.31969026,0.2998089,0.29358888,0.30568275,0.3351365,0.37636384,0.42250314,0.4675554,0.50692236,0.5373282,0.5566612,0.5638622,0.55885524,0.5424994,0.51654637,0.4835924,0.4470036,0.41075724,0.3790725,0.3556601,0.34261298,0.33950683,0.34353542,0.35069087,0.35708526,0.35973397,0.35680038,0.34756303,0.33229592,0.31214455,0.2890132,0.2654346,0.2443322,0.22852115,0.21987112,0.21847399,0.22253664,0.22918908,0.2355179
155,0.20086022,0.1808463,0.16040161,0.1436409,0.13621467,0.1425615,0.162097,0.19009936,0.22141853,0.2520919,0.27932647,0.30122972,0.31665888,0.32517907,0.3270808,0.32341826,0.3160301,0.307476,0.3007741,0.29881704,0.30351934,0.31511068,0.3320866,0.35183185,0.37143254,0.38827628,0.40037188,0.40648448,0.4061803,0.39982826,0.3885704,0.37424558,0.35922644,0.3461076,0.33720565,0.33395126,0.33644336,0.3434572,0.35291564,0.36252466,0.37027523,0.37471452,0.37503195,0.37103707,0.36308292,0.35196534,0.3388125,0.32497054,0.31188428,0.30096543,0.29344192,0.29019412,0.29161122,0.29752064,0.3072239,0.3196242,0.33339447,0.34714055,0.3595401,0.36945826,0.37604445,0.3788118,0.3776935,0.37306648,0.3657291,0.3568172,0.3476462,0.33948305,0.33328435,0.32948175,0.32790625,0.32789606,0.32854274,0.32897294,0.32857144,0.32709914,0.32470232,0.32183248,0.31910715,0.31715107,0.31646302,0.3173486,0.3199337,0.32423702,0.33025104,0.33798113,0.34741604,0.35844243,0.3707458,0.38374957,0.39662588,0.40838104,0.4179913,0.4245543,0.4274242,0.42630973,0.42132163,0.4129644,0.40207204,0.38969308,0.37693948,0.36482576,0.35413617,0.34535778,0.3386986,0.33417282,0.33170217,0.3311763,0.3324401,0.33522087,0.3390452,0.3432041,0.34680387,0.348901,0.3486903,0.3457057,0.33999616,0.3322444,0.32378644,0.3164735,0.31231394,0.3129081,0.31886825,0.32954523,0.34323478,0.35770252,0.3707226,0.38044825,0.3855972,0.38550326,0.38008708,0.36978158,0.35543722,0.3382287,0.31958354,0.3011446,0.28475583,0.27241293,0.26607,0.26722214,0.2763796,0.2927701,0.31448957,0.33894825,0.36331907,0.3848539,0.40109423,0.4100378,0.41030547,0.4013324,0.38361,0.35901615,0.3312667,0.30636752,0.29233932,0.29666996,0.32181308,0.36366737,0.41489437,0.46836624,0.5183866,0.5607184,0.5923822,0.61150414,0.6172306,0.60967845,0.5898963,0.5598257,0.5222533,0.48073804,0.43946278,0.40288782,0.3750234,0.35829085,0.35249645,0.3548322,0.3610673,0.36700666,0.36939642,0.36621687,0.35664725,0.3409265,0.32020763,0.29642603,0.27215254,0.25034225,0.23382872,0.22449046,0.22242665,0.22584699,0.23187198,0.23757021
156,0.2096483,0.18860185,0.16669239,0.14771025,0.13719118,0.14021912,0.15723738,0.18383422,0.21458869,0.24523094,0.27276516,0.29516876,0.3112014,0.32033995,0.32278404,0.3194904,0.31219843,0.3033846,0.29603708,0.2931171,0.29671967,0.30730677,0.32356077,0.34295568,0.362584,0.37979308,0.39253002,0.39948726,0.40014967,0.39479634,0.3844719,0.37091488,0.35640675,0.34348318,0.33446464,0.3308697,0.33295357,0.33966395,0.34905773,0.35891318,0.36723793,0.37255615,0.37400988,0.37134683,0.36485124,0.35524818,0.3435972,0.3311804,0.3193836,0.30956465,0.3029026,0.30023736,0.30193233,0.3078086,0.31718096,0.3289802,0.34191608,0.3546375,0.36587095,0.37453523,0.37983665,0.38134518,0.37904668,0.37336206,0.36512083,0.3554738,0.34573373,0.33714873,0.3306464,0.32662898,0.32490945,0.3248272,0.3254948,0.3260726,0.32597977,0.32499877,0.32327208,0.32121414,0.3193718,0.31827548,0.31832665,0.31975523,0.3226524,0.32704937,0.3329908,0.34055543,0.3498059,0.360685,0.37290677,0.38589546,0.3988047,0.41061488,0.42028004,0.42688596,0.42978787,0.4287064,0.42377073,0.41550398,0.40475175,0.39256042,0.38002098,0.36810735,0.35754782,0.34876794,0.34192005,0.3369787,0.3338481,0.3324247,0.3325845,0.3341076,0.33658993,0.33940175,0.3417319,0.3427194,0.34164074,0.3381114,0.3322599,0.32483742,0.31721652,0.3112175,0.30871186,0.31105143,0.31854886,0.33031178,0.34452584,0.3589805,0.3715606,0.3805666,0.3848669,0.38393277,0.3778015,0.36699983,0.3524508,0.33538526,0.317278,0.29981545,0.28487563,0.27444893,0.27039155,0.27397016,0.28537506,0.30353057,0.3263297,0.35108623,0.37494832,0.39518932,0.4094152,0.41574526,0.41300508,0.40095967,0.38062266,0.35468912,0.3280878,0.3082923,0.30409202,0.32148847,0.35967574,0.41225597,0.47141778,0.53036356,0.5837954,0.6277689,0.65951216,0.67731977,0.6804979,0.6693306,0.64504784,0.6097874,0.5665468,0.5191129,0.4719235,0.4297412,0.39693853,0.37630796,0.3678825,0.36879018,0.3744798,0.38035446,0.38282275,0.37964213,0.3698756,0.35372618,0.3323648,0.30777687,0.28259674,0.25984162,0.24239732,0.23218535,0.22933812,0.23207556,0.23749445,0.24261811
157,0.22197227,0.20026752,0.17741041,0.15687701,0.14388953,0.14377403,0.1579715,0.18276574,0.21269552,0.24320658,0.27105972,0.29406038,0.31083995,0.3207664,0.3239349,0.32119486,0.31417444,0.30524737,0.29733977,0.2934449,0.29582188,0.30519253,0.3204862,0.3393229,0.3588313,0.3763228,0.38967347,0.39748964,0.39916307,0.39487487,0.38556722,0.37287414,0.3589786,0.34634265,0.3372684,0.33333933,0.334956,0.34124458,0.35041228,0.36032423,0.36901176,0.3749774,0.37731507,0.37571228,0.3703903,0.36201468,0.3515922,0.34035942,0.32966152,0.32081595,0.3149582,0.3128826,0.31491184,0.32084116,0.32998016,0.34127495,0.35346696,0.36524853,0.37539747,0.38288873,0.38698605,0.38731444,0.3839086,0.37722853,0.3681302,0.35777712,0.34748143,0.3384807,0.33168828,0.32749626,0.32571754,0.3257035,0.32658687,0.32754794,0.32801518,0.32775936,0.3268832,0.3257311,0.32475653,0.3243894,0.32494572,0.3266058,0.32945815,0.3335762,0.33907828,0.34612975,0.3548737,0.365313,0.37719417,0.38994762,0.40271503,0.41445786,0.42411357,0.4307598,0.43375316,0.4328234,0.42811152,0.4201495,0.40978223,0.39804044,0.38598183,0.37453085,0.36435685,0.3558266,0.34904346,0.3439482,0.34042767,0.3383772,0.33768815,0.3381747,0.33948693,0.341068,0.34219447,0.34210223,0.340169,0.33611062,0.33014712,0.32309666,0.31634673,0.3116435,0.31066924,0.3144926,0.3231357,0.33551136,0.34975448,0.36372453,0.375444,0.38337448,0.386543,0.3845644,0.37759873,0.36627224,0.35158414,0.33482078,0.31749472,0.3013127,0.28814346,0.2799075,0.27829382,0.2843047,0.29783958,0.31759968,0.34136122,0.3664027,0.3898826,0.40911686,0.4217955,0.42618713,0.4213682,0.40750808,0.38625228,0.36123568,0.33859858,0.32677597,0.3340139,0.36375892,0.41263258,0.47335482,0.5383296,0.60115135,0.65679425,0.70147556,0.7325333,0.74836224,0.7483821,0.7330143,0.70365274,0.6626258,0.6131476,0.5592514,0.5056632,0.45749608,0.41954255,0.39501557,0.3841851,0.38406697,0.38970166,0.39600453,0.39898545,0.39614388,0.3864098,0.36994544,0.34794387,0.32245186,0.29618654,0.27225655,0.25364146,0.24235642,0.2386128,0.24066189,0.2455662,0.2502724
158,0.23622613,0.21414468,0.19079643,0.16943467,0.15494159,0.15254107,0.16429947,0.1872982,0.21630017,0.2465912,0.2747135,0.29829496,0.31583098,0.32657817,0.33053118,0.32843992,0.32182947,0.31297034,0.30470708,0.3000203,0.30127817,0.30943143,0.32366973,0.34179893,0.36102062,0.3786318,0.39244622,0.40098822,0.4035609,0.40025458,0.39191905,0.38009414,0.36686954,0.35462657,0.3456238,0.34146872,0.34266463,0.34848893,0.35729268,0.36703536,0.37578422,0.382033,0.38484094,0.38385078,0.37923965,0.3716356,0.36201668,0.3515978,0.34170374,0.33362526,0.32845843,0.32694542,0.32935327,0.335432,0.34446746,0.35540774,0.36701876,0.3780339,0.38728228,0.3937948,0.39689127,0.39624834,0.39194456,0.38447312,0.37471092,0.36382982,0.35313976,0.3438698,0.33692518,0.3326963,0.331004,0.33121437,0.33247432,0.33396816,0.3351097,0.33563057,0.33556825,0.3351811,0.33482802,0.33485454,0.33552146,0.33699602,0.33939794,0.34286684,0.34760678,0.3538713,0.3618792,0.37168673,0.38306776,0.3954573,0.407987,0.4196032,0.42923102,0.43594235,0.439095,0.43842375,0.43407422,0.4265766,0.41676325,0.4056378,0.39421698,0.38337472,0.37372866,0.36560196,0.35906792,0.35405073,0.35042998,0.3480986,0.34695014,0.3468102,0.34735656,0.34808183,0.34833425,0.34743997,0.34487805,0.34046665,0.33451468,0.3278941,0.32198042,0.31841096,0.31865495,0.32350937,0.33275744,0.34518644,0.35893592,0.37196437,0.38243988,0.3889826,0.39077348,0.38756794,0.3796486,0.3677425,0.35292572,0.33653545,0.32010755,0.3053389,0.29404062,0.28800604,0.2887161,0.29691854,0.3122887,0.33339638,0.35797763,0.38332415,0.40663198,0.42527676,0.43704775,0.4403824,0.4346349,0.4204124,0.40001357,0.37794527,0.3612067,0.35834265,0.37614992,0.4157827,0.47253722,0.53906614,0.60812116,0.67357033,0.73052716,0.77527153,0.80518174,0.8187021,0.81532735,0.7955852,0.76100975,0.714102,0.6582827,0.597831,0.53777355,0.4836027,0.44057557,0.4123728,0.39951885,0.39887938,0.40501213,0.41227502,0.41623452,0.41410887,0.40468395,0.3880766,0.36550146,0.3390711,0.3115978,0.2863064,0.2663127,0.2537828,0.2490623,0.2504623,0.25500402,0.25952655
159,0.25064796,0.22837044,0.2048673,0.18327315,0.16819943,0.16460502,0.17477019,0.19638965,0.22458473,0.25463593,0.28294718,0.3070048,0.3251882,0.33666006,0.34133396,0.33988273,0.33375084,0.32512137,0.3167541,0.3115807,0.31200907,0.3191456,0.33240134,0.34977397,0.3685678,0.38609707,0.40013975,0.4091599,0.4123925,0.40985852,0.40233767,0.39129654,0.3787462,0.36698753,0.3582131,0.35400727,0.3549154,0.36031365,0.368668,0.3780284,0.38651073,0.3926207,0.39540777,0.39449686,0.39004937,0.38268483,0.37338048,0.3633541,0.35392898,0.34637988,0.34176466,0.34076583,0.34358087,0.34989783,0.35896388,0.3697179,0.38094378,0.39141285,0.40000403,0.4058024,0.4081806,0.40686244,0.40196455,0.39400733,0.3838826,0.3727654,0.36195883,0.35267982,0.34582195,0.34177077,0.3403508,0.3409361,0.34267664,0.34474576,0.3465253,0.34769252,0.34821174,0.3482594,0.3481187,0.34808207,0.3483932,0.34924293,0.35080987,0.35331538,0.3570522,0.36235526,0.36950666,0.3786021,0.38943133,0.40142673,0.4137072,0.4252043,0.43483227,0.44165778,0.445038,0.4447079,0.44080958,0.4338618,0.42467406,0.41421583,0.4034611,0.39324,0.3841345,0.37644708,0.37024707,0.36546564,0.36199123,0.35971937,0.3585383,0.3582654,0.35857788,0.3589856,0.3588783,0.3576467,0.35485062,0.35039246,0.34465063,0.3385273,0.33336094,0.33066478,0.33170763,0.33706558,0.34635842,0.35831684,0.37112552,0.38285267,0.3918039,0.39674276,0.39698917,0.39242783,0.383457,0.37090114,0.35590976,0.33986387,0.32430628,0.31089476,0.30134335,0.2972819,0.29997668,0.3099614,0.32676437,0.34890354,0.37413427,0.3997983,0.42315167,0.44164416,0.45317426,0.4563533,0.45080975,0.43756238,0.41947323,0.40167692,0.3915162,0.39698467,0.4233128,0.47016165,0.53235775,0.6027789,0.6744825,0.74150884,0.79903114,0.8433375,0.8718062,0.88289785,0.8761507,0.85216904,0.812597,0.7600802,0.69822097,0.6315253,0.5653114,0.5054578,0.45771334,0.42626446,0.41190678,0.41132233,0.41852346,0.42726183,0.43263933,0.43158814,0.4227499,0.40619525,0.38315818,0.35581642,0.3270824,0.300315,0.27880275,0.26491708,0.259192,0.2600282,0.26440126,0.2690149
160,0.26363814,0.24127397,0.21784453,0.19644846,0.18151,0.17768423,0.18718295,0.2080373,0.23570722,0.26557368,0.29399595,0.31837925,0.33702767,0.34904242,0.35428596,0.35338372,0.34772822,0.3394385,0.33119735,0.32586506,0.32582793,0.33226228,0.34473017,0.36139333,0.3796703,0.39692345,0.4109299,0.42012727,0.42371458,0.42167425,0.4147453,0.40434712,0.39243078,0.38122123,0.37282732,0.36876655,0.36956388,0.3746319,0.38250953,0.3913228,0.39924473,0.40481582,0.40710524,0.40575248,0.40093547,0.3932959,0.3838375,0.37380293,0.36452922,0.35728186,0.35307938,0.35253686,0.35577047,0.36239427,0.37160653,0.38232994,0.39336234,0.4035108,0.41170186,0.41707194,0.4190423,0.41737843,0.4122291,0.40413576,0.39399967,0.38299337,0.37240735,0.3634384,0.3569585,0.3533358,0.35238448,0.3534722,0.35573864,0.35833427,0.36060125,0.36216098,0.36291304,0.36297166,0.36257422,0.36199635,0.3615009,0.36133206,0.36174694,0.36305615,0.3656383,0.36989868,0.3761673,0.3845629,0.3948766,0.40652764,0.4186157,0.43005475,0.43974647,0.4467505,0.45041952,0.4504829,0.44707152,0.44068432,0.43210134,0.4222552,0.4120815,0.40237933,0.39371547,0.3863977,0.3805184,0.3760401,0.3728778,0.37093866,0.3701033,0.37016752,0.37078387,0.37144798,0.37155554,0.37052613,0.36796606,0.36382928,0.35853258,0.35298073,0.3484578,0.34635818,0.34778908,0.35317445,0.36204666,0.37313613,0.38469747,0.39490655,0.40218934,0.4054301,0.40406567,0.39809197,0.38800982,0.37473226,0.35947594,0.3436579,0.32881477,0.31654495,0.30844253,0.30596274,0.31017438,0.32144773,0.33923087,0.36205015,0.3877236,0.41367224,0.43723196,0.45593905,0.46780446,0.471603,0.46720314,0.45595545,0.4411184,0.4281433,0.42427716,0.4366831,0.46932623,0.5210566,0.58666897,0.65935105,0.7324218,0.80004567,0.85742575,0.900839,0.92764676,0.9363061,0.9263752,0.89850575,0.8544189,0.7968689,0.7296023,0.6573165,0.585593,0.52068245,0.46883374,0.43476444,0.41954914,0.41964814,0.42847413,0.43914732,0.446312,0.44663268,0.43862146,0.42230862,0.39894664,0.37077397,0.34080163,0.3125311,0.28945005,0.2741789,0.2674867,0.2678896,0.272313,0.27730232
161,0.27392828,0.2515476,0.22834249,0.2074303,0.1931129,0.18975195,0.19933712,0.22000392,0.24745698,0.27721864,0.3056771,0.3302188,0.34912035,0.3614596,0.36708102,0.36659265,0.36136273,0.35346857,0.34552684,0.34031448,0.34015045,0.3462066,0.35812026,0.37417185,0.3918883,0.40870187,0.42242318,0.43150067,0.43513346,0.4332993,0.42672718,0.41681516,0.40547225,0.39485264,0.38696802,0.3832332,0.38409874,0.3889561,0.3963735,0.4045334,0.41166943,0.4163764,0.41777104,0.41553822,0.40990287,0.40155637,0.3915521,0.38117522,0.37178716,0.3646481,0.36073473,0.36058798,0.36423457,0.37120727,0.38065055,0.39146835,0.40247124,0.41250095,0.42052954,0.42574126,0.42760086,0.42590952,0.42084196,0.41295505,0.40315425,0.39260486,0.38257825,0.3742421,0.36843336,0.3654856,0.365184,0.36687237,0.3696665,0.3726869,0.3752363,0.37688965,0.37750015,0.3771466,0.3760529,0.37451112,0.3728324,0.37133572,0.370368,0.37033117,0.3716836,0.37488955,0.38031217,0.388078,0.39796537,0.40936905,0.4213618,0.43283436,0.44267184,0.44992247,0.4539293,0.45440945,0.45147556,0.44560066,0.43753213,0.42816752,0.4184126,0.4090508,0.4006548,0.3935619,0.3879117,0.3837193,0.3809431,0.37951186,0.37930113,0.38007778,0.38145268,0.38288128,0.3837324,0.38341755,0.38155097,0.37810034,0.37348625,0.36859027,0.36463314,0.36290815,0.36440855,0.36947295,0.37760997,0.38759106,0.39775467,0.40637648,0.41198227,0.41355127,0.4106111,0.40324566,0.3920396,0.3779813,0.36234564,0.34657913,0.33220568,0.32075664,0.31370145,0.3123283,0.31753686,0.32957974,0.34787488,0.370999,0.3968646,0.42299622,0.446828,0.4659932,0.478613,0.48360315,0.48101658,0.47242674,0.4612983,0.45311907,0.45476457,0.4725451,0.5095204,0.564169,0.6314654,0.70493937,0.77815986,0.8454121,0.90193415,0.94399756,0.9689471,0.9752283,0.9624022,0.93114185,0.8832113,0.8214321,0.7496491,0.6727038,0.5963965,0.5273184,0.4722098,0.4363301,0.42102402,0.42247668,0.4334498,0.44643286,0.4556522,0.45754957,0.4505389,0.43462518,0.4110808,0.38219872,0.3510809,0.32137054,0.29676786,0.2801727,0.27262342,0.27276903,0.27747756,0.28311646
162,0.2806526,0.2583075,0.23542146,0.21516128,0.20174894,0.19927688,0.20944223,0.23033178,0.2577965,0.28750077,0.3159078,0.34043604,0.35937792,0.37182358,0.3776291,0.37741062,0.37253332,0.36504963,0.35751835,0.3526261,0.35259387,0.358534,0.37009585,0.3856326,0.40276483,0.41900703,0.432231,0.4409295,0.44433537,0.44245276,0.43602777,0.426459,0.415628,0.40562215,0.39834583,0.3950842,0.3961726,0.40093577,0.40793425,0.41538778,0.42159054,0.42520544,0.42541888,0.4219858,0.41520217,0.40583012,0.39498967,0.3840207,0.37431595,0.3671325,0.36340323,0.36359066,0.36762792,0.3749643,0.38469008,0.39569154,0.4067929,0.41687006,0.42493847,0.4302256,0.43223402,0.4307941,0.4261004,0.41871992,0.40955836,0.39976972,0.3906012,0.38318273,0.37830317,0.37624437,0.37674323,0.37910283,0.38240394,0.38573384,0.3883616,0.38983005,0.38996804,0.38884592,0.3867028,0.38387364,0.38073853,0.37770402,0.3752117,0.37375247,0.37385738,0.37603933,0.380683,0.3879108,0.39747757,0.40874428,0.42074892,0.432353,0.4424192,0.44997847,0.45435774,0.45525518,0.45275915,0.44731265,0.43962997,0.43057817,0.42104328,0.41180813,0.40346983,0.39641464,0.39084804,0.38685477,0.38445067,0.3835971,0.38417011,0.38590643,0.38836583,0.3909453,0.3929607,0.39378348,0.3930003,0.39055672,0.38684556,0.3827035,0.3792847,0.37780198,0.37917832,0.38372144,0.3909644,0.3997489,0.40850484,0.41559848,0.4196352,0.41966328,0.41527325,0.40661013,0.3943194,0.37944725,0.36331603,0.34739718,0.333202,0.32219926,0.3157438,0.31497613,0.32065648,0.332956,0.3512963,0.3743325,0.40009478,0.426232,0.4502935,0.47001854,0.48363316,0.49016535,0.48978892,0.48418662,0.47685534,0.4731086,0.47930884,0.5009935,0.54060173,0.5964995,0.66395026,0.73685247,0.8090423,0.8749515,0.9298815,0.9701213,0.99301267,0.99699175,0.98161215,0.9475462,0.89656764,0.83152264,0.75630385,0.67584085,0.5960978,0.52396184,0.4666437,0.4299397,0.41543016,0.4189421,0.43253368,0.4480942,0.45950893,0.46306998,0.4571424,0.4417303,0.41813114,0.38868517,0.35657275,0.32556894,0.29958785,0.28182435,0.27360615,0.2737194,0.27896026,0.28550047
163,0.2833697,0.26110554,0.23858966,0.21905047,0.20665689,0.20526104,0.21624777,0.23756982,0.2651503,0.29478145,0.32302636,0.3473711,0.3661572,0.37851498,0.3843344,0.38425708,0.3796585,0.37257504,0.36551157,0.36105952,0.36132282,0.3673186,0.37866393,0.39374855,0.41027093,0.42583364,0.43838954,0.44650158,0.44946307,0.44732916,0.44088387,0.4315425,0.4211692,0.4117873,0.40518692,0.40250564,0.40393597,0.4087046,0.41533777,0.42207712,0.4272751,0.42967114,0.42853546,0.42370918,0.4155744,0.40497696,0.3931133,0.38138473,0.37121978,0.3638743,0.36023766,0.360694,0.36508346,0.37277383,0.3828047,0.39404774,0.4053427,0.41559884,0.42387152,0.42942595,0.43179554,0.43083298,0.4267467,0.4201095,0.41182446,0.40303236,0.39495313,0.38867316,0.38492274,0.38391754,0.38533023,0.3884091,0.39219168,0.3957316,0.3982722,0.39933956,0.3987587,0.3966147,0.39318398,0.38886276,0.38411215,0.37943152,0.3753559,0.37245977,0.37133887,0.3725466,0.37648177,0.38325608,0.39259493,0.40382007,0.41592947,0.42774966,0.43811497,0.4460324,0.4508057,0.45210752,0.44999668,0.44488356,0.43745038,0.42853907,0.4190252,0.40970328,0.40120822,0.39398843,0.3883279,0.3843927,0.3822682,0.38195935,0.3833519,0.3861573,0.3898822,0.3938553,0.3973218,0.3995886,0.4001861,0.39900774,0.39639217,0.39311442,0.39026043,0.38898027,0.39016047,0.3941181,0.4004445,0.4080716,0.4155252,0.42125338,0.4239231,0.42262697,0.4169904,0.40719095,0.39390862,0.37822667,0.3615018,0.3452267,0.33090565,0.3199585,0.31364614,0.31298703,0.3186306,0.3306928,0.3486204,0.37116423,0.39648873,0.42238423,0.44653052,0.46678093,0.48145998,0.48967892,0.49167123,0.48912695,0.48543438,0.4855892,0.49537972,0.51966697,0.5604645,0.6161744,0.6824113,0.7534718,0.82349443,0.8871004,0.93969667,0.97762483,0.99824685,1.0,0.9824268,0.946182,0.8930193,0.8257681,0.748317,0.66562515,0.58375996,0.5098537,0.45155942,0.41519096,0.40248942,0.40879422,0.4254038,0.44367653,0.4572762,0.46244776,0.45757332,0.44268906,0.41912654,0.38926604,0.35635027,0.32426926,0.2971417,0.27846,0.26984462,0.2702051,0.27623823,0.28390226
164,0.28205937,0.2599213,0.23778966,0.21895336,0.20754631,0.2072161,0.21905003,0.24083142,0.268509,0.29798678,0.32593903,0.3499411,0.36840543,0.38052016,0.3862223,0.38618752,0.38180622,0.37510058,0.36852098,0.36455995,0.3651946,0.3713279,0.38251877,0.39717007,0.4130463,0.42784014,0.43959793,0.44697013,0.44932848,0.44679517,0.44020557,0.43100178,0.4210372,0.4122735,0.4063835,0.4043484,0.40620297,0.4110577,0.41738793,0.42344654,0.42764094,0.4287897,0.42625284,0.41996425,0.4103977,0.3984863,0.38550538,0.37291968,0.36219612,0.35459316,0.35096166,0.3516127,0.3562994,0.3643143,0.37465185,0.386173,0.3977337,0.40827405,0.41688374,0.4228581,0.42575306,0.42543617,0.42212385,0.41639158,0.40913886,0.4014939,0.39464998,0.38964796,0.3871541,0.38730815,0.3897072,0.3935348,0.39777985,0.40146345,0.4038111,0.40434536,0.40290412,0.39960402,0.39477372,0.3888806,0.38247108,0.37613526,0.37049523,0.36620015,0.36390215,0.36418918,0.36747122,0.37384897,0.38301897,0.39426357,0.406539,0.41863328,0.42934707,0.43765688,0.44283652,0.44452673,0.44275218,0.43788853,0.43058726,0.42166942,0.4120067,0.4024128,0.3935674,0.38598722,0.38004023,0.375981,0.3739737,0.37407932,0.37620634,0.38005197,0.38507566,0.3905364,0.39559957,0.39949146,0.40166485,0.40193844,0.40057597,0.39827737,0.396059,0.39502037,0.3960347,0.39945525,0.40495408,0.41156608,0.417915,0.42252326,0.42410347,0.42177036,0.4151573,0.40444523,0.39032063,0.37387976,0.356498,0.33968452,0.32494467,0.31366903,0.30705217,0.30602103,0.31114146,0.32249433,0.3395642,0.36120662,0.38573083,0.41108158,0.43508184,0.45570588,0.47137126,0.48124695,0.48557365,0.48596564,0.48559782,0.48905596,0.5015344,0.5272997,0.5680638,0.622348,0.68615514,0.75421035,0.8209971,0.88137674,0.93091184,0.96603835,0.984169,0.9837591,0.9643433,0.9265478,0.8720818,0.8037206,0.72530043,0.641753,0.5591899,0.4849397,0.42707127,0.3923794,0.38262793,0.3924699,0.41239187,0.43334553,0.44894165,0.45550844,0.45152456,0.437098,0.41360632,0.38346305,0.34995556,0.31706744,0.28910547,0.26985064,0.26120108,0.26215026,0.26924857,0.27822214
165,0.27710283,0.25514105,0.23337759,0.21514994,0.20457137,0.20513174,0.21766461,0.23978479,0.26744264,0.2966395,0.32416284,0.34768698,0.36570552,0.37747216,0.38297454,0.3829222,0.37871757,0.37236452,0.3662554,0.36278194,0.36379266,0.3700712,0.3811084,0.39530864,0.4104954,0.42445138,0.43532205,0.44185388,0.4435057,0.44047433,0.43365243,0.4245137,0.41490528,0.40673104,0.40154955,0.40018573,0.40251333,0.40752,0.41362202,0.41907638,0.42234072,0.4223099,0.41843152,0.41072923,0.39976397,0.3865507,0.37243837,0.35895276,0.3476013,0.3396525,0.33593023,0.3366856,0.34159705,0.34989172,0.36052558,0.37235132,0.38423905,0.39515382,0.40421045,0.410724,0.41426295,0.4147011,0.41225758,0.40750843,0.4013513,0.39490604,0.3893443,0.38566548,0.38447207,0.38582465,0.3892387,0.3938272,0.39852744,0.40232956,0.40444732,0.4044095,0.4020779,0.39761126,0.39139748,0.3839775,0.37597945,0.36807582,0.3609639,0.35535538,0.35194927,0.35136396,0.35402247,0.36002102,0.36903495,0.3803136,0.39277458,0.40516675,0.4162535,0.4249754,0.43056977,0.4326397,0.43117136,0.42650375,0.41925776,0.41023552,0.40030748,0.39030793,0.38096097,0.3728495,0.366424,0.3620288,0.35991436,0.3602112,0.36286867,0.3675881,0.37379605,0.380689,0.38735163,0.39292124,0.39675942,0.39859357,0.3985972,0.39738467,0.39590028,0.3951998,0.39615703,0.39917704,0.40402544,0.40984687,0.41536295,0.4191635,0.41999316,0.41696927,0.4097084,0.39836693,0.38360864,0.36651668,0.34846565,0.3309733,0.3155528,0.3035872,0.29623693,0.29437235,0.29850456,0.30869704,0.32447943,0.34481508,0.36816227,0.39262798,0.41618755,0.43694174,0.45339674,0.46475923,0.4712362,0.47430405,0.4768516,0.48299974,0.4973491,0.5236335,0.5633377,0.61514497,0.6754665,0.7394822,0.80206305,0.8583622,0.90414923,0.9359997,0.95141166,0.9488807,0.92794275,0.88919127,0.8342731,0.7658794,0.687753,0.60474885,0.52297294,0.44991472,0.3940447,0.36257628,0.35705143,0.37114477,0.39451075,0.41790158,0.43509704,0.44266093,0.43925542,0.42510274,0.40163964,0.37130737,0.3374204,0.3040338,0.27562287,0.25623956,0.24802145,0.24996972,0.258415,0.26883385
166,0.2692436,0.24752092,0.22609095,0.20831734,0.1983048,0.19944622,0.21239345,0.23462266,0.26207766,0.29084355,0.31781477,0.3407638,0.35826537,0.36963657,0.37491074,0.37482378,0.37078103,0.36475977,0.35908952,0.35606205,0.35740286,0.36378255,0.37462628,0.38833818,0.4027973,0.4158741,0.42581263,0.4314555,0.43234828,0.42876157,0.4216446,0.41250366,0.40318352,0.39553812,0.3910221,0.39031446,0.3931354,0.3983523,0.40432033,0.40929562,0.41177884,0.4107328,0.40568244,0.39672896,0.38450637,0.3700967,0.35490993,0.34052545,0.32849294,0.32010332,0.3161738,0.3169187,0.32196182,0.33047882,0.3413935,0.35354966,0.36582503,0.3771983,0.38679612,0.39393932,0.39819655,0.39943877,0.39788267,0.39410448,0.38900417,0.38370168,0.37935793,0.3769414,0.37699893,0.37951547,0.38392472,0.38926718,0.39442715,0.39836472,0.40028542,0.39972943,0.396588,0.3910654,0.38360897,0.37482828,0.36542317,0.3561338,0.34771553,0.34092635,0.33650094,0.33508483,0.3371203,0.34271207,0.35153028,0.36280495,0.37542385,0.38810006,0.39955845,0.40869945,0.41471875,0.41717654,0.4160165,0.4115384,0.40433124,0.3951772,0.38494286,0.37447804,0.36454263,0.35577473,0.3486969,0.34373814,0.34123906,0.34141502,0.34428012,0.34956715,0.3566939,0.36481097,0.3729295,0.38009682,0.38557592,0.38899216,0.390418,0.3903739,0.38972893,0.3894975,0.39055982,0.39337987,0.39782146,0.40314028,0.40815312,0.41151023,0.41197705,0.4086568,0.40112808,0.38949692,0.37437654,0.35680917,0.33814552,0.31989864,0.30359104,0.29061696,0.2821361,0.2790012,0.28170177,0.29030353,0.30438742,0.3230234,0.34481725,0.36804023,0.39082432,0.41139987,0.42835858,0.44093043,0.44925982,0.45464307,0.4596372,0.4678705,0.4833612,0.5093552,0.5471529,0.595616,0.65156984,0.7106678,0.7682039,0.8196702,0.8610919,0.88922817,0.90169847,0.89706445,0.8748779,0.83570176,0.7811117,0.7136945,0.63707,0.5559819,0.47650155,0.40627325,0.3541795,0.32773408,0.32782626,0.34676126,0.37344462,0.39875537,0.41691288,0.42487687,0.42157707,0.40738928,0.38382208,0.35334018,0.3192706,0.28572172,0.25732064,0.23836584,0.23116343,0.2345925,0.24465942,0.2565847
167,0.25952113,0.23812392,0.21699338,0.19948544,0.1897025,0.19101328,0.2039889,0.22602317,0.25305676,0.28124332,0.30757007,0.32989684,0.3468699,0.35785934,0.36293218,0.36283734,0.3589699,0.35327,0.3479999,0.34535557,0.34695184,0.3533616,0.3639562,0.3771443,0.3908591,0.4030539,0.41206473,0.41682228,0.41695046,0.41278517,0.40532583,0.39610934,0.38698336,0.3797652,0.37582532,0.3757185,0.37902886,0.38451374,0.39046928,0.39514562,0.39707643,0.3952783,0.38933605,0.37940794,0.36617818,0.35077244,0.33464056,0.31940228,0.3066494,0.29771146,0.2934295,0.29401648,0.29907203,0.3077389,0.31891456,0.33142874,0.34415385,0.3560651,0.36628222,0.37411475,0.37911725,0.38114807,0.3804167,0.3775005,0.3733087,0.3689737,0.36566257,0.36433125,0.36548728,0.36905137,0.37438112,0.38044602,0.38607705,0.39020377,0.39202374,0.3910891,0.38732016,0.38096428,0.37252203,0.36266077,0.3521361,0.34173587,0.33225146,0.3244665,0.3191367,0.31693083,0.31831902,0.32343376,0.33196393,0.34314227,0.3558422,0.3687493,0.3805519,0.39010838,0.39656892,0.39944682,0.39863956,0.39440474,0.3872964,0.37807244,0.36758828,0.35669708,0.34617728,0.33670124,0.32884273,0.32310075,0.31990418,0.31956786,0.3222007,0.327605,0.33522654,0.34419793,0.35347325,0.36201552,0.36898747,0.37390655,0.37673667,0.37789825,0.3781815,0.37855804,0.37991488,0.38277423,0.38709584,0.3922424,0.39712012,0.40043256,0.4009562,0.3977676,0.3903903,0.37885907,0.36371168,0.34592262,0.32679304,0.30781147,0.29050234,0.27628127,0.26633546,0.26153955,0.26239985,0.26901004,0.28101143,0.29757836,0.31745824,0.33908233,0.36073825,0.38078576,0.39789912,0.4113222,0.42111906,0.42838156,0.43531203,0.44503954,0.46101967,0.48604572,0.5212566,0.5656923,0.6165852,0.6700686,0.72188485,0.76790154,0.8044407,0.8284847,0.8378091,0.8310688,0.80785006,0.7686951,0.7151092,0.6495676,0.5755549,0.49769378,0.42202866,0.35640633,0.31016338,0.29084826,0.29795212,0.32199955,0.35147342,0.37784654,0.39606717,0.40363336,0.3998089,0.38515243,0.36125404,0.33059987,0.29652184,0.26317346,0.23532708,0.2174953,0.21202806,0.21747519,0.22939046,0.24276616
168,0.24916339,0.22821353,0.20737635,0.18995419,0.18003903,0.18104972,0.19360355,0.21509637,0.24148023,0.26895937,0.29459134,0.31630355,0.33279598,0.34347475,0.3484235,0.34838733,0.34473604,0.339362,0.3344573,0.33212987,0.33390146,0.3402693,0.35056877,0.36322162,0.37621403,0.38757402,0.39571688,0.3996467,0.3990497,0.39431223,0.3864726,0.37709448,0.36803538,0.36109605,0.3575932,0.35799068,0.3617645,0.36757854,0.3736741,0.378289,0.3799762,0.37778687,0.3713423,0.36083096,0.34695765,0.33086067,0.31400073,0.2980163,0.2845349,0.27494076,0.27013633,0.27038205,0.2752967,0.28401613,0.29541767,0.30830723,0.32153273,0.3340428,0.34492764,0.35346577,0.35918286,0.36191487,0.3618598,0.35959765,0.35605496,0.35239187,0.34980345,0.34925896,0.35125166,0.35565758,0.36177015,0.36849254,0.37460247,0.37899676,0.38086167,0.37975726,0.37562743,0.36875486,0.35968205,0.34911874,0.33785647,0.32670683,0.3164712,0.30793393,0.30185303,0.29891315,0.2996203,0.3041573,0.3122626,0.3232021,0.3358584,0.34890366,0.36099616,0.37095338,0.37787852,0.38123524,0.38087225,0.37700173,0.37013865,0.36100954,0.3504472,0.33929044,0.3283113,0.31818554,0.30950534,0.30281204,0.29860926,0.29731983,0.2991799,0.30411038,0.31163755,0.32091933,0.33088127,0.34041628,0.34859094,0.35481268,0.35893264,0.36126673,0.36252204,0.36362395,0.36546132,0.36860788,0.37311065,0.37842968,0.3835518,0.387226,0.38823223,0.38561192,0.3788228,0.3678139,0.353029,0.33535248,0.31601092,0.29644442,0.27816188,0.26259628,0.250977,0.24423222,0.24292351,0.24720381,0.25679082,0.2709637,0.2886041,0.3082947,0.32847244,0.3476226,0.3644986,0.37835297,0.3891614,0.39780235,0.40612042,0.41675702,0.43263438,0.45612603,0.4882228,0.5281312,0.57347196,0.62085104,0.66646844,0.7065901,0.73786443,0.7575285,0.7635436,0.7546847,0.7305942,0.69181067,0.63978136,0.57688,0.50646967,0.4330815,0.3628051,0.3038249,0.26596642,0.2561554,0.27131873,0.30009013,0.3312667,0.35746658,0.37460464,0.38080466,0.37569723,0.36003688,0.3355006,0.30459875,0.27067253,0.23793185,0.21130444,0.19546446,0.19258356,0.20057806,0.21443738,0.2290284
169,0.23942444,0.21908514,0.19859235,0.18114072,0.17078009,0.17103279,0.18270054,0.20329529,0.22881094,0.2554842,0.2804138,0.30156735,0.31767488,0.32815722,0.33309513,0.33321264,0.32983997,0.32481286,0.32025293,0.31819057,0.32007548,0.32635406,0.33634636,0.34849656,0.36084145,0.37147218,0.37886605,0.38208005,0.38084152,0.37556744,0.3673197,0.35768273,0.3485324,0.3416786,0.3384247,0.33918905,0.3433774,0.34958246,0.35599592,0.3608354,0.36265576,0.36051956,0.35405776,0.34345898,0.3294161,0.3130456,0.29578432,0.27925903,0.26511544,0.25479826,0.2493066,0.24900472,0.25358692,0.26221934,0.27376956,0.28700924,0.3007393,0.313856,0.32539633,0.3345888,0.34091628,0.3441836,0.34457296,0.3426676,0.3394178,0.33602604,0.33373895,0.3335701,0.33603132,0.3409821,0.34767002,0.35494018,0.36151773,0.3662626,0.36834326,0.3673194,0.3631487,0.35613713,0.34685442,0.33603454,0.32448328,0.31301102,0.30240205,0.29341468,0.28678653,0.2832054,0.283216,0.28707165,0.29459357,0.30511755,0.3175668,0.33062172,0.3429227,0.35325187,0.3606671,0.36458224,0.3647956,0.36147153,0.355081,0.34631118,0.33595863,0.3248271,0.31365362,0.30308053,0.2936761,0.285982,0.28054506,0.27788702,0.2783939,0.2821578,0.28885326,0.29772735,0.30772364,0.3176924,0.32661602,0.3337952,0.33896708,0.34233993,0.34453377,0.3464216,0.3488853,0.3525377,0.35749832,0.36330992,0.36902773,0.3734376,0.3753181,0.37367192,0.36788723,0.35782152,0.3438152,0.32664844,0.30745462,0.28760305,0.26856413,0.25177065,0.23848887,0.22971198,0.22608201,0.22783934,0.23479722,0.24634536,0.2614943,0.2789685,0.29734534,0.31522942,0.33144966,0.3452659,0.356566,0.3660203,0.37513041,0.38607973,0.40129873,0.42277816,0.4513724,0.48643708,0.52595145,0.56697065,0.6061439,0.6401399,0.6659473,0.68107724,0.6836993,0.6727314,0.6478963,0.6097532,0.5597183,0.5000983,0.4341875,0.36652118,0.30341378,0.25362572,0.22726026,0.22908878,0.25223604,0.28428942,0.31545836,0.33993605,0.3546925,0.3584771,0.35127643,0.3340361,0.30852294,0.2772835,0.24369328,0.21205895,0.18749087,0.17470737,0.17531249,0.18621793,0.20185636,0.21718617
170,0.23136865,0.21183291,0.1918074,0.17432886,0.16334963,0.16249996,0.17288058,0.19225378,0.21671006,0.24250866,0.26675877,0.28743735,0.30327782,0.3136935,0.31874397,0.3191172,0.31609342,0.31144682,0.30723134,0.30541223,0.30738753,0.3135767,0.32330304,0.33504084,0.34687293,0.35693935,0.36375937,0.3664197,0.36466512,0.3589208,0.35025474,0.34026378,0.3308494,0.32385844,0.32062772,0.32158488,0.32611218,0.33275855,0.33967268,0.34504208,0.3474037,0.3458066,0.3398636,0.32973474,0.3160711,0.29993582,0.2827086,0.26597032,0.25135565,0.2403562,0.23408292,0.23304985,0.23708706,0.24543935,0.25698668,0.27046338,0.28460613,0.29823762,0.31032252,0.32002482,0.32677463,0.3303385,0.330878,0.3289766,0.3256095,0.32202986,0.3195551,0.3192738,0.3217539,0.32687372,0.33386052,0.34151447,0.34851024,0.35366598,0.35612315,0.35542968,0.3515437,0.3447796,0.33571753,0.32509708,0.31371778,0.30236676,0.29178798,0.28269,0.2757675,0.27169427,0.2710469,0.27415907,0.2809612,0.29089537,0.3029616,0.31587714,0.3282837,0.33893934,0.34686255,0.35142004,0.35236013,0.34979746,0.3441547,0.33607143,0.32629517,0.31557602,0.3045902,0.2939133,0.28404814,0.2754884,0.26877475,0.2644906,0.26316345,0.26508898,0.27015772,0.2777872,0.28701004,0.29668257,0.3057304,0.31336015,0.31919914,0.3233476,0.3263347,0.32897347,0.33212623,0.33642757,0.34204933,0.34859782,0.3551819,0.36061597,0.36367467,0.36332372,0.3588854,0.35012868,0.33729142,0.32104665,0.30242667,0.28271636,0.26332882,0.24567471,0.23103692,0.22046094,0.21466736,0.2139906,0.21834712,0.2272395,0.23980293,0.25489542,0.27122658,0.28751475,0.302663,0.31594163,0.32716054,0.33680087,0.34605417,0.3566942,0.37071753,0.38977998,0.41461605,0.4447113,0.47836468,0.51304096,0.54580927,0.5737245,0.5941104,0.60475624,0.60405105,0.5910742,0.56565374,0.5284033,0.4807547,0.4250182,0.3645352,0.30404803,0.25041452,0.21312518,0.20131716,0.21511434,0.24412347,0.27691972,0.30598056,0.32711917,0.33824947,0.33865872,0.32864186,0.30931848,0.2825515,0.25095206,0.21798418,0.18812533,0.16667975,0.15812206,0.16289379,0.17664695,0.19351989,0.2088663
171,0.22564109,0.20709638,0.18771546,0.17034839,0.15878907,0.15671964,0.1655813,0.18350768,0.20676576,0.23164757,0.25525078,0.27553424,0.29121053,0.3016666,0.30692685,0.3076343,0.305015,0.30078256,0.2969299,0.29536933,0.2974641,0.30362412,0.31318814,0.32466346,0.33617157,0.34588617,0.35234854,0.35465327,0.35254017,0.3464218,0.33735487,0.32693842,0.31710285,0.30975524,0.3063109,0.30726406,0.31202546,0.3191319,0.32669702,0.33286816,0.33614388,0.33553487,0.33061078,0.32147896,0.30872643,0.29334167,0.2766247,0.26008484,0.24531476,0.23382288,0.22681528,0.22496745,0.22828476,0.236139,0.2474576,0.2609521,0.27529433,0.28922626,0.30163276,0.31160766,0.31852394,0.32210556,0.3224876,0.3202464,0.31637478,0.31217358,0.3090382,0.30815417,0.3101805,0.31505346,0.32201254,0.3298322,0.33714265,0.34271663,0.34565884,0.34549218,0.34216008,0.33596885,0.32749212,0.31745806,0.30664378,0.29579815,0.28561085,0.27672684,0.2697828,0.26542106,0.2642348,0.2666311,0.27265823,0.28188878,0.29343173,0.3060727,0.31847966,0.3294039,0.33783543,0.34309977,0.34489778,0.34329343,0.33865717,0.33157405,0.32273275,0.31281734,0.30242845,0.29205632,0.2821131,0.27300847,0.26522696,0.25935417,0.25600693,0.25566474,0.25846368,0.26406312,0.27167127,0.28022555,0.2886472,0.29607973,0.30205673,0.3065768,0.31007743,0.31330404,0.3170848,0.32205528,0.32841623,0.3358156,0.34340036,0.35000592,0.3544035,0.3555281,0.3526455,0.34544662,0.33407623,0.31910717,0.3014737,0.28237462,0.26315802,0.24519835,0.22977544,0.2179637,0.21053833,0.20790541,0.2100644,0.216612,0.22679077,0.23957795,0.253805,0.2682992,0.28203917,0.29431507,0.30487853,0.31405535,0.3227784,0.3324812,0.34480372,0.3611303,0.38210273,0.4073214,0.43536037,0.46404034,0.4908008,0.5130445,0.528404,0.5349328,0.5312385,0.51657367,0.49089834,0.45492697,0.41018268,0.3591022,0.30527738,0.25396773,0.21282098,0.19120656,0.19432527,0.21678388,0.24770927,0.27834347,0.30337566,0.3198881,0.3264956,0.3228904,0.3096132,0.28793985,0.25984564,0.22805583,0.19620591,0.16902284,0.1518888,0.14844947,0.15739137,0.17330049,0.19051711,0.20503694
172,0.22230926,0.20488875,0.18633425,0.1693129,0.1574215,0.15430228,0.16167891,0.17810963,0.20012133,0.22407553,0.2470568,0.26699084,0.28255454,0.29309717,0.29860216,0.2996668,0.29746673,0.29366297,0.29019776,0.28894195,0.29123437,0.29748252,0.30704275,0.31845096,0.3298568,0.33945316,0.34578648,0.34794226,0.34563905,0.3392616,0.32984176,0.31897098,0.3086064,0.30072796,0.2968622,0.2976187,0.30248547,0.31002015,0.31831154,0.3254587,0.32990372,0.33059746,0.32704595,0.3192872,0.307832,0.2935861,0.27776423,0.26179582,0.24721551,0.23551941,0.2279715,0.22537938,0.22792022,0.23511606,0.24597646,0.25922042,0.27347547,0.28741544,0.29985392,0.30982026,0.31663352,0.31997475,0.31994763,0.31711134,0.31246176,0.30733195,0.30318588,0.3013103,0.3024774,0.30671632,0.3133145,0.32104665,0.32851118,0.33443612,0.337882,0.3383345,0.3357076,0.33028394,0.3226154,0.31340602,0.30340073,0.2933051,0.2837534,0.27532706,0.26860175,0.2641781,0.26264688,0.26446685,0.26978958,0.27831924,0.2892905,0.30158234,0.31391442,0.32505223,0.33397228,0.3399683,0.34269777,0.34217432,0.33871314,0.33283988,0.32517922,0.31634572,0.3068638,0.29714018,0.28749692,0.2782511,0.26980424,0.26269096,0.2575425,0.25494692,0.255244,0.25834873,0.26370707,0.27042004,0.27747998,0.28402364,0.28952724,0.29390815,0.29751995,0.3010374,0.30524173,0.31074968,0.31776762,0.3259644,0.3345109,0.34225833,0.3479772,0.35058096,0.3492918,0.34373716,0.33398286,0.3205142,0.30417734,0.28609112,0.26754048,0.2498605,0.2343186,0.2220022,0.21371783,0.2099126,0.21063161,0.21552433,0.22389983,0.23481889,0.24720836,0.25998884,0.2722112,0.2831957,0.29266196,0.30082616,0.30843043,0.31665638,0.32688367,0.34030655,0.35751647,0.37822315,0.40123302,0.42466092,0.4462525,0.4637007,0.4749016,0.4781422,0.47223428,0.4566088,0.4313862,0.39744097,0.35648924,0.3112539,0.2657885,0.22596793,0.19947617,0.19294707,0.20612821,0.23149632,0.2604221,0.28669828,0.3065293,0.31780335,0.31958753,0.31185246,0.29532748,0.27143326,0.2422833,0.21077767,0.1807999,0.1573066,0.14535275,0.14701858,0.15919344,0.17609048,0.19267674,0.20563819
173,0.22086196,0.20460856,0.187012,0.1705878,0.15873373,0.15496942,0.16117255,0.17627983,0.19712384,0.2201859,0.24255975,0.26214278,0.27757543,0.28816995,0.29387254,0.29524267,0.2934175,0.2900194,0.28695372,0.28605995,0.2886561,0.2951437,0.30488753,0.31643975,0.32796502,0.33766237,0.34407222,0.34626108,0.34391838,0.33739436,0.3276895,0.316381,0.3054469,0.2969401,0.29251122,0.29291385,0.29774964,0.30562547,0.31461757,0.32277364,0.32846707,0.33057445,0.3285255,0.32228097,0.31227314,0.29932922,0.2845871,0.26940575,0.2552646,0.24363431,0.23580225,0.23265965,0.23451401,0.24102254,0.25129017,0.26407233,0.27798378,0.29165813,0.30385974,0.31357017,0.32006565,0.32298973,0.3224136,0.3188706,0.31334332,0.30717418,0.30187154,0.29880705,0.29886675,0.3021926,0.30815074,0.31554574,0.32296374,0.3290961,0.33295795,0.33399013,0.33206627,0.32743362,0.32061207,0.31227434,0.30313203,0.29385212,0.28502342,0.27717614,0.2708335,0.26655293,0.264907,0.26637763,0.27118802,0.27915144,0.2896226,0.30158362,0.3138239,0.3251424,0.33451834,0.34122476,0.34488207,0.34545544,0.34320396,0.33859238,0.332182,0.32452318,0.31607607,0.30718198,0.29809403,0.28905404,0.28038284,0.27254045,0.2661134,0.2617097,0.25977919,0.26043123,0.2633443,0.26782787,0.2730151,0.2781053,0.2825731,0.2862932,0.28955734,0.29297704,0.29728204,0.30305678,0.31049618,0.31927428,0.32857573,0.3372649,0.34411615,0.3480314,0.348203,0.34421027,0.33605546,0.32415038,0.3092643,0.29244423,0.27491647,0.25797746,0.24287976,0.23071799,0.22232033,0.21815886,0.21829903,0.22240628,0.22980945,0.23960187,0.25075817,0.26225516,0.27319434,0.28292382,0.2911512,0.29802853,0.30417973,0.31063044,0.31860626,0.32920483,0.34302464,0.35989466,0.37882134,0.39815485,0.4158772,0.42990312,0.43833232,0.43963963,0.43281233,0.41745126,0.3938524,0.36308998,0.32713136,0.28902096,0.25312716,0.22517307,0.21105249,0.21354577,0.22977144,0.25328314,0.27778852,0.29869604,0.31306747,0.3192436,0.31655678,0.30515644,0.28591272,0.2603801,0.2308289,0.20036753,0.17311314,0.15400447,0.14715473,0.15278822,0.166697,0.18340501,0.19861631,0.20958747
174,0.22037737,0.20524043,0.18865472,0.17302759,0.16158369,0.15767282,0.16318837,0.17732508,0.19720411,0.21946412,0.24124394,0.2604352,0.2756565,0.2861951,0.29197308,0.2935272,0.29197323,0.28891274,0.28622973,0.28574124,0.28874314,0.29561955,0.30572602,0.3176129,0.329445,0.3394174,0.34605825,0.34841284,0.3461414,0.33956096,0.3296414,0.3179433,0.30645913,0.2973052,0.29225025,0.29219678,0.29687634,0.30496436,0.31453708,0.32359424,0.33043784,0.33386552,0.3332281,0.3284102,0.31977218,0.30807453,0.29439476,0.28003943,0.26644605,0.25506017,0.24717093,0.24370901,0.24505906,0.25097373,0.26064116,0.27286676,0.28628016,0.29950592,0.31128758,0.32058188,0.32663932,0.3290766,0.32793602,0.32372132,0.31738853,0.31026664,0.3038775,0.29964596,0.2985507,0.3008445,0.30598912,0.3128445,0.32000834,0.32615092,0.33024895,0.3316988,0.33033016,0.32635,0.32024267,0.31265002,0.30425593,0.29570046,0.28754354,0.28028178,0.27440012,0.2704171,0.26887655,0.270257,0.27481645,0.2824413,0.2925824,0.30431744,0.31651115,0.32800838,0.33780438,0.3451626,0.34967393,0.3512594,0.35012463,0.3466767,0.34142002,0.33485287,0.3273903,0.31933418,0.3108983,0.30227798,0.2937342,0.2856544,0.2785539,0.27299774,0.26945415,0.2681311,0.26887316,0.27118087,0.2743552,0.27770966,0.28077334,0.28342617,0.28593254,0.28886104,0.29289752,0.29859215,0.30612126,0.3151565,0.3248917,0.3342045,0.34187827,0.34681323,0.34818467,0.34553835,0.33882758,0.32840362,0.31496915,0.2995058,0.28318354,0.26725924,0.2529675,0.24140705,0.2334261,0.22952098,0.22977373,0.23385257,0.24107882,0.2505376,0.26120275,0.27206004,0.28222427,0.29105124,0.29823944,0.30390677,0.30861747,0.31332487,0.31919754,0.3273274,0.33838335,0.3523364,0.36837575,0.385039,0.40047917,0.41276103,0.42011875,0.42115256,0.41497257,0.40130535,0.3805804,0.35401475,0.3237101,0.29275483,0.26522362,0.2457231,0.2379608,0.24268875,0.25703454,0.27615434,0.29529777,0.31078494,0.32013592,0.32192522,0.31562173,0.3014746,0.28044713,0.2542015,0.22514758,0.19655696,0.17261146,0.1578218,0.15499295,0.16293125,0.17717563,0.19285491,0.20629942,0.21517473
175,0.21978162,0.205642,0.19004633,0.17533469,0.16459413,0.16098973,0.166324,0.1799113,0.1990953,0.22068061,0.24188402,0.26062188,0.27551505,0.285846,0.2915311,0.29310283,0.29167444,0.28884497,0.2864922,0.2864184,0.2898942,0.29727167,0.30787674,0.3202382,0.33250707,0.34286705,0.34983274,0.35243088,0.35029784,0.34372342,0.33365157,0.321627,0.3096501,0.2998864,0.29420453,0.29364234,0.29805955,0.30620843,0.3161767,0.32592568,0.3336929,0.33820316,0.3387352,0.3351068,0.3276186,0.31697962,0.30422437,0.29062426,0.27758852,0.26654118,0.25876018,0.25518307,0.25622588,0.261694,0.27083495,0.28250372,0.29536253,0.30805287,0.3193244,0.32813296,0.3337222,0.33569503,0.33407232,0.32932815,0.32238403,0.31453702,0.30729303,0.30209306,0.299973,0.30127487,0.30555466,0.31174314,0.31847158,0.3244097,0.3285107,0.33013555,0.32907495,0.32549885,0.31985998,0.31277567,0.30491233,0.29689738,0.28927866,0.28253618,0.27712983,0.27354485,0.27228987,0.2738196,0.27839413,0.28593594,0.29596037,0.30762133,0.3198529,0.33154932,0.34173,0.34965786,0.35490212,0.35734618,0.3571484,0.35466588,0.350357,0.34468386,0.33803764,0.33070663,0.32289433,0.3147783,0.306584,0.29864097,0.29138952,0.2853212,0.2808617,0.27823457,0.27736738,0.27789396,0.2792629,0.2809157,0.28246978,0.2838498,0.28532872,0.2874595,0.29090157,0.29617995,0.30345568,0.31239843,0.32221156,0.3317882,0.33992627,0.34553283,0.34777784,0.3461867,0.34067735,0.33155236,0.31945688,0.30531192,0.29023135,0.27542832,0.26211336,0.25138375,0.24410625,0.24080579,0.24158865,0.24613105,0.25374243,0.2634815,0.27429113,0.28512892,0.2950871,0.3035025,0.31005362,0.31483454,0.31838402,0.3216393,0.3257821,0.33196867,0.3409918,0.35298973,0.367327,0.3826927,0.39735374,0.4094559,0.4172923,0.41951054,0.4152618,0.40430745,0.38709834,0.3648374,0.33952487,0.31395128,0.2915276,0.27573514,0.26905477,0.27180085,0.28185788,0.2956392,0.30937934,0.31994194,0.32509392,0.32351163,0.31470844,0.2989633,0.27727607,0.2513637,0.22370534,0.19760317,0.17704678,0.1658193,0.16554119,0.17430712,0.1879102,0.2020952,0.21366757,0.2205734
176,0.21809278,0.20479804,0.1901197,0.1763617,0.16650562,0.16353549,0.16909689,0.18250865,0.20125592,0.22229354,0.24293618,0.26115286,0.2755923,0.28555375,0.29096687,0.29237717,0.2909118,0.28818268,0.28607428,0.2863811,0.29034582,0.29827642,0.30945104,0.32236028,0.3351303,0.3459297,0.35326132,0.35613865,0.35418114,0.34765807,0.33749202,0.32521158,0.31281787,0.30250922,0.29623085,0.295134,0.29919437,0.30724207,0.31738666,0.32756507,0.33596486,0.34125182,0.34264666,0.33991423,0.33330986,0.32350537,0.31150594,0.29855967,0.28605518,0.2753955,0.26783708,0.2643009,0.2652014,0.2703631,0.27907032,0.2902226,0.3025248,0.31465465,0.3253901,0.33370683,0.3388588,0.34044808,0.33848187,0.333407,0.32610595,0.31783044,0.31004637,0.3041764,0.30127445,0.30173916,0.30520484,0.31067634,0.31683487,0.32237068,0.32623315,0.32776383,0.3267269,0.3232654,0.31780985,0.31096306,0.30338544,0.29570445,0.28846905,0.28215468,0.27720526,0.27407643,0.27323768,0.2751058,0.27991897,0.28760514,0.29771397,0.30945268,0.32181177,0.33373138,0.34425792,0.3526597,0.3584914,0.36160663,0.36212513,0.3603642,0.35674927,0.35172254,0.34567097,0.3388914,0.3316005,0.3239814,0.3162457,0.30868134,0.30166018,0.29559085,0.29082468,0.28754655,0.28569987,0.284988,0.28496373,0.28517938,0.28534648,0.28545478,0.28581142,0.28697854,0.28960955,0.2942193,0.30096304,0.3095139,0.31908816,0.32859764,0.3368598,0.3427963,0.34558204,0.34473428,0.34014827,0.33208945,0.3211541,0.30820712,0.2943059,0.2806146,0.26831123,0.25848314,0.25201103,0.24945058,0.25094137,0.25617945,0.26447102,0.2748486,0.28621376,0.29747707,0.30768546,0.3161352,0.32247055,0.32675916,0.32952654,0.3317205,0.33457327,0.33934495,0.34698424,0.35781223,0.3713633,0.38645074,0.40140983,0.41440782,0.42372757,0.42798632,0.42628944,0.41833356,0.40447345,0.38575968,0.36394158,0.3414044,0.320966,0.30542165,0.29680097,0.29559463,0.30048475,0.30883998,0.31759685,0.32398623,0.32591084,0.32206538,0.31193626,0.29576617,0.27452528,0.24990807,0.22435488,0.20103237,0.18353243,0.17486456,0.17584749,0.18440534,0.1967845,0.20927173,0.21903388,0.22421397
177,0.21459068,0.20198475,0.18812108,0.17528719,0.16638392,0.1642268,0.17027242,0.18376635,0.20226502,0.22284731,0.24293308,0.26056364,0.27443603,0.2838841,0.28886524,0.2899502,0.28829074,0.28552207,0.28354472,0.2841522,0.2885603,0.2970261,0.30876887,0.32223025,0.3355055,0.3467475,0.35445097,0.35762182,0.35586828,0.3494432,0.33924866,0.32679316,0.31406796,0.30328605,0.29644585,0.2947891,0.29839393,0.30616835,0.31625476,0.3265827,0.33530846,0.34105727,0.34300852,0.34088933,0.3349227,0.32575408,0.31436732,0.30199194,0.28999674,0.27975956,0.27250496,0.26912057,0.269997,0.2749561,0.28330392,0.29398057,0.3057407,0.3173123,0.32751855,0.33537135,0.34014878,0.34146246,0.3393125,0.33412093,0.32672843,0.3183319,0.3103388,0.30412513,0.3007276,0.30056697,0.3033329,0.30809838,0.31360406,0.3185792,0.3219903,0.32317916,0.32190025,0.31828386,0.31275034,0.30589885,0.29839346,0.29087046,0.28388733,0.27792075,0.27340236,0.2707593,0.27041936,0.27275318,0.2779621,0.28595844,0.29630294,0.30823514,0.32078752,0.33293888,0.3437613,0.35253164,0.358796,0.36238584,0.36339164,0.36210197,0.35892215,0.35428905,0.34860116,0.3421808,0.33527488,0.32808933,0.3208381,0.31378198,0.30723423,0.3015216,0.29690832,0.29351112,0.2912449,0.28983244,0.288886,0.28803858,0.2870832,0.28607658,0.2853717,0.28555602,0.28729376,0.29110375,0.29714605,0.30510366,0.31420925,0.3233963,0.3315057,0.3374801,0.34050846,0.34011114,0.3361726,0.32893285,0.31894857,0.30703408,0.29419082,0.28152975,0.27018765,0.2612319,0.2555493,0.25372425,0.255935,0.2619088,0.27096134,0.2821088,0.29421505,0.30614057,0.31687802,0.3256716,0.33212012,0.33625713,0.3385927,0.34008953,0.34203923,0.3458164,0.35253367,0.3626966,0.37600133,0.391366,0.40716386,0.42154357,0.4327301,0.4392564,0.4401223,0.43489534,0.42376852,0.4075831,0.38781288,0.36649022,0.34602776,0.32887253,0.31696686,0.31114918,0.3108172,0.31411657,0.31854734,0.32162222,0.32131732,0.31628832,0.3059361,0.2904055,0.27056774,0.24800973,0.22502121,0.20449904,0.18955109,0.18254033,0.18385635,0.1915604,0.20240252,0.2131402,0.22123112,0.22496581
178,0.2089066,0.19684918,0.18368281,0.1716879,0.16370288,0.1623939,0.16902326,0.18272138,0.2010668,0.22123687,0.24075529,0.25774595,0.27096647,0.27979553,0.28422526,0.28485593,0.2828671,0.2799208,0.2779395,0.27872342,0.28346774,0.29238084,0.3046209,0.31857738,0.3323139,0.34396976,0.35203555,0.3555138,0.35400423,0.3477428,0.3376064,0.3250739,0.3121112,0.30092558,0.2935461,0.29128635,0.29431835,0.30163217,0.31141746,0.32161582,0.33037278,0.33629218,0.33852857,0.33678454,0.33126038,0.322581,0.311711,0.29985964,0.28837094,0.27858964,0.2716982,0.26853868,0.26946473,0.27428377,0.28231627,0.29254255,0.3037731,0.314797,0.32449496,0.33192676,0.3364044,0.33755636,0.33538008,0.33027422,0.32303533,0.3147986,0.30689976,0.30064702,0.29703176,0.29646698,0.29867423,0.30278435,0.30760172,0.31190893,0.3147089,0.31536344,0.3136354,0.3096574,0.30385178,0.29682305,0.28924525,0.281767,0.27495542,0.2692878,0.2651821,0.26303568,0.2632331,0.2660962,0.27178288,0.28017887,0.29084095,0.3030256,0.3157944,0.32815638,0.339206,0.34822968,0.35476914,0.3586407,0.35991427,0.35886002,0.3558742,0.35139987,0.34585863,0.33960947,0.33294073,0.3260923,0.31929216,0.31278554,0.30683744,0.3016989,0.2975457,0.2944137,0.29216453,0.29050696,0.2890773,0.2875593,0.2858072,0.28393573,0.28234398,0.28165147,0.28254265,0.28555012,0.29084572,0.29812625,0.30664235,0.3153501,0.32311612,0.32890904,0.33193934,0.33174038,0.32819742,0.32153648,0.31228486,0.3012137,0.28927162,0.27751425,0.26703048,0.25885794,0.25387964,0.25270268,0.25554442,0.26217046,0.27191803,0.28380015,0.29665425,0.30929792,0.32067183,0.32996598,0.33672813,0.34095004,0.34311756,0.34419855,0.34553388,0.34860143,0.35466617,0.3644068,0.3776702,0.39346728,0.41019505,0.42596695,0.4389309,0.4475142,0.45058864,0.4475715,0.43847924,0.42394483,0.40519837,0.384001,0.36250305,0.34298342,0.32743913,0.31708074,0.31193677,0.31082168,0.31172398,0.31239027,0.3108287,0.30561152,0.29600543,0.28200343,0.26431578,0.24434781,0.2241532,0.20628631,0.19338389,0.18734027,0.18838276,0.19485965,0.20401989,0.2130395,0.21962576,0.22218877
179,0.20105314,0.18943158,0.17684008,0.16555241,0.15835935,0.1578051,0.1649756,0.17887487,0.19707537,0.21683218,0.2357664,0.25208607,0.2646127,0.27277103,0.2765859,0.27668238,0.27426186,0.27100965,0.26887253,0.26966676,0.27458096,0.28378764,0.29639217,0.31073686,0.3248572,0.33688268,0.345303,0.34911892,0.34792003,0.34191993,0.33195996,0.31947342,0.30638018,0.2948583,0.28694567,0.284014,0.28632876,0.29297444,0.30220777,0.31200454,0.3205203,0.32635507,0.32865226,0.3270995,0.3218794,0.31359696,0.3031943,0.29185385,0.2808859,0.27159253,0.26510483,0.26221144,0.26322323,0.26792926,0.27566364,0.2854494,0.29615873,0.3066494,0.31586766,0.3229285,0.32718357,0.3282821,0.3262209,0.3213754,0.31449613,0.3066518,0.29909757,0.2930598,0.28946492,0.28869584,0.2904865,0.2940151,0.29815033,0.3017386,0.303835,0.30383897,0.301538,0.2970807,0.2909014,0.28361598,0.27591014,0.26844272,0.26178515,0.25640857,0.25271145,0.251058,0.25178984,0.25518203,0.26135087,0.27015376,0.28113747,0.29356626,0.30652118,0.31903395,0.33021727,0.33936647,0.34602183,0.34999007,0.35132796,0.3502957,0.34728914,0.34276554,0.3371768,0.33092457,0.32434443,0.3177165,0.3112902,0.30530432,0.2999857,0.29551914,0.2919975,0.28937432,0.28744757,0.2858928,0.2843465,0.28251863,0.28030476,0.277864,0.2756349,0.2742681,0.27447075,0.27679205,0.2814172,0.288056,0.2959749,0.30415082,0.31147647,0.3169493,0.3198074,0.31960556,0.3162401,0.3099344,0.30119747,0.29076675,0.27954423,0.2685321,0.25876793,0.2512518,0.2468529,0.24619201,0.24952094,0.2566454,0.2669323,0.2794041,0.29288605,0.30616602,0.31814292,0.3279582,0.33510914,0.33954102,0.34170526,0.3425593,0.34347224,0.34600064,0.35153684,0.36091125,0.37410697,0.39022058,0.40767172,0.42454156,0.4389062,0.44909355,0.45385468,0.45246625,0.4447836,0.43125725,0.4129169,0.39131826,0.36843482,0.34646145,0.32749423,0.3130914,0.30383676,0.29913637,0.2974132,0.29660857,0.29472476,0.29021093,0.2821592,0.27036932,0.25534597,0.23826419,0.22089688,0.20544283,0.19413482,0.1885609,0.18895249,0.19400674,0.20144674,0.20882824,0.21408264,0.21572348
180,0.19141535,0.1801535,0.16801833,0.15726897,0.15066138,0.15065606,0.15820456,0.1721995,0.19019647,0.20951216,0.22785437,0.2435092,0.25535646,0.26285917,0.2660639,0.2656062,0.2626943,0.25902548,0.25656885,0.2571687,0.2620303,0.27131596,0.2840985,0.29868552,0.3130916,0.32544026,0.3342215,0.33843252,0.33764708,0.33204606,0.32241952,0.31013423,0.29703838,0.2852536,0.27680382,0.273109,0.27453557,0.28028414,0.28870592,0.2978363,0.30586138,0.31139216,0.31357083,0.3120747,0.3070689,0.29913473,0.28918412,0.2783627,0.26793632,0.25915456,0.25309044,0.2504759,0.25157925,0.25617346,0.26360986,0.2729583,0.28315726,0.2931374,0.30191436,0.30866092,0.3127701,0.31391245,0.31208417,0.30763665,0.30127296,0.29399288,0.28696692,0.28133255,0.27794048,0.27712977,0.2786334,0.28166825,0.28516647,0.28804463,0.2894217,0.28874812,0.28584892,0.28089923,0.27435198,0.26683626,0.2590463,0.25164282,0.24519008,0.24014057,0.23686291,0.23568366,0.23690338,0.24075839,0.24733295,0.2564636,0.26768956,0.28028032,0.2933307,0.30588913,0.3170822,0.32621267,0.3328209,0.3367078,0.3379228,0.3367223,0.33350772,0.32875496,0.32294902,0.31653586,0.30989915,0.3033611,0.2971966,0.29164514,0.2869054,0.28310752,0.2802721,0.27827707,0.27685636,0.27564472,0.27426454,0.27243522,0.27007666,0.2673785,0.26480898,0.26304358,0.26280847,0.26466557,0.26880807,0.27495214,0.28237346,0.29006523,0.29694456,0.30203924,0.304619,0.3042668,0.3008988,0.29474607,0.28631088,0.27630827,0.2656034,0.25515124,0.24593966,0.2389271,0.23496032,0.23466295,0.23831195,0.24574873,0.25637218,0.26922354,0.28313023,0.29686654,0.309305,0.31955028,0.32705584,0.33172044,0.3339533,0.3346853,0.33528915,0.337369,0.34241116,0.35136905,0.36434305,0.38050932,0.39831623,0.4158282,0.43107074,0.44229713,0.448164,0.44783497,0.44103444,0.42806497,0.4097969,0.38762796,0.36340353,0.33927092,0.3174286,0.2997426,0.28728387,0.27998212,0.2766388,0.27533898,0.27403063,0.27099878,0.26513034,0.2560092,0.2439161,0.22978154,0.21509612,0.20173535,0.19161612,0.18614757,0.18565978,0.18921183,0.19496594,0.20082334,0.2049196,0.20586047
181,0.18071255,0.16978118,0.15800121,0.14759977,0.14130716,0.14155032,0.14921425,0.163121,0.18081237,0.1996528,0.21742147,0.23246884,0.2437195,0.2506589,0.253336,0.25237423,0.24896474,0.24479674,0.2418544,0.24202314,0.24655782,0.2556512,0.26837713,0.28302896,0.29761007,0.31024066,0.31940934,0.32410395,0.323873,0.31885058,0.30975658,0.29786682,0.2849288,0.27297664,0.26399457,0.2594404,0.2597936,0.26440135,0.27174512,0.27995014,0.28725374,0.29229027,0.29420608,0.2926684,0.28782073,0.2802125,0.2707151,0.26042545,0.2505539,0.24228945,0.23664351,0.23429331,0.23546998,0.23993756,0.2470706,0.25598997,0.26570225,0.2752113,0.28360084,0.29009947,0.29413912,0.29540938,0.2939039,0.28994873,0.28419933,0.27758712,0.27119893,0.26608366,0.2630144,0.2622816,0.26361063,0.2662516,0.2691982,0.2714401,0.27216667,0.27088797,0.2674749,0.26213515,0.25534263,0.24773695,0.24001206,0.23281643,0.2266887,0.22204433,0.21920812,0.21846327,0.22007428,0.22425233,0.23106793,0.24035345,0.25165161,0.26424092,0.27722853,0.2896754,0.30071798,0.30966422,0.31605455,0.31968638,0.32060534,0.3190678,0.31548363,0.31034863,0.30417985,0.29746467,0.29063165,0.2840429,0.27799982,0.27274784,0.26846755,0.26524818,0.26305306,0.26169723,0.26085836,0.26013115,0.25911838,0.2575385,0.2553234,0.25268108,0.25009865,0.24826728,0.24792261,0.24962868,0.2535741,0.25946853,0.2665863,0.27393022,0.28043926,0.28517205,0.28743297,0.28683773,0.28332874,0.27715352,0.26881826,0.259028,0.24862367,0.23852433,0.22967526,0.22299461,0.21930109,0.21920997,0.2230098,0.23056653,0.24130678,0.25429487,0.26837265,0.2823182,0.29499614,0.30549103,0.3132247,0.3180547,0.3203453,0.3209879,0.32133564,0.3230077,0.32754734,0.33599612,0.34854752,0.36444852,0.38218364,0.3998213,0.41536656,0.42703256,0.433418,0.4336108,0.42724138,0.414502,0.3961411,0.3734353,0.34813276,0.32234946,0.29837686,0.2783486,0.26376104,0.25499701,0.2511583,0.25039047,0.2505155,0.24961065,0.24634354,0.24008825,0.23091865,0.21954541,0.20721473,0.1955413,0.1862169,0.18056488,0.17906076,0.18110962,0.18526873,0.18974757,0.19286415,0.19330478
182,0.169925,0.15935479,0.14786884,0.13763316,0.13135183,0.13147411,0.1389134,0.15249054,0.16975038,0.18809155,0.2053435,0.21990028,0.23071057,0.2372602,0.23957539,0.2382384,0.23439191,0.22968805,0.22611001,0.22559433,0.22948553,0.2380632,0.2504517,0.26496035,0.27959326,0.29246813,0.30206674,0.3073584,0.30785394,0.30362496,0.2953016,0.2840444,0.27147052,0.25949326,0.25002608,0.24454768,0.24365975,0.24688992,0.25289345,0.25992215,0.26628777,0.27065924,0.27218935,0.27053165,0.26580027,0.25850236,0.24945647,0.23969874,0.23037389,0.2226047,0.2173418,0.21521449,0.2164275,0.22074635,0.2275759,0.23609038,0.24536256,0.25446454,0.2625415,0.26887098,0.27291745,0.2743845,0.27325994,0.2698437,0.26474503,0.2588313,0.25311244,0.24855661,0.24586654,0.24528804,0.24653934,0.24890134,0.25142682,0.25317773,0.25341538,0.25171223,0.2479879,0.24248374,0.2356919,0.22825435,0.22084998,0.21409385,0.20847447,0.20434654,0.20197432,0.20159252,0.20343776,0.20771599,0.21451026,0.22367476,0.2347752,0.24710977,0.2598008,0.27191985,0.28260964,0.29118037,0.29717112,0.3003762,0.3008386,0.29881606,0.29472673,0.28908423,0.28243285,0.2752947,0.2681357,0.26135194,0.25526902,0.25014192,0.24614325,0.24333729,0.24164896,0.24084875,0.24057233,0.2403823,0.23986305,0.23872769,0.23691224,0.23463318,0.23238598,0.23086525,0.23080157,0.23274294,0.23685353,0.24281825,0.24989729,0.2570967,0.263376,0.26782608,0.26978818,0.26891342,0.26517418,0.2588398,0.25042856,0.24064687,0.23032574,0.22036316,0.21167482,0.20514585,0.20156568,0.20153062,0.2053238,0.21281819,0.22345681,0.23632634,0.25029266,0.26415473,0.27678978,0.28728247,0.29503962,0.2998889,0.30215243,0.30267534,0.30277255,0.30404857,0.3080655,0.31591442,0.32785147,0.34318012,0.36042556,0.37768114,0.3929634,0.40448382,0.41082415,0.41103756,0.40470088,0.3919348,0.3734029,0.35029352,0.32428408,0.29747295,0.272239,0.25095472,0.23548734,0.22658473,0.22352062,0.22435968,0.22669661,0.22836758,0.2278424,0.2243356,0.21777377,0.20871054,0.19821589,0.1877219,0.17877862,0.17268823,0.170087,0.17069094,0.17339814,0.17668091,0.1790105,0.17913797
183,0.16016445,0.15005668,0.13887276,0.1286778,0.12212905,0.1217421,0.12857148,0.14153957,0.15822986,0.17606342,0.1928935,0.20713043,0.2177213,0.22412679,0.22632307,0.22482032,0.22067738,0.2154725,0.21115962,0.2097242,0.21263857,0.22033738,0.2320633,0.24618469,0.26072323,0.2737938,0.28386274,0.28986883,0.29127166,0.28806567,0.28077456,0.27042374,0.25847486,0.24668856,0.23687153,0.23049423,0.22827472,0.22994679,0.23438463,0.24001001,0.24523838,0.24878658,0.24981618,0.24796227,0.2433005,0.23628452,0.22766797,0.21841507,0.20959683,0.20226729,0.19732083,0.19535038,0.19654895,0.20069635,0.20723459,0.2153907,0.2242968,0.23308255,0.24094264,0.24719194,0.2513177,0.2530306,0.25230882,0.24942596,0.24494912,0.23968995,0.23459393,0.23056416,0.22824872,0.22786155,0.22912039,0.23133767,0.233622,0.23510309,0.23510985,0.23327377,0.22955963,0.22423719,0.21780783,0.21090102,0.20415919,0.19813704,0.19324435,0.18975066,0.18784478,0.18771099,0.18956952,0.19364427,0.2000617,0.2087299,0.21926449,0.23100099,0.24308485,0.25459933,0.26469117,0.27266946,0.2780695,0.28068087,0.280543,0.2779136,0.27321628,0.26697698,0.25975922,0.25210908,0.24451819,0.2374062,0.23111685,0.22591561,0.2219769,0.21935764,0.21796748,0.21755639,0.21773855,0.21805875,0.21809012,0.21754117,0.21634795,0.21472774,0.21317302,0.21236618,0.21301138,0.21561469,0.22028947,0.22667548,0.23400812,0.241295,0.24751942,0.25180858,0.25354332,0.25241107,0.24841422,0.24184479,0.2332368,0.22330567,0.21288459,0.20286636,0.19415347,0.18761025,0.18399982,0.18389037,0.18754023,0.19480723,0.20513476,0.21762744,0.23118304,0.244638,0.25690323,0.2670856,0.27459726,0.27925155,0.2813378,0.2816548,0.2814678,0.28234187,0.285822,0.29300767,0.3041819,0.31868383,0.33507848,0.35150123,0.36601022,0.37685236,0.3826328,0.38241127,0.37575185,0.3627435,0.344003,0.32066622,0.29437128,0.26722345,0.24170215,0.2204107,0.20553394,0.19804434,0.19715866,0.20063975,0.20575134,0.21011141,0.21208286,0.21082671,0.20622082,0.19874956,0.18938841,0.1794656,0.17045915,0.16369146,0.15995443,0.15922686,0.16068272,0.16299966,0.16476199,0.16476248
184,0.15246445,0.14298524,0.1322018,0.12203708,0.115057044,0.11384692,0.11970082,0.1317727,0.14774978,0.16507423,0.18159555,0.1957097,0.2063346,0.21288097,0.2152506,0.21385513,0.20963773,0.20406392,0.19901751,0.19650842,0.19815394,0.20460893,0.21531655,0.22876526,0.24302141,0.25619972,0.266742,0.27354395,0.27600175,0.27402177,0.26801136,0.2588504,0.2478306,0.236537,0.22663449,0.21954311,0.21606569,0.21614134,0.21889414,0.22295949,0.22689244,0.2294787,0.22989598,0.22775945,0.22310014,0.21630941,0.20806685,0.19925658,0.1908707,0.18389454,0.1791733,0.1772771,0.17840378,0.18236096,0.18863328,0.19649658,0.20513086,0.21370786,0.22145534,0.22771075,0.23197263,0.2339509,0.23361082,0.23120119,0.22725326,0.22253495,0.21794471,0.21434227,0.2123441,0.21215199,0.21349522,0.21572083,0.21798871,0.21948741,0.21960296,0.21801488,0.21472158,0.2100077,0.2043667,0.1983936,0.19266818,0.1876578,0.18367077,0.1808779,0.17938945,0.17934485,0.18095984,0.1844939,0.1901407,0.19789071,0.20743802,0.2181783,0.22929452,0.2398881,0.24911062,0.25626856,0.26089093,0.26276007,0.26190934,0.2585929,0.2532348,0.2463655,0.23855653,0.23036389,0.22228885,0.21475914,0.20812523,0.2026594,0.19854473,0.19584894,0.19449301,0.19423626,0.19469897,0.19542919,0.1960016,0.19612537,0.19573498,0.195041,0.19451867,0.19481623,0.19658181,0.20024659,0.20584528,0.2129573,0.22079203,0.22836669,0.23469865,0.23895933,0.24057244,0.23926109,0.23505417,0.22826234,0.21943267,0.20929061,0.19867776,0.18849304,0.17964007,0.17297477,0.16923815,0.16896208,0.17236103,0.17925568,0.18907438,0.20093597,0.21377766,0.2264889,0.23803437,0.2475648,0.25451866,0.258714,0.26042145,0.26040047,0.25986272,0.26031637,0.26325762,0.26975372,0.28007585,0.29357353,0.30884528,0.3240805,0.3374033,0.34712794,0.35191873,0.35087985,0.34360167,0.3301818,0.3112316,0.2878779,0.2617651,0.23505302,0.21036543,0.1905489,0.17801245,0.17367321,0.17630462,0.18312335,0.19107074,0.19770102,0.20144358,0.20154692,0.1979468,0.19114254,0.18208763,0.17207143,0.16255182,0.15489604,0.15003456,0.14815298,0.14862624,0.15026651,0.15171854,0.15178587
185,0.14750478,0.13884737,0.12863946,0.11863763,0.11126414,0.10912035,0.11376893,0.12471449,0.13984531,0.1566494,0.17295586,0.18711986,0.19800614,0.20495632,0.2077823,0.20678231,0.20276473,0.19705293,0.19141676,0.1878415,0.18806516,0.19299385,0.20234776,0.21481211,0.22854298,0.24166901,0.25260445,0.2601936,0.26376152,0.2631226,0.25856784,0.2508338,0.24104367,0.2306001,0.22100282,0.21357645,0.20915245,0.20783387,0.20898873,0.21149077,0.21406966,0.21560879,0.2153197,0.2128059,0.20805599,0.20139834,0.19343641,0.18497235,0.17691883,0.17019475,0.16560271,0.16370115,0.1647061,0.16846348,0.17450334,0.18214382,0.19059905,0.19906537,0.20678635,0.21310718,0.21752673,0.2197478,0.21972112,0.2176738,0.21410976,0.20976703,0.20551656,0.20219891,0.20042504,0.20040755,0.20190194,0.20429337,0.2067863,0.20861411,0.20920207,0.20825794,0.20579253,0.20208246,0.1975887,0.19284695,0.18835306,0.18447453,0.1814186,0.17926945,0.17807646,0.17794882,0.17910448,0.18183863,0.18641257,0.19290724,0.20111206,0.21050441,0.2203244,0.22970551,0.23781222,0.24395168,0.24764726,0.24867311,0.2470542,0.2430376,0.23704194,0.22959359,0.22125998,0.21259104,0.20407872,0.19613872,0.18911012,0.18326056,0.17878135,0.17576434,0.17416798,0.17379485,0.17430577,0.17528056,0.1763148,0.17712732,0.17765042,0.17807762,0.17884655,0.18054101,0.1837172,0.18869925,0.19542524,0.20341498,0.21186651,0.21982569,0.2263599,0.23069409,0.23229764,0.2309266,0.22663006,0.2197292,0.21077618,0.20050035,0.18974915,0.17942941,0.17045091,0.16366607,0.15979373,0.15932132,0.16240539,0.16881582,0.17795858,0.1889676,0.20082699,0.21249135,0.22299431,0.2315479,0.2376358,0.24109949,0.2422082,0.24169421,0.24071926,0.24072503,0.24313475,0.24894838,0.25838968,0.27079388,0.28478488,0.29861236,0.3104828,0.3188007,0.32231665,0.32021022,0.3121332,0.2982315,0.27915755,0.2560841,0.23072879,0.20538373,0.18288475,0.16629829,0.15798965,0.15828973,0.16510023,0.17508936,0.18514563,0.19302945,0.19741401,0.19773918,0.19406411,0.18695341,0.1773848,0.16665293,0.15623155,0.14754705,0.14164767,0.1388672,0.1386995,0.14000963,0.14144081,0.14177178
186,0.14537008,0.13769144,0.1282521,0.11864887,0.111130625,0.10823088,0.11170938,0.12145968,0.13566881,0.15192942,0.16806081,0.18236744,0.19364874,0.20116925,0.20464836,0.2042719,0.20071371,0.19514607,0.18919532,0.18476516,0.18364732,0.18696699,0.19475293,0.2059568,0.21888639,0.23171851,0.24285252,0.2510844,0.25567052,0.25633898,0.25327516,0.24708761,0.23874761,0.22948714,0.22063623,0.21339153,0.20855047,0.20630673,0.20621921,0.20738433,0.20872056,0.20923525,0.20819941,0.20522547,0.20027508,0.19362572,0.1858149,0.1775716,0.16973658,0.16316833,0.15863146,0.1566766,0.15754126,0.16111118,0.16695918,0.17443775,0.18278268,0.19120067,0.1989376,0.20533562,0.20988671,0.21228348,0.21246305,0.21063595,0.20728801,0.20314085,0.19905551,0.19587445,0.19422546,0.19435146,0.1960463,0.19873413,0.20165373,0.20406426,0.20540564,0.20538644,0.20400167,0.20149271,0.19826484,0.19477975,0.19144857,0.18855536,0.18623775,0.18453142,0.18345799,0.18311444,0.1837193,0.18558463,0.18901251,0.19415197,0.20087975,0.20876224,0.21711355,0.2251181,0.23196898,0.23698525,0.23969144,0.23985693,0.23749918,0.2328566,0.22633852,0.2184605,0.20977579,0.20081453,0.19204189,0.18384103,0.17651814,0.17031692,0.16542464,0.16195719,0.15992525,0.15920296,0.15952666,0.16054139,0.16188839,0.16330881,0.16473205,0.16632068,0.16844904,0.17160396,0.17621991,0.18249857,0.19028702,0.19906753,0.20805424,0.21634454,0.22307006,0.22751503,0.22919375,0.2278899,0.22366469,0.21683973,0.20796128,0.19775163,0.18705387,0.17677411,0.16782121,0.161038,0.15711522,0.15649068,0.15926056,0.16514535,0.17353247,0.18357472,0.19430599,0.20474912,0.21401185,0.22137585,0.22638203,0.22891034,0.22924486,0.22810559,0.2266136,0.22614343,0.2280326,0.23319231,0.24177684,0.25309238,0.26578265,0.2781596,0.28851888,0.2953658,0.29755247,0.29435453,0.28551325,0.27126047,0.2523394,0.23003393,0.20621555,0.18338801,0.16460387,0.15291044,0.1500442,0.1552033,0.16545849,0.17738076,0.18818672,0.1960214,0.19985761,0.19933803,0.19464996,0.18643443,0.17571372,0.16381437,0.1522511,0.1425198,0.13576686,0.13241729,0.13200033,0.13335027,0.13504805,0.1358158
187,0.14549433,0.13886389,0.13033669,0.121382006,0.11408191,0.11083697,0.11347325,0.122196734,0.1355303,0.15124057,0.16717896,0.18161614,0.1932936,0.20140643,0.20559314,0.20594317,0.20301397,0.19784024,0.19190027,0.1869762,0.18483323,0.1867269,0.19295268,0.20275253,0.21464223,0.2268979,0.23793805,0.246532,0.25188452,0.25365528,0.2519454,0.24726044,0.24044673,0.23258948,0.22486034,0.21831357,0.21366315,0.2111154,0.21033952,0.21059917,0.21098152,0.21062526,0.20888248,0.20540059,0.20014052,0.19335379,0.18553539,0.17736253,0.1696222,0.16312502,0.15860261,0.1565947,0.15735114,0.16078602,0.1665036,0.17388023,0.18216394,0.19056359,0.19832075,0.20477024,0.2093954,0.21187948,0.21214981,0.21040687,0.2071275,0.20302813,0.19897252,0.19581811,0.19422175,0.194466,0.1963864,0.19944142,0.20289025,0.20599657,0.20818903,0.20914981,0.2088329,0.20742548,0.20526868,0.20275728,0.20024233,0.19796437,0.19603908,0.19449839,0.19336835,0.19274774,0.19284922,0.19397634,0.19643345,0.20039639,0.20579737,0.21227743,0.2192275,0.22589655,0.23152362,0.23545551,0.23723018,0.2366206,0.23364146,0.22852437,0.22166868,0.2135762,0.2047809,0.1957859,0.18701991,0.17882125,0.17144772,0.16510074,0.15994398,0.15610069,0.1536259,0.15247042,0.1524641,0.15334189,0.15481366,0.15665679,0.15879914,0.16136138,0.16463596,0.16899545,0.1747476,0.18198554,0.19049448,0.19975246,0.20901628,0.21745035,0.22425596,0.2287753,0.23056217,0.22942036,0.22541405,0.21885492,0.2102716,0.20036621,0.18996325,0.17995322,0.17122999,0.16461585,0.16076918,0.16008328,0.16260745,0.16802871,0.17572622,0.18487228,0.19454326,0.20381965,0.2118741,0.218053,0.22195517,0.2235051,0.22301213,0.22119658,0.21915048,0.2181895,0.21956898,0.22411261,0.23190741,0.24223381,0.25375757,0.2648517,0.2738976,0.2794985,0.2806088,0.27660793,0.26734346,0.25316095,0.2349346,0.21410888,0.19274881,0.17353821,0.15951104,0.15316662,0.15512231,0.16359684,0.17546518,0.1876642,0.19787037,0.2045825,0.20700873,0.20494302,0.19867049,0.18889806,0.17669715,0.16344099,0.15070215,0.14005281,0.1327187,0.12916304,0.12887521,0.13058913,0.13278,0.134096
188,0.14684436,0.14123765,0.13368829,0.12557803,0.118850246,0.1157446,0.118033364,0.12609275,0.1387336,0.1539344,0.16963215,0.18410333,0.19605938,0.20464933,0.20945467,0.21049488,0.20823972,0.20361339,0.19796179,0.19293195,0.19020139,0.19105357,0.19595422,0.20439552,0.21512072,0.22655216,0.2371747,0.24577016,0.2515245,0.25405928,0.25342146,0.25004458,0.24468084,0.23829599,0.23192063,0.2264643,0.22252592,0.22026257,0.21937609,0.21922767,0.21902917,0.2180358,0.21568817,0.21168955,0.20602766,0.19895828,0.19096452,0.18270113,0.17492689,0.16842318,0.1638965,0.161871,0.16259354,0.16598605,0.17166519,0.17901736,0.1872946,0.19570395,0.2034818,0.20995653,0.21460535,0.21710625,0.21738234,0.2156311,0.21232863,0.20819445,0.20410207,0.20092821,0.19935927,0.19971408,0.20186275,0.20528698,0.2092514,0.21300614,0.21594945,0.21771988,0.21821867,0.21757619,0.21607971,0.21408136,0.21190885,0.20980297,0.20790003,0.20626262,0.20494297,0.20404921,0.20378141,0.20441405,0.20622088,0.20936416,0.21379223,0.21919191,0.22501753,0.23058344,0.23518421,0.23820719,0.23921594,0.23799655,0.23456739,0.22915699,0.22215632,0.21405396,0.20536482,0.19656555,0.18804972,0.18011186,0.17296052,0.16674891,0.16160373,0.15763398,0.15491305,0.15344489,0.1531388,0.15381737,0.15526511,0.15730368,0.15986454,0.16302828,0.1670084,0.17207436,0.1784315,0.18609956,0.19483866,0.20415102,0.2133516,0.22167607,0.22839232,0.23289402,0.23476674,0.23382622,0.23013096,0.22397323,0.215853,0.2064393,0.1965232,0.18696408,0.1786272,0.17230698,0.16863334,0.16797206,0.17035112,0.17544778,0.18264498,0.19113162,0.20001161,0.20840204,0.21551883,0.2207549,0.22375396,0.22447833,0.22326198,0.22083044,0.21825671,0.21681249,0.21769203,0.22165854,0.22876069,0.23827621,0.24890327,0.2590728,0.2672397,0.27208936,0.2726645,0.2684386,0.25936154,0.24589325,0.22903754,0.21037725,0.19208443,0.17679846,0.16714616,0.16477245,0.1694144,0.17899694,0.19068779,0.20187962,0.2106109,0.2156139,0.21623997,0.21237326,0.20436032,0.19295548,0.17927435,0.16474059,0.15099083,0.13967186,0.13206704,0.128632,0.1287617,0.13105129,0.13385634,0.13575229
189,0.14822446,0.14355373,0.13698485,0.12984546,0.123968594,0.12142723,0.123859406,0.13167512,0.14387825,0.15865135,0.17405635,0.18842134,0.20046717,0.20933072,0.21456769,0.21615858,0.21451674,0.2104859,0.20530288,0.20048344,0.19758368,0.19783442,0.20176671,0.20904307,0.2186098,0.2290571,0.23897852,0.24721377,0.25297222,0.25587568,0.25595266,0.2535981,0.24950016,0.24453008,0.23959346,0.23545657,0.23258401,0.23104155,0.23050499,0.2303729,0.22993526,0.22853842,0.22570692,0.2212108,0.2150855,0.20761743,0.19930647,0.19081333,0.18289389,0.17631936,0.17178057,0.1697832,0.17055716,0.17401186,0.17975658,0.18717325,0.19551016,0.20397048,0.21178664,0.21828397,0.22293779,0.22542594,0.225673,0.2238798,0.22052789,0.21634504,0.21221682,0.20903674,0.2075129,0.20798802,0.2103523,0.2140963,0.2184772,0.2227207,0.22618657,0.22846603,0.2294102,0.2291038,0.22780058,0.22583877,0.22355671,0.22122946,0.21904323,0.21711211,0.21552604,0.21440506,0.21393108,0.21433601,0.21584108,0.21856557,0.22244099,0.22716966,0.23224787,0.23704495,0.24091007,0.24327596,0.2437386,0.24210364,0.23839806,0.23285063,0.22584632,0.21786304,0.20940076,0.20091648,0.19277851,0.18524984,0.17850175,0.17264701,0.1677742,0.16396454,0.16128315,0.1597518,0.15932307,0.1598783,0.16125973,0.1633281,0.16602272,0.16939643,0.17360505,0.17884581,0.18525966,0.19283152,0.20132712,0.21029098,0.2191024,0.2270663,0.23351134,0.23787561,0.23976973,0.23901492,0.23565765,0.22996348,0.22239488,0.21357697,0.2042548,0.19524382,0.18737066,0.18139943,0.17794056,0.17735334,0.17967199,0.18458854,0.19150305,0.19961987,0.20805673,0.2159454,0.22251944,0.2271927,0.22963093,0.229816,0.22809412,0.22519116,0.222166,0.22026388,0.22065005,0.2240712,0.2305839,0.23949829,0.24956019,0.2592542,0.26709035,0.2718107,0.2725175,0.26874825,0.2605222,0.24837191,0.23336759,0.21712348,0.20174174,0.18958355,0.18272705,0.18217722,0.18734507,0.19631492,0.20665483,0.21611989,0.22298399,0.22611201,0.22492711,0.21935454,0.20976882,0.19694959,0.18204291,0.16651435,0.15205695,0.14037839,0.13279378,0.12971723,0.13042496,0.13337184,0.13680811,0.13925172
190,0.14853893,0.14469098,0.13907117,0.13297488,0.12814248,0.12647866,0.1294391,0.13736899,0.14937201,0.1638005,0.17885862,0.19296372,0.2048856,0.21378507,0.21922478,0.22117652,0.22002569,0.21656187,0.21193406,0.20753619,0.20478791,0.20481575,0.2081334,0.2144907,0.22298813,0.23237847,0.24138908,0.24895614,0.25435373,0.2572435,0.2576719,0.25602728,0.25296125,0.24927118,0.24575005,0.24302232,0.24140647,0.24085039,0.24096575,0.24114639,0.24072392,0.23911205,0.2359097,0.23095667,0.22434825,0.21641916,0.20770659,0.19889791,0.19076496,0.18408322,0.17953521,0.1776071,0.17850244,0.1821039,0.18799888,0.19555415,0.20400897,0.21256173,0.22044317,0.22697912,0.23164739,0.23413,0.23435742,0.23253806,0.22916238,0.22496806,0.22085102,0.21771504,0.21627793,0.21689038,0.21944615,0.22343116,0.22808658,0.23261027,0.2363253,0.2387821,0.23979351,0.23941548,0.23788987,0.23556572,0.23281686,0.22997479,0.22729254,0.22494638,0.22306843,0.22178999,0.22127014,0.22168955,0.2232038,0.22587089,0.22958277,0.23403329,0.23873954,0.24311087,0.246543,0.24851152,0.24864557,0.24677235,0.24292967,0.23734859,0.23041065,0.22258703,0.21436945,0.20620558,0.19845267,0.1913591,0.1850761,0.17968994,0.17525755,0.17182778,0.16943982,0.1681034,0.16777737,0.16836537,0.16973859,0.17178077,0.17443718,0.17774466,0.18182486,0.18683478,0.192886,0.19995944,0.20784818,0.21615005,0.2243111,0.23170291,0.23771042,0.2418116,0.2436382,0.24301378,0.23996939,0.23473991,0.22774479,0.21955772,0.21086861,0.20243937,0.19505091,0.18943565,0.18619208,0.18568979,0.18799144,0.19282499,0.19962181,0.20760554,0.21590091,0.22363886,0.23004922,0.23454195,0.23677962,0.23674005,0.23476236,0.23156072,0.22817898,0.22585054,0.22574392,0.22863555,0.23463829,0.24313127,0.25292417,0.2625507,0.27055594,0.27570784,0.27713022,0.27437973,0.26749036,0.25699785,0.243947,0.22986536,0.21665959,0.20635283,0.20060353,0.20012152,0.20434657,0.21167159,0.22003263,0.22745763,0.2323747,0.23371947,0.23094027,0.22396679,0.21317174,0.19933528,0.18361253,0.16749136,0.15270053,0.14098406,0.13366158,0.1310866,0.13242099,0.13600634,0.1400195,0.14294331
191,0.14694156,0.14380325,0.13908854,0.13407117,0.1304046,0.12982003,0.13356169,0.14184876,0.15381613,0.16794877,0.18259536,0.19628774,0.20787688,0.2165793,0.22199363,0.2241089,0.22330552,0.22033884,0.2162858,0.21242681,0.21003897,0.21011506,0.21309653,0.21875511,0.22629471,0.23461008,0.2425701,0.24923262,0.25396907,0.25651503,0.2569669,0.25573522,0.2534582,0.25087643,0.24867955,0.24735177,0.2470588,0.24761593,0.24854892,0.24922152,0.24898337,0.24729773,0.24382827,0.2384827,0.23142037,0.22303274,0.21390475,0.20476152,0.19640088,0.1896103,0.1850683,0.18324122,0.18430176,0.18809877,0.19419064,0.20192432,0.21052839,0.2191977,0.22716412,0.2337575,0.23846161,0.24096583,0.24120912,0.2394091,0.23606555,0.23192434,0.22788692,0.22485839,0.22355317,0.22431442,0.227025,0.23115605,0.23592912,0.24051714,0.24421455,0.24654332,0.24729319,0.24650875,0.24443829,0.24145944,0.23799735,0.2344522,0.23115183,0.2283384,0.22618619,0.22483502,0.22441673,0.22505501,0.22683233,0.22973506,0.23360182,0.23810148,0.24275512,0.24699758,0.25026056,0.25205594,0.25204277,0.25006872,0.2461827,0.24061947,0.23375992,0.2260734,0.21805115,0.2101428,0.20270893,0.19599973,0.19016272,0.18527134,0.18135907,0.17844264,0.1765258,0.17558694,0.1755641,0.17635302,0.17782672,0.17987311,0.18243627,0.18554232,0.18929458,0.19383265,0.19926302,0.20558342,0.2126282,0.22005527,0.22737898,0.23403631,0.23946641,0.24318554,0.2448458,0.24427283,0.24148232,0.23667777,0.23023362,0.22266823,0.21461059,0.20676222,0.19985212,0.19457813,0.19152954,0.19109552,0.1933815,0.19816759,0.20493029,0.2129205,0.22127058,0.22910352,0.23563167,0.24024267,0.24257436,0.2425783,0.24056615,0.23722531,0.23357886,0.23085651,0.23025402,0.23261414,0.23814586,0.24632837,0.25604966,0.26588923,0.27440932,0.2803753,0.28289515,0.281499,0.27618065,0.26741415,0.2561459,0.24374835,0.23190057,0.22234376,0.21648967,0.21497896,0.21743107,0.2225756,0.22867714,0.23398747,0.23704854,0.23683406,0.23278873,0.2248197,0.21327181,0.19890001,0.18284257,0.1665825,0.15185484,0.14040905,0.13354343,0.13154468,0.13348347,0.13762994,0.14212693,0.14544746
