0,0.13598199,0.117993325,0.10131385,0.08694687,0.075799726,0.06840397,0.06456444,0.063298814,0.06325393,0.063222624,0.062392842,0.060358364,0.05704844,0.0526622,0.047629997,0.042594045,0.038366683,0.035762385,0.035219885,0.036462,0.038630255,0.040732328,0.041932568,0.041616037,0.03936406,0.03492202,0.028180875,0.019186193,0.008372142,0.006897046,0.021130422,0.037262615,0.05430192,0.07167636,0.088824,0.10518173,0.120201975,0.1333748,0.14425124,0.15246631,0.1577607,0.16000079,0.15919662,0.15551811,0.14931019,0.14110658,0.13164072,0.121843934,0.112804815,0.105638996,0.10122359,0.099857606,0.10107919,0.10382328,0.10679232,0.10877434,0.10880147,0.10619265,0.100546435,0.09172032,0.07981003,0.065134205,0.04823902,0.030019501,0.013182847,0.015621031,0.03285524,0.05017985,0.06552939,0.07800895,0.08701478,0.09216222,0.09329341,0.09049724,0.08413429,0.0748777,0.06380373,0.05260307,0.043929644,0.041076086,0.045169104,0.053579345,0.06306214,0.07159655,0.07819145,0.08254067,0.08485816,0.08579091,0.086307734,0.087482885,0.090155765,0.09459611,0.10039697,0.106660485,0.112310275,0.1163515,0.118027814,0.11690292,0.11290273,0.10634075,0.09793728,0.088827394,0.08051085,0.07460517,0.07224404,0.07337981,0.0767632,0.08069573,0.08375402,0.085096955,0.08452646,0.08248612,0.080034435,0.07869656,0.08001613,0.08483443,0.09284262,0.10285342,0.113415584,0.12324662,0.13140686,0.13733877,0.14085518,0.1421018,0.14149229,0.1396082,0.13706097,0.13433129,0.13162667,0.12881224,0.12545052,0.12093751,0.114685185,0.10630504,0.09578303,0.08368638,0.07149615,0.062094625,0.059552845,0.06612813,0.07965451,0.09628647,0.11304266,0.12795015,0.13969995,0.14744914,0.15074463,0.14950348,0.14401956,0.13498947,0.1235629,0.11141766,0.10079707,0.09425162,0.09368619,0.09911984,0.10868527,0.11989847,0.13064662,0.13944152,0.14535245,0.14789745,0.14696267,0.14275067,0.13574897,0.1267137,0.116662204,0.10685669,0.09872313,0.09360514,0.09231438,0.0947343,0.09989022,0.10643844,0.11312298,0.11897639,0.12334114,0.1258277,0.12626693,0.12467357,0.121223144,0.11624095,0.11020117,0.10373111,0.09760678,0.09270879,0.08989309,0.08976397,0.092448436,0.09754638,0.10429883,0.1118271
1,0.14112136,0.11969755,0.09991385,0.0833621,0.07170832,0.065994695,0.06561744,0.06842171,0.072037786,0.07477767,0.07570305,0.07442717,0.07094463,0.06552943,0.058685444,0.051136807,0.043846976,0.038005758,0.03476526,0.03452322,0.036439866,0.0390319,0.040981263,0.0413794,0.039663997,0.035525147,0.028843177,0.01965143,0.0081120115,0.005504612,0.020831777,0.037431728,0.054808006,0.07242701,0.08973813,0.10619458,0.12127436,0.13450067,0.14546113,0.15382513,0.15935898,0.16193792,0.16155545,0.15832917,0.15250406,0.1444532,0.13467667,0.1237983,0.112557046,0.101782545,0.092331454,0.084950045,0.08005704,0.07754188,0.07675206,0.07671754,0.07644643,0.07512143,0.07217073,0.06726606,0.060295187,0.05133042,0.040600367,0.028468683,0.015451264,0.0034960576,0.012485773,0.025203677,0.03690243,0.04700282,0.05510887,0.06096396,0.06447102,0.06571904,0.06500952,0.062878974,0.060103018,0.05764107,0.05645063,0.057154037,0.05975048,0.063655004,0.06802729,0.07209992,0.07536063,0.07762209,0.07903473,0.08005627,0.08135598,0.08362808,0.08734173,0.09254113,0.09881606,0.10544181,0.11157988,0.116446465,0.11942277,0.120119475,0.11841174,0.11445433,0.1086788,0.10176729,0.09458682,0.08805705,0.08293156,0.0795393,0.07763944,0.07653494,0.07539478,0.07359533,0.070966795,0.06794733,0.06563857,0.06560792,0.06921371,0.07676001,0.08736346,0.09956823,0.1119261,0.123241864,0.13263021,0.13951689,0.14362766,0.14496854,0.14379148,0.14053854,0.13576084,0.13001372,0.12374083,0.11717429,0.11028679,0.10282268,0.09440777,0.084713414,0.07365703,0.061677188,0.05024393,0.042743914,0.04388246,0.054305423,0.06995996,0.0872075,0.10383271,0.11841011,0.12995341,0.13780157,0.14159742,0.14129928,0.13720617,0.12999326,0.12075877,0.11106735,0.10290974,0.09836916,0.09882199,0.1041362,0.11278358,0.12272702,0.13214102,0.13966121,0.14438438,0.14580888,0.14378084,0.13845792,0.1302902,0.120019145,0.1086963,0.097709216,0.088744916,0.08350445,0.083017305,0.08698842,0.09398619,0.102262005,0.110338844,0.117163934,0.122061774,0.124655,0.12480269,0.12255999,0.118154794,0.11197813,0.104586564,0.096713275,0.08927311,0.08331864,0.079870485,0.07958952,0.08246686,0.08782965,0.09466127,0.101933345
2,0.14871654,0.12366931,0.10026977,0.08074901,0.067880444,0.06369565,0.06702023,0.0740438,0.08132624,0.08683456,0.08957874,0.08919887,0.08573423,0.0795067,0.07106393,0.061163276,0.05080264,0.041313544,0.034426708,0.031736877,0.033138674,0.03658831,0.039917227,0.041722767,0.041230083,0.038058214,0.032090798,0.023426034,0.012477784,0.0048115375,0.017839635,0.034280222,0.051689032,0.06938535,0.0867837,0.10333635,0.11853915,0.1319447,0.14317515,0.15193276,0.15800782,0.16128343,0.16173738,0.15944108,0.15455583,0.14732692,0.13807607,0.12719315,0.11512823,0.10238526,0.08951921,0.077136576,0.06589432,0.056474596,0.049480695,0.045201205,0.043351397,0.04310086,0.043437783,0.04351449,0.042767238,0.04089121,0.037781965,0.03348954,0.028198505,0.022254357,0.01632566,0.01200885,0.012218049,0.016927386,0.023362638,0.030096194,0.036597457,0.04265543,0.04820299,0.05325162,0.05785054,0.06205115,0.06587657,0.0693023,0.0722539,0.07462444,0.07630968,0.07725595,0.07751406,0.07728982,0.07697575,0.07713658,0.07841389,0.08134125,0.086138204,0.092607506,0.10019504,0.10814732,0.115668,0.12202858,0.12663631,0.12907475,0.12912747,0.126789,0.122262634,0.11594297,0.10837886,0.100211285,0.09208114,0.08451032,0.077782474,0.07187981,0.06653779,0.061432637,0.056457162,0.052022655,0.049281873,0.04992429,0.05514106,0.06464166,0.077044316,0.09078121,0.104500614,0.11711818,0.12779637,0.13593258,0.14115761,0.14333344,0.14254162,0.13905716,0.13330461,0.12579654,0.11705708,0.10753926,0.09755212,0.087219976,0.076496445,0.06524787,0.053420123,0.04136137,0.03065112,0.025968954,0.032253984,0.04596292,0.062297806,0.07892206,0.09451428,0.1081246,0.119021885,0.12667933,0.13079873,0.13134533,0.12858595,0.123129725,0.11596902,0.10849756,0.10242727,0.09945252,0.10061131,0.10574089,0.11359548,0.1224826,0.13081251,0.13733356,0.14117204,0.14180768,0.13904174,0.13297445,0.1239965,0.11280168,0.10043167,0.08835799,0.07853504,0.073128566,0.07350645,0.07915175,0.08806894,0.09809591,0.10758457,0.11543796,0.120978825,0.12383898,0.123890676,0.1212075,0.1160444,0.10883279,0.10019123,0.09095262,0.08219666,0.075229734,0.0713693,0.07142727,0.0752176,0.08167219,0.08942961,0.097280174
3,0.15848173,0.1299447,0.102717124,0.07953325,0.06444145,0.06115983,0.06802381,0.079139955,0.08998308,0.09825292,0.10292023,0.10363082,0.100441195,0.09369721,0.08397232,0.07203926,0.05888229,0.045796644,0.03467832,0.028322177,0.028648382,0.033376027,0.03879085,0.042697005,0.044064943,0.04244983,0.03774534,0.030106926,0.020041753,0.00977213,0.013092202,0.027934173,0.044893146,0.06242045,0.07977849,0.09638409,0.111736886,0.12541163,0.13706018,0.14641362,0.1532822,0.15755318,0.15918687,0.15821159,0.15471776,0.14885207,0.14081131,0.1308365,0.11920677,0.10623337,0.09225361,0.07762557,0.062725626,0.047955405,0.033783797,0.020956816,0.011785458,0.0126709,0.020218981,0.027990187,0.034486756,0.03930485,0.042290397,0.043390427,0.042615157,0.040025536,0.035729095,0.029880883,0.022694908,0.014509803,0.0064750793,0.00771122,0.017162966,0.027486492,0.037757955,0.0475887,0.056678154,0.06476987,0.07164826,0.07714353,0.08114008,0.08358833,0.08452164,0.08407998,0.082541466,0.08035844,0.07818327,0.07684581,0.0772234,0.07998347,0.08531756,0.09286792,0.101886235,0.111465365,0.12070793,0.12881441,0.1351244,0.13913879,0.14053474,0.1391755,0.13511343,0.12858386,0.11998727,0.10985762,0.0988146,0.087498344,0.07648733,0.0662096,0.056876298,0.048493154,0.04102117,0.034752034,0.030873423,0.031508632,0.03780007,0.048581295,0.06200575,0.076598644,0.09122198,0.10493373,0.11693751,0.12658451,0.13339272,0.13706574,0.13750273,0.13479531,0.12920949,0.12115274,0.11112744,0.099673666,0.08730689,0.07445948,0.061439898,0.048431415,0.035574347,0.02331087,0.014203901,0.016694954,0.028573748,0.042892743,0.057721842,0.072212666,0.08568974,0.097532324,0.10718966,0.11422521,0.118366316,0.11955301,0.11798448,0.11416292,0.10892928,0.10346584,0.099197954,0.0974926,0.099159315,0.104060724,0.1111985,0.11916981,0.12659332,0.13232587,0.13552687,0.13565996,0.13247965,0.12602055,0.11659798,0.104831204,0.09171128,0.07874552,0.06815015,0.06268159,0.06417771,0.0717603,0.08271658,0.094508454,0.10540398,0.11431416,0.120577335,0.12383095,0.12394533,0.12099041,0.11522163,0.107081555,0.09722184,0.08655533,0.07634155,0.06824324,0.06409104,0.06502016,0.07058517,0.079130135,0.08885988,0.098379835
4,0.16986401,0.13826771,0.107376136,0.08015419,0.061707787,0.058166947,0.06800537,0.082887635,0.09711123,0.10811323,0.11480524,0.11681049,0.11417641,0.10725176,0.09662154,0.0830673,0.0675533,0.051276315,0.035936147,0.024740301,0.022946838,0.029510545,0.037754487,0.044326566,0.048008785,0.048341285,0.045232654,0.0388525,0.029642604,0.018652705,0.0108830705,0.01905271,0.034610122,0.051630277,0.06878265,0.085366525,0.10086157,0.114854984,0.12702256,0.13711907,0.14496931,0.1504592,0.15352736,0.15415877,0.15238084,0.14826259,0.14191614,0.13349973,0.123220876,0.11133878,0.09816536,0.08406607,0.069464855,0.054866783,0.040940985,0.02881034,0.02088704,0.0206068,0.026493048,0.034119256,0.041333325,0.047351394,0.051857866,0.054718167,0.05588508,0.055366233,0.05321818,0.049559295,0.044605564,0.038747802,0.03271764,0.027895447,0.026415974,0.02972382,0.036880698,0.046006884,0.055708148,0.06508861,0.07353313,0.08059514,0.08595673,0.08942145,0.09092293,0.09054369,0.08854422,0.08540241,0.081855714,0.07891165,0.077743575,0.07938208,0.08428962,0.09215673,0.102097966,0.11300674,0.12380217,0.13353354,0.14141157,0.14681834,0.14931484,0.14864929,0.14476345,0.1377935,0.12806252,0.11606254,0.10242489,0.08787781,0.07319022,0.059099022,0.04621662,0.034921516,0.025270129,0.017084172,0.010824582,0.010591045,0.018294439,0.02970148,0.043079898,0.057612635,0.07253916,0.08706348,0.10038952,0.1117762,0.12058996,0.12634781,0.12874787,0.12768535,0.1232533,0.11572823,0.1055417,0.09324003,0.07943534,0.064752735,0.04978168,0.035051297,0.021117704,0.009664664,0.010924109,0.021824213,0.03360984,0.04532723,0.056783583,0.06778538,0.0780496,0.087217145,0.09490014,0.10074188,0.10447932,0.10600296,0.10541195,0.10306261,0.09960293,0.095969625,0.09329459,0.09265516,0.09469284,0.09932219,0.10577232,0.112902254,0.119527794,0.12461623,0.12736602,0.12722918,0.12391386,0.11738468,0.10787113,0.09589874,0.082375385,0.06880006,0.05764928,0.052439746,0.05557743,0.06547761,0.07856553,0.09207758,0.10432715,0.11428743,0.121324494,0.12507436,0.12538864,0.122310825,0.11606901,0.10708352,0.09599888,0.08376261,0.07178603,0.062166575,0.057559017,0.059735693,0.06784472,0.07935908,0.09198033,0.10415655
5,0.18212,0.14811812,0.11407379,0.08291121,0.060194477,0.054728672,0.066550404,0.0846954,0.10203483,0.115684144,0.12446158,0.12794015,0.12613516,0.1193794,0.108255945,0.09355026,0.0762149,0.057363346,0.03838821,0.021831501,0.01606361,0.025375973,0.03710496,0.046637155,0.052831054,0.05529156,0.05395292,0.04898349,0.040759914,0.02991391,0.017794363,0.011090308,0.021397611,0.03733086,0.05408792,0.07055986,0.086160876,0.10048044,0.1132142,0.1241366,0.13308167,0.13992761,0.14458546,0.14699386,0.14712043,0.14496937,0.14059381,0.13411053,0.12571433,0.11569089,0.1044268,0.09241926,0.08028802,0.068792775,0.058843076,0.051434018,0.04735982,0.046709694,0.04868485,0.052096386,0.05594044,0.05957746,0.06265873,0.06500518,0.06651198,0.067090735,0.06664776,0.06509375,0.06237937,0.05855259,0.053838477,0.048748385,0.044209775,0.04159191,0.042262252,0.046634953,0.05386314,0.062585875,0.07157501,0.0798892,0.086840115,0.09195027,0.09493509,0.095705226,0.09438463,0.091343746,0.08724671,0.08309509,0.08020078,0.07995153,0.08330515,0.090319335,0.10017943,0.11163555,0.123398595,0.13432167,0.1434474,0.15001252,0.153449,0.15338944,0.14967446,0.14235757,0.1317039,0.11817981,0.10243283,0.08526246,0.067585796,0.050407525,0.03482232,0.02213532,0.014212725,0.012369617,0.0133457165,0.013665539,0.013547494,0.016165314,0.023842506,0.035482395,0.049382713,0.06419539,0.07877658,0.09211066,0.103314824,0.111668944,0.11664698,0.11794011,0.11546726,0.10937128,0.10000095,0.08788033,0.073669314,0.058122452,0.042066738,0.026491767,0.013516886,0.012104283,0.022002527,0.032797027,0.042626895,0.051330328,0.059052136,0.06598674,0.07226597,0.07790322,0.082787976,0.08672405,0.08949595,0.090946086,0.0910495,0.089977495,0.088140935,0.0861937,0.08495936,0.08524175,0.08754448,0.09184609,0.09759304,0.10389543,0.10976615,0.11429017,0.11671334,0.1164819,0.1132599,0.10694025,0.097660504,0.08584037,0.07228287,0.05844987,0.04711427,0.042824708,0.048458237,0.06104102,0.076212,0.091294356,0.10478493,0.11575494,0.12359803,0.127936,0.12858354,0.12553553,0.118966274,0.10924066,0.09694998,0.08300592,0.06887114,0.057034414,0.051322505,0.054755133,0.06589883,0.08095504,0.09706897,0.11256734
6,0.19440107,0.15878914,0.122354396,0.087813996,0.06049819,0.051175553,0.06348982,0.084197275,0.104280025,0.120407775,0.13126244,0.13634172,0.13560922,0.12936506,0.11817703,0.10282837,0.08426946,0.063574575,0.04192715,0.020838886,0.0080730105,0.021887843,0.037289843,0.04967441,0.05831052,0.06290433,0.06341119,0.059993684,0.05299443,0.042914253,0.030423028,0.016645053,0.008238156,0.020062912,0.03620986,0.052492168,0.06814176,0.082749225,0.096034296,0.10779145,0.11786035,0.12610504,0.132402,0.13663848,0.13872181,0.13859773,0.13627464,0.13184974,0.12553275,0.117664084,0.10872405,0.09932859,0.09020239,0.082111284,0.075731434,0.07146193,0.069269955,0.06870766,0.06912429,0.06992519,0.07073083,0.07140651,0.07200092,0.07263634,0.07338845,0.0741955,0.07482965,0.07493683,0.07412293,0.07205506,0.06855857,0.063710004,0.05794155,0.0521716,0.047895398,0.046893246,0.0501747,0.05712734,0.066148885,0.07565561,0.08443904,0.09165117,0.09673905,0.09940786,0.0996127,0.097572505,0.09380366,0.08916748,0.08489777,0.08250276,0.08338258,0.088215284,0.096615106,0.10741017,0.1191698,0.1305443,0.14038338,0.14775544,0.15194613,0.1524602,0.14902833,0.1416145,0.13041921,0.115875594,0.09863805,0.07956877,0.059743628,0.040566698,0.02445349,0.01748064,0.022997478,0.031204678,0.036951616,0.03892384,0.03690957,0.031374533,0.02385943,0.01899032,0.024237718,0.037378084,0.05298959,0.06850751,0.08247213,0.09384393,0.1018631,0.106030025,0.1061079,0.102121815,0.094347365,0.08328909,0.06965488,0.054346684,0.038543038,0.024256213,0.016946983,0.022466993,0.03306854,0.043334242,0.05191294,0.058525644,0.063298255,0.06657271,0.06879333,0.07039907,0.07172354,0.07292948,0.07400467,0.074822344,0.07524117,0.07520962,0.07484538,0.074468374,0.07456473,0.075663,0.07814002,0.082042225,0.08702939,0.09246292,0.09756121,0.10153886,0.103699684,0.103491195,0.10053663,0.09465705,0.08589492,0.07455779,0.06133388,0.04764744,0.036713578,0.034576222,0.0437712,0.05909719,0.07606291,0.09245243,0.10702225,0.11894096,0.12761453,0.13263309,0.13375613,0.13091086,0.12419653,0.11389651,0.10051029,0.084841266,0.06824676,0.053337075,0.045225233,0.04932365,0.063637994,0.082486786,0.102379784,0.121545225
7,0.20582707,0.16947578,0.13155912,0.09453394,0.06304613,0.0482093,0.058928914,0.08124531,0.10356554,0.121898234,0.13473399,0.1414717,0.14200698,0.1365927,0.1257688,0.110308714,0.09116722,0.069425724,0.046235364,0.022761986,0.00091696356,0.020745177,0.03882925,0.053504966,0.06427552,0.07086431,0.07321145,0.07146037,0.06593348,0.057098247,0.04552707,0.03185618,0.016766384,0.0024323603,0.015938817,0.03201942,0.04761877,0.06240066,0.07613534,0.088644266,0.09977003,0.109354965,0.11723188,0.123229295,0.12719077,0.1290051,0.12864226,0.1261893,0.12188071,0.11611703,0.109464265,0.102621764,0.09634106,0.09128276,0.087833606,0.08596898,0.08526601,0.08508013,0.084781215,0.08393823,0.08241302,0.08037315,0.078234516,0.07653,0.07570967,0.07593019,0.07694485,0.07816493,0.078843765,0.07827416,0.07593495,0.071586885,0.06535127,0.057818614,0.050242558,0.044763114,0.043977983,0.048950218,0.058117643,0.06907734,0.07996554,0.089550376,0.09704626,0.10199543,0.10421764,0.10379814,0.101099774,0.0967936,0.09189541,0.08775738,0.08589218,0.08750982,0.09294987,0.10152515,0.11191256,0.12264466,0.13238432,0.14001374,0.14465056,0.14565086,0.14261548,0.13539927,0.124119006,0.10915728,0.09116559,0.071086265,0.05028219,0.03125747,0.021222139,0.02837365,0.041722078,0.05358284,0.061753098,0.06538744,0.06418963,0.05824786,0.047990218,0.034200694,0.018384641,0.009618937,0.024192099,0.04238517,0.05947492,0.07410634,0.08537539,0.09265935,0.09561164,0.09416896,0.088550694,0.07925108,0.067036666,0.05299055,0.03874944,0.027423928,0.02470855,0.031701595,0.04208291,0.051939707,0.05982459,0.06523457,0.068127885,0.06876919,0.067652576,0.06543231,0.0628326,0.060522858,0.05897247,0.0583461,0.05851591,0.059199177,0.0601391,0.06123557,0.06258365,0.06441879,0.066989824,0.07040834,0.07454493,0.079019204,0.083270736,0.086660855,0.08856463,0.088439025,0.085870154,0.080607735,0.0725976,0.06203318,0.04949074,0.03641045,0.026897198,0.029016854,0.042389464,0.059945446,0.078204796,0.09557675,0.111049406,0.12385469,0.13338633,0.13918409,0.1409366,0.138489,0.1318516,0.1212118,0.106957786,0.089743316,0.070690855,0.052102942,0.039736878,0.042961765,0.060191374,0.082820736,0.1065357,0.12946652
8,0.21554482,0.17935017,0.14092466,0.10247601,0.06785137,0.04682773,0.05329651,0.075909786,0.099799715,0.1199453,0.13456641,0.14293845,0.14487521,0.14057033,0.13052447,0.11549343,0.09644014,0.074492194,0.050932743,0.027442427,0.010762845,0.023565559,0.04214241,0.058200214,0.07061126,0.078932755,0.083028175,0.08299641,0.07913205,0.07188484,0.06181494,0.049546834,0.035731856,0.021065898,0.0071424814,0.011591542,0.026114913,0.04060334,0.054473646,0.067498885,0.079490416,0.09024495,0.09953313,0.1071116,0.11275266,0.11628552,0.117642336,0.11690209,0.11432541,0.110371895,0.105687134,0.10103979,0.097188115,0.09468196,0.09367093,0.093838714,0.094523296,0.09495056,0.094457835,0.09264279,0.08943926,0.08514157,0.080382675,0.07603904,0.07300985,0.07186537,0.07253268,0.07428164,0.076028146,0.07669579,0.075447015,0.07178589,0.065605715,0.05725391,0.047712255,0.039068285,0.03506471,0.038955253,0.04920314,0.062137626,0.07525798,0.08713321,0.096905604,0.104067884,0.10838099,0.10984611,0.10870067,0.10542965,0.10078759,0.09581438,0.09179103,0.09003448,0.09147735,0.09623686,0.10355434,0.112142794,0.12059593,0.12762992,0.13217783,0.13342012,0.13079923,0.12403317,0.11313023,0.09840626,0.08051921,0.060588796,0.040738758,0.02676851,0.030093497,0.045507662,0.062189337,0.076378874,0.086548395,0.09189914,0.09206574,0.08704389,0.0771593,0.06303812,0.045577183,0.025974818,0.0074085123,0.017972412,0.037188154,0.05446771,0.06857078,0.078741916,0.084529355,0.08578322,0.082662284,0.075639494,0.065522544,0.05354232,0.0416531,0.033215836,0.032438874,0.03913166,0.04880474,0.058164243,0.065615885,0.07043822,0.07239494,0.071585804,0.06837857,0.0633681,0.05734503,0.05125767,0.046125084,0.042821873,0.04173122,0.042550582,0.044547968,0.04702259,0.049567312,0.052086927,0.054691467,0.05754519,0.060720507,0.06410342,0.06737782,0.07007716,0.07166643,0.07162233,0.06949775,0.06497119,0.057890765,0.04833727,0.03679709,0.024923606,0.019056575,0.027838541,0.044539478,0.063385084,0.08238856,0.10043632,0.11665683,0.13030067,0.14072509,0.14740406,0.14994384,0.14809836,0.14178215,0.13108246,0.11627581,0.09786704,0.07671599,0.054542024,0.03631425,0.035660263,0.055019945,0.08120268,0.10859751,0.13520727
9,0.22277519,0.18761997,0.14966689,0.11090345,0.07447241,0.047962032,0.04743388,0.06849387,0.093080886,0.1145178,0.13062327,0.14051723,0.143919,0.14095336,0.13207255,0.11800771,0.09973237,0.07845059,0.055691108,0.033988785,0.021314928,0.03015605,0.047383644,0.0638103,0.07724907,0.08693298,0.09258739,0.0942356,0.09212331,0.0866645,0.07838985,0.067896165,0.05580342,0.04273781,0.029409405,0.017209936,0.012091148,0.0202801,0.032660194,0.045489054,0.05792143,0.06952881,0.07994601,0.08882225,0.09584119,0.10076431,0.103481725,0.10406106,0.102786146,0.100174725,0.096956305,0.09398123,0.09203634,0.091595046,0.09262293,0.09457892,0.096616566,0.09784949,0.09755936,0.09531737,0.09104454,0.085040405,0.07799414,0.07096206,0.06523521,0.061958265,0.061521675,0.06322749,0.06565875,0.06733549,0.067109175,0.06427127,0.05855185,0.050128512,0.039761733,0.029417323,0.024130024,0.029712655,0.04265912,0.057755087,0.0726236,0.08608579,0.09743437,0.10623529,0.112266846,0.11549601,0.11606749,0.11430125,0.11069846,0.105953,0.10095277,0.09673122,0.09430699,0.0943877,0.09706306,0.101722375,0.1072652,0.11241895,0.11597911,0.1169383,0.11454842,0.108356476,0.09823613,0.08443328,0.06767688,0.04956866,0.03421777,0.031614576,0.04492648,0.06380776,0.08240821,0.0983174,0.110199936,0.1172308,0.11897065,0.115337215,0.10659372,0.093336426,0.07648935,0.0573595,0.03801895,0.023548128,0.02528857,0.038966022,0.053485654,0.06537008,0.07343425,0.077229485,0.07675398,0.07238984,0.0649102,0.055561945,0.046285328,0.039965536,0.03951844,0.04494357,0.053325217,0.061882123,0.06892215,0.07353159,0.07528845,0.07411729,0.070213154,0.06399408,0.05607042,0.047236346,0.03850285,0.031178085,0.026799683,0.026271055,0.028732508,0.03243214,0.036137335,0.039333563,0.04196883,0.044226367,0.046346214,0.048477046,0.0505784,0.052399624,0.053529873,0.053483415,0.051785037,0.048040554,0.041997667,0.033630174,0.023408689,0.0140564265,0.016801164,0.031470735,0.049586806,0.068836674,0.08814296,0.1066299,0.12348155,0.13793243,0.14928642,0.15694174,0.16041578,0.1593668,0.15361156,0.1431392,0.12812407,0.1089471,0.08626004,0.06125333,0.037183784,0.028272193,0.04793365,0.07723193,0.10801382,0.13807042
10,0.22685292,0.19357347,0.15704177,0.11904742,0.08217721,0.051917966,0.04268743,0.059578564,0.0837015,0.105764106,0.12294577,0.13415992,0.13901673,0.13756467,0.13020095,0.11762744,0.10083067,0.081112176,0.060295068,0.04162752,0.03240563,0.039240457,0.05442157,0.07033873,0.08414762,0.094735794,0.10165753,0.104834326,0.10443802,0.10081874,0.09444322,0.08583666,0.07553057,0.06402437,0.051774785,0.039246522,0.02715006,0.017515428,0.016320148,0.024758374,0.036298912,0.048139192,0.059263308,0.069062375,0.077079415,0.08298789,0.08662524,0.088038854,0.08752821,0.08566836,0.08328849,0.08135983,0.08075263,0.08191157,0.084645286,0.08820309,0.09156675,0.093746215,0.09396715,0.09176074,0.08700045,0.07991847,0.07112288,0.061629046,0.052888792,0.04665408,0.04425455,0.045434438,0.048369683,0.050979797,0.051752478,0.049819753,0.044838775,0.036923055,0.026758103,0.016689373,0.015675895,0.027430942,0.042942267,0.058886603,0.074057415,0.08773907,0.099448815,0.10887871,0.115870446,0.12039451,0.122531116,0.1224563,0.12043775,0.11684227,0.11215151,0.106973715,0.10202621,0.09805182,0.095644064,0.09502073,0.095874,0.09741407,0.098579116,0.098280124,0.09558771,0.089852504,0.080794446,0.068621166,0.05432444,0.04067455,0.03463287,0.04308796,0.060907215,0.08133341,0.10103774,0.11816101,0.13145137,0.1400461,0.14342763,0.14142056,0.13419202,0.12224502,0.106408656,0.08784596,0.0681444,0.04969489,0.036771603,0.035069253,0.043120533,0.053741936,0.0627972,0.068675056,0.07086673,0.06947696,0.06508671,0.058750454,0.052067917,0.0471809,0.04616297,0.04955999,0.055919103,0.06314905,0.06959051,0.07417415,0.076295264,0.07569764,0.072396666,0.06662488,0.058788054,0.049428876,0.039205957,0.028920155,0.019711666,0.013764739,0.013916215,0.01821691,0.023035312,0.027005851,0.029842451,0.03166579,0.032778975,0.033529032,0.034171686,0.034757417,0.03509005,0.034776606,0.03333098,0.030281123,0.025262956,0.018155523,0.009823989,0.0094886,0.02213604,0.038425937,0.056519665,0.07560586,0.09492551,0.1136894,0.13108832,0.14632191,0.15863237,0.16733831,0.1718663,0.1717785,0.16679516,0.15681173,0.1419115,0.12237836,0.098726094,0.07181854,0.043567512,0.023514874,0.03913908,0.07082465,0.10456494,0.13771483
11,0.22726102,0.19661656,0.16238935,0.12618019,0.09014255,0.05817432,0.040733956,0.05013463,0.07216445,0.09400983,0.11175077,0.123997755,0.13022912,0.13041003,0.12487914,0.11430723,0.09969655,0.08245356,0.06466613,0.04988738,0.04386383,0.04980061,0.062942445,0.077725515,0.09127164,0.10224609,0.110045925,0.11448008,0.11562678,0.11374663,0.10921285,0.102449104,0.09387579,0.08387048,0.07274961,0.06077786,0.04821472,0.0354313,0.023288393,0.014899172,0.017343445,0.027292166,0.0383976,0.04866149,0.057259884,0.06372131,0.06780862,0.06953129,0.0691866,0.067399144,0.065122955,0.063528724,0.06367758,0.066042714,0.07024639,0.07527496,0.07992152,0.08311113,0.084044985,0.08224297,0.077547014,0.0701115,0.060392216,0.049151752,0.037533186,0.027342891,0.02151264,0.022171969,0.02650582,0.030617042,0.032545563,0.031515952,0.027375676,0.020512428,0.012617484,0.011669772,0.02234332,0.03655426,0.051537152,0.06625128,0.08003411,0.092424534,0.10312619,0.111983314,0.11894888,0.12404575,0.12732866,0.12885693,0.12868619,0.12688264,0.123556234,0.11890332,0.11324396,0.10703512,0.10083733,0.09521393,0.09056354,0.086938724,0.08395592,0.08087472,0.07681602,0.07102069,0.06309794,0.053337768,0.04337752,0.037580397,0.041973773,0.056349024,0.07576634,0.09663596,0.116768144,0.13461186,0.14897627,0.15896662,0.16398586,0.16374958,0.158295,0.14797868,0.13346331,0.11570213,0.0959413,0.07579173,0.057488974,0.04441449,0.040404394,0.044936385,0.05283925,0.06012256,0.065002635,0.0669247,0.06602671,0.06294276,0.058736354,0.054831572,0.052753955,0.053515993,0.05701346,0.062168203,0.067620926,0.07222038,0.075158656,0.07595039,0.07438157,0.0704621,0.064384796,0.056487795,0.047219068,0.037104357,0.026727485,0.01676755,0.00845211,0.006599307,0.011591339,0.01661716,0.020288683,0.022453746,0.023254236,0.022987323,0.022033472,0.020760888,0.01939381,0.017891774,0.015927508,0.012990944,0.008545474,0.0022429663,0.00672553,0.017838493,0.031353116,0.04701991,0.06443949,0.08306499,0.10222539,0.12115617,0.13903481,0.15501969,0.1682902,0.17808646,0.18374655,0.18473949,0.18069294,0.17141418,0.15690485,0.13737129,0.113238685,0.085203305,0.054523963,0.025828656,0.029514885,0.062213402,0.09833329,0.13411357
12,0.22365996,0.19630346,0.16516726,0.13166064,0.09758257,0.06573747,0.042679094,0.041747984,0.059238665,0.07975716,0.097421706,0.11033623,0.11780181,0.119690314,0.11628019,0.10821176,0.096502386,0.08264455,0.068863004,0.05850374,0.055516217,0.06119572,0.072560295,0.08584136,0.098571576,0.10938979,0.117597096,0.12290222,0.1252826,0.12489353,0.12199657,0.11689904,0.1099054,0.10128495,0.09125994,0.08001514,0.06772607,0.054601256,0.040940087,0.027253617,0.014861995,0.010252775,0.018391157,0.028540175,0.037359353,0.044011056,0.048144598,0.04970135,0.04893143,0.046462722,0.043386508,0.041243345,0.041580275,0.044989854,0.050672784,0.05713431,0.0629527,0.06704736,0.06869473,0.06749827,0.063361496,0.05646319,0.047228444,0.03629609,0.024502365,0.013039195,0.006074825,0.0116510345,0.018747453,0.023641255,0.025776923,0.025242588,0.022818843,0.020548804,0.021980204,0.0289687,0.039792582,0.05235922,0.06531484,0.07778941,0.08922279,0.09929976,0.10791183,0.11511011,0.12103967,0.12586135,0.12967713,0.13248043,0.13414663,0.1344667,0.13321252,0.13021404,0.12542897,0.11898992,0.11121889,0.10260166,0.093715385,0.08510761,0.07714402,0.069881,0.06305341,0.05624908,0.04928486,0.0428087,0.039102353,0.0417807,0.05228424,0.068548046,0.08791883,0.10836135,0.12828587,0.1463604,0.16145565,0.17265414,0.17927912,0.18092264,0.17746355,0.16907176,0.15619913,0.13956028,0.120112404,0.09905324,0.07788461,0.05865556,0.044514306,0.039401088,0.043406595,0.05141576,0.059201255,0.06486977,0.06780766,0.06807537,0.06617901,0.06298051,0.059623513,0.057358187,0.057161495,0.059283253,0.063141726,0.067691416,0.07186558,0.07480843,0.07593227,0.07490445,0.07161769,0.06615934,0.058781307,0.049870566,0.03992197,0.029523717,0.019403152,0.010841027,0.007872647,0.012156662,0.017354852,0.021316748,0.023645692,0.024352606,0.023636585,0.021812515,0.019256907,0.016359065,0.013516189,0.011301277,0.010903254,0.013800514,0.02020446,0.0296178,0.041701924,0.0561789,0.07268164,0.09070447,0.109603494,0.12861928,0.14691097,0.1635966,0.17779672,0.18867831,0.195497,0.19763519,0.19463438,0.18622063,0.17232227,0.15308103,0.12886128,0.1002757,0.06832248,0.035485096,0.021786332,0.05203667,0.08971164,0.12754045
13,0.21591076,0.19236189,0.16497742,0.13496445,0.10380984,0.0735648,0.048093077,0.03676754,0.046136394,0.0637024,0.08049411,0.09364205,0.102163866,0.10581495,0.10481019,0.09975769,0.09167427,0.08206738,0.07305989,0.06732532,0.06718763,0.07298059,0.08287658,0.094491325,0.105966635,0.11610082,0.12419081,0.12988228,0.13306245,0.13378006,0.13218045,0.12845278,0.12279058,0.1153692,0.10634139,0.09584981,0.08405142,0.07114628,0.057403143,0.04317606,0.028911572,0.015172488,0.0035132628,0.009778086,0.01887909,0.025674382,0.029759083,0.031001294,0.029505678,0.025677681,0.020426022,0.015829965,0.015784686,0.021382304,0.02928517,0.037066203,0.043474246,0.047778472,0.049574517,0.048754007,0.04552507,0.040469933,0.03466707,0.029866487,0.028237559,0.030698644,0.035788495,0.04136048,0.045907322,0.04863006,0.049308244,0.04827726,0.046485692,0.045493092,0.04705679,0.05213985,0.060305174,0.070274815,0.08073139,0.09066789,0.09944885,0.1067909,0.11272013,0.11750339,0.12154352,0.12524262,0.12886074,0.13241489,0.13565712,0.13813628,0.1393133,0.1386868,0.13589728,0.13079458,0.1234672,0.114235535,0.10361372,0.092243776,0.080808036,0.06993431,0.06012888,0.05180687,0.045505818,0.04224658,0.04353724,0.05035614,0.06225895,0.07795152,0.09604532,0.11524717,0.13433892,0.15216692,0.16766578,0.17989987,0.18810812,0.19174296,0.19049858,0.18432601,0.17343508,0.15828441,0.13956416,0.11817985,0.09525942,0.07224582,0.051285733,0.03645984,0.033948023,0.04238963,0.053744845,0.06367758,0.07063891,0.074163646,0.074336044,0.0716435,0.0669529,0.061527885,0.05698835,0.054980062,0.056395806,0.06076979,0.06667101,0.0725431,0.07715371,0.0796694,0.079610504,0.07679684,0.07130377,0.0634262,0.053648878,0.042632684,0.031259764,0.02092343,0.01464287,0.016175002,0.022171415,0.028267577,0.03297121,0.035868693,0.036957633,0.036467575,0.034788314,0.032427244,0.029985746,0.028158963,0.027736185,0.029511578,0.034062933,0.041606706,0.052076835,0.065245055,0.08075565,0.0981162,0.116693355,0.13572656,0.15435718,0.17166792,0.18672794,0.1986402,0.20658757,0.20987563,0.20796937,0.20052268,0.18739946,0.16868699,0.14470474,0.116021596,0.083538584,0.04903799,0.022168145,0.041663054,0.079468034,0.118584126
14,0.20409039,0.18471155,0.1615869,0.13570629,0.10826302,0.08075956,0.055471353,0.03725398,0.035020903,0.046835396,0.06164111,0.074523166,0.083929144,0.089431256,0.091162734,0.08967978,0.08594045,0.081310466,0.077500045,0.07625336,0.078699246,0.0847963,0.09350016,0.10342418,0.11333336,0.12230864,0.12973866,0.13526237,0.13870676,0.14002979,0.13927074,0.13651034,0.13184334,0.12536572,0.11717668,0.10739264,0.0961684,0.08371936,0.070339166,0.056409553,0.042403825,0.028900223,0.016703056,0.007977886,0.009264105,0.015060075,0.019448008,0.021555126,0.021371903,0.019284593,0.016155481,0.01366134,0.014082838,0.01769765,0.022544682,0.026966851,0.030004952,0.031161522,0.030352093,0.028027706,0.025483903,0.02509201,0.029004982,0.036895417,0.04688511,0.057270892,0.0668093,0.074609734,0.080086745,0.08297214,0.08335296,0.08171525,0.0789697,0.07640058,0.07542294,0.077081054,0.081542335,0.088065624,0.09546059,0.10258533,0.108622134,0.11317187,0.11625613,0.118262984,0.11983202,0.1216695,0.12431613,0.12794405,0.13227883,0.13668098,0.14032926,0.14241512,0.14229037,0.13955478,0.13409296,0.12607351,0.1159213,0.10427069,0.09190791,0.07971214,0.06860819,0.059542336,0.053465623,0.051238608,0.05337561,0.05982555,0.07008116,0.083435915,0.09910224,0.116215944,0.13383299,0.15095378,0.16656904,0.17971498,0.18952888,0.19529933,0.19650748,0.19285765,0.18429577,0.17101614,0.1534572,0.13228996,0.10840758,0.08294291,0.057424758,0.034695793,0.02364755,0.033334162,0.049518984,0.06405694,0.0748781,0.08129175,0.08316208,0.080757394,0.07474391,0.06625885,0.057088483,0.04989002,0.04772992,0.051819243,0.060174722,0.0698082,0.078474715,0.08477664,0.08791316,0.08751487,0.08355672,0.07630714,0.066294886,0.054299608,0.04141663,0.029390743,0.02167613,0.022632938,0.029824734,0.03811065,0.045197215,0.050285064,0.05317467,0.053993504,0.053092405,0.050986923,0.04831536,0.04580923,0.044269323,0.04451689,0.04727672,0.053019967,0.061889585,0.073750935,0.08827166,0.10496207,0.12318768,0.1421817,0.16106951,0.17890535,0.19471739,0.20755677,0.21654697,0.22093005,0.22010732,0.21367233,0.2014354,0.1834396,0.15997149,0.13157743,0.099129684,0.064190306,0.032163437,0.03401459,0.068905964,0.10819275
15,0.18849848,0.1734749,0.15494226,0.13365631,0.11052227,0.08661188,0.06328369,0.04270571,0.029684749,0.030924821,0.0416847,0.05370585,0.06392819,0.07151484,0.07644249,0.079139456,0.080364265,0.081107035,0.082426794,0.085200235,0.089865446,0.09632184,0.104050756,0.1123446,0.12050076,0.1279275,0.1341791,0.13895099,0.14205608,0.14339471,0.1429254,0.14064156,0.13655762,0.1307061,0.12314479,0.11397136,0.10334127,0.0914848,0.07872081,0.06546779,0.052260924,0.039802104,0.02911311,0.021849718,0.019880591,0.022499608,0.026818821,0.031037029,0.034584135,0.03744942,0.03980388,0.04177983,0.043336846,0.0442199,0.044005606,0.042199973,0.038344722,0.03210858,0.02336933,0.012420113,0.0053173015,0.018413002,0.03479786,0.05177576,0.06835834,0.08365893,0.09687787,0.10735993,0.11465852,0.11859465,0.119305626,0.11727809,0.11335442,0.10868621,0.10458489,0.10222153,0.10223052,0.1044548,0.10806042,0.111936174,0.115095705,0.11692433,0.11728121,0.116506316,0.1153466,0.114778,0.11570667,0.11862006,0.12336739,0.12921035,0.13508481,0.13989447,0.14271957,0.1429269,0.14021078,0.13459325,0.12639977,0.1162195,0.10485466,0.09326154,0.08247964,0.07353528,0.067300044,0.06432118,0.06473751,0.06839579,0.07506493,0.08452557,0.09649644,0.110525735,0.12594588,0.14189906,0.15740144,0.17141902,0.18294182,0.19105156,0.19498084,0.19416249,0.18826741,0.1772298,0.16125865,0.14083512,0.11669751,0.08981978,0.06141073,0.033131592,0.011695176,0.026344199,0.04835642,0.06704021,0.080997325,0.08960201,0.09262402,0.09019913,0.08284737,0.07153616,0.05788206,0.044780098,0.037588105,0.041466698,0.053475548,0.06765849,0.08057096,0.09046088,0.09639028,0.097920805,0.09500236,0.087922566,0.07727823,0.06397482,0.049317908,0.035440754,0.026614148,0.028194644,0.037397943,0.048154738,0.057664916,0.064879544,0.0694591,0.07145244,0.07117659,0.069149844,0.06604219,0.06263667,0.059798893,0.05843731,0.059415456,0.063398376,0.07071022,0.08131374,0.09489497,0.11094922,0.12882379,0.14773692,0.1667985,0.18504192,0.20146665,0.21508728,0.22498433,0.23035312,0.23054732,0.2251151,0.21382648,0.19669235,0.1739781,0.146223,0.1143046,0.07973459,0.046495512,0.033724472,0.060121946,0.09774512
16,0.16965498,0.15897933,0.14517656,0.12875119,0.11032015,0.09059471,0.07037881,0.05063421,0.03284221,0.020770144,0.021837175,0.032030024,0.043397866,0.053673405,0.06244658,0.06985881,0.07628462,0.08218737,0.08800598,0.09405991,0.100490615,0.10725411,0.11415886,0.120926626,0.12725239,0.13284881,0.13747121,0.14092551,0.14306447,0.14377828,0.14298445,0.14062169,0.1366497,0.13105597,0.123867914,0.11516811,0.10510969,0.093930006,0.08196277,0.06965346,0.05759083,0.04657938,0.037765108,0.03262713,0.03216294,0.03564355,0.041283127,0.047680885,0.054067887,0.060023524,0.065240756,0.06940202,0.07213365,0.073012844,0.07160748,0.06753413,0.06052469,0.0505059,0.03774541,0.023468692,0.014774074,0.026132887,0.045897912,0.067141786,0.087966025,0.107186906,0.12385352,0.13721429,0.14675258,0.15223071,0.15372574,0.15164997,0.14674821,0.14005987,0.13282253,0.12628616,0.121431254,0.11867141,0.11772073,0.11775177,0.117756434,0.11690434,0.11477838,0.11148526,0.107669376,0.10441654,0.1029825,0.104323804,0.108629905,0.11521141,0.12281763,0.13007943,0.13581537,0.13917069,0.13965745,0.13714926,0.13185556,0.12428201,0.11517667,0.1054561,0.096100576,0.08800794,0.08182037,0.07779958,0.07586733,0.075840764,0.077715196,0.08178039,0.08846854,0.09803082,0.11027608,0.12452774,0.13975154,0.15472603,0.16818476,0.1789221,0.18587409,0.18818352,0.18525197,0.17677833,0.16278173,0.14360718,0.11991274,0.09263894,0.06296367,0.03226475,0.0037068678,0.027184976,0.05258,0.07368704,0.089480676,0.09926984,0.10270888,0.09982258,0.091022834,0.07713262,0.059489302,0.040485732,0.0265272,0.03089977,0.0483586,0.06742145,0.08419585,0.09704731,0.10509068,0.10790181,0.10544569,0.098046675,0.08637053,0.0714331,0.054719083,0.038742337,0.028909566,0.03207599,0.044065114,0.05757639,0.069546424,0.07881709,0.0849747,0.08802123,0.08825417,0.08619865,0.08255586,0.078161515,0.07395434,0.070942834,0.07013332,0.07237751,0.07817866,0.0875978,0.10032571,0.115816146,0.13337307,0.15218545,0.17134528,0.18987219,0.20675053,0.22097555,0.2316041,0.2378044,0.23890157,0.23441607,0.22409362,0.20792708,0.1861737,0.15937941,0.12844816,0.09490924,0.06218694,0.042211175,0.055978794,0.089084655
17,0.1482893,0.14175051,0.13260828,0.121098675,0.10754908,0.09235695,0.07596604,0.05884295,0.041461326,0.02433285,0.008681021,0.0108011095,0.025177637,0.039138667,0.052118104,0.064063765,0.07501924,0.08506012,0.09426348,0.10268865,0.11036708,0.11730082,0.123467326,0.12882766,0.13333468,0.13693854,0.13958858,0.14123172,0.14180954,0.14125614,0.13949935,0.136467,0.13209802,0.12635788,0.1192557,0.11086116,0.10131931,0.09086346,0.079829566,0.06868076,0.05805838,0.048874218,0.04238523,0.03992298,0.041956693,0.0475648,0.05529132,0.06396948,0.07280297,0.08119445,0.08861047,0.09451868,0.098378085,0.09966327,0.09790909,0.092768125,0.0840806,0.071975656,0.057091642,0.041324325,0.030744007,0.03651281,0.055645548,0.07913569,0.103118874,0.12570046,0.14560455,0.16188695,0.17389141,0.18126228,0.18396424,0.18229273,0.1768669,0.16859867,0.15862745,0.14820519,0.13851443,0.13042669,0.12427262,0.11975876,0.11612241,0.11245925,0.10806171,0.10266054,0.09655937,0.09067579,0.08642955,0.08531816,0.0881673,0.09459185,0.103234775,0.11244728,0.12078119,0.12717293,0.13096978,0.13190791,0.13007817,0.12588197,0.119969726,0.11314939,0.10625398,0.09997113,0.0946754,0.09034954,0.08667481,0.0832866,0.080104284,0.07762174,0.0770148,0.07982493,0.08712952,0.098807506,0.11362673,0.12984149,0.14565359,0.15941496,0.1697064,0.1753833,0.17561601,0.1699252,0.15820779,0.1407496,0.11822663,0.09171255,0.062784016,0.03442116,0.02040353,0.03897682,0.06334712,0.08462517,0.100682646,0.110460036,0.113425605,0.10949417,0.09900379,0.082695104,0.06170346,0.037707526,0.015382688,0.022884702,0.047091838,0.07027776,0.089934535,0.104814924,0.11413281,0.11749243,0.114880405,0.10665738,0.09354679,0.07664643,0.057565033,0.03914219,0.028358316,0.034296744,0.049798373,0.06624842,0.08063895,0.09184022,0.09942566,0.1033805,0.10399661,0.10181013,0.09755133,0.09210391,0.08647604,0.081775956,0.07915568,0.07966143,0.08398989,0.09230796,0.10429491,0.119328484,0.13663585,0.15535599,0.17455678,0.19324967,0.21041735,0.22505426,0.23621446,0.24306084,0.24491139,0.24127887,0.23190291,0.21677443,0.19615677,0.17061569,0.14109553,0.109169275,0.07798509,0.05585682,0.058681607,0.08428774
18,0.12532403,0.122498296,0.11773262,0.11097548,0.10226475,0.09172047,0.07953645,0.06597454,0.05137273,0.036211926,0.021528604,0.012344513,0.019865278,0.034176096,0.049150884,0.063666195,0.0773057,0.0898251,0.10105867,0.11089605,0.119275406,0.1261802,0.13163574,0.1357032,0.1384706,0.14004034,0.14051464,0.13998085,0.13849917,0.13609602,0.13276489,0.12847532,0.123188786,0.11687898,0.10955309,0.101271555,0.092165224,0.08245205,0.07246005,0.06266999,0.053795602,0.046888895,0.043294717,0.044057474,0.049056403,0.057160262,0.06711041,0.07792121,0.08882865,0.09916509,0.10828397,0.115537114,0.12028804,0.12194751,0.12002243,0.11417335,0.10428321,0.09055706,0.07373213,0.055716254,0.041783255,0.04276142,0.06044059,0.08533041,0.11181177,0.13727306,0.1601216,0.17922701,0.19379109,0.2033285,0.20767239,0.20697804,0.20171447,0.19263895,0.18075064,0.16721776,0.15326878,0.14003783,0.12836835,0.11862278,0.1105981,0.10363709,0.0969132,0.08976261,0.08195553,0.07389119,0.06673112,0.062329426,0.062508404,0.06770837,0.076589935,0.0871159,0.097513914,0.10653315,0.11340713,0.11778386,0.11967075,0.119380616,0.11745772,0.11456614,0.11133522,0.10818398,0.105183505,0.10202895,0.0981513,0.0929325,0.085965164,0.07734313,0.06804941,0.060499646,0.05860822,0.06532836,0.07951312,0.097649045,0.11655066,0.13383976,0.1477228,0.15684307,0.16024081,0.15736325,0.14808911,0.1327564,0.11220548,0.08790948,0.06251035,0.04219955,0.04050392,0.057921797,0.07998128,0.09981983,0.11471419,0.12327194,0.12479431,0.11911767,0.1065536,0.087840214,0.06408209,0.036674213,0.007213238,0.022615438,0.051111553,0.076697394,0.09798956,0.113883205,0.1236118,0.12678559,0.123407826,0.11387117,0.09894335,0.07976975,0.05800262,0.036659643,0.024989791,0.035418313,0.054990932,0.07437889,0.09102716,0.10394871,0.112751335,0.11742687,0.118272305,0.11583668,0.11087492,0.1043099,0.09720889,0.09077142,0.08629413,0.08503118,0.0879011,0.095196344,0.10656971,0.121281594,0.1384407,0.15710908,0.17632046,0.19508126,0.21238486,0.22724304,0.23872845,0.24602139,0.24845527,0.24555668,0.23707874,0.22302774,0.20368794,0.1796572,0.15192826,0.12212039,0.09319248,0.07144268,0.06771515,0.084867395
19,0.10186063,0.10209863,0.10120663,0.098819256,0.09468522,0.088679515,0.08081346,0.07125341,0.060370497,0.04888206,0.038253125,0.031545825,0.032793406,0.0417679,0.054658394,0.068810485,0.08288651,0.09614025,0.10809827,0.11844641,0.12698784,0.13362488,0.13834763,0.14122233,0.14237727,0.14198494,0.14024147,0.13734496,0.13347527,0.1287787,0.12335999,0.11728374,0.11058464,0.103284866,0.095415264,0.08703768,0.07826802,0.069303885,0.060468044,0.05228639,0.04560888,0.04167201,0.041732196,0.046164997,0.05418868,0.06462527,0.076467134,0.088918574,0.10128487,0.11289052,0.12304771,0.13106112,0.1362557,0.13801807,0.13584542,0.129399,0.118564084,0.103532344,0.08496614,0.064486615,0.04648862,0.042121768,0.05802762,0.08398325,0.11246329,0.14027783,0.16564235,0.1873205,0.20441923,0.2163461,0.22280674,0.22380616,0.21964201,0.2108852,0.19834626,0.18302687,0.16605473,0.1485981,0.13175355,0.11640258,0.103052385,0.091716535,0.08192608,0.072920255,0.063956484,0.05462913,0.045177918,0.036921825,0.032719407,0.035402175,0.04400142,0.05533306,0.06707193,0.07790857,0.08714245,0.09448389,0.099968895,0.10389226,0.10671259,0.108913064,0.110833734,0.11252521,0.113685094,0.11370608,0.11181062,0.10721814,0.09930153,0.0877198,0.07255262,0.054561358,0.036241237,0.026796997,0.03854325,0.06053953,0.0837388,0.104918785,0.12225455,0.13444632,0.14059596,0.14022598,0.13333164,0.120454185,0.10282,0.0827064,0.064461656,0.055936754,0.06322481,0.080984764,0.10105203,0.1187059,0.13140199,0.13768826,0.13682322,0.1286443,0.11350623,0.092234164,0.066094406,0.03694723,0.011860599,0.030706575,0.05977788,0.08625036,0.108124055,0.124155246,0.13353401,0.1358678,0.13118145,0.119903535,0.10283979,0.08115286,0.05643966,0.031567536,0.019236594,0.03658789,0.06031423,0.08236921,0.10095792,0.11528968,0.12502974,0.13018958,0.13107699,0.12825295,0.122489855,0.11473736,0.10610581,0.09786993,0.09146262,0.08836021,0.08974545,0.096074164,0.10696315,0.12150727,0.13864698,0.15733548,0.17655897,0.19531946,0.2126313,0.22754002,0.23915708,0.24670225,0.24954677,0.24725269,0.23960648,0.2266474,0.20869517,0.18638976,0.16077434,0.13350053,0.10734594,0.087279476,0.080623575,0.090820394
20,0.07918322,0.081580676,0.083833426,0.08521742,0.08518704,0.08340045,0.07972947,0.0742778,0.06742832,0.05994589,0.05315151,0.04902305,0.049611185,0.05552998,0.06551595,0.07773238,0.09069187,0.10334995,0.1149789,0.1250691,0.13327534,0.13938883,0.14331989,0.14508392,0.1447864,0.14260572,0.1387733,0.13355199,0.12721412,0.12002117,0.11220726,0.103968605,0.09546031,0.08680121,0.0780866,0.06940908,0.060890105,0.052731033,0.0453016,0.03928154,0.03577491,0.036016267,0.040458564,0.048426386,0.05886388,0.07088551,0.08379954,0.09699475,0.109861195,0.121758394,0.13201617,0.13995592,0.14492436,0.14633389,0.1437059,0.13671458,0.12523143,0.10937854,0.08962369,0.06706165,0.04466128,0.033070076,0.04691845,0.07406502,0.10406996,0.13354489,0.16078447,0.18459943,0.20408955,0.21860246,0.22773394,0.23133348,0.22950388,0.22259115,0.21116343,0.1959796,0.17794819,0.1580784,0.1374235,0.11701666,0.097796254,0.080515414,0.065633014,0.053203434,0.042826883,0.03374738,0.025106907,0.016229745,0.006853138,0.0041065994,0.014378093,0.025032058,0.035434335,0.04527504,0.054420665,0.06293917,0.071080975,0.07919342,0.08757747,0.096331924,0.10524894,0.1138009,0.121211074,0.12657064,0.12896544,0.12759158,0.12185103,0.1114251,0.096326195,0.07693378,0.054048017,0.029241007,0.011910405,0.030750956,0.05581237,0.078725904,0.09762006,0.11127398,0.118883274,0.12010622,0.115159154,0.10496809,0.09146368,0.07816231,0.07065639,0.074181095,0.0879701,0.10659828,0.12516472,0.14042866,0.1503133,0.15354128,0.14947852,0.13806772,0.11979088,0.09565149,0.06725335,0.037636586,0.021190403,0.042183064,0.07124289,0.097945124,0.11976713,0.13532549,0.14378457,0.14477344,0.13836206,0.12503341,0.10564079,0.08135665,0.053652328,0.024704054,0.013050122,0.039430626,0.06656133,0.09070321,0.110755235,0.1260884,0.13641979,0.14178191,0.14249364,0.13912399,0.13245338,0.12344279,0.11322445,0.10312344,0.09468949,0.08962959,0.08944666,0.094824485,0.10534533,0.11988247,0.13714965,0.15595569,0.17522444,0.1939523,0.21118216,0.22600673,0.23759367,0.24522181,0.24832073,0.24650814,0.2396227,0.22775303,0.21126719,0.19085416,0.16760285,0.14317104,0.12012921,0.102441914,0.09508753,0.10069266
21,0.058814432,0.06214033,0.066557325,0.07090022,0.07430276,0.07622302,0.076416835,0.074923486,0.07207876,0.06855172,0.06537294,0.06385108,0.06521699,0.07005422,0.078023285,0.08816576,0.09937661,0.11066821,0.121240586,0.13047571,0.13791786,0.14325666,0.14631425,0.14703363,0.14546649,0.1417591,0.13613595,0.12888151,0.12032038,0.11079704,0.10065629,0.09022548,0.07980017,0.06963557,0.0599475,0.050930154,0.0428046,0.035920095,0.030914417,0.02877858,0.030371582,0.035611685,0.043668654,0.053706687,0.06510975,0.07738982,0.09008563,0.10270998,0.11473271,0.12558517,0.13467737,0.14142296,0.1452687,0.14572553,0.14239927,0.13501863,0.12345979,0.10776737,0.08817722,0.065167435,0.03971927,0.016547827,0.026938438,0.056077134,0.08672244,0.116653174,0.14470899,0.1699455,0.19155444,0.20886908,0.2213832,0.2287693,0.2308913,0.22781008,0.21978049,0.20723975,0.19078724,0.17115621,0.14917897,0.12574777,0.10177543,0.07816347,0.05579857,0.035662152,0.01957346,0.013869259,0.020898094,0.029687975,0.036616884,0.04107394,0.042999193,0.04251191,0.03989377,0.035759646,0.031517882,0.030042548,0.034664225,0.045666914,0.060883585,0.07827772,0.09630334,0.11364652,0.12910163,0.14156242,0.15006562,0.15385453,0.15244658,0.1456968,0.1338572,0.11764377,0.098353714,0.07815498,0.06080139,0.05225471,0.056340713,0.06840472,0.081697255,0.092287734,0.09830606,0.09910959,0.095063694,0.0876757,0.079963185,0.07652936,0.08157232,0.09523304,0.113932475,0.13360378,0.15106194,0.16399926,0.17081091,0.17050263,0.16265485,0.14740546,0.12543976,0.098015286,0.067207545,0.037802797,0.029878134,0.05409565,0.08377952,0.11066138,0.13217784,0.14693242,0.15412737,0.15345924,0.14508133,0.12956499,0.10784577,0.08115321,0.05092812,0.018743139,0.013955186,0.04541458,0.07442857,0.09982799,0.12073695,0.136583,0.14710692,0.1523545,0.15265197,0.1485705,0.14088783,0.13055892,0.11871246,0.10669002,0.096122734,0.08894101,0.087032944,0.09141374,0.10165361,0.116337985,0.1338845,0.15292028,0.172293,0.19099188,0.20809336,0.22274703,0.23418972,0.24177484,0.24500704,0.24357656,0.23739032,0.22660019,0.21163231,0.19322713,0.17250778,0.15110373,0.13134184,0.11636289,0.10954505,0.11257176
22,0.04264791,0.04522595,0.05049838,0.056755275,0.062730394,0.0676679,0.07120774,0.073304,0.07418946,0.07435912,0.074535616,0.07556875,0.07823596,0.0829937,0.08982648,0.098294295,0.10771135,0.1173231,0.126418,0.13438138,0.1407171,0.14505461,0.1471496,0.14688109,0.14424565,0.13934863,0.13239227,0.12366147,0.113506906,0.10232671,0.09054761,0.078606874,0.066938095,0.055965282,0.046114467,0.037855152,0.031767976,0.02853715,0.028634336,0.03187488,0.037588447,0.045133673,0.05406013,0.0640224,0.07468753,0.08569142,0.096630365,0.10707024,0.11656321,0.12466658,0.13096114,0.13506773,0.13666107,0.13548058,0.1313383,0.12412398,0.11380892,0.100450136,0.084200054,0.0653378,0.044404004,0.0231808,0.016411006,0.037421543,0.0637111,0.09078098,0.117430225,0.1427956,0.16608424,0.18654515,0.20348543,0.21629892,0.22449756,0.22774065,0.2258587,0.21886908,0.20698148,0.19059278,0.17027105,0.14673057,0.120800905,0.09339663,0.065505944,0.03829699,0.014707801,0.01810784,0.038135856,0.05629033,0.07086675,0.08124675,0.08704288,0.0880077,0.084023654,0.075113185,0.061456814,0.043414753,0.021566896,0.0043156534,0.030909758,0.059192788,0.08740303,0.11424944,0.13846399,0.15886772,0.17445119,0.18445386,0.18843584,0.18633682,0.17852013,0.16580178,0.14946814,0.1312837,0.113465264,0.09850154,0.088518724,0.08408878,0.08355849,0.08408132,0.083247155,0.07995416,0.07475057,0.07015743,0.070475854,0.079263814,0.096078224,0.11756285,0.14014192,0.16089924,0.17755313,0.18836486,0.19211172,0.18809515,0.17615408,0.1566709,0.13057779,0.09942134,0.06580402,0.036701474,0.03708394,0.06518778,0.09613483,0.123382226,0.14457977,0.15842782,0.1642301,0.16179919,0.15141578,0.13378718,0.109997995,0.08147298,0.05008382,0.02021589,0.025084192,0.055056166,0.08430808,0.11004038,0.13113417,0.14695993,0.157248,0.16204643,0.16168389,0.15672792,0.14794329,0.13626166,0.12278054,0.108816236,0.0960262,0.086526446,0.08265017,0.08590116,0.09590058,0.11086581,0.12883322,0.14821054,0.16775963,0.18646249,0.20343259,0.21788193,0.22912435,0.23659751,0.23989245,0.2387839,0.23325847,0.2235408,0.21012042,0.19378632,0.17567809,0.15735896,0.14087945,0.12868156,0.1230193,0.12483117
23,0.032809097,0.03271464,0.037080865,0.04389979,0.05137597,0.058461517,0.0646438,0.06975625,0.07388513,0.077317946,0.08049203,0.083917744,0.08806997,0.0932689,0.099594906,0.106872685,0.11472195,0.12264018,0.13008325,0.13652734,0.14151113,0.14466248,0.14571495,0.14451681,0.14103453,0.13535148,0.12766242,0.118264325,0.107544206,0.09596524,0.084052965,0.07238395,0.061578576,0.052293308,0.045186393,0.04079776,0.039326802,0.040507138,0.043805942,0.048741255,0.054996528,0.06234755,0.070555635,0.07930756,0.088209175,0.096813165,0.10466145,0.11132996,0.11646949,0.119838856,0.121327735,0.120966114,0.11891718,0.11545053,0.110894054,0.1055674,0.09970822,0.09341305,0.08662242,0.07917833,0.070977025,0.062255356,0.054103974,0.04920243,0.051498964,0.06276601,0.080994606,0.10332255,0.12753664,0.15193678,0.17508884,0.19572493,0.21273057,0.2251675,0.23230653,0.23365788,0.22899275,0.21835357,0.2020535,0.1806685,0.15503126,0.12625104,0.09583841,0.06626197,0.04345589,0.04109652,0.059078544,0.08202547,0.10324967,0.12031702,0.13197044,0.13744707,0.1363224,0.1284856,0.11416463,0.09400679,0.06935894,0.04372138,0.031510994,0.051332965,0.083755784,0.11765856,0.14962578,0.17771529,0.20052765,0.217077,0.22679867,0.22957559,0.22575107,0.21611609,0.20186327,0.18449956,0.16570403,0.14711218,0.1300188,0.11505173,0.101987034,0.0899276,0.07791603,0.06589453,0.05608707,0.05415123,0.0649731,0.086124055,0.11237242,0.13978699,0.16553418,0.18736997,0.20347431,0.21244521,0.2133404,0.20572062,0.18967727,0.16584186,0.13539365,0.10014334,0.063142136,0.03384295,0.04252674,0.074816786,0.10743773,0.13526288,0.1562448,0.16924185,0.17370327,0.16959706,0.15737407,0.13793452,0.11261058,0.08325439,0.052937776,0.03109947,0.04059005,0.067907415,0.09619921,0.12141189,0.14202848,0.15729927,0.16692162,0.17093883,0.1696794,0.1637037,0.15375584,0.14072935,0.12566431,0.10980601,0.09476366,0.082753696,0.07657643,0.07844673,0.08817881,0.103524074,0.122026935,0.141839,0.16163388,0.18039027,0.19726148,0.21152389,0.2225705,0.22992653,0.23327394,0.23247734,0.22760841,0.21896818,0.20710912,0.19286,0.1773547,0.16205393,0.1487128,0.13918068,0.13491108,0.13631979
24,0.029759942,0.02655288,0.028195443,0.0338427,0.041455828,0.04959152,0.057499055,0.06483845,0.07151688,0.07760782,0.083297074,0.08882978,0.09445078,0.10034365,0.10658102,0.11309887,0.11970011,0.12608229,0.13187873,0.13670295,0.14018907,0.14202568,0.14198229,0.13992879,0.13584852,0.12984557,0.12214666,0.11309826,0.10315913,0.09288779,0.082921855,0.073940165,0.06659033,0.06136763,0.05847584,0.057775583,0.058905404,0.06149704,0.065316685,0.070260145,0.07624973,0.0831179,0.09053939,0.09802943,0.104991674,0.110790096,0.11482656,0.11661669,0.11586313,0.11252952,0.106920116,0.099768214,0.09231643,0.08629475,0.08355823,0.0852208,0.09086517,0.098752156,0.106709674,0.11277633,0.11542282,0.113589905,0.10670761,0.09477251,0.07860415,0.06073055,0.048234973,0.053492937,0.076494776,0.10728558,0.14008799,0.17189085,0.20065555,0.22480035,0.24307764,0.25455818,0.2586424,0.25507364,0.24394654,0.22571263,0.20119299,0.17162606,0.13883059,0.10574087,0.078086704,0.06697708,0.07927943,0.10449599,0.13184533,0.15619145,0.17494005,0.18656638,0.19017717,0.18539873,0.17238012,0.15187378,0.12547491,0.09639736,0.07210041,0.06790619,0.09006252,0.12482273,0.1618821,0.1965048,0.22610041,0.2490721,0.2645058,0.27207935,0.2720166,0.26503158,0.2522411,0.23503739,0.21491687,0.1932725,0.17117365,0.14918762,0.12732422,0.105184294,0.08237999,0.05947571,0.04102194,0.04147492,0.06417049,0.09549031,0.12870441,0.16064724,0.1890252,0.21190774,0.22769198,0.23516557,0.23357867,0.2226975,0.2028311,0.1748327,0.14009373,0.10061022,0.059633665,0.028974986,0.04616221,0.08262639,0.11708786,0.14563678,0.16653995,0.17883632,0.18214336,0.17661124,0.16289788,0.14215602,0.11607951,0.087199375,0.060251124,0.04667132,0.058156934,0.08310308,0.10975975,0.133772,0.15332125,0.16754061,0.17609337,0.17901976,0.1766506,0.16953999,0.1584083,0.14410113,0.12758012,0.10997697,0.09276706,0.07812476,0.06924256,0.06932014,0.078662135,0.0944389,0.1135481,0.1338498,0.15393747,0.17279601,0.18962196,0.20375493,0.21466406,0.22195892,0.22540972,0.22496901,0.2207917,0.21325208,0.20295866,0.19076593,0.17777792,0.16532409,0.15486313,0.14775236,0.144877,0.146308
25,0.030262897,0.02627093,0.025373472,0.028441697,0.034582492,0.042369362,0.05080671,0.059331637,0.067646444,0.075613886,0.083198324,0.09042508,0.0973451,0.104001954,0.11040321,0.11650013,0.12217907,0.12726574,0.13154104,0.13476503,0.13670544,0.13716695,0.13601874,0.13321814,0.12882937,0.12303598,0.116145656,0.10858513,0.1008803,0.09361379,0.08735138,0.08253858,0.07939743,0.07788486,0.077759586,0.078731745,0.080609515,0.08336707,0.08710877,0.091950476,0.09787337,0.10461782,0.111659355,0.11826103,0.12356701,0.12670486,0.12688123,0.12346911,0.116093986,0.1047371,0.08990735,0.07304201,0.05759505,0.050844494,0.059458576,0.07934399,0.103230946,0.12675431,0.14729495,0.1630012,0.17247462,0.17469682,0.16902927,0.15522863,0.13345614,0.10427289,0.06862201,0.027857646,0.017400652,0.06368538,0.11034195,0.1552796,0.1966649,0.2328173,0.26227093,0.28383434,0.29663944,0.3001789,0.29433382,0.27939704,0.25610268,0.22568686,0.19004464,0.1521677,0.1173662,0.09564854,0.098532476,0.12275146,0.15513751,0.18695481,0.21366316,0.2326707,0.24242945,0.24215488,0.23176898,0.21194848,0.18429598,0.1518178,0.1202625,0.100748345,0.106432244,0.13509214,0.17365205,0.21310446,0.24867825,0.27768618,0.29861215,0.31078202,0.31421593,0.309518,0.2977518,0.28028452,0.25859785,0.23407857,0.20781665,0.18045731,0.1521618,0.122720644,0.09185134,0.05987724,0.031198405,0.0336754,0.06697091,0.10544532,0.1436355,0.17903747,0.2095874,0.2334601,0.24913485,0.25549498,0.2519125,0.23830321,0.21514702,0.1834763,0.1448456,0.1013427,0.05606364,0.022052446,0.048156496,0.08845567,0.12469391,0.15400921,0.17495398,0.18674482,0.18917316,0.18258552,0.16787457,0.14649808,0.12060823,0.09355087,0.07138335,0.064289935,0.07679863,0.09972827,0.124423355,0.14674273,0.16473927,0.17747681,0.18460333,0.18616766,0.1825119,0.1741903,0.16190222,0.14644256,0.12868264,0.10960951,0.09048594,0.07325862,0.061265383,0.058918566,0.06760363,0.08380275,0.10353004,0.12431892,0.14470434,0.1636933,0.18052995,0.19461372,0.20548236,0.21282063,0.21647763,0.21648479,0.21307112,0.20667428,0.19794595,0.18774872,0.17713429,0.16728328,0.1593753,0.15437205,0.15276138,0.15439795
26,0.030607995,0.028415836,0.027369723,0.028513858,0.03228111,0.03828783,0.045814645,0.054218896,0.06302831,0.071909614,0.08062625,0.08900696,0.09692272,0.10426842,0.110948,0.11686326,0.121907465,0.12596491,0.12891695,0.13065405,0.13109304,0.13019733,0.12799828,0.124614485,0.12026589,0.11527803,0.11006965,0.105115816,0.10088027,0.0977228,0.09581006,0.09507667,0.09526994,0.09606631,0.0972094,0.098617844,0.10042936,0.10296228,0.10658991,0.1115557,0.117800176,0.12487954,0.1320023,0.13814503,0.14218928,0.14304435,0.13974673,0.13153918,0.11793448,0.09876935,0.074267074,0.045237105,0.015937861,0.030359194,0.06732362,0.10547159,0.14216943,0.17551042,0.20375766,0.22535905,0.23901868,0.24377134,0.23904905,0.22473846,0.20124027,0.16957238,0.131682,0.09175206,0.06251067,0.07180577,0.11270689,0.16174068,0.2103282,0.25477085,0.29271114,0.3224079,0.34257394,0.3523479,0.35130402,0.33947617,0.3173956,0.2861575,0.24756433,0.20447968,0.16176069,0.12840617,0.11828559,0.13692716,0.17218333,0.21104708,0.24616714,0.27346694,0.2905264,0.29600236,0.28946224,0.27138063,0.24324979,0.20789401,0.17030251,0.13947818,0.12911034,0.14665614,0.18287751,0.22515936,0.2657086,0.30022854,0.32633546,0.3428608,0.3495449,0.34685314,0.33580947,0.31781277,0.29442742,0.26716018,0.2372509,0.20551841,0.17230886,0.13758011,0.10113691,0.06311947,0.026758494,0.031117776,0.07148414,0.11450432,0.15610918,0.19405647,0.22632462,0.25108954,0.26683882,0.2724893,0.26747823,0.25181785,0.22610961,0.19151968,0.14972283,0.1028429,0.053583395,0.013215544,0.048895996,0.09231015,0.13004394,0.16005185,0.18111335,0.19260195,0.1944756,0.18727979,0.1721574,0.15090412,0.12617227,0.10204713,0.08503819,0.08272104,0.09577353,0.11692348,0.1395096,0.15980057,0.17586932,0.18677385,0.19217755,0.19215715,0.187081,0.17751542,0.16414775,0.14772725,0.12903412,0.108897924,0.08831916,0.06884016,0.053496484,0.04781461,0.055332173,0.07186936,0.0921542,0.11335435,0.13398375,0.15309343,0.1699798,0.18409656,0.19503891,0.202553,0.20655194,0.20713103,0.20457844,0.19937968,0.19221292,0.18393019,0.17551367,0.16799045,0.16229248,0.15907449,0.15855213,0.16045104
27,0.029681709,0.030663142,0.031349342,0.03240868,0.034543917,0.038256396,0.04366992,0.050568808,0.058565028,0.06723483,0.076181285,0.085051596,0.093537286,0.101370394,0.10832019,0.11419186,0.11882763,0.12211093,0.12397374,0.12440717,0.12347476,0.12132694,0.11821396,0.11449199,0.110613674,0.10709125,0.104421936,0.10297999,0.10290924,0.10407186,0.10609063,0.10846907,0.11073789,0.11258332,0.11393713,0.115019836,0.116320916,0.11849044,0.12213174,0.12754452,0.13453408,0.14238358,0.1499802,0.1560052,0.15911064,0.15805618,0.15181163,0.1396386,0.12116743,0.09650615,0.06657144,0.035427507,0.031339236,0.06750795,0.111567944,0.15644877,0.19939624,0.23824549,0.27108157,0.29624888,0.31242007,0.31867373,0.31456923,0.30022252,0.27640355,0.2447129,0.20798485,0.17126384,0.14367421,0.13808087,0.15976526,0.19956884,0.2463135,0.29289222,0.33500347,0.36978978,0.39523172,0.40991604,0.4129597,0.4040024,0.38323772,0.35148,0.31029522,0.2622888,0.21182074,0.16678697,0.1412052,0.14861141,0.18295865,0.22751185,0.27094445,0.30707195,0.3323152,0.34460843,0.34304133,0.32777688,0.30010104,0.2626253,0.2198393,0.17945527,0.15423575,0.15744811,0.18745221,0.23035157,0.2747672,0.31421906,0.34516937,0.36581567,0.37554964,0.3746707,0.36416984,0.34551466,0.3204167,0.29058644,0.25750118,0.22222523,0.18532918,0.14694655,0.1069878,0.06561009,0.026008941,0.032864135,0.07642091,0.121860676,0.165488,0.20506968,0.23854186,0.264033,0.27999598,0.28533587,0.27950653,0.26256657,0.23519006,0.19863401,0.15466523,0.10545479,0.053456727,0.0029350952,0.048985835,0.09434641,0.13308923,0.16359873,0.18479161,0.1961632,0.1978198,0.19049723,0.17558858,0.15522979,0.13253607,0.11206513,0.09993863,0.10111916,0.114397526,0.13389301,0.1543013,0.17234266,0.18620877,0.19501019,0.19845966,0.19668518,0.19010025,0.1793,0.16497435,0.14783928,0.12859373,0.10791676,0.086540386,0.065510415,0.047051825,0.03689739,0.042253062,0.058945302,0.07964529,0.101096585,0.12184744,0.14101824,0.15796086,0.17217503,0.18329939,0.19112422,0.19560815,0.19689155,0.19530326,0.19135849,0.18574432,0.17928654,0.17288826,0.16743061,0.16363716,0.16193154,0.16234598,0.16453186
28,0.029457157,0.033298094,0.03605188,0.038021293,0.03970889,0.041751523,0.04477997,0.04922526,0.05518711,0.06245262,0.070615664,0.07919546,0.08771018,0.0957134,0.10281202,0.10867775,0.11305793,0.11578788,0.11680569,0.11616938,0.11407566,0.11087751,0.107092775,0.103388056,0.100511365,0.0991508,0.09973758,0.102284834,0.106371954,0.11128769,0.116238534,0.120529264,0.12368746,0.1255445,0.12628625,0.12646617,0.1269463,0.12871678,0.13258177,0.13881366,0.14696698,0.15595461,0.16429755,0.17039303,0.17272103,0.16999006,0.16125427,0.14604263,0.12458209,0.09839592,0.07247359,0.061671987,0.08223083,0.12295981,0.17080985,0.21995932,0.26703998,0.3094955,0.34521016,0.37246096,0.38995817,0.39690864,0.39308354,0.37889266,0.35548264,0.32490036,0.29038924,0.2568715,0.23134851,0.22180921,0.23287286,0.2619495,0.3018847,0.34560692,0.38775772,0.42447805,0.45294997,0.47110498,0.47748932,0.4712277,0.4520481,0.42035127,0.37733644,0.3252423,0.26789418,0.21207888,0.17045507,0.16118768,0.1888388,0.23631757,0.2871815,0.33218116,0.36615518,0.38610816,0.3905196,0.3791343,0.35294,0.31427735,0.26719618,0.21841863,0.17933324,0.1659347,0.18561114,0.2266149,0.2737229,0.31753832,0.35302404,0.3776016,0.39025292,0.39108858,0.38106897,0.36175567,0.33505377,0.30294162,0.26720738,0.2292303,0.18985729,0.14942718,0.107994534,0.06596727,0.028447129,0.038553655,0.08167835,0.12743175,0.17159124,0.21176812,0.24580653,0.27175608,0.2880013,0.29339537,0.28736278,0.2699587,0.24188106,0.20443632,0.1594654,0.109245926,0.056460526,0.009205247,0.049192697,0.09485323,0.13393058,0.16464065,0.18591312,0.19731684,0.19907871,0.19210517,0.17802116,0.15926838,0.13930967,0.12282123,0.11501611,0.11876541,0.13201322,0.14990044,0.16809386,0.1837451,0.19521978,0.2017256,0.20305525,0.19941154,0.19127385,0.17928602,0.16415976,0.14659597,0.1272303,0.106612846,0.085240304,0.06369618,0.043162607,0.027766138,0.028878486,0.045378786,0.06626464,0.087720044,0.10840134,0.1275218,0.1444874,0.15883206,0.17022088,0.17846914,0.18356083,0.18566146,0.18512164,0.1824692,0.17838581,0.17366154,0.16912065,0.16551547,0.16340204,0.16303337,0.16431692,0.16685967
29,0.034405578,0.038376432,0.041894626,0.044503946,0.046210848,0.047353614,0.048515763,0.050399035,0.053613644,0.05845326,0.06480221,0.07222289,0.08011856,0.08786441,0.094882526,0.10068126,0.1048798,0.10723008,0.10764091,0.10620643,0.10323897,0.09930102,0.09521793,0.092025355,0.09078168,0.09222881,0.096465304,0.10289629,0.11049244,0.11812774,0.12481699,0.12984361,0.13283215,0.13380396,0.1332224,0.13200244,0.1314195,0.13283156,0.13720869,0.1446772,0.1543906,0.16478652,0.17399104,0.18015084,0.18164909,0.17725664,0.16628587,0.14883831,0.12636556,0.10318126,0.08971628,0.100285105,0.13499066,0.18283264,0.23584573,0.28931084,0.33991775,0.38504606,0.42257056,0.4508457,0.468747,0.47572565,0.47186297,0.45792508,0.43543026,0.40674672,0.37523192,0.34535918,0.32257426,0.31231856,0.3179399,0.33887047,0.37110105,0.40930587,0.44847217,0.4844387,0.5138723,0.5341296,0.54316556,0.539516,0.52233917,0.491505,0.4477288,0.39278772,0.32994664,0.26497436,0.20860359,0.1794938,0.19314547,0.23877762,0.2950445,0.34828863,0.39110073,0.41926098,0.43047884,0.42396867,0.4003285,0.36155975,0.31126308,0.25527284,0.20336106,0.17171602,0.17634897,0.21232608,0.2608847,0.30858046,0.34838456,0.37678677,0.3923102,0.39486238,0.3853756,0.36552313,0.33743897,0.30342412,0.2656509,0.22589923,0.1853807,0.14472897,0.10428684,0.06522432,0.03630538,0.049076896,0.08825231,0.1318342,0.17472447,0.21421649,0.24799776,0.27399758,0.2904921,0.29623812,0.29058152,0.27352208,0.24573025,0.20851897,0.16378394,0.11396602,0.06239156,0.021650327,0.050278988,0.09422046,0.13280094,0.16331568,0.1845508,0.19608824,0.19823898,0.19204909,0.17933747,0.16278057,0.14602007,0.13351965,0.12939145,0.13500628,0.14799458,0.16427076,0.18022855,0.19341008,0.20237964,0.20647103,0.20558053,0.20000617,0.19031352,0.17721651,0.16147113,0.14378557,0.12475456,0.10482627,0.08431122,0.063448906,0.042607933,0.023270445,0.016066613,0.031546418,0.052302178,0.07343638,0.093803436,0.11272251,0.12964326,0.14411654,0.15581445,0.16455704,0.17033398,0.1733176,0.1738644,0.17250264,0.16990142,0.16681533,0.16400023,0.16210401,0.1615534,0.16247521,0.16468681,0.16776109
30,0.047131363,0.047941223,0.049955644,0.05198136,0.053344846,0.05386209,0.053755905,0.053575817,0.05407334,0.05597118,0.059665736,0.06505102,0.0715931,0.07854765,0.08514996,0.09072355,0.09473474,0.09682719,0.09685549,0.09492683,0.09145392,0.08721248,0.083363265,0.08132896,0.082383364,0.08704992,0.09481449,0.10443521,0.114467524,0.12361027,0.13085309,0.13553949,0.13741843,0.13670756,0.1341606,0.13109484,0.12926987,0.13046345,0.13575459,0.1449399,0.15657479,0.16852115,0.17851198,0.18450281,0.18486758,0.17855607,0.165322,0.14619406,0.124610506,0.10880618,0.11215889,0.14095485,0.18774009,0.24352893,0.30240187,0.36030123,0.41409802,0.4612629,0.49979812,0.52826107,0.54581255,0.5522609,0.5480931,0.5344924,0.51334625,0.4872474,0.4594737,0.4338845,0.414598,0.40529004,0.40818292,0.42326674,0.44837388,0.48001388,0.5142895,0.54744965,0.5760985,0.5972457,0.6083318,0.60728663,0.5926285,0.56359893,0.52032757,0.46404698,0.3974415,0.32539198,0.2568057,0.20819208,0.20131886,0.23804621,0.2960253,0.3559385,0.4071062,0.44363025,0.4622333,0.46147025,0.44145596,0.40378436,0.35158113,0.2898405,0.22659808,0.17607327,0.16007665,0.18650785,0.23512973,0.28641173,0.33048764,0.36273193,0.3811838,0.3855511,0.37674606,0.35656738,0.3274054,0.29193494,0.25279796,0.21230178,0.17219272,0.1336236,0.09758676,0.06673471,0.051264975,0.06512051,0.09768017,0.136258,0.17567503,0.21288094,0.24534008,0.27080175,0.2873774,0.2936713,0.2888934,0.27293044,0.24636999,0.21048269,0.16718738,0.119097814,0.07025068,0.034297977,0.052737616,0.09288962,0.1300405,0.1598938,0.1809175,0.192637,0.19540317,0.19035956,0.1794626,0.16552353,0.15217602,0.14343089,0.14233188,0.14924617,0.1617619,0.17639932,0.19011699,0.20080239,0.20722309,0.20885368,0.2057086,0.19819607,0.18698537,0.17288186,0.15671028,0.13921155,0.12096293,0.10233332,0.08348339,0.06441401,0.04506153,0.02548863,0.007788904,0.01783981,0.038067874,0.058502924,0.0782935,0.09685168,0.11364594,0.12822022,0.1402318,0.1494857,0.15595989,0.15981933,0.16141677,0.16127707,0.16006044,0.15849836,0.1573001,0.15703896,0.15804626,0.16035208,0.16369899,0.16762093
31,0.06623019,0.062416576,0.061027348,0.060918055,0.06102373,0.060649227,0.059545938,0.057891,0.056229647,0.055352036,0.056036416,0.058690622,0.063127436,0.068664126,0.07440931,0.07950276,0.08324307,0.08514974,0.08500851,0.08292657,0.079409204,0.075447395,0.0725355,0.07239816,0.07624972,0.084059365,0.09463837,0.10633276,0.11755924,0.12701425,0.13373534,0.13714202,0.1370984,0.13400598,0.12891714,0.123612136,0.12045705,0.12174158,0.12854123,0.14001921,0.15388484,0.16736077,0.1778416,0.18317915,0.18182632,0.17301457,0.15711987,0.13654058,0.117759526,0.113634035,0.13574763,0.18074228,0.2387742,0.30262187,0.36745688,0.42964092,0.48622936,0.53484756,0.5737058,0.6016536,0.6182314,0.6236992,0.6190328,0.60588527,0.58651066,0.5636473,0.5403495,0.5197496,0.5047311,0.49753448,0.4993885,0.51031685,0.52920765,0.5540803,0.5823953,0.61129516,0.6377673,0.65877384,0.6713915,0.67298144,0.66138774,0.63515145,0.5937323,0.53774744,0.46928135,0.3924462,0.3146789,0.24968497,0.21969022,0.239415,0.29330587,0.35698816,0.41522753,0.4597516,0.48597884,0.49164015,0.47626638,0.44098076,0.38841805,0.322802,0.25051367,0.18238346,0.14002569,0.14916234,0.19600955,0.2509627,0.2995484,0.3358139,0.35734972,0.36370417,0.35579023,0.3355437,0.30563053,0.26914978,0.22932519,0.18920442,0.15141772,0.11812716,0.091457054,0.0746966,0.07257217,0.08626751,0.1111471,0.14215033,0.17563137,0.20862387,0.23841782,0.2625355,0.2788546,0.28575534,0.2822423,0.26802346,0.24354172,0.20996898,0.16919802,0.12396436,0.07878955,0.04650434,0.056580734,0.091284834,0.12606186,0.15475385,0.17535025,0.18724711,0.190785,0.18715316,0.17837363,0.16727695,0.15731831,0.15192603,0.15322672,0.16095698,0.17279994,0.18576469,0.19726102,0.20547734,0.20937589,0.2085739,0.2032087,0.1938062,0.18115194,0.16616216,0.1497561,0.13273531,0.11568248,0.098898545,0.08239744,0.06596741,0.049284585,0.03204384,0.014069449,0.004678855,0.023883006,0.043247867,0.062252756,0.08033726,0.096946456,0.11158824,0.12388316,0.13360398,0.14070405,0.14533326,0.14783943,0.1487516,0.14873873,0.14853676,0.14884295,0.15019183,0.15284836,0.15676138,0.16159704,0.16683242
32,0.08941418,0.08087111,0.075156115,0.07165353,0.069419034,0.067523204,0.065318674,0.06255874,0.059415203,0.056436587,0.054419592,0.054124065,0.05587587,0.05934308,0.06369622,0.06795821,0.07126949,0.07302039,0.07292253,0.07108021,0.06808918,0.06514036,0.06397121,0.0663298,0.07297494,0.0832056,0.09543185,0.107918605,0.11913353,0.1278404,0.13313456,0.13449498,0.13187179,0.12582068,0.11769181,0.1098198,0.10540493,0.107416704,0.11665832,0.1311311,0.14743894,0.16221331,0.17264572,0.17659117,0.17264585,0.16037509,0.14092419,0.11869217,0.10506671,0.11731508,0.1587883,0.21833642,0.28670603,0.35815918,0.4285624,0.49456432,0.5533871,0.60283566,0.6413726,0.66819656,0.68329364,0.68744534,0.68218,0.6696593,0.65249515,0.63349956,0.61538637,0.60047215,0.5904467,0.5862844,0.5883134,0.5963782,0.60998106,0.6283137,0.6501777,0.67386603,0.6971045,0.71711427,0.7308026,0.73504585,0.7270163,0.7045108,0.6662575,0.6122016,0.5438088,0.4645108,0.38062465,0.30347383,0.2525824,0.2495762,0.29191384,0.35480815,0.41777673,0.4692538,0.50289094,0.5153707,0.50552094,0.4739345,0.42275938,0.35557273,0.27744192,0.19578233,0.12515628,0.10240796,0.14385045,0.2033861,0.25715926,0.29778153,0.32260036,0.33111706,0.3242866,0.30418825,0.2737674,0.23659037,0.19661956,0.15803908,0.12512693,0.10191139,0.09082253,0.090780824,0.09837337,0.11123936,0.1287684,0.15069333,0.17597573,0.20264359,0.2281636,0.24988934,0.26541272,0.27280805,0.27079216,0.2588179,0.2371141,0.20668964,0.16934566,0.12784247,0.0868598,0.057643633,0.06135415,0.08973157,0.121304676,0.14835279,0.16828768,0.18031038,0.18469855,0.18262799,0.17610544,0.1678653,0.16105552,0.15849234,0.16158065,0.16969341,0.18067673,0.191943,0.20126913,0.20710166,0.20857926,0.2054526,0.19797604,0.18679133,0.17280556,0.15706137,0.14059876,0.12431111,0.108809136,0.09432273,0.080683574,0.06741572,0.053912703,0.03963274,0.024245413,0.00774946,0.010074174,0.028173273,0.046362575,0.06398074,0.080407836,0.095093034,0.10760483,0.117672995,0.12521994,0.13038014,0.13350509,0.13514861,0.13602307,0.136916,0.13856447,0.1415078,0.14596827,0.15181291,0.15861085,0.16574994
33,0.11480394,0.10193981,0.091748014,0.08416793,0.07869148,0.07451987,0.07083799,0.067058176,0.062954016,0.058695726,0.054810565,0.05204049,0.051039334,0.051983874,0.05440524,0.05741334,0.060072742,0.061667625,0.061841108,0.060694136,0.058892805,0.0577327,0.058920152,0.063799664,0.072491415,0.08391018,0.09645203,0.10851102,0.11867207,0.12577221,0.12894881,0.12771116,0.12205147,0.1126244,0.101051725,0.090367116,0.08508474,0.08915362,0.10232691,0.12055837,0.1392926,0.15486129,0.16447678,0.16609366,0.15844624,0.14135459,0.11671483,0.0919337,0.08751305,0.12136902,0.18120122,0.25327814,0.33060735,0.4086615,0.48377824,0.5528075,0.6131166,0.66269624,0.70028144,0.72544974,0.73867124,0.74129224,0.7354327,0.7237821,0.7092895,0.69476855,0.68249136,0.6738901,0.66948897,0.6691085,0.67225283,0.67849773,0.6877032,0.69995844,0.7152829,0.73321223,0.7524525,0.7707572,0.78507674,0.79192245,0.7878346,0.7698539,0.7359414,0.6853332,0.61886084,0.5393324,0.4522041,0.3670512,0.3002283,0.27405372,0.29807585,0.35419613,0.41832253,0.47486246,0.5151187,0.5344245,0.53075486,0.5041079,0.45616224,0.3900127,0.30993605,0.2212775,0.13116515,0.058605257,0.08003784,0.14723931,0.2072928,0.25249907,0.28060344,0.29126933,0.28553987,0.26561546,0.23467796,0.19676109,0.15677127,0.1208443,0.09672087,0.09058713,0.0991397,0.11305836,0.1265427,0.13828912,0.14952293,0.16227609,0.17792962,0.1963282,0.21580984,0.23385929,0.24782136,0.2553971,0.2549232,0.24550983,0.2270942,0.20045102,0.16721402,0.1300523,0.093513966,0.06711872,0.0663372,0.088384725,0.11618243,0.14118686,0.16024013,0.17230353,0.17754178,0.17705554,0.17275424,0.167177,0.16309012,0.1627435,0.16701792,0.17511015,0.18506119,0.19462177,0.20186956,0.20546772,0.20470582,0.19944862,0.19005077,0.177257,0.1620911,0.14573106,0.12936337,0.11400974,0.100334,0.08847853,0.07802441,0.06814461,0.05789607,0.0465012,0.033510856,0.018848656,0.0031003428,0.014647845,0.032147247,0.049382824,0.06564291,0.08030887,0.09289028,0.10306826,0.11073133,0.11600164,0.119248696,0.121083,0.122314766,0.12385754,0.12656689,0.13104379,0.13748279,0.14564353,0.15495045,0.16465104
34,0.14082097,0.12423705,0.10986419,0.09806465,0.08882426,0.0817255,0.07607285,0.07112942,0.06634708,0.061505184,0.056748454,0.052536286,0.049484175,0.048072103,0.04832595,0.049737453,0.051515833,0.052940466,0.05361327,0.053608432,0.053559255,0.05461246,0.058055617,0.06462423,0.07405198,0.08527383,0.09689302,0.10749298,0.11577792,0.120647095,0.12126255,0.11713315,0.1082358,0.095228605,0.0799134,0.0662664,0.061341334,0.07036086,0.0895092,0.111874886,0.13251805,0.1480633,0.15598041,0.15435831,0.141954,0.11850469,0.08597513,0.05610658,0.07061602,0.12935926,0.2040862,0.28584445,0.3701204,0.45321366,0.5317453,0.6026928,0.66354275,0.71246505,0.7484691,0.7715183,0.7825786,0.783576,0.7772339,0.76676506,0.75541675,0.74592805,0.7400402,0.7382543,0.7399662,0.7439418,0.7489377,0.7542302,0.75988024,0.76665723,0.7756349,0.7875721,0.80228984,0.8182923,0.8327839,0.84205806,0.84209865,0.829214,0.80059266,0.7547464,0.69186634,0.6141718,0.526425,0.43695423,0.35955822,0.31431857,0.31717905,0.360601,0.4213373,0.48017353,0.52559733,0.5512537,0.55408275,0.53340787,0.49044693,0.4279622,0.34993228,0.26120856,0.16715905,0.07338096,0.017413119,0.0946336,0.1593775,0.20769733,0.23803559,0.25014943,0.24505007,0.22491287,0.1929787,0.15357383,0.11266742,0.08021852,0.07206831,0.089731544,0.11531145,0.13811114,0.15482832,0.1654236,0.1716524,0.17627865,0.18213838,0.19099934,0.20278311,0.21570511,0.22710706,0.23432076,0.23521766,0.22846806,0.2136314,0.19117212,0.16247827,0.13001734,0.09800751,0.074390054,0.07075384,0.08719509,0.11102937,0.1337477,0.1517539,0.16375941,0.16977553,0.1707695,0.16848047,0.16518156,0.16323882,0.16442993,0.16929217,0.17697857,0.18573916,0.19361171,0.19891983,0.20050216,0.19776754,0.1906665,0.17962644,0.16546953,0.14931825,0.13248408,0.11632317,0.10203017,0.09035627,0.081330255,0.07419272,0.06768658,0.060535707,0.051810246,0.041077543,0.028465115,0.015208079,0.010715233,0.0237106,0.039755244,0.055456314,0.06977647,0.082068115,0.091920584,0.099163756,0.10389459,0.10650401,0.10769024,0.10843355,0.10988888,0.11315978,0.11899438,0.12755854,0.13843329,0.15080754,0.1637137
35,0.16605937,0.1464513,0.12843795,0.11267323,0.09956075,0.08914374,0.08106952,0.07469408,0.06930461,0.06435037,0.059585236,0.05509793,0.05124215,0.048469167,0.047081817,0.04702602,0.047893655,0.049152322,0.0504295,0.051709656,0.053401455,0.05623348,0.060935788,0.067825295,0.07658698,0.08637297,0.09604419,0.104374945,0.11018621,0.11243866,0.11031341,0.10329658,0.09128785,0.07480033,0.055553,0.0389098,0.03866276,0.058060933,0.08401991,0.109443165,0.13074051,0.14527558,0.15085305,0.14567888,0.12843534,0.098398544,0.055724956,0.012478844,0.06978177,0.14584549,0.22931552,0.3169737,0.40551496,0.49154717,0.5717776,0.6432337,0.70348936,0.7508768,0.7846666,0.805195,0.8139105,0.8133056,0.8066895,0.7977653,0.79001975,0.7860336,0.78694135,0.7922933,0.8004163,0.80912805,0.8165225,0.8215782,0.8244554,0.8264269,0.82944226,0.83538926,0.8452451,0.85841924,0.872565,0.883925,0.8880373,0.880538,0.85787046,0.81783205,0.75997883,0.68596494,0.599957,0.5093604,0.42611247,0.36759943,0.35122314,0.3784373,0.43127975,0.48906857,0.53760415,0.5686146,0.5778288,0.56379944,0.5272604,0.47071266,0.398097,0.31454235,0.22636363,0.14229637,0.08221834,0.08887789,0.13525824,0.17801724,0.20627578,0.21740925,0.21148363,0.19014712,0.15625109,0.11377482,0.06884382,0.039675523,0.060695913,0.09956247,0.13501446,0.16253643,0.1809167,0.1905455,0.19309002,0.19126628,0.18839782,0.1875722,0.19051652,0.19687364,0.20451508,0.21057962,0.21243705,0.20821965,0.19701445,0.17889605,0.1549324,0.1273008,0.09978507,0.07900477,0.07390549,0.08593471,0.106062114,0.12647869,0.14337152,0.15523343,0.16189831,0.16415282,0.16351104,0.16194503,0.1614498,0.16345063,0.16829912,0.17520243,0.1826266,0.18885587,0.19241223,0.1922686,0.18791634,0.17935555,0.16704851,0.15185605,0.13496463,0.11780051,0.10190471,0.08870105,0.07908324,0.072938874,0.06906661,0.06573461,0.061405547,0.055127546,0.04662179,0.03635271,0.026071135,0.020868326,0.026708571,0.039236464,0.053212333,0.06644053,0.07782913,0.08674668,0.092889026,0.09627399,0.09727709,0.0966812,0.09570332,0.09590964,0.09888959,0.10570351,0.11646495,0.13041924,0.14636207,0.16301315
36,0.18926133,0.16737467,0.1463955,0.12717436,0.11042679,0.09661791,0.08584009,0.07775645,0.071695864,0.066891804,0.06273774,0.05893598,0.055510797,0.05271427,0.050859023,0.05013046,0.05047458,0.05164235,0.053358488,0.055496387,0.058163084,0.061654948,0.06629103,0.07219281,0.07912803,0.086493395,0.0934095,0.098854065,0.10178607,0.10124978,0.09646298,0.08689526,0.0723424,0.053022426,0.029914904,0.0112008285,0.031835593,0.061389484,0.090374276,0.11621515,0.13665037,0.14953977,0.15295933,0.14535056,0.12572977,0.09415977,0.054394495,0.042062722,0.09757527,0.17396711,0.25894585,0.34808573,0.4376608,0.52407324,0.6039259,0.6742196,0.7325792,0.77747476,0.80841285,0.82607186,0.832347,0.8302561,0.823646,0.8166479,0.8129062,0.8147545,0.82266206,0.8352412,0.8498384,0.86344576,0.8735893,0.87897134,0.8797805,0.877643,0.87519985,0.8753229,0.8801085,0.8899615,0.9031545,0.916059,0.9239105,0.9217697,0.9053947,0.87190306,0.82023495,0.7514984,0.66931903,0.5803678,0.49521747,0.42896104,0.39809543,0.409245,0.45121914,0.5047734,0.5540571,0.58899426,0.6040211,0.5968347,0.56762606,0.51860213,0.45365494,0.37815624,0.29900768,0.22532645,0.1701124,0.14831562,0.159144,0.18198547,0.19996205,0.20548654,0.19617233,0.17236173,0.13603148,0.09019649,0.03848293,0.015361878,0.06737187,0.114365794,0.15361784,0.18328917,0.20253545,0.21158397,0.21175112,0.20538676,0.1956897,0.18625328,0.18017122,0.17886512,0.18145378,0.18534167,0.18749323,0.18542878,0.17766203,0.16379426,0.14450647,0.12162531,0.09847193,0.080624364,0.0752396,0.08427819,0.1013738,0.119742125,0.13559273,0.14726642,0.15441723,0.15762219,0.15814051,0.1576435,0.15781839,0.15986624,0.16409041,0.16983137,0.1757797,0.18043482,0.182475,0.18096524,0.17543824,0.165901,0.1528042,0.13699588,0.11967257,0.10233106,0.08669225,0.074477136,0.0668204,0.06345463,0.062628426,0.06213177,0.060283974,0.05624208,0.049980372,0.042343352,0.03541788,0.032864593,0.037451882,0.047450792,0.059502263,0.07129118,0.081415914,0.08900792,0.09358203,0.095013276,0.09358114,0.090068795,0.08590457,0.08323326,0.08455989,0.09166082,0.10457651,0.121903524,0.1417906,0.16253719
37,0.2093404,0.1859342,0.16272777,0.14070423,0.120799035,0.10381375,0.09028282,0.080309115,0.07347056,0.068937935,0.06579134,0.063331194,0.06121919,0.059447665,0.05820842,0.05772567,0.05811421,0.05932265,0.06118149,0.06351004,0.066208445,0.069284104,0.072801135,0.07677475,0.08105779,0.08527126,0.088805884,0.09088511,0.09066105,0.08731805,0.08017103,0.06875608,0.052924704,0.03303282,0.011989149,0.0222257,0.05019566,0.07932722,0.10711304,0.13147143,0.15036343,0.16188443,0.1644463,0.15706275,0.13990872,0.11583007,0.09506935,0.10109694,0.14547896,0.21390492,0.29451886,0.38075796,0.46788704,0.5518351,0.62898344,0.6962529,0.7512904,0.7926779,0.8201247,0.83460706,0.83841074,0.8350122,0.82871747,0.82399386,0.8245411,0.8323564,0.8472094,0.8668245,0.8876889,0.90610784,0.91914266,0.92525107,0.9245967,0.919026,0.9116858,0.90625274,0.9058434,0.91188645,0.923414,0.93711275,0.9480874,0.9509544,0.94087666,0.914349,0.86972845,0.8075954,0.7310627,0.6461667,0.56241804,0.49309447,0.45309788,0.45115265,0.48169905,0.5288679,0.57673585,0.61398673,0.63387966,0.6332344,0.6116312,0.5708804,0.5146515,0.44821066,0.37826478,0.31287047,0.26094383,0.2297681,0.2196445,0.2219294,0.22526398,0.22146873,0.20649815,0.1794498,0.14165562,0.096400276,0.05143,0.04206198,0.08233619,0.12771435,0.16728197,0.19772545,0.21758617,0.22662993,0.22571924,0.21673805,0.2024836,0.18644854,0.17232394,0.16301626,0.15940726,0.15990254,0.16141762,0.16087197,0.1561079,0.14616403,0.13127427,0.11288152,0.09387119,0.079052,0.07439281,0.08191786,0.096974395,0.11381005,0.12884311,0.14034702,0.14781524,0.15160857,0.152728,0.15257205,0.15260036,0.1539132,0.15688775,0.16107273,0.16540131,0.16856785,0.16936883,0.1669176,0.16074243,0.1508094,0.13750528,0.12160469,0.10424202,0.08690532,0.07144503,0.059943233,0.053956766,0.053101107,0.054953847,0.056853067,0.05710978,0.055098135,0.05110638,0.04634627,0.04304448,0.04385948,0.04988563,0.05971836,0.07107728,0.08205227,0.091257185,0.09772078,0.10081991,0.10027497,0.096200675,0.08923308,0.080790035,0.07348766,0.0712345,0.07748283,0.09236448,0.113252886,0.13727237,0.16221415
38,0.22541901,0.20122819,0.17654248,0.15243307,0.12998597,0.11025209,0.094148085,0.08226113,0.07458192,0.07038407,0.06849024,0.06777101,0.06748585,0.06733609,0.06734414,0.06767974,0.06850065,0.06985011,0.071634494,0.07367028,0.07575877,0.077744074,0.07952906,0.08104608,0.08219648,0.08278458,0.08247471,0.08079187,0.077170506,0.07104407,0.061972965,0.0498561,0.035530318,0.023765203,0.029013969,0.04999338,0.07600579,0.10309083,0.12899224,0.15175352,0.16955851,0.18083686,0.18449639,0.1803203,0.1696957,0.15698889,0.15134911,0.16503711,0.20392899,0.26359922,0.33652937,0.41630167,0.49771702,0.5763541,0.64840233,0.7107112,0.76094633,0.79778504,0.8211058,0.83212996,0.83346206,0.8289479,0.8232471,0.8210443,0.825978,0.83962804,0.86106247,0.88720834,0.91384256,0.93673486,0.9525874,0.9596487,0.9580135,0.949626,0.9379561,0.9272846,0.9216013,0.9233329,0.93237716,0.9459225,0.95913815,0.96635675,0.9622617,0.9428004,0.9057905,0.85130507,0.7819572,0.70319396,0.6236315,0.5550808,0.51081336,0.49994382,0.5206239,0.5607755,0.6057564,0.6438526,0.66748106,0.67266995,0.6583583,0.6258501,0.5783959,0.5208373,0.4592473,0.4004311,0.35097426,0.31543383,0.29408202,0.2823001,0.27295327,0.25961447,0.23826283,0.20751315,0.1683793,0.12446956,0.08452173,0.070340216,0.09524283,0.13490511,0.17302665,0.20365861,0.22428867,0.23407322,0.233383,0.22362459,0.2071162,0.18695156,0.1667671,0.15020144,0.1397862,0.13563773,0.13533384,0.13541287,0.13298245,0.12641956,0.1154521,0.10112819,0.08596496,0.0742647,0.07123941,0.078693055,0.09287778,0.10888858,0.123458855,0.13487801,0.14251532,0.1465305,0.14768432,0.14714433,0.14622003,0.14601766,0.14709838,0.14930241,0.1518443,0.15360922,0.15347876,0.15056722,0.14434671,0.13468987,0.12186486,0.10651057,0.08961777,0.07255072,0.057153504,0.045858037,0.040958498,0.04215535,0.046196032,0.04998631,0.051954523,0.05176985,0.05006421,0.048360158,0.04881288,0.053176343,0.061547697,0.07253596,0.084341414,0.09536043,0.10430297,0.11017813,0.11228249,0.110214345,0.103920914,0.09380971,0.081020296,0.068096355,0.060166482,0.063877635,0.08037904,0.10488689,0.13298984,0.1619447
39,0.236864,0.21256115,0.18710598,0.16162445,0.13730285,0.11537049,0.09705238,0.083404586,0.07493189,0.0711551,0.070687965,0.071934715,0.07371856,0.07544115,0.07694921,0.078331515,0.079738595,0.08125535,0.082840785,0.08433381,0.085503146,0.08610923,0.08595085,0.08488301,0.082805425,0.079630144,0.07524348,0.06948218,0.06214735,0.053089906,0.042461723,0.031547368,0.025586002,0.03321568,0.051751368,0.075197056,0.10075523,0.12666237,0.15134312,0.17327075,0.1910381,0.20353052,0.2101935,0.21142793,0.20915315,0.20745082,0.21265902,0.23155376,0.26775536,0.32006785,0.38427514,0.45536274,0.5285111,0.5993583,0.66409856,0.71960676,0.76361114,0.7948914,0.81347126,0.82076424,0.81961304,0.81412655,0.80919075,0.80957097,0.81872386,0.8377528,0.8650613,0.89690673,0.92852527,0.9553049,0.9736902,0.98175395,0.97948235,0.9688051,0.9533377,0.93775535,0.926741,0.9236456,0.9293033,0.94158405,0.9559332,0.9665831,0.9678722,0.95528996,0.92616546,0.88008636,0.8191711,0.748292,0.67525357,0.6106178,0.5661545,0.5505701,0.5641299,0.5980126,0.63955736,0.67744905,0.70372415,0.71381384,0.70605326,0.681179,0.6418872,0.59241056,0.538041,0.48449042,0.4369493,0.39881286,0.37048844,0.3491861,0.33015358,0.30857798,0.2810172,0.24601385,0.20423695,0.15874654,0.116449416,0.09204791,0.10113693,0.1328781,0.16867545,0.19945191,0.22132336,0.23273449,0.23355028,0.22472066,0.20809853,0.18630062,0.16256979,0.14054681,0.12367816,0.11392796,0.11044188,0.109984845,0.10899363,0.10507789,0.0973902,0.08658708,0.07492213,0.06646601,0.065975666,0.07472929,0.089220464,0.10517405,0.119692154,0.13115203,0.13884425,0.1427575,0.14344193,0.14187334,0.13926607,0.13680634,0.13533275,0.13507742,0.13561268,0.13604008,0.13530149,0.13245782,0.12686208,0.118233465,0.10666735,0.09261339,0.07685055,0.060499053,0.04515967,0.03333168,0.028414415,0.030931562,0.036569018,0.041714903,0.045005668,0.0464545,0.04704121,0.048496425,0.052680876,0.060502306,0.07143819,0.08411189,0.096977435,0.10861873,0.11782443,0.12360611,0.12521482,0.12216697,0.11428565,0.10178079,0.085450396,0.06729854,0.05248625,0.05158697,0.06922403,0.09725265,0.12912206,0.16162944
40,0.24331173,0.2194713,0.19387607,0.16768038,0.14213435,0.11859387,0.098528795,0.08342615,0.07435363,0.07117445,0.07230486,0.07563722,0.079548165,0.0831628,0.086176,0.088603884,0.090581626,0.09222105,0.093528986,0.09438509,0.094568186,0.09380911,0.09184649,0.0884681,0.08353083,0.07695993,0.06873521,0.058878217,0.047471385,0.034811284,0.022281503,0.017230058,0.028925877,0.04857757,0.07139292,0.095989116,0.121439956,0.14679071,0.17100473,0.1930266,0.21190922,0.22699614,0.23816137,0.24610142,0.25263357,0.2608409,0.27473783,0.29817814,0.33337796,0.3801081,0.4360469,0.4976863,0.5611008,0.62242216,0.6781368,0.72532064,0.7618628,0.7866878,0.79996115,0.803245,0.79953974,0.79310364,0.78891134,0.7916675,0.8045406,0.82813215,0.86025995,0.896668,0.93222696,0.9620884,0.9825299,0.99147624,0.9887685,0.9762188,0.9574234,0.9372425,0.9208525,0.9124155,0.9137359,0.9235306,0.9377403,0.95069695,0.9565415,0.950401,0.92917085,0.8919764,0.84044254,0.77886546,0.71427315,0.6561044,0.6147582,0.5981897,0.60771483,0.63695866,0.67535746,0.7125305,0.7405839,0.75460815,0.7524407,0.73425883,0.70215505,0.65969163,0.61138505,0.5620569,0.51600516,0.47606295,0.44284326,0.4146288,0.38811687,0.3596597,0.32638484,0.2868602,0.2413736,0.1921482,0.14411932,0.10750007,0.09872871,0.11996931,0.15286002,0.18412311,0.20796348,0.22198607,0.225547,0.21917644,0.20431238,0.18312688,0.15838975,0.13334717,0.1115126,0.09600433,0.08801852,0.08559688,0.08491524,0.082743056,0.077559344,0.069638185,0.06113009,0.056208294,0.059290383,0.070593156,0.08637969,0.10291924,0.117732495,0.12934132,0.13700111,0.14056467,0.14040194,0.13732193,0.13246116,0.12710556,0.12242499,0.119155586,0.11736457,0.116455995,0.115428574,0.11322126,0.108979635,0.102191925,0.09272463,0.080802575,0.066967644,0.052047838,0.03720519,0.024324182,0.017358948,0.01979448,0.026336674,0.032307286,0.03656425,0.039490126,0.042387616,0.047026344,0.054752264,0.06573293,0.0791008,0.093538575,0.10766356,0.12017685,0.12991934,0.13590664,0.1373622,0.13375144,0.12482017,0.1106515,0.09179482,0.06969316,0.04851857,0.041288015,0.05952584,0.090785086,0.12583184,0.16118695
41,0.24467897,0.22174656,0.19652468,0.1701748,0.14398439,0.11940106,0.0980962,0.081957355,0.07263809,0.07037225,0.07331415,0.07878712,0.08475058,0.0901135,0.09446667,0.09778234,0.10019549,0.101854146,0.10282525,0.10305248,0.10236126,0.100497745,0.097183004,0.09216431,0.08525176,0.0763358,0.06538646,0.052438755,0.037570912,0.020884922,0.0026479932,0.017642897,0.03918927,0.0621146,0.08619326,0.111106984,0.13642034,0.16158463,0.18597306,0.20895147,0.22998624,0.24878654,0.26547107,0.28073218,0.29594094,0.31309888,0.33453396,0.36233273,0.39769733,0.4405373,0.4894665,0.5421114,0.5955274,0.64658993,0.69232774,0.7302133,0.75842965,0.77612114,0.7836183,0.7826066,0.77617455,0.76862234,0.76488185,0.7694716,0.785198,0.81218004,0.84776485,0.8873508,0.925608,0.9575778,0.9794443,0.9890048,0.9859218,0.9718004,0.95006895,0.9255764,0.90378445,0.889523,0.8855611,0.8916052,0.90431154,0.91831964,0.9277261,0.9273921,0.9138329,0.88573384,0.8442272,0.7930251,0.7383911,0.6887117,0.653116,0.6386672,0.6470812,0.67368937,0.709814,0.74625367,0.7755258,0.7926372,0.79507697,0.7825325,0.7565183,0.71995014,0.67664385,0.6307097,0.58584005,0.544571,0.50772595,0.47431254,0.4419953,0.40795848,0.36978564,0.3260792,0.2767747,0.22329538,0.16888979,0.12006267,0.09062425,0.0961462,0.12506397,0.15744533,0.18419982,0.20186345,0.20930229,0.20668885,0.19511795,0.17639253,0.15286341,0.1273039,0.10281265,0.08263394,0.069412455,0.06340442,0.061606903,0.060098357,0.056541488,0.050837003,0.045329917,0.044749785,0.052695543,0.0674319,0.08503377,0.10246946,0.117727116,0.12950034,0.13703763,0.14008585,0.13886066,0.13401417,0.12658435,0.11790649,0.109449916,0.10253208,0.097926125,0.09555234,0.094526336,0.093567975,0.09146502,0.08735281,0.08080108,0.07179253,0.060659032,0.048008084,0.034663398,0.021693122,0.011088057,0.009426758,0.015835226,0.022136113,0.027090557,0.03144414,0.036728103,0.04447523,0.055357248,0.069007605,0.08443975,0.10043409,0.11572659,0.12909472,0.13941248,0.14569807,0.14715834,0.14322965,0.1336162,0.11833411,0.09779437,0.07307377,0.047267254,0.033435736,0.05189349,0.08585598,0.12324992,0.16056149
42,0.24115738,0.21942668,0.19494876,0.16887562,0.14251363,0.11738132,0.095331445,0.07865015,0.06960341,0.06873785,0.073762834,0.08137425,0.08920182,0.09603637,0.1014305,0.10535483,0.10797448,0.10949974,0.11008474,0.1097688,0.10846093,0.1059628,0.10201722,0.09636542,0.088799156,0.07920038,0.067571305,0.05407608,0.039186306,0.02449687,0.017764319,0.029435866,0.04916747,0.07147874,0.09515201,0.11969572,0.1447617,0.17002164,0.19514629,0.21983029,0.24384882,0.2671363,0.28987142,0.31254375,0.33596775,0.36120796,0.38939577,0.42145982,0.4578425,0.498296,0.5418218,0.58675706,0.63096696,0.672093,0.7078225,0.73616326,0.75571364,0.7659235,0.76733065,0.7617412,0.7522836,0.7432144,0.73931926,0.74484426,0.76221025,0.79111814,0.82858056,0.8698097,0.9094141,0.9424226,0.9649806,0.9747714,0.9712518,0.9557473,0.9313946,0.9028552,0.8756732,0.8551783,0.84505826,0.84612113,0.8559504,0.86970466,0.88158894,0.88628906,0.8799872,0.8609483,0.8298138,0.7897056,0.74612755,0.706459,0.67863446,0.66877556,0.6786088,0.7045986,0.73962355,0.7756922,0.80593765,0.8254954,0.8316662,0.82375544,0.8027774,0.7710776,0.7318756,0.68872255,0.6448869,0.602743,0.5633114,0.52613205,0.48956248,0.45139945,0.40958187,0.36274773,0.3105514,0.2537798,0.19441621,0.13604426,0.08622574,0.0650082,0.08569056,0.120060526,0.15089531,0.1731896,0.18542877,0.18754984,0.1804028,0.16551185,0.14490405,0.12096095,0.09629857,0.07368479,0.055895545,0.044947702,0.040172644,0.037958067,0.035069462,0.0310851,0.0293132,0.035132986,0.04890639,0.06692005,0.08607573,0.10422502,0.119779475,0.13157535,0.13885577,0.14128077,0.13893367,0.13231577,0.122329965,0.110255726,0.097705044,0.08650203,0.0783404,0.07411269,0.07331445,0.07429302,0.075165235,0.07449707,0.07148246,0.065873474,0.057856858,0.047937054,0.036832284,0.025383042,0.014500309,0.005587566,0.0059378366,0.011916792,0.017498849,0.02346203,0.031241545,0.04178651,0.055169318,0.070801,0.08773869,0.10487062,0.12101842,0.13500936,0.14573902,0.15222912,0.1536801,0.14951698,0.13942885,0.12340693,0.10180335,0.075512655,0.04694567,0.02810686,0.046859644,0.08272415,0.12146123,0.15972154
43,0.23319136,0.21279122,0.18926907,0.16375571,0.13756533,0.11227896,0.08993585,0.07326672,0.06520466,0.0664148,0.073821574,0.083483115,0.09286594,0.10077088,0.106788106,0.110936694,0.113453135,0.11464948,0.114807226,0.11410138,0.112561345,0.1100735,0.106420755,0.10134561,0.09462047,0.086115584,0.07586915,0.0641919,0.051911786,0.04105355,0.036068268,0.04166906,0.05624123,0.07567435,0.09771824,0.121381514,0.14618655,0.17186956,0.19826642,0.22527169,0.25283363,0.28096864,0.30978185,0.33947974,0.3703588,0.402759,0.43697873,0.4731619,0.5111802,0.55054057,0.59034324,0.62930536,0.66584986,0.69825125,0.7248251,0.74414766,0.7552939,0.75808066,0.7532962,0.74288,0.7299801,0.7187615,0.71380836,0.7190674,0.73660696,0.76581043,0.8034925,0.84481037,0.8844119,0.91737926,0.9398556,0.94942033,0.94530755,0.92851293,0.90178764,0.8694602,0.8369671,0.8099539,0.79293793,0.7879014,0.7935521,0.8057797,0.8190453,0.8279371,0.8283386,0.8181083,0.79740036,0.76874727,0.73690283,0.7082776,0.6896766,0.6862748,0.69957983,0.7267724,0.76195294,0.79824615,0.82948655,0.8510867,0.8603037,0.8561839,0.83934784,0.81167537,0.7759075,0.7351694,0.69243634,0.65000385,0.60907626,0.56960744,0.53047544,0.4899405,0.44621935,0.39798972,0.3447111,0.28674543,0.22532576,0.16246735,0.101079985,0.047334112,0.036431156,0.073822156,0.11017178,0.13780986,0.1553344,0.16268642,0.16059415,0.15038767,0.13385451,0.11309257,0.090361744,0.06794702,0.048045024,0.032626335,0.022899337,0.017858392,0.014657139,0.013636423,0.019965507,0.033542622,0.051178362,0.07068683,0.0903201,0.10851777,0.12391631,0.13541183,0.14222172,0.14392921,0.14050686,0.13232039,0.12011948,0.10502964,0.08856963,0.07272398,0.060011484,0.053020544,0.052549973,0.056325667,0.06102473,0.064305365,0.06499472,0.062724866,0.057651356,0.050278068,0.041333176,0.031664122,0.022141533,0.013602009,0.0071527716,0.0061969007,0.011074279,0.018393176,0.028112551,0.04048727,0.055324297,0.07203126,0.089741,0.1074137,0.123920396,0.13811758,0.1489166,0.15534763,0.15661688,0.15215537,0.1416594,0.12512611,0.10290231,0.07582914,0.046054777,0.02511985,0.044796392,0.08150749,0.12049775,0.15865259
44,0.22144116,0.20233391,0.17981665,0.15499285,0.1291802,0.10402641,0.08179466,0.06578629,0.059692465,0.06382723,0.07384451,0.08531797,0.095803775,0.1042504,0.11035859,0.11424808,0.116275765,0.11690728,0.11660481,0.11572671,0.11445325,0.11275752,0.11043089,0.10715336,0.10258664,0.09646843,0.08870087,0.07944703,0.069280684,0.0594784,0.052485425,0.05179229,0.059484325,0.07428688,0.09380486,0.11639411,0.1411889,0.16777492,0.19597457,0.22572857,0.2570278,0.28987283,0.32424918,0.36011067,0.39736363,0.43584627,0.47530073,0.5153382,0.5554036,0.5947485,0.63242304,0.66729635,0.6981121,0.7235826,0.74252045,0.75400233,0.7575603,0.7533884,0.7425462,0.7271237,0.7102938,0.6961271,0.68901217,0.69263446,0.708795,0.73667616,0.7730103,0.81298846,0.85135525,0.8832819,0.9049304,0.91378796,0.9088639,0.89080083,0.8619065,0.8260669,0.7884439,0.75480425,0.73036057,0.71829253,0.7186109,0.7281494,0.74176645,0.7540097,0.76047754,0.7586251,0.74812573,0.73093486,0.71107996,0.6940491,0.6855846,0.68993896,0.7082693,0.7381794,0.7746974,0.8119146,0.8443674,0.8678317,0.8796368,0.8786892,0.8653323,0.84109795,0.80836946,0.76996726,0.72867775,0.6867778,0.6456442,0.60556096,0.56580186,0.5249724,0.481494,0.43407202,0.38203034,0.3254701,0.26526818,0.20296054,0.14055896,0.080363415,0.02520159,0.02665528,0.06740018,0.09936981,0.12149616,0.13372798,0.13665105,0.13139446,0.119523756,0.10291056,0.08358607,0.06358857,0.04481665,0.028907137,0.01721316,0.011152201,0.011961388,0.018313926,0.02899841,0.04343541,0.060661577,0.07937394,0.09812104,0.11545208,0.1300357,0.14075664,0.14679062,0.14765547,0.14323771,0.13379556,0.11994302,0.102625735,0.08311458,0.06309099,0.045051232,0.033391472,0.033048015,0.040893503,0.050059278,0.057176307,0.061077137,0.061526578,0.058782782,0.05341907,0.046214648,0.038060877,0.029870473,0.022503566,0.016790275,0.013824023,0.0150245,0.020688495,0.030044055,0.042463236,0.05738469,0.07409758,0.09170748,0.10917696,0.12538823,0.13921183,0.14957495,0.1555261,0.15629305,0.15133217,0.14036901,0.12343389,0.100911275,0.07369186,0.044057775,0.024638332,0.045842506,0.0821924,0.12033998,0.15734784
45,0.20673423,0.188726,0.16710919,0.1429595,0.11760113,0.092767924,0.071038365,0.056562163,0.05384573,0.061796594,0.07439946,0.0872169,0.0981869,0.1065159,0.11207098,0.11512045,0.11619677,0.11598487,0.11519746,0.11443114,0.1140293,0.11400046,0.11403125,0.11358837,0.11206278,0.10890645,0.103738435,0.09642674,0.08717498,0.07667113,0.06639472,0.059100498,0.058637574,0.06732181,0.08387828,0.10578028,0.13127348,0.15945253,0.189917,0.22252637,0.25725013,0.29406914,0.33290708,0.37358463,0.4157914,0.45907268,0.50282645,0.54630774,0.58863896,0.6288266,0.6657872,0.6983864,0.7254948,0.7460658,0.7592365,0.7644534,0.7616205,0.7512654,0.7347071,0.7141956,0.69295263,0.67499286,0.664572,0.6652091,0.6785554,0.7037045,0.7373846,0.77486,0.81098735,0.8410358,0.86119926,0.86889017,0.862911,0.843559,0.8126796,0.7736483,0.73121464,0.6910675,0.65893257,0.6391506,0.6331913,0.63905686,0.6521403,0.666975,0.6788531,0.6848128,0.68405586,0.67799,0.6699627,0.6646041,0.6666723,0.67954385,0.7039587,0.7377406,0.776604,0.8154422,0.849443,0.8747815,0.88894236,0.89079714,0.88052636,0.859432,0.8296579,0.7938298,0.7546322,0.71436626,0.6745649,0.63576514,0.5975206,0.55866194,0.51772016,0.47337455,0.42480615,0.3718988,0.31529146,0.25632125,0.19692135,0.13959275,0.0878711,0.049672298,0.04514514,0.066695794,0.08837061,0.103211224,0.1100611,0.109328814,0.10215339,0.09011168,0.07504101,0.058912944,0.04378247,0.03187189,0.025518863,0.025560375,0.03005602,0.03737606,0.047413968,0.060296264,0.07559523,0.09232413,0.10918669,0.124801986,0.13786438,0.14725718,0.15213421,0.15197384,0.14660695,0.1362191,0.1213292,0.10274908,0.081532754,0.058941506,0.03654394,0.017535854,0.015999515,0.029880267,0.04311353,0.05301129,0.059070572,0.06134644,0.060228053,0.05635448,0.050545294,0.043726053,0.036846593,0.03079969,0.026369115,0.024258986,0.025159093,0.029595906,0.037647337,0.048955243,0.06289627,0.07866622,0.095313594,0.11177776,0.12694131,0.13969117,0.14898255,0.15390068,0.153717,0.14793734,0.13634264,0.11902793,0.096466616,0.069727935,0.041747913,0.027569719,0.049910948,0.084672004,0.120924965,0.15579985
46,0.19000936,0.17277233,0.15181972,0.12820502,0.10327027,0.07888074,0.0581386,0.04663585,0.04925446,0.061523538,0.076207876,0.089625776,0.10029812,0.10773211,0.111987315,0.113519475,0.113097616,0.111711934,0.110422365,0.110128,0.111307986,0.113863096,0.11716284,0.12026103,0.122145616,0.12192552,0.118938774,0.11280943,0.10348899,0.09132703,0.07726005,0.06333882,0.053861734,0.05516029,0.06920578,0.091858394,0.11936236,0.14991678,0.18280551,0.21781978,0.25497466,0.29434133,0.3359283,0.37959602,0.42500266,0.47158137,0.5185445,0.5649101,0.6095435,0.6512091,0.6886301,0.72055405,0.7458253,0.7634662,0.772769,0.77340037,0.76552,0.7499111,0.7281143,0.7025379,0.67648494,0.65398103,0.63925046,0.6357746,0.64518344,0.66657114,0.6966939,0.7308786,0.7640718,0.79162997,0.8097887,0.8159147,0.8086445,0.7879703,0.7552968,0.7134655,0.6667108,0.6204471,0.5806794,0.5527979,0.53986317,0.5413036,0.55319285,0.57002777,0.5867157,0.5998355,0.6081323,0.6125213,0.61574763,0.6216761,0.63417655,0.65581626,0.686894,0.72531635,0.7672927,0.8083619,0.8442871,0.8716431,0.88812435,0.8926532,0.8853507,0.86739904,0.84081113,0.8081129,0.7719539,0.73468053,0.6979446,0.6624412,0.62786996,0.5931429,0.55677485,0.51732594,0.4737742,0.42574808,0.37361258,0.31843802,0.26190093,0.20617655,0.15391995,0.10855363,0.07526543,0.061073527,0.06513665,0.075248286,0.08290742,0.085342795,0.08234646,0.074837744,0.06434247,0.052812617,0.04263019,0.03649554,0.036156017,0.04068421,0.04799278,0.056992296,0.06756042,0.07980224,0.093541324,0.1081642,0.12270475,0.1360175,0.14694734,0.15446523,0.15776731,0.15634042,0.14999776,0.13888635,0.12346919,0.10448501,0.082890026,0.05978756,0.03635702,0.013863306,0.007849708,0.02558099,0.040259276,0.051188096,0.058218565,0.061500695,0.061449442,0.05870574,0.054084796,0.04851262,0.04295142,0.038313534,0.035370607,0.03469194,0.03665651,0.041498683,0.049283158,0.059827175,0.072669104,0.08710086,0.102228,0.11703529,0.13045312,0.1414239,0.14896673,0.15223846,0.15058838,0.14360622,0.13116534,0.11347364,0.09117927,0.06575189,0.041504078,0.03472657,0.056761555,0.08878327,0.12215612,0.15399498
47,0.17226024,0.15536608,0.13474284,0.111434214,0.086824775,0.06301498,0.044160996,0.03841583,0.048260152,0.06423093,0.07994762,0.09300907,0.1025002,0.1081913,0.11032753,0.10957739,0.10701379,0.10405223,0.10224946,0.10288834,0.10647411,0.1125115,0.11975836,0.12669733,0.13189837,0.13419534,0.13274635,0.12704666,0.11693076,0.1025879,0.084641196,0.0644808,0.04570708,0.038572412,0.052709892,0.07914097,0.11020448,0.14345679,0.17818792,0.21433416,0.25212896,0.29190838,0.33395204,0.37834907,0.42490214,0.4730805,0.5220222,0.57057726,0.6173795,0.66093385,0.69971204,0.7322498,0.7572436,0.7736458,0.7807604,0.7783392,0.76668274,0.74674535,0.7202403,0.68972576,0.658619,0.63103306,0.61127764,0.6029356,0.6077355,0.6248284,0.650981,0.6815257,0.71144557,0.7361608,0.7519617,0.75621325,0.7474508,0.7254342,0.6911887,0.6470425,0.5966531,0.5449736,0.4980005,0.46196002,0.4416045,0.43813094,0.44848228,0.46701196,0.4880555,0.50764555,0.5241,0.5379402,0.5514339,0.56780815,0.59016234,0.6203359,0.6581911,0.701626,0.74719703,0.79095095,0.82914287,0.8587269,0.8776383,0.88491714,0.8807115,0.86617905,0.843292,0.8145487,0.78260034,0.7498255,0.71792084,0.6876119,0.65858394,0.629671,0.59924126,0.56564945,0.52762586,0.48452857,0.43644696,0.38418144,0.32914034,0.27319336,0.21852238,0.1675165,0.122786954,0.087395154,0.064943865,0.05697766,0.058203876,0.060886156,0.060975816,0.057610244,0.05160528,0.044830605,0.040004913,0.039836884,0.04492799,0.053587947,0.06403662,0.075366065,0.08729348,0.09975082,0.11258715,0.12541644,0.13759851,0.14831257,0.15667324,0.16185065,0.16317268,0.1602006,0.1527756,0.14103736,0.12541746,0.10661288,0.08554973,0.06336292,0.041499294,0.022668587,0.016645096,0.027546922,0.040440854,0.050864432,0.057972323,0.061703175,0.062368076,0.060535897,0.05696702,0.052554913,0.048263237,0.045042116,0.043703735,0.044781286,0.048475504,0.05474106,0.06339445,0.07413414,0.08650527,0.09987825,0.113465354,0.1263665,0.1376301,0.14631905,0.15157574,0.15268311,0.14911978,0.1406104,0.12717782,0.10922119,0.08770418,0.06479932,0.046405956,0.045912657,0.06604465,0.09431812,0.12391008,0.15191184
48,0.15448533,0.13744918,0.116766,0.09349195,0.06910921,0.046235144,0.03165055,0.036144264,0.052673325,0.07051161,0.08597246,0.097704366,0.10516141,0.10829007,0.107485555,0.103631735,0.09817143,0.09312138,0.09079921,0.09299,0.099937364,0.110252045,0.12178734,0.13244665,0.14050712,0.1446695,0.1440349,0.13807766,0.12662475,0.10983991,0.0882213,0.062681116,0.035280026,0.019111674,0.041715484,0.074863724,0.10958146,0.14455785,0.17952973,0.21472366,0.2507018,0.28820756,0.3279707,0.37050062,0.4159154,0.46384636,0.5134296,0.56337065,0.6120561,0.65768725,0.698419,0.73249346,0.75836444,0.7748114,0.78104335,0.7767948,0.762416,0.7389608,0.7082705,0.673041,0.63683134,0.6039124,0.5787913,0.56528395,0.56531924,0.5781239,0.6004092,0.6274126,0.6540764,0.6758562,0.68911815,0.69128627,0.68088275,0.65753627,0.62198997,0.57612336,0.523001,0.4669512,0.41361797,0.36970103,0.34168348,0.3330715,0.34200382,0.3624008,0.38761088,0.41296935,0.4364505,0.4583648,0.4806991,0.50621504,0.53737783,0.5753874,0.6196879,0.6681077,0.717437,0.7641153,0.8048103,0.8368256,0.85835236,0.86859596,0.8677989,0.85716677,0.8386945,0.8148908,0.7884046,0.7615871,0.7360646,0.7124368,0.6902105,0.668005,0.6439584,0.61619467,0.5832209,0.54418415,0.4989794,0.4482345,0.39320996,0.33564672,0.27759206,0.22122827,0.16873117,0.122198455,0.08372651,0.055737868,0.040843673,0.037766337,0.03908326,0.039309256,0.03741574,0.035066016,0.03542386,0.04090989,0.05102742,0.06381723,0.07771014,0.091794774,0.105592094,0.11883622,0.13131039,0.14273691,0.1527248,0.16077402,0.1663238,0.16882627,0.16782565,0.1630281,0.15435317,0.14196308,0.12627068,0.1079319,0.08783699,0.067140065,0.047461342,0.031756323,0.025964854,0.032038193,0.042166565,0.051389653,0.05814144,0.062045027,0.06323721,0.062164567,0.059499547,0.05609397,0.05293754,0.051075514,0.051424623,0.054519735,0.0603981,0.06873786,0.079068184,0.09086838,0.103566915,0.116516896,0.12899062,0.1402008,0.14934184,0.15564246,0.1584224,0.1571483,0.15148774,0.1413635,0.12702087,0.10914554,0.089145675,0.06993112,0.05760758,0.060258005,0.07729295,0.10100919,0.1260384,0.14952348
49,0.13765056,0.11998731,0.09885763,0.07537372,0.05126471,0.030652734,0.02669236,0.042470317,0.06214241,0.079960585,0.09412135,0.103775114,0.10854606,0.10846703,0.10402293,0.09626886,0.08704256,0.07920642,0.07636345,0.08100465,0.09240966,0.107557535,0.12329633,0.13716583,0.14736626,0.1526134,0.15205245,0.14521846,0.13201573,0.112697415,0.08783564,0.05827675,0.025082916,0.01063626,0.04750468,0.08450725,0.12069074,0.15545607,0.18864453,0.22060385,0.2521779,0.2845838,0.31916663,0.35707328,0.39894056,0.44469768,0.49352992,0.54398096,0.59413314,0.641812,0.68478215,0.7209219,0.7483758,0.7656851,0.7718994,0.76667285,0.75034696,0.7240254,0.68964255,0.650019,0.6088709,0.57068026,0.54024607,0.52173513,0.51735914,0.52640307,0.54540634,0.5693727,0.59311116,0.612089,0.6227835,0.62275565,0.61062145,0.5860026,0.549487,0.502612,0.4478877,0.3889002,0.3305529,0.2794167,0.24355242,0.2297854,0.23823296,0.26155767,0.29114932,0.32147652,0.35045335,0.378542,0.40775302,0.44060132,0.4790577,0.5237582,0.5737423,0.6267217,0.67963254,0.72921383,0.7724771,0.8070435,0.8313637,0.8448386,0.84784967,0.841694,0.82841706,0.8105324,0.7906346,0.77094394,0.7528729,0.73674184,0.72175324,0.70624304,0.68811554,0.66531605,0.63621795,0.59986705,0.55608284,0.5054439,0.44919056,0.38907686,0.3271944,0.2657888,0.20708494,0.15313634,0.10571927,0.06632116,0.036435973,0.01913581,0.017806454,0.021535268,0.02311116,0.02414608,0.028993098,0.039614405,0.05441067,0.07129613,0.08876918,0.105812915,0.12174282,0.13610291,0.14858277,0.15894665,0.166979,0.1724539,0.17513189,0.17478181,0.17122,0.1643562,0.15423654,0.14107643,0.12528089,0.10745567,0.088423505,0.06928449,0.051628698,0.038115583,0.032724116,0.036437023,0.044444155,0.05253856,0.05889307,0.062890336,0.064491615,0.06400981,0.062030956,0.059394184,0.057177577,0.056599043,0.05872283,0.06406208,0.07244397,0.083254896,0.09574498,0.109170154,0.12280993,0.13594998,0.1478735,0.15787183,0.16527182,0.1694744,0.16999882,0.1665297,0.15896587,0.14747638,0.13257898,0.11528038,0.09736369,0.08192325,0.073687986,0.076716244,0.08990983,0.10850985,0.12836577,0.14680234
50,0.122666486,0.10396556,0.082089156,0.058310755,0.03512671,0.021959048,0.033875585,0.05470224,0.074708864,0.091439776,0.10374125,0.110935904,0.11270514,0.10910153,0.10062024,0.08836539,0.07444683,0.06279898,0.059443805,0.06797715,0.08498656,0.10506055,0.12442888,0.14066972,0.15211862,0.15761167,0.15640154,0.14813742,0.1328639,0.1110256,0.08349741,0.051825274,0.021473227,0.031668007,0.067857794,0.10541478,0.14139181,0.17462714,0.20467743,0.2318012,0.25699663,0.28193486,0.3087018,0.33933458,0.3752719,0.41693956,0.46363413,0.51368934,0.564786,0.61427575,0.6594563,0.69779056,0.7270796,0.7456017,0.752225,0.7464992,0.7287304,0.70004433,0.66244256,0.61885244,0.5731459,0.5300447,0.49471235,0.47177312,0.46379292,0.4700606,0.48677307,0.5085256,0.5299002,0.5463702,0.55457985,0.55232126,0.53842336,0.51263857,0.47554937,0.4284976,0.3735476,0.3135199,0.25220978,0.1950857,0.15089478,0.13194028,0.14298427,0.17217478,0.20661871,0.2404216,0.27239147,0.30382523,0.33717462,0.37493286,0.41867048,0.4684804,0.5229779,0.57970554,0.6356724,0.68784255,0.7335149,0.7705981,0.79779774,0.8147237,0.8219148,0.8207703,0.8133724,0.80218834,0.7896638,0.77775866,0.7675336,0.7589198,0.75076395,0.74113315,0.72776747,0.70853597,0.68179476,0.646606,0.60282606,0.5510869,0.49270302,0.4295274,0.36377963,0.2978619,0.23417836,0.17496909,0.12216847,0.07729554,0.041383483,0.014994077,0.0035863807,0.011434462,0.013393635,0.013809026,0.021235881,0.036281373,0.0553442,0.07613946,0.097112015,0.117087506,0.13518445,0.150778,0.16346455,0.17301878,0.17934617,0.18243836,0.18233864,0.17912246,0.1728949,0.16380262,0.15205564,0.13795319,0.12190988,0.10448302,0.086413026,0.06871154,0.0528782,0.04129788,0.036927905,0.040061668,0.0470732,0.054524954,0.06065211,0.06472984,0.06659548,0.066461846,0.06487155,0.06271585,0.06124377,0.061910614,0.06591745,0.073672675,0.08472545,0.098165736,0.112997375,0.12828688,0.14318202,0.15689865,0.16871445,0.17797756,0.18412709,0.18672217,0.18547574,0.1802913,0.17130376,0.15892935,0.14393677,0.1275615,0.11167972,0.09895573,0.0924859,0.094205886,0.10318355,0.1163878,0.13068832,0.14372715
51,0.110366985,0.090396434,0.06770126,0.0440263,0.024621192,0.027167866,0.047271784,0.06898266,0.08826679,0.103548765,0.11386054,0.11858281,0.11741505,0.11039743,0.097966336,0.08109584,0.061763372,0.04470625,0.04089114,0.05580996,0.0791549,0.103480525,0.12541223,0.14294557,0.15466519,0.15956746,0.15703672,0.14686172,0.12926623,0.10497008,0.075416796,0.044206336,0.029412743,0.055380654,0.093113795,0.13123381,0.16675858,0.19815901,0.2246918,0.24642181,0.26434138,0.2804274,0.2974865,0.31864327,0.34649423,0.38227782,0.42552292,0.47429237,0.52573144,0.5765996,0.62365896,0.6639328,0.6948831,0.7145418,0.72161216,0.7155493,0.69662297,0.66596854,0.6256331,0.57862324,0.52894366,0.4815552,0.4420377,0.41558024,0.4051778,0.41002747,0.42574233,0.44630224,0.46598944,0.48031577,0.48617616,0.4817,0.46605137,0.43925413,0.40204874,0.35577193,0.30225158,0.24372059,0.18278888,0.122675955,0.06909029,0.043894954,0.07086963,0.11040629,0.14726578,0.17995386,0.20997702,0.24015707,0.27369195,0.31313685,0.35959974,0.41251883,0.4699861,0.52929527,0.5874576,0.64160186,0.68926895,0.7286283,0.7586289,0.7790853,0.790686,0.7949077,0.7938157,0.7897429,0.7848685,0.78076816,0.7780545,0.77623075,0.773815,0.7686855,0.7585263,0.7412458,0.71529293,0.67984587,0.6348835,0.58116335,0.52013016,0.45377782,0.38448223,0.31482196,0.24740228,0.1846978,0.12893699,0.08208046,0.04609507,0.024300417,0.02006492,0.021665588,0.018662438,0.01089584,0.013185502,0.031507,0.054285068,0.07860016,0.10275202,0.1253946,0.1454737,0.16222559,0.17516789,0.18407395,0.18893275,0.18989961,0.18724509,0.1813084,0.17246181,0.16108961,0.1475833,0.13235205,0.115847275,0.09860272,0.08130186,0.0649064,0.050908875,0.041615453,0.039306674,0.043374274,0.05049975,0.057861887,0.06393518,0.06802097,0.06991866,0.0698122,0.06827545,0.06633427,0.06548278,0.06742991,0.07342994,0.083668165,0.09736806,0.113349386,0.13042143,0.14751051,0.16366974,0.17806749,0.18998443,0.19882232,0.20412129,0.20558216,0.20309138,0.19674735,0.18688922,0.17413081,0.15940422,0.14401253,0.12966517,0.11838699,0.112075835,0.11163514,0.1163253,0.12413967,0.13277675,0.14029044
52,0.10145579,0.08028913,0.05714843,0.0350891,0.025307704,0.039400075,0.06137756,0.08278486,0.101078324,0.11491008,0.12337789,0.12589814,0.122192316,0.11229793,0.09658738,0.07581296,0.051313546,0.02667376,0.022801345,0.04780459,0.07652466,0.103460655,0.12650374,0.14413033,0.15514646,0.15868755,0.15425962,0.1417886,0.121684104,0.09498749,0.06401033,0.036838096,0.0429159,0.07796677,0.118095875,0.15705866,0.19220647,0.22186095,0.24505109,0.26161417,0.2723897,0.27941498,0.28598008,0.29627192,0.31435063,0.3427069,0.38133937,0.42799428,0.47911832,0.5307519,0.579074,0.6206833,0.65274954,0.6731133,0.68036187,0.6738902,0.65394753,0.6216745,0.57913953,0.52938735,0.47650534,0.42566058,0.3828826,0.3540578,0.34271437,0.34779954,0.36399207,0.38442785,0.4030763,0.41558516,0.41921738,0.4125507,0.39519608,0.36757934,0.33077106,0.28634825,0.23627704,0.18282135,0.12852626,0.076596566,0.035124686,0.03961279,0.073002465,0.10435825,0.13030678,0.15177588,0.17153688,0.19352801,0.22171795,0.2586677,0.3047458,0.35841182,0.41700563,0.47744048,0.5366521,0.5918823,0.6408787,0.6820471,0.71456164,0.7384205,0.75442845,0.7640841,0.76935256,0.77232474,0.7748007,0.77788436,0.7817067,0.7853749,0.787163,0.78487194,0.7762435,0.75932944,0.73276055,0.6959039,0.6489183,0.5927273,0.52893,0.45966738,0.38746178,0.31504515,0.24519524,0.18060523,0.12384234,0.07756625,0.045539998,0.033134427,0.034918617,0.036090896,0.030835655,0.018899828,0.007819681,0.026095506,0.051818054,0.079030715,0.10579685,0.13061029,0.1522807,0.16994189,0.18305452,0.19138978,0.19499385,0.19413751,0.18925688,0.18089187,0.1696296,0.15605955,0.14074598,0.12422214,0.10701003,0.08967278,0.07291814,0.05779816,0.046041835,0.04009333,0.041255772,0.047478147,0.055501003,0.06312093,0.06916317,0.07306527,0.0746828,0.07425784,0.07248032,0.070586525,0.07035099,0.07367592,0.081721514,0.0943442,0.11044605,0.12863493,0.1475877,0.16614366,0.18330424,0.19822252,0.21020259,0.21870834,0.2233777,0.22403903,0.22072709,0.21369797,0.20344242,0.1906975,0.17645365,0.16194601,0.1485978,0.13785306,0.13083896,0.12793134,0.12852024,0.13122357,0.13438623,0.13650535
53,0.09638208,0.07447014,0.051807277,0.033780884,0.033867802,0.051726423,0.07374882,0.09448082,0.111751474,0.12427941,0.13120127,0.13197637,0.12637356,0.11447408,0.09667172,0.0736635,0.04643162,0.016264955,0.015936384,0.047763776,0.07812627,0.105346255,0.12790315,0.14445151,0.15389238,0.1554422,0.14869547,0.13368575,0.11097186,0.08188562,0.04989774,0.03191724,0.057130452,0.097918786,0.14007124,0.17964384,0.21427256,0.24222997,0.26239344,0.27439308,0.2788387,0.2776033,0.27409217,0.2732283,0.28058684,0.30037618,0.33345884,0.37727344,0.42739055,0.47901228,0.5277277,0.5697741,0.60211754,0.6224939,0.62944573,0.622356,0.60147667,0.56795025,0.52383506,0.47215477,0.41699868,0.36366683,0.31865847,0.28875932,0.27821305,0.28543326,0.3036247,0.32486552,0.34293,0.35379466,0.35523948,0.34639123,0.32739252,0.29917842,0.26332965,0.22199938,0.17796683,0.13500783,0.09908144,0.07999157,0.08439191,0.10286552,0.1231393,0.13940756,0.1499988,0.15577152,0.15984371,0.16739291,0.18420789,0.21384934,0.25605634,0.3079044,0.3656237,0.4255589,0.4844839,0.5397107,0.5891673,0.63147444,0.66600645,0.6929094,0.7130503,0.7278717,0.7391404,0.74860156,0.7575929,0.7667117,0.77563596,0.78316015,0.78742665,0.7862741,0.77760434,0.7596955,0.7314248,0.6923957,0.64297736,0.5842724,0.5180281,0.44650733,0.37233412,0.29833117,0.22737263,0.16229598,0.10600395,0.06228822,0.038728047,0.039780095,0.04736709,0.049130414,0.042695127,0.028687887,0.010647776,0.021054462,0.04859555,0.077842884,0.1064282,0.1327059,0.15539397,0.17356478,0.18664837,0.19441867,0.1969596,0.19461413,0.18792148,0.17754899,0.16422571,0.14868563,0.13162804,0.11370331,0.095534295,0.077792086,0.061370604,0.047745645,0.039400917,0.038738646,0.044687092,0.053618982,0.0627812,0.070680946,0.076533124,0.07997389,0.08099059,0.07996308,0.077771366,0.07590819,0.07639835,0.08119518,0.091200665,0.10589945,0.12393249,0.14377178,0.16402403,0.18349236,0.20116945,0.2162277,0.22801948,0.2360844,0.24015944,0.2401884,0.23632851,0.22895284,0.21864691,0.20619723,0.19256607,0.17884083,0.16613863,0.15544575,0.14739962,0.14208679,0.13898303,0.1371018,0.13527377,0.13241106
54,0.095170155,0.073217615,0.05204177,0.038694333,0.04357213,0.06179304,0.08308639,0.10291372,0.11917141,0.13059041,0.13634048,0.13593692,0.12922598,0.11639367,0.09799035,0.07501264,0.049311563,0.026744435,0.030331345,0.055909142,0.08372544,0.10901466,0.12965423,0.14413829,0.15133674,0.15048763,0.14123265,0.123664245,0.09840564,0.0669072,0.03388468,0.031701423,0.06999185,0.11404521,0.15723868,0.19676042,0.23045678,0.25660926,0.2740173,0.2821603,0.28141928,0.2733801,0.26123112,0.2501139,0.24678123,0.25744003,0.2843439,0.3247315,0.3731295,0.42381766,0.47184825,0.51321393,0.5448013,0.5643483,0.5704328,0.5624785,0.54076266,0.50642157,0.46146247,0.408809,0.3524338,0.29764092,0.25140098,0.22176419,0.21406023,0.2255661,0.24713379,0.26972285,0.28727934,0.29641378,0.2955805,0.28452045,0.2639447,0.23537023,0.2010891,0.16434865,0.12996392,0.105377905,0.09904781,0.11108101,0.13184325,0.15263085,0.16868179,0.17776978,0.17931835,0.1742746,0.1654965,0.15840831,0.1607443,0.17905177,0.2140826,0.26166028,0.31657213,0.37438893,0.4316446,0.48569393,0.5346307,0.577273,0.6131659,0.64255625,0.66630393,0.68570787,0.7022407,0.717221,0.7314843,0.74514055,0.7574913,0.76712936,0.77218443,0.7706386,0.760638,0.7407499,0.7101416,0.66867834,0.6169472,0.55621773,0.48835322,0.4156833,0.34085384,0.26666906,0.19594969,0.1314638,0.07618122,0.035820168,0.030009732,0.046814106,0.058294415,0.0601838,0.052700844,0.037232686,0.01683784,0.017546818,0.04526598,0.075467795,0.10488466,0.13174662,0.15472938,0.17288874,0.18565342,0.19280818,0.19445902,0.19098146,0.18295717,0.17110468,0.1562118,0.13907737,0.12047144,0.10112499,0.08176887,0.063271396,0.047016535,0.035767123,0.033608895,0.040447418,0.051305152,0.06259915,0.07264604,0.08059729,0.0860047,0.088715754,0.08889714,0.087125264,0.08451668,0.08281533,0.08418766,0.090448655,0.102128156,0.118377805,0.13767123,0.15842067,0.17921828,0.19887698,0.21642064,0.23107475,0.2422653,0.24962254,0.25298524,0.25240213,0.2481286,0.24061616,0.23049368,0.21853647,0.20561895,0.19264427,0.18044522,0.16966021,0.16060846,0.15321206,0.14701207,0.14128593,0.13522023,0.1280756
55,0.09733399,0.07600478,0.056653164,0.046209507,0.05179293,0.06867024,0.08859232,0.107250966,0.12247944,0.13298783,0.13797319,0.13701427,0.1300566,0.11743856,0.09997196,0.079188734,0.058211904,0.044523086,0.0491734,0.068571486,0.091953814,0.11386765,0.13157299,0.14332049,0.14790048,0.14454195,0.1329041,0.113092415,0.08569363,0.051951017,0.016930956,0.036133677,0.08032774,0.12539192,0.16832829,0.20687312,0.23903047,0.26313385,0.2779721,0.2829436,0.2782504,0.26517242,0.24648878,0.22706544,0.21417738,0.215898,0.23639295,0.2729345,0.3188879,0.36760098,0.41372228,0.45316634,0.48288575,0.5007321,0.5053973,0.49639264,0.4740377,0.4394485,0.39453098,0.34201133,0.28558102,0.23032352,0.1836176,0.15552989,0.153331,0.17156754,0.19736594,0.22111006,0.23767075,0.24465813,0.24130663,0.22796328,0.2058742,0.17716701,0.1451147,0.115001105,0.095574655,0.09614856,0.11482496,0.14095494,0.16652413,0.18720444,0.2006735,0.20579177,0.20237015,0.19125506,0.1747223,0.15730472,0.146729,0.15225098,0.17781043,0.2191926,0.2697037,0.32399583,0.37832248,0.4300825,0.4775372,0.5196895,0.5562227,0.5874286,0.6140843,0.6372575,0.6580479,0.67730117,0.6953583,0.7119075,0.72598153,0.73609537,0.74048084,0.7373573,0.725185,0.70286804,0.6698921,0.6263941,0.57317084,0.51163214,0.44371027,0.37173533,0.2982878,0.22603914,0.15759194,0.09532956,0.041284546,0.0029668622,0.036377765,0.058471758,0.06934692,0.069652915,0.060554516,0.043757953,0.022333518,0.016450664,0.04239434,0.07232448,0.10145251,0.12789544,0.15034202,0.16788097,0.17997164,0.18641968,0.18733934,0.18310167,0.17427292,0.16154894,0.14569242,0.12748082,0.10767357,0.08701233,0.06628902,0.046613827,0.030493993,0.024778722,0.033312436,0.047393475,0.06170159,0.07447734,0.08493396,0.09263296,0.09736921,0.09918876,0.09846138,0.09599037,0.093132,0.09180987,0.09416303,0.101698674,0.11455351,0.13164371,0.15137409,0.17216296,0.1926354,0.21165438,0.22831108,0.24191482,0.2519886,0.25826705,0.26069334,0.2594115,0.2547528,0.24721365,0.23742351,0.22610115,0.2139963,0.20181693,0.19014557,0.17935733,0.16956116,0.16058806,0.15203868,0.14337878,0.13405417,0.12359474
56,0.10198329,0.081713215,0.06382791,0.054111224,0.057854477,0.07202163,0.08982947,0.10695687,0.121083654,0.13086067,0.13549633,0.13462816,0.12830448,0.11702813,0.10188516,0.08486911,0.06961784,0.06209668,0.06718327,0.08225386,0.101046085,0.11898252,0.13323452,0.14194489,0.14386289,0.13821928,0.12469107,0.10339234,0.07486504,0.04005844,0.00029755558,0.042796716,0.08732811,0.13126399,0.17250988,0.20902492,0.23893848,0.26067072,0.2730569,0.27548057,0.26803157,0.2517295,0.22889693,0.20381244,0.18355131,0.17743374,0.191792,0.22425711,0.2670281,0.31264216,0.35556793,0.39184245,0.41863176,0.4340026,0.43682665,0.42673936,0.40411276,0.37002543,0.32623142,0.2751548,0.21999356,0.16520303,0.118199095,0.092832275,0.10057955,0.12794064,0.1573799,0.18089938,0.19529822,0.19940194,0.1931812,0.17746904,0.1539199,0.12524539,0.09617694,0.07606624,0.07792101,0.10064935,0.13134702,0.16170114,0.18761282,0.20679514,0.21790174,0.22027194,0.2138962,0.1995145,0.17890231,0.15553899,0.13587104,0.12981664,0.14506166,0.1791318,0.22420143,0.273953,0.32437596,0.37295073,0.41812605,0.4590817,0.4956021,0.52796185,0.55677617,0.5828044,0.6067205,0.62889254,0.64922,0.66707224,0.681342,0.6905956,0.69327873,0.6879348,0.6734013,0.64896125,0.6144428,0.57026404,0.5174267,0.4574677,0.39237493,0.3244828,0.2563658,0.19077267,0.13072789,0.08034381,0.048625674,0.048791457,0.06486026,0.07776132,0.08255453,0.07860428,0.066646025,0.048217528,0.026361002,0.017607419,0.040402353,0.068807825,0.09646931,0.12142449,0.1424412,0.15869717,0.16971798,0.17534173,0.17567806,0.17105807,0.16197829,0.1490438,0.13291664,0.11427486,0.093788296,0.072120555,0.049993463,0.028565207,0.013424491,0.02300608,0.04142618,0.05934213,0.07531835,0.088725284,0.09915452,0.106367245,0.11032654,0.111259714,0.10974271,0.106799595,0.1039743,0.103238575,0.10652587,0.11494465,0.12830125,0.14539254,0.16464071,0.18452507,0.20374446,0.22124708,0.23622271,0.24809079,0.2564907,0.26127228,0.26248378,0.26035476,0.2552722,0.24774851,0.23838025,0.22779779,0.21660623,0.20532215,0.19431405,0.183759,0.1736284,0.16371065,0.15366742,0.14310938,0.1316733,0.1190865
57,0.1080471,0.08909866,0.072161645,0.061648346,0.061889578,0.07197121,0.08671953,0.101807125,0.11468031,0.123872094,0.12856723,0.12843816,0.12361304,0.11472204,0.103027724,0.09066992,0.0809223,0.077668115,0.08291051,0.094771594,0.109394014,0.1233197,0.13402608,0.1397402,0.13925737,0.13185474,0.11726208,0.09566374,0.067756504,0.03526719,0.015493017,0.04929,0.09042262,0.13125226,0.16937718,0.2027985,0.2297537,0.24877733,0.25879547,0.25923052,0.2501229,0.23230065,0.20767698,0.17984655,0.15516163,0.14327016,0.15237938,0.18074076,0.21958278,0.2609524,0.29944646,0.33143124,0.35441348,0.36675403,0.36755195,0.35659233,0.33430725,0.3017299,0.26043606,0.21248269,0.16038537,0.10732766,0.058966275,0.037835706,0.06510835,0.1003811,0.12978159,0.15028824,0.16081561,0.1611445,0.15171933,0.13361491,0.10864744,0.079976045,0.054938067,0.051466163,0.075312495,0.108696654,0.14215797,0.17191462,0.1958542,0.21259704,0.22127606,0.22149058,0.21332228,0.19740537,0.17510499,0.14896823,0.123818696,0.10849437,0.11351397,0.13981785,0.17899002,0.22366664,0.26961595,0.31446552,0.35688153,0.39620855,0.43228438,0.46529388,0.49561185,0.52362806,0.54957306,0.5733779,0.594598,0.6124195,0.625743,0.6333232,0.63393515,0.6265376,0.61041427,0.58527935,0.55134255,0.50933343,0.46048984,0.40651783,0.34953728,0.29203197,0.2368347,0.18717863,0.1467608,0.11929326,0.10624429,0.103914894,0.10534042,0.10488416,0.0996093,0.088564135,0.07203731,0.051252495,0.029208329,0.020268403,0.039572965,0.06530364,0.09034376,0.11273622,0.13141002,0.14569752,0.15523165,0.15989697,0.15978634,0.15515628,0.14638269,0.13392071,0.11827265,0.09996568,0.07954025,0.0575473,0.03455098,0.011132992,0.012106126,0.034550767,0.055584222,0.07460967,0.09108072,0.10453896,0.11465757,0.121290535,0.1245282,0.124760926,0.122750215,0.11969189,0.11721305,0.11717572,0.12117656,0.12992455,0.14299986,0.15918641,0.1769948,0.1950134,0.21205187,0.22717471,0.23969625,0.2491664,0.25535458,0.25823158,0.25794798,0.25480735,0.24923304,0.24172868,0.23283201,0.22306429,0.21287872,0.20261413,0.1924621,0.18245533,0.17248192,0.162323,0.1517055,0.14035831,0.12806113,0.114680335
58,0.11446467,0.09707562,0.08079853,0.068769574,0.06454117,0.069147944,0.07960311,0.09192119,0.10327325,0.11198055,0.11713432,0.11838693,0.11588626,0.110294394,0.10285919,0.09548242,0.09058267,0.09035976,0.09552743,0.10479238,0.11573678,0.12590013,0.1332492,0.13624917,0.1338341,0.125384,0.11072991,0.09021111,0.064935505,0.038420677,0.02874413,0.0539883,0.08925463,0.1252498,0.15894324,0.1882945,0.2116442,0.2276626,0.23539782,0.23434913,0.22455531,0.20671849,0.18242882,0.15465826,0.12883559,0.11408407,0.11953617,0.1439777,0.17816205,0.21422288,0.24724202,0.274093,0.29271382,0.30180937,0.30073625,0.28944904,0.26845828,0.23877977,0.20186877,0.15953991,0.11388325,0.067234315,0.023060082,0.024976365,0.061257124,0.092006534,0.11496807,0.12916787,0.13418098,0.1300734,0.117383875,0.09712161,0.07086692,0.04164034,0.023540448,0.045548357,0.07988588,0.11420458,0.14555295,0.17220336,0.19288367,0.20667022,0.2129772,0.21156476,0.20255522,0.18646675,0.16429989,0.13778059,0.11007278,0.087688066,0.082207344,0.10009632,0.13325308,0.1727787,0.21416004,0.25522655,0.294877,0.3325843,0.36816564,0.40162712,0.43302703,0.46235156,0.4894161,0.5138087,0.5348862,0.55182207,0.5636955,0.56960446,0.56878436,0.56071734,0.54522055,0.52250695,0.49321547,0.45841026,0.4195506,0.37843138,0.3370907,0.2976698,0.26219508,0.23224814,0.20854646,0.19061035,0.17680766,0.16487217,0.15260161,0.1383562,0.12124209,0.10108751,0.078368805,0.054302644,0.032071803,0.024239158,0.040130462,0.06222535,0.08359034,0.10239739,0.11783365,0.12946562,0.13708514,0.14064267,0.14020348,0.13591494,0.12798452,0.116669364,0.10227809,0.085185684,0.0658692,0.04501882,0.024202984,0.013907203,0.030177081,0.0516338,0.07250553,0.09150032,0.107859634,0.12104947,0.13074414,0.13685772,0.13958754,0.13946092,0.13737608,0.13461132,0.13274238,0.13338196,0.13773209,0.14616239,0.15813386,0.17250325,0.18792945,0.20315534,0.21713755,0.22908503,0.23845743,0.24494874,0.2484647,0.24909593,0.24708678,0.24279939,0.23667313,0.22918014,0.22077903,0.21187036,0.20275876,0.1936276,0.18453144,0.17540807,0.16610768,0.15643258,0.14617887,0.13517264,0.123296,0.110502034
59,0.12028891,0.10476808,0.08920858,0.07567153,0.066811,0.06481344,0.06938764,0.07782491,0.087187655,0.09544762,0.10145951,0.10473944,0.10533627,0.10378271,0.101068534,0.09855438,0.09771064,0.0996244,0.10449007,0.11149679,0.11918741,0.12593271,0.13024525,0.13092424,0.12711497,0.118344165,0.10456843,0.08629389,0.064989425,0.0448858,0.03865395,0.055829242,0.0836811,0.11345569,0.14162683,0.1661024,0.18533166,0.1981358,0.20370401,0.20163466,0.19199553,0.17541358,0.15324652,0.12798598,0.104225695,0.090069786,0.09412359,0.1150338,0.14393938,0.1738722,0.20074119,0.22204892,0.23621236,0.24230467,0.23995885,0.22932437,0.2110373,0.18619522,0.15635096,0.12358472,0.09086538,0.06342707,0.051425673,0.060585905,0.079113275,0.096820675,0.10959937,0.11576202,0.11465547,0.106245816,0.09095887,0.069587566,0.04321525,0.013145101,0.019219706,0.052329976,0.08472258,0.114978634,0.1418139,0.16412349,0.1810178,0.1918476,0.19621898,0.19399966,0.18531951,0.17057174,0.15042919,0.12591816,0.09869464,0.07209199,0.054689784,0.060650587,0.087076314,0.12166055,0.15890107,0.19674635,0.23426783,0.270965,0.30651268,0.34063146,0.37300605,0.40323582,0.43081695,0.4551558,0.47561032,0.49155182,0.5024381,0.50788695,0.50774014,0.50211066,0.49140427,0.4763119,0.45776674,0.436865,0.4147505,0.39247176,0.37083128,0.3502598,0.33075514,0.31191373,0.2930524,0.2733852,0.2522033,0.22901586,0.20363237,0.1761883,0.14713137,0.11719579,0.087423146,0.059426785,0.036864527,0.029983085,0.042318504,0.060042743,0.07686724,0.0911874,0.102545805,0.11084159,0.116099045,0.11836926,0.117684454,0.11404774,0.10745179,0.09792061,0.085571334,0.07070708,0.054014172,0.037249364,0.026224114,0.031846277,0.049380824,0.069877476,0.09011861,0.10866692,0.12462982,0.13742024,0.14672337,0.15251249,0.15507486,0.15503307,0.1533456,0.15125869,0.15016486,0.15133668,0.15558794,0.16303243,0.17310119,0.18478909,0.19695508,0.20854178,0.21869019,0.22678098,0.23243606,0.23550068,0.23601508,0.23417981,0.2303161,0.22482242,0.21812892,0.21065241,0.2027553,0.19471315,0.18669547,0.17876281,0.17087977,0.1629408,0.15480192,0.14631154,0.1373349,0.12776956,0.117551796,0.10665641
60,0.12473375,0.11147439,0.09699798,0.0825451,0.06982103,0.060983982,0.057911202,0.060632728,0.067089766,0.07483005,0.082143985,0.08813829,0.09253641,0.09551751,0.09759271,0.09946423,0.10183156,0.10516182,0.10950622,0.11445424,0.11923795,0.122912414,0.12452976,0.123270586,0.118535705,0.11001703,0.09777579,0.08238587,0.06531821,0.050108988,0.044381592,0.05413358,0.07378121,0.09636691,0.11822376,0.13725473,0.15203148,0.16153596,0.16510688,0.16245106,0.15368214,0.13939014,0.12078759,0.10006804,0.08126394,0.07129076,0.07650045,0.094419844,0.11773505,0.14120783,0.16182525,0.17777884,0.18797776,0.1918689,0.18937273,0.18086019,0.16714789,0.14951429,0.1297555,0.110299654,0.09428794,0.08506609,0.0842227,0.089797094,0.09779898,0.104721345,0.10829227,0.107255995,0.10108287,0.0897911,0.07387155,0.054375894,0.03377665,0.022356952,0.0366483,0.061177537,0.08671933,0.11079979,0.13212112,0.14977226,0.16308911,0.17162102,0.17511667,0.17351079,0.16690722,0.15555893,0.13984856,0.12027971,0.09750819,0.07252792,0.047627565,0.031854205,0.043675244,0.07262562,0.10656659,0.14246559,0.17922145,0.2161252,0.25253886,0.28781193,0.32127008,0.35223758,0.3800793,0.4042538,0.4243693,0.44023377,0.45189092,0.4596326,0.46397907,0.46562162,0.46532604,0.4638063,0.4615882,0.4588954,0.45558894,0.45118192,0.44492605,0.43594736,0.42339766,0.40659162,0.3851104,0.35886443,0.32811534,0.293463,0.25580516,0.21627961,0.17620254,0.13702838,0.10039428,0.068460636,0.04523645,0.0380224,0.046362694,0.059246704,0.070981115,0.08015373,0.08671097,0.09099675,0.093387276,0.09411296,0.093189575,0.09044198,0.08559909,0.078431174,0.06891667,0.057484157,0.045540724,0.036791462,0.037700642,0.049765293,0.067741364,0.087575585,0.107117645,0.12505554,0.14050284,0.15288882,0.16194223,0.16769958,0.17051233,0.17103828,0.17020097,0.16909704,0.16883382,0.17030808,0.17399096,0.1798216,0.18726717,0.19550756,0.20364535,0.21086748,0.21653903,0.22024168,0.22177589,0.22114131,0.21850385,0.21415444,0.20846286,0.20182973,0.19464049,0.18722577,0.17983341,0.17261527,0.165631,0.15886554,0.15225492,0.14571232,0.13914812,0.13247989,0.12563232,0.1185302,0.11108949,0.103212066
61,0.12720379,0.11663732,0.10381373,0.08943034,0.07443504,0.060177796,0.04870235,0.042778157,0.044100344,0.050958738,0.060214736,0.06974083,0.07850842,0.08613606,0.09260085,0.09806996,0.102776855,0.10691588,0.11055863,0.113607004,0.115793064,0.11672189,0.11594226,0.11302746,0.10765453,0.099679545,0.08921934,0.07677222,0.06346452,0.051599894,0.04532181,0.0485525,0.059875336,0.074763834,0.08986445,0.103163585,0.1133733,0.11964089,0.12145576,0.11863665,0.11135804,0.10021873,0.08640169,0.0720508,0.06096241,0.058385354,0.066621214,0.082100496,0.10012474,0.11759139,0.13264923,0.1441822,0.15157405,0.15461881,0.15348744,0.1487119,0.14116964,0.13205202,0.12278624,0.114852786,0.109444305,0.10703596,0.10715229,0.10857166,0.109812655,0.109553546,0.106840536,0.10114369,0.09235568,0.0808033,0.06734986,0.053763133,0.04363564,0.042485587,0.051972255,0.06756197,0.08508779,0.10232339,0.11804866,0.1315186,0.14225551,0.14995837,0.15445134,0.15564542,0.15350612,0.14802732,0.13921405,0.12707996,0.111667305,0.09311105,0.07182597,0.04923545,0.031792514,0.03855268,0.06620677,0.10063885,0.13771474,0.1757632,0.21359743,0.25018466,0.28461438,0.31614116,0.34424686,0.36870086,0.38960147,0.40738374,0.42277735,0.4367034,0.4501106,0.46377242,0.47809085,0.49296293,0.50775164,0.521367,0.53242713,0.53945285,0.5410558,0.5360936,0.523783,0.50376934,0.4761549,0.44149274,0.4007494,0.35524377,0.30656943,0.25650957,0.20695986,0.15988648,0.117384546,0.08200211,0.057545267,0.048451103,0.052317105,0.060205992,0.066785276,0.07062499,0.07195927,0.071622446,0.07051505,0.06924224,0.06790995,0.06615333,0.063377865,0.059091713,0.053254023,0.04671423,0.041864265,0.04264133,0.05136684,0.06629839,0.084503435,0.10377738,0.12259023,0.13983764,0.15473473,0.16678981,0.1758047,0.18187508,0.18537699,0.1869288,0.1873194,0.18739678,0.18792401,0.18943053,0.19210672,0.19578476,0.20001228,0.20418353,0.20767745,0.20996581,0.21067941,0.20963515,0.2068332,0.20243295,0.1967144,0.19003078,0.18275751,0.17524381,0.16777362,0.16054289,0.15365703,0.14714833,0.14100659,0.13521247,0.129762,0.124673665,0.11997526,0.11567418,0.11172162,0.10798472,0.10423985,0.10019295
62,0.12732364,0.11983918,0.10931618,0.09616123,0.08090636,0.064224906,0.047036313,0.031015698,0.020954452,0.024942745,0.03761831,0.05166765,0.06488936,0.07657276,0.08645089,0.094456404,0.100634396,0.105090365,0.107948095,0.10931424,0.10925318,0.10777652,0.1048499,0.10041665,0.094435215,0.08692671,0.07803211,0.068086684,0.05773567,0.048132755,0.041173305,0.03910849,0.042592935,0.049717754,0.057971984,0.06554763,0.07130907,0.07456704,0.0749647,0.0724519,0.06732072,0.060315438,0.052865453,0.047397066,0.0469707,0.053043995,0.06407381,0.07749537,0.09130669,0.10417761,0.11524656,0.12399226,0.13017462,0.1338044,0.135117,0.13453677,0.13262239,0.12998775,0.12720013,0.1246707,0.12256819,0.12079093,0.11901247,0.116783015,0.11364778,0.109249026,0.103397794,0.096119344,0.087685496,0.07865081,0.069903575,0.06270262,0.058542598,0.058585722,0.06290343,0.07049178,0.08004896,0.090531774,0.10124637,0.11174755,0.12171844,0.13087448,0.13889712,0.1453971,0.14990667,0.15189819,0.1508249,0.1461797,0.1375709,0.1248237,0.108145885,0.08849674,0.068658195,0.056135185,0.06266149,0.08759527,0.1214845,0.15876524,0.19665733,0.23345926,0.2680292,0.29967615,0.32816547,0.3537366,0.37708202,0.39925298,0.42147398,0.44487792,0.47021642,0.4976298,0.5265501,0.55575866,0.5835615,0.6080199,0.6271805,0.63927305,0.6428634,0.6369615,0.62108636,0.5952927,0.56016207,0.51676375,0.466589,0.41146624,0.35346338,0.29478925,0.23770894,0.18449946,0.13749516,0.09929557,0.07299729,0.060861677,0.059932742,0.06296576,0.06490066,0.06402122,0.060486328,0.055353787,0.05004918,0.045886055,0.043496065,0.042510405,0.041950222,0.041037068,0.039858524,0.039748702,0.043008395,0.05132021,0.06443286,0.08090101,0.099156074,0.11784944,0.13587883,0.15238015,0.16673304,0.17857164,0.187788,0.19451953,0.19911435,0.20207137,0.20395616,0.20530121,0.20650816,0.20777638,0.20907898,0.21019323,0.21077292,0.21043906,0.20886432,0.20583592,0.20129058,0.19532192,0.18816395,0.18015473,0.17168526,0.16314042,0.15484077,0.14699815,0.1396975,0.13291278,0.1265546,0.12053575,0.1148348,0.10953778,0.104842395,0.10101466,0.09829928,0.09680652,0.09642261,0.09679135,0.09737782,0.09758065
63,0.12496979,0.120815076,0.11318995,0.1023871,0.088806204,0.07293629,0.055336975,0.036625672,0.01753467,0.0043959524,0.021090347,0.038369365,0.05414514,0.067986555,0.079619735,0.08888434,0.09572395,0.100176096,0.10235828,0.10245019,0.10067346,0.09727117,0.09248956,0.086564615,0.079715684,0.07214785,0.064063594,0.055683907,0.047280174,0.039220322,0.032033578,0.026465235,0.023336567,0.022913372,0.024380727,0.02644154,0.028092755,0.028794512,0.028420173,0.02727369,0.02620817,0.02665234,0.030005723,0.036602642,0.04573758,0.05645182,0.06791579,0.07946337,0.09056096,0.10078864,0.10983428,0.11749179,0.12365711,0.1283188,0.1315418,0.1334449,0.13417438,0.13387729,0.13267934,0.13067143,0.12790805,0.12441806,0.120224796,0.11537134,0.10994467,0.104093164,0.0980321,0.09203291,0.086393155,0.08138904,0.077221274,0.0739782,0.071645156,0.07017474,0.069600254,0.07014238,0.07224018,0.0764461,0.083194435,0.09256881,0.104214795,0.11741035,0.13119783,0.14450128,0.15621428,0.16527084,0.17071286,0.17176214,0.16790284,0.15898648,0.14538924,0.12829931,0.11030306,0.0963858,0.09389284,0.107293084,0.13338783,0.16626872,0.20161393,0.23680863,0.27037385,0.3016712,0.330782,0.35841545,0.38575596,0.41420668,0.44504276,0.47905132,0.5162701,0.5559048,0.59642845,0.63579977,0.671724,0.70190006,0.7242273,0.7369668,0.7388564,0.72918427,0.70782405,0.6752333,0.6324193,0.58087635,0.52249956,0.45948195,0.39420396,0.32912523,0.26669386,0.20929126,0.15923724,0.1188476,0.09030866,0.0744913,0.068651386,0.06713938,0.06535329,0.06124515,0.054573927,0.04607738,0.037020408,0.02899332,0.02368919,0.02204919,0.02330154,0.02619348,0.030616201,0.037403733,0.047297932,0.060332093,0.075935185,0.09325188,0.111357816,0.12937394,0.14653493,0.16223629,0.17606467,0.18781003,0.19745708,0.20515426,0.21116196,0.21578522,0.21930146,0.22189733,0.22362977,0.22442017,0.22408266,0.2223775,0.21907559,0.21402043,0.20717674,0.19866009,0.18874484,0.17784955,0.16649915,0.15526348,0.14467436,0.13513088,0.12681627,0.11966007,0.113372475,0.10754854,0.10180814,0.09592908,0.08994573,0.08420006,0.079325624,0.07611807,0.075251184,0.076926254,0.08071095,0.08570987,0.09088955,0.09532811
64,0.12030393,0.11947457,0.11517362,0.10764276,0.09724836,0.08448772,0.07001751,0.054755446,0.04023239,0.029683234,0.02857158,0.03702287,0.04918248,0.06152763,0.072607405,0.08174322,0.088590026,0.09299692,0.09495323,0.0945601,0.092009515,0.08756508,0.081542924,0.07429282,0.06618023,0.057570282,0.04881522,0.040246956,0.03217775,0.024914347,0.018794749,0.014245326,0.0117359515,0.011316579,0.012254425,0.013728385,0.015395795,0.017329907,0.019830085,0.023242725,0.027813364,0.033623286,0.040611137,0.04862332,0.05745297,0.066861816,0.076592155,0.08637507,0.09593794,0.10501217,0.11334148,0.120690316,0.12685229,0.13165823,0.13498369,0.13675545,0.13695714,0.13563333,0.13289246,0.12890805,0.12391808,0.11822153,0.11217016,0.10615189,0.10056028,0.09574551,0.091948345,0.089232825,0.08744657,0.086234,0.085103355,0.083525166,0.08103928,0.07736701,0.072549455,0.06715031,0.06253507,0.061001197,0.065012746,0.0754651,0.09117688,0.11011104,0.13029955,0.15002865,0.16779953,0.18230385,0.19244598,0.19740039,0.19669431,0.19031663,0.17887008,0.16380548,0.14778347,0.13504879,0.13097811,0.13938965,0.15958208,0.18759303,0.21935073,0.25201288,0.28401628,0.314881,0.34502414,0.37554026,0.40788457,0.44345668,0.48316723,0.52711797,0.5744905,0.6236446,0.6723519,0.7180749,0.7582323,0.7904215,0.81259465,0.82318807,0.8212095,0.80628437,0.7786649,0.73920345,0.68929464,0.6307903,0.5658946,0.49704647,0.426798,0.35769895,0.2921985,0.2325739,0.18088949,0.13894933,0.10807641,0.088377126,0.07769648,0.071983665,0.06744241,0.061931223,0.054827522,0.046419438,0.03741776,0.0286576,0.020999728,0.015612637,0.014555712,0.018987807,0.02751879,0.038971767,0.05278919,0.068487726,0.08549957,0.103191085,0.12092405,0.13811812,0.15430124,0.16914208,0.18246095,0.19421773,0.20447774,0.21336037,0.2209795,0.22738847,0.23254205,0.23628499,0.2383694,0.2384963,0.23637146,0.23176472,0.22456369,0.21481553,0.20275398,0.18881054,0.17360888,0.15794006,0.14271009,0.12884423,0.117129795,0.10800649,0.101384655,0.096627615,0.092756525,0.08876665,0.08389277,0.07776272,0.07048006,0.06270496,0.05576047,0.05158951,0.051996514,0.057218168,0.06573348,0.075564325,0.08513439,0.093381405
65,0.11380593,0.115925305,0.11509569,0.111435734,0.105191484,0.096742816,0.0866214,0.07555276,0.06454205,0.055005517,0.04878497,0.04748187,0.051082615,0.057863086,0.06582455,0.0735145,0.08001886,0.08478454,0.08749466,0.08799879,0.08627338,0.08239634,0.076528296,0.068896525,0.059780512,0.049499042,0.03840071,0.026866902,0.015387574,0.0057218936,0.009654201,0.019414652,0.02872812,0.0370264,0.04411999,0.049931094,0.05446641,0.057818674,0.060175054,0.061825816,0.06316523,0.064671606,0.06685132,0.070144,0.07481684,0.08089909,0.08818834,0.09631219,0.104804225,0.11316692,0.12091519,0.1276063,0.13286205,0.13638708,0.13798471,0.13757011,0.13518026,0.1309802,0.12526438,0.11845275,0.111078516,0.10376223,0.09716109,0.09188053,0.08834824,0.08668841,0.0866679,0.08775694,0.089264795,0.09047042,0.09070413,0.089387424,0.08605936,0.08041973,0.07242472,0.06251248,0.052166108,0.045113996,0.047349934,0.06093434,0.08196747,0.10651749,0.13203283,0.15664868,0.17880635,0.1971567,0.2105834,0.21827637,0.21983008,0.21536177,0.2056568,0.19235523,0.1781658,0.16693683,0.16303623,0.16950862,0.18625028,0.21051003,0.23895532,0.26906827,0.29953855,0.33020937,0.36186007,0.39586076,0.4337034,0.47648817,0.5245127,0.57708853,0.63260335,0.68875104,0.74282604,0.7920095,0.83361477,0.8652836,0.8851348,0.89186794,0.88482463,0.8640094,0.8300716,0.78425324,0.72830504,0.6643802,0.59491,0.52247244,0.4496604,0.37895963,0.3126438,0.25269124,0.20072056,0.15792161,0.12491804,0.101480715,0.086194314,0.076584645,0.06999326,0.064481765,0.05905534,0.05337458,0.047381934,0.041064404,0.034434646,0.027815899,0.022674888,0.022608018,0.029990993,0.042667806,0.05822882,0.07530909,0.09302222,0.110696375,0.1278149,0.14401609,0.15909833,0.17301011,0.18581747,0.19764905,0.20862724,0.21879894,0.22808293,0.23624732,0.24292171,0.24764018,0.24990384,0.24925043,0.24532,0.23791006,0.22701652,0.21286029,0.19590145,0.17684443,0.15663847,0.13647474,0.11776661,0.102053754,0.09069264,0.08424415,0.08193382,0.081894174,0.082047485,0.080775686,0.07710244,0.07063591,0.06149231,0.05031788,0.038598727,0.029750116,0.029653067,0.03915597,0.05286744,0.06717509,0.08040688,0.09170355
66,0.106301,0.11049561,0.112910464,0.113328464,0.111658216,0.107929856,0.10229726,0.09504801,0.08662438,0.07765984,0.06902946,0.06187523,0.05746666,0.05670392,0.05949413,0.06476084,0.071092956,0.07725745,0.08233392,0.085677795,0.08686151,0.08563315,0.08189206,0.07567557,0.06715378,0.056636415,0.044615023,0.031947725,0.020758169,0.017478827,0.025858143,0.03848983,0.05146284,0.06349576,0.07397122,0.08252582,0.08896318,0.09323842,0.09546273,0.09591433,0.09504873,0.09349812,0.092039205,0.091500014,0.09258909,0.09569186,0.10074674,0.10728363,0.11458369,0.121852644,0.12834223,0.13341667,0.13658527,0.13751902,0.13606068,0.13223173,0.12623736,0.11846956,0.109507784,0.10011365,0.091205835,0.08378034,0.07872434,0.07652493,0.07704019,0.07956181,0.08313155,0.08683944,0.08995105,0.09190164,0.09223948,0.09057139,0.0865352,0.07981091,0.070183694,0.05770488,0.043179605,0.030219669,0.030393012,0.048360575,0.07418015,0.10276569,0.13181384,0.15963225,0.18471442,0.20570782,0.22148299,0.23123592,0.23460345,0.23178695,0.22368592,0.2120388,0.19952984,0.18969183,0.18624018,0.19166587,0.20601828,0.22725038,0.25272536,0.28044966,0.30956435,0.340346,0.3739288,0.41182795,0.45535594,0.5050985,0.56061965,0.6204527,0.6823081,0.7433773,0.80064225,0.8511468,0.8922183,0.9216393,0.937773,0.9396431,0.92697054,0.90016747,0.8602918,0.8089669,0.74827224,0.68061256,0.60857433,0.5347783,0.46173808,0.3917321,0.3266972,0.2681502,0.21714124,0.17424145,0.13956352,0.11280544,0.09329933,0.0800463,0.07175215,0.066920266,0.06402188,0.06167445,0.058762606,0.05451398,0.048587974,0.041273717,0.03402212,0.030446867,0.03494279,0.046977233,0.06302905,0.08067606,0.09855611,0.11585652,0.1321145,0.14714727,0.16100653,0.1739169,0.1861868,0.19809887,0.20980163,0.22123039,0.23207852,0.24182366,0.2497965,0.25527108,0.2575576,0.2560838,0.25045934,0.24052094,0.2263598,0.20833446,0.18707483,0.16348611,0.13876939,0.11448604,0.09269484,0.07606468,0.06728116,0.066825405,0.07167951,0.07779322,0.082301185,0.08364428,0.081125624,0.074594714,0.064274564,0.050669078,0.034542277,0.017264225,0.009248148,0.025276728,0.043733094,0.06122688,0.07690754,0.09029379
67,0.09895722,0.103753895,0.10873071,0.11300572,0.11585522,0.116739996,0.11531021,0.11140689,0.10506887,0.09655116,0.08636567,0.07536398,0.064883344,0.05688615,0.053622887,0.056167226,0.06327165,0.07253367,0.08186876,0.089837834,0.095499754,0.09826616,0.09782561,0.09411449,0.08731842,0.077907555,0.06673887,0.055313207,0.04627829,0.043450467,0.048851606,0.06009553,0.073671855,0.08724854,0.09946429,0.10950671,0.11691312,0.12149459,0.12331082,0.122664064,0.120097555,0.1163846,0.11248623,0.10944228,0.10816763,0.109189756,0.11246392,0.11740071,0.12308047,0.12850344,0.13276596,0.13515,0.13515808,0.13252345,0.12721153,0.11942056,0.10958564,0.09839066,0.08679161,0.076038316,0.06761559,0.06289966,0.062436078,0.06547619,0.0704871,0.07600713,0.08103489,0.08501254,0.087681375,0.08892963,0.088661864,0.0867036,0.082755335,0.076404326,0.06719043,0.054718632,0.03885515,0.020566542,0.014021335,0.03639923,0.0650339,0.0955992,0.12643522,0.15602885,0.1828949,0.20565169,0.22313537,0.23452446,0.23946549,0.23819548,0.23165864,0.22160488,0.21061806,0.20192565,0.19874908,0.20318718,0.21536393,0.23374265,0.25632647,0.28172833,0.30964994,0.3408526,0.3767711,0.41890404,0.46817598,0.5244998,0.5866621,0.6524857,0.71913344,0.7834381,0.84219944,0.8924322,0.93156374,0.95758474,0.96915394,0.9656565,0.94721675,0.9146662,0.8694708,0.8136227,0.74950355,0.67972845,0.6069797,0.5338422,0.46264848,0.39534742,0.3334068,0.27776498,0.22884713,0.18665978,0.15096699,0.12152798,0.09833012,0.08165381,0.07167575,0.06758745,0.067221195,0.067920014,0.0675589,0.064877704,0.059448816,0.05169802,0.043249354,0.037743356,0.04012084,0.051113818,0.06701286,0.084651016,0.10224468,0.11883783,0.13400161,0.14770812,0.16024086,0.17208241,0.18376401,0.19569558,0.2080193,0.22053173,0.23269439,0.24371766,0.2526824,0.258665,0.26084548,0.25858942,0.25150445,0.2394733,0.22266743,0.20154631,0.17684923,0.14959274,0.12110439,0.09317477,0.06855211,0.052029982,0.049275804,0.058199912,0.07073837,0.08182497,0.08928287,0.09222942,0.09041518,0.0839793,0.07334053,0.059136797,0.04220358,0.02373247,0.008814616,0.020667005,0.03970333,0.05807329,0.07473284,0.08919779
68,0.09318302,0.09651668,0.10285604,0.110324994,0.11723167,0.12227998,0.124569245,0.123544924,0.11895988,0.110858165,0.09958662,0.08585583,0.07091708,0.05701311,0.048100263,0.04866126,0.05835172,0.07250174,0.087294005,0.10054245,0.11097283,0.11782071,0.12068266,0.11947274,0.114425786,0.10613441,0.09563253,0.08454752,0.07527221,0.07074253,0.07300814,0.08149743,0.0936692,0.10690433,0.11929015,0.12958631,0.13706233,0.1413906,0.1425908,0.14099993,0.13724862,0.13222533,0.12700239,0.12268969,0.12019881,0.119973026,0.12183,0.12503509,0.1285537,0.13132188,0.13242939,0.13120854,0.1272639,0.12047574,0.11099623,0.099251635,0.08596527,0.07222781,0.059646357,0.050476637,0.04703531,0.049679846,0.05611538,0.06360495,0.070373945,0.07556173,0.078921415,0.08060629,0.081002876,0.08055522,0.0795715,0.07805597,0.07563609,0.071621984,0.06516583,0.055449564,0.04184482,0.024025025,0.00215319,0.023798868,0.052568365,0.083232924,0.11443943,0.1446878,0.17244387,0.196267,0.21494357,0.22761984,0.2339279,0.23410025,0.22906612,0.22051208,0.21085484,0.20300597,0.19977467,0.20297551,0.21282242,0.22823991,0.24787152,0.2710062,0.29798138,0.33004624,0.3688197,0.41557112,0.4706259,0.53311545,0.6010716,0.67171824,0.741814,0.8079684,0.86691046,0.9157105,0.9519568,0.97388875,0.9804839,0.9714983,0.94745773,0.90960294,0.85979176,0.80036455,0.7339807,0.6634358,0.5914703,0.5205809,0.45285007,0.38981122,0.3323735,0.28083232,0.2349849,0.19434905,0.1584543,0.12715703,0.100933194,0.081044465,0.06911395,0.06537186,0.06713041,0.07040129,0.07216878,0.07085848,0.06605148,0.058333766,0.049526185,0.043333687,0.044693932,0.05482909,0.07021621,0.087375864,0.10426938,0.1198471,0.13371524,0.14597844,0.1571193,0.1678423,0.1788648,0.19068831,0.20342042,0.2167101,0.22980723,0.24170306,0.2512937,0.25752535,0.2595055,0.25657886,0.24837297,0.23481944,0.21615495,0.19290738,0.16587293,0.13609613,0.10488503,0.073980905,0.046480607,0.031156294,0.039211996,0.05744727,0.07488837,0.08850385,0.09728425,0.10089651,0.09938642,0.09308415,0.082562685,0.06862902,0.05239719,0.035721213,0.023469495,0.026163911,0.04066518,0.05760059,0.07388993,0.088507436
69,0.09031004,0.08981784,0.09579507,0.10535116,0.11550585,0.12402789,0.12943777,0.13082875,0.12773512,0.12006397,0.10807537,0.09241847,0.07429713,0.056054972,0.042947467,0.04356381,0.057929806,0.077727444,0.097843654,0.115880415,0.13049994,0.14088753,0.14660463,0.14755784,0.14400768,0.1365989,0.12641338,0.11504527,0.10464903,0.09774695,0.09641997,0.101083525,0.11020848,0.12140292,0.13249247,0.14190586,0.14867139,0.1523302,0.15286204,0.1506289,0.14632131,0.14088522,0.13540228,0.13089918,0.12809731,0.12718849,0.1277685,0.12898144,0.12978303,0.12918416,0.12640472,0.12094406,0.112600744,0.10147083,0.08794749,0.072751254,0.05706182,0.042942975,0.034197524,0.03490817,0.043099754,0.05350397,0.062997505,0.07018526,0.074517414,0.07596945,0.07494819,0.07225333,0.06900001,0.06639865,0.065321945,0.065824755,0.0670264,0.067480154,0.06567162,0.06034494,0.05065297,0.036246303,0.01765607,0.010801813,0.03600985,0.06543675,0.09604208,0.12611182,0.15401895,0.17826568,0.19760117,0.21114737,0.21851677,0.21991341,0.21620749,0.20896424,0.20038044,0.19303818,0.18938258,0.19101994,0.19829692,0.21061867,0.22732107,0.24845526,0.2750464,0.30876052,0.35117793,0.40305492,0.46392304,0.53210396,0.60498077,0.6793416,0.7517009,0.8185754,0.8767192,0.9233211,0.9561654,0.9737512,0.9753672,0.96111685,0.93189436,0.88931143,0.8355798,0.7733552,0.7055502,0.6351256,0.56486994,0.49718183,0.43387443,0.3760352,0.3239824,0.27735746,0.2353621,0.19709586,0.16191244,0.12972918,0.101292595,0.07844031,0.06401243,0.059769504,0.06299193,0.06835755,0.071989276,0.07207256,0.068227224,0.0611901,0.052957296,0.04723968,0.048595782,0.058157507,0.07275547,0.08900279,0.10480805,0.119098164,0.13152114,0.14228614,0.15202707,0.1616145,0.1718981,0.1834292,0.1962622,0.20991208,0.22346278,0.23575413,0.24557158,0.25179833,0.25352168,0.25009936,0.24119473,0.2267876,0.20716539,0.1828987,0.15480517,0.12390786,0.091403,0.0587025,0.028135067,0.0155223105,0.037120033,0.060061973,0.07914524,0.09338756,0.10239973,0.10610968,0.104708105,0.098626256,0.088526644,0.07532226,0.060288154,0.045477647,0.034927752,0.03473629,0.04488016,0.059322186,0.07432909,0.08835144
70,0.091061406,0.08477721,0.08827321,0.09837708,0.11067279,0.12180446,0.12966424,0.13300917,0.13118657,0.12399856,0.11165132,0.09477545,0.07459398,0.053644422,0.038689572,0.042416573,0.062396217,0.08714043,0.11155834,0.13341466,0.15139672,0.16466178,0.17273563,0.17549962,0.1732023,0.16647993,0.15638284,0.14440309,0.13247119,0.12281419,0.11747638,0.11748094,0.122245766,0.1299526,0.13848078,0.14607559,0.15157047,0.15437977,0.15442766,0.1520669,0.14798716,0.14309436,0.13834076,0.13450533,0.13197248,0.1306054,0.12979129,0.12863465,0.12619446,0.12167225,0.11452145,0.10449261,0.09164165,0.076328196,0.059245974,0.041625526,0.026336392,0.02167504,0.03161034,0.04573914,0.058887728,0.06935507,0.07635722,0.07953309,0.07885959,0.07466551,0.06769733,0.059251994,0.05137364,0.04678997,0.047550563,0.05291812,0.0600399,0.06612576,0.06917862,0.067889675,0.06149064,0.04968597,0.032642215,0.011276386,0.015842417,0.043888263,0.07342208,0.102640875,0.12993355,0.15382475,0.17308621,0.18685554,0.19474363,0.19692092,0.19417186,0.18789944,0.18004277,0.17284445,0.16841878,0.1682236,0.17279753,0.18209645,0.19625479,0.21618864,0.24359043,0.28029945,0.32746193,0.3849984,0.45155674,0.5247683,0.6015787,0.6785499,0.7521196,0.8188308,0.8755371,0.919584,0.94895804,0.96239835,0.95946246,0.9405429,0.90683293,0.8602431,0.80327165,0.7388358,0.6700687,0.6000898,0.5317569,0.46741235,0.40865168,0.35616496,0.30972165,0.26835325,0.23071876,0.19554706,0.1620224,0.13004118,0.100387245,0.074990064,0.057308882,0.05106249,0.054708682,0.061667066,0.067017466,0.06867812,0.066300035,0.06074324,0.05411446,0.049956143,0.052082513,0.061229434,0.07474074,0.08965219,0.10401045,0.11679034,0.1276864,0.1369758,0.1453807,0.15386264,0.16333407,0.1743515,0.1869105,0.20042819,0.21388987,0.22606426,0.23570314,0.24168992,0.24313688,0.23944147,0.23031257,0.21577388,0.1961489,0.17203093,0.14424118,0.11377766,0.08175818,0.04936111,0.017776726,0.012007701,0.03874816,0.061748844,0.08032072,0.09401373,0.1026089,0.106121995,0.10480096,0.09912108,0.08978778,0.077770665,0.06442627,0.05183509,0.04336933,0.042903654,0.050573085,0.06265296,0.07597677,0.08888007
71,0.09515903,0.08230319,0.08120023,0.089930326,0.10299713,0.11574757,0.12534852,0.13020152,0.12947246,0.12286915,0.11055859,0.09318358,0.07207202,0.050231,0.036677763,0.046039898,0.07070014,0.09894381,0.12641701,0.15106305,0.17157258,0.18706037,0.19700146,0.20122866,0.19994314,0.19372468,0.18353821,0.17073287,0.15701772,0.14436303,0.13472328,0.12950149,0.12895335,0.13205883,0.13706554,0.14222233,0.14622796,0.14836226,0.14845072,0.14676392,0.14388238,0.14052558,0.13734843,0.13473742,0.13267377,0.13072583,0.12817323,0.12419854,0.118067786,0.10925585,0.09751185,0.08287859,0.06568597,0.04654978,0.026524551,0.00999477,0.019723093,0.038094055,0.055081923,0.069276355,0.079911724,0.08647879,0.08869296,0.08650086,0.08009361,0.06992944,0.05679534,0.042032786,0.028512372,0.023509836,0.031901952,0.04549267,0.05851594,0.068645425,0.074609414,0.075612426,0.07122658,0.06138937,0.046446867,0.027397178,0.010393352,0.026509508,0.052863434,0.079646215,0.10484018,0.12696944,0.14486125,0.15770303,0.16512379,0.16726051,0.16479361,0.1589343,0.15133725,0.14390054,0.13843672,0.13631701,0.13836727,0.14524096,0.158044,0.17859769,0.20895945,0.2505413,0.30353078,0.36686534,0.43849608,0.5156779,0.59521055,0.67364824,0.7474994,0.8134233,0.86841905,0.90999746,0.93632495,0.94633037,0.9397664,0.9172226,0.88008773,0.8304629,0.7710305,0.70488316,0.63531744,0.56559604,0.4986816,0.4369497,0.38191006,0.33400595,0.2925989,0.25622138,0.22305982,0.1914941,0.16050325,0.1298629,0.100203745,0.07312439,0.051705442,0.041023575,0.043042347,0.050836325,0.05780208,0.061346702,0.061080348,0.057916615,0.053925224,0.052179314,0.055471838,0.064147726,0.07623065,0.089401595,0.10199814,0.11310663,0.1224691,0.13038744,0.13759695,0.14505975,0.15367013,0.16394486,0.17582788,0.18869302,0.20150839,0.21305728,0.22213246,0.22767442,0.22885777,0.22513895,0.21627611,0.20232819,0.18363783,0.16080186,0.1346335,0.10612363,0.07642265,0.046952233,0.02082917,0.018812692,0.039819837,0.06018624,0.07694159,0.08935068,0.097145915,0.10034174,0.09919408,0.094188385,0.086046614,0.075770795,0.06476267,0.05505099,0.049376108,0.050056238,0.056788124,0.06712301,0.07875302,0.090246946
72,0.10147666,0.08270041,0.07554302,0.080760956,0.09299205,0.1062799,0.116911076,0.12286861,0.12312,0.11727814,0.10548223,0.08842811,0.06768774,0.047219224,0.038693655,0.05379648,0.081256144,0.11149081,0.14081275,0.16725315,0.18947326,0.20653072,0.21783581,0.22315244,0.22260539,0.21668248,0.20622782,0.19242534,0.17676716,0.16098839,0.14692065,0.1361918,0.12976621,0.12755732,0.12849155,0.13104866,0.13385679,0.13601542,0.13714693,0.13729511,0.13675354,0.13586634,0.1348397,0.13361217,0.13182466,0.12889254,0.12414156,0.11695349,0.106883146,0.09373197,0.07758022,0.058787625,0.03798264,0.016189378,0.008418272,0.029307859,0.049440447,0.06711356,0.08145813,0.091822036,0.097765595,0.099074155,0.09576181,0.088063665,0.07641781,0.061439563,0.043891355,0.02465855,0.0049977363,0.015465719,0.034054067,0.050601028,0.06421474,0.074165724,0.07989678,0.08106636,0.07760354,0.06979031,0.05843656,0.04539733,0.03519829,0.03611533,0.049479023,0.06810858,0.087251045,0.10450991,0.11845296,0.12820317,0.13335806,0.13398811,0.13063721,0.124292806,0.116303116,0.10822482,0.10161513,0.09787304,0.0983299,0.10463352,0.11896405,0.14352433,0.17968033,0.22760603,0.28645164,0.3545922,0.42979154,0.509324,0.5901032,0.6688346,0.7421898,0.8069908,0.86039317,0.90005344,0.92427,0.9320874,0.9233575,0.89875185,0.85972655,0.8084394,0.7476249,0.6804311,0.6102238,0.54035705,0.47390962,0.41338363,0.360385,0.31535834,0.27751702,0.24510112,0.21593659,0.18806745,0.16020666,0.13191089,0.10355382,0.07625895,0.052066606,0.034933224,0.030841116,0.037440993,0.045673627,0.05143113,0.053981617,0.054099806,0.053537592,0.054570552,0.058969412,0.06692483,0.077230066,0.08830816,0.09889282,0.1082365,0.11612863,0.122850545,0.129071,0.13565609,0.14339694,0.15272832,0.1635584,0.17528105,0.18693234,0.1973936,0.20556685,0.21049835,0.21145456,0.20796332,0.1998299,0.18713498,0.17021875,0.14965607,0.12622862,0.10090814,0.07489406,0.049894903,0.029748179,0.025554692,0.03858706,0.05466619,0.06869975,0.079325676,0.086099714,0.08897729,0.08819099,0.08421833,0.07778879,0.069930114,0.062057808,0.056028925,0.053813316,0.056435242,0.06319386,0.07241866,0.082568765,0.09258939
73,0.10856562,0.085476905,0.07204833,0.071791634,0.08138355,0.09406417,0.105053924,0.11179627,0.11301882,0.10823368,0.09757316,0.081860624,0.06313917,0.046819586,0.045425605,0.064263895,0.092689045,0.12354236,0.15357554,0.18084437,0.20396212,0.22192016,0.23405328,0.24004047,0.2399091,0.23403174,0.22311245,0.20816313,0.19047149,0.17155945,0.15312023,0.136896,0.12442666,0.116641164,0.113483086,0.11395523,0.1166459,0.12029997,0.124080256,0.12753785,0.13044955,0.1326405,0.13385521,0.1337049,0.13169044,0.12727869,0.120001376,0.1095511,0.09586203,0.07918162,0.06018387,0.040385205,0.024560353,0.026372269,0.04323764,0.0623541,0.07971962,0.09376897,0.10360801,0.10872504,0.108934395,0.10435959,0.09541898,0.08281295,0.06753619,0.05100433,0.035643846,0.0267984,0.030649036,0.04233434,0.05513301,0.066358715,0.074955985,0.08048078,0.08282952,0.08216796,0.078933194,0.07388423,0.06818969,0.06348044,0.061613258,0.06384935,0.06998014,0.078529924,0.087680064,0.0958591,0.10189677,0.10502749,0.10488003,0.10147356,0.09520844,0.08683786,0.0774145,0.06822735,0.060793202,0.057007935,0.059330657,0.07030688,0.091531135,0.12352994,0.1662741,0.21933806,0.28181532,0.35224754,0.42862666,0.50846046,0.58888614,0.66681814,0.73911804,0.8027745,0.8550804,0.8937962,0.91728747,0.92462844,0.91566396,0.8910268,0.85210824,0.80098474,0.74030435,0.67313844,0.60280293,0.5326506,0.46582946,0.40499768,0.351996,0.30753052,0.27100492,0.24068567,0.21424134,0.18943658,0.16466525,0.13917145,0.113015115,0.08692456,0.06219447,0.040912047,0.02720767,0.026423076,0.033771947,0.0415036,0.04723382,0.051056013,0.054029144,0.057519544,0.06258002,0.069480464,0.07772644,0.0864614,0.09487186,0.10242365,0.10895795,0.11469632,0.12016801,0.12605453,0.13296713,0.14122228,0.15070859,0.16089766,0.17096889,0.17997374,0.18698122,0.19118291,0.1919592,0.18891564,0.18189776,0.17098984,0.15650232,0.13895227,0.119043514,0.097660094,0.075908974,0.05532734,0.038624097,0.031007959,0.035459984,0.045747355,0.05620918,0.06463454,0.07025465,0.07289999,0.07275204,0.07027313,0.06620198,0.06157703,0.05772758,0.056080546,0.057640024,0.062454913,0.069711916,0.07831459,0.087309465,0.0960062
74,0.11508263,0.08955176,0.070884705,0.06398465,0.069058016,0.079944044,0.09071223,0.098064445,0.10041236,0.09715912,0.08846936,0.075406626,0.060705826,0.050896198,0.055841047,0.07608351,0.10396977,0.13421391,0.16388422,0.19104128,0.2142451,0.23241639,0.24480712,0.25100073,0.25091463,0.244795,0.2332009,0.21697903,0.19723389,0.1753009,0.15273347,0.13130853,0.11301717,0.09988686,0.09335976,0.093382046,0.09829431,0.10587626,0.11429957,0.12234034,0.12920648,0.13432957,0.13723175,0.13747352,0.13466385,0.12851039,0.11889296,0.1059543,0.09022603,0.072872855,0.056314908,0.04555487,0.046982978,0.05943339,0.0760535,0.09224167,0.10559475,0.11475086,0.118948676,0.11789455,0.111725785,0.10100692,0.08675922,0.07058191,0.055031177,0.04435591,0.04338069,0.051346667,0.06267994,0.07332324,0.08133669,0.08595287,0.08712036,0.08533755,0.08158723,0.07727437,0.074049704,0.07337057,0.075871386,0.08107248,0.08776121,0.0945984,0.100469895,0.10457107,0.10637594,0.10558447,0.10208068,0.09590901,0.08726689,0.07650789,0.06415044,0.05089996,0.03775601,0.02656147,0.021792311,0.028262017,0.043297037,0.064654864,0.09287252,0.1290782,0.17405534,0.22795802,0.2902569,0.35976794,0.43471804,0.5128381,0.5914819,0.66776806,0.7387394,0.8015312,0.85353917,0.89257467,0.91699964,0.92583,0.9188024,0.8963989,0.85982877,0.81096864,0.7522638,0.68659735,0.61713064,0.5471186,0.47969592,0.4176253,0.3629982,0.31691158,0.2792238,0.24857113,0.22276752,0.19946507,0.17676233,0.15353198,0.12946002,0.104918815,0.08080849,0.058501475,0.04013212,0.029437717,0.02956902,0.03621449,0.043812938,0.050432533,0.055984206,0.061006982,0.06611535,0.07168788,0.077751726,0.08405509,0.09024313,0.09603373,0.101334766,0.10628664,0.11122898,0.11659695,0.12276952,0.1299191,0.1379221,0.14636229,0.15461075,0.16193826,0.16762184,0.17102696,0.17166303,0.16921575,0.16356179,0.15476967,0.14309087,0.12894437,0.112899385,0.09566398,0.07809462,0.061261237,0.04663747,0.03640938,0.032916725,0.03570619,0.041323375,0.04694155,0.051236227,0.053779144,0.054647442,0.054270692,0.053367462,0.052867644,0.053725302,0.056604274,0.061623152,0.06839068,0.07626433,0.08458924,0.09281606,0.1005315
75,0.119963415,0.093659766,0.0714758,0.05806805,0.056983862,0.06487064,0.07500411,0.08302699,0.086896345,0.08588882,0.080242656,0.07132326,0.062377315,0.059420913,0.068271466,0.08815105,0.11431719,0.14287496,0.17118768,0.19733492,0.2198298,0.23752286,0.24958031,0.2554857,0.255043,0.24837224,0.23589505,0.21831085,0.19656943,0.17185122,0.14557885,0.11950752,0.09597661,0.07831193,0.070453726,0.07377817,0.08482651,0.09895106,0.11311503,0.1256834,0.13575232,0.14276636,0.14634933,0.14624973,0.14235021,0.13471873,0.12369445,0.11001979,0.095057614,0.0811393,0.071820304,0.070730306,0.07827061,0.0909984,0.10485386,0.116872616,0.12512921,0.12844506,0.12623265,0.11844036,0.10555508,0.08867538,0.06978152,0.05261345,0.04420578,0.050158635,0.06494589,0.081016704,0.09445938,0.103392005,0.10694875,0.104978025,0.097993635,0.08726497,0.075090386,0.065242894,0.06254214,0.069274165,0.0826235,0.09819999,0.11280465,0.12448201,0.13210092,0.13509801,0.13333848,0.1270241,0.11661664,0.102767155,0.086250775,0.06791102,0.04862781,0.029395834,0.0126483645,0.014683009,0.031105282,0.04913251,0.06875706,0.09154537,0.1194216,0.15410845,0.19674623,0.24773638,0.3067462,0.37277958,0.44426394,0.51914537,0.5949964,0.6691411,0.73879623,0.8012233,0.8538836,0.89458734,0.9216251,0.9338753,0.9308789,0.91287583,0.88080233,0.8362476,0.7813738,0.7188026,0.65147364,0.58247906,0.5148722,0.45144525,0.39446846,0.34539723,0.30460998,0.271312,0.24375057,0.2197322,0.19722335,0.17477958,0.15170637,0.12801589,0.10429793,0.081614345,0.061526667,0.046341535,0.038954668,0.040011022,0.04588201,0.052844368,0.059226893,0.06464772,0.06927589,0.07344469,0.077449,0.081458576,0.08552184,0.08962755,0.09378037,0.09805211,0.10258743,0.10756234,0.11311142,0.11925314,0.12584344,0.13257387,0.13900992,0.14465162,0.1489974,0.1515992,0.15210353,0.15027827,0.14602646,0.13938962,0.13054231,0.11978053,0.107506186,0.09421039,0.0804598,0.06689178,0.054226853,0.043302815,0.035083648,0.03041689,0.029313961,0.03061269,0.032882165,0.03526282,0.037538256,0.03993196,0.04288831,0.046852544,0.05208244,0.058567043,0.0660697,0.0742296,0.0826531,0.09097144,0.09887083,0.106105596
76,0.1224415,0.09665202,0.07271262,0.05416623,0.046081975,0.049816195,0.059199497,0.068319745,0.074406914,0.0765559,0.07504853,0.0713656,0.06850853,0.07073455,0.08120203,0.09954299,0.123102486,0.14907528,0.17515026,0.19946373,0.2204995,0.2370447,0.2481828,0.2533003,0.25209326,0.24456629,0.23102126,0.21203639,0.18844041,0.1612933,0.13190295,0.10196356,0.07410221,0.053641293,0.049786802,0.06319442,0.0834343,0.10408603,0.12264378,0.13800885,0.14961585,0.15715715,0.16049467,0.15964702,0.15481897,0.14646426,0.13538133,0.1228434,0.11073501,0.10153302,0.09770534,0.100320205,0.10810881,0.11828542,0.12795876,0.13481566,0.13722305,0.13417442,0.125244,0.110576324,0.090933904,0.067939654,0.04527363,0.033787463,0.04586214,0.06870847,0.09159259,0.11065958,0.12397831,0.13042459,0.12947619,0.12119083,0.10624623,0.08609498,0.06358903,0.045532387,0.04572515,0.0651803,0.09071702,0.115437604,0.13638407,0.15197206,0.16133761,0.16415682,0.16056876,0.15111428,0.13667297,0.11840391,0.09771832,0.076359846,0.056811526,0.0434097,0.04200079,0.05213753,0.067699224,0.0853532,0.10463948,0.12649617,0.15247919,0.18421899,0.22299059,0.2694548,0.32357916,0.38467175,0.45145944,0.52217746,0.5946666,0.6664833,0.73502374,0.79766196,0.85189503,0.89548683,0.92660207,0.94392,0.946721,0.9349388,0.9091757,0.87067866,0.8212782,0.76329273,0.6994033,0.6325019,0.56551623,0.50120825,0.44194412,0.38944054,0.34452322,0.3069851,0.27565986,0.24875957,0.22437252,0.20091878,0.17741741,0.15355186,0.12960818,0.106377974,0.085103266,0.06749681,0.055646546,0.05101949,0.05261829,0.05745346,0.06296691,0.067866005,0.07176003,0.074740924,0.07711744,0.079253316,0.08147082,0.08400513,0.086999044,0.090521306,0.0945884,0.09917523,0.104211584,0.109571226,0.11506409,0.12043903,0.12539902,0.12962578,0.13280828,0.13467048,0.1349944,0.13363692,0.13053963,0.12573189,0.119328216,0.11152069,0.102567755,0.092780545,0.08250805,0.07212231,0.06200507,0.05253743,0.044093706,0.03703788,0.031711854,0.028389378,0.027183,0.027982077,0.030531628,0.034578163,0.03992815,0.046417024,0.053865045,0.06205721,0.07074569,0.07966361,0.08854205,0.09712644,0.10519061,0.11254781
77,0.12201665,0.09762246,0.0733541,0.051614504,0.036999684,0.03568072,0.044758026,0.055887092,0.06506052,0.071115024,0.07424765,0.07569491,0.0776659,0.0828856,0.09339288,0.10945965,0.12980275,0.15250282,0.17561536,0.19738373,0.21629012,0.23107275,0.2407423,0.24459895,0.2422451,0.23358916,0.21883857,0.1984817,0.17326204,0.14415449,0.11237242,0.07952147,0.048566114,0.030169198,0.043028384,0.06927442,0.0958482,0.119805574,0.14008921,0.1561716,0.16778733,0.17485946,0.17748195,0.17593005,0.1706927,0.16252333,0.15250091,0.14207198,0.13299604,0.12705131,0.12541652,0.12802102,0.13345984,0.13957323,0.1441378,0.14527585,0.14160849,0.1322923,0.11702083,0.09602114,0.07007648,0.040792216,0.015371277,0.032362506,0.063641734,0.09329607,0.11859484,0.13776591,0.14948405,0.15287569,0.14756425,0.13370082,0.11197238,0.0836086,0.050552174,0.01867732,0.032032136,0.06807593,0.10297152,0.13369463,0.15854643,0.17637996,0.18655398,0.18893635,0.18389305,0.17225674,0.15528527,0.13463597,0.11240826,0.09134573,0.07520288,0.06834352,0.072488196,0.08451697,0.10034613,0.11781354,0.13651113,0.15711659,0.1809049,0.20935151,0.24377783,0.28507903,0.33357453,0.3889708,0.45039234,0.5164446,0.58529305,0.6547573,0.72242254,0.7857672,0.84230274,0.88971746,0.9260152,0.9496398,0.959575,0.9554145,0.93739533,0.9063936,0.86388093,0.81184614,0.7526831,0.68905205,0.62371606,0.5593557,0.4983647,0.44263193,0.39333394,0.3507896,0.31445238,0.2830958,0.25516388,0.22916892,0.20400165,0.17908798,0.15440884,0.13044317,0.10809524,0.08863836,0.07361426,0.06441051,0.061265264,0.062639944,0.066191696,0.07008793,0.07336058,0.0757009,0.07720328,0.07817943,0.0790293,0.08014559,0.08184224,0.08430882,0.08759444,0.09161952,0.09620499,0.101106696,0.10604646,0.11073711,0.11490238,0.11829308,0.120700404,0.12196635,0.12199079,0.12073498,0.11822117,0.11452877,0.109787434,0.10416793,0.097871356,0.09111756,0.0841332,0.07714001,0.070343785,0.06392528,0.058034908,0.05279454,0.04830992,0.04469544,0.04210574,0.04075545,0.04089727,0.0427435,0.046370704,0.051680457,0.058436144,0.06632797,0.07502197,0.08418572,0.09350068,0.10267011,0.11142645,0.119538926
78,0.11841961,0.09593392,0.072327085,0.04920925,0.029787388,0.02322278,0.033512253,0.04780987,0.060506344,0.07038841,0.07754706,0.08285342,0.087813765,0.094279274,0.10384946,0.11722344,0.13399568,0.15296589,0.17258106,0.19124216,0.20746456,0.21995968,0.227683,0.22986674,0.22604127,0.2160448,0.20002037,0.17839985,0.15187691,0.12137536,0.088035956,0.053354878,0.02130508,0.025913844,0.05725063,0.08823236,0.116311945,0.14059499,0.16056602,0.17594776,0.1866655,0.19283167,0.1947392,0.1928638,0.18787424,0.18064511,0.17225643,0.16394687,0.1569722,0.15233561,0.15044732,0.15089804,0.15252097,0.15370792,0.15278083,0.14826949,0.1390722,0.12453629,0.10449613,0.07929742,0.049887087,0.019107576,0.02291818,0.056264304,0.089295454,0.11891722,0.14317742,0.16047831,0.16959907,0.16976981,0.16073276,0.14277923,0.11676595,0.08415711,0.047457084,0.01866384,0.044576894,0.08399043,0.121357754,0.15380284,0.17958,0.19753376,0.20706804,0.2081549,0.20132855,0.18766183,0.16874005,0.1466644,0.12413404,0.10461025,0.092177376,0.08989872,0.09714538,0.11031624,0.1261018,0.142815,0.1601371,0.17865041,0.19947669,0.223982,0.2535074,0.28913334,0.33150655,0.3807435,0.43640095,0.49749243,0.5625371,0.6296344,0.6965631,0.76090276,0.8201714,0.8719725,0.91414076,0.94487715,0.96286285,0.9673447,0.95818585,0.93587816,0.90151584,0.8567316,0.80359876,0.744505,0.68200225,0.6186389,0.5567794,0.49842006,0.44501564,0.39734665,0.3554694,0.3187897,0.28626782,0.25670606,0.2290325,0.20250468,0.17680529,0.15204823,0.12873629,0.107706144,0.09006093,0.07699987,0.06934744,0.066842526,0.06799025,0.07088218,0.07402813,0.076578535,0.078205206,0.07893882,0.079047434,0.07894736,0.07912025,0.08001808,0.081959814,0.08505039,0.08915892,0.093963854,0.099036045,0.103922375,0.10820863,0.111559115,0.11373807,0.1146184,0.11418137,0.11250909,0.10977068,0.10620258,0.102083534,0.09770508,0.09333935,0.08920737,0.085453406,0.082131155,0.07920683,0.07657899,0.074110314,0.07166377,0.06913718,0.06649411,0.063791886,0.061207984,0.059059594,0.05779864,0.057949927,0.059973773,0.0641025,0.07026106,0.078121416,0.08722264,0.09707112,0.10719518,0.1171684,0.1266193
79,0.11158623,0.09121118,0.06885624,0.04569271,0.023694089,0.013227991,0.02772287,0.045362845,0.060874492,0.07350589,0.083311655,0.09087339,0.09723723,0.103767246,0.11182171,0.12231203,0.13538052,0.15039313,0.16618438,0.1813524,0.1944824,0.20428696,0.20969069,0.20988277,0.20434898,0.19288744,0.17560871,0.15292072,0.12549944,0.0942484,0.060259063,0.024895618,0.012840257,0.047358394,0.08070951,0.11132695,0.13839592,0.1613487,0.17984748,0.19377762,0.20323315,0.20849562,0.21000923,0.208356,0.20423126,0.19841674,0.1917418,0.1850196,0.17894673,0.17397155,0.17016621,0.16716057,0.16418195,0.16019456,0.15408927,0.14487131,0.13182196,0.11464697,0.09367728,0.0703747,0.04926301,0.04304558,0.060113773,0.08763749,0.116405435,0.14244123,0.16335686,0.17743972,0.18349294,0.18085,0.16943353,0.14984271,0.12353794,0.09344332,0.06632885,0.058315895,0.078796595,0.11188098,0.1459244,0.17606024,0.19975926,0.21556744,0.22279994,0.22145559,0.21217851,0.19622841,0.17546521,0.15237688,0.13017064,0.11278164,0.10408855,0.1056249,0.11516604,0.12889172,0.14392737,0.15892233,0.17371143,0.18891753,0.20564927,0.22526237,0.24915053,0.2785551,0.3144005,0.35716823,0.40681806,0.4627567,0.5238505,0.58847713,0.6546119,0.71994305,0.7820083,0.8383444,0.88663805,0.9248692,0.951435,0.9652483,0.96580124,0.95319337,0.9281201,0.89182466,0.84601617,0.79275966,0.73434424,0.6731364,0.61142635,0.5512742,0.49436697,0.44190016,0.3945035,0.35223538,0.31466207,0.28101698,0.25040612,0.22200811,0.19522485,0.16976537,0.14567377,0.1233286,0.1034374,0.08701573,0.07523597,0.06891211,0.06771472,0.07004084,0.07389146,0.07769117,0.08049467,0.081890926,0.08188219,0.080803424,0.07926089,0.07804383,0.07796064,0.079596855,0.08309713,0.08812109,0.0939966,0.099942096,0.10523734,0.10931553,0.11180086,0.112517886,0.11148708,0.10891207,0.10515891,0.10072413,0.09618548,0.09212726,0.08903939,0.08720933,0.08665158,0.08711715,0.08818141,0.08936194,0.09021566,0.09039543,0.089673236,0.087945975,0.085237876,0.08170919,0.07767635,0.07364151,0.070311844,0.06855515,0.069217704,0.07281928,0.07933383,0.08825271,0.09883114,0.11029804,0.121955186,0.13320506
80,0.10164286,0.08332976,0.062492676,0.040100843,0.017425314,0.0083277235,0.028438691,0.047810543,0.06469883,0.078680396,0.089725144,0.0981873,0.10480494,0.11062972,0.11683574,0.12440731,0.13381374,0.14484587,0.15669265,0.16817015,0.17796555,0.18482293,0.18766482,0.18566675,0.17830092,0.16535693,0.14694387,0.123474486,0.09563337,0.06433016,0.030640893,0.0042706337,0.03917737,0.072948486,0.1045361,0.1330694,0.1578918,0.17858697,0.19498527,0.20715031,0.21534683,0.21999376,0.22160819,0.2207478,0.21795955,0.21374118,0.20851731,0.20262793,0.19632173,0.18974666,0.1829338,0.17577979,0.16804062,0.1593542,0.14930493,0.13753784,0.12393034,0.10885111,0.093585156,0.08099574,0.07578028,0.08178831,0.09774959,0.11901938,0.141351,0.16166712,0.17772403,0.18788119,0.19104761,0.18672407,0.17510478,0.15726078,0.13551204,0.11420008,0.1006108,0.10260635,0.1204885,0.1469726,0.17498684,0.1999579,0.21907997,0.23069867,0.23404142,0.22910686,0.21661146,0.19796108,0.17525403,0.15133943,0.12989958,0.11519045,0.110487044,0.115571946,0.12687907,0.14046381,0.15380305,0.16586876,0.1767275,0.18717931,0.19848113,0.21212132,0.22962561,0.25238916,0.2815347,0.31779596,0.36142913,0.41215673,0.46915096,0.53105927,0.59607106,0.66201967,0.72651094,0.78706825,0.84128326,0.88696134,0.9222519,0.94575477,0.9565964,0.95447147,0.9396483,0.91293925,0.8756398,0.82944,0.77631724,0.71841526,0.6579174,0.5969206,0.5373156,0.48067772,0.42817652,0.38051233,0.33789396,0.30007267,0.26643908,0.2361746,0.20842817,0.18248285,0.15788625,0.13454258,0.11278573,0.093461,0.07799035,0.06815576,0.065035634,0.06761353,0.073226124,0.07929484,0.084121644,0.08682669,0.087147795,0.08532036,0.08202722,0.07836062,0.07569718,0.07535158,0.078026876,0.08345836,0.09061579,0.098213576,0.10509256,0.110376485,0.11350389,0.114218906,0.112554535,0.108816594,0.10356757,0.09760218,0.09189285,0.087464266,0.08516174,0.08536784,0.08785409,0.09190746,0.096623376,0.10115405,0.10482744,0.10717148,0.107897416,0.10687499,0.104114644,0.09976378,0.094122715,0.08768563,0.081206255,0.07576009,0.07269595,0.073292494,0.078153096,0.08688836,0.09844024,0.111600325,0.12528957,0.1386208
81,0.08890337,0.072407894,0.05310477,0.03188469,0.009740579,0.012559597,0.033760242,0.05321427,0.0702411,0.08440926,0.095574565,0.10392101,0.109976225,0.11457536,0.118739374,0.12344811,0.12935099,0.13653904,0.14450136,0.15227169,0.15866134,0.16247396,0.16265967,0.15841138,0.14921914,0.13489468,0.11557294,0.09169404,0.063968346,0.033332087,0.0019168499,0.03246264,0.06516626,0.09633506,0.12502156,0.15049413,0.17227016,0.19013335,0.20412514,0.21450777,0.22170046,0.22619548,0.22846772,0.22889571,0.22771373,0.22500728,0.22075228,0.21488437,0.20737699,0.19830611,0.18788607,0.17646885,0.16450995,0.15251288,0.14097556,0.13036959,0.12117941,0.11399903,0.10961841,0.108956136,0.11272491,0.120976955,0.13290896,0.14706463,0.1616915,0.17502534,0.18547359,0.1917501,0.19300155,0.188946,0.18003953,0.16768947,0.15449958,0.14433618,0.14151728,0.14855035,0.16425778,0.18479998,0.20593745,0.2241993,0.23709078,0.2430248,0.24124435,0.23177445,0.21539605,0.19364348,0.1688482,0.144252,0.12406747,0.11276259,0.11251492,0.12102135,0.13355193,0.14617409,0.15671583,0.1644791,0.16983089,0.17389326,0.17828678,0.18487242,0.19548096,0.21167481,0.23460734,0.26499137,0.30311537,0.34884316,0.40158796,0.46029106,0.52343494,0.5891026,0.6550769,0.7189687,0.778359,0.8309429,0.87466323,0.9078257,0.9291877,0.9380172,0.9341191,0.9178299,0.8899826,0.8518476,0.805053,0.75149184,0.6932214,0.6323587,0.57097554,0.5109942,0.45408192,0.4015464,0.35423553,0.31246084,0.27597415,0.24403435,0.21557713,0.18945947,0.16471572,0.14077021,0.11759682,0.09587299,0.07720524,0.06430033,0.059948705,0.063901655,0.07236395,0.08143958,0.08871983,0.09299434,0.09384553,0.09145736,0.08656406,0.08046761,0.07502484,0.072352916,0.07396301,0.07980619,0.088399425,0.09781796,0.10640872,0.11299003,0.11683441,0.11761725,0.11537863,0.11050239,0.10370953,0.09605734,0.088910714,0.08379116,0.08197537,0.08392942,0.08907123,0.09615023,0.103822,0.11097614,0.11680953,0.120790765,0.12260422,0.122103825,0.11928342,0.11426616,0.10731664,0.09888425,0.08969027,0.080866426,0.07408499,0.07139647,0.07435106,0.08292258,0.09566566,0.11076444,0.12666005,0.14214492
82,0.07388227,0.058803797,0.040858574,0.020904891,0.00039252185,0.021266637,0.041579995,0.060232665,0.07653616,0.0900114,0.100438416,0.10789468,0.112772316,0.11575752,0.1177472,0.11967974,0.12229004,0.1258675,0.13013834,0.1343361,0.13740568,0.13823159,0.13581787,0.12940352,0.11852564,0.1030451,0.08314499,0.05930729,0.032271184,0.0030027688,0.027532833,0.058112442,0.087699965,0.11533316,0.14024016,0.16189581,0.18005532,0.19475685,0.20628673,0.21510467,0.22173454,0.22663811,0.23010118,0.23216577,0.23263131,0.23112625,0.22722879,0.2206058,0.21114215,0.1990433,0.18490428,0.1697392,0.15495396,0.14221011,0.13309538,0.12859276,0.12862967,0.1321506,0.1377097,0.14408205,0.15054919,0.15687804,0.16312991,0.16941252,0.1756657,0.18155448,0.18650247,0.18984455,0.19104478,0.1899262,0.18687193,0.18295202,0.17988797,0.17971343,0.18406494,0.19338724,0.20663019,0.22164658,0.23588562,0.24694683,0.2528933,0.2524041,0.24484782,0.2303219,0.20968306,0.1845992,0.15767035,0.13264659,0.11444242,0.10757569,0.11236295,0.124108285,0.13725014,0.1480547,0.15469408,0.15675843,0.15491843,0.15073517,0.14650372,0.14497606,0.14880712,0.15983823,0.17876193,0.20547254,0.23963648,0.28095573,0.32909456,0.38348252,0.44315714,0.50670546,0.57229936,0.6377957,0.7008721,0.75917625,0.8104705,0.85276395,0.88442135,0.9042466,0.911537,0.906108,0.88829106,0.8589049,0.81920683,0.77082586,0.71568316,0.6559025,0.59371275,0.5313419,0.47089982,0.4142441,0.36282578,0.31752396,0.27850533,0.24518001,0.21632737,0.19040179,0.16592756,0.14185292,0.11779865,0.094258144,0.07294133,0.05745051,0.052759536,0.05940601,0.07155151,0.083872736,0.09356439,0.09932512,0.100713804,0.09792109,0.09172622,0.08355456,0.0755755,0.07057334,0.07094437,0.077004485,0.08681694,0.09779209,0.107819244,0.11547107,0.119903855,0.12075376,0.11807513,0.11231288,0.10430247,0.09529248,0.08695333,0.08122866,0.07977465,0.083086476,0.09020868,0.0994377,0.10913502,0.118053846,0.12533914,0.13044004,0.13302818,0.1329394,0.13013828,0.12470413,0.116840586,0.106917076,0.09556081,0.083834104,0.07352081,0.067316286,0.06801676,0.0763468,0.09039057,0.107504725,0.12556906,0.14306282
83,0.057348132,0.04313223,0.026201427,0.0073873275,0.012425048,0.03226751,0.05125063,0.06855186,0.083492465,0.09558831,0.104594626,0.11053939,0.11373861,0.11478223,0.11447251,0.11369412,0.11321123,0.11343671,0.114275575,0.115134485,0.11509013,0.11311968,0.10829997,0.09993886,0.08764453,0.07135019,0.051308498,0.028072098,0.0031051447,0.025042826,0.052692484,0.079805106,0.105396785,0.12867062,0.1490726,0.16634147,0.18052806,0.19197112,0.20121934,0.20889936,0.21554825,0.22145163,0.22654136,0.23039134,0.2323135,0.23152138,0.22731629,0.21926269,0.2073387,0.19206546,0.17462674,0.1569759,0.14183731,0.1322795,0.1304538,0.13611932,0.14673376,0.15905702,0.17043737,0.17920192,0.18461284,0.18672583,0.18623132,0.18425988,0.18212058,0.18097755,0.18154435,0.18393707,0.18777856,0.19249618,0.19764736,0.20312512,0.20917585,0.21623182,0.224621,0.23427337,0.24455689,0.2543101,0.2620361,0.26616585,0.26531208,0.25847504,0.24519527,0.22566497,0.20082457,0.17249304,0.14361748,0.118683316,0.10359547,0.102477774,0.11271703,0.12732278,0.1404732,0.14879668,0.15073766,0.14603007,0.1354781,0.12097479,0.10576994,0.094824165,0.093861856,0.105458416,0.12722422,0.15561095,0.18864407,0.22590645,0.2678108,0.31492764,0.3674909,0.4251179,0.48673633,0.55066353,0.6147693,0.6766678,0.7339072,0.7841409,0.8252735,0.8555799,0.87379384,0.8791673,0.8715009,0.8511464,0.81898373,0.7763753,0.72510064,0.6672745,0.60524964,0.5415066,0.4785253,0.41863358,0.3638205,0.31551015,0.27432036,0.239893,0.21093464,0.18555039,0.16177772,0.13809842,0.11377879,0.08908905,0.06571116,0.04805252,0.044055663,0.054708276,0.07080081,0.08604169,0.09772783,0.10468107,0.106525935,0.10349545,0.09641112,0.08676297,0.07687347,0.069930635,0.06904034,0.074956454,0.085438095,0.09736021,0.10826444,0.11655833,0.12133413,0.122218706,0.11929144,0.1130486,0.10440379,0.094720766,0.0858413,0.07993374,0.07882722,0.082962476,0.091135345,0.10142245,0.112086214,0.1218585,0.12988918,0.13563131,0.1387474,0.13904594,0.13644406,0.13095301,0.122687206,0.11190262,0.09908213,0.08511398,0.07166004,0.06174664,0.0595944,0.06735124,0.082609214,0.10159696,0.12156636,0.14072327
84,0.04052724,0.026406702,0.009965724,0.008179356,0.026846645,0.0453455,0.062784776,0.07838857,0.09152156,0.101733975,0.10880001,0.11274494,0.11385615,0.11267008,0.109922834,0.106447734,0.10300952,0.100097194,0.09775235,0.09553211,0.09263927,0.0881474,0.081215404,0.0712339,0.057901446,0.041255347,0.021729823,0.004473166,0.025074348,0.049375143,0.07350776,0.096434355,0.117328756,0.13560347,0.15097377,0.16350035,0.17358793,0.18191795,0.18930168,0.1964642,0.2038121,0.21127048,0.21825847,0.2238098,0.22678351,0.22609681,0.22093597,0.21093522,0.1963373,0.1781679,0.15846278,0.14052112,0.1287828,0.12721989,0.13633934,0.15262534,0.17132884,0.18859419,0.20186812,0.2097278,0.21170759,0.20820552,0.20043468,0.19036736,0.18058047,0.17384471,0.17234465,0.17681986,0.18634963,0.19903116,0.21290676,0.22652477,0.23907176,0.25025037,0.26004434,0.26845792,0.27529922,0.28006458,0.28195018,0.27997634,0.27317947,0.26082122,0.2425812,0.2187237,0.1902603,0.15917967,0.12889399,0.10496693,0.094557315,0.10031399,0.11582842,0.13270068,0.14546168,0.15115781,0.14840133,0.13689753,0.11725618,0.09101147,0.061277665,0.03754784,0.045281474,0.07684251,0.11259317,0.14754765,0.1806064,0.2122305,0.2439528,0.27795342,0.31644383,0.3609836,0.41200358,0.46870288,0.5292595,0.5911756,0.6516203,0.70771295,0.75674313,0.7963382,0.82458836,0.84013534,0.842228,0.8307468,0.80619806,0.7696797,0.7228229,0.6677099,0.6067733,0.54267824,0.4781857,0.41599286,0.3585341,0.30772588,0.26465508,0.22928677,0.20037653,0.17577614,0.15308473,0.13033175,0.10641801,0.081330076,0.05651632,0.036874488,0.03467121,0.05027235,0.06980428,0.08719029,0.10025019,0.10803252,0.11025962,0.107216336,0.0997581,0.0893985,0.078488596,0.07032779,0.06834812,0.07366703,0.08402745,0.09605601,0.10710873,0.115510896,0.12033592,0.12122609,0.11829486,0.112082005,0.103546515,0.09408959,0.08556233,0.08007846,0.0793325,0.08363567,0.09177502,0.10191833,0.11243448,0.122137316,0.13022785,0.1361795,0.1396441,0.14038874,0.1382603,0.13317442,0.12512735,0.11423282,0.10079545,0.0854602,0.06955941,0.05593805,0.049974866,0.056327607,0.07241587,0.09288853,0.114285275,0.13459322
85,0.026014619,0.011665763,0.0084411325,0.02497972,0.042806998,0.06013923,0.07608347,0.08991288,0.10105597,0.10912624,0.11395068,0.115588725,0.11433658,0.11071174,0.105409555,0.09922026,0.09289608,0.08697567,0.081615455,0.07651726,0.07101471,0.064282544,0.055564407,0.04434035,0.030430993,0.014225294,0.007539528,0.026687771,0.04783358,0.06896936,0.08907833,0.10730939,0.12302436,0.13588305,0.14591765,0.15357134,0.15966873,0.16527964,0.17145725,0.17889991,0.18767224,0.1971276,0.20605929,0.21298261,0.21642882,0.21518993,0.20851132,0.1962584,0.17910235,0.15879454,0.13860427,0.12370978,0.12006839,0.13008377,0.15008289,0.17402865,0.1969631,0.21554004,0.22768559,0.23234089,0.22936016,0.21950555,0.2045072,0.18716855,0.17140353,0.16177264,0.1618469,0.17205107,0.18956433,0.21045615,0.23144834,0.25041315,0.26624787,0.2786016,0.28758684,0.293499,0.29656643,0.2967702,0.29377362,0.28697553,0.27566633,0.2592414,0.2374269,0.21049632,0.17950048,0.14661601,0.11586328,0.09424779,0.08998151,0.10265308,0.122493066,0.14100647,0.15337789,0.15703228,0.15074648,0.1342991,0.10833701,0.07439854,0.035981152,0.023995979,0.06518445,0.11083185,0.15419278,0.19290884,0.22568358,0.2522643,0.27362382,0.2920703,0.31108248,0.3346502,0.3661254,0.4070889,0.45692483,0.51323384,0.5726083,0.6313124,0.68573064,0.732635,0.769345,0.79382706,0.804755,0.8015362,0.7843084,0.7539057,0.7117974,0.66000104,0.6009739,0.5374865,0.47247967,0.4089026,0.34951738,0.29664588,0.25183195,0.21545587,0.18648945,0.16269022,0.14130905,0.11994733,0.09712389,0.0724763,0.04696377,0.025076184,0.025648149,0.046206012,0.067966625,0.086503915,0.10028521,0.10857874,0.11119575,0.10846321,0.10125291,0.091062784,0.08016848,0.071709596,0.06898342,0.073259875,0.08259793,0.093774974,0.104167946,0.11210699,0.116686724,0.1175841,0.11495088,0.1093567,0.10176363,0.09351423,0.086278304,0.08181418,0.08139638,0.0851783,0.09218666,0.1009764,0.11022494,0.11893814,0.12642112,0.13218673,0.13587278,0.13718618,0.13587533,0.13172859,0.12459494,0.11442389,0.10132809,0.085691705,0.06841675,0.05164584,0.040749107,0.04392898,0.059998997,0.08131141,0.103478305,0.12430669
86,0.020618157,0.014923091,0.025541063,0.04211868,0.059449423,0.07594429,0.09066181,0.10290267,0.11215754,0.11811379,0.12066978,0.11994252,0.116263084,0.11015544,0.10229384,0.093432374,0.084299795,0.07546092,0.06717071,0.059284337,0.0512937,0.042498488,0.03223423,0.020075187,0.006284035,0.011236617,0.028748943,0.04724961,0.06573533,0.08328268,0.09902785,0.11226221,0.12254026,0.12978649,0.13438685,0.13723364,0.13966236,0.1431962,0.14907612,0.15774992,0.16863956,0.18032621,0.19096835,0.1987028,0.20193036,0.199508,0.19090034,0.1763457,0.15711291,0.13598152,0.11801508,0.11053906,0.11877457,0.1401467,0.16764262,0.19523737,0.21886165,0.2358713,0.24466917,0.24456507,0.23576497,0.21944334,0.19791545,0.17495099,0.15607864,0.14782275,0.15415384,0.17303777,0.19871864,0.22584948,0.2508672,0.27177504,0.2877181,0.29864195,0.30500144,0.30747753,0.30670378,0.30304053,0.29645172,0.28652066,0.2726007,0.25405487,0.23052812,0.20221964,0.17018293,0.13680331,0.10682142,0.08875524,0.09084213,0.10896298,0.13179757,0.15152559,0.1639106,0.16669962,0.15897432,0.1410617,0.11493074,0.08597486,0.06906528,0.08503978,0.12542005,0.1731784,0.22024533,0.2623933,0.2970109,0.32267466,0.3391989,0.3478257,0.35141766,0.35445708,0.36248493,0.38064325,0.4117391,0.45519584,0.5076628,0.5644556,0.62073565,0.6721358,0.7150225,0.74659306,0.76490796,0.76889277,0.75831544,0.7337393,0.6964506,0.6483616,0.59189266,0.52983636,0.4652093,0.40108964,0.34043413,0.28584835,0.23927037,0.20155296,0.17207599,0.14874156,0.1286174,0.10893344,0.08781849,0.06452985,0.03940746,0.014826821,0.01816847,0.04211573,0.06454368,0.08326718,0.09723276,0.10585816,0.1090131,0.10704391,0.100808986,0.091738984,0.081925966,0.07411235,0.07106763,0.073968925,0.08143506,0.090806976,0.099732324,0.10665352,0.11073021,0.11168938,0.10971603,0.10537893,0.09957159,0.093442686,0.08827076,0.08522443,0.08502064,0.08767884,0.09260476,0.09893198,0.10583034,0.11263471,0.118837215,0.12402634,0.12782617,0.12985906,0.129738,0.12708573,0.121573105,0.11296912,0.10119857,0.08641529,0.06913664,0.050644223,0.034638863,0.031402513,0.04566995,0.06690059,0.08904893,0.10970362
87,0.028024465,0.029392632,0.041884065,0.05856991,0.075772345,0.09181235,0.10568006,0.116682515,0.12435993,0.12846991,0.12898578,0.12609182,0.120168276,0.11176249,0.10154327,0.09023598,0.07853626,0.06700481,0.055957973,0.04539024,0.034979563,0.024204597,0.012557349,0.0020139108,0.015145182,0.030685324,0.046960853,0.06323386,0.07866302,0.092383236,0.10361066,0.11175706,0.11655234,0.11817504,0.11738302,0.115601145,0.11483458,0.117185816,0.123954505,0.13491714,0.14845678,0.16228694,0.17409642,0.18189615,0.18418363,0.18005107,0.16930878,0.15268856,0.13225764,0.112279765,0.100235775,0.10421525,0.12439275,0.15339139,0.18410458,0.21177554,0.23327743,0.24656512,0.25047678,0.24470583,0.22985962,0.20761012,0.18102291,0.15519424,0.1378074,0.13684341,0.15361208,0.18152706,0.21300924,0.24292737,0.2683484,0.28784263,0.30104366,0.30835667,0.31069455,0.30918854,0.30487636,0.29841933,0.2899286,0.27896616,0.26472837,0.24635136,0.22325644,0.19548672,0.16407119,0.13160986,0.10350937,0.08923085,0.095957235,0.11724617,0.14185287,0.16260564,0.17561316,0.17888992,0.17195119,0.15602364,0.13498096,0.1174706,0.1175154,0.14293982,0.18628086,0.236934,0.2876031,0.33344564,0.37110686,0.39840978,0.41436172,0.4192985,0.41509664,0.4053897,0.39560708,0.39239416,0.40188065,0.42718455,0.46706194,0.51691633,0.57088,0.6233267,0.66952556,0.7058135,0.72959644,0.73930275,0.7343227,0.71493506,0.68221617,0.63792974,0.5843981,0.5243586,0.4608088,0.39684534,0.33549118,0.27949703,0.23107556,0.19152276,0.16076727,0.13714135,0.11780012,0.0997354,0.0807099,0.05962559,0.03642004,0.011787277,0.013235126,0.03718806,0.058843125,0.077038914,0.090897895,0.099898644,0.10392879,0.10331874,0.09886574,0.09185672,0.084074885,0.07768236,0.07471314,0.07609938,0.08108638,0.08786537,0.09461969,0.10004958,0.1034412,0.104585305,0.1036769,0.10121778,0.097912386,0.09454437,0.0918311,0.09027993,0.090100855,0.091225155,0.0934182,0.09641213,0.099984914,0.10396198,0.10816277,0.112333484,0.11610295,0.1189801,0.120391436,0.11974352,0.11649385,0.11021771,0.10066554,0.08781305,0.07192088,0.0536769,0.03483089,0.022103822,0.030069329,0.049829323,0.07107671,0.09085528
88,0.039189447,0.042907886,0.05619975,0.07329546,0.090721756,0.10667702,0.120083936,0.13024782,0.13674895,0.13940771,0.13826852,0.13358343,0.12578753,0.11546272,0.10328839,0.089978874,0.07620944,0.06253676,0.04932899,0.036739226,0.024807723,0.014127197,0.010293203,0.019327164,0.03250678,0.046797328,0.061231013,0.07498356,0.087202795,0.09705627,0.103824794,0.107014135,0.10648445,0.102610625,0.09649284,0.09019308,0.08672805,0.089094825,0.09829044,0.11258144,0.12892601,0.14436969,0.15650651,0.16352609,0.1642178,0.15802604,0.14518689,0.12703104,0.10669993,0.090596035,0.08844234,0.10473193,0.13297947,0.16495995,0.19519556,0.2201504,0.23743087,0.24549857,0.24361815,0.23190391,0.21144222,0.18456167,0.15545401,0.13133448,0.122418724,0.13472134,0.16267046,0.19668385,0.2300406,0.25890508,0.28127268,0.29639167,0.30447266,0.30647522,0.30386522,0.2982973,0.29122978,0.2835472,0.2753219,0.2658324,0.253846,0.23805535,0.21752734,0.19209696,0.16275951,0.13228373,0.10642528,0.09465161,0.103145145,0.1253503,0.15073426,0.17242022,0.18662483,0.19154882,0.18712375,0.17537417,0.16135508,0.1540816,0.16396035,0.19454804,0.24028197,0.2931221,0.34640968,0.39512527,0.43553683,0.46503997,0.48217377,0.4867338,0.47994235,0.46465257,0.4455175,0.42888352,0.42187542,0.4302217,0.45569563,0.4954099,0.54356635,0.5937473,0.64027363,0.6786667,0.70569694,0.71930724,0.7185141,0.7033034,0.6745192,0.6337396,0.5831385,0.52533543,0.46323696,0.39987457,0.33824018,0.28111035,0.23083243,0.18902242,0.15615198,0.13118453,0.111685954,0.09465008,0.07755254,0.058951702,0.03855957,0.017430548,0.010696057,0.03047634,0.0504872,0.06791298,0.081757076,0.09147735,0.09693208,0.09838406,0.09649736,0.092314795,0.08719435,0.08264787,0.080006346,0.07995853,0.08228333,0.086069934,0.09022767,0.093883194,0.09653559,0.098050155,0.098576926,0.098435335,0.097985126,0.0975074,0.09712832,0.09681249,0.096427664,0.09585135,0.09507613,0.09427477,0.093795635,0.09407158,0.095452264,0.098020986,0.101490706,0.10523486,0.108420625,0.1101674,0.10967651,0.10631854,0.09968611,0.08962382,0.07624683,0.059968542,0.04162139,0.023304759,0.015878158,0.03054585,0.049838092,0.06807395
89,0.048782263,0.053438492,0.06751428,0.085320935,0.10327957,0.11946633,0.13275167,0.14244409,0.1481619,0.14978284,0.14741631,0.14137757,0.13215567,0.12037222,0.10673087,0.09195963,0.07675185,0.061719064,0.04738828,0.03433847,0.023805568,0.019280175,0.024055261,0.034488894,0.046936426,0.059870157,0.072363004,0.08357461,0.09267068,0.09886444,0.101497546,0.10013857,0.0947022,0.08562019,0.074153006,0.06301304,0.05705441,0.06119318,0.07481558,0.09307006,0.111664,0.12768035,0.13909557,0.14451438,0.14312226,0.13475856,0.12011457,0.10121935,0.08268973,0.07367749,0.08332784,0.10839782,0.1396496,0.17070737,0.19765511,0.21784507,0.22946437,0.23144512,0.22350052,0.20623146,0.18134943,0.15220694,0.12504205,0.11043282,0.11819374,0.1451045,0.18028581,0.21571371,0.24683984,0.2711705,0.28755397,0.2959001,0.29703668,0.2925609,0.28460473,0.27545598,0.26703072,0.26031747,0.25505087,0.24983484,0.24266995,0.23161167,0.21532036,0.19345157,0.16699532,0.13880071,0.11456225,0.103148095,0.11057029,0.1317564,0.15703212,0.17949665,0.1952739,0.20263416,0.20177652,0.1951523,0.1880629,0.18854487,0.20430475,0.23749657,0.28399616,0.33733076,0.3914465,0.4413854,0.483284,0.51434284,0.53287184,0.53839386,0.53178567,0.5154429,0.49342808,0.47145718,0.45635343,0.45447254,0.46928486,0.4997789,0.54120195,0.58724797,0.6318616,0.6700696,0.6981851,0.7137668,0.7155126,0.7031397,0.6772612,0.639253,0.5911111,0.53529835,0.47458526,0.41188896,0.35011342,0.291988,0.2398884,0.19560315,0.16000478,0.13267902,0.11180464,0.094653845,0.07856529,0.061730757,0.043450676,0.024193525,0.009230111,0.021318214,0.03993516,0.057083715,0.071498655,0.08258297,0.0901238,0.09425575,0.09543226,0.09437531,0.0919918,0.089245774,0.08698674,0.08577112,0.08576005,0.086766064,0.08842541,0.09038911,0.0924397,0.09450813,0.09661372,0.09876916,0.1008954,0.102782406,0.10410971,0.10451576,0.1036914,0.1014751,0.097936325,0.09343911,0.088670604,0.084593125,0.08224588,0.08236495,0.08499485,0.08941394,0.094431736,0.098773934,0.10133062,0.10125984,0.09801468,0.09134118,0.081266165,0.068082064,0.0523393,0.034900077,0.01755285,0.011491966,0.02586905,0.041907765
90,0.05489003,0.059995644,0.07502167,0.093811296,0.11254557,0.12919907,0.14261766,0.15212813,0.15739119,0.15833923,0.1551398,0.14816302,0.13794467,0.12514305,0.11049066,0.09474586,0.07865562,0.0629538,0.048455987,0.036400195,0.029152608,0.029568536,0.03683177,0.047504164,0.059311908,0.07102178,0.08174306,0.09066333,0.09700168,0.10004378,0.09920644,0.0941114,0.08466532,0.071166664,0.05454659,0.037305754,0.027581783,0.037017267,0.057066403,0.078494705,0.09776256,0.11289793,0.12251822,0.12569275,0.121990755,0.11161401,0.095684096,0.0770184,0.0622284,0.06273177,0.081832305,0.11027353,0.14031732,0.16758189,0.1892345,0.20328835,0.2084444,0.2041126,0.19051164,0.16887067,0.14190459,0.11503611,0.098540686,0.10423305,0.1306719,0.16640738,0.20286031,0.23519175,0.26061395,0.27762932,0.28578827,0.2856203,0.27859762,0.2670511,0.25394693,0.2423949,0.2348171,0.23202488,0.23283145,0.2345847,0.23421441,0.22913176,0.21773958,0.19967806,0.17601892,0.14963087,0.12589753,0.11293784,0.1171607,0.13573177,0.16001725,0.18294422,0.20039342,0.21057357,0.21375021,0.21240464,0.21144347,0.21755779,0.23660135,0.27023262,0.3154768,0.36711457,0.41976863,0.46874538,0.5102586,0.54150915,0.560768,0.5674843,0.5624124,0.54774445,0.52721196,0.5060303,0.49040613,0.48624304,0.4971481,0.52291024,0.5597564,0.60205173,0.6440118,0.68067074,0.70822346,0.72406137,0.7266986,0.7156648,0.69138604,0.655055,0.60849077,0.5539896,0.49416906,0.43181118,0.36970723,0.31050488,0.25654888,0.20969127,0.1710373,0.14063299,0.11725628,0.098633006,0.08217307,0.06579127,0.048322614,0.029500348,0.009827541,0.010881474,0.030229619,0.04821283,0.063970454,0.07695527,0.08688275,0.09373381,0.097736165,0.09932278,0.099070735,0.09762579,0.09562165,0.093607806,0.09200269,0.09108404,0.09101256,0.091866575,0.09365979,0.09632879,0.09970131,0.10347211,0.10720861,0.11039089,0.11247553,0.11296811,0.111493446,0.10785916,0.10211379,0.09460511,0.08604541,0.07757635,0.070757486,0.06724817,0.06799035,0.07248141,0.07909189,0.08598102,0.0916419,0.09500921,0.09541258,0.0925164,0.086273134,0.076886036,0.064774126,0.050536435,0.03491849,0.018820005,0.0045513934,0.013163726
91,0.056583993,0.061923392,0.07813732,0.09814108,0.1178102,0.13506553,0.14877008,0.1582921,0.16334346,0.16390985,0.16020894,0.15265378,0.14181404,0.1283736,0.11308795,0.096749514,0.08017759,0.06427079,0.05020219,0.039848488,0.035890933,0.039483093,0.04826618,0.05930342,0.0707912,0.08163219,0.090989776,0.09811624,0.1023226,0.103008084,0.09971102,0.09216233,0.08033081,0.06445389,0.04504982,0.0229092,0.00093464955,0.025255505,0.048702,0.069879755,0.08744359,0.100195214,0.10718245,0.10779952,0.10189748,0.0899456,0.07340006,0.05588353,0.046382565,0.05581232,0.0790761,0.10626218,0.13210988,0.1535988,0.16865422,0.17584796,0.17438988,0.16422428,0.146234,0.122726746,0.09875178,0.084676236,0.0927198,0.12062708,0.15689649,0.19359726,0.22621408,0.2519479,0.26908115,0.2768184,0.27528557,0.26557985,0.24983205,0.23123416,0.21387923,0.20204793,0.19862664,0.20343685,0.21326616,0.2236503,0.2305728,0.23121499,0.22410809,0.20912334,0.18751505,0.16214958,0.13802105,0.1225021,0.12238388,0.13717031,0.15959395,0.18248546,0.20141473,0.21441904,0.22164285,0.2252827,0.22948651,0.23955245,0.25994197,0.29208484,0.33396286,0.38150823,0.4301447,0.4756494,0.51452,0.54414845,0.56294626,0.570465,0.5675171,0.5562818,0.54034454,0.5245407,0.5143675,0.5147577,0.5284698,0.555038,0.59108984,0.63168216,0.671656,0.70647115,0.73255926,0.7474108,0.74954534,0.7384352,0.71440685,0.67852587,0.6324687,0.5783831,0.51874095,0.45618817,0.39339554,0.33291206,0.27701664,0.22755422,0.18573388,0.15188476,0.12525406,0.10406586,0.08601097,0.06897805,0.05160834,0.033559103,0.016432533,0.014268838,0.03063304,0.048570797,0.06512746,0.07938332,0.09086378,0.099380024,0.10498708,0.10794849,0.10869351,0.1077674,0.10577894,0.103348985,0.10106272,0.09942561,0.09882211,0.09947811,0.10143309,0.10453148,0.10843922,0.11268268,0.11670106,0.11990305,0.121721886,0.12166628,0.119366415,0.11461511,0.10740622,0.09797565,0.086857796,0.07498238,0.063838236,0.055610932,0.052685,0.055842564,0.0632937,0.07236028,0.0809533,0.08773466,0.09190417,0.093036495,0.09099087,0.085858375,0.07792397,0.06763393,0.055569004,0.042439435,0.029179988,0.017608006
92,0.053418655,0.05885307,0.07656094,0.09795738,0.11861541,0.13649178,0.15052463,0.16015305,0.16515042,0.16555367,0.16162018,0.15379038,0.14264983,0.128891,0.113279834,0.09663922,0.07987381,0.06408886,0.05089079,0.042764798,0.04218442,0.048644077,0.05906529,0.07085183,0.08246301,0.09291104,0.101434745,0.10737997,0.110182345,0.109394856,0.10473337,0.09612753,0.0837755,0.0682225,0.050563276,0.033306252,0.024197724,0.03280861,0.04954374,0.06623351,0.07999194,0.089331865,0.09333558,0.0915308,0.08392018,0.07110248,0.054658566,0.03872696,0.03429314,0.048556767,0.0708942,0.093628205,0.11329315,0.1277641,0.13557734,0.13585094,0.12837742,0.11386202,0.09453801,0.07592288,0.06963937,0.085437186,0.11669938,0.15336601,0.18949422,0.22143789,0.24665529,0.26337278,0.27054274,0.26789457,0.25602275,0.23651353,0.21214315,0.18715987,0.16737616,0.15889223,0.16434596,0.18038307,0.20052052,0.21892875,0.23160608,0.23621903,0.23180962,0.21863832,0.19817218,0.17324486,0.14844234,0.13038296,0.12586957,0.13632673,0.15615192,0.1783795,0.19833353,0.21383278,0.22476776,0.23284107,0.2412576,0.25395587,0.27421328,0.30323976,0.33978474,0.38087615,0.422875,0.4622461,0.49599427,0.52191156,0.5387453,0.5463359,0.54573166,0.5392567,0.5304558,0.52377385,0.5237955,0.53405297,0.55585724,0.58787477,0.6267019,0.66794276,0.70716196,0.7404636,0.76476,0.77786016,0.7784689,0.7661415,0.7412105,0.7046919,0.65817404,0.60369223,0.5435935,0.48039564,0.4166455,0.35477805,0.29697642,0.24502526,0.20014767,0.16282444,0.132644,0.10831585,0.087996975,0.06990757,0.053037144,0.0380288,0.029112052,0.03295305,0.04636799,0.06252817,0.07827179,0.09218094,0.1035202,0.11194988,0.11743474,0.12019554,0.120664805,0.11943592,0.11720208,0.11468351,0.112544276,0.111306965,0.11128403,0.112548135,0.114951596,0.118181676,0.121824674,0.12541817,0.12848614,0.13056307,0.13121481,0.13006127,0.12680216,0.121244535,0.1133311,0.10316996,0.09107203,0.0776153,0.063784756,0.051287252,0.042999454,0.04213848,0.048625246,0.058973905,0.070064045,0.08008238,0.0880181,0.093303055,0.09565439,0.095007494,0.091485,0.08538384,0.07718074,0.06757244,0.057589397,0.048830528
93,0.045400318,0.050729014,0.07034961,0.09323872,0.11480278,0.13318618,0.1474759,0.15721293,0.16224045,0.1626408,0.15869613,0.15085383,0.13969274,0.12589249,0.11021379,0.09350686,0.07678497,0.061440095,0.049677767,0.04462142,0.0479868,0.057564106,0.06994494,0.082865074,0.09500328,0.10548278,0.11363127,0.1189016,0.1208663,0.11924474,0.11394475,0.10511187,0.09319144,0.07902963,0.06408959,0.050931208,0.04367261,0.045593236,0.054363705,0.0650297,0.074182466,0.07992466,0.081225835,0.07763835,0.06921523,0.056539465,0.04097767,0.026123617,0.023172729,0.036825266,0.054635137,0.07086378,0.08314035,0.09001858,0.090636626,0.08480161,0.07336342,0.059380654,0.051224753,0.06101863,0.08748948,0.121579185,0.15757696,0.1919544,0.2220475,0.24569893,0.2612221,0.2674581,0.26385722,0.2505671,0.22854243,0.19973253,0.16749534,0.13750148,0.11872676,0.11994006,0.13962844,0.16783871,0.19607262,0.21926568,0.2345786,0.24058972,0.23696415,0.22434483,0.20436214,0.17976512,0.15471752,0.13505788,0.12714769,0.13355675,0.15037872,0.17129028,0.1916093,0.20899363,0.22302784,0.23481335,0.24654366,0.2608546,0.2799194,0.30461484,0.33422312,0.36676705,0.39964694,0.4302325,0.4562876,0.47625667,0.48946795,0.49628446,0.49819806,0.4978156,0.4986318,0.5044619,0.51852185,0.5424462,0.57576174,0.6161062,0.6599584,0.70342314,0.7428011,0.77491695,0.79727983,0.808147,0.8065339,0.79218906,0.7655433,0.7276357,0.6800203,0.6246562,0.56378543,0.499803,0.43512318,0.37204623,0.3126269,0.25854427,0.21097282,0.17046222,0.13686064,0.10936225,0.08678796,0.06816713,0.05362334,0.045335937,0.046438698,0.05621485,0.07051919,0.08598318,0.10061578,0.113233075,0.12314773,0.13005243,0.13397072,0.13522108,0.13437253,0.13218014,0.12949213,0.12712556,0.12572439,0.12563996,0.12688558,0.1291892,0.13211332,0.13518077,0.13796075,0.14010413,0.14134021,0.14145416,0.14026174,0.13759212,0.13328454,0.12719919,0.11924007,0.10938624,0.09773006,0.08452795,0.07028726,0.055963,0.043451775,0.036384866,0.03846176,0.04804461,0.060665704,0.07345721,0.08493257,0.09425215,0.10091751,0.10466777,0.10545018,0.103422455,0.09897666,0.092787825,0.085890785,0.079755835
94,0.03326359,0.037872147,0.060043983,0.08436437,0.10655169,0.1251678,0.13952594,0.14929232,0.15437908,0.15489973,0.15113856,0.14352262,0.1325957,0.11899922,0.103471786,0.08689333,0.07043435,0.055937424,0.046531938,0.04586189,0.05389856,0.06682493,0.08135253,0.09560985,0.10848488,0.11921012,0.12720245,0.1320186,0.1333592,0.13109362,0.12529287,0.116266616,0.10460711,0.0912518,0.07758362,0.06555448,0.05757329,0.05541225,0.05842753,0.063874714,0.0689575,0.0717771,0.07127343,0.06701604,0.059071504,0.04793974,0.03456918,0.020715753,0.012053553,0.018347198,0.029047912,0.037487198,0.04183437,0.041351084,0.036327872,0.029576933,0.030317903,0.046439163,0.07276405,0.10417238,0.13774225,0.17116822,0.2023195,0.22919671,0.24999648,0.26320505,0.26769337,0.26280278,0.24841765,0.22503206,0.19384147,0.15696456,0.1181777,0.085501015,0.07550983,0.09616971,0.13083418,0.16643217,0.19730945,0.2206829,0.2350788,0.23991047,0.23536326,0.22237357,0.20266132,0.17883834,0.15462995,0.13506205,0.12564798,0.12917781,0.14309563,0.16214105,0.18203661,0.20047116,0.21676782,0.23141225,0.245602,0.26075062,0.27796412,0.29762882,0.31926677,0.34168938,0.36333752,0.3826642,0.39847457,0.41020074,0.41811213,0.42344916,0.4284276,0.43601233,0.4493614,0.4709903,0.5019754,0.54162216,0.587729,0.6371854,0.68656397,0.7325442,0.77216816,0.8029838,0.8231233,0.8313405,0.82702184,0.81017184,0.78137654,0.741745,0.69283104,0.63653773,0.57500833,0.5105079,0.44529957,0.38152128,0.32106563,0.26546896,0.21581781,0.17268974,0.13616507,0.10597707,0.08190306,0.064481914,0.055649407,0.05719321,0.06733194,0.08206447,0.09823647,0.11385816,0.12763691,0.13872573,0.14664286,0.15125452,0.15276875,0.15171763,0.14891265,0.14535713,0.14210042,0.14003569,0.13968974,0.14110008,0.14385462,0.14727184,0.15061918,0.15327919,0.15483315,0.15507448,0.15397532,0.15162669,0.14816743,0.14371672,0.13832328,0.13194276,0.124448314,0.115671314,0.105463885,0.09377489,0.08074232,0.0668341,0.053144734,0.04207879,0.037950244,0.043508243,0.055619955,0.070051216,0.08433661,0.097122125,0.10758953,0.11524515,0.119860284,0.121468894,0.12039135,0.11727269,0.11312208,0.10931258
95,0.020396417,0.021333003,0.047025446,0.07224077,0.09442016,0.112779,0.12689073,0.13653927,0.14168343,0.14243741,0.13905221,0.1318972,0.121445216,0.10826928,0.093067944,0.076761484,0.060772367,0.04773344,0.042242188,0.047564086,0.060618598,0.07677787,0.09334761,0.10887018,0.12241802,0.13331923,0.14107068,0.14532204,0.14588647,0.14276062,0.13614604,0.1264693,0.11440193,0.10088405,0.08715404,0.074758016,0.06540624,0.06038965,0.059632964,0.061512012,0.06389154,0.06508767,0.0641182,0.06061095,0.054669473,0.046764746,0.037645325,0.028249148,0.019595947,0.012615103,0.007893821,0.006266721,0.010327404,0.02017895,0.0351358,0.054877404,0.07884694,0.106152944,0.13559832,0.16574182,0.19497749,0.22162649,0.2440365,0.2606828,0.2702652,0.271795,0.26466683,0.24871169,0.2242307,0.19201523,0.15337901,0.11031976,0.0665511,0.03655845,0.056193966,0.09666516,0.13653125,0.17123982,0.19878608,0.2180179,0.22839008,0.22992457,0.22320761,0.20939772,0.1902549,0.16821961,0.14655687,0.12940916,0.12104986,0.123579964,0.13520145,0.15200335,0.17062286,0.18909875,0.20663245,0.22315887,0.23895967,0.25434107,0.2693963,0.28388703,0.29725948,0.30877906,0.31774232,0.32372668,0.32684937,0.32800952,0.3290624,0.33280587,0.34259278,0.36147544,0.39117762,0.4315267,0.4806673,0.5357284,0.59345734,0.65062475,0.7042383,0.7516536,0.79064023,0.81942815,0.8367416,0.8418208,0.834428,0.81483746,0.78380543,0.74252194,0.69254416,0.6357137,0.57406,0.5096949,0.44470125,0.38102275,0.32035962,0.2640815,0.21317229,0.16823533,0.1296144,0.09774022,0.07388294,0.06103093,0.061874755,0.07362948,0.09066483,0.109164946,0.1270078,0.14286678,0.15583037,0.16530654,0.17102505,0.1730621,0.17185733,0.16820696,0.16321416,0.15816939,0.1543341,0.15264253,0.15342878,0.15634188,0.16051577,0.16488168,0.16845499,0.17051077,0.17065269,0.1688092,0.1651843,0.16017671,0.15427524,0.14793971,0.14148602,0.13500421,0.12833826,0.12113893,0.11297437,0.10346718,0.09243442,0.08003774,0.06700414,0.055054832,0.047514297,0.048338115,0.057731267,0.072004855,0.08776586,0.102936566,0.116260946,0.12696773,0.1346439,0.13920371,0.14089599,0.14032316,0.13844883,0.13655512
96,0.021785047,0.009876454,0.034824815,0.05862332,0.07942549,0.09669194,0.11008602,0.119415075,0.12461545,0.12574129,0.12295362,0.11651172,0.106771454,0.09420058,0.07943564,0.06345515,0.048116952,0.03761778,0.038575057,0.05098125,0.068581715,0.08742509,0.10562169,0.12205781,0.13594304,0.14667967,0.15383373,0.15713944,0.156513,0.15206671,0.1441186,0.13319731,0.120042756,0.10560659,0.091053024,0.07774422,0.06713088,0.06036919,0.057641312,0.057844818,0.059246827,0.060373697,0.060374066,0.058984052,0.056389317,0.05309196,0.049790066,0.047261387,0.046261396,0.04747308,0.05152312,0.058988854,0.07030866,0.08564332,0.10479624,0.12721403,0.15202864,0.17811406,0.20415168,0.22870435,0.25029856,0.26751098,0.27905536,0.2838637,0.2811574,0.27050278,0.25184777,0.22553708,0.19230393,0.1532394,0.10974037,0.06344015,0.016148856,0.030447666,0.074345276,0.11399868,0.14797503,0.1751565,0.19479354,0.20654595,0.21050541,0.20720047,0.19758964,0.18305287,0.16539596,0.14687917,0.13023466,0.11847332,0.11407518,0.117687896,0.12781009,0.14207278,0.15850714,0.1758735,0.19345444,0.21075349,0.22726242,0.24233423,0.2551594,0.26482794,0.27045438,0.27134955,0.26723716,0.25853372,0.24672553,0.23484145,0.22777997,0.23165962,0.25134113,0.28774402,0.33805132,0.39795932,0.4632536,0.53026086,0.5958341,0.6572658,0.71223634,0.758799,0.79538864,0.8208384,0.8343975,0.8357413,0.82497144,0.8026034,0.7695385,0.7270217,0.67658424,0.6199723,0.5590647,0.49578142,0.4319887,0.36940515,0.30951878,0.25352752,0.20232601,0.15658419,0.11702201,0.08514304,0.06474795,0.061424613,0.07373388,0.093483455,0.11513769,0.13609162,0.15491216,0.1706323,0.18256986,0.19031905,0.19379067,0.1932565,0.18937883,0.18320942,0.17613214,0.16970696,0.16537614,0.1640688,0.16588415,0.17007856,0.17537676,0.18039227,0.18394895,0.18524766,0.18391772,0.18000184,0.17390193,0.16629265,0.1579996,0.14983827,0.142427,0.13601938,0.13042808,0.12508991,0.119252354,0.11220412,0.103482835,0.093048334,0.0814698,0.070212625,0.06199202,0.060336392,0.06692705,0.07979446,0.0956565,0.11194825,0.12698826,0.13971657,0.14953142,0.1562257,0.15997078,0.16131333,0.16115677,0.16069195
97,0.041383132,0.02773379,0.031908926,0.046936728,0.0632745,0.07793935,0.089897454,0.098659605,0.10396302,0.10568012,0.10378797,0.09836099,0.08957941,0.07776,0.0634421,0.04766796,0.033111576,0.027599566,0.038099214,0.056882896,0.07777953,0.09843997,0.117607355,0.13438056,0.14805101,0.15807496,0.16408186,0.16589013,0.1635209,0.1572049,0.14738157,0.13469104,0.11996163,0.10419807,0.088575386,0.0744297,0.0631802,0.055999033,0.053139877,0.053572062,0.055647653,0.05804728,0.060132045,0.061857764,0.06358259,0.065877855,0.069359705,0.0745661,0.08190886,0.09169075,0.104131594,0.11935361,0.13732423,0.15779006,0.18023519,0.2038778,0.22770281,0.25052077,0.2710436,0.28796944,0.30006972,0.3062734,0.3057429,0.29793718,0.2826588,0.26008186,0.23076145,0.19562837,0.15598539,0.11356827,0.07102191,0.03602393,0.039679386,0.0722537,0.10559674,0.13436145,0.1569147,0.17255166,0.18111628,0.18291391,0.17867126,0.16950011,0.1568568,0.142493,0.1283792,0.11654231,0.108721934,0.1058653,0.107833415,0.113728836,0.12257818,0.133752,0.14694306,0.1619069,0.1781954,0.1950101,0.21119682,0.2253412,0.23591146,0.24141283,0.24054067,0.23233901,0.21639664,0.1931724,0.16471505,0.13649674,0.12092144,0.13427196,0.1775148,0.23889549,0.30937758,0.3836961,0.4583228,0.5305067,0.59793586,0.6586322,0.71093017,0.75348395,0.7852817,0.805657,0.81429523,0.8112313,0.7968402,0.771817,0.7371492,0.69407725,0.6440471,0.58865136,0.52956307,0.46846253,0.4069618,0.34653282,0.28844884,0.23375604,0.18330817,0.13794248,0.099028565,0.07004755,0.05878164,0.06888675,0.09050784,0.1151558,0.13930202,0.16131745,0.18018472,0.19515815,0.2057152,0.21159458,0.21285543,0.2099319,0.20366985,0.1953288,0.18651576,0.1789943,0.17432012,0.17336605,0.17599005,0.18110824,0.1871272,0.19243395,0.19572617,0.1961627,0.19339998,0.18757111,0.17923352,0.16928788,0.15885451,0.14908634,0.14091185,0.13476188,0.13041183,0.12706082,0.12362339,0.11907767,0.112739995,0.10444909,0.09471853,0.08492269,0.07745297,0.07530982,0.08037344,0.0918082,0.10702708,0.123462245,0.13920654,0.1529852,0.1640377,0.17204735,0.17710905,0.17970774,0.18067984,0.18112697
98,0.0662798,0.05214704,0.04360808,0.042969894,0.04901065,0.058076747,0.06735019,0.07524119,0.08083286,0.083547354,0.08301025,0.07900566,0.071472175,0.06052646,0.046542082,0.030506652,0.016837372,0.02262699,0.04256622,0.065144986,0.08779252,0.10926954,0.12861146,0.14499977,0.15776236,0.16639808,0.17060259,0.17028782,0.16559188,0.15687819,0.14472447,0.12990385,0.113363415,0.09620856,0.07970376,0.06528637,0.054502506,0.048566293,0.04744612,0.049660817,0.053474795,0.05789593,0.06275564,0.06841574,0.075446524,0.084369324,0.09551695,0.109022826,0.12488102,0.1430012,0.16321963,0.18526998,0.20873751,0.2330214,0.25732124,0.28065398,0.30189928,0.31986699,0.3333784,0.34135348,0.34289578,0.33736944,0.32446238,0.30423367,0.27714378,0.24407384,0.20635115,0.1658325,0.12521282,0.089126706,0.067060456,0.07007732,0.09075843,0.114909455,0.13586265,0.15101749,0.1593906,0.160866,0.15595502,0.14570794,0.13168754,0.11598328,0.1012235,0.09036309,0.08574272,0.08756307,0.09370793,0.101475276,0.10902634,0.11572299,0.12194783,0.12874742,0.1373211,0.148427,0.16195498,0.17687844,0.19151802,0.20388938,0.21198465,0.21396232,0.20827174,0.19373845,0.16962738,0.13570382,0.09237849,0.041984983,0.03144543,0.09467795,0.16703556,0.24313469,0.32056937,0.39716828,0.4708669,0.5397441,0.6020773,0.6563908,0.7014914,0.73649067,0.76081276,0.7741916,0.77665824,0.76852196,0.7503461,0.72292125,0.6872349,0.6444382,0.59580946,0.5427125,0.48655048,0.4287159,0.3705392,0.313242,0.2579058,0.20547847,0.15687141,0.11331092,0.0775271,0.057071004,0.061695073,0.08354982,0.1102946,0.13695635,0.16163369,0.18328784,0.20116621,0.21468629,0.22345538,0.22733124,0.22648996,0.22148596,0.2132926,0.20330513,0.19326575,0.18504374,0.18021905,0.1795613,0.18271147,0.1883353,0.1946354,0.19987057,0.2026772,0.20220299,0.19813311,0.19066788,0.18047681,0.16862927,0.15648133,0.14547884,0.13684013,0.13116601,0.12818143,0.12683594,0.12572792,0.12357791,0.11955219,0.11343554,0.10573965,0.097803876,0.091805935,0.09031249,0.09501654,0.10557845,0.12004404,0.13611242,0.15187089,0.16595173,0.17749777,0.1861133,0.19182983,0.19507453,0.19661902,0.19748363
99,0.092339925,0.07722976,0.06270042,0.05018465,0.041884813,0.039914038,0.04374497,0.05030573,0.056749158,0.061295018,0.06288775,0.060904138,0.055023145,0.04517588,0.03152795,0.014503301,0.006058888,0.027872186,0.051238988,0.0749386,0.09794589,0.11925693,0.13793291,0.15315084,0.16425075,0.17077512,0.1724982,0.16944276,0.1618835,0.15033741,0.13554263,0.11843073,0.100100346,0.08180783,0.06499769,0.051369157,0.042746108,0.040068492,0.04212168,0.04665319,0.05232805,0.059041448,0.06739582,0.07813408,0.091751084,0.10837218,0.12783454,0.14982022,0.17394373,0.19977668,0.22682916,0.25451282,0.28210664,0.30874047,0.33340392,0.3549828,0.37232006,0.38429397,0.38990653,0.3883725,0.37920308,0.36227742,0.33790052,0.30684927,0.2704186,0.23049764,0.18974437,0.15198305,0.122808434,0.10886567,0.11225385,0.1264876,0.1430557,0.15643112,0.16376309,0.16380915,0.15634005,0.1418565,0.12145597,0.096821584,0.070508726,0.047436204,0.038964644,0.05152238,0.07195851,0.091607176,0.10754664,0.11880943,0.12542057,0.12819314,0.12865914,0.1289041,0.13111143,0.13678186,0.14603595,0.15756893,0.16921778,0.17860404,0.18353975,0.18222523,0.17335498,0.15622568,0.13097137,0.09937782,0.068718925,0.0644559,0.10301617,0.1616922,0.22818394,0.29784605,0.3678178,0.43579426,0.4997768,0.55803865,0.60914063,0.65195197,0.68566096,0.7097716,0.7240862,0.72867703,0.72385055,0.710109,0.6881132,0.6586496,0.6226028,0.58093286,0.5346564,0.48482892,0.4325251,0.37881672,0.32474905,0.27132073,0.21948172,0.17018487,0.124603175,0.0849378,0.057391483,0.054942533,0.0753514,0.10298088,0.13101175,0.1572307,0.18062586,0.20051764,0.21635592,0.22770494,0.2342914,0.23607337,0.2333115,0.22663155,0.21706732,0.20606327,0.19539227,0.18691683,0.18214755,0.18171586,0.18509318,0.19080296,0.19696386,0.2018026,0.20395565,0.20258874,0.19741793,0.18869007,0.17714593,0.16396645,0.15067786,0.13895763,0.13026792,0.1253456,0.123838164,0.12444383,0.12548897,0.12551329,0.123609915,0.11956499,0.11391676,0.10798352,0.10376936,0.10348478,0.108557336,0.11881288,0.13271657,0.14827447,0.16369112,0.17760713,0.18913333,0.19783202,0.203691,0.20709006,0.20874467,0.20960703
100,0.11763768,0.1013066,0.08332976,0.06450622,0.045995276,0.029910056,0.021353362,0.025220044,0.03438441,0.042486526,0.047332566,0.04806242,0.044358462,0.036315605,0.024664754,0.013275909,0.019698692,0.03940769,0.062020965,0.085174166,0.10747743,0.12774909,0.14495325,0.15822724,0.16692194,0.17063734,0.16924672,0.16290669,0.15205216,0.13737673,0.11980218,0.10044422,0.08059012,0.06172379,0.045664847,0.034773085,0.031083303,0.033396196,0.038302854,0.044084445,0.051075447,0.060574304,0.07379345,0.09125083,0.11278604,0.13786632,0.16583106,0.1960018,0.22770467,0.26025027,0.2928974,0.32481754,0.35507262,0.38261503,0.40631416,0.42500976,0.437587,0.4430672,0.44070503,0.43008474,0.4112092,0.38457918,0.35126674,0.3129952,0.27224985,0.23244175,0.19804406,0.17417602,0.16447541,0.16786139,0.17866741,0.19042662,0.19835311,0.19958259,0.19273163,0.17750563,0.15443864,0.12472241,0.09012328,0.053248428,0.022274224,0.035737373,0.068739556,0.099495545,0.12492919,0.14379872,0.15559898,0.16045563,0.15913102,0.1530481,0.14429638,0.13552938,0.12953867,0.12831157,0.13198993,0.13876909,0.1458787,0.15063319,0.1509785,0.14571159,0.13470012,0.11943292,0.104394056,0.098973356,0.11369383,0.14896554,0.19777735,0.25412673,0.31403577,0.3746138,0.43353382,0.4888426,0.53891057,0.5824303,0.61842495,0.64624983,0.66557896,0.6763767,0.6788542,0.6734169,0.6606077,0.6410537,0.61542153,0.5843871,0.5486205,0.5087851,0.46554777,0.41959333,0.37163886,0.32244217,0.27280593,0.22358401,0.17571673,0.13037859,0.08956274,0.05849019,0.05055369,0.06879339,0.09622131,0.12436929,0.15075496,0.17443839,0.19488859,0.21169311,0.22449446,0.2330084,0.23707819,0.236744,0.23231474,0.22443227,0.21411629,0.20276673,0.19207792,0.1837945,0.1792748,0.17899518,0.18231934,0.18773896,0.19340187,0.19759025,0.19899598,0.1968293,0.19084004,0.18130398,0.1689977,0.15516236,0.14143066,0.12964256,0.121434964,0.11761376,0.117699854,0.12014724,0.12308162,0.12495678,0.12487031,0.12265435,0.1188883,0.114869915,0.112450555,0.11354793,0.119338304,0.12967117,0.1432611,0.15836656,0.1733417,0.18688853,0.19812933,0.20661297,0.21230017,0.21553333,0.21698138,0.21754313
101,0.14071105,0.12308376,0.10282137,0.080755,0.057834882,0.03508789,0.013590429,0.006016566,0.02205977,0.03431168,0.04209734,0.045120765,0.04347272,0.03787335,0.030483866,0.02713388,0.035122294,0.052158963,0.07302719,0.09480973,0.11566656,0.13418068,0.14920227,0.15983525,0.1654597,0.16575699,0.16072536,0.15068099,0.13624293,0.11830354,0.09798999,0.07663123,0.05577329,0.037389643,0.024688607,0.021889819,0.02635782,0.031641904,0.035889965,0.04052638,0.048557397,0.06246285,0.082762554,0.10865637,0.1390132,0.17274532,0.20886411,0.24645887,0.28466108,0.32260475,0.3593875,0.3940401,0.42551312,0.45268753,0.4744138,0.489578,0.49719077,0.4964915,0.48705986,0.46892715,0.4426838,0.40958324,0.37164742,0.33177182,0.29378358,0.26224077,0.24148096,0.2336175,0.23681751,0.24605888,0.25563762,0.26094663,0.25896087,0.24812795,0.22816634,0.19994202,0.16552341,0.12869543,0.09678418,0.08340706,0.097437166,0.1271007,0.15917985,0.18718863,0.20805775,0.22035,0.22368273,0.21852921,0.2061346,0.18847066,0.16819793,0.14856133,0.1329791,0.12393655,0.12146013,0.12284217,0.12426417,0.12253187,0.11587041,0.10435903,0.09096426,0.083743066,0.0943677,0.12578322,0.17139357,0.22500075,0.2825665,0.3411873,0.39852238,0.45259833,0.5017638,0.5446951,0.58041173,0.6082866,0.62804013,0.6397162,0.64363897,0.6403522,0.63054603,0.6149785,0.5943996,0.56948954,0.54081917,0.5088372,0.473887,0.436246,0.39617956,0.35399732,0.310102,0.26502532,0.21945511,0.17427513,0.13069513,0.09076314,0.059505984,0.049827278,0.06645912,0.09291383,0.12010235,0.14538006,0.16787457,0.18722925,0.20324685,0.21577002,0.22465132,0.22977135,0.23108745,0.2286997,0.22292298,0.21435398,0.20391923,0.19287992,0.18274854,0.1750558,0.17094749,0.17074843,0.17378291,0.17861202,0.18351015,0.18688862,0.18754157,0.184747,0.17829175,0.16846752,0.1560589,0.14232598,0.12895337,0.11787285,0.11080288,0.10850731,0.11030463,0.11442749,0.11890268,0.12220689,0.1235157,0.12274147,0.120511405,0.11810225,0.11723538,0.11959832,0.12616266,0.1367513,0.1502209,0.16501099,0.17960925,0.1927909,0.20370646,0.21190369,0.21732259,0.2202716,0.22137776,0.22149737
102,0.16037083,0.14150108,0.11967435,0.09598258,0.07175868,0.04878329,0.030309226,0.02376509,0.0309973,0.041011713,0.048332952,0.05151992,0.050516497,0.046322074,0.04151026,0.040843308,0.04859071,0.063813366,0.082922645,0.10298977,0.12192312,0.13813636,0.1504032,0.15782638,0.15984622,0.15625551,0.1472054,0.13319646,0.115053296,0.09388572,0.07104852,0.04814692,0.027360186,0.014313707,0.018915601,0.02818438,0.03392644,0.03518048,0.033531576,0.034226496,0.044702966,0.06633198,0.09607507,0.13145284,0.1707795,0.21272975,0.2561534,0.3000047,0.3433027,0.3850953,0.42442405,0.46029568,0.49167073,0.5174774,0.5366559,0.54823333,0.55142486,0.5457538,0.5311821,0.50824493,0.47818118,0.4430548,0.40583962,0.37038544,0.3410548,0.32172024,0.3141552,0.31685293,0.32552984,0.33490252,0.34025258,0.3381543,0.32664287,0.30519545,0.2747356,0.23780619,0.1991216,0.1666592,0.1516082,0.1610492,0.18907918,0.22406757,0.25734073,0.28376877,0.3005048,0.3062304,0.3008075,0.28510305,0.260877,0.23069906,0.19788307,0.16639668,0.14050882,0.12354678,0.11559651,0.11261295,0.10891682,0.100022204,0.08366122,0.060620297,0.041302644,0.05760903,0.10418388,0.1621152,0.22530395,0.29043427,0.35481784,0.41608292,0.4721704,0.52138674,0.56245637,0.59455633,0.61732584,0.6308488,0.6356088,0.63241786,0.62232256,0.6064927,0.58610207,0.56221336,0.53568316,0.5071016,0.4767801,0.4447891,0.41103858,0.37538344,0.33773306,0.29814577,0.2568987,0.21453744,0.17193268,0.13043278,0.092424825,0.063406155,0.055141736,0.07056664,0.09532127,0.12074642,0.1440054,0.16417584,0.18100727,0.19451962,0.20482966,0.2120613,0.21630572,0.21762247,0.21607572,0.21179548,0.20505223,0.1963301,0.18638226,0.17624302,0.16715607,0.16036852,0.15678364,0.15659843,0.15916532,0.16319844,0.16717389,0.16968869,0.16967592,0.16650067,0.159992,0.15045054,0.13865224,0.12584971,0.11373847,0.10426942,0.09911118,0.09881524,0.10240564,0.1079559,0.11353236,0.117749676,0.11992401,0.12006922,0.11886053,0.117556065,0.11777858,0.121054694,0.12821437,0.13904922,0.1524958,0.16711237,0.1814856,0.19445084,0.20518254,0.21322353,0.21848737,0.2212417,0.22206709,0.22177956
103,0.17572652,0.15577763,0.13295566,0.10864555,0.08461199,0.06328809,0.048291218,0.0434333,0.047432248,0.054254808,0.059525732,0.061446004,0.059805956,0.055674072,0.051640384,0.051765963,0.059204165,0.07323801,0.090830915,0.10910214,0.12584673,0.13939485,0.1485011,0.15231106,0.15036213,0.1425897,0.12932375,0.11126994,0.089474045,0.065277606,0.040308714,0.016985996,0.011385122,0.027568666,0.0405659,0.04762805,0.04790672,0.041359656,0.02979107,0.023907928,0.04229485,0.07545191,0.11570133,0.16047952,0.20815703,0.25735325,0.30682582,0.35545093,0.40220925,0.44616026,0.4864076,0.5220654,0.55223876,0.5760301,0.5925795,0.601142,0.6011976,0.5925866,0.5756598,0.55143106,0.5217127,0.48919842,0.4574087,0.43034223,0.41164565,0.40335995,0.40488312,0.41300586,0.42304644,0.4302278,0.43061778,0.42157662,0.40193316,0.37209338,0.33422434,0.29264623,0.2544641,0.22959742,0.22711998,0.24760647,0.28233838,0.3208229,0.35519874,0.38042304,0.3935688,0.3933263,0.3797212,0.3539378,0.31818438,0.27558184,0.2300869,0.18645231,0.15004656,0.12566876,0.114185154,0.110096574,0.10516443,0.093104705,0.07062094,0.037170973,0.01734045,0.068910696,0.13264836,0.20219581,0.2743732,0.3461305,0.41457123,0.47709295,0.53152126,0.57621586,0.61014,0.63288957,0.6446797,0.64628905,0.6389624,0.6242764,0.60397285,0.5797723,0.553186,0.5253537,0.49694008,0.46811622,0.43863615,0.40799004,0.37559572,0.3409838,0.30394414,0.2646226,0.22358142,0.18186559,0.14118466,0.10450839,0.077688396,0.06998088,0.08261155,0.10459814,0.12771058,0.14854693,0.16586205,0.1793374,0.18911283,0.19556136,0.19914496,0.20030963,0.19941643,0.19671425,0.19235776,0.1864648,0.17919874,0.17085631,0.16193852,0.1531785,0.14549105,0.13980663,0.13679083,0.13655385,0.1385365,0.14166571,0.14466865,0.14636521,0.14585403,0.14260471,0.13649832,0.12784883,0.11742357,0.1064617,0.09664118,0.08983533,0.08745134,0.08959144,0.094932474,0.10153364,0.10767259,0.11220656,0.114632905,0.115070365,0.11423277,0.11336226,0.114022225,0.117657885,0.12503545,0.13593794,0.14934844,0.16389439,0.1782227,0.19120422,0.20202011,0.21019296,0.21559374,0.2184324,0.21922766,0.21874514
104,0.18624851,0.165475,0.142169,0.11796794,0.09494906,0.07578443,0.063541375,0.05986226,0.06251465,0.06708161,0.070223294,0.07038766,0.06746191,0.062643744,0.05858925,0.05903212,0.06644649,0.07984428,0.09625328,0.11280479,0.12726428,0.13795628,0.14367576,0.14365691,0.13756989,0.1255202,0.108036846,0.086043246,0.06081204,0.03392834,0.007933254,0.019150212,0.040590838,0.05704554,0.06694025,0.06914893,0.0629495,0.04808425,0.025054066,0.011645212,0.04809577,0.093020625,0.14288338,0.19602378,0.25087738,0.30596706,0.35995328,0.41166934,0.4601293,0.5045076,0.544098,0.57826376,0.606397,0.62790304,0.6422238,0.64890563,0.647711,0.6387628,0.62270635,0.6008632,0.5753376,0.5490071,0.5252887,0.50755966,0.49823716,0.49783793,0.5045883,0.5148882,0.52431905,0.528641,0.5244849,0.5097538,0.48386604,0.4479675,0.40522033,0.3612191,0.32427418,0.30423254,0.30777985,0.33301705,0.37091157,0.41131344,0.44627208,0.4704189,0.4805412,0.47519237,0.45443124,0.4196342,0.37333748,0.31910276,0.26143745,0.20583647,0.15892352,0.12775518,0.11528223,0.11469126,0.11467309,0.10781576,0.092582926,0.07560204,0.0782389,0.11592366,0.17596348,0.24646586,0.32085508,0.39447117,0.46351433,0.52485937,0.5760901,0.6155712,0.6424995,0.6569116,0.65963787,0.6521977,0.63663316,0.6152815,0.5904955,0.564335,0.5382791,0.51303065,0.4884804,0.46385562,0.43801016,0.40976334,0.378197,0.3428603,0.30387798,0.261995,0.21861665,0.1759479,0.13742189,0.10854059,0.09638631,0.1028666,0.12047736,0.1408681,0.15940969,0.17407376,0.18418911,0.18983075,0.19151318,0.1899971,0.18613641,0.18074459,0.17448519,0.16780314,0.16091458,0.15386085,0.14661144,0.13918526,0.13175479,0.124701224,0.118592076,0.11405666,0.11156583,0.11119644,0.11252266,0.11471415,0.11676974,0.117751114,0.116943024,0.11394232,0.108706884,0.10159147,0.09338423,0.08532905,0.07904126,0.07610895,0.07731359,0.08208361,0.088869885,0.09597014,0.10204163,0.10624994,0.108280435,0.108336605,0.10714522,0.10592551,0.10622077,0.10948613,0.11652412,0.12715738,0.14040186,0.1549136,0.16936123,0.18262193,0.19386066,0.20255831,0.20852053,0.2118749,0.21305296,0.21274664
105,0.19182637,0.17054985,0.14723654,0.12370915,0.10220641,0.0853208,0.0753197,0.07246601,0.07418433,0.076886445,0.077943064,0.07615131,0.071616076,0.06575492,0.061423067,0.062257007,0.0701201,0.08343383,0.09903158,0.11403579,0.12624708,0.13405187,0.13633926,0.13247243,0.12228366,0.10606858,0.08456631,0.0589198,0.030615764,0.0016138132,0.02687909,0.052177783,0.07265899,0.08661708,0.09263794,0.08968951,0.07720254,0.05518279,0.024986789,0.021479134,0.06692718,0.12013218,0.1777431,0.23775584,0.29832023,0.35774755,0.41457856,0.46763456,0.5160343,0.55917233,0.596663,0.62826395,0.6537971,0.673092,0.685972,0.6922955,0.69205624,0.68552756,0.67342836,0.6570696,0.6384274,0.6200649,0.60481906,0.5952116,0.5926956,0.59704363,0.606221,0.61683047,0.6248869,0.6265961,0.618961,0.6002049,0.5700826,0.530161,0.48413685,0.43816438,0.40079635,0.38131455,0.38533986,0.41068003,0.44871596,0.48936167,0.524243,0.54743373,0.55525726,0.54597086,0.5195125,0.47729716,0.42203557,0.3575752,0.28881368,0.2218267,0.16445908,0.1268128,0.11582229,0.12317889,0.13319902,0.13730486,0.13507089,0.1332155,0.1441311,0.1771175,0.2303382,0.296243,0.367588,0.4385279,0.5043889,0.56151986,0.60728514,0.6401078,0.6594993,0.66604286,0.66130865,0.6476826,0.62809324,0.6056256,0.5830396,0.56226957,0.544051,0.52783424,0.51204747,0.49460548,0.47346675,0.44707486,0.41462126,0.37615147,0.3325728,0.28563458,0.23796538,0.19327421,0.15673244,0.13467489,0.13090786,0.14162914,0.1585795,0.17526156,0.18817036,0.19582486,0.19794886,0.19500615,0.1879242,0.17789811,0.1662232,0.15413365,0.14264376,0.13241155,0.12366876,0.11626296,0.10981366,0.1039227,0.09835537,0.0931361,0.08854072,0.08498596,0.08283551,0.08218885,0.0827672,0.08397054,0.08505828,0.08534245,0.08432652,0.081788875,0.0778371,0.07295448,0.06803393,0.064329356,0.0631578,0.0652821,0.070421554,0.07745149,0.085003294,0.0918818,0.0972123,0.10047176,0.101504706,0.100555316,0.09831356,0.09594078,0.09497732,0.09698584,0.102945,0.11280807,0.12563024,0.14005782,0.1547398,0.16852838,0.18054771,0.19021381,0.19724151,0.2016469,0.20374143,0.20410849
106,0.19280721,0.17138423,0.14849654,0.12607598,0.10637887,0.09170679,0.08350428,0.081123136,0.08190086,0.08281067,0.08175197,0.07786238,0.071510464,0.06441919,0.05981923,0.061428353,0.07036681,0.084159404,0.09932339,0.11300406,0.123104714,0.12813292,0.12711604,0.119577,0.10553026,0.08547338,0.06036364,0.031588778,0.0028251936,0.030413859,0.059273265,0.08410351,0.10291728,0.11400219,0.1160272,0.10817709,0.090372205,0.0640251,0.037590954,0.049144622,0.09702211,0.15586685,0.21945763,0.28479332,0.34953266,0.411707,0.4697309,0.52244717,0.5691464,0.60954106,0.64369,0.671883,0.69450504,0.71191233,0.72435325,0.73196065,0.73482627,0.7331446,0.7273931,0.7184977,0.7079196,0.6975931,0.689657,0.6859752,0.68755436,0.6940755,0.7037685,0.713698,0.72033834,0.7202263,0.7105459,0.6895958,0.65716136,0.61483973,0.5663547,0.5178034,0.47746477,0.45421144,0.4537576,0.47490278,0.51000416,0.54907507,0.58317167,0.60562444,0.6121071,0.60040206,0.5701517,0.52263564,0.46056214,0.38787735,0.30965316,0.2322608,0.16443978,0.11994005,0.112595096,0.1316596,0.15474965,0.17195721,0.18303505,0.19339834,0.21142554,0.24390772,0.29192445,0.35143635,0.41643932,0.48103395,0.54018384,0.58996314,0.62767875,0.65195334,0.66276574,0.66142374,0.6504379,0.63325256,0.6137829,0.5957329,0.5817783,0.5728711,0.5680131,0.564651,0.5594897,0.5493402,0.531735,0.5052556,0.46963555,0.4257343,0.3754595,0.3217102,0.26841667,0.22071336,0.18491603,0.1667672,0.16676989,0.17839259,0.19330798,0.20569955,0.2125565,0.21278551,0.20650452,0.19460605,0.17847542,0.15978675,0.14033501,0.12187166,0.105902515,0.093414485,0.08459353,0.07876735,0.074756585,0.07143024,0.06808707,0.06454179,0.061016664,0.057940494,0.055706456,0.0544526,0.053968437,0.053783573,0.053365856,0.05230838,0.050453037,0.04796747,0.045399714,0.043676212,0.043896314,0.046811834,0.05235813,0.059770264,0.068044364,0.076242484,0.083584614,0.089458264,0.09342039,0.09521273,0.09479497,0.09239818,0.08860106,0.08441762,0.08132738,0.08106277,0.08498187,0.09336233,0.10534971,0.119534925,0.1344914,0.14900811,0.16214278,0.17322391,0.18185014,0.18789522,0.19151343,0.1931361
107,0.18999971,0.1687808,0.14668031,0.12566248,0.107877955,0.09521299,0.08836314,0.08608838,0.08577747,0.08484126,0.08159219,0.07546539,0.06709593,0.05860222,0.0538729,0.056910217,0.067691304,0.08249959,0.097563274,0.11015261,0.118349954,0.12083384,0.1168015,0.10595514,0.088504374,0.06516812,0.03721953,0.008457916,0.028408634,0.060018383,0.088983,0.112909555,0.12978016,0.13793936,0.13624302,0.12429477,0.102993615,0.07656764,0.06103407,0.08363359,0.1351073,0.19840236,0.26657352,0.33580607,0.4032688,0.4667114,0.52443594,0.57533944,0.61893916,0.65534484,0.68516314,0.7093333,0.72891426,0.7448617,0.75784945,0.768187,0.7758643,0.7807145,0.7826501,0.781904,0.77919704,0.7757626,0.7731768,0.77298784,0.77621824,0.7828981,0.7918213,0.80063945,0.806264,0.8054363,0.7953194,0.7740221,0.7410351,0.6975974,0.64701366,0.5948791,0.5489398,0.5178805,0.50828433,0.52089757,0.5497603,0.5852711,0.6178725,0.6399628,0.6463484,0.63412774,0.60245097,0.5522732,0.4861103,0.40780342,0.32234862,0.23601727,0.15769692,0.10470853,0.10300974,0.13717091,0.17485185,0.20568582,0.22972018,0.25139394,0.2769069,0.31139213,0.3564906,0.4100097,0.4673931,0.52340114,0.5732069,0.6129889,0.6402578,0.6540489,0.6550209,0.6454487,0.6290567,0.6105879,0.59498674,0.5861954,0.5859148,0.5930018,0.6039293,0.6139936,0.6185649,0.613938,0.5977444,0.569066,0.5283881,0.47748372,0.41929266,0.35785487,0.29835445,0.24720761,0.21149825,0.19596744,0.19834943,0.21018186,0.22287288,0.23090652,0.23163332,0.2243497,0.20960742,0.18877012,0.16371934,0.1366569,0.109992824,0.08631745,0.06833334,0.058135282,0.05532432,0.05659283,0.058455512,0.059033614,0.057861976,0.055301923,0.052093692,0.04899765,0.046474285,0.044485737,0.042545833,0.039981563,0.036215205,0.030948775,0.02430473,0.017223991,0.013167105,0.017461186,0.027214654,0.03851226,0.049867176,0.06053777,0.07003169,0.07799021,0.0841516,0.08833438,0.090429805,0.09040445,0.08831745,0.084359586,0.07892514,0.07272997,0.066971295,0.06340983,0.06399088,0.06977884,0.08024588,0.0938705,0.10903897,0.12441025,0.13894215,0.15185243,0.16259874,0.17088161,0.1766594,0.18016377
108,0.1846225,0.16390355,0.14284202,0.12336458,0.10742391,0.09644322,0.09049665,0.087988846,0.08643603,0.08360104,0.07810805,0.06961026,0.058949966,0.04872029,0.04402664,0.049492855,0.062975705,0.07920766,0.09438937,0.10608432,0.11262734,0.1129017,0.10629095,0.092686914,0.0725162,0.04683488,0.018519893,0.021493701,0.053700767,0.0858647,0.11450012,0.1372508,0.15213165,0.15762496,0.15290174,0.13823399,0.116040215,0.09410685,0.091317214,0.1229094,0.17854552,0.24560435,0.3172347,0.38912398,0.45804638,0.5215081,0.57772285,0.6256661,0.6651141,0.6966219,0.7214107,0.74115026,0.7576491,0.77249885,0.78675926,0.8007808,0.81423056,0.82631755,0.83614457,0.84308183,0.8470584,0.8486945,0.8492239,0.85019237,0.852975,0.85823727,0.86552334,0.87314147,0.87839997,0.878111,0.8692081,0.84934604,0.8174151,0.77396077,0.72152466,0.6648933,0.6111032,0.56871533,0.54557437,0.54515356,0.5641281,0.59387714,0.6242927,0.6466149,0.65449727,0.6440953,0.61384445,0.5641767,0.4972278,0.4165403,0.32679546,0.23373859,0.14519449,0.07969063,0.08594872,0.1385409,0.191024,0.2350409,0.27139077,0.303869,0.33723378,0.37532473,0.4195369,0.46842518,0.51845336,0.5651857,0.6043342,0.63249624,0.6476449,0.6494524,0.6394901,0.6212827,0.6001004,0.58225,0.5736162,0.57766026,0.593943,0.6183179,0.644596,0.6664174,0.6784797,0.67708474,0.66027504,0.62777674,0.5808636,0.52219856,0.4556995,0.38648233,0.32092178,0.26664263,0.2313421,0.21856989,0.22339824,0.23559974,0.24625842,0.25010517,0.24487238,0.23029177,0.20739052,0.17803624,0.14464338,0.11003957,0.0776618,0.05266862,0.04318002,0.050102837,0.062102713,0.072105184,0.07813013,0.08019461,0.07917484,0.07633658,0.07298042,0.070067964,0.06790778,0.0661001,0.06380532,0.060139216,0.054469023,0.046559308,0.036656685,0.02575781,0.017110666,0.018666407,0.029447079,0.042386774,0.054860894,0.065838024,0.07478306,0.081430025,0.08570825,0.0876927,0.08755432,0.0855103,0.08178306,0.07658104,0.070117265,0.0626864,0.05483507,0.047677748,0.043280836,0.044265226,0.051663104,0.06399948,0.0791319,0.095378935,0.11151713,0.12661687,0.13996589,0.15105963,0.15962252,0.16564025
109,0.17816342,0.15813246,0.13821103,0.12023463,0.10590974,0.09622139,0.09077987,0.087809496,0.08498316,0.080333024,0.072685905,0.061780453,0.04846615,0.03569431,0.0310471,0.04054601,0.057461802,0.07520111,0.09051852,0.10144307,0.10660129,0.10508718,0.09646926,0.08083659,0.05890354,0.032618515,0.015894774,0.04118252,0.07455244,0.106705315,0.13468313,0.15616491,0.16926052,0.1726763,0.16603884,0.15054198,0.13049278,0.11660163,0.12597694,0.16525075,0.22498485,0.29518592,0.36933032,0.44284406,0.5122173,0.57476413,0.6286329,0.672885,0.70755744,0.7336552,0.75302935,0.7681084,0.78147864,0.7953676,0.81116045,0.82911557,0.84839636,0.8674104,0.88433033,0.8976301,0.9065074,0.9111107,0.9125313,0.9125399,0.9130884,0.91566783,0.92070407,0.9272118,0.932853,0.93437755,0.9282893,0.9115479,0.88218635,0.8398015,0.7859322,0.72434556,0.66118866,0.6047401,0.5640758,0.54592615,0.5508422,0.57228,0.59984374,0.6233081,0.634749,0.62902796,0.60360533,0.5581921,0.4943831,0.41528293,0.32512194,0.22890234,0.13237372,0.047097716,0.064609386,0.13731612,0.20277724,0.2583575,0.30574504,0.34818813,0.38930818,0.4318412,0.47664663,0.5224299,0.5662145,0.6042159,0.63274485,0.64896065,0.65145165,0.64067864,0.6193058,0.5923655,0.56701505,0.55136234,0.5519412,0.57072526,0.60406923,0.64455664,0.68386245,0.71470773,0.73167014,0.7313588,0.7123432,0.6750014,0.6213441,0.5548415,0.48029253,0.4037961,0.3328573,0.27629906,0.2423756,0.23320444,0.24104859,0.2540041,0.26293722,0.26291043,0.25210828,0.23074742,0.20036103,0.16334674,0.12272145,0.082283854,0.048638135,0.03882581,0.056748886,0.07906165,0.09705208,0.10899276,0.11504419,0.11624234,0.114129834,0.11044326,0.10672805,0.10391577,0.10205973,0.10043314,0.09793951,0.09356681,0.086691864,0.07722921,0.065721355,0.053515058,0.043197308,0.038776785,0.042639337,0.052028354,0.06288708,0.0727387,0.08034626,0.08518187,0.08717385,0.08657498,0.083860576,0.07962063,0.07443654,0.06875254,0.062774986,0.056447104,0.049536403,0.041848045,0.03362207,0.02643987,0.024730835,0.032260023,0.046207916,0.0630527,0.080870196,0.09843237,0.114794694,0.1292066,0.14112283,0.15024471
110,0.17211396,0.15280342,0.13394436,0.11725794,0.104212694,0.09544394,0.09026162,0.086827956,0.08296609,0.07689897,0.06755929,0.05462857,0.038593274,0.021646183,0.016216144,0.032417703,0.052616585,0.07135975,0.08656793,0.09675905,0.10081427,0.09800472,0.08806131,0.07127792,0.048814774,0.02506482,0.026635284,0.05646511,0.08993042,0.12163943,0.14878078,0.1691065,0.1808828,0.18312426,0.17604092,0.16192134,0.14689755,0.14288987,0.1629489,0.20872228,0.27208924,0.34476915,0.42061293,0.49493888,0.5640495,0.62511474,0.6762309,0.7165322,0.7462827,0.76689136,0.7807925,0.7911353,0.80125594,0.8139869,0.83098465,0.8523332,0.87660396,0.90134645,0.92380244,0.9416082,0.9533309,0.95877284,0.95901734,0.9561966,0.95297545,0.9518015,0.9540896,0.959613,0.966355,0.97088504,0.96909845,0.95706046,0.93175614,0.8916675,0.8371887,0.770931,0.697959,0.62590206,0.5645433,0.5238614,0.50970846,0.5196121,0.5436577,0.5696906,0.58746976,0.59001976,0.5735045,0.53673565,0.4806737,0.40796405,0.3224823,0.22888188,0.13221815,0.039181992,0.057974145,0.1390772,0.21192233,0.27569556,0.33179784,0.38262743,0.4307021,0.47772843,0.5239199,0.5678314,0.6067237,0.63725245,0.6562438,0.66141355,0.6519882,0.629248,0.59700966,0.56195873,0.53338224,0.5212865,0.53231287,0.5658891,0.6146439,0.6683564,0.71739995,0.7542134,0.77358687,0.7725566,0.7502211,0.7075501,0.64719516,0.5733147,0.4914577,0.40858427,0.33326113,0.2755424,0.24423562,0.23970161,0.2511641,0.2652191,0.27274147,0.26926506,0.2535027,0.22619303,0.18939523,0.14608067,0.10009573,0.057694316,0.038488608,0.060317922,0.09107291,0.11730074,0.13636284,0.14798486,0.15297692,0.15286286,0.14959756,0.14520562,0.14131375,0.13869764,0.13709854,0.13546416,0.13245963,0.12695001,0.11829753,0.10649459,0.092227235,0.076979004,0.06326801,0.05472708,0.05433166,0.060909085,0.070318736,0.07913438,0.08544347,0.088401414,0.08788233,0.08430042,0.0785055,0.0716835,0.065187536,0.060201637,0.057238717,0.055806667,0.054647055,0.052348126,0.047821924,0.04052453,0.030670425,0.020318374,0.018263463,0.03087555,0.04929769,0.06914129,0.088653594,0.10667856,0.122339286,0.13501772
111,0.1675872,0.1488526,0.13080895,0.11508286,0.10297264,0.094892986,0.08999443,0.086438864,0.08217063,0.07555062,0.06559724,0.051979225,0.034930333,0.015198359,0.007035589,0.028723108,0.04971178,0.068241574,0.08286066,0.0922981,0.09555524,0.09200241,0.081482634,0.0644816,0.04276017,0.024347836,0.035876997,0.06627676,0.099207856,0.13018233,0.1564853,0.17598318,0.1871514,0.18937835,0.1835311,0.17297904,0.16509408,0.17119385,0.20015654,0.2512099,0.31750023,0.39196062,0.46881327,0.54336816,0.6118156,0.6712183,0.7196209,0.7561957,0.78136605,0.79684913,0.80555046,0.8112304,0.8178871,0.8289036,0.84618545,0.86964667,0.8972997,0.92590034,0.95184994,0.97204757,0.9845243,0.9888125,0.98604614,0.97877127,0.9704297,0.9645162,0.9635391,0.96810544,0.9765172,0.9850725,0.9889141,0.98306435,0.9633428,0.92703813,0.87334985,0.80367434,0.7218324,0.63433033,0.5506399,0.4829351,0.44334033,0.43700126,0.45676276,0.48779082,0.51595604,0.53146243,0.52877384,0.50569826,0.46259955,0.4018111,0.32720444,0.24401294,0.15972453,0.091876045,0.09240001,0.15324514,0.22290727,0.2891217,0.35016412,0.4067597,0.46010077,0.5108228,0.5584267,0.6011635,0.6363374,0.6608769,0.6720108,0.6679386,0.64846563,0.61562425,0.57431346,0.53283674,0.5026101,0.49531338,0.5169149,0.563574,0.6244887,0.68758535,0.7427354,0.78251576,0.8020834,0.7989165,0.7725885,0.7245662,0.6580183,0.57764345,0.48957574,0.40147376,0.32286784,0.2651042,0.23759599,0.2385727,0.25402546,0.26936445,0.2757664,0.26937994,0.24950467,0.21742241,0.17574334,0.12814394,0.08006185,0.04548937,0.056550212,0.09191328,0.12585177,0.1527759,0.17137645,0.18187723,0.1854783,0.18407243,0.17992505,0.17522804,0.17155318,0.16940352,0.16814527,0.16639261,0.1625957,0.15552896,0.14456677,0.12979478,0.11205504,0.09303302,0.075493425,0.06346834,0.060696136,0.066435345,0.07582777,0.08451635,0.090033524,0.09128285,0.088086344,0.080988675,0.071228944,0.060851444,0.052820556,0.050260726,0.053887103,0.061047304,0.068349704,0.07337261,0.07468937,0.07160494,0.064014256,0.052414495,0.038278073,0.026131514,0.027753355,0.04411244,0.06496378,0.085942686,0.10515705,0.12145864
112,0.16494112,0.14649339,0.12891808,0.11381263,0.102416135,0.095054865,0.09080581,0.08782647,0.08412562,0.078161985,0.06907201,0.05670698,0.0417438,0.026591115,0.020298876,0.031707462,0.049130976,0.06583312,0.07930087,0.08798611,0.09080684,0.08711704,0.07678671,0.06041606,0.040254835,0.026379332,0.04069806,0.07026221,0.10221049,0.13232258,0.15797287,0.17717208,0.18863638,0.19214973,0.18920483,0.18398815,0.18421586,0.19948511,0.23548254,0.2905357,0.35890514,0.434452,0.5117581,0.5861907,0.6538831,0.7118146,0.757965,0.7914918,0.812882,0.82402444,0.8281279,0.829388,0.8323199,0.8407831,0.8569515,0.8806723,0.9095531,0.93972313,0.9668927,0.9873356,0.9986111,1.0,0.9926699,0.979552,0.96486247,0.9532001,0.94828516,0.95168155,0.9620619,0.9754057,0.9859992,0.9877264,0.9751921,0.94449514,0.8936783,0.82296056,0.7348689,0.6344125,0.5295249,0.4320699,0.35892066,0.32797602,0.3422319,0.3830607,0.42810792,0.4627787,0.47952926,0.47536427,0.45032996,0.4067217,0.34868908,0.2822746,0.2164794,0.16668212,0.15545456,0.18772034,0.2422519,0.30290267,0.36341184,0.42187434,0.47774693,0.5304397,0.57865745,0.62025213,0.65245694,0.67236316,0.67750955,0.6665024,0.6396459,0.59961885,0.55225015,0.50723624,0.47774187,0.47638634,0.5075759,0.5641973,0.63307,0.7013506,0.7590097,0.798993,0.8168714,0.81052977,0.7799356,0.7269399,0.6550857,0.5694396,0.47651905,0.38446397,0.30360585,0.2466434,0.2237434,0.23066416,0.25010085,0.2667148,0.27228093,0.26367307,0.24080849,0.20552495,0.16104998,0.11212117,0.06769431,0.053684954,0.08270894,0.121131286,0.15508968,0.181028,0.19811659,0.20690213,0.20890689,0.20633249,0.20167075,0.19716056,0.19417705,0.19283003,0.19204958,0.19011684,0.18530458,0.17634611,0.16267408,0.14450444,0.12287089,0.09973511,0.07835384,0.06381438,0.061175972,0.06901325,0.08049815,0.090306185,0.095696144,0.095493935,0.08950408,0.078299314,0.06326946,0.04718819,0.03619699,0.039192762,0.053748094,0.07114387,0.08680557,0.09854779,0.1051756,0.10609844,0.10123292,0.09100007,0.076416895,0.05946842,0.04445153,0.040240366,0.051813994,0.071421966,0.092334576,0.111442335
113,0.16362274,0.14512214,0.12768884,0.112989545,0.10232755,0.09603072,0.09309639,0.09158737,0.08947007,0.08521942,0.07803219,0.06786875,0.055568017,0.04334942,0.03595576,0.038837645,0.050030477,0.06351804,0.07540507,0.08347054,0.08632994,0.083181545,0.07380504,0.058760878,0.04033921,0.028080473,0.040893957,0.06863217,0.099288285,0.12857556,0.15393132,0.1735128,0.18626826,0.19232763,0.19364084,0.19474927,0.20289348,0.22569986,0.26685306,0.32459253,0.39414704,0.47013518,0.5474877,0.62167215,0.6888015,0.74578226,0.7905049,0.82204646,0.84084576,0.84880257,0.8492246,0.8465202,0.84552944,0.85049284,0.8639006,0.88571566,0.9133939,0.9426848,0.96879643,0.9874876,0.99587846,0.99296117,0.97984695,0.95974094,0.93755424,0.9190078,0.90917647,0.91078615,0.92302406,0.94156796,0.9597847,0.9703665,0.96671146,0.94380003,0.8986385,0.83041763,0.7405134,0.6324354,0.51189995,0.38751528,0.27379137,0.20042436,0.2057766,0.2684022,0.3408905,0.4014375,0.44201145,0.46002364,0.45584694,0.431984,0.3927305,0.34412122,0.29422525,0.2536469,0.2343734,0.24329618,0.2761186,0.32299128,0.3761877,0.4313157,0.48584926,0.5377963,0.58496076,0.62471485,0.65414447,0.6704313,0.67136055,0.6558867,0.62474704,0.5811694,0.5317271,0.4871113,0.4613978,0.4668661,0.5056548,0.56823504,0.6405146,0.7098331,0.76665384,0.80440366,0.81906426,0.808871,0.7740945,0.7168477,0.6408932,0.55147445,0.4552566,0.36057577,0.27828383,0.22242096,0.20422764,0.21686475,0.23985212,0.25757858,0.2626479,0.25271416,0.22831577,0.19186851,0.14736933,0.101282515,0.0679559,0.073108435,0.106934786,0.14425085,0.17603919,0.19947363,0.21401113,0.22046995,0.22066009,0.21704285,0.21225274,0.20844728,0.20665158,0.20645726,0.20630509,0.20415862,0.19816549,0.18707807,0.17043918,0.14863361,0.122920625,0.09562059,0.07085901,0.056108575,0.058449347,0.072437674,0.08807125,0.09994834,0.10566805,0.10424804,0.09556259,0.080137245,0.0590849,0.034381054,0.0144097945,0.031136103,0.05880321,0.0851625,0.10780601,0.12527004,0.13655709,0.14110875,0.13882546,0.13009468,0.115844004,0.09768971,0.078377865,0.06286513,0.05864457,0.06871458,0.086904004,0.106688775
114,0.16235735,0.14353645,0.12606786,0.11179955,0.10220022,0.097601086,0.09679135,0.09756984,0.09773199,0.095676355,0.09055854,0.0822753,0.0714813,0.059767473,0.0500623,0.04644151,0.050846405,0.06031092,0.070495576,0.0783231,0.081887014,0.08007635,0.07245268,0.059366718,0.042682208,0.02968821,0.037579972,0.06232877,0.091433436,0.120052814,0.14558116,0.16627179,0.18123679,0.19081628,0.19713636,0.204601,0.21952109,0.24788712,0.29235497,0.35148123,0.4213463,0.49721876,0.5743668,0.64838284,0.7153801,0.7721903,0.8165825,0.84748304,0.865168,0.8713834,0.86932474,0.8633728,0.85847384,0.85912764,0.8681854,0.8859422,0.9100146,0.93607575,0.9590529,0.9743047,0.97852266,0.9703292,0.9506222,0.92267853,0.89192426,0.8651507,0.84895074,0.84754306,0.8609296,0.8846031,0.9109857,0.9315454,0.9385122,0.92586684,0.88976204,0.82861143,0.7429926,0.63543355,0.51012063,0.37257186,0.22945005,0.090583645,0.06688951,0.18363944,0.28912702,0.37412363,0.43578935,0.4733282,0.48767325,0.481361,0.45839864,0.42413265,0.38513887,0.34904101,0.32381657,0.31585512,0.327257,0.35523432,0.3946256,0.44048086,0.48883224,0.5363633,0.57994336,0.6164116,0.6426523,0.6558874,0.6541046,0.63656604,0.60439426,0.561277,0.5143066,0.4745707,0.45577955,0.46834585,0.5119855,0.5762181,0.64748263,0.7140176,0.7670294,0.8004839,0.81075543,0.7963704,0.7578102,0.6973248,0.61873794,0.5272702,0.42947638,0.33353394,0.25034857,0.1950544,0.18055734,0.19785884,0.22358388,0.24220805,0.24726763,0.23718767,0.2131131,0.17808105,0.13707253,0.09874232,0.079943985,0.09429681,0.1264464,0.15970075,0.18720445,0.20653066,0.21736547,0.22077745,0.21884365,0.21424799,0.20968945,0.20710492,0.20699462,0.20829582,0.20891608,0.20653628,0.1992482,0.18589285,0.16617726,0.14068994,0.11094673,0.07977146,0.053240903,0.045329157,0.061096624,0.0838894,0.103995085,0.1178263,0.1237889,0.121258296,0.11031298,0.09163417,0.06647091,0.03689736,0.013229466,0.037441008,0.07105539,0.102875434,0.13057661,0.15258151,0.16776471,0.17545667,0.1754723,0.16813733,0.15432222,0.1355213,0.11406557,0.09363083,0.07988166,0.078733765,0.09008453,0.10778602
115,0.1595679,0.14033468,0.12289565,0.1093896,0.101494916,0.09941451,0.101483904,0.10506717,0.10773303,0.1077903,0.104332566,0.09715446,0.086705096,0.07414433,0.061568405,0.052311175,0.050052147,0.055194493,0.06398498,0.07233969,0.07754798,0.078025624,0.07301607,0.06256551,0.04794231,0.033832595,0.03394804,0.053512305,0.08052863,0.108578235,0.1346892,0.15706366,0.17483678,0.18835655,0.1996219,0.21255879,0.23249568,0.264331,0.31035706,0.36963847,0.4390173,0.5143356,0.591182,0.66528136,0.7327522,0.790341,0.83565974,0.8674179,0.88562536,0.89172876,0.88862103,0.8804334,0.8719993,0.8679319,0.871449,0.88336736,0.9017817,0.9226224,0.9407906,0.95137864,0.9506603,0.9367839,0.91022277,0.8740276,0.8338186,0.7972633,0.7726038,0.7660481,0.77898604,0.8070249,0.8416563,0.8730709,0.892358,0.8926238,0.8693723,0.82053244,0.74633414,0.6491233,0.5331919,0.40483108,0.27355784,0.16056861,0.13441299,0.21446562,0.3139248,0.40250033,0.47206956,0.51988286,0.5457486,0.5513089,0.5396902,0.5152221,0.4831614,0.44938266,0.41993678,0.40029976,0.39425743,0.4029067,0.4246134,0.45600644,0.4931113,0.5319565,0.56872827,0.599804,0.62186766,0.6321599,0.62884206,0.61145025,0.5814379,0.5428229,0.5028615,0.4721665,0.46258605,0.48152602,0.5268446,0.5886272,0.65492433,0.7153549,0.76204276,0.7895406,0.79460263,0.77599275,0.7343155,0.67183745,0.5922891,0.500675,0.40318254,0.30743498,0.22370416,0.16742772,0.15401025,0.17396776,0.20135973,0.2207592,0.22656225,0.21789469,0.196478,0.1659986,0.13243334,0.105544224,0.09839451,0.114126384,0.14072284,0.16722444,0.18822515,0.20165272,0.20741871,0.20684184,0.2022735,0.19662188,0.19259806,0.19175956,0.19385286,0.19699007,0.19850941,0.19587177,0.18720655,0.17152648,0.14876117,0.119738095,0.08628322,0.052258268,0.03192896,0.04963978,0.080641605,0.10951422,0.13224438,0.14693096,0.15256274,0.14883429,0.13612923,0.11558284,0.08938061,0.06216498,0.046820503,0.060553532,0.09119757,0.12449403,0.15502377,0.18013966,0.19823818,0.20838805,0.21024497,0.2040344,0.19055855,0.17123684,0.14822783,0.124721535,0.10539354,0.09603349,0.09984196,0.113620326
116,0.15379895,0.13429642,0.11724568,0.10517111,0.09990002,0.101201504,0.10666759,0.11317838,0.118155904,0.11989723,0.11748452,0.11065237,0.099713944,0.08556866,0.06984944,0.05535327,0.04655772,0.047390558,0.055710487,0.06590976,0.073993854,0.07777937,0.07618878,0.06899965,0.057016455,0.043137074,0.035949674,0.04663398,0.06983654,0.096854076,0.1235363,0.1476937,0.16826205,0.18537752,0.20068632,0.21751523,0.24040225,0.27365717,0.3196204,0.377948,0.4461691,0.52063304,0.59722,0.6717776,0.74042267,0.7998004,0.8473339,0.8814625,0.9018505,0.9095348,0.90696186,0.89783776,0.8866951,0.87810326,0.87559307,0.88061136,0.89199245,0.9062494,0.9185391,0.9238593,0.9181063,0.89886165,0.8659429,0.82179695,0.7717412,0.7238566,0.6879564,0.67285925,0.6823818,0.71294266,0.75519997,0.7979293,0.83101684,0.8467607,0.8401706,0.8089118,0.75318223,0.67564386,0.5815427,0.4793416,0.38259268,0.31324294,0.29735875,0.33741793,0.40663278,0.48008284,0.5441522,0.5923617,0.62221974,0.6337674,0.62884074,0.6105887,0.58308005,0.55093914,0.51897645,0.49176517,0.47311386,0.46546853,0.46945179,0.48382068,0.5058877,0.53213716,0.5587555,0.58200675,0.5985276,0.60562885,0.6016444,0.58634114,0.5613913,0.5308735,0.5016031,0.48262623,0.48273867,0.5061651,0.5499206,0.605707,0.66376853,0.7153885,0.7537482,0.7740461,0.7734192,0.75082767,0.70692,0.64386755,0.565166,0.47543097,0.3802578,0.28635433,0.20255694,0.14294899,0.12576751,0.14514181,0.17300278,0.19331746,0.20102875,0.19582511,0.1799231,0.1575042,0.13482094,0.12000221,0.11959491,0.13233964,0.15078883,0.16810082,0.1802951,0.18577586,0.18473262,0.17877589,0.1706183,0.16352336,0.16026224,0.16180295,0.166745,0.17210314,0.17462154,0.17165755,0.16151515,0.14348695,0.117799535,0.08558473,0.049283776,0.020516574,0.04401977,0.082672775,0.11912806,0.15002531,0.17332679,0.18765189,0.1922558,0.1870808,0.17283499,0.15115416,0.12504056,0.100069135,0.08631745,0.09375662,0.11866193,0.1502266,0.18126269,0.20782487,0.22761694,0.23932382,0.24237451,0.2368548,0.22347684,0.20358771,0.17924125,0.15339004,0.1302147,0.115110256,0.11255202,0.12195781
117,0.14401495,0.12464985,0.1086782,0.099065036,0.09753093,0.102926135,0.11192446,0.121086836,0.12787908,0.13070145,0.12869251,0.12158125,0.10960996,0.09351787,0.07462292,0.055201776,0.039828364,0.03655315,0.046442237,0.060446188,0.072654665,0.080480896,0.082733534,0.0790831,0.07010129,0.057809003,0.047370218,0.04832001,0.06432006,0.08844818,0.11469681,0.13987067,0.16237696,0.1819294,0.19969769,0.2184378,0.24214783,0.27492037,0.31938824,0.37582844,0.44238496,0.51584107,0.592322,0.6677731,0.73829424,0.8004146,0.85134816,0.8892327,0.9133407,0.92423487,0.9238292,0.91529393,0.90272486,0.8905045,0.8823706,0.8804024,0.88432616,0.8915047,0.8976371,0.89784324,0.8877419,0.8643132,0.8265314,0.77585626,0.7166686,0.6566181,0.6064285,0.5778904,0.57890403,0.608321,0.65638703,0.71015716,0.7580221,0.7913692,0.8047189,0.7954964,0.7638417,0.7125491,0.64717567,0.5763505,0.5120696,0.46869722,0.45794156,0.48090065,0.52705723,0.5822031,0.63481885,0.67747945,0.7062046,0.71961063,0.71824694,0.7040834,0.6800795,0.64980185,0.61707294,0.5856417,0.55885535,0.5393179,0.52855414,0.52676654,0.53280336,0.5443864,0.55852354,0.5719788,0.58171636,0.58530474,0.5813,0.5696253,0.5519348,0.5318793,0.51502174,0.5079214,0.5160242,0.5411162,0.5802924,0.6272689,0.6746165,0.7154032,0.74398214,0.7562709,0.7498106,0.72373086,0.6786561,0.6165605,0.5405784,0.45479044,0.3640332,0.2738647,0.191101,0.12629867,0.09795349,0.11120211,0.13817886,0.16001639,0.17141858,0.17235611,0.16526447,0.15417922,0.14408062,0.13948539,0.1421696,0.15012026,0.15925284,0.16574669,0.16713683,0.16249561,0.15236698,0.13871725,0.12488062,0.11509348,0.11275383,0.117854066,0.12679693,0.13493703,0.13849439,0.1349937,0.12314935,0.1027026,0.07433976,0.04004643,0.015667137,0.04987537,0.092916355,0.13461424,0.17203371,0.20291781,0.2254985,0.2385651,0.2415523,0.23462632,0.21878898,0.1960568,0.16983315,0.14558725,0.13118325,0.1336451,0.15234506,0.17998137,0.20933118,0.23553874,0.2556054,0.26777253,0.27119425,0.26578322,0.2521383,0.2315228,0.20590179,0.17807797,0.15195067,0.13262084,0.12506759,0.13047427
118,0.12977922,0.11125649,0.09745727,0.09171609,0.0950411,0.10483243,0.11701057,0.12818468,0.13607964,0.13929723,0.13708688,0.12921676,0.115907796,0.09780325,0.07598331,0.052158635,0.030034801,0.02316484,0.038936414,0.058583185,0.07533475,0.08711715,0.09296289,0.09259887,0.086524434,0.07636163,0.06567985,0.060949486,0.0684023,0.08678626,0.11038258,0.13478714,0.1575378,0.17772573,0.19597189,0.21452719,0.23705178,0.26766828,0.30945036,0.36329556,0.4278762,0.50031435,0.57691234,0.6536759,0.72667235,0.79231143,0.8475974,0.8903643,0.91948444,0.93503004,0.93835413,0.9320445,0.91968554,0.90536267,0.8928928,0.8848974,0.88201696,0.88262534,0.8832124,0.87926406,0.8662927,0.84074146,0.80067533,0.7463159,0.6805446,0.60951144,0.54329735,0.4956831,0.48022327,0.5016386,0.5514882,0.6146876,0.67735267,0.7294991,0.7649019,0.78050476,0.77602166,0.7537333,0.71837974,0.67700434,0.63844806,0.611948,0.6044665,0.61778367,0.6478212,0.6869711,0.72722334,0.76209587,0.78725165,0.8004279,0.80112535,0.79023963,0.7696929,0.74208224,0.7103554,0.67751884,0.64637977,0.6193139,0.5980505,0.5834856,0.5755636,0.5732863,0.5748872,0.57815003,0.5808097,0.5809697,0.57749116,0.5703258,0.56074786,0.5513914,0.54592514,0.5481951,0.56091195,0.5844424,0.6164521,0.6525703,0.6875284,0.7161675,0.73409057,0.7380116,0.7259121,0.69707704,0.6520477,0.5925071,0.521111,0.44127974,0.35697895,0.27254826,0.19274788,0.123686895,0.077243194,0.07280414,0.09654055,0.12135382,0.13921839,0.14966786,0.15462954,0.15684643,0.15883951,0.16198204,0.1660354,0.16944751,0.17013934,0.16625246,0.15660645,0.14090674,0.119836666,0.09520587,0.070526145,0.052771814,0.051611222,0.064761885,0.080620624,0.09226738,0.09651858,0.0919154,0.078139015,0.056133986,0.030676566,0.031595338,0.06790711,0.111641936,0.1561616,0.19823912,0.23529467,0.26518455,0.286259,0.29745626,0.2983936,0.28945366,0.2718836,0.24794404,0.22115135,0.19656137,0.18052381,0.17845611,0.19095112,0.21325585,0.23902375,0.26307833,0.28189147,0.29328343,0.29611883,0.29011664,0.27574354,0.25416422,0.22725193,0.1976891,0.16918595,0.1466395,0.1352543,0.13735145
119,0.11139752,0.0948244,0.08484636,0.084689476,0.09358752,0.10737226,0.12184788,0.1340881,0.14222606,0.14511889,0.14216058,0.13319293,0.11845876,0.098567024,0.0744579,0.047377776,0.019078823,0.01228028,0.038738452,0.063075945,0.083177686,0.097883746,0.10646834,0.10872321,0.105112135,0.0970264,0.08722074,0.080258474,0.08146702,0.092860185,0.111421555,0.13272932,0.15355356,0.1722782,0.18893684,0.20532452,0.2248979,0.25197706,0.2901803,0.34099966,0.4035138,0.4750507,0.55199987,0.630388,0.7062474,0.7758865,0.83612835,0.8845339,0.9196046,0.9409471,0.9493716,0.9468872,0.9365433,0.9220592,0.9072093,0.89501566,0.88694394,0.8824143,0.8788693,0.8723884,0.85859406,0.83355343,0.79451084,0.74043983,0.67251647,0.59469515,0.51464343,0.44508052,0.40366858,0.40536836,0.4487425,0.51722455,0.59304994,0.66368437,0.72150147,0.76248103,0.78540045,0.7914106,0.7837556,0.7674459,0.74870235,0.73399055,0.72861755,0.7352787,0.7533346,0.77932054,0.8083266,0.83541876,0.85657877,0.8691178,0.8717306,0.8643538,0.84793085,0.8241416,0.7951282,0.76323885,0.7308003,0.6999242,0.6723437,0.64927876,0.6313369,0.6184715,0.6100284,0.6048987,0.60176635,0.5994091,0.59699863,0.59434205,0.5920074,0.5912721,0.593842,0.6013409,0.6146871,0.6335903,0.6563951,0.68032223,0.70196486,0.71783316,0.72481054,0.72047377,0.70328546,0.6726793,0.62905747,0.5737167,0.50871426,0.4366884,0.36064878,0.28375876,0.20914689,0.13985378,0.079465576,0.038476847,0.047911786,0.079386175,0.10802196,0.13141625,0.15020797,0.16534036,0.17738673,0.1863306,0.19162217,0.19241254,0.18785003,0.1773463,0.16076706,0.13854177,0.11171603,0.08202203,0.052301783,0.029529769,0.031244492,0.049109362,0.06529522,0.07502158,0.07694551,0.07146665,0.06164719,0.056302603,0.06850707,0.09893206,0.1393513,0.18379012,0.22829087,0.26976407,0.30564326,0.33385092,0.3528575,0.36176094,0.36036438,0.34924912,0.3298523,0.30456492,0.27685016,0.25128126,0.23310736,0.22667937,0.233045,0.24915476,0.26982367,0.290065,0.30609655,0.31541982,0.31663698,0.30927306,0.29365233,0.27082798,0.24257228,0.21145353,0.18103229,0.15605494,0.14183833,0.14143184
120,0.09018958,0.07737166,0.07358938,0.080461316,0.094533645,0.11102518,0.12645438,0.13859862,0.14603515,0.1478853,0.14370558,0.13344313,0.11741347,0.09628422,0.071071915,0.04325308,0.01660135,0.022356674,0.049125783,0.074472874,0.09586036,0.11203541,0.122250214,0.12627633,0.124515116,0.118164405,0.10944499,0.10176216,0.09918929,0.10443141,0.116775,0.13301095,0.14982015,0.16507064,0.17825793,0.19076869,0.20595056,0.22845924,0.262551,0.31024846,0.37084454,0.44168785,0.5191535,0.59926724,0.6780546,0.7517758,0.8171353,0.8714841,0.913013,0.94091743,0.9555113,0.9582584,0.9516805,0.9390925,0.9241256,0.91004634,0.8989897,0.891345,0.8855589,0.8784625,0.8659934,0.8440457,0.80922824,0.75944704,0.6943497,0.615765,0.52839357,0.44122842,0.37007245,0.33773622,0.35943848,0.42423543,0.50881046,0.59552824,0.6740272,0.73862237,0.78668797,0.81790936,0.8338914,0.8378387,0.8341469,0.8278016,0.82355005,0.824955,0.8336255,0.84897345,0.8686184,0.8892167,0.9073331,0.92008793,0.92550945,0.9226399,0.91147757,0.892823,0.8680777,0.8390279,0.80763483,0.7758456,0.7454316,0.7178585,0.69418985,0.6750314,0.66052485,0.65040064,0.64409107,0.64088726,0.6401103,0.64125746,0.64408726,0.64861625,0.6550189,0.6634466,0.6738107,0.68559706,0.6977734,0.70882285,0.7168921,0.7200109,0.7163292,0.70433044,0.68299234,0.65188605,0.61120975,0.5617623,0.5048647,0.44224,0.37586373,0.30780068,0.24004354,0.17437185,0.11225607,0.05489735,0.008469283,0.0459926,0.08712272,0.1230351,0.15360492,0.17875144,0.19828422,0.21192086,0.21937416,0.22047777,0.21532463,0.20440039,0.18870232,0.16984183,0.1501163,0.13245334,0.119910754,0.11434769,0.11497411,0.11869047,0.12203806,0.1227321,0.120328724,0.11667211,0.11621052,0.1248387,0.14612028,0.17886832,0.2191675,0.2628246,0.30616122,0.34606943,0.37998137,0.40588397,0.42236763,0.42868587,0.4248128,0.41149426,0.3902947,0.36364028,0.334837,0.30796593,0.28741124,0.27672127,0.27705437,0.28646967,0.3009138,0.31592396,0.32775545,0.3337493,0.33231455,0.3228059,0.30540743,0.28105378,0.25140682,0.2189186,0.1870174,0.1603306,0.14423203,0.14221059
121,0.06930519,0.0632801,0.06811384,0.08161329,0.09885778,0.11606632,0.13084704,0.1416427,0.14742014,0.14754903,0.14176342,0.13015603,0.11319125,0.09175715,0.06738092,0.043327026,0.030316578,0.042886768,0.06674773,0.09088451,0.11190651,0.12823212,0.13900666,0.143948,0.14337678,0.13830204,0.13051957,0.122627154,0.11767629,0.11808848,0.124253616,0.13433123,0.1455663,0.15571678,0.16391212,0.17120935,0.18093847,0.19824967,0.22814672,0.27303723,0.3321083,0.40248638,0.48045197,0.56206113,0.64341307,0.72081655,0.79095274,0.851052,0.8990734,0.9338701,0.9553166,0.964373,0.9630502,0.9542353,0.9413326,0.9277051,0.9159752,0.90735316,0.90123874,0.8952797,0.8858748,0.8689251,0.84059775,0.7979548,0.7394204,0.6651548,0.577494,0.4818113,0.38861442,0.31784692,0.29878703,0.34314135,0.42763406,0.5254685,0.6208838,0.7054541,0.7747252,0.8267985,0.8617563,0.8813555,0.8887454,0.88808703,0.88400507,0.88086396,0.88197166,0.8889416,0.90147483,0.9176614,0.93464994,0.949398,0.95927364,0.9624194,0.95789605,0.9456658,0.92647135,0.9016577,0.872967,0.84233207,0.8116831,0.78278214,0.75709164,0.73568445,0.71919554,0.7078179,0.70133895,0.6992118,0.70065117,0.7047394,0.7105273,0.7171164,0.72371167,0.7296402,0.73433787,0.7373109,0.7380861,0.73616517,0.730997,0.7219783,0.7084838,0.68992096,0.6657977,0.63578993,0.59979576,0.5579693,0.5107293,0.4587449,0.4029043,0.34427765,0.28409323,0.22376566,0.1650925,0.11110352,0.06997514,0.06343278,0.09208736,0.12950696,0.16516344,0.19592468,0.22051951,0.23838867,0.2494377,0.25399894,0.25284353,0.24718702,0.23864803,0.22911367,0.22046222,0.21414182,0.2107361,0.20977555,0.20997332,0.20978436,0.20803024,0.20442617,0.19998142,0.1972068,0.19980942,0.21142124,0.2337397,0.26568907,0.30425504,0.34577617,0.38672823,0.42402953,0.45514482,0.4781375,0.49171436,0.49526793,0.48891225,0.47350857,0.45067832,0.42279586,0.39293253,0.3646763,0.3416851,0.3268547,0.32129312,0.32377794,0.33123937,0.33990806,0.3463242,0.3478507,0.34280547,0.33042082,0.31075764,0.2846327,0.25359216,0.21996932,0.18707159,0.15943263,0.1424502,0.13980734
122,0.05574139,0.059683625,0.07227629,0.08911557,0.10659298,0.12238732,0.13495106,0.14320782,0.14643802,0.14424878,0.13658005,0.12373404,0.10644676,0.08608812,0.065305136,0.04994438,0.049758986,0.06542558,0.08748212,0.10979319,0.12946637,0.1449408,0.15536396,0.16044131,0.1604257,0.15614611,0.14902762,0.141035,0.1344074,0.13103643,0.13162772,0.13529886,0.14010057,0.14406753,0.14621188,0.14738178,0.15101108,0.16299151,0.18921992,0.23213634,0.29028022,0.3603009,0.4384062,0.520814,0.60384667,0.6839981,0.75804514,0.8231978,0.8772674,0.9188323,0.94737995,0.96340114,0.9684083,0.9648374,0.9557929,0.9446019,0.93419534,0.92642665,0.9215345,0.91796905,0.912668,0.9016738,0.8808747,0.846681,0.796551,0.72938114,0.6458463,0.5488892,0.44485888,0.34665647,0.28061435,0.2824335,0.3516923,0.45282936,0.55983526,0.6596172,0.7453423,0.8134699,0.86272657,0.8937226,0.90873116,0.91143835,0.9065551,0.8992193,0.89417946,0.89489126,0.90281713,0.91724765,0.9357354,0.9549199,0.97138625,0.9823095,0.9858137,0.98108786,0.96833366,0.9486071,0.9236016,0.8954037,0.8662454,0.8382726,0.8133457,0.79288644,0.7777805,0.7683394,0.7643201,0.76499164,0.769239,0.7756897,0.7828537,0.78926456,0.7936118,0.79485226,0.7922893,0.78561044,0.77487636,0.76045877,0.74293274,0.7229354,0.7010141,0.6774939,0.6523932,0.6254122,0.5959954,0.5634558,0.5271296,0.48653132,0.44148654,0.39223397,0.33950883,0.2846476,0.22981583,0.17861217,0.1375236,0.1171907,0.12459359,0.1511214,0.18396458,0.21583508,0.24343167,0.26541212,0.28151768,0.29220733,0.29845223,0.30155042,0.30290654,0.3037707,0.30498007,0.30678585,0.30884314,0.31038234,0.31050897,0.30854955,0.30437982,0.29869723,0.29319018,0.2904847,0.29367238,0.30533606,0.32647014,0.35604876,0.39149424,0.42952314,0.46682286,0.50042754,0.5278951,0.54739225,0.557742,0.55845356,0.5497391,0.5325143,0.5083802,0.4795742,0.44886595,0.41934472,0.39402765,0.37525442,0.36400983,0.35954234,0.35959753,0.36115292,0.361212,0.35733464,0.34786874,0.3319927,0.3096761,0.28162852,0.24928135,0.21485184,0.18154298,0.15382503,0.1370894,0.13494359
123,0.058842603,0.07005797,0.085286774,0.10155916,0.116775446,0.12945893,0.13854417,0.14328656,0.14323922,0.1382631,0.12856111,0.11475047,0.09802988,0.08059098,0.06649234,0.061958686,0.070461735,0.08796105,0.108710304,0.12902623,0.14677379,0.16067402,0.1700165,0.17456691,0.17454563,0.17062168,0.16388795,0.15577647,0.14785583,0.14146379,0.13723987,0.13481982,0.13298315,0.13026021,0.1257868,0.12035047,0.11768177,0.124893166,0.14892821,0.19132754,0.24915382,0.31852472,0.39583927,0.47774327,0.5609879,0.6424075,0.71899456,0.7880326,0.84725773,0.89502794,0.93048084,0.9536592,0.9655772,0.9681936,0.96424747,0.9569157,0.9492792,0.9436612,0.9410018,0.9404947,0.9396463,0.93473786,0.9215165,0.89590484,0.8545971,0.7955054,0.718096,0.6237234,0.5162191,0.40350124,0.3025811,0.25004983,0.2827427,0.3761989,0.48862085,0.5985716,0.69592863,0.77541876,0.83456576,0.8730673,0.89257014,0.89650047,0.88979113,0.8783789,0.86837256,0.8649106,0.87099564,0.8868246,0.9100042,0.93652195,0.96194595,0.98238903,0.9950701,0.99852556,0.99258447,0.97820127,0.9572058,0.9320073,0.90527713,0.8796303,0.8573337,0.84006786,0.8287757,0.8236165,0.82402277,0.82883334,0.8364658,0.8450978,0.8528428,0.8579162,0.8587911,0.85434,0.8439516,0.8276083,0.80590874,0.7800171,0.7515247,0.7222184,0.6937678,0.6673795,0.6435068,0.6217145,0.60076475,0.5789028,0.5542456,0.52516043,0.49055552,0.4500624,0.4041328,0.3541001,0.30228204,0.2522327,0.20921418,0.18034947,0.17203571,0.18391603,0.20847629,0.23772031,0.26659212,0.29260302,0.3148815,0.33351442,0.3491095,0.3624605,0.37427348,0.3849653,0.39456356,0.40272614,0.40886796,0.41235846,0.41274783,0.4099861,0.40461087,0.39787382,0.3917548,0.3887744,0.3915197,0.40192473,0.4205946,0.44656393,0.47760513,0.5108236,0.54321355,0.5720321,0.5950097,0.6104579,0.6173231,0.61520904,0.604378,0.5857316,0.5607672,0.53150016,0.50033414,0.46984866,0.44247472,0.4200646,0.40345246,0.3922048,0.38473403,0.3787498,0.37182802,0.3618733,0.34738818,0.32757965,0.3023721,0.27238932,0.23895842,0.20419353,0.17122294,0.14449483,0.12933384,0.12889622
124,0.07674154,0.08908027,0.102910526,0.11632875,0.12786816,0.13643436,0.14125063,0.14183815,0.13802294,0.12996587,0.1182273,0.10390593,0.08893305,0.07656668,0.071394704,0.07662582,0.09062958,0.10914588,0.12864456,0.14684059,0.16229089,0.17410551,0.18181524,0.18531577,0.18483832,0.18092026,0.17435646,0.16611275,0.15718308,0.14838532,0.14013152,0.13226786,0.124105774,0.11471741,0.103532195,0.09142831,0.082804516,0.08713563,0.11210892,0.15586123,0.21337761,0.2809287,0.35569134,0.43507826,0.51646966,0.5971719,0.67448735,0.7458417,0.8089449,0.86196756,0.90371656,0.93379223,0.95270264,0.96190137,0.9637067,0.9610525,0.9570395,0.9543103,0.95437336,0.9570911,0.9605416,0.96131825,0.9551477,0.9376154,0.90482545,0.8539156,0.78342897,0.6935998,0.58668256,0.4676856,0.34678918,0.24807605,0.22372738,0.29409865,0.40555662,0.5211448,0.62580276,0.7124025,0.7774329,0.81989163,0.8409963,0.84407705,0.83441395,0.818839,0.8048954,0.7994199,0.80680126,0.82773286,0.85929215,0.89628476,0.93296194,0.9643254,0.98681444,0.99852204,0.99913365,0.9897168,0.9724249,0.9501444,0.9261019,0.9034485,0.88485646,0.872184,0.8662746,0.8669342,0.87307566,0.88296646,0.8944997,0.9054352,0.9135969,0.91703874,0.9141939,0.9040168,0.8861101,0.86082524,0.8293113,0.79348683,0.75589645,0.71941537,0.68678147,0.6600033,0.6398068,0.6253643,0.6144752,0.6041338,0.5912311,0.57314575,0.5481144,0.5153988,0.47531646,0.42920753,0.37940365,0.32925677,0.28324452,0.24694516,0.22605781,0.22355591,0.23715532,0.26105615,0.28970632,0.31947228,0.3484606,0.37588605,0.40152395,0.4253222,0.44715893,0.46672934,0.48354375,0.49701014,0.50656855,0.5118462,0.5128089,0.5098897,0.50407636,0.496932,0.4905086,0.4871043,0.4888478,0.497184,0.51245403,0.53377336,0.5592565,0.5864438,0.6127367,0.6357288,0.65341467,0.664307,0.66749287,0.6626521,0.6500484,0.63049656,0.6053035,0.5761773,0.5450931,0.5141048,0.48509428,0.45947945,0.43794128,0.42027268,0.40543488,0.39182222,0.37763512,0.36123368,0.34139055,0.3174314,0.28929362,0.25754943,0.22344492,0.18902057,0.1573804,0.13299084,0.12093537,0.123349264
125,0.09988334,0.1103319,0.12117243,0.13087772,0.13822515,0.14231761,0.1425816,0.13877311,0.1310014,0.11978481,0.10617153,0.09198648,0.080209516,0.07490338,0.07904446,0.091612,0.10897168,0.1278132,0.14590812,0.16184323,0.17474641,0.18413489,0.1898334,0.19192013,0.19067858,0.18654528,0.18004838,0.1717356,0.16209354,0.15146466,0.13997665,0.12750532,0.113699295,0.09810884,0.080534264,0.062081493,0.048843045,0.0559261,0.08695323,0.13255966,0.1879813,0.25119233,0.3206885,0.39485502,0.4718094,0.549403,0.62529945,0.6971012,0.762512,0.81952393,0.86661357,0.9029336,0.9284736,0.9441592,0.9518463,0.9541571,0.9541121,0.9545515,0.9574352,0.9632172,0.97053486,0.97634745,0.9764665,0.96627855,0.94145757,0.8985464,0.8353771,0.75135493,0.64767015,0.5275902,0.39734226,0.26990175,0.18243621,0.2060525,0.31002903,0.4280176,0.5365559,0.62662864,0.6939713,0.7371266,0.7570703,0.7571828,0.7432354,0.72315454,0.70619917,0.7011415,0.71362317,0.74412507,0.7882105,0.8387757,0.8885147,0.9314505,0.9635415,0.9827592,0.98892635,0.9834462,0.96896344,0.9489647,0.9273144,0.9077368,0.89329034,0.8859281,0.8862613,0.8935966,0.90621185,0.92174584,0.93757117,0.95108175,0.959894,0.9619956,0.95587635,0.9406578,0.91622204,0.88332534,0.8436724,0.79991305,0.7555052,0.7143623,0.68021405,0.65571856,0.6416076,0.63633126,0.63648057,0.63776124,0.63600814,0.62788856,0.61124074,0.5851518,0.5498939,0.50680256,0.4581527,0.40707344,0.3575241,0.31427255,0.28256798,0.2668757,0.26868024,0.2854742,0.31254688,0.34544674,0.38099515,0.41714734,0.45254865,0.4861708,0.51710314,0.5444782,0.567492,0.58547986,0.5980166,0.60501695,0.6068183,0.60423255,0.5985511,0.5914842,0.5850125,0.58113676,0.5815442,0.5872649,0.5984349,0.6142642,0.6332153,0.6533094,0.67244685,0.68866813,0.7003322,0.7062215,0.7055934,0.69819343,0.6842409,0.6643907,0.63967204,0.61140096,0.58106416,0.5501719,0.5200842,0.49182853,0.46594357,0.4423959,0.42060724,0.3995969,0.378201,0.35530794,0.33005884,0.3019895,0.27112022,0.23802152,0.20390117,0.17077948,0.14180423,0.12143244,0.11404552,0.12002441
126,0.12226736,0.1298661,0.13728923,0.1431597,0.1463656,0.14612336,0.14200468,0.13396189,0.12237631,0.10816581,0.093020625,0.07982581,0.07283149,0.075684175,0.08778253,0.10523963,0.12442373,0.1429618,0.15941629,0.17295322,0.18315914,0.18993562,0.19341922,0.19390371,0.19175851,0.1873472,0.18095715,0.17275259,0.1627605,0.15088998,0.13697577,0.12083063,0.10229438,0.08128912,0.057981357,0.03384709,0.022255743,0.045932297,0.083128035,0.12685803,0.17647217,0.23188426,0.2928319,0.3586694,0.42829335,0.5001457,0.57228047,0.64248645,0.70845586,0.7679882,0.8192154,0.8608297,0.8922916,0.91398555,0.92728126,0.9344449,0.93834454,0.9419229,0.94749135,0.9560205,0.96668226,0.9768368,0.9824679,0.9788885,0.9614916,0.9263909,0.8708918,0.7937948,0.69556457,0.5784199,0.44648704,0.30661762,0.17405707,0.116037466,0.20301323,0.32260138,0.43276036,0.5232495,0.5896528,0.63038605,0.6463645,0.64114064,0.62114525,0.5957725,0.5766799,0.5752234,0.59800196,0.6437336,0.70478487,0.7714017,0.83487016,0.8887496,0.92904514,0.95402306,0.96393675,0.9607186,0.9476274,0.9288237,0.90884686,0.8919943,0.8816641,0.8798089,0.8866858,0.90099585,0.9203278,0.94169897,0.9620132,0.9783696,0.9882482,0.9896324,0.9811161,0.96202177,0.93252915,0.8938025,0.8480892,0.7987441,0.75009847,0.70703936,0.6741592,0.65451896,0.64850336,0.6535264,0.66487503,0.6771283,0.6853703,0.6858658,0.6762846,0.6556698,0.6242916,0.58346534,0.535377,0.4829497,0.429782,0.38016322,0.33905637,0.31165597,0.30194524,0.31067514,0.33491164,0.3699155,0.4111819,0.4551994,0.49935144,0.541628,0.5804191,0.61442536,0.6426532,0.6644558,0.67958546,0.6882387,0.69107467,0.68919677,0.6840862,0.6774793,0.67118543,0.66685694,0.6657464,0.66850704,0.6750985,0.68482697,0.6965027,0.7086582,0.71976566,0.72841316,0.73342574,0.73393595,0.7294148,0.71967477,0.7048516,0.6853707,0.66189766,0.63527495,0.6064442,0.57635516,0.5458684,0.5156599,0.48614445,0.4574339,0.42934537,0.40146255,0.37324092,0.34413663,0.3137371,0.28187805,0.24874605,0.21498266,0.18182872,0.15136461,0.12681744,0.112337425,0.11069576,0.12006306
127,0.14079127,0.14532073,0.14936928,0.15164404,0.15109293,0.14699736,0.1390223,0.12726295,0.112329416,0.095545426,0.07940598,0.06827052,0.067468055,0.07816797,0.09600805,0.11630992,0.13613576,0.15380034,0.16836669,0.17940359,0.18686366,0.19099349,0.19223684,0.19111899,0.18811782,0.1835438,0.17745982,0.16966772,0.15976836,0.14727502,0.13174455,0.11288989,0.09065113,0.06522055,0.037073564,0.00872243,0.027994312,0.062112637,0.098312534,0.13674197,0.17807144,0.22316441,0.27280572,0.32742354,0.38687348,0.45033586,0.5163364,0.5828706,0.6476018,0.7081064,0.7621434,0.80792755,0.84438473,0.8713579,0.88972515,0.9013747,0.9089752,0.9154989,0.9235232,0.934462,0.9479863,0.96187395,0.9723496,0.97476274,0.96436507,0.93700045,0.88962257,0.8206301,0.7300368,0.61950344,0.49225518,0.35292917,0.20754679,0.06686007,0.089770265,0.21457379,0.32433558,0.4119644,0.47395155,0.5088892,0.51769567,0.5040823,0.47526065,0.4428077,0.42254105,0.43007258,0.47148383,0.5396829,0.621484,0.70471483,0.7804066,0.84267527,0.88824797,0.916088,0.92710507,0.92387795,0.9103298,0.8913056,0.8720033,0.8572482,0.8506938,0.854172,0.86746097,0.8885776,0.9144178,0.94143933,0.9661707,0.9855089,0.9968694,0.9982758,0.9884464,0.96690446,0.93411225,0.89161545,0.8421688,0.7897882,0.739617,0.6974087,0.6684122,0.6557576,0.6591197,0.6746972,0.6965924,0.7185766,0.7353272,0.7429698,0.7391659,0.72298926,0.69472563,0.65565854,0.6078732,0.55410963,0.49769846,0.44261175,0.39360496,0.35621595,0.33598462,0.3363565,0.35659885,0.39228714,0.43780425,0.48817062,0.5395078,0.5888798,0.6340667,0.67342854,0.7058542,0.73075503,0.7480692,0.7582511,0.7622283,0.76131904,0.75710285,0.7512512,0.7453325,0.74061847,0.73793244,0.7375735,0.73933566,0.7426112,0.7465428,0.7501818,0.7526189,0.7530719,0.75093013,0.7457654,0.73732126,0.72549313,0.7103049,0.6918882,0.6704634,0.6463225,0.6198104,0.59130377,0.5611853,0.5298165,0.49751046,0.4645108,0.43098164,0.3970134,0.36264774,0.32792097,0.2929251,0.25788498,0.22325633,0.18985948,0.15907748,0.13312031,0.115101084,0.10797552,0.1119196,0.12346605
128,0.1536583,0.15520935,0.15615305,0.1552677,0.15154323,0.14429691,0.13324349,0.11856268,0.101027265,0.08233459,0.06594881,0.058136553,0.06425306,0.081192695,0.102483794,0.12399292,0.14350279,0.15979405,0.17225958,0.18075795,0.18553375,0.18713461,0.18629386,0.18376988,0.18015848,0.17572275,0.17030187,0.16334192,0.15404081,0.14155285,0.12518744,0.104557075,0.079657644,0.05088115,0.018967204,0.015100372,0.050243035,0.085479386,0.12013742,0.15406202,0.18776096,0.22241125,0.25965053,0.3011504,0.34809488,0.40076992,0.45841125,0.5193134,0.5811059,0.64109784,0.69663334,0.74542797,0.7858723,0.8172806,0.84005255,0.8556975,0.8666593,0.87588626,0.88614935,0.89923483,0.9152679,0.9324439,0.9472783,0.955252,0.95160425,0.9320615,0.89339614,0.83379763,0.7530721,0.6527008,0.5357887,0.40696433,0.27245516,0.14202896,0.06310081,0.13959186,0.23512937,0.31210598,0.36404502,0.38856792,0.3859274,0.35934886,0.31635886,0.2719611,0.25223207,0.28196546,0.35661358,0.45383918,0.55597603,0.65200293,0.73496383,0.8006019,0.84682673,0.8734861,0.8822082,0.8762166,0.86006236,0.8392181,0.8194681,0.80606896,0.80279505,0.8111943,0.8304264,0.8577673,0.889466,0.9215362,0.9502667,0.97246784,0.98556906,0.9876726,0.977625,0.9551276,0.9208846,0.87677073,0.82598686,0.77313685,0.72407484,0.68525064,0.6622851,0.65800923,0.67112345,0.6966436,0.72778845,0.75789636,0.78153825,0.7948886,0.79569864,0.7831122,0.7574376,0.7199199,0.6725419,0.6178781,0.5590405,0.49975646,0.44459045,0.3991751,0.36990443,0.36216062,0.37739077,0.41204306,0.45983595,0.5145241,0.57107013,0.6256952,0.67564356,0.7189921,0.7545463,0.7817861,0.8008215,0.8123288,0.8174507,0.81765217,0.8145383,0.80964994,0.8042695,0.7992728,0.79506344,0.791602,0.788518,0.78526807,0.7812944,0.77614725,0.7695504,0.7614072,0.7517582,0.74070925,0.72835255,0.7147013,0.69965327,0.6829901,0.66441005,0.6435828,0.62021285,0.5940969,0.5651651,0.53350145,0.49934223,0.46305758,0.42512116,0.3860764,0.34650746,0.3070233,0.2682633,0.23093571,0.19590123,0.16431805,0.13783583,0.11866928,0.108989514,0.10924561,0.11714646,0.12907527
129,0.15984122,0.15867008,0.15690733,0.15341039,0.14720973,0.13764292,0.124442,0.10781927,0.088638745,0.06891724,0.053269967,0.05012384,0.06273185,0.083633706,0.1063778,0.12778598,0.14619598,0.16070066,0.17091966,0.17692591,0.1791976,0.17854108,0.17595467,0.17241979,0.16864264,0.16482277,0.16055408,0.15491845,0.1467315,0.13483338,0.11833312,0.09676796,0.07018007,0.039135665,0.00533917,0.03245141,0.06974401,0.10616925,0.14037839,0.17154609,0.19960874,0.22547325,0.25106043,0.27902472,0.31207442,0.35208791,0.3994675,0.45304382,0.5104482,0.5686651,0.6245592,0.6753146,0.7187898,0.75379634,0.7802863,0.7994102,0.81338304,0.8250953,0.8374535,0.8525497,0.8709126,0.89114,0.91006905,0.923389,0.926441,0.91497415,0.88573754,0.8368843,0.7682112,0.68127483,0.5794462,0.46803066,0.35481685,0.2522149,0.18321766,0.17630284,0.21616775,0.26216328,0.29305604,0.30050635,0.28169066,0.23709774,0.1705985,0.095659345,0.08734114,0.18196139,0.298782,0.41694236,0.52813476,0.62656456,0.70798486,0.7696751,0.8105302,0.8311136,0.83363724,0.8218535,0.8008327,0.7765659,0.75530356,0.7425803,0.7420879,0.754865,0.7792887,0.8118661,0.84830475,0.8843506,0.9162309,0.94081,0.9556184,0.95887315,0.949542,0.92746574,0.89352924,0.8498594,0.80001354,0.7490734,0.70345056,0.6700557,0.65454996,0.65914875,0.6814935,0.71564955,0.75433666,0.7908006,0.81972736,0.8374614,0.8419001,0.832279,0.8089331,0.7730675,0.72656184,0.67183256,0.6117905,0.54993457,0.49060872,0.43934178,0.40283906,0.3876427,0.39704135,0.4287767,0.47651538,0.53313243,0.5926221,0.65046215,0.70341814,0.74931383,0.786879,0.8156498,0.83587873,0.8484212,0.8545814,0.8559132,0.8539916,0.85018367,0.8454629,0.84031016,0.8347253,0.8283452,0.82063043,0.81107056,0.79935735,0.7854915,0.76980746,0.7529156,0.7355752,0.7185228,0.7022934,0.68707675,0.6726482,0.6583923,0.6434118,0.6266875,0.60724795,0.58431274,0.55739105,0.52632916,0.4913137,0.45284054,0.41166183,0.368723,0.325101,0.28195593,0.24050927,0.20206374,0.16807589,0.14025338,0.12049533,0.110245295,0.10922722,0.11504952,0.124543786,0.13510674
130,0.15894854,0.15540516,0.1514025,0.14589521,0.13796207,0.12695476,0.112600975,0.09510579,0.07536485,0.055671614,0.04204033,0.04464775,0.062090844,0.084655724,0.10723251,0.12749927,0.14418279,0.15659125,0.16450788,0.16816922,0.16824192,0.16575386,0.16194104,0.15798539,0.15467155,0.15208548,0.14952546,0.14569294,0.13905476,0.1282034,0.11211544,0.09029712,0.06284748,0.03051484,0.0075743375,0.04495193,0.08385441,0.121313326,0.15550098,0.18502958,0.20921765,0.22840026,0.24420223,0.25960875,0.27854568,0.3047722,0.34046736,0.385441,0.43743196,0.49301273,0.54846144,0.60037744,0.6460923,0.68395567,0.71352446,0.73563355,0.7522885,0.7663118,0.7807057,0.79781204,0.81850994,0.8417705,0.8647638,0.8834408,0.8933349,0.89033365,0.8712902,0.8344502,0.77971846,0.708812,0.6253531,0.53497773,0.44553927,0.36729002,0.3118307,0.2866463,0.28681445,0.29686245,0.30155677,0.29122683,0.26155907,0.21288846,0.15216011,0.107622445,0.14073473,0.23251009,0.34033826,0.44851664,0.5488997,0.6358388,0.70534897,0.75503635,0.78415203,0.79362565,0.7860399,0.7655266,0.7375508,0.7084994,0.6849395,0.672468,0.6743959,0.6909426,0.7195214,0.7558965,0.7954216,0.83381987,0.86747974,0.89348143,0.90955174,0.91405624,0.9060687,0.8855166,0.85338575,0.8119553,0.7650184,0.71798456,0.67761827,0.65100914,0.6435394,0.65661937,0.6869413,0.72796834,0.7722933,0.81333154,0.84603244,0.86698383,0.874264,0.8672147,0.8462021,0.8123908,0.7675538,0.71394366,0.6542596,0.5917491,0.5304709,0.47566923,0.43393123,0.41225794,0.41526538,0.44221395,0.48738992,0.543324,0.60331607,0.66221845,0.7163635,0.763331,0.8017618,0.83121884,0.852056,0.8652596,0.8722441,0.8746046,0.8738473,0.8711429,0.8671542,0.861983,0.85525024,0.846286,0.83437586,0.81900495,0.8000493,0.7778841,0.75339276,0.72787243,0.7028391,0.6797525,0.6597052,0.64315313,0.6297757,0.6185215,0.6078243,0.59591174,0.5811098,0.5620766,0.537942,0.50835985,0.4734966,0.4339756,0.39079994,0.34526733,0.29889384,0.25336164,0.21051031,0.17238696,0.1413162,0.11972619,0.109129906,0.10849344,0.11434984,0.12299544,0.13191254,0.13975622
131,0.1512277,0.14570071,0.1399366,0.13301344,0.124073155,0.11248268,0.097952776,0.08065625,0.061486635,0.043036904,0.03308083,0.041635536,0.06150521,0.08377989,0.10492721,0.12324618,0.13773379,0.14785588,0.1535215,0.15509726,0.15340585,0.14966625,0.1453227,0.14171599,0.13963601,0.13895653,0.13860615,0.13690645,0.13204786,0.12247624,0.10712352,0.08551759,0.057823315,0.024925536,0.013411913,0.052416533,0.092218,0.13022096,0.16429637,0.19265528,0.21410923,0.22839418,0.23654403,0.2412526,0.24696901,0.2591604,0.28235668,0.31802866,0.36421654,0.41691288,0.4716148,0.52425325,0.57164747,0.6117519,0.64381,0.6684133,0.687408,0.7035666,0.7199736,0.7391809,0.7623667,0.78883386,0.8160697,0.8403082,0.85732776,0.8632268,0.8550373,0.83115274,0.7915931,0.7381407,0.6743694,0.60555434,0.5383603,0.48001435,0.43650803,0.4099388,0.39683828,0.38966128,0.3804288,0.36372983,0.33830464,0.3081726,0.28389242,0.28138295,0.31219694,0.3729405,0.45077443,0.53317255,0.6107065,0.67668843,0.72665054,0.7580916,0.7703717,0.764646,0.743783,0.7122337,0.6758001,0.6411817,0.6151046,0.60293174,0.6071639,0.6268024,0.65813965,0.69632816,0.7366624,0.7751585,0.80862457,0.83453494,0.8509113,0.85629886,0.8498533,0.8315231,0.8022981,0.7644868,0.72196877,0.68029344,0.6463368,0.62707746,0.6273726,0.6477976,0.684345,0.73024523,0.7782666,0.8221758,0.8572792,0.88045514,0.88998693,0.88533574,0.8669039,0.8358132,0.7937193,0.7426901,0.68517894,0.62412775,0.56321925,0.50724304,0.46233013,0.43536592,0.43172947,0.45221248,0.4923306,0.5449007,0.6028872,0.66066426,0.7141732,0.76074415,0.79889905,0.8281843,0.8490048,0.8624255,0.86992395,0.8730982,0.873364,0.87169254,0.8684527,0.86339843,0.85580593,0.8447203,0.8292475,0.80882806,0.78344715,0.7537545,0.72108126,0.68734175,0.6548058,0.62573546,0.6019192,0.584211,0.5722528,0.56452286,0.55870306,0.55219954,0.5426186,0.5280884,0.50741565,0.48011628,0.44636935,0.4069294,0.3630237,0.3162532,0.26851726,0.22198905,0.17917976,0.1431057,0.1173112,0.10467858,0.10447335,0.11184907,0.12161516,0.13058102,0.13734218,0.14155859
132,0.13765332,0.1305174,0.12341908,0.11559734,0.10628254,0.094866686,0.08104093,0.06493821,0.047462817,0.03169921,0.027399877,0.04050713,0.060378034,0.08086571,0.099644296,0.11543014,0.12741701,0.13519683,0.13878393,0.13865557,0.13576984,0.13151331,0.12749971,0.12514701,0.12510899,0.12689807,0.12901469,0.12946719,0.12630497,0.117960125,0.10341423,0.082264364,0.054737695,0.02170223,0.015884178,0.055463903,0.09539053,0.13327795,0.16684042,0.19403979,0.21333127,0.22395885,0.2263273,0.22248773,0.2166855,0.21547186,0.22605845,0.25251526,0.29345006,0.34388265,0.3981766,0.45149568,0.5002085,0.54199475,0.57591033,0.60241413,0.6232773,0.6412765,0.6595969,0.6809837,0.70686847,0.7368278,0.7686182,0.79873127,0.82319,0.8383148,0.8413206,0.8307198,0.806553,0.7704658,0.7256306,0.67647064,0.628101,0.5853889,0.55169165,0.5277265,0.5113507,0.49863526,0.48570138,0.4704402,0.4536491,0.43944445,0.43455398,0.44580376,0.47636938,0.52373624,0.5811695,0.6406194,0.6947286,0.7376855,0.765491,0.7760183,0.769002,0.74598813,0.7102475,0.6666387,0.6213571,0.58140206,0.5534862,0.5423173,0.54899925,0.5708831,0.60310847,0.6405089,0.67871827,0.7144059,0.74507415,0.7687762,0.78393114,0.7892939,0.78407234,0.76815957,0.7424364,0.7090978,0.67193514,0.6364244,0.6092991,0.5971726,0.60424143,0.6303538,0.6711108,0.71983206,0.7696796,0.8148886,0.85118216,0.8757625,0.8871396,0.8849068,0.8695075,0.84201384,0.8039438,0.75714344,0.70376456,0.64636505,0.58814466,0.53328335,0.48720324,0.4562502,0.44604748,0.45874196,0.49151736,0.5381275,0.59164166,0.6461487,0.6972491,0.7420091,0.778789,0.8070635,0.8272301,0.8403778,0.8480027,0.85167855,0.8527234,0.8519244,0.84939045,0.8445729,0.83644706,0.8238018,0.8055634,0.7810899,0.7503954,0.71428686,0.674405,0.6331567,0.59350526,0.55856717,0.53099155,0.5122277,0.5019857,0.49823663,0.4977978,0.49716872,0.49322847,0.4836299,0.46693373,0.44258448,0.4108125,0.37250826,0.32909706,0.28243366,0.2347448,0.18867034,0.1474919,0.11555291,0.09787937,0.09621156,0.1052205,0.11748257,0.12835617,0.13584165,0.13944882,0.13951665
133,0.12015216,0.11172696,0.10360124,0.09523217,0.08598621,0.075309426,0.06288931,0.048844628,0.03420919,0.023098992,0.025695732,0.040461436,0.058417853,0.076068245,0.09183823,0.10472708,0.11408512,0.11961641,0.121433124,0.12011619,0.116749205,0.11286149,0.11016335,0.10998574,0.112620525,0.117076576,0.121473506,0.12368204,0.12179558,0.11436685,0.1005064,0.07992012,0.052918322,0.02044828,0.0166634,0.05555201,0.09470787,0.13167913,0.16410299,0.18981251,0.20704915,0.21471368,0.2126854,0.20229226,0.18707785,0.17384446,0.17249326,0.19097538,0.2286491,0.27856362,0.3334055,0.3875935,0.43725455,0.48000968,0.5149089,0.54242456,0.56437016,0.5836158,0.6035027,0.62697935,0.6556916,0.6894123,0.7260757,0.7623492,0.79443496,0.8188192,0.83283514,0.8350224,0.8253055,0.80500585,0.7766845,0.74379313,0.71011436,0.67902577,0.6527448,0.6318559,0.6154162,0.6016852,0.5891905,0.5777061,0.56879187,0.56563574,0.5720324,0.590682,0.6216322,0.6618601,0.70614046,0.74843436,0.78306454,0.8054589,0.8125527,0.8029822,0.7771556,0.73724467,0.6871208,0.6322244,0.5792787,0.5355978,0.5076245,0.49880818,0.50818026,0.5311614,0.5619534,0.59550494,0.6282049,0.6577082,0.6824678,0.70130426,0.71315247,0.7170222,0.71215075,0.69829667,0.67610914,0.6475118,0.6160172,0.5868054,0.5662301,0.5603528,0.57268584,0.602542,0.6454261,0.6949916,0.74493647,0.7900373,0.82647413,0.8518015,0.8647773,0.86514145,0.85338056,0.83050424,0.79786015,0.75701857,0.70975405,0.65814555,0.60479826,0.55315346,0.5077583,0.47414985,0.4577832,0.46185002,0.48539716,0.52369326,0.5704172,0.61962724,0.6666573,0.70829445,0.7426852,0.7691677,0.788066,0.800436,0.8077511,0.8115421,0.8130361,0.81286734,0.8109347,0.80644494,0.7981265,0.78454876,0.76446575,0.73712164,0.7024822,0.6613854,0.61561316,0.56788075,0.52170545,0.48105514,0.44963276,0.4297883,0.42149293,0.42215472,0.42753798,0.4331104,0.4350296,0.4305639,0.41813603,0.39720362,0.36809376,0.3318394,0.2900376,0.24474776,0.1984714,0.15431333,0.116529524,0.09134785,0.084701255,0.093748,0.10873214,0.122710034,0.13261816,0.13747777,0.13739027,0.13311066
134,0.10210127,0.09268682,0.083695516,0.0748826,0.06584395,0.056161672,0.045594495,0.03437394,0.024048446,0.019988108,0.027378323,0.040823128,0.055617988,0.069791995,0.08220663,0.09206768,0.09886401,0.102410436,0.10292062,0.1010825,0.09809637,0.09557842,0.09517004,0.09783176,0.103260055,0.10997802,0.1159489,0.11915082,0.117889844,0.11093473,0.097579695,0.07768879,0.051781148,0.021832893,0.019577792,0.055100035,0.0922593,0.12731251,0.1577546,0.18135503,0.19625452,0.20115581,0.1955718,0.18020555,0.15770663,0.13438196,0.12268806,0.13647346,0.17507887,0.22720616,0.28362235,0.33855736,0.38836446,0.43090716,0.4654295,0.49256822,0.5143079,0.5337266,0.5544116,0.5795556,0.6109872,0.6485746,0.6902909,0.7328377,0.7724697,0.80572724,0.8299557,0.8436139,0.8464016,0.83922726,0.8240234,0.8034128,0.7802478,0.75709087,0.7357653,0.7171442,0.7012944,0.6879517,0.67714316,0.6696898,0.66732955,0.6723042,0.68645495,0.71018726,0.7418474,0.7778417,0.8133558,0.843269,0.86294913,0.8688223,0.85873395,0.832155,0.7902759,0.7360221,0.67400867,0.61040735,0.55257386,0.5080576,0.48258853,0.4776372,0.48969266,0.5123736,0.5393915,0.5662024,0.5902051,0.6102314,0.6258746,0.63691473,0.64296484,0.64338714,0.6374655,0.6247646,0.6055842,0.5814151,0.55529755,0.531903,0.517008,0.5160141,0.53181154,0.5633928,0.606407,0.65500474,0.70350486,0.7472689,0.7829654,0.80852836,0.82298756,0.82624364,0.8188257,0.80165833,0.77587175,0.74268854,0.70341444,0.6595468,0.6129944,0.56637174,0.5232726,0.48830065,0.46646225,0.461621,0.47461805,0.50264484,0.54051656,0.58259124,0.62405294,0.6614044,0.6925213,0.716531,0.73361146,0.7447243,0.75128084,0.75475687,0.75630695,0.7564577,0.75496125,0.75085,0.7426695,0.72881544,0.7078874,0.67899585,0.6419921,0.59762233,0.547623,0.4947741,0.44289863,0.3966992,0.3611345,0.33996376,0.33380634,0.339392,0.35105547,0.3630232,0.37077257,0.37134424,0.36317927,0.34585628,0.3198528,0.28635216,0.24709655,0.20430285,0.16070688,0.119937845,0.087679245,0.07266679,0.078529164,0.09517519,0.112420045,0.1256536,0.13321505,0.13478762,0.13081026,0.122259066
135,0.08901564,0.07918173,0.06959516,0.06035524,0.0514157,0.04267841,0.03420034,0.026625773,0.022018585,0.02351487,0.030914249,0.041196205,0.05219794,0.0626454,0.07166385,0.07862583,0.08315397,0.085181184,0.08503311,0.083505265,0.08186996,0.08167011,0.08416553,0.08964588,0.09720792,0.10517137,0.11165093,0.11492259,0.11359611,0.10670256,0.09376335,0.07489011,0.051105194,0.026770974,0.02757551,0.057108566,0.09066472,0.12256688,0.14997566,0.17059922,0.18255164,0.18445925,0.17563419,0.15634297,0.1284115,0.097224765,0.07826328,0.09501238,0.14074723,0.19700131,0.25473714,0.30925888,0.35763395,0.39816713,0.43040654,0.45524722,0.4749517,0.49293151,0.51314545,0.53910905,0.572817,0.6141122,0.66082346,0.70949507,0.7562667,0.7975943,0.8307245,0.8539516,0.8667051,0.8694956,0.8637372,0.85146403,0.8349731,0.81645864,0.79772556,0.78007495,0.76441044,0.75152355,0.7424229,0.73851496,0.7414662,0.7526983,0.7726781,0.8003388,0.83294207,0.86643714,0.89612406,0.91736877,0.926211,0.9198176,0.8967891,0.85734767,0.80343336,0.73873174,0.6686387,0.6000967,0.5410493,0.49899012,0.47834432,0.47810617,0.49234548,0.5134463,0.53507996,0.5533469,0.5666118,0.5748324,0.57878566,0.57936555,0.5770765,0.5718259,0.5630531,0.5501347,0.53293663,0.5123716,0.4908272,0.47227973,0.46178243,0.46403915,0.48142612,0.51280975,0.55415195,0.60019517,0.64592224,0.6873071,0.7215343,0.7469478,0.76287574,0.769394,0.767067,0.7566991,0.73913777,0.71516806,0.68552417,0.6510239,0.6128059,0.5726241,0.5331269,0.49798152,0.47159517,0.45813632,0.45994556,0.4762954,0.503616,0.53697085,0.5715767,0.6036715,0.6308031,0.6518065,0.6666323,0.6760819,0.6814634,0.6841895,0.6853687,0.6854768,0.6841952,0.6804635,0.67271817,0.6592374,0.6384967,0.6094703,0.5718495,0.52618647,0.47398925,0.4178132,0.36139417,0.30981356,0.26938015,0.24616925,0.24238606,0.2537866,0.27237648,0.2907881,0.30398938,0.30908906,0.30477703,0.29088765,0.26810786,0.23777781,0.20175804,0.16238289,0.12261866,0.086857736,0.06325658,0.062182046,0.07837008,0.09806075,0.11450905,0.12527966,0.1296114,0.12757066,0.119768165,0.107258126
136,0.08744119,0.07831354,0.068993025,0.059837222,0.051145013,0.043203443,0.036405876,0.03142837,0.029257497,0.030600285,0.03506196,0.041441273,0.04853095,0.055388257,0.06131051,0.065810025,0.068639934,0.06985609,0.069891386,0.06959743,0.07015324,0.0727121,0.077843875,0.0851792,0.09355934,0.101459175,0.10733701,0.10983235,0.10787833,0.1007909,0.0883773,0.071151465,0.05106579,0.034990493,0.039806172,0.06365687,0.0923258,0.11986041,0.14312387,0.15977573,0.16795757,0.1663161,0.15411177,0.13139105,0.09940978,0.062727205,0.044144798,0.07807893,0.13287708,0.1914093,0.24834831,0.30045265,0.34543315,0.38195515,0.40983427,0.4302381,0.445778,0.4603307,0.47839624,0.5039506,0.539172,0.5837487,0.6351506,0.6895447,0.74277407,0.7910771,0.831513,0.8621692,0.8822153,0.8918403,0.8920942,0.88465387,0.8715456,0.85487396,0.8366161,0.81853676,0.8022381,0.78930026,0.78140056,0.78027034,0.7873951,0.8035005,0.8280326,0.85890275,0.89263654,0.9248574,0.9509141,0.9664869,0.96808857,0.9534423,0.92174625,0.87384456,0.81232196,0.7415396,0.6675952,0.5980839,0.54128325,0.50416636,0.4893999,0.4935992,0.50912637,0.52782756,0.5435979,0.55307436,0.55530685,0.5510873,0.5421931,0.5306298,0.5179689,0.50493103,0.491351,0.4765443,0.459941,0.44177684,0.42363822,0.40865657,0.40106618,0.40488443,0.42209232,0.4515789,0.4897177,0.5318826,0.57373613,0.6118832,0.6440542,0.6690388,0.68649435,0.6966852,0.7001937,0.6976492,0.6895278,0.6760691,0.6573319,0.6333794,0.6045526,0.5717773,0.53684145,0.5025636,0.47271013,0.45144546,0.44217038,0.4461122,0.46165305,0.48501825,0.51172906,0.5378244,0.56047577,0.57813716,0.5904406,0.59795195,0.6018298,0.60341424,0.60379875,0.60347396,0.60213804,0.59873056,0.5916642,0.5791678,0.5596392,0.53193647,0.49557906,0.450866,0.39894018,0.34185177,0.28271845,0.2261713,0.17930306,0.15204331,0.15122737,0.1706251,0.19723669,0.22177245,0.2393845,0.2478294,0.24636291,0.23521854,0.21533953,0.18821897,0.15580925,0.120548375,0.08575727,0.057451226,0.04796338,0.061272644,0.08196601,0.100646935,0.11412184,0.121258385,0.1218039,0.11604332,0.10466601,0.088708535
137,0.09923357,0.09146026,0.08291739,0.07406193,0.065330274,0.05714109,0.049917668,0.0441169,0.04021498,0.038569696,0.039180502,0.04158762,0.04505733,0.048846923,0.052357435,0.055194836,0.057209585,0.05853993,0.059639875,0.061233442,0.06411851,0.068825155,0.0753175,0.08295685,0.09070049,0.09734845,0.10173015,0.10283343,0.09991032,0.09259302,0.081071384,0.066485964,0.052044824,0.045329645,0.05422224,0.07449218,0.098262645,0.120817095,0.13915257,0.15101042,0.1546375,0.14878705,0.13279271,0.106687464,0.07153368,0.03244077,0.037962545,0.08975968,0.14737229,0.20491175,0.25912145,0.30734968,0.34757456,0.37864044,0.400539,0.414679,0.4240571,0.4331444,0.4472022,0.47089043,0.5066518,0.55389917,0.6095087,0.6690419,0.7278778,0.78193223,0.82802486,0.86403126,0.8889048,0.90260816,0.9059718,0.9004984,0.88813734,0.8710685,0.8515351,0.83175737,0.81392753,0.8002359,0.7928329,0.7936252,0.8038766,0.82372415,0.85183316,0.885382,0.92039585,0.95229465,0.97648627,0.98889685,0.98639995,0.9671422,0.9307787,0.8786305,0.8137799,0.74110574,0.6672169,0.6000897,0.54793566,0.516784,0.5075081,0.51498705,0.53076184,0.5466819,0.556966,0.55861086,0.5510295,0.53546077,0.51431066,0.49044806,0.46648392,0.4441549,0.42401332,0.40559286,0.38802338,0.37085405,0.35477537,0.34196562,0.33578455,0.33960077,0.35510686,0.3813106,0.41503373,0.45227915,0.4893867,0.5236101,0.55326307,0.5776274,0.59672743,0.6110238,0.6210794,0.62726223,0.6295573,0.6275373,0.6204984,0.60772026,0.5887852,0.5638912,0.53411126,0.501558,0.46939304,0.44155404,0.4220196,0.4135892,0.41669714,0.42917544,0.4472285,0.46683872,0.48477453,0.49901345,0.5087637,0.5142666,0.51647246,0.516631,0.5158498,0.5147055,0.5130118,0.50981534,0.5036042,0.49264154,0.47531408,0.45041463,0.41732752,0.37611875,0.32755142,0.27305937,0.21473613,0.15550481,0.10021797,0.061751425,0.066981636,0.10089595,0.13607484,0.16453457,0.18382697,0.19314817,0.19255121,0.18270986,0.16480362,0.14044487,0.111665696,0.08111335,0.053171437,0.038357705,0.047652245,0.067790486,0.08718275,0.10208838,0.11113421,0.11383795,0.11024126,0.10077441,0.08617615,0.067432486
138,0.119442925,0.11259184,0.10435926,0.09521059,0.085610434,0.07601096,0.06685023,0.0585598,0.051570754,0.04628972,0.043006163,0.041742813,0.042176485,0.043748625,0.04588557,0.0481699,0.050418194,0.052695308,0.055278003,0.05855267,0.06284546,0.06824067,0.07447961,0.08098278,0.08695638,0.09152173,0.09383648,0.09320774,0.08921336,0.08186422,0.071885586,0.061292652,0.054307047,0.05650401,0.06907194,0.08765818,0.10760079,0.12552832,0.13891171,0.14574838,0.14448935,0.13407558,0.11401894,0.084544145,0.047222577,0.019143797,0.059530847,0.1145839,0.17162341,0.22712794,0.27817187,0.32221875,0.3573172,0.38237613,0.39747664,0.40420017,0.40590444,0.40773728,0.41596484,0.4362581,0.47150174,0.5207303,0.57997257,0.64395946,0.7074711,0.7660395,0.8162335,0.85574234,0.88336194,0.89891803,0.9031364,0.8974724,0.8839185,0.86481786,0.8427129,0.8202475,0.800113,0.784984,0.7773596,0.77924,0.7916656,0.8142828,0.8451571,0.8809445,0.9173491,0.9496975,0.97349167,0.984877,0.9810143,0.9603677,0.9229166,0.8703051,0.80593336,0.73498243,0.664297,0.60187507,0.55546486,0.52996635,0.52483255,0.53403825,0.5490341,0.56200564,0.5675238,0.56281245,0.54741585,0.5226979,0.49129707,0.45653605,0.42177048,0.3897089,0.3618562,0.33833662,0.31828365,0.3006898,0.2853352,0.2733792,0.2672765,0.26979384,0.28242186,0.30433202,0.332775,0.36434478,0.3960463,0.4258088,0.45258683,0.4762217,0.49715078,0.51602393,0.5333046,0.54895824,0.5623206,0.5721788,0.5770268,0.5754089,0.56626606,0.54923,0.5248375,0.49465978,0.46133217,0.4284333,0.40008625,0.3801145,0.37080777,0.3719341,0.38086227,0.39378056,0.4070712,0.41813394,0.42562726,0.42935738,0.42998645,0.42863747,0.42644873,0.4241532,0.42179057,0.41864073,0.41338855,0.40443835,0.39025924,0.36966994,0.34202346,0.30729195,0.26607192,0.2195346,0.1693548,0.1176931,0.06763649,0.029205887,0.04322013,0.07860995,0.10969098,0.13303486,0.14760481,0.15316457,0.15004387,0.13905856,0.12146171,0.09893507,0.07373632,0.049544405,0.034994416,0.041460585,0.059565388,0.07797525,0.09273379,0.10230286,0.10602958,0.103776954,0.09579675,0.08265683,0.06517958,0.044385683
139,0.14202909,0.1354953,0.12705511,0.11715121,0.10624771,0.09481512,0.0833228,0.072241485,0.062056374,0.053282697,0.046453882,0.04202003,0.040128633,0.040455576,0.04233726,0.04510231,0.048295625,0.051718153,0.055365376,0.059326015,0.06366777,0.06833582,0.07309329,0.07751934,0.08105861,0.083103605,0.08309626,0.08064791,0.07569583,0.06874525,0.061282158,0.05629099,0.057726994,0.06732811,0.08289575,0.10089947,0.118290976,0.13261198,0.14182286,0.14424542,0.13859876,0.12408668,0.100544594,0.06886096,0.03430452,0.038023148,0.08537182,0.140331,0.19629543,0.24980626,0.29790753,0.3380447,0.36825198,0.38742107,0.39562452,0.39449465,0.387627,0.3808133,0.38152948,0.39689454,0.43055266,0.48107597,0.54335034,0.6110518,0.67827046,0.7401473,0.7930312,0.8344759,0.8631848,0.87892264,0.8823919,0.87507904,0.8590809,0.83693457,0.81147116,0.7857054,0.762742,0.7456437,0.73717844,0.7394028,0.753159,0.77769804,0.8106354,0.84827346,0.8861412,0.91956884,0.9441929,0.9563642,0.9534734,0.93420553,0.89873546,0.8488677,0.7881198,0.72172546,0.6564542,0.59997237,0.5592966,0.538282,0.535533,0.5448626,0.55812776,0.5680357,0.56951654,0.5599472,0.5388734,0.5075857,0.46866322,0.4254929,0.3817427,0.34076798,0.30498868,0.27541068,0.25160044,0.23230638,0.21650317,0.20430891,0.19725023,0.1975389,0.20653544,0.22356905,0.24623379,0.27163774,0.2974394,0.32230246,0.34592927,0.36883134,0.39191326,0.41595557,0.44114423,0.4668079,0.49144393,0.51298535,0.5291863,0.5380096,0.5379501,0.52827054,0.5091542,0.48178452,0.44836214,0.4120502,0.3767908,0.34684741,0.32588553,0.31569332,0.31533796,0.3216518,0.33073205,0.3392923,0.34528244,0.3479319,0.34750512,0.34492946,0.34136012,0.33774066,0.33445337,0.331165,0.32691538,0.32039434,0.3102856,0.29556975,0.27573532,0.25090003,0.2218757,0.19022828,0.15840557,0.12998648,0.10975521,0.10203421,0.10646988,0.11748494,0.12906843,0.1373204,0.14020507,0.13692054,0.1275126,0.11268037,0.09371659,0.07265435,0.053005412,0.041656822,0.045715313,0.05997943,0.075857595,0.089183696,0.09810399,0.10174392,0.09979043,0.09234285,0.0798368,0.062989846,0.042771664,0.020585148
140,0.16280743,0.15625767,0.1474016,0.1366475,0.12444691,0.11127951,0.09764376,0.08405754,0.07107335,0.059312586,0.049508955,0.04249041,0.038916808,0.03874757,0.04108413,0.044757474,0.04888831,0.05299349,0.05687667,0.060496744,0.063856915,0.06691727,0.06953699,0.0714557,0.07231848,0.071741536,0.06941542,0.065254875,0.05963335,0.053772625,0.05021228,0.052346185,0.0617466,0.07673839,0.094455846,0.112315655,0.12813541,0.14000936,0.14627308,0.14555117,0.13685788,0.11975853,0.09471883,0.064469084,0.04253528,0.06217331,0.108819686,0.16248783,0.21688701,0.26827532,0.3135525,0.3500787,0.3758133,0.38955653,0.3912633,0.38244987,0.36671954,0.35030037,0.34195474,0.35080191,0.38179645,0.4329817,0.49770504,0.5683461,0.6382672,0.7022717,0.75656337,0.7986342,0.82716334,0.84191644,0.8436262,0.8338486,0.8148012,0.78920174,0.7601233,0.7308749,0.70488364,0.68551683,0.6757589,0.677718,0.6920864,0.7178167,0.7522072,0.79134905,0.830719,0.86573386,0.892198,0.90665513,0.90666944,0.89105374,0.8600493,0.81545615,0.7607039,0.70082724,0.6422306,0.5919783,0.5562613,0.5381543,0.53598875,0.5439701,0.55466855,0.56141055,0.55948514,0.5463836,0.52158916,0.48621866,0.44262776,0.39400437,0.34394616,0.29600295,0.25316426,0.21731748,0.18885534,0.16679095,0.14959237,0.1363776,0.12770665,0.12528735,0.13043652,0.14255151,0.1593422,0.17828494,0.19771612,0.2172033,0.2374462,0.2598391,0.28577492,0.31591725,0.34976083,0.3856417,0.4210848,0.4532657,0.47943264,0.49723572,0.50496465,0.50170785,0.48744693,0.46309713,0.430505,0.39241308,0.35238457,0.31462613,0.28352422,0.26262,0.25314406,0.2532493,0.25900763,0.26632223,0.27221403,0.2751529,0.2748687,0.27198678,0.2676118,0.26289892,0.25866517,0.25513664,0.2519176,0.24818458,0.24300726,0.23566905,0.22590451,0.21402879,0.20096037,0.1881246,0.17719114,0.1696016,0.16598453,0.16579248,0.16746998,0.16902696,0.16861096,0.16484511,0.15695363,0.14477785,0.12876381,0.109984145,0.09027792,0.07262868,0.061517637,0.060909186,0.06930501,0.08123601,0.09232378,0.10009008,0.103234686,0.101165935,0.0937832,0.08136512,0.064494655,0.043994248,0.020863263,0.003846659
141,0.1791484,0.17251559,0.16330287,0.15188046,0.13868034,0.12418211,0.108903624,0.093400255,0.078280106,0.0642459,0.052171715,0.04316411,0.038331263,0.037918232,0.040735334,0.045059394,0.049623534,0.053750154,0.05715354,0.05976149,0.06159329,0.062672526,0.0629659,0.062353108,0.06063749,0.057605907,0.053150754,0.047494482,0.041624058,0.03798869,0.04028451,0.050126094,0.06554196,0.08381233,0.10273951,0.120479025,0.13534695,0.14578076,0.15039112,0.14806698,0.13813262,0.12061829,0.09692709,0.072177336,0.062259223,0.08491666,0.12858178,0.17960842,0.23155342,0.28032714,0.32263744,0.3557219,0.377425,0.3863973,0.38237658,0.36658266,0.3423144,0.31581095,0.29692474,0.29742453,0.32458374,0.3758951,0.44254228,0.51531434,0.5868767,0.65182024,0.7063233,0.7479101,0.77530605,0.7883288,0.78777283,0.7752731,0.753151,0.72425723,0.69182867,0.6593671,0.63051486,0.60885847,0.5975617,0.59880555,0.6132029,0.6395124,0.6748377,0.7151817,0.7560712,0.79307365,0.8221821,0.8401107,0.8445372,0.8343081,0.80960554,0.7720678,0.7248468,0.6725596,0.62102455,0.5765564,0.5445751,0.5277078,0.52448684,0.52988076,0.5373475,0.54087687,0.536108,0.5206223,0.49380916,0.45656833,0.4109608,0.35984597,0.3065168,0.25433618,0.20636794,0.16498528,0.13145755,0.10564455,0.08617059,0.07140782,0.060898658,0.056023777,0.058333486,0.066709995,0.07807646,0.09001591,0.10186207,0.11478944,0.13134612,0.15424511,0.18490466,0.22281836,0.26594204,0.31139043,0.3559769,0.396566,0.43032095,0.4548966,0.4685909,0.47045574,0.46036354,0.43903065,0.40800437,0.3696271,0.32699612,0.28392944,0.24487872,0.21451433,0.19642664,0.1910505,0.19498593,0.20312884,0.2112022,0.216691,0.21867535,0.21738414,0.21376161,0.20907353,0.20454295,0.20104682,0.19894937,0.19813348,0.1982043,0.19875276,0.19955541,0.20064083,0.20221724,0.20450163,0.20752387,0.21098942,0.21425848,0.2164412,0.21656136,0.21372965,0.20728868,0.19691697,0.1826972,0.16516432,0.14535566,0.124891765,0.10609217,0.091946036,0.08524994,0.08650948,0.09303856,0.100997254,0.10732428,0.1100891,0.108241774,0.101368114,0.08953613,0.07320648,0.053207103,0.030976465,0.0128699755,0.026110522
142,0.1894104,0.18281496,0.17348836,0.16176285,0.14804581,0.13280733,0.11657122,0.09991328,0.08347419,0.068000406,0.054430038,0.04399791,0.03807484,0.03715938,0.03992356,0.04425379,0.048603896,0.052166667,0.05461056,0.055866245,0.055994168,0.055093527,0.05323318,0.05040584,0.046519198,0.041444495,0.035163794,0.028163506,0.022589903,0.023675578,0.03388486,0.049695015,0.06823415,0.087800235,0.10699028,0.12442385,0.13871269,0.14851928,0.15266043,0.15025018,0.1409076,0.12512778,0.10514136,0.08712434,0.08393094,0.10528275,0.14443475,0.19138543,0.2397637,0.28520656,0.3242382,0.35396868,0.37211385,0.37714425,0.36851218,0.34698805,0.31522855,0.2788341,0.24801603,0.23772699,0.25955728,0.31062979,0.3787962,0.45284992,0.5249005,0.58954215,0.643092,0.68321675,0.7087599,0.719633,0.7167082,0.7016896,0.67696315,0.6454412,0.6104206,0.5754672,0.5443058,0.5206396,0.5077772,0.5080171,0.52199274,0.54838663,0.5842247,0.6255259,0.6679449,0.7072401,0.7395933,0.7618522,0.77174056,0.7680456,0.7507756,0.7212722,0.6822588,0.6377811,0.59294814,0.55330163,0.5236402,0.50645834,0.50083,0.50270903,0.5065248,0.50693583,0.49991012,0.4830954,0.4557687,0.41859895,0.37333843,0.32248956,0.26896703,0.21576926,0.1656706,0.12094482,0.08312845,0.052839875,0.02972454,0.012949779,0.007377054,0.01648503,0.026145585,0.033724673,0.037663043,0.036541298,0.029946497,0.022423273,0.03237703,0.062195636,0.10246354,0.14930354,0.19994387,0.25159612,0.3013919,0.34651795,0.38439322,0.41284242,0.43024448,0.4356436,0.42881674,0.4102959,0.38135168,0.34395072,0.30071306,0.25491235,0.21057735,0.1726827,0.14688836,0.13714348,0.14163986,0.15370221,0.16700663,0.17786373,0.18478058,0.1876609,0.1872507,0.18476626,0.1816029,0.17907809,0.17821497,0.17960927,0.18341945,0.18946418,0.19735543,0.20659447,0.21660614,0.22673418,0.23623459,0.24429342,0.25007528,0.25279525,0.25180072,0.24665056,0.23718378,0.223574,0.20637159,0.18653893,0.16548464,0.14508635,0.12762414,0.11539155,0.109731324,0.10999344,0.113708474,0.11790843,0.12016773,0.11888852,0.113221295,0.10293066,0.08830853,0.070190795,0.050301455,0.033160508,0.03109968,0.047342617
143,0.19264689,0.1863294,0.17724787,0.165698,0.15205804,0.13677832,0.120372795,0.10341588,0.08655109,0.07052288,0.056248643,0.044920057,0.037914105,0.03591789,0.03778791,0.041328702,0.044822834,0.047355272,0.04855517,0.048364133,0.0468944,0.04433126,0.040850755,0.03654734,0.03138348,0.025182622,0.017692953,0.008899668,0.0056012464,0.017659476,0.03304968,0.050396178,0.06903963,0.0881583,0.106740944,0.12363238,0.13760887,0.14747767,0.15220273,0.15106833,0.14391519,0.13154319,0.11649974,0.1044651,0.104547575,0.122953855,0.15647891,0.19802342,0.24169274,0.28302765,0.31842938,0.34490684,0.36006165,0.36218745,0.35043323,0.3250423,0.28777263,0.2428363,0.19920632,0.17441362,0.18843935,0.23926373,0.3087734,0.38317877,0.45440495,0.51738864,0.5687903,0.60653764,0.6296592,0.63819385,0.63309777,0.6161231,0.5896702,0.5566291,0.52023584,0.48396468,0.45145178,0.42637578,0.4121382,0.41122288,0.4244286,0.45051062,0.4865326,0.52861017,0.5725708,0.6143713,0.6503543,0.6774466,0.6933451,0.6966934,0.68723404,0.6659183,0.63495123,0.59773815,0.55866116,0.5225628,0.4938076,0.47500944,0.46599877,0.46382606,0.4639117,0.46155417,0.45300964,0.4359595,0.40955195,0.3742283,0.33145678,0.28343132,0.23276462,0.18219805,0.1343641,0.09168693,0.056745674,0.034406904,0.032784507,0.044474885,0.05772242,0.06952066,0.07924429,0.08627052,0.089640535,0.08832404,0.081759624,0.07082593,0.060157493,0.06138474,0.083553806,0.121106535,0.16648057,0.2148172,0.26250413,0.3064604,0.34400263,0.3728967,0.39145222,0.39860687,0.3939792,0.3778831,0.35130438,0.3158491,0.2736847,0.2275191,0.18072131,0.13782743,0.10571377,0.09322793,0.10187343,0.12137904,0.14226894,0.16010565,0.1733533,0.18188852,0.18634573,0.18779418,0.18753085,0.18690957,0.18717724,0.18931697,0.19392309,0.2011432,0.21070322,0.22199406,0.2341791,0.24629326,0.25732547,0.2662897,0.27229166,0.27459258,0.2726701,0.26627165,0.25545916,0.24064244,0.22260258,0.20250456,0.18189152,0.1626257,0.14668433,0.1356765,0.13012522,0.12903047,0.1302531,0.13140526,0.13052332,0.12631185,0.11814644,0.10602373,0.09056739,0.07321967,0.056942027,0.047635265,0.051715516,0.066735044
144,0.1884716,0.18273997,0.17432505,0.16348729,0.15057084,0.1359949,0.12024572,0.103871465,0.087484546,0.071778566,0.057570223,0.045859944,0.037787072,0.034084924,0.03410011,0.035975277,0.03797699,0.03909369,0.038907904,0.0373803,0.034708183,0.03123198,0.027352717,0.023440864,0.019750876,0.016431093,0.013844058,0.0133584365,0.017068045,0.02523849,0.03688503,0.051174313,0.06735454,0.08457475,0.101839006,0.11803253,0.13198733,0.14257725,0.1488422,0.15015166,0.14643379,0.13852803,0.1287429,0.12151321,0.12302172,0.13777456,0.16494808,0.19999702,0.23792906,0.27444327,0.30592698,0.32934326,0.34221894,0.34270927,0.3297035,0.30296037,0.26331684,0.21317276,0.15812887,0.113473356,0.11375913,0.16526778,0.23629986,0.30985457,0.37861565,0.43835497,0.4862963,0.5207324,0.5409288,0.5470738,0.54020685,0.5221055,0.49513572,0.46208337,0.42599702,0.39008018,0.35765484,0.33215275,0.31695262,0.31480443,0.32690305,0.3523003,0.3882256,0.43093732,0.47643116,0.5208233,0.56055725,0.59256935,0.61446095,0.6246696,0.62262106,0.6088395,0.58499736,0.55387866,0.5192087,0.4852644,0.45615718,0.43479693,0.4218866,0.4156097,0.41234952,0.40797907,0.39897195,0.38299125,0.3590358,0.32733497,0.28913134,0.24642715,0.20174494,0.15796338,0.118347265,0.086968504,0.06906541,0.06749982,0.077062316,0.09053433,0.10439185,0.11748411,0.12929018,0.13917279,0.14626192,0.14967439,0.14889704,0.14426446,0.13753027,0.13240427,0.13423903,0.14747298,0.17240097,0.20555064,0.2423538,0.27865547,0.3110281,0.33675703,0.35381636,0.3608694,0.3572718,0.34305707,0.31889743,0.28603962,0.2462295,0.20165701,0.15501404,0.10999265,0.073525004,0.060698967,0.07773273,0.105925836,0.13364638,0.15730514,0.17591368,0.18949008,0.1985789,0.2040455,0.20695035,0.20844784,0.20968711,0.2117029,0.21529622,0.2209244,0.22863404,0.23806328,0.24851267,0.259058,0.26867333,0.2763437,0.28116038,0.28239882,0.27958113,0.27252474,0.26137736,0.24663894,0.22916953,0.2101781,0.19117604,0.17385341,0.15980981,0.15010566,0.14478992,0.1427731,0.1422296,0.14123248,0.13822334,0.13221669,0.12284663,0.11038115,0.095801525,0.081048585,0.06944598,0.06539218,0.071160115,0.08418006
145,0.17698468,0.1721712,0.1648618,0.155282,0.14373596,0.13059925,0.1163111,0.10136688,0.08631302,0.0717471,0.058325626,0.04677321,0.03784544,0.03209872,0.029382164,0.02860691,0.028366143,0.027646992,0.026009208,0.023510123,0.02065775,0.01841228,0.017923933,0.01961377,0.022710951,0.026114859,0.029103538,0.03150342,0.03375959,0.036939695,0.04239324,0.051019676,0.062800586,0.07698459,0.0924652,0.108009696,0.12237319,0.13438772,0.14306803,0.14775112,0.14828464,0.14528511,0.14047073,0.1369364,0.13882841,0.14966275,0.17013831,0.19793169,0.22931045,0.26043764,0.2878414,0.3085195,0.31998226,0.320312,0.3082357,0.2831954,0.24540809,0.19593185,0.13687721,0.07302221,0.03864991,0.0953736,0.16776553,0.2381197,0.3019676,0.35638803,0.39928094,0.42933598,0.44606635,0.44981226,0.4416915,0.42349267,0.39751726,0.36638805,0.33285663,0.2996624,0.26950997,0.24519785,0.22976916,0.22625676,0.23664947,0.26074195,0.29613447,0.339225,0.38609108,0.43290603,0.47612077,0.5126084,0.5398257,0.5559812,0.56018597,0.5525649,0.5343143,0.5076866,0.47587627,0.4427473,0.41231096,0.38788763,0.37110922,0.36128992,0.35570952,0.35069877,0.3428248,0.3296439,0.30997133,0.2838471,0.25236738,0.21748419,0.18183927,0.14867926,0.12179778,0.104994185,0.10007135,0.104870066,0.11515177,0.1277409,0.14114988,0.15479271,0.16822022,0.18074,0.19139355,0.1991628,0.2032747,0.20351908,0.200536,0.19602393,0.19272567,0.19389817,0.20208363,0.21778812,0.2392301,0.26326516,0.28648072,0.30584204,0.31894913,0.32410988,0.32034284,0.30734724,0.28544974,0.25553024,0.21893504,0.1773975,0.13302931,0.08866015,0.050382074,0.04051093,0.06731342,0.101046115,0.13241634,0.1593894,0.1814317,0.19859396,0.2112683,0.22007771,0.22580336,0.22932608,0.23157,0.23343767,0.23572898,0.23904578,0.2437003,0.24965681,0.2565319,0.26365712,0.27018565,0.27521518,0.27790412,0.27756938,0.27376217,0.2663226,0.25541517,0.24154535,0.22555648,0.20859839,0.19204728,0.17734036,0.1656903,0.15771462,0.15315774,0.15093231,0.14949423,0.14731029,0.14319438,0.13647208,0.12704493,0.11543672,0.10287909,0.091434285,0.083914794,0.0829099,0.08890347,0.09980452
146,0.15871666,0.15514232,0.14935553,0.14154571,0.13196988,0.12094678,0.108848944,0.09609303,0.0831284,0.07042384,0.058450647,0.047657568,0.038426224,0.030988842,0.025306117,0.020981414,0.017363846,0.013876568,0.010491942,0.008603648,0.010791655,0.016334934,0.02317684,0.030190695,0.036648024,0.041978184,0.045756247,0.04777052,0.04814466,0.047518566,0.047237176,0.049251813,0.055257253,0.06557202,0.079159,0.094452776,0.10989507,0.124103464,0.13593744,0.14457987,0.14965941,0.15141459,0.15088387,0.1500438,0.15167013,0.15858507,0.17237183,0.1925297,0.21681489,0.2421799,0.26549172,0.2838839,0.29491508,0.29666394,0.28780547,0.2676746,0.23631258,0.19449945,0.14381729,0.087083556,0.034577277,0.055831645,0.116274126,0.1762739,0.23060077,0.2765188,0.31215698,0.33640423,0.34893182,0.35019574,0.3413868,0.32431817,0.30124727,0.27463827,0.24688862,0.22008213,0.19589166,0.17579937,0.16170043,0.15649296,0.16353187,0.18449482,0.21798755,0.26052606,0.3080302,0.35651696,0.40230584,0.44213337,0.47328997,0.49377266,0.50242686,0.49905536,0.4844803,0.4605487,0.4300676,0.39663464,0.36428547,0.33683816,0.3169052,0.30492756,0.2989668,0.29558897,0.29121965,0.2831468,0.26993337,0.25143087,0.22861913,0.20339717,0.17835869,0.15649325,0.14062662,0.13245355,0.13169359,0.1364673,0.14468536,0.15501603,0.1669146,0.18016198,0.19439287,0.20885813,0.22246169,0.23398001,0.24234395,0.24690071,0.24761812,0.24520996,0.24114649,0.23747694,0.23637578,0.23943458,0.24699362,0.25794938,0.27015454,0.28107762,0.28835198,0.29009235,0.28502795,0.27252734,0.25256395,0.22564824,0.19274089,0.15516554,0.11456487,0.07310874,0.035883617,0.031420402,0.0634664,0.098356806,0.13048106,0.1586387,0.1824403,0.20185831,0.21710074,0.22854638,0.23670094,0.24216327,0.24559577,0.24769033,0.2491219,0.25048482,0.25221682,0.25452706,0.25735235,0.26036096,0.263008,0.26462975,0.26455384,0.26220527,0.25719544,0.24938807,0.2389417,0.2263279,0.21232201,0.19795643,0.18441515,0.17284407,0.16407667,0.15835361,0.1551965,0.15354848,0.15211059,0.14968938,0.14543474,0.13896398,0.13042171,0.12052133,0.11057642,0.10244459,0.098155856,0.09903625,0.10484163,0.11388465
147,0.13457723,0.13252293,0.12862003,0.12301877,0.11592115,0.10757601,0.09827145,0.0883243,0.07806634,0.06782633,0.05790725,0.04855806,0.03994145,0.032103907,0.024963126,0.018339776,0.012097455,0.006815207,0.0068322285,0.012962535,0.020785864,0.029121572,0.03743004,0.045207504,0.051932722,0.057093404,0.060235556,0.061029527,0.059361894,0.055482157,0.05026843,0.04567162,0.044910464,0.05076334,0.06290414,0.07889745,0.0963659,0.1134906,0.12889273,0.14156064,0.15087664,0.1567047,0.15950659,0.16044329,0.16136846,0.16454755,0.17197514,0.18451673,0.20147985,0.22091287,0.24025811,0.25690207,0.2685029,0.2731701,0.269577,0.25704733,0.23563829,0.20625342,0.17088607,0.1333231,0.10124115,0.089004464,0.105395876,0.13810417,0.1737302,0.20558074,0.23038118,0.24654143,0.25360182,0.25203452,0.24311963,0.22879428,0.21141793,0.19340722,0.17673196,0.16240084,0.15027295,0.13954286,0.12989959,0.12297348,0.123181745,0.1359359,0.16318356,0.20213757,0.2480815,0.2963751,0.3429135,0.3841634,0.4172127,0.43986985,0.45077655,0.44950256,0.4366068,0.41365746,0.3832096,0.34872705,0.31439093,0.28463525,0.26317257,0.25158647,0.24845289,0.2500707,0.25226426,0.25179905,0.2468987,0.23719779,0.22349061,0.20742367,0.19114466,0.17686619,0.16633363,0.16034895,0.15867582,0.16048071,0.16498889,0.1718749,0.18120535,0.19307716,0.20722996,0.22286543,0.23873305,0.25338408,0.26546142,0.27394414,0.2783202,0.27868256,0.27574402,0.27075312,0.26528347,0.26088274,0.25863254,0.25877562,0.26060432,0.26267466,0.2632144,0.2605251,0.25325966,0.24056178,0.22210118,0.19804332,0.16898337,0.13586947,0.09995804,0.06298435,0.02941427,0.028147383,0.059289,0.09242295,0.123391725,0.15121792,0.17550462,0.19611622,0.21308665,0.2265738,0.23683186,0.24419424,0.24906197,0.25189102,0.2531713,0.25339168,0.25299007,0.25229466,0.2514707,0.25049046,0.24913964,0.24706444,0.24384896,0.23910718,0.2325721,0.22416985,0.21407141,0.2027165,0.19080321,0.17922941,0.1689666,0.16085562,0.1553585,0.15237302,0.1512326,0.15091012,0.15031211,0.14853175,0.1450086,0.13961124,0.13267657,0.12502061,0.11789641,0.112812504,0.11110628,0.11335217,0.11902488,0.1267372
148,0.10581845,0.10550402,0.10376013,0.10069328,0.09644332,0.09117958,0.08509482,0.07839697,0.07129886,0.06400646,0.056707114,0.04956117,0.04270321,0.03626445,0.030435966,0.025599329,0.022500819,0.0221517,0.024998521,0.030403927,0.03734905,0.044978414,0.052606747,0.0596258,0.06545874,0.069557354,0.07142462,0.070653625,0.066982694,0.060380746,0.051218968,0.04073693,0.03242463,0.033229403,0.045493785,0.063903324,0.08436688,0.10469054,0.12342678,0.1394975,0.15213957,0.1609556,0.16600208,0.16788433,0.16781956,0.16759075,0.16926503,0.17460045,0.18433996,0.19786683,0.21346486,0.22890191,0.24194911,0.250704,0.25376746,0.2503468,0.24032725,0.22433476,0.20380633,0.18107796,0.15944488,0.14291424,0.13497303,0.13633865,0.14411929,0.15385273,0.16177101,0.16559301,0.16450131,0.15897463,0.15062942,0.14196368,0.13574499,0.13386698,0.13621171,0.14064653,0.14422199,0.14447616,0.1402995,0.1326333,0.12531787,0.12535433,0.13967158,0.16928859,0.2095266,0.2544964,0.2991337,0.33935353,0.37192905,0.3944634,0.40543196,0.40424266,0.3912847,0.36795712,0.33668467,0.30093232,0.2651931,0.23475516,0.21469194,0.2076233,0.2117884,0.22213815,0.23333208,0.24157323,0.24489261,0.24282981,0.23603167,0.22587714,0.21411134,0.20247148,0.1923361,0.18449806,0.17918131,0.17631814,0.17592579,0.17833564,0.18410952,0.19367509,0.20691593,0.2229942,0.2404887,0.2577117,0.27303135,0.2851157,0.29308754,0.29660434,0.29587215,0.29159507,0.28485394,0.2769093,0.26893884,0.2617544,0.25558546,0.2500222,0.24414885,0.2368053,0.22686702,0.21345882,0.1960735,0.17460652,0.14933461,0.12087009,0.090141945,0.058590893,0.030140758,0.026237143,0.051751092,0.08121461,0.10969085,0.13606268,0.15985528,0.18082464,0.1988523,0.21390384,0.22601113,0.23526745,0.2418295,0.24591975,0.2478231,0.2478725,0.24642147,0.24380521,0.24029717,0.23607188,0.2311861,0.22558716,0.21915041,0.2117397,0.20327936,0.19382405,0.18361469,0.17310807,0.16296616,0.15398423,0.1469394,0.14237016,0.14036432,0.14048035,0.14186668,0.14350925,0.14447822,0.14409888,0.142045,0.13838105,0.13357231,0.12845792,0.12415087,0.121809825,0.122276045,0.12572087,0.13154568,0.13860184
149,0.074084386,0.075652815,0.07621771,0.075840354,0.074599504,0.07258874,0.0699134,0.066687495,0.0630311,0.0590695,0.0549355,0.050777443,0.0467751,0.043164138,0.04026185,0.03846855,0.038199145,0.039728988,0.04304811,0.04785509,0.053670328,0.059945997,0.066118985,0.07162686,0.075915,0.078448586,0.0787325,0.07633842,0.07093767,0.062340375,0.050551802,0.035914075,0.019939635,0.014127488,0.031150514,0.053631246,0.07696779,0.09966209,0.12058295,0.1387511,0.15336528,0.16387577,0.17007376,0.1721873,0.17097446,0.16778786,0.16454008,0.16343771,0.16637844,0.1741964,0.1862935,0.2009582,0.21603328,0.22946641,0.23960918,0.24534169,0.24611011,0.24191827,0.23328182,0.22113904,0.20670629,0.19126911,0.175918,0.1612821,0.14737014,0.13363837,0.11932366,0.103979066,0.088177375,0.07449456,0.06828704,0.07459176,0.09172828,0.113765694,0.13570584,0.15413733,0.16675587,0.17219602,0.17014895,0.16170748,0.14998227,0.14082459,0.14212312,0.15910882,0.1899474,0.22851649,0.26869208,0.30562258,0.33565104,0.3561452,0.3654374,0.36282942,0.34861878,0.32413325,0.29179102,0.25523305,0.21955341,0.19135539,0.17734452,0.18014252,0.19554645,0.21616837,0.23591681,0.2511294,0.2601119,0.26255783,0.2591153,0.25104696,0.2399237,0.22733442,0.21463545,0.20279871,0.19242348,0.18392588,0.17782193,0.17492682,0.17627567,0.1827035,0.19431359,0.21023881,0.22885014,0.24818873,0.2663526,0.28174534,0.2932109,0.30009308,0.3022431,0.2999818,0.29401717,0.2853172,0.27494222,0.263852,0.252722,0.24181695,0.23096703,0.21965834,0.20720372,0.19293122,0.17633615,0.15717122,0.13547815,0.11158531,0.0861193,0.060181826,0.036527317,0.026236076,0.041042447,0.06485646,0.089713715,0.1137781,0.1363658,0.15709798,0.17570998,0.19199401,0.20578432,0.21696101,0.22546206,0.23129617,0.23455049,0.23538911,0.23404011,0.23077215,0.22586422,0.2195747,0.21211791,0.20365524,0.19430645,0.18418133,0.1734281,0.16229016,0.1511594,0.1406094,0.13138102,0.12428303,0.1199829,0.118739374,0.12023522,0.12364863,0.12791501,0.13200563,0.13511287,0.13674025,0.13673602,0.13529822,0.13295664,0.13051535,0.12892497,0.1290634,0.13146438,0.13611704,0.14245795,0.14954552
150,0.042063802,0.04548582,0.0482137,0.05030169,0.05181375,0.052818846,0.053387865,0.053592343,0.05350515,0.053203266,0.05277255,0.052313786,0.051948518,0.051821887,0.052098393,0.05294638,0.054509975,0.056873456,0.06002939,0.06386164,0.06814673,0.072568774,0.07674038,0.08022493,0.08255912,0.083276436,0.08193265,0.07813366,0.07156516,0.06202409,0.049454518,0.034012347,0.01644146,0.009350454,0.029466186,0.052680187,0.076311566,0.099250644,0.120484605,0.13906038,0.15413702,0.16505775,0.17143096,0.17321847,0.17083313,0.16524476,0.1580765,0.15160893,0.14849038,0.15094122,0.1597308,0.17382872,0.19106212,0.20903042,0.22565193,0.23934689,0.24904907,0.25415826,0.2544694,0.2500846,0.24131034,0.22854637,0.21218097,0.19251151,0.16970938,0.1438401,0.11493622,0.083105035,0.04865083,0.012345022,0.02593164,0.06355854,0.09973742,0.13274659,0.16088255,0.18258032,0.196595,0.20220697,0.19946198,0.18948606,0.17494391,0.16062658,0.15347324,0.15994248,0.18108866,0.21208726,0.24648225,0.27882886,0.3050822,0.32241058,0.329053,0.32426956,0.30834633,0.28264424,0.24972989,0.21369007,0.18071878,0.1593213,0.15703636,0.17328517,0.1998285,0.22833645,0.25346565,0.2723474,0.28375772,0.28759587,0.2845517,0.27584425,0.2629786,0.24751294,0.23085475,0.21413021,0.19817667,0.18368669,0.17146906,0.16269524,0.15889281,0.16146314,0.17088404,0.18627134,0.20569615,0.22684942,0.24754588,0.2659693,0.28076467,0.2910632,0.29647392,0.29704863,0.29321918,0.2857062,0.2754022,0.2632364,0.25003633,0.23640876,0.22266725,0.2088265,0.19466548,0.17983772,0.16399282,0.14687677,0.12839437,0.108638115,0.08790908,0.06679997,0.046595108,0.03113263,0.030227205,0.044789717,0.06479422,0.08600179,0.10706046,0.12732609,0.14635023,0.16375011,0.17917949,0.19233386,0.20296732,0.21091063,0.21608423,0.21850233,0.21826722,0.21555397,0.21058866,0.20362431,0.1949197,0.18472722,0.17329378,0.16087843,0.14778724,0.13442428,0.12135394,0.109359816,0.099456355,0.092756554,0.09009789,0.091560304,0.09632285,0.10304174,0.110358916,0.11719318,0.122822724,0.12688057,0.12933151,0.13044645,0.13076384,0.13101721,0.13200647,0.13441369,0.13860953,0.14453587,0.15172274,0.15941678
151,0.02130533,0.023923676,0.026300069,0.028561492,0.030884223,0.033428922,0.036296837,0.039510638,0.043020338,0.046726037,0.050505795,0.054240376,0.057831522,0.061213434,0.06435794,0.06727353,0.06999802,0.07258461,0.075081915,0.07751034,0.07983872,0.08196637,0.083714984,0.08483247,0.08500857,0.0839001,0.08116364,0.07649497,0.069678746,0.060662672,0.04970999,0.037846263,0.028421821,0.029145762,0.042121433,0.060959265,0.08174845,0.102604,0.12224469,0.13960823,0.15378095,0.16401844,0.16979869,0.17089212,0.1674475,0.16010207,0.15012735,0.13959911,0.13145427,0.12901096,0.13455845,0.14795493,0.1669339,0.18856774,0.21025643,0.22998865,0.24630085,0.25818318,0.264996,0.26639888,0.26228747,0.25273725,0.23795988,0.2182809,0.19415283,0.16622752,0.13555104,0.10409783,0.076411836,0.06321672,0.074807815,0.10242647,0.1343301,0.16479856,0.19080128,0.21036763,0.2221891,0.22560078,0.2207008,0.2085608,0.19155173,0.173786,0.16129033,0.16044088,0.17379583,0.19795379,0.22669479,0.25431174,0.27654034,0.29045734,0.2942959,0.28735825,0.27001405,0.24378785,0.21161425,0.17844264,0.15219702,0.14295487,0.1554684,0.1834299,0.2170663,0.24943474,0.27651668,0.29618165,0.30755115,0.31065488,0.30620164,0.29538038,0.2796614,0.26059675,0.23963837,0.21800797,0.19666421,0.17640904,0.15814611,0.1432305,0.13367532,0.13172859,0.13859011,0.15338127,0.17363797,0.19652034,0.21952938,0.2406915,0.25854975,0.27212647,0.2808894,0.28471437,0.28383493,0.2787742,0.27025887,0.25912002,0.2461886,0.23219836,0.21770956,0.20306785,0.18840586,0.17368437,0.15875906,0.14345197,0.12761015,0.11114264,0.09404038,0.07639698,0.05848007,0.041031968,0.026702525,0.024159446,0.036789134,0.05523604,0.07524456,0.09546445,0.115181774,0.13384376,0.15096055,0.16609529,0.17887777,0.18902181,0.1963382,0.20073988,0.20223789,0.20092928,0.19697872,0.19059752,0.18202381,0.17150852,0.1593106,0.14570503,0.13100664,0.115613826,0.10008126,0.0852373,0.07235272,0.063244954,0.059812862,0.06260762,0.07009635,0.07994997,0.09030212,0.09996993,0.10829571,0.11500545,0.12013067,0.12396197,0.1270024,0.12989558,0.13331386,0.13781415,0.14369938,0.15094018,0.15918751,0.16786009
152,0.039249465,0.035645302,0.031282347,0.026440889,0.021864152,0.019080892,0.020007739,0.024831867,0.0320051,0.040169854,0.04852045,0.056561206,0.06395927,0.070486546,0.075998455,0.0804254,0.08376686,0.086083524,0.08748451,0.08810857,0.088099055,0.08757489,0.08660212,0.08517296,0.08319923,0.08052553,0.07696367,0.07234922,0.066624925,0.0599703,0.053022906,0.047235385,0.04509525,0.049025655,0.059161697,0.07361584,0.09032458,0.10766474,0.1243462,0.13927804,0.15151794,0.1602768,0.16495346,0.16518773,0.16093025,0.15253875,0.14092459,0.12778513,0.11590745,0.10919355,0.11139288,0.12353638,0.14330609,0.1671708,0.19205137,0.21564022,0.23625112,0.25265783,0.2639932,0.26969036,0.2694471,0.2632051,0.25114465,0.2337016,0.21162468,0.1861069,0.15906553,0.13369049,0.1151652,0.109877616,0.12031711,0.1419245,0.16803189,0.1936238,0.21539566,0.23115662,0.23951648,0.23980527,0.23212035,0.21746276,0.1979756,0.1772981,0.16080475,0.15461992,0.16208418,0.18079612,0.2048137,0.22832608,0.24699588,0.25792858,0.25945327,0.25101167,0.23317124,0.20779222,0.17848524,0.15155967,0.1366661,0.14241046,0.16720624,0.20184594,0.23819527,0.27114338,0.29768166,0.31616077,0.32591325,0.32704186,0.32025808,0.3067238,0.28788167,0.2652766,0.24038395,0.2144711,0.18853159,0.16333972,0.13967723,0.11877796,0.10293812,0.09566793,0.09980212,0.11453775,0.13618048,0.16097072,0.18610886,0.20961137,0.23007013,0.24652395,0.25840074,0.26548284,0.26787028,0.26593205,0.26024333,0.25151116,0.2404948,0.22792788,0.21445067,0.2005611,0.18658978,0.17270103,0.15891583,0.14514804,0.13124374,0.11701577,0.10227023,0.08682631,0.07053426,0.053297892,0.035121232,0.01637221,0.0077909017,0.026645174,0.04768625,0.0689152,0.08975449,0.109690905,0.12822862,0.14490691,0.15932484,0.17116258,0.18019556,0.18629996,0.18944937,0.18970345,0.18719079,0.18208876,0.17460372,0.16495487,0.15336487,0.14005893,0.12527403,0.109279424,0.09241376,0.075156346,0.058293343,0.04337154,0.0337459,0.03398187,0.04305453,0.05575151,0.068951406,0.0813206,0.09228463,0.10164798,0.10947135,0.11602232,0.121734954,0.12715138,0.13283482,0.1392615,0.14671798,0.1552381,0.16460064,0.17438051
153,0.06816119,0.0621222,0.05441194,0.045092456,0.03437062,0.022674734,0.011386263,0.009943612,0.021316625,0.034412656,0.047245596,0.059197776,0.06986912,0.07896222,0.08626845,0.09167029,0.09514499,0.09676534,0.09669588,0.09518287,0.09253688,0.08910636,0.0852422,0.08125547,0.07737642,0.0737284,0.07033368,0.06716211,0.06422149,0.061674107,0.05994582,0.05975656,0.061962567,0.06718789,0.07549054,0.086351916,0.098910406,0.11218215,0.12517704,0.13694894,0.14662577,0.15344045,0.15676847,0.15617377,0.15146549,0.1427758,0.13068256,0.11642947,0.10231901,0.09217574,0.090784475,0.10068032,0.119822465,0.14415286,0.17021604,0.19555019,0.21838807,0.23741889,0.2516701,0.26045793,0.26337257,0.26028302,0.2513584,0.23711182,0.21848106,0.19697142,0.17488825,0.15560861,0.14347062,0.14226073,0.15248606,0.17083085,0.19261627,0.21378136,0.2313171,0.2431251,0.24786824,0.24491608,0.23436879,0.21714945,0.19518474,0.17171067,0.15159951,0.14085151,0.14352658,0.15799579,0.17838019,0.19870469,0.21461667,0.22334506,0.22341368,0.21450992,0.19753893,0.17492166,0.15129781,0.1344538,0.13374038,0.15236454,0.18418469,0.22102249,0.2569738,0.2882743,0.3125831,0.32857424,0.33572948,0.33420616,0.32471827,0.30840576,0.2866867,0.26109487,0.23311494,0.20403424,0.17483966,0.14619982,0.11858866,0.09265779,0.07015484,0.055883158,0.05734034,0.07413023,0.09858381,0.12552696,0.15232505,0.17737979,0.19956812,0.21808633,0.23241429,0.24230596,0.24777523,0.24906775,0.2466183,0.24099621,0.23284441,0.22281726,0.21152346,0.19947943,0.18707691,0.17456731,0.16206262,0.14955008,0.13691767,0.123985514,0.11054144,0.09637909,0.08134171,0.06538363,0.048701577,0.032217935,0.020263938,0.024698518,0.041408833,0.06114881,0.081357434,0.10102889,0.1195023,0.1362541,0.15086156,0.16300191,0.17245613,0.17910877,0.18294102,0.184017,0.18246487,0.17845505,0.17217906,0.16383141,0.15359794,0.14165147,0.12815545,0.11327416,0.097187266,0.080107465,0.062302962,0.044144932,0.026320705,0.011945889,0.016646475,0.032015912,0.047688544,0.062339265,0.07560611,0.08738011,0.09771999,0.1068333,0.11505695,0.12281945,0.13058038,0.13875207,0.14762068,0.15728855,0.16765493,0.1784364
154,0.09541245,0.08817095,0.078655936,0.0669597,0.05330403,0.03802503,0.021577358,0.0050697927,0.013757574,0.030760113,0.047041584,0.06199053,0.075138405,0.08610443,0.094605535,0.10046964,0.10364652,0.10421472,0.102384664,0.09849781,0.09302202,0.08654208,0.07974038,0.073355734,0.06809965,0.06451755,0.06283542,0.06290367,0.0643176,0.06664284,0.06960134,0.07314451,0.07742067,0.0826689,0.08907988,0.096674286,0.10524197,0.11435145,0.12340627,0.13171685,0.13856861,0.14328054,0.14525601,0.14403006,0.13931866,0.13107927,0.119602546,0.10568143,0.090956494,0.07854525,0.0733795,0.07963208,0.09635037,0.11925097,0.14457896,0.1697907,0.19311139,0.21321462,0.22908372,0.23996794,0.24538298,0.24513468,0.23936021,0.22858901,0.21383293,0.19671492,0.17961887,0.16572194,0.15850374,0.16032523,0.17089602,0.187432,0.20624346,0.22397184,0.23798917,0.24640524,0.24800912,0.24224119,0.22920714,0.20973693,0.1855151,0.15934418,0.13557117,0.12014959,0.11821204,0.1291325,0.14680935,0.16484159,0.17883135,0.18620396,0.1857793,0.1776158,0.16313651,0.14558905,0.13079952,0.12685901,0.13937348,0.16614835,0.20054446,0.2365968,0.270109,0.29824293,0.31914523,0.33175254,0.33568457,0.33116055,0.31890884,0.30005848,0.27601004,0.24829032,0.21839812,0.1876537,0.15706919,0.12726392,0.098452404,0.07053197,0.043331336,0.017887462,0.017472731,0.043313313,0.071007706,0.098543614,0.12506898,0.14980876,0.17204365,0.19116364,0.20671792,0.218446,0.2262877,0.23037297,0.23099494,0.22857049,0.22359332,0.21658461,0.20804636,0.19842134,0.18806331,0.1772193,0.16602537,0.15451516,0.14264078,0.13030438,0.11740031,0.10387024,0.08978142,0.075458385,0.061747484,0.050554022,0.04534959,0.049201325,0.06084404,0.076705344,0.09417657,0.111729234,0.12839982,0.1435205,0.15661342,0.16735093,0.1755382,0.18110031,0.18406698,0.18455221,0.18272981,0.17880626,0.1729943,0.16549061,0.15646073,0.14603342,0.1343049,0.12135154,0.107248046,0.09208713,0.075997226,0.059156388,0.04180568,0.024297189,0.007852623,0.0124161495,0.028610092,0.044387884,0.059181176,0.07281731,0.085265696,0.09661813,0.107079096,0.11694359,0.12655748,0.13626248,0.14633434,0.15692884,0.16804864,0.17953813
155,0.11874914,0.110950634,0.100377455,0.08718873,0.07170873,0.054447833,0.036249083,0.019397106,0.01581138,0.030508583,0.048060074,0.06471548,0.07940073,0.09150093,0.10060339,0.106457636,0.10897294,0.10822263,0.104449354,0.0980711,0.08969265,0.0801292,0.070446774,0.06199364,0.056286316,0.05448892,0.056638833,0.061598226,0.067892745,0.07438436,0.08042042,0.085754246,0.09043345,0.09469451,0.09885668,0.10321262,0.10792944,0.1129835,0.11814577,0.12301484,0.1270788,0.12978418,0.13059878,0.12906432,0.12484231,0.11776088,0.10787719,0.09558643,0.081852205,0.068714656,0.060099076,0.06113394,0.073234,0.092731595,0.115589276,0.13912335,0.16153984,0.18150787,0.19798331,0.21016069,0.21748282,0.2196785,0.21681875,0.20939067,0.19839267,0.18544683,0.17288007,0.16360079,0.16044305,0.16492064,0.1763113,0.19208628,0.20911622,0.22453687,0.2360625,0.24202925,0.24137436,0.23362064,0.21887891,0.19787356,0.17201398,0.14357989,0.11616336,0.095365696,0.08788491,0.095246546,0.11088766,0.12737241,0.14012855,0.14685892,0.14681192,0.14059177,0.1303829,0.12046522,0.117231034,0.1264235,0.14850685,0.1791357,0.21318685,0.24657409,0.2762966,0.3002063,0.31686154,0.32545263,0.32575297,0.31806642,0.30315843,0.28216666,0.25649256,0.22767769,0.19727184,0.16670088,0.137148,0.10947156,0.08420644,0.06176057,0.043153144,0.032191437,0.03539391,0.05013502,0.069632575,0.09083521,0.11235794,0.1332633,0.15277751,0.17025314,0.1851863,0.19723606,0.20623201,0.21216665,0.2151742,0.21549913,0.21345848,0.20940232,0.20367648,0.19659105,0.18839754,0.1792766,0.16933726,0.1586282,0.14716083,0.13494484,0.12203858,0.10862125,0.09510331,0.08230342,0.071697846,0.06552457,0.06597756,0.07340525,0.086005695,0.101454586,0.11792311,0.13413268,0.14918482,0.16243964,0.1734545,0.18195473,0.18781678,0.19105314,0.19179325,0.19025874,0.18673284,0.18152533,0.17493674,0.16722569,0.15858452,0.14912748,0.13889378,0.12786488,0.115992464,0.10323145,0.089572966,0.07507477,0.059894893,0.04435956,0.029228631,0.017261116,0.017750291,0.029745322,0.04418824,0.05865371,0.072524555,0.085612044,0.097917266,0.10956434,0.120760165,0.13175175,0.14277743,0.15401724,0.16555186,0.17733821
156,0.13722563,0.12941694,0.118415445,0.10444858,0.08794276,0.06957152,0.050459042,0.033116013,0.025049154,0.0338142,0.050164737,0.06710916,0.08235326,0.09485429,0.10400172,0.10943863,0.11101864,0.10879666,0.103029616,0.09418469,0.08296506,0.07038162,0.057930473,0.04791576,0.04339847,0.04608227,0.054094534,0.06427355,0.07444961,0.08347476,0.09082324,0.09635579,0.10019926,0.102668956,0.1041971,0.10525237,0.10624991,0.10746568,0.10897803,0.11065605,0.11219519,0.113182485,0.113166995,0.111719295,0.10847613,0.103175625,0.09569419,0.08610425,0.07479131,0.062725276,0.052079044,0.047014132,0.051758293,0.06549821,0.084229305,0.10483463,0.12533559,0.14432874,0.16071141,0.17360267,0.18235041,0.18657735,0.18624918,0.18176074,0.17403936,0.16465275,0.15585238,0.15035482,0.15058371,0.15752253,0.17014469,0.1860184,0.20234138,0.21659513,0.22677422,0.23142378,0.2296288,0.22100024,0.20566443,0.18425572,0.15792236,0.12838559,0.09818567,0.07151636,0.055908572,0.05825267,0.07230631,0.087847665,0.0997988,0.106309,0.107288346,0.10418107,0.10024484,0.100537114,0.1099657,0.12980987,0.15742037,0.18891853,0.22083735,0.250406,0.27547744,0.29446164,0.30629805,0.31044295,0.30685177,0.29594597,0.27856094,0.25587603,0.22933091,0.20053524,0.17117971,0.14295807,0.11750486,0.09633444,0.0807118,0.07133545,0.06793559,0.06937215,0.07438308,0.08213441,0.09215811,0.10405819,0.11732831,0.1313336,0.14537998,0.15879852,0.17101091,0.18156858,0.19016764,0.19664523,0.20096193,0.20317514,0.20340785,0.20181681,0.19856374,0.19379246,0.18761432,0.1801034,0.17130221,0.16123845,0.14995371,0.1375463,0.124234214,0.11045095,0.09699579,0.08524678,0.07730402,0.075519726,0.08098577,0.092570044,0.10799202,0.12514453,0.14245789,0.15880398,0.1733655,0.18555808,0.1949928,0.2014583,0.20490944,0.2054548,0.20333907,0.19891833,0.19262725,0.18493861,0.17631714,0.16717131,0.15780932,0.14840777,0.13900113,0.12949608,0.11970935,0.10941991,0.09842457,0.08658782,0.073884375,0.060445517,0.046654467,0.03346553,0.023611527,0.023091665,0.032477982,0.045765005,0.059964363,0.07406634,0.08769131,0.100719474,0.11317689,0.12518044,0.13689356,0.14848195,0.16007046,0.17170694
157,0.15039152,0.14308766,0.13226329,0.11820586,0.10142651,0.082722366,0.06338373,0.045901876,0.03580292,0.039504483,0.052973956,0.06889514,0.083760336,0.095977545,0.10468226,0.109386094,0.10987277,0.106164865,0.09851304,0.087398045,0.07355913,0.058109358,0.042958617,0.032139745,0.032098975,0.042388525,0.056356624,0.07022978,0.08244078,0.09228125,0.09946728,0.104000375,0.106106706,0.106192775,0.10479693,0.10252769,0.099985994,0.09767648,0.09592519,0.09483107,0.094271846,0.093960516,0.093523964,0.09257197,0.090740904,0.087715104,0.083238885,0.077135265,0.069349624,0.060049523,0.049862146,0.04046417,0.03560026,0.039667465,0.051971994,0.068564035,0.08657846,0.10423687,0.12025272,0.13360493,0.14350127,0.14941749,0.15117167,0.14902219,0.14378747,0.13697256,0.1308193,0.12803671,0.13090855,0.14009261,0.15426593,0.1709505,0.18750939,0.20165974,0.2116183,0.21611409,0.21437469,0.20611042,0.19149421,0.1711321,0.14602177,0.117504485,0.08723456,0.05728115,0.031148398,0.020793177,0.033566777,0.04879605,0.059863284,0.06600559,0.068333246,0.06971809,0.07460038,0.08693929,0.10748478,0.1341493,0.16405423,0.19452745,0.22328006,0.24840292,0.26836908,0.28205374,0.2887563,0.2882124,0.2805894,0.26646444,0.2467861,0.22282672,0.19613402,0.16849555,0.14192772,0.118672095,0.10105932,0.0908791,0.08820205,0.09101592,0.09660482,0.10297629,0.10918594,0.115066245,0.12087216,0.12698567,0.13370228,0.14111346,0.14908756,0.15732454,0.16544193,0.17305444,0.1798281,0.18550621,0.18991216,0.1929376,0.19452254,0.19463363,0.19324473,0.19032305,0.18582287,0.17968808,0.17186423,0.16232094,0.15108635,0.13829792,0.12428045,0.10967322,0.095640495,0.084158085,0.078051,0.07984519,0.089676276,0.10527934,0.12394048,0.14354327,0.16258562,0.17998731,0.19495864,0.20693585,0.21555361,0.22063316,0.22217488,0.22034909,0.21548189,0.20803459,0.19857523,0.18774146,0.17619342,0.16455637,0.15335561,0.14295115,0.13348767,0.12487897,0.11683894,0.108954936,0.10078145,0.09192821,0.08212718,0.0712795,0.059502613,0.04723307,0.03555503,0.02718336,0.026931874,0.035429697,0.048170753,0.062266964,0.076532945,0.09045432,0.10380944,0.11654015,0.12869202,0.14037126,0.15170398,0.1627962
158,0.15815254,0.15183625,0.14177139,0.12828945,0.111959174,0.09365216,0.07472516,0.05751881,0.046316497,0.04616546,0.05598316,0.069808125,0.0834557,0.09479061,0.10266446,0.106439166,0.105816856,0.100776,0.09154281,0.07857646,0.06257442,0.044564538,0.026548157,0.016553884,0.027336428,0.04501937,0.062354553,0.0776351,0.09010343,0.09936564,0.10528996,0.107977495,0.107740924,0.10507673,0.10062615,0.095122084,0.08931895,0.083904564,0.079402395,0.07609125,0.07398179,0.072869495,0.072434805,0.07233189,0.07222801,0.07179693,0.070695475,0.068552494,0.06498682,0.0596568,0.052341133,0.04307293,0.032463454,0.022911532,0.021574765,0.032139894,0.04792014,0.06479502,0.08089083,0.09496171,0.106047094,0.11345216,0.11681539,0.116216004,0.112319104,0.10655942,0.10128828,0.09954775,0.10392545,0.11494453,0.13084935,0.14889932,0.16646837,0.18142012,0.1921454,0.19753449,0.19695428,0.1902315,0.1776309,0.15982074,0.13782208,0.11294241,0.08669916,0.060750034,0.036903635,0.017764434,0.011750962,0.019064559,0.02503883,0.028048692,0.031341303,0.040164914,0.05694081,0.08027588,0.10787505,0.13760552,0.16751897,0.19582112,0.2208981,0.24137047,0.25615057,0.26449102,0.2660175,0.26074353,0.24906754,0.2317561,0.20992067,0.18500155,0.15878078,0.13345043,0.11172006,0.09669321,0.09073764,0.09345877,0.10169958,0.11197956,0.121989615,0.13059148,0.13743459,0.14264442,0.14660856,0.1498209,0.15276124,0.15580751,0.1591858,0.16296126,0.1670634,0.17133023,0.17555399,0.17951623,0.18300742,0.18583283,0.18780874,0.18875472,0.1884863,0.18681124,0.18353228,0.17845687,0.17141533,0.16228808,0.15104416,0.13779736,0.122895025,0.10707449,0.09175257,0.07947562,0.07400869,0.07837236,0.091833115,0.11101024,0.13274567,0.15485615,0.17585424,0.19467324,0.2105278,0.22285497,0.23129183,0.23566681,0.2359941,0.23246618,0.22544226,0.21543188,0.2030735,0.18910727,0.17434044,0.15960129,0.14567545,0.13321929,0.1226553,0.11407739,0.10721572,0.101500005,0.09620587,0.09062073,0.0841702,0.07648794,0.06744784,0.057197027,0.046258163,0.03587078,0.028859576,0.029477281,0.037991505,0.050580632,0.06460225,0.07883723,0.09269696,0.10588832,0.118291534,0.12990402,0.14080137,0.15110032
159,0.16071825,0.15582448,0.14705947,0.13477412,0.11955846,0.10230182,0.08433555,0.06775792,0.05592254,0.052745752,0.058681246,0.069614,0.08134342,0.091315866,0.09809969,0.10089689,0.09932069,0.09330039,0.08303325,0.06895019,0.05168249,0.032027848,0.010973586,0.011107797,0.032252423,0.052118897,0.06978946,0.08456453,0.09593485,0.10360502,0.10750858,0.107810564,0.104896225,0.09934651,0.09190074,0.08340647,0.0747538,0.066787794,0.06019409,0.05537619,0.052390937,0.051017977,0.050936334,0.05186882,0.053593304,0.055850323,0.058247708,0.060236424,0.06116319,0.060363024,0.05725475,0.05142038,0.042663,0.031045685,0.016939498,0.0029377332,0.01721719,0.03479797,0.051681276,0.066735,0.07894979,0.08749232,0.091802604,0.09171135,0.08759878,0.08064812,0.07324751,0.069259726,0.07273567,0.08462188,0.10222754,0.122024864,0.14117402,0.15760301,0.16984074,0.17692143,0.17834862,0.17407982,0.16450892,0.15043582,0.13302037,0.113719635,0.09420305,0.076215036,0.06128774,0.05015518,0.042043008,0.034733586,0.025731348,0.013466153,0.0065024514,0.026418848,0.051580824,0.07971685,0.1094348,0.1392481,0.1676324,0.19312046,0.21439353,0.23036054,0.2402212,0.24351028,0.24012236,0.23031856,0.21471913,0.19429111,0.17034803,0.1445951,0.11928127,0.09751486,0.08342314,0.08051255,0.08797307,0.1011999,0.11596706,0.12983294,0.1416466,0.15100533,0.15794134,0.16274329,0.16584042,0.1677171,0.1688465,0.16964118,0.17042118,0.17140053,0.17268987,0.17431025,0.17621176,0.17829072,0.18040203,0.18236555,0.18396835,0.18496497,0.1850792,0.18400955,0.18144022,0.17705864,0.1705799,0.16177869,0.15053049,0.13686806,0.1210701,0.10382647,0.08658799,0.07226742,0.06580504,0.07145145,0.087711185,0.10984308,0.13417993,0.15846817,0.1812371,0.2014367,0.21828896,0.23123285,0.23990525,0.2441339,0.24393192,0.23948987,0.23116417,0.2194618,0.20502266,0.18860047,0.17104302,0.15327065,0.13624594,0.120919116,0.108121365,0.09838651,0.09174549,0.08763757,0.08506152,0.08288953,0.08014284,0.07612686,0.070457414,0.06304849,0.054120526,0.044302188,0.03499238,0.02916639,0.030743718,0.03956442,0.05211662,0.06597504,0.07994073,0.09338638,0.10596967,0.117526755,0.12802456,0.13752824
160,0.15855941,0.15545675,0.14846583,0.13792244,0.124392994,0.10872345,0.09213854,0.07643545,0.06422346,0.05854352,0.06062141,0.0681257,0.07739754,0.085672386,0.09126469,0.09321322,0.0910406,0.08463475,0.07419163,0.060190875,0.043427236,0.0253726,0.012629982,0.023573957,0.042305786,0.060519185,0.076542564,0.08949664,0.09881861,0.104207516,0.10561945,0.10326277,0.09758329,0.089237474,0.07905489,0.06799151,0.057073165,0.04731629,0.03958769,0.034364723,0.031520553,0.03048659,0.030795597,0.03242348,0.035591368,0.04029954,0.04608104,0.052110877,0.05743664,0.061157197,0.06253877,0.061103117,0.05671822,0.04973583,0.04129191,0.034010712,0.032456327,0.03911171,0.050775528,0.06349349,0.07475967,0.08297818,0.08709337,0.086497836,0.081062645,0.071266055,0.058557387,0.046439983,0.04224193,0.051871914,0.07074994,0.0925192,0.11359775,0.13189906,0.14607424,0.15529214,0.15918832,0.15785454,0.15182579,0.1420478,0.12981252,0.116639234,0.10406041,0.093270674,0.08469377,0.077737816,0.07104296,0.06314006,0.05318846,0.04191541,0.033937912,0.038872663,0.05761091,0.083084755,0.11096459,0.13876353,0.16462055,0.18699035,0.20460194,0.21648373,0.22199726,0.22086121,0.21315967,0.1993356,0.18017578,0.15680255,0.13071002,0.103940345,0.07964505,0.06324816,0.061343376,0.0732066,0.091308676,0.110279955,0.1276867,0.1425272,0.15448101,0.16359851,0.17014942,0.17452927,0.1771909,0.17859127,0.17915156,0.17923076,0.17911239,0.1790029,0.17903823,0.17929402,0.17979547,0.18052337,0.181415,0.18236071,0.18319783,0.1837056,0.183604,0.18255953,0.18019915,0.17613296,0.16998473,0.16142897,0.15023485,0.13631989,0.11982695,0.101265036,0.081840165,0.06432752,0.054699183,0.059854466,0.07799724,0.102372855,0.12865579,0.1545487,0.17862874,0.19988629,0.21756998,0.2311367,0.24023592,0.24470314,0.24455316,0.23996979,0.23129158,0.21899433,0.2036721,0.1860193,0.16681655,0.14692374,0.12728298,0.10892917,0.092986375,0.08057703,0.0725136,0.06878675,0.06832584,0.069455355,0.070591755,0.07059278,0.06877575,0.06483225,0.05876003,0.05085497,0.041818604,0.03314894,0.027982334,0.030229509,0.039415527,0.05202419,0.065728955,0.07934938,0.09223181,0.1039941,0.11443544,0.123499185
161,0.15236057,0.15133388,0.14650074,0.138137,0.1267348,0.11303743,0.09810038,0.08339651,0.07093461,0.063090876,0.06145361,0.06521526,0.07166003,0.078069896,0.08255779,0.08399797,0.08182377,0.07590427,0.066501796,0.054324478,0.04083217,0.029469842,0.027653389,0.03782187,0.052778274,0.06788548,0.081120834,0.09138453,0.09802195,0.100704774,0.09939753,0.09434018,0.086027384,0.075179905,0.06271123,0.049699683,0.03738801,0.0272293,0.020786036,0.018569365,0.018646859,0.018628063,0.017763315,0.017191818,0.0193948,0.025550725,0.034393687,0.044182457,0.053519823,0.06132696,0.06681442,0.06952368,0.06941075,0.06696362,0.063343644,0.06044553,0.060494807,0.06483348,0.072894715,0.08272969,0.09214991,0.099302165,0.10278938,0.101669885,0.09545141,0.08409674,0.06805523,0.048427794,0.028128339,0.020758854,0.038659584,0.06259508,0.08573783,0.10598271,0.12214156,0.13352218,0.13988529,0.1414486,0.13887787,0.13324085,0.12589788,0.11829254,0.111620076,0.10644254,0.10246527,0.09868202,0.09383493,0.08693968,0.07774938,0.067297116,0.058784716,0.05789743,0.068481445,0.08800129,0.11175746,0.13621895,0.15893656,0.17810321,0.1923646,0.20076485,0.20273699,0.19809934,0.18704298,0.17010692,0.14814606,0.12230986,0.0940889,0.06566394,0.041764263,0.035380837,0.051543143,0.07463544,0.097393185,0.11776807,0.13507445,0.14914927,0.16011746,0.1682868,0.17407636,0.177957,0.18040033,0.18183751,0.18263067,0.18305816,0.1833136,0.18351609,0.18372716,0.18396959,0.18424317,0.18453407,0.1848153,0.18503867,0.18511981,0.18492045,0.18423346,0.18277618,0.18019627,0.1760915,0.17004216,0.16165279,0.1505999,0.13668412,0.11989211,0.10049235,0.0792556,0.058164798,0.042901184,0.0447344,0.06375107,0.08964981,0.117121466,0.14388865,0.16862983,0.19041124,0.20853665,0.22250666,0.23200719,0.23690319,0.23722917,0.23317495,0.22506659,0.21334389,0.19853707,0.18124479,0.16211699,0.14184617,0.121172845,0.100915514,0.08204175,0.06579708,0.053814426,0.04771908,0.04764184,0.05144285,0.05639126,0.060567673,0.062895976,0.062839426,0.06020305,0.055049103,0.047695357,0.038829796,0.029942792,0.024478242,0.027177632,0.037196025,0.05037509,0.06434075,0.07793692,0.09049775,0.10160785,0.111030005
162,0.14296632,0.14420238,0.14179714,0.13591318,0.12691739,0.11540202,0.10221686,0.08852194,0.07585241,0.06608392,0.0609375,0.060822733,0.064237,0.06880499,0.072505064,0.07403107,0.07271431,0.068417504,0.061514117,0.05299921,0.044808533,0.04014793,0.042121314,0.050291233,0.061466724,0.07283888,0.082599044,0.08960733,0.09316844,0.09293929,0.088891126,0.081286564,0.07065656,0.057776526,0.04365978,0.029651864,0.018045256,0.013945719,0.018503902,0.024161164,0.027390055,0.027243294,0.023618778,0.017053224,0.009881993,0.012024091,0.023446638,0.036595177,0.049305867,0.060450632,0.06926778,0.07535141,0.078729525,0.07995167,0.08013202,0.08083179,0.08361597,0.08933494,0.097652584,0.10724887,0.116393134,0.12340407,0.1268837,0.12581544,0.11960345,0.10808342,0.09151125,0.0705296,0.04611368,0.019516176,0.008267614,0.035007715,0.059932407,0.08172116,0.09944545,0.11254338,0.12087855,0.12477453,0.12501007,0.12275306,0.119397394,0.11626956,0.11423858,0.11340168,0.113071196,0.11209855,0.109334074,0.10402716,0.096139856,0.08667306,0.07808584,0.074382134,0.07924723,0.09270487,0.11147527,0.13190235,0.15114892,0.16715342,0.17844507,0.18404154,0.18340145,0.17639376,0.1632641,0.1445896,0.12122147,0.09421882,0.06478708,0.034298547,0.0073816036,0.028076762,0.055653974,0.08089348,0.10307731,0.121902876,0.13732101,0.1494905,0.15873604,0.16550002,0.17029044,0.17362808,0.17599767,0.17780823,0.17936622,0.18086497,0.18239,0.183938,0.18544441,0.18681404,0.18794878,0.188768,0.1892179,0.18926796,0.18889457,0.18805452,0.18665473,0.18452635,0.18141152,0.17696902,0.17079982,0.16248883,0.15165657,0.1380137,0.12141541,0.10192072,0.07989115,0.05629884,0.034355555,0.027720315,0.046349432,0.073145285,0.101001754,0.12781277,0.15243402,0.1740478,0.19204424,0.2059981,0.21566343,0.22096694,0.22199444,0.21897042,0.21223119,0.2021951,0.18933211,0.17413652,0.15710585,0.13872848,0.11948294,0.09985173,0.08035883,0.061658613,0.044772536,0.03175287,0.026479298,0.030436555,0.038667332,0.04696225,0.053521562,0.05755926,0.058706194,0.056833025,0.052004218,0.044489212,0.034859657,0.024437286,0.017414223,0.021764986,0.0344459,0.04942776,0.06455293,0.07884167,0.091673076,0.102619484
163,0.13132304,0.13489987,0.13505864,0.13179174,0.12529849,0.11599161,0.104509205,0.09173783,0.078852504,0.067352325,0.058948897,0.054963153,0.055293325,0.058266733,0.06179094,0.064294904,0.06492345,0.06345688,0.060248792,0.056227326,0.05287435,0.05190996,0.05441837,0.060051885,0.06735195,0.07463811,0.08050283,0.083916105,0.084208935,0.08104651,0.07440795,0.06456808,0.052079987,0.037777852,0.022939306,0.011090785,0.014359326,0.025421815,0.03512429,0.04169743,0.044455256,0.043122165,0.03774742,0.028679945,0.016549407,0.0027067517,0.013829931,0.029727554,0.04488207,0.05835784,0.06948006,0.07791791,0.08378131,0.08769058,0.09076175,0.09440877,0.09989572,0.10779012,0.11769088,0.12841216,0.13839875,0.14608969,0.1501435,0.14955978,0.14374177,0.1325228,0.116166264,0.09534514,0.07112042,0.045021083,0.020350689,0.01845171,0.040237613,0.0617991,0.079906374,0.09369388,0.10298372,0.10814243,0.11003622,0.1099338,0.1092866,0.1093541,0.1107711,0.11330972,0.11602441,0.11767067,0.11714,0.113776505,0.107596986,0.099491164,0.09143071,0.0864557,0.087676965,0.09614259,0.110023506,0.1262174,0.14187144,0.15480824,0.16348736,0.16691361,0.1645721,0.15638046,0.14264314,0.1240015,0.10138522,0.07599495,0.04947433,0.025621839,0.022470009,0.043083068,0.066259205,0.08766175,0.10629167,0.121829286,0.13428077,0.14387532,0.15100287,0.15615824,0.1598859,0.16272573,0.16516255,0.16758312,0.17024589,0.17326725,0.1766272,0.18019274,0.18375412,0.1870674,0.18989596,0.19204481,0.19338295,0.19385009,0.19344586,0.19220267,0.19014591,0.18725066,0.18340553,0.17839521,0.1719082,0.16357017,0.15299563,0.13984792,0.12389688,0.10506761,0.08348099,0.05950936,0.03403335,0.012607944,0.02754979,0.05482157,0.0822021,0.10814707,0.1317742,0.152411,0.16955796,0.18289289,0.19227363,0.1977303,0.19944538,0.1977228,0.19294828,0.1855457,0.17593439,0.16449377,0.15154056,0.13732289,0.12203164,0.10582683,0.088873595,0.07138253,0.053656332,0.036178064,0.020026032,0.010750014,0.018744698,0.030857895,0.041525822,0.049641687,0.054691285,0.056378942,0.05457727,0.04932206,0.040815573,0.029446393,0.015971575,0.0062859296,0.019544102,0.036950253,0.054556224,0.07145096,0.08695454,0.100506745
164,0.11841928,0.12429903,0.12700674,0.12631412,0.122229524,0.114984214,0.10502678,0.09302679,0.079896994,0.06685037,0.05548751,0.04773465,0.045046177,0.046971638,0.05133988,0.05599916,0.05965547,0.0618045,0.06252578,0.062328994,0.061997358,0.062347714,0.06390439,0.06663911,0.0699675,0.072982125,0.07472774,0.07438977,0.07139048,0.065428816,0.056491375,0.044848885,0.031057693,0.016106443,0.0059780707,0.01801564,0.032163028,0.044378936,0.053626888,0.05921259,0.060702644,0.057939705,0.051055968,0.04047388,0.02691009,0.011624244,0.008222496,0.02435917,0.040545538,0.055103667,0.06733517,0.07697054,0.08421708,0.08979953,0.09489363,0.10085911,0.10876748,0.11894128,0.13081363,0.14315677,0.15445106,0.16319293,0.16809389,0.1681982,0.16294982,0.15222576,0.13634408,0.11605605,0.092548996,0.06755636,0.04403431,0.029425941,0.03472717,0.050681096,0.06655129,0.079189435,0.087821834,0.09266098,0.094593726,0.09500485,0.0954856,0.0973451,0.10108378,0.10620216,0.111502044,0.11560629,0.11738213,0.116193056,0.11204654,0.10570812,0.098792076,0.09368636,0.09291621,0.09778593,0.10745589,0.119612046,0.1317196,0.14168829,0.14801459,0.14975052,0.14644869,0.13811387,0.12516253,0.10839831,0.08904023,0.068923585,0.051233724,0.041945778,0.04637968,0.060134612,0.07648665,0.09219283,0.10596507,0.117347576,0.12630899,0.13307346,0.1380269,0.14165005,0.14446358,0.14697911,0.14965327,0.15284455,0.15677592,0.16151033,0.16694672,0.17283992,0.1788416,0.18455365,0.18958431,0.19359823,0.19635352,0.19772169,0.1976869,0.19632408,0.19375768,0.19010757,0.18543315,0.1796898,0.17271067,0.16422103,0.15388238,0.14135581,0.12637004,0.10878065,0.08861217,0.0660791,0.04158906,0.015771678,0.011233831,0.03762949,0.06327852,0.08728856,0.10895386,0.1277075,0.14315256,0.15508495,0.16350034,0.16858315,0.17067589,0.17022954,0.16773838,0.16366622,0.15837665,0.15208237,0.14482789,0.13651182,0.12694316,0.115915865,0.10328305,0.08901575,0.07323874,0.05624216,0.038472738,0.020514248,0.0032788268,0.013496251,0.027937163,0.039873604,0.048714496,0.054014996,0.05548902,0.05302789,0.046714596,0.03684428,0.024026994,0.010432441,0.014005316,0.031819873,0.051232863,0.07054386,0.08883405,0.105353676
165,0.105227925,0.11325277,0.11833112,0.11998473,0.11803566,0.112558804,0.103855655,0.092440695,0.07904485,0.06466022,0.050693255,0.0393368,0.033760354,0.03569261,0.042470302,0.05046799,0.057675306,0.06327267,0.067073904,0.06925766,0.07021323,0.07040382,0.07022099,0.06985065,0.06919898,0.067913696,0.06548813,0.061397687,0.05522047,0.046720166,0.03589033,0.022969123,0.008463566,0.0073403954,0.023001216,0.03803334,0.051467214,0.062438685,0.070205554,0.07420498,0.07410301,0.06983064,0.061605655,0.04994782,0.03573263,0.02061798,0.011656076,0.021728238,0.036813334,0.050964978,0.06298525,0.07258477,0.08007404,0.08632254,0.092620276,0.10031796,0.11030516,0.12262291,0.1364644,0.1504792,0.16312656,0.17293867,0.17868711,0.17948516,0.17485027,0.16473809,0.14955471,0.13015759,0.107870445,0.084583774,0.06313187,0.04815483,0.04506605,0.05243434,0.06301954,0.07214884,0.07807025,0.08058928,0.08049313,0.079294026,0.07888576,0.08086955,0.085751645,0.09271899,0.1002004,0.1065863,0.1106571,0.111758575,0.10987186,0.105654076,0.10044674,0.09615144,0.09475729,0.097450726,0.10390738,0.11252718,0.12128298,0.12837067,0.13246384,0.13275623,0.12893817,0.12116261,0.110020444,0.09654431,0.08227413,0.069405794,0.06081068,0.059005763,0.06392858,0.0729414,0.083270326,0.09316521,0.10175976,0.10874881,0.11416679,0.11824855,0.121338405,0.1238311,0.12613627,0.12865704,0.13176987,0.13579337,0.14094266,0.1472797,0.15467997,0.16283333,0.17128208,0.17948535,0.18689317,0.1930156,0.19747736,0.20005253,0.20067617,0.19943129,0.19651167,0.19216439,0.18662062,0.1800288,0.17240693,0.16362906,0.15345159,0.1415734,0.12771413,0.11169349,0.09349932,0.07334784,0.051784843,0.030180754,0.015705867,0.027221195,0.047946606,0.06846869,0.08704129,0.10290745,0.115671605,0.1252197,0.13170436,0.13552451,0.13727832,0.1376785,0.13742788,0.13707156,0.13686593,0.13671581,0.13620992,0.13473766,0.13163792,0.12633252,0.11841998,0.107727244,0.094326705,0.07852785,0.060851604,0.041996032,0.02282205,0.005110738,0.014169312,0.029206565,0.041464593,0.050208364,0.054990616,0.05559782,0.05208667,0.044881985,0.035108168,0.025943447,0.025501857,0.03775736,0.056149554,0.07643788,0.096708715,0.11576189
166,0.09265332,0.10254366,0.1096475,0.1132453,0.113008745,0.10890209,0.10113139,0.09011445,0.07646497,0.061005656,0.044884395,0.030132223,0.021759497,0.025899503,0.036962118,0.04865088,0.058841243,0.0668078,0.07233062,0.075462095,0.07643002,0.075564146,0.073220864,0.06970629,0.06521063,0.05977294,0.05329071,0.04557423,0.0364289,0.025742382,0.013573381,0.0019796651,0.014760354,0.029558834,0.044080433,0.057521377,0.06908887,0.07804472,0.08376653,0.08580512,0.08393262,0.07817838,0.068854496,0.05658394,0.04238995,0.028141638,0.018814623,0.022727055,0.03436932,0.046454065,0.056854375,0.06513805,0.0717174,0.077658676,0.08442541,0.09336638,0.10512066,0.1193516,0.13494402,0.15039524,0.16414228,0.17477015,0.18113887,0.1824657,0.17837924,0.16895209,0.15471677,0.13667457,0.11631882,0.09571064,0.07762115,0.065422334,0.061491467,0.064435564,0.07003131,0.07468169,0.076517165,0.07506214,0.07091486,0.06563623,0.06161812,0.061357483,0.06587405,0.0739352,0.083233416,0.0917045,0.09796946,0.10135025,0.10182091,0.099968,0.09692865,0.09421929,0.09333995,0.09517403,0.09954826,0.10535715,0.11110508,0.11540648,0.117248535,0.11607945,0.11181851,0.104840524,0.09595638,0.08639057,0.07771599,0.07161245,0.06927998,0.07075345,0.074910425,0.08024752,0.08556572,0.0901822,0.093868256,0.09671026,0.09896641,0.10094316,0.102909684,0.10506624,0.107567064,0.110574916,0.11430817,0.11904267,0.12505154,0.13250092,0.14134976,0.1513035,0.16184036,0.17229275,0.18194972,0.1901536,0.19637649,0.20027147,0.20169689,0.20071322,0.19755282,0.19256422,0.18613644,0.17861462,0.17022415,0.16102369,0.15090345,0.1396317,0.1269386,0.11261636,0.09661899,0.07916267,0.060879044,0.04325315,0.030222382,0.029662948,0.041082263,0.05597254,0.07018308,0.08214428,0.09120048,0.097203925,0.10042692,0.10153772,0.101552255,0.10169414,0.103111856,0.1065004,0.11183014,0.11837759,0.1250093,0.13050453,0.1337786,0.13399799,0.13062653,0.123435184,0.11249181,0.0981377,0.0809548,0.06172831,0.041422322,0.02130013,0.0068564937,0.019021459,0.0338163,0.045581836,0.05349888,0.05723371,0.056828666,0.0528218,0.046590235,0.04111909,0.04140817,0.050769664,0.06720228,0.08726069,0.10851717,0.12933226
167,0.08148603,0.09284104,0.10146821,0.106464915,0.10741363,0.10422305,0.09705478,0.08628095,0.07245301,0.056279995,0.038644698,0.020903014,0.00961154,0.020774323,0.03631523,0.05043617,0.062170245,0.071094744,0.077027515,0.07997045,0.08007792,0.07762152,0.07294731,0.06642747,0.05841239,0.049191173,0.03896963,0.027873227,0.015979933,0.0034923274,0.01009957,0.023794835,0.037640244,0.051168982,0.0638324,0.07502085,0.08411356,0.09053672,0.09382248,0.09366351,0.089959234,0.082852274,0.072758496,0.06040711,0.04694783,0.03431413,0.026151454,0.026710954,0.033836246,0.042326,0.049681734,0.055328205,0.05981447,0.064509064,0.07114663,0.08102558,0.09434198,0.11021632,0.12717718,0.14359733,0.15794158,0.16889901,0.17546703,0.17701377,0.1733251,0.16463724,0.15165764,0.13558187,0.1181143,0.1014735,0.08823136,0.08057185,0.07885823,0.08103687,0.08403365,0.08533743,0.08349559,0.078027606,0.069291696,0.058498,0.047990646,0.041621286,0.04303089,0.051221818,0.062064398,0.07243159,0.080688596,0.086178795,0.08893395,0.089533925,0.08897612,0.08845636,0.08901411,0.091134466,0.09455332,0.09841829,0.101661354,0.10333856,0.10283372,0.09995029,0.09494029,0.088497646,0.08170955,0.07590852,0.07232555,0.071562186,0.07325351,0.07631358,0.0795279,0.08199555,0.08328948,0.083447486,0.08288267,0.08223482,0.08216418,0.0831275,0.085235685,0.08828403,0.09193624,0.09594732,0.10031715,0.105323024,0.11142213,0.11905322,0.12841772,0.13934508,0.15129788,0.16348673,0.17502412,0.18506359,0.19290398,0.19805717,0.2002833,0.1995962,0.19623998,0.19063802,0.18331616,0.17480744,0.16555247,0.15581734,0.14565468,0.13492481,0.12337628,0.110765226,0.096988544,0.08222043,0.06708105,0.05293669,0.04242834,0.039210904,0.04408512,0.05323965,0.06281388,0.07061571,0.07555208,0.07721833,0.0757885,0.07206605,0.06761829,0.06480775,0.066173196,0.07290601,0.08402997,0.09739847,0.11087499,0.12274094,0.13170904,0.1368719,0.13766627,0.13385177,0.12549296,0.11293723,0.09678567,0.07785914,0.05717175,0.035977922,0.01655209,0.012488019,0.026992127,0.04095613,0.05160202,0.058313884,0.061068512,0.06042649,0.05776896,0.055642083,0.05757329,0.06617925,0.081213355,0.100576475,0.12205415,0.14384292
168,0.07236703,0.08466993,0.094190344,0.09994696,0.101505294,0.098771855,0.091908805,0.08128768,0.06745403,0.051093284,0.032996945,0.014058348,0.0055341083,0.023515096,0.040196333,0.054679178,0.066418864,0.07503815,0.080329135,0.08225174,0.08092226,0.0765917,0.06961555,0.060417958,0.049454816,0.03718361,0.02406244,0.010779233,0.006349572,0.019155111,0.032931104,0.04641534,0.059227217,0.07100556,0.081352785,0.08984335,0.0960549,0.09961174,0.100233376,0.0977824,0.09230749,0.08408017,0.07362923,0.061787296,0.049783573,0.039418694,0.033066157,0.03224587,0.035401125,0.039500788,0.042615086,0.044286113,0.04536006,0.047819566,0.05395305,0.06481059,0.07966364,0.09686126,0.11461784,0.13129862,0.14549878,0.15609008,0.16227105,0.16361834,0.16013205,0.15227248,0.14098819,0.12773257,0.11443911,0.103338815,0.09638837,0.09429121,0.095921144,0.098960094,0.10105219,0.10046526,0.09622029,0.08801286,0.0761055,0.061253082,0.04474221,0.028949885,0.020180034,0.02612887,0.038610127,0.05073572,0.060599945,0.06777261,0.072487526,0.075414784,0.07747288,0.07956425,0.08226296,0.08559984,0.08908282,0.09192485,0.093326636,0.09269899,0.08980223,0.08482653,0.07843833,0.07178705,0.06638892,0.0636963,0.06432732,0.0676014,0.071993954,0.07595305,0.07836705,0.07868572,0.07691506,0.07358971,0.06972211,0.06664842,0.065641075,0.06732466,0.07135111,0.07671114,0.08234413,0.08756407,0.09222263,0.096702844,0.1017784,0.10833077,0.11698178,0.12781124,0.1403118,0.15355948,0.16645657,0.17793716,0.1871051,0.19331583,0.19621779,0.19576238,0.19218583,0.18596333,0.17773513,0.16820696,0.15803266,0.14769836,0.13743894,0.1272201,0.11680397,0.10588544,0.09426447,0.08202528,0.06972377,0.05860538,0.050737586,0.048326056,0.051642586,0.05835382,0.065560095,0.07112033,0.07368541,0.07249695,0.06728424,0.05827789,0.046425447,0.03431036,0.028876795,0.03753204,0.054983836,0.07480761,0.0940413,0.11101294,0.124558926,0.13384148,0.13831356,0.1377169,0.13208184,0.121718615,0.10719855,0.089327686,0.06912531,0.04785782,0.027450718,0.014501374,0.022756495,0.03736878,0.05004127,0.059352245,0.06508197,0.06769943,0.068427876,0.069345474,0.07310004,0.081828095,0.09599514,0.11450412,0.1356319,0.15766324
169,0.06576173,0.078395866,0.08810237,0.093948625,0.09555088,0.09285881,0.08607442,0.07561404,0.062090173,0.04632919,0.029570503,0.015241242,0.017093036,0.03159029,0.04670795,0.059993893,0.07056014,0.07790964,0.081777744,0.08209558,0.07897101,0.07266896,0.06358907,0.052247148,0.039285753,0.025642665,0.013943706,0.014705493,0.026954861,0.040967092,0.054634362,0.06731513,0.07863355,0.088289365,0.09601064,0.10154553,0.10467402,0.105232894,0.103148974,0.09847588,0.091430575,0.08242805,0.072115414,0.061407667,0.051510677,0.043826926,0.03945452,0.03825655,0.038663797,0.038764674,0.037283316,0.03395224,0.029951504,0.02872412,0.0344624,0.047067873,0.06358997,0.08156845,0.099222906,0.11514519,0.12819757,0.13752224,0.14258896,0.14325117,0.13979934,0.13300698,0.12415899,0.1150211,0.107633136,0.10375321,0.10403424,0.107599296,0.11252867,0.11673808,0.11854817,0.11686485,0.11116859,0.10144449,0.08809703,0.071857765,0.05368608,0.034664568,0.015898546,0.0020478473,0.017243363,0.030181352,0.040411275,0.04815272,0.053999156,0.058793552,0.06338653,0.068328395,0.073653705,0.07889263,0.08327361,0.08597527,0.08632965,0.08395933,0.078870185,0.07153096,0.062972695,0.054909334,0.04965763,0.04914829,0.05319836,0.059606835,0.06595159,0.070527084,0.07238545,0.0712203,0.06731697,0.061583873,0.05563363,0.051712204,0.051892772,0.056547176,0.06409849,0.0724537,0.08004275,0.086037345,0.090318464,0.09342324,0.09643937,0.10073602,0.10748358,0.11715112,0.12932394,0.1429288,0.15661708,0.16907181,0.1791866,0.18615551,0.18951303,0.18914309,0.18526322,0.17838374,0.16923961,0.15869252,0.14760347,0.13668638,0.12637292,0.11673832,0.10753628,0.098350815,0.08882134,0.07888301,0.06899466,0.060339067,0.054810368,0.054184727,0.058497082,0.06578498,0.07356963,0.07984451,0.08320049,0.08272132,0.07790019,0.068593346,0.054990347,0.0375923,0.017267752,0.0069597713,0.029855756,0.053410403,0.07574685,0.09569753,0.11225323,0.12459141,0.13211712,0.13449429,0.13166335,0.12384465,0.111528695,0.09545822,0.07661536,0.05626191,0.036269005,0.02126316,0.022713138,0.035901383,0.049604066,0.060912043,0.06920926,0.0747555,0.0785171,0.082125165,0.08761221,0.096748665,0.11029543,0.1278205,0.14811982,0.16971691
170,0.06194393,0.074227065,0.08340313,0.08870301,0.08984732,0.08686636,0.08003996,0.069882885,0.057176042,0.043130472,0.030080555,0.023601674,0.029189728,0.041276835,0.054085188,0.06532019,0.07392468,0.07931996,0.08121254,0.079535134,0.07442137,0.06619124,0.055351388,0.04265133,0.02939898,0.019151429,0.02056258,0.03239235,0.046779137,0.06100807,0.074111246,0.08557642,0.095074095,0.10237886,0.10733924,0.10986638,0.10993466,0.10759203,0.10297828,0.096348785,0.088101275,0.078802295,0.06920617,0.06024277,0.052906044,0.0479333,0.04531962,0.044124607,0.04290208,0.04030733,0.035414208,0.027800228,0.017722646,0.008649219,0.016336659,0.032509368,0.050095435,0.06746879,0.083488755,0.09717883,0.107752256,0.11468223,0.11777906,0.11726644,0.113852635,0.10877962,0.103785425,0.10082726,0.101424776,0.105890945,0.11316284,0.12140281,0.12872659,0.13360858,0.13500914,0.13237941,0.12562594,0.11505992,0.101336315,0.08538559,0.06834764,0.05153373,0.036489055,0.025303103,0.020621225,0.022312071,0.026493436,0.030916026,0.03551,0.04095441,0.047708552,0.055579744,0.063807935,0.07136984,0.07723984,0.08055349,0.08070606,0.077416345,0.07077493,0.061301146,0.050068926,0.039060246,0.031843342,0.03236975,0.039485633,0.048539,0.05637457,0.06141169,0.06294545,0.060887266,0.05574646,0.04878201,0.0423433,0.03990467,0.04389365,0.052954797,0.06395263,0.07446001,0.083033286,0.08898472,0.092281215,0.09354065,0.09402265,0.09546361,0.09958505,0.107355945,0.118542634,0.13193059,0.14589494,0.15885332,0.16949283,0.17685916,0.1803859,0.179897,0.1755905,0.16800286,0.15794942,0.14643465,0.13452324,0.123168156,0.11301395,0.1042399,0.09654034,0.089296654,0.08188545,0.07400997,0.065991566,0.05900533,0.055060685,0.05607512,0.062169407,0.07146802,0.08156848,0.0904756,0.096731655,0.09934,0.09770787,0.09162727,0.08128755,0.067346185,0.05120826,0.036192156,0.030710887,0.041136447,0.05924323,0.078318894,0.09557894,0.10954623,0.11929126,0.12425187,0.124187335,0.119162016,0.109532006,0.095930696,0.07926539,0.060773954,0.0423476,0.02803438,0.026364753,0.03715906,0.05088716,0.063461594,0.07375477,0.08173098,0.088047065,0.093918145,0.10089541,0.1104363,0.12339702,0.13977075,0.15881155,0.1793516
171,0.0609903,0.07222842,0.08021868,0.084428824,0.08472229,0.0812436,0.074391805,0.064844266,0.053663027,0.042605273,0.034757838,0.03405989,0.04075051,0.05090861,0.061260805,0.070011884,0.07616439,0.07915285,0.07870665,0.074798,0.06762275,0.057606667,0.045477044,0.03260059,0.022518298,0.023160215,0.034607448,0.04945479,0.06445718,0.078359425,0.090488754,0.10042323,0.107899494,0.11277809,0.11502594,0.114706084,0.11197303,0.107073635,0.10035345,0.09226779,0.08339404,0.07443599,0.06619549,0.059461623,0.05476638,0.052076433,0.05068944,0.049499486,0.047404174,0.04357249,0.0375502,0.029329423,0.019668592,0.012410317,0.01754274,0.03050988,0.04482876,0.058509987,0.070448615,0.079848796,0.08619085,0.089294106,0.08941081,0.087336525,0.08450056,0.082894854,0.0845577,0.090586476,0.100502886,0.11267057,0.12514184,0.13618323,0.14445421,0.14904037,0.14944847,0.14559047,0.13775788,0.12658234,0.11298063,0.098081425,0.083127975,0.06933703,0.057677966,0.048563275,0.04161095,0.035818763,0.0302333,0.024815045,0.021420205,0.023496578,0.03139945,0.04218479,0.053396378,0.06341715,0.07108287,0.075549096,0.07627661,0.07304492,0.065962896,0.0554704,0.042348813,0.027853446,0.01490355,0.0142049845,0.025311137,0.036693748,0.04547058,0.050683636,0.051978085,0.0494933,0.043977518,0.03715453,0.032440685,0.034247488,0.043079056,0.055380758,0.06802674,0.07911691,0.0875312,0.092723854,0.09470281,0.09408653,0.092170574,0.0908795,0.0923558,0.09806623,0.108012125,0.12085915,0.13471296,0.14774881,0.15848432,0.16585505,0.16922493,0.16837846,0.16350351,0.15516202,0.14424331,0.13189048,0.11938139,0.107936464,0.09844061,0.0911523,0.08559404,0.08078011,0.07568053,0.069675036,0.06289419,0.056504745,0.05282401,0.054428652,0.06195011,0.073509656,0.08651337,0.09880801,0.10880658,0.11538523,0.11781728,0.11575296,0.10922459,0.09867449,0.08503238,0.0699299,0.05623596,0.04867986,0.0514152,0.062440682,0.07650951,0.08994204,0.10069142,0.10761047,0.11009899,0.1079649,0.101365015,0.090777375,0.07700278,0.06124294,0.04544368,0.033450894,0.031723455,0.040833127,0.05403543,0.06721602,0.07888473,0.08870777,0.097026624,0.10467831,0.11281183,0.12259892,0.13488007,0.1499059,0.16730262,0.18622828
172,0.06278842,0.072335824,0.07860143,0.08131378,0.080505505,0.0764678,0.06976205,0.06128429,0.052411757,0.04520916,0.042211935,0.044757262,0.051479097,0.059807643,0.06767578,0.073743105,0.07717904,0.07750578,0.07452251,0.068273954,0.05904967,0.04744068,0.03461155,0.023580082,0.022233794,0.033110026,0.048433222,0.064273946,0.079145305,0.09224574,0.10305669,0.11124296,0.11662174,0.11914879,0.1189089,0.1161077,0.11106486,0.10420922,0.09607599,0.08730302,0.0786168,0.07078508,0.064498655,0.06016376,0.057690404,0.056466337,0.05558838,0.0541798,0.051613513,0.047627356,0.042412847,0.03676889,0.032337885,0.03140316,0.035111856,0.042119384,0.05019187,0.05756814,0.06306413,0.06595528,0.06596235,0.063351974,0.05916463,0.05553925,0.055636685,0.061995327,0.07441777,0.09066468,0.10829369,0.12532128,0.14022166,0.15185574,0.15944384,0.1625659,0.1611663,0.1555496,0.14635958,0.13453577,0.1212409,0.10774383,0.09523408,0.08455389,0.075910725,0.0687589,0.062017363,0.054519586,0.045413833,0.03438538,0.021881988,0.011013952,0.015343955,0.029128104,0.043176092,0.055460185,0.064910576,0.07079565,0.07267689,0.07042008,0.0642009,0.054494515,0.04205355,0.02790944,0.013708783,0.007917286,0.018427849,0.029169112,0.037155595,0.041637592,0.04240176,0.039747097,0.03471849,0.029722773,0.029036963,0.035529066,0.0469897,0.060057133,0.07248868,0.082853325,0.090239465,0.09418735,0.094723314,0.09244412,0.088623516,0.085249186,0.08471021,0.088827215,0.097762436,0.110046126,0.12355605,0.13630225,0.14671336,0.15368167,0.1565504,0.15509702,0.14951743,0.1404072,0.12873441,0.115794495,0.10311773,0.09225862,0.0843797,0.07971392,0.07735048,0.07568747,0.07318694,0.06890774,0.062777326,0.05584807,0.050648704,0.05080965,0.058303673,0.07143779,0.08711824,0.10279468,0.11663666,0.12733631,0.13399313,0.13607392,0.13340464,0.12617396,0.11494518,0.100692004,0.084897935,0.06978754,0.05861334,0.054912988,0.059281997,0.06827099,0.077942155,0.08575217,0.090312354,0.09096556,0.0875636,0.08037297,0.07006122,0.057793774,0.045596536,0.037173126,0.037287217,0.045978077,0.058681548,0.07205251,0.08455694,0.09565511,0.10541587,0.11434859,0.12326001,0.13305739,0.14450085,0.15797946,0.1734032,0.19024016
173,0.06705975,0.0743634,0.0785076,0.07946852,0.07746392,0.07295907,0.066706225,0.059814606,0.05380618,0.050437316,0.050925463,0.05501169,0.061174404,0.067660145,0.07306562,0.07640755,0.077050276,0.074642226,0.069080114,0.060497276,0.049288973,0.036266804,0.023497276,0.01825122,0.027852362,0.043595854,0.06021929,0.0760398,0.09018505,0.10207013,0.1112928,0.11760991,0.12093137,0.12131676,0.118970655,0.11423627,0.10758759,0.099619634,0.09103335,0.082604356,0.075113304,0.06920962,0.065215915,0.0629746,0.06188574,0.061145462,0.060024776,0.05805871,0.055142686,0.051584743,0.048127733,0.04585703,0.045803867,0.048279926,0.05257641,0.057376824,0.061310776,0.06322841,0.06228128,0.05796186,0.050190687,0.039606523,0.02876865,0.02583995,0.03786975,0.05796788,0.08059855,0.10329279,0.12446861,0.14288868,0.15757316,0.16781594,0.17322081,0.17373276,0.16965438,0.1616426,0.15068124,0.13802038,0.12506281,0.11316364,0.10332225,0.09583879,0.09015742,0.08508474,0.07926437,0.071598195,0.06145387,0.04869527,0.033622235,0.016876163,0.0007408318,0.0180117,0.034106508,0.047996145,0.0588661,0.06612195,0.06943983,0.06879923,0.064500645,0.05717787,0.047831044,0.03794295,0.02975519,0.026155505,0.028059052,0.032621767,0.036751166,0.03881467,0.03826289,0.035388026,0.03149461,0.029314345,0.032127306,0.040379193,0.051687606,0.06365703,0.07459467,0.08332497,0.08907278,0.091455445,0.090533935,0.08690586,0.081832916,0.07732698,0.07588369,0.07942252,0.08801097,0.099957466,0.11299833,0.12512082,0.134789,0.14094244,0.14296532,0.14066808,0.13428006,0.12444828,0.11224175,0.09915531,0.08706689,0.077980116,0.07328646,0.07279493,0.07468672,0.07662359,0.07674131,0.073987424,0.068171985,0.06009957,0.05201852,0.04816264,0.052869517,0.065824516,0.08322871,0.10171988,0.119030096,0.13359593,0.1443188,0.15047657,0.1516966,0.14794675,0.13952808,0.12706625,0.11150962,0.094155185,0.07674574,0.06167545,0.052016314,0.049992856,0.054173615,0.060643103,0.06624828,0.06927934,0.0690204,0.065419786,0.058980852,0.050846376,0.04313179,0.03924623,0.042276923,0.051579665,0.064128965,0.07754564,0.09050746,0.102399155,0.113092884,0.12283433,0.13214505,0.14169313,0.15212369,0.16388053,0.17707576,0.19145119
174,0.073393285,0.07800888,0.07976909,0.078868434,0.07571467,0.07095741,0.06552213,0.060608152,0.0575302,0.057259817,0.059863895,0.06444961,0.06968782,0.074315585,0.077336974,0.07804351,0.0759865,0.07094986,0.0629329,0.052147735,0.03906195,0.024694484,0.013280981,0.019225124,0.03530038,0.052564602,0.06915434,0.084206276,0.09711631,0.107440345,0.11488269,0.1192999,0.12070542,0.11927154,0.11532791,0.10935632,0.101980485,0.0939455,0.086073704,0.07917277,0.07387493,0.07043686,0.06862128,0.06778468,0.067134954,0.065997146,0.06398663,0.06109857,0.05775175,0.0547779,0.053254455,0.05404967,0.057254266,0.062047597,0.06710611,0.07106054,0.07272641,0.07117788,0.06576899,0.056144554,0.042248223,0.024332738,0.0034553264,0.021573607,0.047530554,0.07416416,0.1002241,0.124477535,0.14576992,0.16310257,0.17570601,0.1831029,0.18515652,0.18210211,0.17455938,0.16352418,0.15033251,0.13657647,0.123924784,0.1137856,0.106836036,0.102681495,0.09999675,0.09709866,0.09251576,0.08528256,0.074997306,0.061769396,0.046146527,0.029128673,0.013158366,0.013049434,0.027540337,0.04163942,0.05316613,0.06140981,0.066103086,0.06732816,0.065501645,0.061364174,0.055956848,0.05054636,0.04639844,0.044303242,0.044099536,0.04477792,0.045123514,0.044261843,0.041899946,0.03845951,0.03525052,0.03442735,0.037795648,0.045095805,0.05453009,0.06425064,0.0728427,0.07929933,0.082973294,0.083583094,0.08126525,0.07667279,0.07112014,0.066682674,0.065847,0.070230335,0.07936995,0.09126855,0.10370055,0.114835724,0.123322695,0.1282459,0.12909397,0.1257526,0.11851514,0.1081109,0.09576072,0.083263166,0.0730118,0.06750311,0.06783967,0.07257036,0.07880545,0.08393096,0.08619814,0.084672876,0.07913779,0.07013589,0.059298195,0.050194494,0.04872901,0.05832282,0.07557998,0.09575952,0.11575911,0.13361745,0.1479987,0.15799126,0.163041,0.16292804,0.15775165,0.14791107,0.13407975,0.11717652,0.09834406,0.078959696,0.060731176,0.045940615,0.03745404,0.03656549,0.04029361,0.044536054,0.047006898,0.04696044,0.04464343,0.041186616,0.038721494,0.039958354,0.046314664,0.056817655,0.06958562,0.08308125,0.096290804,0.10862464,0.11983853,0.12998374,0.13935494,0.14841329,0.15767638,0.16758643,0.17838703,0.1900459
175,0.081283495,0.08286968,0.08208543,0.07931737,0.07515657,0.07041625,0.06610761,0.06329646,0.062773064,0.06466816,0.06836711,0.072817974,0.07691496,0.07971428,0.080498904,0.078778386,0.074272856,0.0668965,0.05674312,0.04407618,0.029343622,0.013462748,0.008004747,0.024417257,0.042110782,0.059142925,0.07477951,0.088448234,0.09969291,0.10818308,0.113728985,0.11629448,0.11600636,0.11315965,0.10821859,0.10181076,0.09470706,0.08776997,0.08184175,0.07755445,0.07511242,0.074191615,0.07406557,0.07388317,0.0729296,0.070790574,0.0674431,0.06331695,0.059327405,0.056774843,0.056895986,0.06010833,0.06565169,0.07203365,0.077659026,0.081152305,0.08144826,0.07781591,0.06989253,0.05778182,0.042425405,0.027603362,0.027119763,0.04622599,0.07198498,0.09904706,0.12514856,0.14871144,0.16846696,0.18342377,0.19290362,0.19658571,0.19454306,0.18726522,0.17566673,0.16108021,0.14522389,0.1301013,0.117727324,0.10955891,0.10578662,0.105125114,0.105457105,0.10473372,0.10148718,0.09493831,0.084924474,0.071792044,0.056317702,0.039752018,0.024474038,0.017457943,0.02503336,0.037130307,0.04814417,0.056654822,0.062309984,0.0652458,0.06593586,0.06509266,0.063538305,0.062018633,0.060989477,0.060476165,0.060110614,0.059332,0.057630893,0.054742686,0.05078179,0.046349436,0.04260171,0.04106509,0.04283812,0.04767538,0.054224037,0.0609456,0.06660135,0.070328936,0.07162526,0.07035235,0.066790715,0.06175471,0.05676071,0.05404384,0.055791996,0.06257167,0.07296239,0.08484152,0.09633746,0.106018916,0.1128463,0.11612706,0.115506425,0.110984154,0.102953896,0.09227784,0.0804255,0.06967388,0.063052185,0.0630175,0.06916985,0.078558,0.088051945,0.095402785,0.09919384,0.09864932,0.09354307,0.084218584,0.0717739,0.058635995,0.049787074,0.051969606,0.065862104,0.08584847,0.10730989,0.12756586,0.14494291,0.15832035,0.16697302,0.17051718,0.16888559,0.1623053,0.15126893,0.13649721,0.11889425,0.09949954,0.079445116,0.059936985,0.042313464,0.028325543,0.0206061,0.020404367,0.02367493,0.026660556,0.028557828,0.030272372,0.033535406,0.039785996,0.04922713,0.061080623,0.07430834,0.087976485,0.10134868,0.11390373,0.12534112,0.1355801,0.14474463,0.15312605,0.16111799,0.1691265,0.17746909,0.18628667
176,0.09016953,0.08847496,0.08504968,0.080459826,0.075464785,0.070986785,0.06797825,0.06714238,0.068615355,0.07187874,0.07599466,0.07993494,0.08279151,0.08385408,0.08262026,0.078784205,0.07222156,0.062974446,0.05123591,0.03733382,0.021720732,0.005179993,0.012908107,0.030327117,0.04721156,0.06291196,0.0768807,0.08865731,0.09788804,0.10434602,0.10794911,0.10877481,0.107072584,0.103272736,0.09798917,0.092006244,0.08622686,0.08154473,0.078619905,0.07762875,0.07816602,0.07940406,0.08039307,0.08031876,0.078653574,0.075238734,0.0703502,0.06477635,0.05986843,0.057350915,0.058553632,0.063416645,0.07048683,0.077829294,0.08370204,0.086753905,0.08604574,0.08107393,0.071870886,0.059322458,0.04622667,0.03997424,0.04937238,0.07084719,0.09709607,0.124138884,0.14962524,0.17184673,0.18948278,0.20156571,0.2075048,0.20711994,0.20066917,0.18886615,0.17289078,0.15439846,0.13552071,0.11878584,0.10672619,0.10088313,0.10069796,0.10370826,0.106998354,0.108309016,0.106306426,0.10046252,0.09087719,0.07813592,0.06322529,0.04756557,0.033404868,0.025026929,0.026887923,0.035167936,0.044277735,0.05203062,0.05789319,0.06201401,0.064864725,0.06701439,0.06892683,0.07080417,0.07253521,0.073767185,0.07405308,0.073005006,0.07041249,0.06632027,0.061077755,0.055368807,0.050197344,0.046719257,0.04576904,0.04728416,0.050293326,0.053506736,0.05582515,0.056519028,0.055251945,0.052099936,0.047636814,0.043116674,0.04060272,0.04230428,0.04882905,0.058779806,0.070209965,0.0814999,0.091422476,0.099050246,0.103705175,0.10495382,0.10263052,0.096882984,0.08825079,0.07780962,0.067425475,0.059995815,0.058754213,0.064705804,0.0755252,0.087924495,0.09933986,0.10803469,0.11287465,0.1131925,0.10874426,0.09972836,0.08688638,0.071803115,0.057729255,0.05084474,0.05704472,0.073783,0.09484125,0.11620879,0.13562757,0.15169436,0.16350189,0.17051381,0.17251608,0.16958828,0.16207498,0.15055041,0.13577494,0.118644394,0.100134216,0.08124164,0.062929645,0.046079896,0.031475034,0.019891916,0.012591774,0.011531731,0.015398199,0.02152933,0.029474609,0.039333668,0.05095786,0.063923806,0.07766202,0.09156851,0.105082616,0.11774157,0.1292188,0.13934782,0.14813031,0.15572518,0.16241579,0.16855422,0.17448747,0.18047738
177,0.09947522,0.09432862,0.08820012,0.0818387,0.07615659,0.07211101,0.07043735,0.07131919,0.0742649,0.078325726,0.08244172,0.08567373,0.08728917,0.08677054,0.08379986,0.078240424,0.07012124,0.059625834,0.047091957,0.033060357,0.018664712,0.010157588,0.02024852,0.035295922,0.0501454,0.063727,0.075459145,0.08493572,0.091887966,0.09618806,0.09786208,0.09710582,0.09430171,0.09003349,0.08508782,0.080413625,0.076986186,0.0755402,0.076262996,0.07868274,0.08186651,0.08475443,0.08641637,0.08618492,0.08371855,0.07905056,0.07265896,0.06557442,0.05947486,0.05646369,0.058015954,0.06371435,0.071563,0.0792957,0.08506764,0.08755876,0.085954614,0.079989925,0.07014901,0.058271717,0.04911058,0.0509316,0.06678869,0.09103755,0.118356705,0.14552033,0.17032152,0.19107437,0.20648406,0.21564128,0.21805063,0.21366106,0.2028877,0.18662581,0.16626757,0.14374277,0.12160124,0.103056274,0.09149557,0.08863385,0.09264419,0.09947542,0.10551486,0.108532235,0.10747987,0.10215127,0.09294064,0.080690205,0.06660543,0.052265357,0.03981064,0.032159332,0.031492323,0.036004785,0.04214174,0.047952883,0.05295441,0.057387054,0.06172508,0.06632822,0.07123041,0.07611005,0.08041075,0.083516255,0.084901646,0.08423402,0.08142748,0.07666455,0.07039427,0.06331012,0.056296106,0.050298158,0.046055358,0.04373297,0.042762853,0.042136084,0.04088228,0.038377672,0.03447883,0.029674541,0.025465148,0.024658496,0.029363876,0.038407933,0.049525235,0.061105143,0.07206658,0.08160147,0.08906931,0.09397019,0.09595206,0.09483693,0.09066468,0.08376491,0.074885115,0.065426216,0.05777498,0.055163376,0.05969566,0.07020446,0.08371093,0.09756286,0.109861225,0.11926646,0.12484206,0.12599178,0.122450165,0.114304736,0.10205557,0.08676606,0.070469275,0.057148177,0.053330757,0.06258027,0.08034359,0.100954615,0.12108131,0.13884282,0.15308902,0.16311966,0.16857907,0.16940793,0.16580972,0.15821624,0.14724708,0.13366215,0.11830778,0.10205789,0.08575219,0.07013437,0.05579778,0.043160472,0.032531373,0.024420816,0.020227402,0.02187955,0.028894322,0.03922244,0.05153059,0.065039635,0.07913979,0.093271196,0.10691674,0.11962766,0.13105421,0.14097136,0.14929491,0.15608455,0.16153128,0.16592704,0.16961622,0.17293319
178,0.10864956,0.09995518,0.091079816,0.08297192,0.07669163,0.07316211,0.072768286,0.07509751,0.07911748,0.08361111,0.08749902,0.08995561,0.09041136,0.08852313,0.08414455,0.077303745,0.06818974,0.057153422,0.04475001,0.03194313,0.021068089,0.018457318,0.026700195,0.03870301,0.05078061,0.06165792,0.07071243,0.07758151,0.08207476,0.0841588,0.08396552,0.08181217,0.0782292,0.07398559,0.07007775,0.06760351,0.06744235,0.06984608,0.07428848,0.07972737,0.08499853,0.089072034,0.091158316,0.09074701,0.08763491,0.08196924,0.07432469,0.06583355,0.05833758,0.054237977,0.055297825,0.060994346,0.06893488,0.07656213,0.081924714,0.083714,0.08121275,0.07436569,0.064109474,0.053353097,0.048770208,0.057777155,0.078726694,0.10550435,0.13387838,0.1611171,0.18518566,0.2044745,0.21775064,0.22417873,0.22335623,0.21534191,0.20067172,0.1803668,0.1559527,0.12953529,0.10402184,0.08351451,0.07295225,0.074338436,0.083380975,0.09400993,0.102330245,0.10648841,0.105873235,0.10065521,0.09155041,0.079686135,0.06652552,0.053845283,0.043703575,0.03799722,0.03709312,0.039209798,0.04221885,0.045106646,0.047964208,0.05147645,0.056316394,0.062649585,0.07001098,0.07753136,0.08424247,0.08929067,0.09204987,0.092171416,0.089597195,0.08454773,0.07749025,0.069088355,0.060131285,0.051433295,0.043685414,0.03725546,0.032011896,0.027343258,0.022445383,0.016715195,0.010282497,0.007047753,0.0138782095,0.024582516,0.036319796,0.048172586,0.059476793,0.0696544,0.078203,0.0847057,0.08884238,0.09040101,0.08929297,0.08557914,0.079519205,0.07166854,0.06306612,0.05554203,0.051853303,0.0545079,0.06347704,0.076462515,0.09097992,0.105143525,0.11756896,0.12721089,0.13328698,0.13526033,0.13284971,0.12605457,0.11519597,0.10099615,0.084766835,0.06887682,0.05762044,0.05663562,0.06707959,0.08410305,0.10300985,0.12105822,0.13668814,0.1489757,0.1574051,0.16177231,0.16213347,0.15876476,0.1521214,0.14279146,0.13144386,0.11877152,0.10543317,0.091999054,0.078911446,0.06647764,0.05492534,0.04457172,0.036190085,0.031517774,0.032733347,0.03991638,0.05103803,0.06424868,0.078372955,0.092611134,0.106347665,0.11908548,0.13043535,0.14012383,0.14800414,0.1540624,0.15841505,0.16129437,0.16302027,0.16395743
179,0.117206015,0.10494303,0.09329082,0.08342253,0.07656277,0.07355981,0.0743548,0.077911146,0.08274193,0.08746486,0.09103345,0.092745796,0.092188895,0.08918513,0.0837539,0.076087184,0.06653984,0.055646054,0.04420337,0.033549774,0.026228433,0.025685089,0.031662725,0.040368542,0.049206927,0.056957092,0.06301264,0.06706487,0.06899925,0.06886906,0.066904575,0.06354787,0.059508443,0.05581034,0.053720403,0.054370135,0.058143742,0.06444105,0.072083786,0.07982206,0.08657389,0.09148019,0.09391031,0.09347233,0.09003954,0.08379649,0.07531578,0.06568982,0.05672518,0.05096123,0.050610814,0.055449292,0.062871784,0.07001505,0.074771315,0.075791575,0.07239109,0.06463747,0.053842206,0.04414935,0.04447763,0.05996738,0.084937185,0.11362621,0.14266348,0.16971377,0.19291542,0.2107545,0.22207291,0.2261107,0.22254668,0.21152452,0.19366091,0.17004219,0.1422324,0.11236228,0.083509035,0.060879033,0.052616365,0.060697816,0.07551806,0.0893997,0.09913114,0.10359029,0.10268033,0.09695543,0.08745917,0.07563712,0.06328667,0.05248499,0.04522874,0.042368922,0.04269643,0.04397747,0.044635285,0.04432977,0.043877743,0.04488359,0.04882035,0.0559271,0.06514677,0.0749397,0.08388635,0.09088525,0.095184505,0.096373245,0.09436093,0.08934449,0.08176072,0.07222366,0.061448388,0.050163906,0.03901895,0.028487314,0.018788734,0.009866481,0.0019413369,0.0076280097,0.016615957,0.026289469,0.036531366,0.0470422,0.05738045,0.06703697,0.07550283,0.08232247,0.08713109,0.0896774,0.089834854,0.08760627,0.08312993,0.07669954,0.06882056,0.060340613,0.052693866,0.04811707,0.049013358,0.056005407,0.06745685,0.08119916,0.09551793,0.10914601,0.121095955,0.13056794,0.13692228,0.13968593,0.13857362,0.13351536,0.124689326,0.112568766,0.098010175,0.08244816,0.06830654,0.059454035,0.05986911,0.0694475,0.08420724,0.10044735,0.115902826,0.12926923,0.13980167,0.14711991,0.15111266,0.15187904,0.14968115,0.1448976,0.1379754,0.12938142,0.11955728,0.10888385,0.09766357,0.08612988,0.074495874,0.063061796,0.052422788,0.043832283,0.039503373,0.041559327,0.049646024,0.06150701,0.07514129,0.08925242,0.10298252,0.11571608,0.1269969,0.13650079,0.14403015,0.14951469,0.15301055,0.15469381,0.15484549,0.1538258
180,0.12475917,0.10898323,0.09453931,0.08285226,0.07535777,0.072835036,0.07472626,0.07935825,0.084851235,0.08971965,0.09297738,0.09405007,0.09267616,0.088836856,0.08271142,0.07465073,0.06516886,0.05496338,0.044990893,0.03661918,0.031655107,0.031391416,0.035007127,0.040347975,0.045685876,0.05003324,0.052879825,0.053996786,0.05334626,0.051054776,0.047435,0.043063253,0.038919706,0.036485095,0.03734763,0.04209751,0.049894087,0.059329767,0.0691292,0.07826772,0.08591652,0.091404594,0.094217815,0.09402213,0.0907012,0.08440557,0.07562121,0.06528191,0.05496432,0.047089394,0.044362076,0.047433045,0.053821124,0.060288474,0.064455144,0.064839564,0.06067887,0.051980056,0.04014897,0.03081483,0.036591727,0.057844087,0.085569315,0.11522137,0.1442441,0.17065206,0.19275045,0.20912476,0.21869257,0.22076185,0.21507592,0.20183668,0.18170403,0.15577574,0.12556581,0.09304695,0.06106034,0.03593153,0.034091614,0.05244518,0.072292216,0.087904714,0.09772992,0.10142956,0.09934083,0.09232903,0.08172768,0.069324404,0.0573804,0.04849817,0.044644866,0.045334265,0.04784615,0.049557354,0.049080014,0.046255592,0.04210935,0.03897824,0.039956547,0.04642443,0.056764323,0.068432674,0.07941083,0.08831206,0.0942381,0.09668636,0.095495865,0.09080126,0.08298041,0.07259143,0.06030132,0.046811923,0.03279525,0.018880004,0.0063069724,0.009566334,0.021496328,0.033219527,0.044444237,0.055127475,0.06516988,0.07437135,0.08244289,0.08904666,0.093847595,0.0965633,0.09700436,0.09510141,0.0909196,0.084665015,0.07669297,0.067537226,0.057995528,0.049321312,0.043464802,0.04270782,0.047895674,0.057614367,0.06984804,0.083086334,0.09629535,0.10869613,0.119637266,0.12854803,0.1349353,0.13840184,0.13867334,0.13562825,0.12932754,0.12004663,0.10831882,0.09501067,0.08146654,0.06973774,0.06262973,0.06257758,0.06943759,0.08064087,0.09346628,0.10604821,0.11726156,0.12646255,0.13332078,0.13772069,0.13969672,0.13938335,0.13697271,0.13267905,0.12671143,0.11925832,0.11048649,0.10055744,0.0896648,0.078101926,0.06638324,0.055470686,0.04712955,0.043946017,0.04760801,0.056929782,0.069388136,0.08301582,0.09656751,0.10923377,0.120457955,0.12985507,0.13717982,0.14231484,0.14526552,0.14615513,0.1452165,0.14277802
181,0.13105695,0.111903496,0.09467355,0.08106195,0.07279537,0.07065475,0.07356141,0.0791825,0.08527793,0.09029479,0.09332177,0.09391181,0.09194818,0.08756203,0.08108218,0.07300448,0.06397652,0.054798048,0.04642861,0.03994054,0.036238566,0.035473153,0.036776762,0.038848232,0.040618323,0.041429464,0.040955227,0.039093286,0.035894517,0.031538628,0.026383383,0.021187171,0.017690573,0.018649079,0.024640203,0.033627246,0.043974757,0.05472518,0.06517289,0.07468503,0.08265999,0.08854028,0.09184834,0.0922323,0.089515164,0.083745815,0.07525609,0.06474131,0.053409263,0.043258075,0.037207123,0.037434306,0.042370595,0.048289824,0.05228636,0.052607425,0.048284087,0.038992077,0.02540369,0.013894762,0.02701324,0.05257304,0.08123862,0.11052605,0.13858934,0.1637255,0.18438222,0.19923425,0.2072653,0.20783734,0.20073834,0.1862037,0.16490892,0.13793392,0.10670421,0.0729252,0.03861835,0.009556083,0.028659893,0.054854147,0.076072745,0.09112994,0.09957084,0.10145682,0.09733995,0.08825155,0.075713135,0.06182375,0.04947938,0.04229287,0.04230722,0.047065333,0.052356202,0.055410128,0.05499312,0.050931662,0.04397847,0.036146887,0.031543843,0.034846567,0.045203306,0.05829439,0.07107152,0.08177764,0.0893526,0.09318682,0.0930268,0.08892206,0.081177,0.07029967,0.056953143,0.04193779,0.026350688,0.0133176595,0.015861124,0.029819712,0.044830617,0.059153065,0.0722755,0.0839059,0.093808696,0.10176216,0.107553266,0.11099193,0.11193562,0.110316746,0.10616697,0.099634916,0.09099655,0.080663435,0.069201864,0.057395168,0.046416305,0.03816527,0.035236083,0.038876154,0.047319736,0.058133956,0.069817916,0.081574075,0.09291849,0.10347825,0.11290638,0.120856605,0.1269901,0.13099883,0.13263622,0.13174838,0.12830268,0.12241236,0.114358895,0.104617365,0.09389343,0.08317944,0.073810406,0.06739582,0.065349594,0.068041876,0.07450491,0.08315948,0.092589736,0.10178605,0.11008949,0.11708385,0.12250976,0.12620611,0.12807208,0.12804432,0.12608635,0.122188136,0.11637436,0.10872065,0.09937863,0.08861482,0.076878086,0.06493107,0.054107428,0.046649586,0.04528357,0.050841432,0.061247483,0.07389686,0.08700932,0.0994937,0.110653765,0.12002904,0.12732401,0.13237764,0.13514939,0.13571137,0.13424173,0.13101679
182,0.13600694,0.11369704,0.093718216,0.078027286,0.068748675,0.06682646,0.070676416,0.07725251,0.083955824,0.08918502,0.09211067,0.09240908,0.09009857,0.08544706,0.07891617,0.07112244,0.062804446,0.05478169,0.047873586,0.042726777,0.03955063,0.037952438,0.03711324,0.036177058,0.03452093,0.03181821,0.027992632,0.023144031,0.017474534,0.011223166,0.00463995,0.0026430443,0.009628369,0.01705831,0.024912454,0.033261877,0.042088162,0.051229637,0.060368076,0.069048956,0.07672509,0.08281351,0.08675784,0.08809061,0.08649179,0.08184109,0.07426488,0.06418516,0.052398156,0.04026834,0.03023246,0.026102133,0.029230554,0.03539289,0.040436894,0.042160504,0.039432462,0.031746402,0.019195128,0.0058266455,0.022038644,0.046569973,0.07320341,0.10025063,0.12609157,0.1491351,0.16790317,0.18112624,0.18783124,0.18741302,0.17968339,0.16489372,0.14373007,0.11728398,0.08701356,0.05477267,0.023758156,0.01806396,0.04361204,0.06765736,0.08655538,0.099209316,0.105179,0.10453876,0.09784981,0.08614899,0.07097747,0.054567024,0.040490504,0.034335796,0.038657654,0.04779802,0.056174386,0.061182976,0.06179665,0.05783835,0.049773604,0.038802724,0.02765759,0.023142375,0.031041073,0.044954397,0.0592779,0.071651176,0.080841206,0.08613054,0.087164335,0.08389608,0.0765537,0.065615155,0.051819902,0.036355976,0.022129655,0.01941158,0.03258254,0.05011211,0.06777908,0.08427766,0.09890803,0.111184895,0.120747015,0.1273319,0.13077137,0.13099566,0.12804066,0.12205484,0.11330298,0.10216595,0.08913791,0.074828975,0.059995998,0.045670487,0.033579066,0.026955727,0.028829362,0.03682772,0.046969384,0.057372134,0.067384504,0.07681283,0.085613325,0.09375987,0.10118401,0.10775614,0.11329444,0.117590845,0.12044404,0.12169149,0.1212356,0.11906155,0.11524711,0.10996618,0.103489585,0.096186936,0.08853349,0.081121854,0.07466615,0.06996006,0.06772908,0.068375476,0.07178115,0.07736435,0.08432701,0.09187162,0.0992964,0.106010064,0.111520626,0.115424655,0.117403656,0.11722673,0.11475722,0.109961666,0.102921195,0.09384815,0.08311692,0.07133009,0.059468243,0.049194627,0.04314598,0.043882623,0.0511083,0.06209329,0.074393645,0.08651276,0.097560965,0.10698255,0.11442584,0.11968543,0.12267558,0.12341656,0.12202627,0.1187141
183,0.13969433,0.11454447,0.09190658,0.07394013,0.06327086,0.061296415,0.06600941,0.07354384,0.08090561,0.08645146,0.08943609,0.08965187,0.08723854,0.08258277,0.07625581,0.068962574,0.061482787,0.054580778,0.0488584,0.044563387,0.041463554,0.038932197,0.03621731,0.03269917,0.028014855,0.022070682,0.015002028,0.007116566,0.0011892156,0.009400049,0.01711422,0.023956671,0.029713003,0.034378305,0.038197774,0.04165673,0.045374498,0.049888488,0.05541628,0.061746836,0.06831193,0.0743492,0.07905777,0.08171236,0.081741765,0.078783624,0.07272216,0.06371285,0.052201282,0.038965475,0.025336642,0.014651776,0.015420439,0.024358567,0.032835715,0.038308647,0.03990335,0.03752253,0.032155037,0.027326483,0.030378371,0.044062983,0.063793555,0.08578173,0.107629776,0.1274812,0.14376889,0.1551971,0.16078767,0.1599363,0.15245925,0.13862526,0.11917958,0.09539788,0.06932996,0.045042865,0.033653393,0.04548377,0.06632563,0.086080335,0.10142471,0.110941164,0.11403091,0.11067258,0.10134323,0.08697729,0.068966,0.04933068,0.031763542,0.025120059,0.034229465,0.047803268,0.059319787,0.0666526,0.06900704,0.066233955,0.058657724,0.047028042,0.032619298,0.01829851,0.015606435,0.028943403,0.044559047,0.058430918,0.06914956,0.07590808,0.078253455,0.07604211,0.06943314,0.058913916,0.04544689,0.031215837,0.023117036,0.03142684,0.049394146,0.069578335,0.08940532,0.107600994,0.12329921,0.13585398,0.14479595,0.14982438,0.15080737,0.14778176,0.14094923,0.13066646,0.11742934,0.10185182,0.08464325,0.066594705,0.04861002,0.031938687,0.019450279,0.018252634,0.027126422,0.037780676,0.04761843,0.056156173,0.063456476,0.06977019,0.075396515,0.080597386,0.08554416,0.090298034,0.094821654,0.09901099,0.10273235,0.105852254,0.10825399,0.10984117,0.1105322,0.11025224,0.10892862,0.1064948,0.102905445,0.09816353,0.092358865,0.08571804,0.0786655,0.07188803,0.06636226,0.063229255,0.06337914,0.06691877,0.07307647,0.08064266,0.08842544,0.09544437,0.1009545,0.10442168,0.10549687,0.10399875,0.09990312,0.09333781,0.08458576,0.07410606,0.06259925,0.05117964,0.041746244,0.037228983,0.03980939,0.048081134,0.05901488,0.0704894,0.08131865,0.09081764,0.098568074,0.104316555,0.10792953,0.10937157,0.10869372,0.10602667
184,0.14238821,0.11482335,0.089706644,0.069263615,0.056642927,0.054152325,0.059605397,0.068123095,0.076222494,0.08221316,0.08543273,0.08577925,0.083496556,0.07906763,0.0731456,0.066488154,0.05987034,0.053953305,0.04911134,0.045288578,0.04200897,0.03857346,0.03431737,0.028789867,0.021836571,0.013693131,0.006072835,0.009292567,0.018989531,0.02889565,0.037900664,0.04537924,0.050902005,0.05425044,0.05546861,0.05492337,0.05335583,0.051867153,0.05170255,0.053734463,0.05794525,0.0634508,0.06898269,0.07331497,0.07545927,0.07472462,0.07073082,0.063406914,0.05297921,0.03994696,0.025044875,0.00921224,0.006789256,0.021452239,0.034090225,0.0438271,0.050096862,0.052731074,0.052137863,0.049588595,0.04755795,0.04939058,0.057131995,0.069804415,0.08485895,0.09983917,0.11277529,0.122151405,0.12687306,0.12627862,0.12017639,0.108903736,0.093444295,0.07573493,0.059505552,0.051462334,0.05716471,0.07253533,0.09039323,0.10640893,0.11825882,0.12465185,0.12496522,0.11911227,0.107476346,0.09085824,0.07043364,0.04778589,0.025562154,0.0151373,0.029675096,0.04736498,0.061853215,0.07168396,0.076254256,0.075428136,0.06945497,0.058921564,0.044704437,0.027943859,0.010445771,0.010854795,0.027562508,0.042731646,0.054828092,0.06300788,0.066732086,0.065765984,0.06021903,0.050658803,0.038539015,0.028043779,0.029228756,0.044427197,0.065318115,0.08749675,0.1089347,0.1283079,0.14460479,0.15704386,0.16506478,0.16833581,0.16675985,0.16047285,0.14983185,0.135392,0.11787326,0.09811877,0.077048436,0.05561695,0.034810595,0.01599134,0.0084182145,0.020827003,0.03323524,0.04327581,0.050867785,0.05629338,0.06001692,0.06259522,0.06458871,0.066474624,0.06858512,0.07109416,0.07405488,0.077461556,0.08129938,0.08555827,0.090209715,0.0951643,0.10023469,0.10512286,0.109437466,0.11273496,0.11457271,0.11456354,0.11242516,0.10802226,0.10140279,0.092834376,0.08285199,0.07233521,0.062622234,0.055554144,0.05300287,0.05556786,0.061919194,0.069933265,0.07783184,0.08441355,0.08892752,0.090943,0.09026905,0.086907975,0.081027895,0.07294951,0.063153796,0.052337542,0.041593097,0.03286336,0.029317865,0.03293848,0.04148301,0.051847335,0.062258575,0.07180912,0.079987995,0.08648452,0.0911103,0.09376573,0.094424404,0.09312561
185,0.1445297,0.11509417,0.08782321,0.0647957,0.049476154,0.045647416,0.051603124,0.061133333,0.0700645,0.07663858,0.080272324,0.08095635,0.07901809,0.075011395,0.069641605,0.06368572,0.0578808,0.052768428,0.048529398,0.0449089,0.04131985,0.03707911,0.03164264,0.024781952,0.01685986,0.010398732,0.0134322895,0.023727184,0.035487697,0.04693235,0.057104003,0.065275826,0.070893,0.07359802,0.07327377,0.07009464,0.064592846,0.057756066,0.051148094,0.0468564,0.046673976,0.05061647,0.05685846,0.06319285,0.067905135,0.06986255,0.068417504,0.0633369,0.054773293,0.04328762,0.030058566,0.018262386,0.017774697,0.029460026,0.043174956,0.055391774,0.064777,0.07065886,0.072826505,0.071547374,0.067647204,0.06261495,0.05859936,0.057862412,0.06142353,0.068237595,0.07611435,0.082952,0.08722321,0.08804679,0.085210234,0.079268664,0.0717742,0.06557549,0.06446204,0.07080169,0.08332177,0.09871822,0.11391951,0.12664844,0.13530713,0.13884774,0.1367073,0.12877291,0.11534928,0.09711587,0.07506998,0.050463036,0.024793817,0.004858608,0.025805144,0.046759695,0.06386239,0.07620647,0.08326925,0.0848736,0.08118032,0.07266731,0.06009227,0.04444228,0.026880447,0.008812879,0.009628204,0.025429213,0.038565177,0.048011705,0.05311397,0.05354337,0.049391784,0.04143706,0.03210159,0.028251417,0.037861552,0.056987986,0.07978448,0.10332348,0.12579659,0.14581092,0.16223086,0.17416173,0.18096824,0.18229559,0.17808163,0.16855499,0.15421757,0.13581115,0.11426992,0.090661325,0.06611897,0.041771665,0.018673416,0.0022697432,0.020320179,0.035016663,0.046141874,0.053760216,0.058204103,0.060042843,0.060023826,0.058977667,0.057683878,0.056720622,0.056367025,0.05663582,0.057439495,0.058795065,0.06094865,0.06434254,0.06942041,0.07637339,0.08499302,0.09470517,0.10471258,0.11414332,0.12216095,0.12803766,0.13120233,0.13127224,0.12807259,0.12164652,0.11225881,0.10039963,0.086801305,0.07249562,0.058960315,0.048355613,0.043314565,0.044956002,0.051194064,0.058929544,0.066035144,0.07135294,0.07430701,0.07466905,0.07244095,0.06779238,0.061025467,0.052561346,0.0429644,0.033069726,0.024430687,0.020250654,0.023419272,0.031467874,0.041018277,0.05048928,0.05915897,0.066622965,0.07261785,0.07696126,0.07953017,0.0802539
186,0.14669389,0.1160458,0.08713682,0.061684344,0.04291036,0.03629358,0.042226996,0.052779686,0.06264058,0.069936566,0.074157424,0.07537084,0.07396507,0.070538074,0.06581896,0.06057711,0.05549458,0.051003043,0.047143087,0.043548733,0.039602894,0.03468401,0.028404372,0.020907294,0.013942258,0.014116025,0.023641584,0.036487974,0.04997295,0.06283444,0.074132994,0.083082676,0.08905063,0.09159047,0.090480655,0.08576127,0.07777311,0.067217775,0.055292465,0.044017326,0.036702815,0.036695935,0.043074302,0.051695574,0.05939288,0.064430155,0.06592504,0.06356407,0.05753492,0.04861404,0.038556222,0.031171454,0.03219018,0.041979503,0.055393096,0.06872783,0.08000029,0.08804883,0.09220618,0.092208564,0.088171795,0.08058463,0.070314415,0.05864815,0.04741421,0.039114024,0.03622065,0.03876812,0.044091392,0.04977722,0.054900825,0.059760567,0.06540451,0.07301736,0.08323996,0.09581805,0.10975173,0.12366316,0.136102,0.14573249,0.15144353,0.15241767,0.14817429,0.1385907,0.1239017,0.10467819,0.08178711,0.056340713,0.029679066,0.0053239325,0.02353132,0.04623584,0.06545349,0.08020082,0.08986879,0.094167404,0.09312696,0.087090194,0.07669014,0.062816516,0.046582364,0.029346261,0.0133413905,0.010192761,0.021644494,0.031743784,0.038061094,0.03998146,0.037605427,0.03217113,0.02771221,0.032029007,0.047222603,0.06854773,0.09245497,0.11673139,0.13966359,0.15979125,0.175876,0.18693072,0.1922597,0.19149214,0.1845999,0.17189646,0.15401526,0.13186868,0.10658975,0.07946164,0.051845152,0.02515939,0.0043908446,0.022386229,0.0402324,0.053936213,0.06326779,0.068429306,0.06998475,0.068818994,0.066060066,0.06292178,0.060428847,0.059080973,0.05868217,0.05853141,0.05785726,0.056235638,0.053900417,0.051968247,0.052388806,0.05708533,0.06657131,0.07975479,0.09492115,0.11043522,0.12492299,0.13727492,0.14663243,0.1523843,0.15416738,0.1518642,0.14559364,0.13569391,0.12269967,0.107318535,0.090417266,0.07304159,0.056525286,0.04279358,0.03469055,0.03434124,0.039618958,0.046543673,0.052695006,0.057007283,0.059076488,0.05882702,0.056367233,0.051918827,0.04577969,0.03831194,0.029972728,0.021481235,0.014559971,0.013506838,0.019526465,0.028166242,0.037164684,0.045697585,0.05332102,0.059715852,0.06462567,0.06784339
187,0.14951806,0.11838649,0.08853394,0.061237607,0.038817175,0.027193885,0.031796496,0.0433152,0.054198477,0.062346835,0.067314446,0.06922855,0.06851407,0.06578698,0.061775643,0.05722431,0.052758787,0.04872728,0.04508566,0.04142038,0.037126258,0.031655595,0.02479297,0.017245566,0.013190206,0.01958516,0.032294698,0.04697807,0.061951026,0.076115005,0.08853255,0.09837889,0.10496729,0.10778888,0.10655055,0.10120519,0.0919733,0.079361096,0.06419711,0.047770932,0.032439895,0.023768997,0.028073864,0.03921978,0.050284054,0.05868099,0.06340167,0.0641438,0.061174262,0.055433255,0.04884823,0.044704184,0.04664893,0.05531384,0.067953914,0.08151108,0.09379541,0.10333276,0.109154835,0.11070038,0.107770205,0.10049485,0.089296296,0.07483848,0.05797094,0.03969579,0.021378044,0.009184678,0.020566905,0.036964074,0.052814767,0.06778204,0.08205915,0.09593131,0.10957493,0.12292706,0.13563573,0.14709131,0.15651487,0.16307114,0.16598026,0.16461335,0.1585652,0.14770217,0.13218631,0.11247819,0.089327246,0.063777104,0.037357565,0.014988522,0.023484396,0.04599258,0.0667448,0.08369053,0.09594382,0.10303158,0.10481374,0.10146747,0.09347228,0.08158551,0.06680961,0.050364345,0.033720195,0.019030547,0.011881216,0.016667044,0.022965305,0.026245134,0.026191108,0.024827255,0.027385803,0.03839995,0.056546867,0.07890522,0.103221156,0.12763694,0.15047817,0.17022605,0.18556017,0.1954198,0.19906192,0.19610482,0.1865515,0.17078939,0.14956592,0.12394087,0.09521924,0.064872034,0.03447448,0.006555067,0.02179613,0.044227555,0.06217571,0.07508505,0.08291258,0.08607494,0.08544854,0.082344666,0.07840456,0.07530826,0.07422823,0.07527689,0.07747706,0.079319164,0.07938343,0.07670111,0.07093142,0.06255825,0.053357445,0.04727625,0.049762297,0.062198356,0.080811836,0.101775005,0.122587495,0.14157245,0.15752959,0.16960311,0.17723612,0.18015127,0.1783337,0.17200816,0.16160801,0.14773737,0.13112894,0.11260192,0.09302709,0.07331208,0.054443426,0.03770701,0.02547284,0.021946501,0.02697066,0.034572426,0.041461278,0.046595525,0.04967548,0.05066705,0.04965373,0.046783634,0.042253677,0.036319066,0.029341428,0.021951048,0.015641494,0.014001512,0.018960848,0.0270244,0.035688132,0.043897744,0.051060554,0.05675376
188,0.1535985,0.122691825,0.09264514,0.064406835,0.039314408,0.021055143,0.020822102,0.03302716,0.045012083,0.054129742,0.05998591,0.06274784,0.062852696,0.06091087,0.05763168,0.053727116,0.049778458,0.046085265,0.042567857,0.038806006,0.03421869,0.028311526,0.021004891,0.013708408,0.013493054,0.02402547,0.038727116,0.054832373,0.07107467,0.0864396,0.09999201,0.11088029,0.11837649,0.12192128,0.12116391,0.11599195,0.10654814,0.09323358,0.076699555,0.057840463,0.037852045,0.018919325,0.012527878,0.026262173,0.041007623,0.05287656,0.06098713,0.065123096,0.06560002,0.06336177,0.060145516,0.058490667,0.060960796,0.06848918,0.07981979,0.092748724,0.1052263,0.115665585,0.12293594,0.12632088,0.1254928,0.12050054,0.11176622,0.10010048,0.0867658,0.07363617,0.06341504,0.05929073,0.062879026,0.07257668,0.085493654,0.09950335,0.113449,0.12677144,0.1391949,0.15052158,0.16050613,0.16879527,0.17492339,0.17835106,0.17853019,0.17497827,0.16734864,0.15548773,0.13947597,0.119653285,0.09663995,0.07139411,0.045529928,0.023855416,0.025505302,0.0461616,0.06785972,0.08673438,0.10144992,0.111294225,0.11593045,0.115353234,0.10987461,0.100106254,0.08693023,0.071459495,0.054997172,0.03902543,0.025327258,0.016437957,0.014617457,0.01674635,0.01929424,0.023354812,0.031992454,0.046396695,0.06562632,0.08811738,0.11220726,0.13620952,0.15846169,0.17739828,0.19163628,0.20005876,0.20188665,0.19673121,0.1846221,0.16600834,0.14173159,0.112972796,0.08117596,0.047954187,0.014995315,0.016182369,0.043956835,0.06723432,0.08517181,0.09737402,0.10394516,0.10553594,0.1033731,0.099239185,0.09529805,0.09358445,0.095164694,0.09956741,0.105108045,0.10973339,0.11165583,0.10961566,0.102951124,0.09163954,0.07644821,0.059519418,0.046322364,0.047099505,0.06413513,0.08883096,0.115305655,0.14068325,0.16326104,0.18189323,0.195812,0.2045688,0.20800452,0.20622185,0.1995516,0.18851191,0.1737621,0.15605393,0.13618352,0.11494749,0.09310633,0.07135883,0.05033473,0.030639155,0.01330491,0.0084765935,0.020677805,0.032415222,0.04202357,0.04926352,0.054069072,0.056449566,0.056478877,0.0543043,0.050166927,0.04443928,0.037703235,0.030925592,0.025778562,0.024539888,0.028045287,0.034517433,0.041842844,0.04866933
189,0.1593768,0.1292627,0.099631645,0.07127826,0.045049742,0.022278523,0.010812045,0.022226773,0.035368595,0.045555595,0.05242161,0.056152172,0.057173144,0.056070175,0.053522877,0.050213933,0.046701144,0.04327301,0.0398552,0.036044788,0.031277176,0.025061192,0.017328214,0.010090752,0.0135412505,0.026647868,0.04266679,0.05984515,0.07715072,0.09362832,0.10834823,0.12043898,0.12913653,0.1338336,0.13412237,0.12982666,0.121020526,0.10803148,0.09142763,0.071988694,0.050662078,0.028506372,0.0066279895,0.013919317,0.03214307,0.04727508,0.058796562,0.066532396,0.07073398,0.07216678,0.07217308,0.07259276,0.07531846,0.08147336,0.09085547,0.10222289,0.113981806,0.1246636,0.13311866,0.13857412,0.14065033,0.1393682,0.13515484,0.12884529,0.12166644,0.11515907,0.11094994,0.11031259,0.11368394,0.12053984,0.12976359,0.14015113,0.15071586,0.16076471,0.16984951,0.1776763,0.1840141,0.18862323,0.1912143,0.19144039,0.1889201,0.18328212,0.17422102,0.16155405,0.14527251,0.12558614,0.10297083,0.078265004,0.05303838,0.031672996,0.028808704,0.046797752,0.06891816,0.08941714,0.106396765,0.118872315,0.12629935,0.12848602,0.12557462,0.118028976,0.10661074,0.09234032,0.07644397,0.060293294,0.045350306,0.033130728,0.025110241,0.022185482,0.023990577,0.03000703,0.040486936,0.055533882,0.074562855,0.096450135,0.11975221,0.14285602,0.16409898,0.18188205,0.19477804,0.20163015,0.20163439,0.19439946,0.17997994,0.15888041,0.13203159,0.10074565,0.066685796,0.03215056,0.012161047,0.039171934,0.067320384,0.09081581,0.10850358,0.1199718,0.12543236,0.1257553,0.12250591,0.11790785,0.11456102,0.11469358,0.11913099,0.12686609,0.13569704,0.14320095,0.14733091,0.14662258,0.14022548,0.12789364,0.11000599,0.08773034,0.06378623,0.045718357,0.049098425,0.07301464,0.10366197,0.13475606,0.16361898,0.1887047,0.20900309,0.22388037,0.23302111,0.23639187,0.23420471,0.22687565,0.21497878,0.19919816,0.18028119,0.15899661,0.13609986,0.11230844,0.08828947,0.06466536,0.04206701,0.02148138,0.00942905,0.020906597,0.035595763,0.04834835,0.0585275,0.065911874,0.070427306,0.07211476,0.07113419,0.06777896,0.06249934,0.055941574,0.049011238,0.042939834,0.03918721,0.038816,0.04160069,0.04617353
190,0.1670527,0.1380629,0.10917602,0.08114364,0.054695107,0.030551657,0.009970934,0.011265405,0.025555734,0.036893584,0.04486852,0.049660154,0.051662177,0.051422536,0.049588863,0.046826065,0.043695536,0.040512443,0.03724249,0.033515543,0.028769746,0.022460867,0.014337293,0.0062289136,0.012613232,0.027225835,0.04403577,0.061965063,0.0801395,0.09765243,0.11358147,0.12703785,0.1372212,0.14347196,0.1453169,0.14250427,0.13502626,0.12312674,0.10729421,0.0882412,0.06687683,0.04430295,0.022088293,0.009232908,0.024664389,0.04212328,0.05690498,0.06837343,0.076501794,0.08171388,0.08486673,0.08718387,0.09004851,0.09462336,0.101442255,0.11025695,0.120239034,0.13033727,0.13957019,0.14719442,0.15278186,0.15624504,0.15782842,0.15806802,0.15771142,0.15759102,0.15845728,0.16080949,0.16478692,0.1701702,0.17648523,0.18315093,0.18960802,0.19539624,0.20017822,0.2037233,0.2058681,0.2064694,0.20536298,0.20233864,0.19713752,0.1894721,0.17906502,0.16570012,0.14927873,0.1298788,0.10782486,0.08381356,0.05930199,0.038254783,0.03258607,0.0478832,0.07002606,0.091837555,0.11083462,0.12575324,0.1358448,0.14073627,0.14040402,0.13516487,0.1256584,0.112811804,0.097786814,0.08191089,0.06659924,0.053274382,0.043277808,0.037722792,0.037248537,0.04192981,0.0515388,0.065672494,0.08362307,0.10431381,0.1263586,0.14817153,0.168089,0.18449329,0.19593163,0.20122445,0.19955622,0.19054331,0.17427562,0.15133347,0.122793145,0.09028173,0.056429133,0.029007344,0.035435244,0.06341942,0.091159225,0.11432355,0.13146286,0.14209847,0.14651223,0.14575782,0.14169374,0.13691439,0.13435048,0.1363205,0.14340585,0.15418594,0.16608444,0.17639674,0.18285868,0.18382756,0.17829965,0.1658846,0.14678507,0.12182767,0.09270268,0.0631935,0.04497028,0.057265196,0.08878111,0.124323025,0.15876693,0.18988074,0.21634446,0.23731853,0.25232,0.2611674,0.263939,0.2609302,0.25260922,0.23957132,0.22249582,0.20210858,0.17915267,0.15437017,0.12849799,0.102286205,0.07656864,0.052515026,0.032729518,0.02497743,0.034031607,0.048645005,0.06262948,0.07426548,0.08294586,0.088448316,0.09077172,0.09009358,0.08676009,0.08128738,0.07436876,0.066882655,0.05987756,0.05446122,0.05148295,0.05107649
191,0.1765573,0.14876205,0.12065701,0.092994206,0.066505745,0.041874263,0.019719739,0.0020617489,0.015850112,0.028400704,0.037558973,0.043472335,0.046486817,0.047107533,0.0459557,0.043696295,0.040924452,0.038019083,0.03501776,0.031597674,0.02719532,0.021197429,0.013113866,0.002936901,0.010611064,0.025811665,0.04292071,0.06128906,0.080146596,0.098624,0.11580428,0.1307797,0.142709,0.15087152,0.15471481,0.15389279,0.14829224,0.13804594,0.12353221,0.10536331,0.08437054,0.06161768,0.03861242,0.019298073,0.020368006,0.0376526,0.055336274,0.070606925,0.082811296,0.09189674,0.09820741,0.102421276,0.10547461,0.10842489,0.11224093,0.11757111,0.12459933,0.1330709,0.14245792,0.15215854,0.16164818,0.17055921,0.17870149,0.18604206,0.19266,0.1986894,0.2042621,0.20946184,0.21429798,0.21870217,0.22254497,0.22566488,0.22789991,0.22911315,0.2292066,0.22812082,0.22582103,0.22227383,0.21742012,0.21115194,0.20330058,0.19364154,0.1819187,0.16788645,0.15136598,0.13231365,0.11090838,0.08770064,0.064013086,0.043474626,0.03627766,0.04934474,0.071264334,0.0940934,0.11483686,0.1319728,0.1445637,0.15206663,0.15429828,0.1514293,0.14397267,0.13275419,0.11886254,0.10358028,0.08830101,0.07443914,0.0633368,0.05615857,0.053752124,0.056508936,0.06434729,0.076808326,0.0931126,0.11216757,0.13260227,0.15284848,0.17125142,0.186193,0.19621535,0.20013592,0.19714682,0.18689404,0.16953714,0.14580368,0.11709408,0.08586628,0.05738703,0.045540385,0.06120095,0.08815208,0.114794314,0.13708508,0.153343,0.16300008,0.1663699,0.1646415,0.15990281,0.15503553,0.1532107,0.15679158,0.16616815,0.1796225,0.19430302,0.20727938,0.2160986,0.21895638,0.21471001,0.20284718,0.18345071,0.1571832,0.12535742,0.09038056,0.058184493,0.047863837,0.07266839,0.11033823,0.14922035,0.18561728,0.21774024,0.2445037,0.26524368,0.2796215,0.28757057,0.2892515,0.28500885,0.27532867,0.26079974,0.24208096,0.21987699,0.19492453,0.16799134,0.13989462,0.11155814,0.08417589,0.059726216,0.042523567,0.039846368,0.050746374,0.06610478,0.080908686,0.09328208,0.1024647,0.10817155,0.11040059,0.10936578,0.10546809,0.09927786,0.09151908,0.08304727,0.07480413,0.06771366,0.062479373
