0,0.112578556,0.11124116,0.108721375,0.10496997,0.09999404,0.09385221,0.08664809,0.07852257,0.06964567,0.060209714,0.050426874,0.040539354,0.030866645,0.021981219,0.015345042,0.014184305,0.019105965,0.026582034,0.034661006,0.042672884,0.05032723,0.057445742,0.06388583,0.06951754,0.07421841,0.07787534,0.08038899,0.081678875,0.08168811,0.08038796,0.07778247,0.073914625,0.06887596,0.06282298,0.056006696,0.04882661,0.04192581,0.03631846,0.033361904,0.034086093,0.03820214,0.04437966,0.05127914,0.057953577,0.06380764,0.068514645,0.0719785,0.07432435,0.07589012,0.07718944,0.07881703,0.081287466,0.08485108,0.08937841,0.09437778,0.09912071,0.1027977,0.104648754,0.10405499,0.100599326,0.0941077,0.08468077,0.072731115,0.05906382,0.04512072,0.033709954,0.02974141,0.035274703,0.045384575,0.05565465,0.06411474,0.07008161,0.07369596,0.07586035,0.07821778,0.08285255,0.09150673,0.10474529,0.12186364,0.14145736,0.16197772,0.18201254,0.20038967,0.21621121,0.22886342,0.23801225,0.24358419,0.24573079,0.24477744,0.2411596,0.235353,0.22780702,0.21889214,0.20887104,0.19789836,0.18604767,0.17335667,0.1598779,0.14572273,0.13108966,0.116273895,0.10165966,0.08769972,0.074886955,0.06371969,0.05465407,0.048027504,0.043951858,0.04224052,0.042472664,0.04417481,0.046966065,0.050587125,0.054859724,0.05964183,0.064804494,0.07022676,0.075797185,0.08141422,0.08698367,0.09241584,0.09762572,0.10253868,0.10710075,0.11129023,0.11512525,0.118661486,0.12197643,0.12514006,0.12817764,0.13103478,0.13355632,0.13548745,0.13649781,0.13622324,0.13431582,0.13049303,0.12457916,0.11653515,0.10647504,0.09466948,0.08153813,0.06763532,0.053638525,0.040362783,0.02886071,0.020687794,0.017680595,0.019322177,0.022695966,0.02616047,0.02966123,0.033873603,0.039519966,0.046880674,0.055676855,0.06525225,0.07479407,0.08347558,0.09053433,0.09531856,0.097318776,0.09618961,0.09176327,0.08405408,0.07325424,0.05972158,0.043962263,0.026623594,0.008749103,0.011115735,0.028800292,0.04549868,0.06032909,0.07269805,0.08214786,0.088357605,0.091149665,0.090491325,0.086490124,0.0793831,0.069520935,0.05734882,0.0433878,0.028232375,0.01272324,0.0062644994,0.020546062,0.035241306,0.04882479,0.060883217,0.07116283
1,0.11165321,0.11111835,0.10942286,0.10650256,0.10235047,0.09701189,0.090577476,0.08317494,0.07495934,0.066103,0.056785874,0.0471884,0.03749088,0.027891826,0.018699959,0.010857543,0.00856968,0.014243953,0.022121945,0.030209625,0.038054325,0.04545573,0.052262135,0.058328502,0.06350921,0.067661494,0.070652954,0.07237053,0.0727297,0.07168365,0.069232605,0.065434664,0.06042075,0.054419003,0.047799025,0.041153677,0.035425793,0.031954512,0.031965386,0.035481025,0.041280735,0.04797106,0.05453163,0.060303856,0.0648969,0.068141714,0.07008476,0.070997275,0.071373865,0.071884796,0.07324285,0.07598356,0.08024931,0.08571477,0.09169235,0.097322166,0.10174102,0.10419539,0.10411041,0.10113416,0.095170744,0.08641185,0.07538196,0.06303224,0.05095848,0.041767795,0.038705777,0.042567603,0.05025717,0.05836037,0.064868264,0.06888032,0.070313126,0.06987303,0.06914516,0.07049386,0.076269016,0.0874856,0.10341018,0.12239381,0.14270844,0.16287494,0.18172127,0.19837269,0.2122335,0.22296573,0.23045945,0.23479165,0.2361741,0.23489453,0.23125872,0.22554228,0.21796061,0.2086621,0.19774401,0.18528579,0.1713898,0.15621935,0.14002556,0.12315847,0.10606099,0.089248285,0.073276244,0.05870359,0.046050187,0.035748452,0.028075606,0.023064515,0.020479854,0.020013502,0.021547621,0.025086526,0.030486403,0.037392385,0.045351785,0.053914692,0.06268214,0.071325324,0.07959221,0.0873074,0.09436762,0.10073441,0.106425144,0.11150267,0.11606306,0.12022006,0.124085076,0.12774311,0.1312272,0.13449639,0.1374235,0.1397968,0.14133702,0.1417271,0.14064944,0.13782504,0.13304932,0.1262209,0.11736117,0.10662371,0.09429401,0.08078212,0.06661384,0.05243558,0.039075267,0.027782585,0.020790726,0.020477384,0.025128355,0.03126074,0.03732359,0.043017264,0.048505865,0.054053202,0.059820104,0.06576016,0.07160716,0.07692964,0.08121316,0.08393991,0.08465223,0.08299815,0.078760944,0.07187551,0.062433843,0.05068264,0.037020776,0.02204112,0.007428857,0.012330723,0.027719563,0.042599153,0.055982202,0.06728484,0.07606175,0.08199179,0.084882416,0.084672585,0.08143056,0.07534624,0.06671874,0.055941124,0.04348658,0.029914167,0.016028954,0.0062084375,0.01557377,0.028612012,0.040936712,0.051950965,0.061373115,0.06905178
2,0.11430057,0.11452207,0.11358644,0.11141918,0.10800328,0.10337435,0.09761403,0.090841755,0.0832051,0.07486914,0.06600565,0.05678306,0.047358878,0.03787709,0.028477423,0.019343356,0.010972394,0.006436087,0.011213172,0.018933315,0.02684183,0.034452442,0.0415489,0.047956213,0.053504776,0.058028568,0.061372742,0.0634045,0.064025015,0.06318175,0.060881566,0.057206243,0.052334633,0.046580218,0.04046075,0.03481778,0.030922212,0.030167427,0.032992296,0.038410593,0.044995658,0.051629484,0.057564557,0.062323436,0.065639004,0.067441866,0.06787533,0.06732039,0.066406235,0.06595989,0.06683329,0.069606274,0.07432386,0.0804741,0.08719654,0.09353172,0.098590046,0.10164036,0.10215589,0.099843726,0.09466998,0.08688808,0.07708104,0.06623916,0.05589327,0.04819629,0.045324262,0.047658704,0.05312768,0.05908002,0.06362767,0.06574854,0.06515264,0.06229109,0.058545806,0.056444813,0.059129864,0.06834805,0.08324326,0.10171044,0.12177585,0.14192127,0.1610224,0.17826714,0.19310401,0.20520501,0.21442857,0.2207766,0.2243461,0.22528017,0.22372562,0.21980429,0.21360296,0.20518251,0.19460292,0.18195668,0.16740236,0.15119056,0.1336771,0.11532079,0.09666659,0.07831616,0.060889542,0.04498187,0.0311179,0.019703913,0.01096622,0.004837168,0.0007454053,0.0028104822,0.0071573867,0.0131098125,0.0206599,0.029473973,0.039115082,0.049138803,0.05914142,0.06878818,0.07782952,0.08610766,0.093554825,0.10018432,0.10607538,0.1113531,0.116164446,0.12065177,0.124925934,0.12904203,0.13298115,0.13664183,0.13984276,0.14233696,0.14383538,0.14403617,0.14265646,0.13946271,0.13429718,0.12709828,0.11791379,0.1069065,0.094353445,0.080641836,0.06627049,0.051879823,0.038382582,0.027410528,0.022115273,0.024731576,0.031997513,0.04034879,0.04835698,0.055577286,0.06191503,0.0673878,0.07201543,0.0757624,0.078515075,0.08008743,0.08024769,0.07875644,0.07540694,0.07006131,0.062678784,0.053336505,0.042248853,0.029815676,0.016920902,0.008580405,0.017207844,0.030608986,0.043779586,0.05571091,0.06582921,0.07371226,0.07905559,0.081671394,0.08149067,0.078562304,0.073047765,0.065211795,0.05541096,0.044085275,0.03177253,0.0192617,0.009186109,0.012482524,0.023352692,0.034309704,0.044202704,0.052653935,0.05948687,0.064644136
3,0.119288564,0.120112546,0.11977662,0.11819832,0.11535198,0.11126437,0.106008664,0.09969673,0.092469946,0.08448885,0.07592233,0.0669373,0.05768993,0.048320472,0.03895421,0.02971539,0.02077953,0.012613442,0.007524449,0.010608992,0.017629372,0.025090562,0.03224812,0.038802624,0.04453804,0.04926352,0.052807774,0.055026885,0.0558165,0.055126026,0.05297487,0.04947336,0.04485487,0.039533176,0.034207135,0.030000737,0.028377919,0.030264407,0.035113666,0.04154794,0.04834278,0.054643996,0.059877057,0.06366973,0.065825224,0.06632896,0.06537622,0.06341152,0.061159566,0.059592307,0.059731286,0.06225343,0.06714162,0.07371264,0.080950245,0.08781708,0.0934146,0.0970421,0.098219015,0.096699916,0.092490904,0.08587091,0.07742285,0.06808198,0.05919039,0.052441325,0.049362,0.05022855,0.053649373,0.057575185,0.060306944,0.06077204,0.058499593,0.053637486,0.047170613,0.041490413,0.040757135,0.048182253,0.06250908,0.080686204,0.10045052,0.12034502,0.13938023,0.15686156,0.17231283,0.18543226,0.19605473,0.20411244,0.20959505,0.21251403,0.21287727,0.2106785,0.2059028,0.19854628,0.18864429,0.17630178,0.16171867,0.14520521,0.12718435,0.10818015,0.08879394,0.06967097,0.051462796,0.034795355,0.020280639,0.008903982,0.006169341,0.011714032,0.016561966,0.020079125,0.022999398,0.026320431,0.030838784,0.036818106,0.044028006,0.05200678,0.06027393,0.068430044,0.076189995,0.083386935,0.08996247,0.09594828,0.101441294,0.10657434,0.11148475,0.11628409,0.12103259,0.12572144,0.13026486,0.13450229,0.13820972,0.14111772,0.14293426,0.14336951,0.1421609,0.13909672,0.13403636,0.1269263,0.11781091,0.106838204,0.09426181,0.080443904,0.06587087,0.051217645,0.037577413,0.02719246,0.024209298,0.02978924,0.039321758,0.04947506,0.05894073,0.06718972,0.07398258,0.0792021,0.082784116,0.08468403,0.084861495,0.083277725,0.079902664,0.07472928,0.06779268,0.05919306,0.049126662,0.03794832,0.026383238,0.01658617,0.015398199,0.024426628,0.036294438,0.048097406,0.058820877,0.06788938,0.07490198,0.07957849,0.0817491,0.08135307,0.078437306,0.07315213,0.0657442,0.05654825,0.045982953,0.034569427,0.023059404,0.013265545,0.011615993,0.01935635,0.02879274,0.03758042,0.04509321,0.051081043,0.05545644,0.058244668
4,0.12515877,0.1263872,0.12645875,0.12528373,0.12282791,0.119109005,0.11419134,0.10817896,0.101207145,0.0934327,0.085023485,0.07614819,0.06696731,0.05762705,0.048257988,0.03898228,0.02993861,0.021359708,0.013871695,0.009706879,0.012115154,0.018162133,0.024832811,0.031196183,0.03686449,0.04158673,0.0451661,0.047447093,0.048321746,0.04774304,0.045743436,0.0424616,0.03818721,0.033443857,0.029128937,0.026603967,0.027210286,0.031088395,0.037104998,0.04395109,0.0506506,0.056527082,0.06110938,0.06408564,0.065295264,0.064744174,0.06263777,0.059430122,0.05588033,0.05306347,0.052193493,0.054131262,0.058871865,0.065585144,0.07310645,0.080330595,0.08635855,0.09052182,0.092379645,0.09171916,0.08856209,0.08317686,0.07609576,0.06813597,0.060405586,0.054212153,0.050693136,0.050148852,0.05170356,0.05381555,0.05501169,0.054228585,0.05085847,0.044742316,0.03627877,0.027025873,0.02193139,0.028207676,0.04302829,0.061179165,0.08041862,0.09963243,0.118097134,0.13529277,0.15084344,0.16448496,0.1760356,0.18536603,0.19237167,0.19695203,0.1990017,0.19841447,0.19509977,0.18900748,0.18015575,0.16865616,0.15473108,0.13872056,0.1210768,0.10234746,0.08315041,0.064146236,0.046024926,0.029568927,0.016178297,0.010910656,0.016655978,0.024281858,0.030809008,0.03602571,0.040262215,0.043993376,0.047670133,0.051605232,0.05592081,0.060569406,0.06540471,0.07026096,0.0750121,0.07960181,0.084047556,0.08842554,0.09284377,0.09741045,0.102204084,0.10725088,0.112512015,0.117880836,0.12318774,0.12821004,0.13268483,0.13632365,0.13882892,0.13991173,0.13931057,0.13681026,0.13225973,0.12558733,0.11681318,0.10605806,0.093551,0.07964131,0.0648323,0.049891222,0.036224034,0.026980346,0.027044158,0.035499647,0.04695641,0.058509275,0.06897706,0.07779403,0.084646285,0.08935286,0.091819465,0.09201735,0.089973144,0.085765205,0.07952561,0.071448386,0.061808694,0.051008057,0.03969861,0.029177148,0.022482818,0.02397905,0.032388877,0.04323054,0.054161854,0.06411866,0.072496556,0.07889948,0.0830661,0.08484752,0.08419974,0.0811795,0.0759393,0.068721,0.059849057,0.049727842,0.038857095,0.02791926,0.018192079,0.013150175,0.01661882,0.024114555,0.031798434,0.03849285,0.04377891,0.04749757,0.04963244,0.050274294
5,0.13058408,0.13202178,0.13231915,0.13137934,0.12915939,0.12566745,0.12095846,0.11512816,0.108305484,0.10064358,0.09230992,0.08347624,0.074309364,0.06496426,0.055581063,0.046288636,0.037219677,0.028551457,0.020621631,0.0143012665,0.011751782,0.014366891,0.019600864,0.025298042,0.030603845,0.03511521,0.038579576,0.04081906,0.041717272,0.041226927,0.03938851,0.036362264,0.032486524,0.028387608,0.025139451,0.024206063,0.02653438,0.03160957,0.038153987,0.04505436,0.051519297,0.056984253,0.06104141,0.06341379,0.06395575,0.062669665,0.059737206,0.055569984,0.05088394,0.046770364,0.044613004,0.045567464,0.04978407,0.05633413,0.06389838,0.07129792,0.077631764,0.08225959,0.084770754,0.08496869,0.08286758,0.07869508,0.07289738,0.06614221,0.059305195,0.053392798,0.049309198,0.047440898,0.04734828,0.047952592,0.048039954,0.04661868,0.04302594,0.03691122,0.028193114,0.01704083,0.004501313,0.012429962,0.028853515,0.046267357,0.06403564,0.08166435,0.098730385,0.11488021,0.12982553,0.14333086,0.15519553,0.16523473,0.17326456,0.17909557,0.1825369,0.18341076,0.18157461,0.1769468,0.16953093,0.15943474,0.14688039,0.13220455,0.11584836,0.098339796,0.08027341,0.062300153,0.045164157,0.029932978,0.019057062,0.0177558,0.024747796,0.03351585,0.041710068,0.048817966,0.054803886,0.059768423,0.063837975,0.067123204,0.06971126,0.07167895,0.07311674,0.07415366,0.07497371,0.07581638,0.076956905,0.07866703,0.08116548,0.08457468,0.08889987,0.09403583,0.09979233,0.10592391,0.11215296,0.1181832,0.123706505,0.1284073,0.13196886,0.13408339,0.13446647,0.13287449,0.12912346,0.12310725,0.11481377,0.10433895,0.09190079,0.07786152,0.06278369,0.047606092,0.034245245,0.027100978,0.030865682,0.041913144,0.0548966,0.0674216,0.07843671,0.08737457,0.09389486,0.097801596,0.099011876,0.09754196,0.09350053,0.08708692,0.07859618,0.068438716,0.05719547,0.045767907,0.03576588,0.030109923,0.03172532,0.039411698,0.049695905,0.060301553,0.070043884,0.07824869,0.084495775,0.08852423,0.09019632,0.089482054,0.086450376,0.08126178,0.07416069,0.06546804,0.055576958,0.044960175,0.034216713,0.02425726,0.016947452,0.015613876,0.020138377,0.026479647,0.03244352,0.037237685,0.040556196,0.04230316,0.042510267,0.04130804
6,0.13452098,0.13599683,0.13636552,0.13552336,0.1334185,0.13004915,0.12546033,0.119738795,0.11300651,0.10541246,0.09712336,0.0883139,0.0791573,0.06981757,0.0604449,0.051176153,0.042144075,0.033502433,0.02548857,0.018589905,0.013941805,0.013286264,0.016375085,0.020986816,0.025691153,0.029839994,0.033090774,0.03523027,0.036126804,0.035726164,0.03406747,0.03131814,0.027843004,0.024335962,0.021979913,0.02220726,0.025551924,0.031159585,0.037813064,0.04456905,0.05075754,0.055885527,0.059585962,0.06160221,0.06179117,0.060137317,0.056777447,0.052042887,0.046533156,0.041229684,0.037563812,0.037055846,0.040264346,0.046287313,0.053630244,0.061008327,0.06750264,0.07249035,0.075578704,0.07657178,0.07545702,0.07240029,0.06774279,0.061996065,0.055827443,0.050014723,0.04532322,0.042260677,0.04079776,0.040322144,0.03992579,0.038758647,0.03622297,0.03203619,0.02629371,0.019770648,0.015212152,0.018003767,0.027692752,0.040373053,0.054295644,0.068686895,0.08307614,0.097117275,0.110528305,0.12306017,0.13447522,0.14453289,0.15298359,0.15957205,0.16404963,0.16619349,0.16582932,0.16285372,0.15725279,0.14911394,0.13862948,0.12609185,0.11188161,0.096451946,0.08031658,0.064056784,0.048391398,0.034454413,0.024677629,0.0232136,0.029741628,0.03927676,0.04906791,0.058116704,0.06600826,0.07252787,0.07754736,0.08099532,0.082858,0.083192475,0.08214364,0.07996069,0.07700912,0.07377314,0.070837066,0.06882764,0.06830322,0.0696135,0.07280658,0.077651426,0.083750494,0.09065602,0.09793561,0.10518871,0.11203828,0.11811799,0.12306601,0.12652868,0.12817347,0.12770838,0.12490443,0.11961822,0.11181256,0.10157511,0.089138314,0.07491309,0.059576064,0.044352457,0.031980976,0.02826578,0.03593785,0.049086113,0.06314098,0.0761909,0.08730563,0.09594002,0.101760745,0.10459035,0.10438645,0.10123252,0.09533447,0.087023824,0.07677505,0.06525724,0.053470265,0.043062016,0.036734473,0.037224073,0.044021033,0.054036744,0.06478755,0.07486736,0.08347644,0.09013254,0.09454734,0.096574016,0.09618264,0.093445815,0.088527784,0.081674345,0.07320322,0.06349634,0.052998252,0.042232905,0.031874172,0.022975761,0.017474018,0.017448967,0.021474466,0.026500363,0.030932153,0.03413695,0.035871666,0.03607817,0.03481078,0.03220638
7,0.13623123,0.13760413,0.13791983,0.13706833,0.13498913,0.13167033,0.1271465,0.12149476,0.11482923,0.10729371,0.09905318,0.09028426,0.081165664,0.07186961,0.0625556,0.053368255,0.04444193,0.035917044,0.0279801,0.020961609,0.015568925,0.013121045,0.01435552,0.017838273,0.021892413,0.025645927,0.028666638,0.030706737,0.03161801,0.031334106,0.029881474,0.027413517,0.024283227,0.021185702,0.019322045,0.02006821,0.023745311,0.029398683,0.03589849,0.04241125,0.048342388,0.05324556,0.056780934,0.05870368,0.05886659,0.057230048,0.05387848,0.04904828,0.043181606,0.037034146,0.03185033,0.029370598,0.030886069,0.035878282,0.042677023,0.0498085,0.05629165,0.061499674,0.06504261,0.06671119,0.06645288,0.06436098,0.06066775,0.05573816,0.05006287,0.044245783,0.03896887,0.034889407,0.032423094,0.03150318,0.031587355,0.031971365,0.03211262,0.03178413,0.031120062,0.030625252,0.03110756,0.033402603,0.03794874,0.0446253,0.052986406,0.062534794,0.07283654,0.08352984,0.09430101,0.10485856,0.11491438,0.12417436,0.13233857,0.13910978,0.14420821,0.14738944,0.14846241,0.1473048,0.1438733,0.1382078,0.13042907,0.12073124,0.109371096,0.096658394,0.08295395,0.06868895,0.054439485,0.04115646,0.030806923,0.027090412,0.03190345,0.041670922,0.052857514,0.06377923,0.07360468,0.081836924,0.08814705,0.092326745,0.094279505,0.09402357,0.09169672,0.0875601,0.082001604,0.075541504,0.06884271,0.06271798,0.058096346,0.055867963,0.056575563,0.06016172,0.0660604,0.073522575,0.081851125,0.09045923,0.098841414,0.10653361,0.113090284,0.11808189,0.121107906,0.12181903,0.119943224,0.11531155,0.10788151,0.09775872,0.085222505,0.070775054,0.055280127,0.040433966,0.030245109,0.031226564,0.042349003,0.056984935,0.07163092,0.08476314,0.09555789,0.103507906,0.108309634,0.10982618,0.108073235,0.10321329,0.09555576,0.08556851,0.07391654,0.0615675,0.05004476,0.04183668,0.04000584,0.045269985,0.05493626,0.06608569,0.07693153,0.08646666,0.09409957,0.099481456,0.10243048,0.102895536,0.100935765,0.096705735,0.09044255,0.082453676,0.07310556,0.06281509,0.05204821,0.041337274,0.031347554,0.023063416,0.018062878,0.017675595,0.020602265,0.024380071,0.027599057,0.02967217,0.030384663,0.029702395,0.027696121,0.024506673
8,0.13525708,0.13641667,0.13658382,0.13564329,0.13352641,0.13021137,0.12572199,0.12012512,0.11352604,0.10606223,0.09789556,0.08920321,0.080168046,0.07096935,0.061775044,0.052737128,0.043992527,0.03567336,0.027935348,0.021028288,0.015469047,0.012314919,0.012568633,0.015337985,0.018936826,0.02239557,0.025248276,0.02723788,0.028209437,0.028084142,0.026865909,0.024670878,0.021793077,0.018842112,0.016938485,0.017481962,0.020887284,0.02623348,0.03242069,0.0386594,0.044394467,0.049208444,0.052779317,0.05486838,0.05532101,0.05407278,0.051158752,0.046728,0.04107152,0.034685954,0.02842327,0.023756355,0.022643028,0.025748467,0.031513542,0.03810688,0.04436862,0.049620226,0.053452548,0.055630296,0.056053832,0.054742865,0.05182805,0.04754653,0.042243026,0.036383655,0.03059481,0.025725387,0.022809882,0.022575159,0.024713062,0.028174626,0.032030262,0.035749108,0.03911373,0.042111874,0.044866048,0.0475851,0.05052174,0.053928945,0.05801671,0.062916726,0.068662934,0.075190015,0.08234542,0.0899079,0.09760768,0.10514601,0.1122137,0.11850843,0.12375026,0.12769452,0.13014103,0.13093923,0.12998894,0.12723775,0.12267634,0.11633406,0.108277075,0.09861245,0.0875018,0.075192645,0.062087826,0.04891705,0.03720125,0.030210556,0.031914387,0.041050114,0.053252287,0.06586109,0.07755422,0.08757089,0.0954241,0.10081009,0.10358013,0.1037297,0.10138955,0.096814066,0.09036686,0.08250755,0.073787324,0.06486562,0.056560144,0.0499148,0.046153244,0.046246454,0.05024392,0.05726326,0.06615116,0.07591774,0.08577849,0.09507696,0.10322665,0.109690815,0.11398892,0.11571697,0.11457314,0.110383496,0.10312557,0.092951894,0.080223046,0.06558324,0.050192937,0.036528517,0.030216526,0.036303263,0.04995822,0.06545669,0.08022827,0.093033046,0.10314025,0.11009126,0.11362733,0.113664664,0.110284254,0.103727974,0.094402306,0.082900025,0.07006788,0.057186503,0.046365548,0.040843107,0.04312404,0.051701467,0.063110344,0.07489992,0.085710935,0.094776,0.10164823,0.10608323,0.10798545,0.107379645,0.10439191,0.099234216,0.092190035,0.08360041,0.073851004,0.06336158,0.05258106,0.04199586,0.032169737,0.023855114,0.018177403,0.016304309,0.017738447,0.02044355,0.022933666,0.024559438,0.02510836,0.024585523,0.023130469,0.02099462
9,0.13139106,0.13225734,0.13220756,0.13112262,0.12892663,0.12558825,0.1211206,0.11557973,0.10906126,0.10169519,0.093638875,0.0850686,0.07617001,0.06712835,0.05811942,0.049302764,0.04081924,0.032796573,0.025371019,0.01874789,0.0133688,0.0102543095,0.010529436,0.013267141,0.01673931,0.02005669,0.022820901,0.024810383,0.025881656,0.025947774,0.024984501,0.023053497,0.020351747,0.017322257,0.01487601,0.014470354,0.017004952,0.021755913,0.027541434,0.03352739,0.03915943,0.044032507,0.047834355,0.050327986,0.051349502,0.050811287,0.048706852,0.04511688,0.040219173,0.034311544,0.027874047,0.021742892,0.017483493,0.017177617,0.020870322,0.026420757,0.03216468,0.03723257,0.04114763,0.043631453,0.044533998,0.043807596,0.041496176,0.03773134,0.0327369,0.026856441,0.020657483,0.015291292,0.013177834,0.016106738,0.02204672,0.02885285,0.035581127,0.04180736,0.047317866,0.052014794,0.05588538,0.05899064,0.06145921,0.06347984,0.06528801,0.06714297,0.069294624,0.07194465,0.07521237,0.07911688,0.08358102,0.0884528,0.093534015,0.098605946,0.10344665,0.10783891,0.1115708,0.11443234,0.11621183,0.11669515,0.1156705,0.11293972,0.10833626,0.10174898,0.09315151,0.08263951,0.07048718,0.05726278,0.04413585,0.03373062,0.030974459,0.03809296,0.05066256,0.06463996,0.078052506,0.08986821,0.09947077,0.106491216,0.110750474,0.112232745,0.11106408,0.10748807,0.101838,0.094508044,0.085930265,0.076567546,0.06693862,0.05769768,0.049784288,0.044558708,0.043512154,0.047211204,0.054721676,0.06446906,0.0750635,0.08543525,0.09473689,0.1022672,0.107444465,0.10980952,0.109041974,0.10498056,0.09764431,0.08725802,0.07429888,0.05962145,0.04486451,0.033728503,0.03285326,0.043241672,0.05844417,0.07423965,0.08871694,0.100840814,0.10996512,0.11568799,0.11780473,0.1162898,0.11128791,0.10311019,0.092239924,0.07936341,0.0654686,0.052116916,0.042021476,0.039055437,0.044633385,0.055472348,0.06798471,0.08014175,0.09087704,0.099594906,0.10596057,0.10981276,0.11112222,0.10996738,0.10651638,0.101011164,0.09375228,0.085084036,0.07538027,0.06503174,0.05443647,0.043996874,0.03413138,0.025322074,0.018245446,0.013955891,0.01327654,0.015131805,0.017671041,0.019919753,0.02157824,0.022655653,0.023308827,0.023765156
10,0.12465237,0.12517574,0.1248672,0.12360541,0.12130845,0.11793615,0.11349118,0.10801862,0.10160378,0.09436811,0.08646318,0.07806295,0.06935457,0.060528375,0.051767923,0.043241315,0.03509576,0.027459232,0.020458296,0.014282881,0.009418699,0.007238974,0.008765668,0.0120622,0.015579788,0.018785639,0.021448905,0.023419155,0.024577333,0.024831621,0.024127834,0.022467798,0.01994025,0.016786616,0.013570571,0.011538423,0.012399742,0.016207451,0.02154409,0.027344093,0.032990392,0.038071044,0.042276487,0.04536825,0.047172215,0.047579642,0.046550024,0.044113655,0.040374033,0.035512067,0.029798802,0.023637166,0.017698832,0.013312333,0.01258061,0.015660346,0.020259047,0.024789052,0.0285187,0.031071965,0.03223774,0.031908985,0.030061323,0.026744364,0.022079786,0.016275743,0.0097443,0.0045981305,0.00874177,0.016685864,0.025041008,0.033237394,0.040976502,0.048038796,0.054261047,0.059535157,0.06380983,0.067090936,0.06943916,0.070964456,0.071817316,0.07217761,0.072242305,0.07221398,0.07229184,0.072665885,0.07351231,0.074986346,0.077208176,0.08024064,0.08406315,0.08855065,0.09346574,0.09846742,0.103134185,0.10699661,0.10957439,0.110414475,0.109128065,0.10542521,0.099146575,0.09029438,0.07906974,0.06594079,0.051823583,0.03865648,0.030856747,0.033983015,0.045809012,0.060652908,0.0755499,0.08912876,0.10064701,0.109681405,0.1160251,0.11964096,0.12062762,0.1191857,0.11558271,0.110119894,0.10310742,0.094855934,0.085693955,0.076022714,0.066422984,0.0578222,0.05164642,0.049582932,0.05250666,0.05960038,0.06906904,0.079195715,0.08865544,0.09645494,0.10184754,0.104291916,0.103442274,0.09915422,0.09149975,0.0807964,0.06767958,0.05332084,0.040130503,0.033301007,0.038181636,0.051455174,0.06737837,0.082991816,0.09681877,0.10797997,0.11591133,0.12027424,0.12092329,0.11789101,0.11137797,0.10174676,0.08952627,0.075445615,0.060554,0.0465858,0.036812436,0.03580782,0.04380826,0.056143705,0.069323584,0.08166638,0.09232869,0.10085039,0.1069867,0.11064007,0.11182648,0.11065409,0.10730622,0.102025874,0.09510077,0.08684875,0.07760381,0.067703016,0.057475086,0.047231514,0.037262682,0.027845435,0.019286858,0.012119264,0.007924,0.0090644425,0.013087686,0.017402016,0.021372221,0.024898801,0.028010976,0.030764451
11,0.11527186,0.11543404,0.11485218,0.11340444,0.11100423,0.10760356,0.103195146,0.09781315,0.09153213,0.08446411,0.076753624,0.068570845,0.060103063,0.051544856,0.0430877,0.03491005,0.027169792,0.020003457,0.013547029,0.008055572,0.004637469,0.0057846424,0.009196017,0.012728656,0.015976954,0.018829556,0.021208294,0.02302493,0.024179682,0.024572203,0.02411687,0.022759587,0.020496625,0.01740259,0.01369678,0.00997479,0.007965062,0.00998102,0.014808465,0.020536765,0.02632883,0.031744894,0.036477212,0.04028694,0.042991184,0.044462886,0.044633504,0.0434952,0.041101635,0.03756736,0.033066906,0.02783665,0.022188181,0.016561761,0.011714707,0.009135475,0.010078727,0.013009526,0.016051756,0.01836219,0.01957059,0.019497411,0.018070286,0.015299445,0.01127908,0.006272721,0.0027386998,0.008145123,0.0155679695,0.02343662,0.03139172,0.03916237,0.04651466,0.053252216,0.059222136,0.06431937,0.068487525,0.07171508,0.07402719,0.07547407,0.07611811,0.07602352,0.075252414,0.07387179,0.07197408,0.069711536,0.067339964,0.06525762,0.06400804,0.06419979,0.06632019,0.070519745,0.07652043,0.08370442,0.0912831,0.09843641,0.104395375,0.10848747,0.11016564,0.1090312,0.10485384,0.09758981,0.0874022,0.07469656,0.060218338,0.045378964,0.03336704,0.030677686,0.039877113,0.054761592,0.07077981,0.086015105,0.09955037,0.11088888,0.119773194,0.12611051,0.12992635,0.13132593,0.1304602,0.12749952,0.12262,0.11600696,0.10787929,0.098537214,0.08843743,0.07829943,0.06922954,0.06275131,0.060414508,0.06281304,0.06898708,0.07709741,0.08535804,0.09238351,0.09717982,0.09907467,0.09767247,0.09283715,0.08469737,0.073684186,0.060652614,0.04726493,0.037052687,0.035919897,0.045415085,0.060274757,0.07628296,0.091324024,0.104216866,0.11421299,0.1208318,0.12380332,0.123043716,0.11864022,0.110838346,0.10003147,0.08675922,0.07173353,0.05595302,0.04111232,0.030825663,0.030764783,0.040349815,0.053588238,0.0671009,0.07949532,0.09011172,0.098602444,0.104794435,0.10863478,0.1101628,0.1094914,0.10679167,0.102278955,0.09619975,0.08881925,0.0804099,0.071241,0.06156977,0.051633894,0.041645974,0.031789877,0.022219697,0.013063912,0.004478119,0.0039537265,0.011364007,0.018230915,0.02446284,0.03004043,0.034951456,0.039183028
12,0.10368657,0.10350249,0.10266262,0.10104627,0.09856368,0.095160194,0.09081941,0.08556492,0.079460375,0.0726077,0.065143235,0.05723187,0.049059447,0.040823657,0.03272426,0.024953876,0.01769305,0.011125138,0.005589116,0.0032048007,0.0061314674,0.009709126,0.01291193,0.015697423,0.018121623,0.020231145,0.02203133,0.023477828,0.024483431,0.024934525,0.024711536,0.023708943,0.021852566,0.019113999,0.015525495,0.011212279,0.006566993,0.003970935,0.007789343,0.013628979,0.019683458,0.02549984,0.03079422,0.035337567,0.038943354,0.041470252,0.042826846,0.04297515,0.041932084,0.039768614,0.036606684,0.032614283,0.027999362,0.02300401,0.017902115,0.013010159,0.008744012,0.0058067604,0.0051202048,0.006044221,0.006994159,0.00728971,0.0068699946,0.0061965683,0.0065243174,0.009027553,0.013382125,0.018890137,0.025092924,0.031663854,0.038332764,0.044865694,0.05106423,0.05677002,0.061868507,0.06628896,0.06999912,0.072994135,0.07528071,0.076859295,0.077708386,0.07777605,0.076983064,0.07524055,0.0724837,0.06872283,0.06411513,0.059062984,0.054334085,0.051128868,0.05084923,0.054365423,0.061385285,0.07073959,0.08106336,0.09114697,0.09999616,0.10681238,0.11097667,0.11204758,0.10976741,0.10407094,0.09509551,0.0831986,0.06900876,0.053600773,0.039134007,0.030689515,0.034772076,0.048262917,0.064791314,0.08143773,0.096961826,0.110729404,0.122383915,0.13172817,0.1386655,0.14316207,0.14522165,0.14487264,0.14216876,0.13720404,0.13014151,0.121254355,0.11097901,0.099980295,0.08922136,0.07999456,0.07376903,0.07164692,0.07361676,0.07842882,0.08429161,0.08956182,0.09300174,0.09378481,0.0914464,0.08584984,0.077185676,0.066030875,0.0535607,0.04217584,0.036548246,0.041113388,0.05356658,0.06905753,0.08466991,0.09883179,0.11058208,0.11929206,0.12456776,0.12621151,0.12420123,0.11867391,0.109909035,0.098312594,0.08440621,0.0688354,0.0524432,0.03660132,0.024634194,0.023872968,0.03422754,0.047894016,0.061469227,0.07381113,0.084420875,0.09304681,0.099571235,0.10396703,0.10627481,0.10658733,0.10503684,0.101784326,0.097010106,0.090905845,0.08366804,0.075492926,0.066573024,0.05709521,0.047240835,0.03718938,0.027132066,0.017330505,0.008546359,0.006396151,0.013468693,0.021550871,0.02922826,0.036217,0.04237857,0.047617443
13,0.09054844,0.09007031,0.08902349,0.08729014,0.08477897,0.081430346,0.07722018,0.07216277,0.066311926,0.059760284,0.052636836,0.04510263,0.037345335,0.029574152,0.022019736,0.014957302,0.008853133,0.0052607115,0.006773171,0.010333127,0.01368847,0.0164476,0.018602805,0.020258937,0.02156071,0.022647202,0.023612559,0.024478668,0.025188662,0.025622182,0.02562402,0.025035106,0.023718387,0.021577049,0.018565409,0.014693716,0.010028098,0.0046868096,0.0011744122,0.0073419106,0.013607667,0.01973601,0.02549617,0.030671693,0.0350718,0.038541168,0.04096761,0.04228726,0.042487103,0.04160468,0.03972515,0.036975857,0.0335187,0.029540759,0.025243679,0.020832818,0.016508156,0.012463038,0.008911037,0.006208648,0.005109661,0.0061276047,0.008496596,0.011571369,0.015180635,0.019284416,0.023833893,0.028740318,0.03387965,0.039107874,0.044278253,0.049257163,0.05393691,0.058244023,0.062141594,0.0656243,0.0687057,0.07139893,0.07369412,0.07553788,0.07682074,0.07737709,0.07699961,0.07546709,0.072583504,0.06822812,0.062421557,0.05542676,0.047929727,0.041359823,0.03813872,0.040610567,0.048641354,0.060043983,0.07269395,0.085084386,0.09613588,0.10503295,0.11115609,0.11406317,0.11348992,0.109355554,0.101768956,0.09103824,0.077699386,0.062616184,0.047334705,0.035262465,0.03303987,0.042986106,0.058951844,0.07649374,0.093743786,0.10980355,0.12414701,0.1364238,0.14638126,0.15382864,0.15862174,0.16066223,0.1599086,0.15639666,0.15026723,0.1417984,0.13144101,0.11985528,0.10794351,0.096854836,0.08789183,0.082198754,0.080225594,0.08135801,0.08416405,0.087019555,0.08856304,0.08784957,0.08435257,0.07793876,0.0688781,0.057951976,0.046813615,0.03880821,0.03876303,0.047749445,0.061765425,0.07721592,0.092069365,0.10512437,0.11560016,0.12298316,0.12696832,0.12743153,0.124410436,0.11808598,0.10876229,0.09684551,0.08282413,0.06725759,0.05079451,0.0343176,0.019856988,0.01542578,0.025605312,0.039336767,0.052755672,0.0649595,0.07560177,0.08451524,0.09162291,0.09690532,0.100382976,0.10210483,0.102139875,0.10057142,0.09749342,0.09300887,0.08722973,0.08027823,0.0722893,0.06341417,0.053826574,0.04373566,0.033421557,0.023361407,0.014807177,0.011852508,0.017174259,0.025529573,0.034146227,0.042216785,0.049391367,0.05546084
14,0.07675868,0.076084204,0.074929684,0.07318233,0.070752144,0.06757775,0.063631505,0.058923565,0.053504832,0.047468934,0.040954072,0.034147188,0.027297275,0.020758063,0.0151184,0.011488976,0.011177729,0.013560102,0.016788233,0.019815743,0.022242624,0.023953643,0.024980169,0.025447905,0.025545198,0.025487682,0.025470642,0.025615016,0.025927862,0.026299203,0.026536364,0.026414983,0.02572443,0.024298277,0.022031117,0.01888685,0.014905306,0.01022694,0.005302058,0.0037046452,0.008669679,0.014694229,0.02068795,0.02631768,0.03135135,0.035606008,0.038944084,0.04127584,0.04256122,0.042809572,0.042076904,0.040460907,0.038094297,0.03513737,0.03177128,0.028194074,0.024622813,0.02130535,0.018541174,0.016687706,0.016083067,0.016858164,0.018840337,0.021703083,0.025144905,0.02894063,0.032922726,0.036957037,0.04093052,0.044749677,0.048345085,0.051677912,0.05474487,0.057578407,0.06023936,0.06280055,0.06532217,0.06782328,0.070256464,0.07249321,0.0743247,0.07547805,0.075644284,0.074513435,0.07181295,0.067349054,0.06105532,0.053065494,0.043864362,0.034685325,0.028456716,0.02966885,0.038754538,0.051871248,0.0661611,0.08005239,0.09252885,0.10283525,0.110391095,0.114772364,0.11571383,0.1131155,0.1070486,0.09776307,0.08570781,0.071597435,0.05663088,0.043182097,0.036224134,0.040975425,0.054791685,0.072305016,0.090675876,0.10855262,0.12515195,0.13992888,0.15246022,0.16240254,0.16948143,0.17349719,0.17434002,0.17201102,0.1666452,0.15853442,0.148148,0.1361491,0.12340218,0.1109574,0.09997415,0.09151871,0.08620606,0.08384965,0.08345324,0.08361464,0.08300258,0.08063137,0.0759463,0.06883941,0.059699215,0.04961354,0.04091376,0.03766552,0.04293364,0.054716215,0.069298625,0.08422634,0.09805306,0.10985165,0.11899888,0.12509245,0.12791525,0.12741427,0.123682044,0.11693651,0.107498564,0.09576764,0.08219692,0.06727028,0.051485736,0.035361804,0.01957871,0.0073174196,0.014823327,0.028412892,0.041489616,0.05346616,0.06415863,0.0734769,0.08137131,0.08781258,0.09278082,0.09625942,0.09823282,0.09868761,0.0976163,0.095022954,0.09092993,0.0853849,0.07846794,0.07029888,0.06104672,0.05094683,0.04034424,0.029830467,0.020745706,0.016543161,0.020433452,0.028859233,0.038292035,0.0473844,0.05554697,0.06244296
15,0.06354417,0.062831074,0.061738934,0.06016455,0.05802531,0.055266634,0.05186923,0.047856458,0.043302502,0.038343213,0.033193372,0.028176548,0.023769544,0.020618489,0.019349977,0.020070322,0.022168877,0.02481053,0.027354509,0.029408481,0.03076628,0.03135728,0.031219145,0.030483188,0.029361932,0.028128125,0.027072532,0.026432576,0.026308713,0.026617864,0.027122,0.027509658,0.027476028,0.026772458,0.025228128,0.02275642,0.01935644,0.015120949,0.010290775,0.0056833164,0.005349235,0.01032095,0.016315239,0.02226806,0.027813496,0.03271921,0.036816992,0.03999184,0.04218031,0.04336932,0.043593403,0.0429303,0.041495416,0.039436277,0.036928356,0.034173656,0.0314028,0.028878175,0.026888758,0.025717633,0.025569165,0.026487505,0.028338972,0.030878158,0.033834323,0.036964044,0.040069375,0.043000758,0.045657363,0.047989,0.049999002,0.051745452,0.05333708,0.054919735,0.05665067,0.05866181,0.061019473,0.06369262,0.066540435,0.069321826,0.071721435,0.07338326,0.073945105,0.07307063,0.07047865,0.06597134,0.05946522,0.051036574,0.041021794,0.030341389,0.021762224,0.021846952,0.031965926,0.04615978,0.06122477,0.07576289,0.08890236,0.09997936,0.10846705,0.11396596,0.11620998,0.11507453,0.110584155,0.10292142,0.092446424,0.07975097,0.06581419,0.052438203,0.04319749,0.043216247,0.053485464,0.069715336,0.08825002,0.10713291,0.12523657,0.14178869,0.15619345,0.1679696,0.17673543,0.18221404,0.18424782,0.18281619,0.17805262,0.17025842,0.15991122,0.1476663,0.13434741,0.12091818,0.10841416,0.097800694,0.089733265,0.08428651,0.080849044,0.0783301,0.07555068,0.07156959,0.065852635,0.058357097,0.049663976,0.041333005,0.036468633,0.038674112,0.047946893,0.06114271,0.07558554,0.089637764,0.102256045,0.11272973,0.12057558,0.1254951,0.12735274,0.12615901,0.12205249,0.11527917,0.10616904,0.09511081,0.08252609,0.068844356,0.05448027,0.039814584,0.025180588,0.010864266,0.0031412807,0.016187202,0.028565653,0.040116392,0.050791193,0.06055254,0.06935678,0.077143654,0.08383133,0.08931687,0.09348167,0.096200794,0.097354665,0.09684185,0.094591565,0.090575315,0.08481699,0.07740221,0.06848847,0.058321945,0.047277644,0.035981353,0.025733588,0.019747505,0.02220945,0.030795319,0.04116564,0.05139259,0.060641617,0.068449646
16,0.05255178,0.052028928,0.05126083,0.05016216,0.048668455,0.04674614,0.044402998,0.041699328,0.038759686,0.03578371,0.03304974,0.030894503,0.0296429,0.029483842,0.030362833,0.03199234,0.033970032,0.03589978,0.037456717,0.038407754,0.03861361,0.03802696,0.036691643,0.034743555,0.032411374,0.030011112,0.027918758,0.026495008,0.025954468,0.026248181,0.027071275,0.027993482,0.028595783,0.02854308,0.027604437,0.025650606,0.022645725,0.018640187,0.013773064,0.00833544,0.0036540374,0.006293794,0.012447233,0.018790973,0.02481953,0.030276451,0.034978777,0.038797945,0.04165769,0.043533336,0.044449713,0.04447748,0.043728538,0.042351454,0.040527817,0.03846977,0.036417086,0.0346288,0.033360776,0.0328225,0.033122003,0.03422966,0.035988856,0.03816613,0.040508106,0.042782858,0.04480411,0.046445467,0.04765079,0.04844282,0.04892842,0.04929578,0.04979563,0.050699145,0.05223325,0.05451138,0.057489872,0.06096948,0.06463438,0.06810434,0.07098066,0.07287985,0.07345684,0.07242208,0.06955584,0.06472213,0.05788526,0.049137056,0.038764,0.02749407,0.017749842,0.017327419,0.028118879,0.0425193,0.05749805,0.071911685,0.085039206,0.096312165,0.10526322,0.11152222,0.11482374,0.1150167,0.11207431,0.10610676,0.09738393,0.08638651,0.07392976,0.061462913,0.05166983,0.048685197,0.05513702,0.06894328,0.086507455,0.10536166,0.124003984,0.1414206,0.15684979,0.16969095,0.17947702,0.1858737,0.1886893,0.18788701,0.18359527,0.17611328,0.16590968,0.15361306,0.13999215,0.12592067,0.112317175,0.10004266,0.08974181,0.08165177,0.07547914,0.07047178,0.06568684,0.06030595,0.053872984,0.046477724,0.039035928,0.033794876,0.034103908,0.041202255,0.052827723,0.06637797,0.08015888,0.093083486,0.104398146,0.11356672,0.120226234,0.124167666,0.12532306,0.12375214,0.119625814,0.11320624,0.10482404,0.09485376,0.08368888,0.071718104,0.059305497,0.046778493,0.03443596,0.022628112,0.012292666,0.008864157,0.016371787,0.026361283,0.03656005,0.046580907,0.05626171,0.06545096,0.07396648,0.081591904,0.088086605,0.093201645,0.09669785,0.09836406,0.098034,0.09560097,0.091030076,0.08436835,0.07575417,0.06543081,0.053777464,0.041405305,0.029507866,0.021139499,0.021932084,0.030952808,0.04255918,0.0541325,0.064615816,0.073442705
17,0.045682877,0.045595054,0.0454385,0.04514966,0.044683293,0.04402272,0.04318865,0.042244934,0.04129877,0.04049168,0.039977565,0.039887555,0.040289678,0.04115939,0.042375583,0.043743137,0.045029614,0.046001695,0.046453707,0.046227556,0.04522635,0.043424346,0.040875457,0.037722062,0.034205347,0.030675063,0.027583873,0.02542206,0.024537392,0.024909481,0.026122198,0.027584856,0.028754361,0.02922327,0.028723523,0.027107304,0.02432811,0.020425206,0.015509958,0.009752462,0.0033684864,0.00340697,0.010300324,0.01706336,0.023452833,0.029254938,0.034294832,0.038444377,0.041626908,0.043818995,0.04504951,0.04539662,0.044983514,0.04397368,0.042565946,0.04098836,0.039487727,0.038309548,0.037663985,0.037681907,0.038378693,0.039647594,0.04128794,0.043051936,0.044689927,0.045985118,0.046779294,0.046994314,0.04665282,0.045898195,0.045007907,0.04438388,0.04449237,0.045736212,0.048300926,0.052075412,0.05670071,0.061688595,0.066525914,0.07073479,0.07389957,0.07567739,0.07580234,0.07408757,0.07042685,0.06479705,0.05726364,0.047996867,0.03732627,0.025966937,0.016257865,0.016034255,0.026632579,0.04037937,0.054570403,0.06824279,0.08079965,0.091766976,0.1007447,0.10740078,0.11147722,0.11280039,0.11129404,0.10699692,0.10009065,0.09095107,0.08025243,0.06918314,0.059827898,0.055378158,0.058679637,0.069462955,0.085022524,0.10276511,0.12090136,0.13820042,0.15375464,0.16686583,0.17700234,0.18378861,0.18700781,0.18660757,0.18270344,0.17557715,0.16566809,0.15355648,0.13993767,0.12558545,0.111300595,0.097837806,0.08580477,0.07553971,0.06700894,0.059801947,0.053277403,0.046822425,0.04014505,0.033614133,0.028767958,0.028427659,0.034191813,0.044434,0.05686431,0.069941305,0.08265924,0.094295576,0.10430636,0.11229045,0.11797804,0.12122532,0.12200839,0.12041382,0.11662526,0.110906094,0.10357869,0.09500095,0.08554128,0.07555307,0.065351225,0.055194367,0.045280285,0.035770833,0.026891591,0.01926463,0.014861176,0.016715916,0.023692217,0.032895625,0.043004878,0.053414155,0.0636947,0.07344924,0.08228229,0.08980516,0.09565219,0.099499814,0.101085246,0.10022298,0.096818246,0.09087728,0.0825152,0.07196448,0.05959332,0.045967374,0.03210299,0.02069987,0.01927116,0.029246526,0.04252325,0.055671316,0.06750697,0.07741456
18,0.043998845,0.044415075,0.044948332,0.045545414,0.04615916,0.04675731,0.047328472,0.047883905,0.048454154,0.049080227,0.049800094,0.050632935,0.05156492,0.052540656,0.05346286,0.054200407,0.054602604,0.05451651,0.05380461,0.052361127,0.050126217,0.047098335,0.043345697,0.039018914,0.034368034,0.029767053,0.02573776,0.02291449,0.021810204,0.022410527,0.024101958,0.026082782,0.027698746,0.028509518,0.028251005,0.026794858,0.02412355,0.020319609,0.015576776,0.010303295,0.005919592,0.0071894266,0.012855741,0.019240238,0.025440209,0.031095767,0.035985444,0.039965715,0.042958967,0.04494976,0.04598165,0.04615292,0.045611277,0.044547517,0.04318765,0.041781098,0.040580872,0.039811652,0.03962768,0.040073756,0.0410696,0.042427473,0.04389326,0.04519222,0.04606787,0.046313185,0.04579902,0.044505745,0.04256344,0.040302474,0.038299315,0.037350763,0.038251862,0.041390702,0.04652713,0.05299185,0.060008842,0.06687006,0.07298119,0.07786176,0.08113882,0.0825428,0.08190501,0.07915488,0.074316025,0.06750174,0.058913272,0.04885073,0.037770495,0.026537325,0.017621014,0.017516939,0.026827427,0.03922309,0.052113958,0.06458447,0.076125495,0.086356245,0.09495471,0.10164051,0.10617576,0.10837482,0.108120404,0.105386525,0.100271665,0.09305064,0.08426308,0.074869916,0.06649471,0.06156213,0.062572725,0.070257016,0.08305899,0.09871049,0.1153342,0.1315573,0.14636467,0.15898779,0.16885108,0.17555156,0.17885326,0.17868583,0.17514178,0.16846903,0.15905721,0.14741726,0.13415387,0.11993091,0.10542932,0.091296434,0.0780856,0.06618825,0.055770878,0.04674937,0.03884996,0.031802192,0.025709001,0.021654047,0.021881623,0.027390596,0.03658262,0.047685537,0.059576273,0.071492024,0.082837716,0.09312134,0.101939775,0.10898072,0.11402809,0.116965905,0.11777888,0.11654895,0.113447234,0.10872148,0.10267846,0.095661104,0.088020235,0.080081485,0.07210989,0.06427792,0.05664674,0.049173202,0.0417554,0.034333546,0.02709867,0.02099344,0.018586129,0.022445371,0.0310693,0.041931447,0.05362385,0.06530718,0.07633699,0.08615052,0.09424398,0.1001788,0.10359656,0.104234934,0.1019413,0.096682675,0.08855145,0.07776821,0.06468608,0.049813505,0.033937518,0.018966839,0.0140759535,0.025983123,0.041394893,0.056235168,0.06941848,0.080359206
19,0.046346333,0.04706734,0.048069444,0.04930038,0.050696354,0.052192144,0.053728864,0.055258136,0.05674229,0.058150984,0.05945527,0.060620483,0.06159968,0.06232934,0.06272855,0.06270214,0.06214772,0.060965423,0.059069473,0.056400232,0.052935857,0.048703346,0.04378949,0.038353875,0.03264921,0.027059093,0.022162775,0.018773329,0.017650003,0.01872292,0.020999823,0.023422226,0.025288196,0.026198987,0.0259562,0.024508541,0.021939145,0.018495474,0.014715002,0.011788192,0.011733772,0.015148726,0.02040401,0.026168896,0.03175761,0.03677956,0.040989287,0.04423811,0.046457548,0.0476517,0.04789143,0.0473082,0.04608697,0.044457793,0.042684216,0.04104476,0.03980206,0.03915787,0.039204113,0.03989298,0.04104483,0.04238885,0.04361385,0.044411592,0.044509336,0.04369774,0.04186279,0.03903293,0.035459954,0.031760927,0.029100139,0.029074708,0.03270453,0.039527133,0.04829115,0.057833474,0.06725935,0.075874604,0.083126634,0.08858031,0.09191313,0.09291732,0.09150217,0.087693326,0.08162843,0.073550254,0.06380223,0.052839,0.041291513,0.030225301,0.022029905,0.02120129,0.028281197,0.038736098,0.04993152,0.060855825,0.071032524,0.08016267,0.0880103,0.09436239,0.09901861,0.10179772,0.10255551,0.10121235,0.09779062,0.09246583,0.085640475,0.07805476,0.070934534,0.06607163,0.065464035,0.07023134,0.07981331,0.09257166,0.10678683,0.12106227,0.13433246,0.1457914,0.15484022,0.16106012,0.16419928,0.16416503,0.16101582,0.1549499,0.14628951,0.13545999,0.12296444,0.10935445,0.095198,0.08104587,0.067398146,0.05467407,0.0431928,0.0331847,0.024884671,0.018819844,0.016237147,0.018238971,0.02388922,0.03166569,0.04070302,0.0505035,0.06066898,0.07081569,0.080562524,0.089542516,0.09742035,0.10390999,0.108790495,0.111918874,0.11323958,0.11278983,0.11069976,0.107186235,0.10253862,0.09709457,0.09120425,0.085183404,0.07926048,0.073529795,0.06792886,0.062255014,0.056224126,0.04956106,0.042115424,0.0340381,0.02619439,0.02122161,0.023362545,0.03233791,0.044505134,0.05764084,0.07054823,0.08239815,0.09252136,0.10035867,0.105458125,0.10748535,0.10623539,0.1016415,0.093778774,0.082862236,0.069239914,0.05338425,0.035897657,0.017677518,0.006386171,0.022211282,0.03985916,0.056194,0.0704946,0.08225593
20,0.05013529,0.050870504,0.05203851,0.053590767,0.055446673,0.057506755,0.059665106,0.061818488,0.06387133,0.06573707,0.06733679,0.068596505,0.069444165,0.06980749,0.06961352,0.06879015,0.067270085,0.06499653,0.061930496,0.058058653,0.05340131,0.048020057,0.042025384,0.035586312,0.028948165,0.022476472,0.016774904,0.012919337,0.0121886,0.014200937,0.017148452,0.019792339,0.021561682,0.022218255,0.021719439,0.020196732,0.018007902,0.015874054,0.0149950795,0.016505213,0.020336285,0.025535652,0.0312264,0.036806893,0.041864123,0.046108887,0.04934795,0.051473275,0.05245678,0.052345816,0.05125753,0.04937195,0.046923917,0.044193488,0.04149238,0.039140318,0.037422974,0.036530584,0.036498107,0.037184834,0.03831033,0.03952072,0.040447813,0.040746793,0.040119324,0.03833451,0.03525989,0.030922279,0.025657045,0.020532772,0.018233396,0.02187863,0.030549483,0.041684534,0.053733565,0.065760806,0.07706368,0.08705314,0.095229395,0.1011877,0.1046322,0.10538902,0.103414975,0.0988003,0.09176557,0.08265488,0.07193071,0.06018349,0.04818981,0.03710708,0.02894147,0.026597064,0.030830512,0.038800962,0.047945287,0.057052262,0.06559853,0.0733339,0.08010525,0.085779935,0.09021519,0.093255304,0.0947478,0.094573446,0.092686236,0.089162365,0.0842603,0.07849642,0.07273163,0.06821724,0.066433094,0.06852619,0.07463986,0.08388524,0.0949308,0.10650248,0.117556974,0.12728663,0.13508753,0.1405324,0.14335296,0.14342715,0.14076796,0.13551083,0.12789884,0.11826567,0.10701665,0.094609365,0.08153542,0.06830669,0.05545192,0.04353675,0.033233833,0.025466014,0.021407176,0.021528814,0.024606192,0.029077744,0.034184024,0.039766602,0.0458959,0.052649528,0.060006626,0.06781882,0.07582727,0.08370029,0.09107507,0.0975962,0.102948844,0.10688645,0.109252915,0.10999864,0.10918906,0.107003786,0.10372327,0.099699736,0.09530936,0.09088677,0.086651295,0.08264627,0.07871747,0.07454586,0.06972665,0.06386947,0.056699093,0.048162125,0.03860329,0.029252177,0.023558564,0.026618086,0.03726901,0.050972696,0.06523021,0.07872298,0.09055518,0.100033425,0.10661398,0.10989729,0.10963444,0.10573369,0.09826265,0.08744437,0.0736474,0.057371017,0.039232258,0.020006083,0.0040211547,0.020419983,0.03897206,0.056028143,0.07089787,0.08306523
21,0.053086426,0.053583827,0.05467008,0.056310397,0.058412354,0.06084305,0.06344856,0.066070296,0.06855592,0.0707653,0.07257275,0.0738672,0.07455154,0.07454206,0.07376869,0.07217622,0.06972673,0.06640298,0.062212467,0.057191644,0.051409796,0.04497214,0.038021956,0.030742519,0.023362344,0.01617928,0.009691735,0.0054645184,0.0067600743,0.010491615,0.013769136,0.015967019,0.01692967,0.01670023,0.01553949,0.014068236,0.013463044,0.015077772,0.019160982,0.024890514,0.03140103,0.038060058,0.044396855,0.050043903,0.05471551,0.058203798,0.060380172,0.06119686,0.06068614,0.05895653,0.05618601,0.052613247,0.048527826,0.044260103,0.04016891,0.03661986,0.033940315,0.032342013,0.031837318,0.03221395,0.033099104,0.034060035,0.03467544,0.034565326,0.033399813,0.030906076,0.026883371,0.021238465,0.014114555,0.007023217,0.009895996,0.021009723,0.03402183,0.047812495,0.06175099,0.075251155,0.08773776,0.09866386,0.10753847,0.113955,0.117616504,0.11835539,0.11614619,0.11111068,0.10351606,0.09376812,0.082404375,0.07009726,0.057688788,0.046295334,0.037494,0.03321906,0.03434579,0.03939012,0.046149623,0.053222135,0.05995438,0.06608648,0.07152548,0.076223,0.0801131,0.08309018,0.08501643,0.085749835,0.08518446,0.08329671,0.080194294,0.07616717,0.07173718,0.06768715,0.06500886,0.06467182,0.067219794,0.072486974,0.07972031,0.087940656,0.09621775,0.10377895,0.11002514,0.114517696,0.11696213,0.11719428,0.11516897,0.11095005,0.104701385,0.096679024,0.08722601,0.076772496,0.06584665,0.055105645,0.04539542,0.037805535,0.033494726,0.032926705,0.035201892,0.038760014,0.04238961,0.045470092,0.04785555,0.049752917,0.051624864,0.054063372,0.0576035,0.06252656,0.068761565,0.075933985,0.08349804,0.09086507,0.097492166,0.10293574,0.10688359,0.10917388,0.10980381,0.108926885,0.10683513,0.1039214,0.10061749,0.09730906,0.09424117,0.09144376,0.08871027,0.08564404,0.08175514,0.0765728,0.069746986,0.061137237,0.050922118,0.03984682,0.029996235,0.026326297,0.032888863,0.04582026,0.06068714,0.075303346,0.088438876,0.09924117,0.10707482,0.111483,0.11218291,0.10906853,0.10221212,0.09186235,0.078441694,0.062555835,0.045069966,0.027586097,0.016107474,0.023776943,0.039952096,0.056255527,0.070789136,0.08273649
22,0.05375469,0.05380309,0.05461163,0.056176238,0.058400374,0.061116558,0.06411679,0.06718019,0.0700923,0.07265613,0.074697405,0.076066665,0.07664011,0.07632018,0.0750365,0.072747305,0.06944127,0.06513963,0.059898186,0.053808823,0.047000162,0.03963699,0.031918198,0.024073629,0.01636192,0.009084986,0.0028985578,0.0041703717,0.008604298,0.011900963,0.013756192,0.014070132,0.012866654,0.010384375,0.007542668,0.0074578477,0.012233232,0.019439986,0.027632784,0.03615523,0.044538286,0.052378517,0.05932113,0.06506633,0.069380626,0.072107375,0.07317405,0.072595306,0.07047112,0.0669804,0.062370334,0.056943074,0.051041126,0.045033492,0.03930341,0.03423437,0.0301815,0.027405612,0.025969177,0.02566753,0.026085276,0.026734892,0.027158268,0.026957534,0.025793722,0.023389269,0.01955567,0.0143014295,0.008495791,0.008244257,0.017030247,0.02893653,0.042310867,0.056476936,0.07084778,0.08482869,0.09782163,0.10925137,0.11859721,0.12542428,0.12941135,0.13037278,0.1282729,0.12323255,0.11552772,0.10558202,0.093956605,0.081344016,0.06857704,0.056666378,0.046855092,0.040528085,0.038569562,0.0404461,0.044556208,0.049446397,0.05428547,0.058726694,0.062687315,0.06618825,0.06925267,0.071851924,0.073891714,0.0752297,0.07571235,0.07521922,0.07370604,0.07124256,0.06804404,0.06449352,0.061143406,0.058665756,0.05770909,0.05866933,0.061507605,0.06577219,0.0707923,0.075875066,0.08041474,0.083928816,0.08606076,0.08657394,0.085346244,0.08236877,0.07775,0.0717275,0.06469156,0.05722666,0.0501695,0.044630658,0.041784644,0.04222981,0.045439985,0.05013342,0.055021875,0.059149455,0.061909154,0.06299555,0.062384136,0.06034748,0.057499506,0.054832432,0.053631257,0.055080693,0.059649132,0.06685072,0.075636484,0.08488952,0.09366774,0.10126232,0.107196584,0.11121603,0.113278545,0.11354015,0.1123289,0.110098906,0.10735757,0.10456619,0.10202883,0.099804014,0.09767835,0.09521881,0.091882035,0.087139145,0.080584385,0.072021864,0.06155333,0.04973993,0.03806684,0.030201001,0.031808566,0.042563803,0.057169035,0.07230634,0.08628774,0.09807055,0.10692693,0.11235108,0.11403646,0.1118727,0.10594664,0.09654473,0.08416276,0.06954596,0.0538376,0.039117426,0.029950462,0.03233778,0.04360566,0.057311546,0.070310846,0.081224896
23,0.05136922,0.05076357,0.05111076,0.052468035,0.054747526,0.057741657,0.06117321,0.064743385,0.068164065,0.0711745,0.0735483,0.07509587,0.075665385,0.07514387,0.073458634,0.070579015,0.066518396,0.061335973,0.055138156,0.048079617,0.040364612,0.032251265,0.024068879,0.016291574,0.009897052,0.0075789737,0.010421395,0.014365711,0.017435053,0.019025262,0.018880853,0.01689586,0.0130777825,0.0075818645,0.002194267,0.008850402,0.018335517,0.028582128,0.0391074,0.049467508,0.05923097,0.06799332,0.075396344,0.08114661,0.085031256,0.086929634,0.0868199,0.08478005,0.080982946,0.07568567,0.0692139,0.061942186,0.054271992,0.046609525,0.039345775,0.032840747,0.027410215,0.023303784,0.020652637,0.019389987,0.019224118,0.019731041,0.020483984,0.02112153,0.021373926,0.021110142,0.020453282,0.019989101,0.020923166,0.02461349,0.031542145,0.04124791,0.052987847,0.06603541,0.07969769,0.09329604,0.106166944,0.11768018,0.12726568,0.13444278,0.13884729,0.14025371,0.13859011,0.13394521,0.1265671,0.1168548,0.10534518,0.09269887,0.079691224,0.067213476,0.056277044,0.04795799,0.043112542,0.04181799,0.043157067,0.045832567,0.048851322,0.05169743,0.054213684,0.056439683,0.05847863,0.060402673,0.062200364,0.06376673,0.06492744,0.065481015,0.06524368,0.064087264,0.061967663,0.058945578,0.05520313,0.05105854,0.046974607,0.043538667,0.041363634,0.040872212,0.04206403,0.044489764,0.047463544,0.050298557,0.052430227,0.05345245,0.053125165,0.05138584,0.048379987,0.04452273,0.04059547,0.0378123,0.037575826,0.04066088,0.04660379,0.05418426,0.062155034,0.06950491,0.07545844,0.07943911,0.0810534,0.08009628,0.076574475,0.07075206,0.0632393,0.055165928,0.04844601,0.04573728,0.048971612,0.05745641,0.06886449,0.08110006,0.09273839,0.10286295,0.11091378,0.11661207,0.119924285,0.12103758,0.120329045,0.118316986,0.11558528,0.112679124,0.1099854,0.1076321,0.10544982,0.10301809,0.099778086,0.095167175,0.088738,0.08025087,0.069756284,0.057722293,0.0453595,0.03550686,0.033369046,0.041263156,0.05481877,0.069873326,0.08423859,0.09666509,0.10633546,0.1127034,0.11544666,0.114455335,0.10983105,0.1018915,0.091185756,0.078539275,0.06517504,0.052991748,0.04490114,0.043904327,0.049843896,0.05941456,0.069574386,0.0785137
24,0.04569237,0.04418308,0.043840084,0.04484775,0.047154143,0.050493896,0.054482657,0.058710407,0.06279552,0.066405125,0.0692589,0.07112791,0.0718335,0.07124767,0.06929462,0.06595309,0.061258953,0.055307675,0.04825713,0.040332593,0.031840995,0.023222279,0.015268061,0.010086025,0.011242496,0.016309459,0.02153436,0.025632367,0.028095212,0.028669061,0.027261175,0.023958173,0.019165048,0.014192912,0.0129619725,0.018862884,0.028870234,0.04042459,0.05239008,0.06405198,0.07483931,0.08426751,0.09193491,0.09753286,0.10085758,0.1018191,0.10044531,0.09687992,0.09137399,0.084271215,0.07598758,0.06698627,0.05774941,0.048747927,0.040411647,0.0331016,0.027087724,0.022536715,0.019514577,0.01799915,0.01788224,0.01895601,0.020919805,0.023428386,0.026158446,0.02887534,0.031500027,0.0341711,0.037272707,0.04137331,0.04704263,0.054622702,0.06410407,0.07515867,0.08724769,0.09972219,0.11189453,0.12308905,0.13268216,0.14013633,0.14502901,0.1470751,0.14614248,0.14225906,0.13561179,0.12653787,0.11551026,0.10311957,0.09005666,0.07709914,0.06510139,0.05496752,0.047536086,0.0432766,0.041923046,0.042531338,0.044027053,0.045651894,0.047050763,0.048173405,0.049141504,0.050126158,0.051247675,0.052511487,0.053791996,0.054860096,0.05543448,0.05523468,0.054023307,0.0516347,0.04799258,0.04312065,0.037150864,0.030337553,0.023101775,0.016199708,0.011328752,0.011284319,0.015147363,0.01961316,0.023112936,0.024998263,0.024987152,0.023082307,0.019722024,0.016354823,0.016348565,0.022188252,0.032062635,0.043792516,0.056080632,0.06800771,0.078802325,0.08778601,0.09437519,0.098101,0.09863384,0.0958085,0.08965058,0.08041178,0.06863962,0.055362813,0.042646315,0.03486738,0.037542615,0.04935775,0.064871244,0.080799595,0.0955198,0.10812968,0.11811278,0.12523274,0.12949602,0.13112964,0.13055304,0.12833266,0.12511113,0.12150805,0.11800213,0.11482339,0.1118977,0.10887392,0.10522625,0.10039137,0.09389812,0.085470475,0.075114354,0.06323237,0.050881002,0.040419646,0.036240853,0.04158388,0.05363765,0.068111666,0.082450554,0.095224336,0.105539635,0.11281868,0.11672656,0.117148705,0.114185,0.10815056,0.099583566,0.08926695,0.07827416,0.06803353,0.060307056,0.05674854,0.05786664,0.062489323,0.06865169,0.074637584
25,0.037112296,0.03430726,0.03286066,0.033270456,0.03561007,0.039490245,0.04430204,0.049446862,0.054421905,0.05882195,0.062321972,0.0646636,0.06564875,0.065138526,0.06305515,0.059385195,0.054183263,0.047575872,0.039767392,0.031055912,0.021895617,0.013231684,0.008596104,0.012937302,0.020404743,0.027506445,0.03330772,0.037359122,0.039391793,0.03928341,0.037089266,0.033135597,0.028259354,0.024354873,0.024619823,0.03079779,0.041177228,0.053561836,0.06652804,0.079123184,0.09062557,0.100458324,0.1081681,0.11342627,0.11603577,0.1159368,0.113207825,0.10806055,0.1008284,0.09194878,0.08194,0.07137419,0.06084741,0.050947547,0.04221736,0.035104122,0.029885728,0.026592417,0.025011403,0.024838315,0.025850456,0.02792509,0.030929232,0.034634043,0.038726907,0.042886015,0.04686549,0.05056764,0.054093372,0.057755828,0.062031906,0.06743463,0.0743362,0.08282559,0.09267273,0.10339256,0.11434942,0.12485339,0.13423301,0.14188701,0.14732087,0.15017244,0.15022813,0.1474303,0.14187674,0.13381255,0.12361634,0.11178255,0.098903164,0.08565221,0.0727764,0.061089035,0.05144051,0.044583347,0.040841263,0.03977659,0.04035096,0.041500177,0.04251804,0.043100983,0.04325082,0.0431576,0.043083914,0.043249752,0.04373557,0.044437848,0.045094773,0.045361392,0.044894885,0.043424398,0.040801737,0.037042644,0.0323768,0.02733674,0.022915304,0.020612821,0.021549024,0.02506131,0.02945347,0.033319928,0.035731986,0.03608835,0.034031544,0.029442484,0.02254161,0.014507711,0.011413457,0.020507194,0.03457767,0.049987204,0.06542333,0.07995052,0.09274577,0.10307441,0.11030953,0.11395943,0.113693446,0.10936274,0.1010159,0.08891287,0.07355107,0.055760957,0.03716777,0.022983588,0.02697501,0.044781137,0.06505384,0.08453559,0.101976514,0.116669625,0.12819876,0.13638562,0.14127494,0.14312162,0.14236757,0.13960199,0.13549912,0.13073124,0.12586196,0.12124003,0.11692845,0.112703346,0.10813002,0.10268942,0.09591326,0.08749997,0.07741273,0.065994956,0.05419407,0.04406128,0.039269798,0.042955168,0.05350217,0.067099795,0.08110764,0.09400003,0.10483758,0.11302072,0.11819797,0.1202326,0.11918905,0.11532549,0.10908783,0.10110446,0.09217991,0.08327756,0.07545892,0.06971547,0.06665534,0.066195205,0.06757061,0.06970287
26,0.027434269,0.022666156,0.019004563,0.01797183,0.020419573,0.025437439,0.031642765,0.038092706,0.04419381,0.049528457,0.05377346,0.05667054,0.058018863,0.057676643,0.055566028,0.051678758,0.046081215,0.038918927,0.030423144,0.020936113,0.011097575,0.0051142783,0.012651971,0.02236237,0.031397402,0.03911575,0.045092672,0.04901407,0.05068664,0.05007503,0.047367763,0.043103404,0.038416766,0.035367403,0.036586747,0.043227483,0.05401485,0.06700268,0.080658555,0.09386915,0.105788544,0.11575757,0.12327594,0.12799783,0.12973481,0.1284584,0.12429822,0.11753451,0.10858429,0.09798243,0.08635904,0.07441568,0.06290175,0.052586924,0.044206128,0.038323596,0.03509689,0.034140278,0.034765154,0.036402654,0.038789704,0.041876614,0.045642607,0.049964774,0.05459141,0.05919675,0.06346795,0.06718934,0.070309706,0.072985135,0.075585,0.078639895,0.08271575,0.08823621,0.09532883,0.10377505,0.11307445,0.12256501,0.13153824,0.13932347,0.14534184,0.14913866,0.15040144,0.14896753,0.14482403,0.13810138,0.12906234,0.118088186,0.10566487,0.09237237,0.07888235,0.06596913,0.054530974,0.045572523,0.03997855,0.03792979,0.03850674,0.040238746,0.041913778,0.042845238,0.04279031,0.041821316,0.040225323,0.0384145,0.03681795,0.035747718,0.035284266,0.035263374,0.035392515,0.03542902,0.035336286,0.035375074,0.03608757,0.03810375,0.041794516,0.047025107,0.053214073,0.059560455,0.06522998,0.06945651,0.07159769,0.07117707,0.06792908,0.061862517,0.053383913,0.043611348,0.035210267,0.033289958,0.04108188,0.05521119,0.07156363,0.08773177,0.10221526,0.11393266,0.12206566,0.1260202,0.12542295,0.12012502,0.110202216,0.09594904,0.07786733,0.056662034,0.033328734,0.011024255,0.020968681,0.04553246,0.069599465,0.09176745,0.11125078,0.1274925,0.1401389,0.14904363,0.1542693,0.15607922,0.15491702,0.151371,0.14612119,0.13986704,0.13323812,0.1266988,0.12047094,0.11450442,0.10851557,0.102085635,0.09478886,0.08631835,0.07660025,0.0659204,0.055135183,0.046066985,0.041775506,0.044834882,0.054238327,0.06690849,0.08042189,0.093285136,0.10455893,0.113632664,0.12012856,0.12386169,0.124820456,0.12315241,0.119149886,0.11323274,0.10592737,0.09783999,0.08962035,0.08190851,0.07525668,0.070029125,0.06631317,0.06390112
27,0.022977877,0.017107768,0.010420792,0.0030967738,0.004701009,0.0126612475,0.020552948,0.028085794,0.03496526,0.04090076,0.045617674,0.0488702,0.050454155,0.05021918,0.048079606,0.044023372,0.03811826,0.03051499,0.021446573,0.0112239495,0.00030485253,0.011119558,0.022327162,0.032913305,0.04239386,0.05031883,0.056301802,0.060053244,0.061419953,0.06043743,0.05741001,0.05304598,0.048666667,0.046341434,0.048305444,0.0553949,0.06652204,0.07989945,0.09395407,0.107468694,0.11950423,0.12933631,0.13642801,0.14042269,0.14114414,0.13859637,0.13295937,0.12457941,0.1139542,0.101714805,0.088608,0.07548364,0.06328896,0.05304988,0.04575248,0.04198066,0.04146394,0.0431923,0.046111513,0.04958447,0.05338633,0.057509165,0.06196932,0.06668638,0.07144972,0.07595582,0.07988245,0.08296991,0.08509301,0.08631639,0.086927235,0.08743096,0.088486396,0.09076089,0.09472891,0.100503564,0.10779813,0.11602466,0.12444879,0.13232271,0.13896996,0.14383027,0.14648,0.14663887,0.14416978,0.13907427,0.13148591,0.121663146,0.1099833,0.09694089,0.08315564,0.069400296,0.056661777,0.046220195,0.039543297,0.03747378,0.039119508,0.042411212,0.045562822,0.04753522,0.047870073,0.04649458,0.04360597,0.03960879,0.0350801,0.030744903,0.027422752,0.025854103,0.026392031,0.028892623,0.033031132,0.03861476,0.045584764,0.053858306,0.06319865,0.07317326,0.08318014,0.092506655,0.10039825,0.106127046,0.109057255,0.108706824,0.10480703,0.09736679,0.08676232,0.073909424,0.060664937,0.050628018,0.04903772,0.05781956,0.072955005,0.08993765,0.10594986,0.11925239,0.12868759,0.13348253,0.13317935,0.12760805,0.116869025,0.10131316,0.081515506,0.058245286,0.032458026,0.0062965485,0.02378646,0.051199786,0.077327415,0.10119216,0.12205278,0.13935527,0.15274443,0.16207269,0.16739991,0.16898255,0.16725183,0.16278027,0.15623601,0.14832415,0.13971612,0.13097183,0.122467235,0.114347555,0.10652768,0.09874919,0.09068301,0.08205377,0.07276957,0.06306841,0.053729754,0.04638054,0.043501116,0.046895493,0.05572188,0.06763325,0.08063361,0.093392946,0.10502631,0.114925176,0.12267567,0.12802126,0.13084339,0.13114786,0.12905179,0.12476928,0.11859566,0.110891156,0.10206514,0.09256274,0.082855456,0.07343625,0.06481653,0.05751323
28,0.032171704,0.029298287,0.026018512,0.022971002,0.021100344,0.021351358,0.023913091,0.028061718,0.032835864,0.037452817,0.041333053,0.044042386,0.045255218,0.044740725,0.042361543,0.038078543,0.031960756,0.024211736,0.015296983,0.0072414386,0.010503148,0.021037556,0.03224702,0.04295686,0.05253555,0.06047817,0.066378124,0.069950365,0.07107177,0.06983827,0.06665017,0.062341735,0.0583385,0.056648847,0.059205983,0.06663741,0.07795191,0.09147414,0.105624676,0.1191242,0.13096997,0.14039187,0.14682907,0.14992219,0.14951132,0.1456334,0.13851574,0.12856463,0.11635036,0.10259263,0.088153444,0.07404774,0.061474793,0.05181195,0.04632732,0.0453856,0.04796156,0.052446198,0.057635177,0.06293718,0.06817251,0.07333956,0.07844508,0.083408594,0.0880368,0.09205252,0.09515533,0.097091965,0.09772267,0.09707711,0.095396884,0.0931582,0.091056965,0.089923166,0.09053571,0.09337287,0.09843231,0.10524581,0.11305727,0.12102523,0.12835889,0.1343826,0.13855694,0.14048123,0.13989039,0.13665193,0.13076481,0.12236098,0.11171005,0.09922943,0.085505776,0.071342684,0.057863936,0.046686556,0.03990295,0.038883604,0.042411815,0.04769767,0.052532226,0.055685934,0.056589592,0.05508738,0.051307224,0.045590274,0.038455278,0.030618854,0.023183867,0.018232057,0.018734232,0.024708785,0.033668425,0.044265024,0.056073625,0.068896934,0.0824668,0.09634303,0.10990727,0.12240637,0.13301992,0.14093663,0.14543118,0.14593653,0.14211014,0.13389571,0.121590726,0.105947755,0.088386625,0.0714936,0.059864976,0.059113834,0.069660135,0.0860284,0.10323108,0.11831025,0.12951992,0.13579328,0.13652758,0.13149795,0.12081478,0.10489494,0.08444539,0.0605042,0.03489362,0.016402142,0.032446593,0.059548356,0.08648288,0.1113073,0.13303618,0.15101944,0.16485612,0.17437448,0.17961875,0.18083109,0.17842565,0.1729549,0.1650682,0.15546338,0.14483185,0.13379933,0.12286705,0.112363346,0.10241993,0.09298761,0.083898604,0.074970126,0.06613964,0.057632864,0.05017919,0.045206048,0.044543672,0.04909641,0.05796021,0.06942276,0.0820022,0.094625436,0.10651192,0.11707263,0.12585701,0.13252878,0.13685487,0.13869941,0.13801906,0.13485788,0.12934156,0.12167109,0.11211721,0.10101711,0.08877728,0.07588962,0.06297693,0.05090049
29,0.050630987,0.05009135,0.048698854,0.04676114,0.044672243,0.04287049,0.04174862,0.04152605,0.042148627,0.043293584,0.04447585,0.04517647,0.04493319,0.043388054,0.04031142,0.03562315,0.02943773,0.022217698,0.015440381,0.013628834,0.019989287,0.030117827,0.041085716,0.051691838,0.061201334,0.06905596,0.07482805,0.0782357,0.079181835,0.0778128,0.07460297,0.07047023,0.06688044,0.06574026,0.06873512,0.07634084,0.087628976,0.10101694,0.11494336,0.12810048,0.13944957,0.14819482,0.15376553,0.15580828,0.15418348,0.14896037,0.14040819,0.12898323,0.11531448,0.10019491,0.08459189,0.06969994,0.05704671,0.048505824,0.045613438,0.048098054,0.05393662,0.06112773,0.06851448,0.07560459,0.082251616,0.088432156,0.094112486,0.09918325,0.103448406,0.10665359,0.10853677,0.108886115,0.10759474,0.104708254,0.10046449,0.09532568,0.08999648,0.085401386,0.08256452,0.08234108,0.08508138,0.090478465,0.097736426,0.10588043,0.113981,0.1212443,0.12702492,0.13081406,0.13222814,0.13100573,0.12701316,0.1202572,0.1109034,0.09930099,0.08602171,0.07193348,0.058354825,0.047317255,0.04150689,0.04240206,0.048081066,0.055229053,0.061493598,0.065592244,0.066910416,0.06525741,0.060742747,0.0537007,0.044633184,0.03417897,0.02321021,0.01377168,0.0130384145,0.022573868,0.03525279,0.049261548,0.06437593,0.080536395,0.097537704,0.11494023,0.13207228,0.14808325,0.16202337,0.1729338,0.1799368,0.18231958,0.17960829,0.1716308,0.15857244,0.14103718,0.12015199,0.09781365,0.077304676,0.06424923,0.06460849,0.07694925,0.094170965,0.110931195,0.12431463,0.13272011,0.13528916,0.13168235,0.12198688,0.106675826,0.086616285,0.06323817,0.03961071,0.027190523,0.042193282,0.068333626,0.09543512,0.1207482,0.14298809,0.16137177,0.17543073,0.1849568,0.18997343,0.19070844,0.18756284,0.18107437,0.17187734,0.16065954,0.14811763,0.1349127,0.12162744,0.108728506,0.09653999,0.08523742,0.07487402,0.065450564,0.057036567,0.04994282,0.044902734,0.043051753,0.045334242,0.051684488,0.061123785,0.07248418,0.084781684,0.09723446,0.10920047,0.12013291,0.12956014,0.13708082,0.14236638,0.14516647,0.14531457,0.1427326,0.13743347,0.12952153,0.11919101,0.106723376,0.092485756,0.07693677,0.06065778,0.044476204
30,0.07283051,0.07374973,0.073415324,0.07201243,0.06980073,0.067090616,0.0642056,0.061429434,0.058944684,0.056781467,0.054800913,0.052726593,0.05021346,0.046929732,0.042634115,0.037252795,0.030997036,0.024648584,0.020254984,0.02114225,0.02781843,0.037537295,0.04818832,0.058581922,0.06792826,0.075635195,0.08126302,0.08453619,0.085381076,0.08398358,0.08086889,0.076998375,0.07382667,0.07313205,0.07638741,0.0839549,0.09495977,0.1079084,0.12127899,0.13376468,0.1443167,0.1521338,0.15664975,0.15752633,0.15464802,0.14811467,0.1382299,0.12548617,0.11055087,0.09426487,0.07767853,0.06217682,0.04974155,0.04300485,0.043623623,0.04999159,0.059055522,0.068775594,0.07820464,0.08697228,0.09494853,0.102064654,0.1082227,0.11326203,0.11696612,0.11909551,0.119433135,0.1178312,0.11425249,0.108803906,0.101763934,0.09360922,0.085045785,0.07703878,0.07079128,0.067541376,0.068080716,0.07229542,0.07926346,0.08777871,0.09674084,0.10526043,0.112628184,0.118266076,0.121699445,0.12255378,0.12057061,0.115635715,0.107815236,0.097399585,0.084964685,0.07147976,0.05852059,0.04857909,0.044708494,0.04791252,0.055531796,0.0641218,0.07138808,0.07605562,0.077490985,0.075495124,0.07019581,0.061973415,0.051392216,0.039135452,0.025992258,0.0133483615,0.009556282,0.02099863,0.03554502,0.051344275,0.068462364,0.08702565,0.106920026,0.12770545,0.14863001,0.16870157,0.1867876,0.20172405,0.21242191,0.21796489,0.2176935,0.21127316,0.19874662,0.18057528,0.15768592,0.13156696,0.10453533,0.080460645,0.065882795,0.06702234,0.08053733,0.09785314,0.113415204,0.124453254,0.12959783,0.1282757,0.12048506,0.10671723,0.08798314,0.06610021,0.045133926,0.03654322,0.050797477,0.07594464,0.102887854,0.12838683,0.1508868,0.16946468,0.18357491,0.19296731,0.1976443,0.19782491,0.1939071,0.18642688,0.17601568,0.1633578,0.14914992,0.1340645,0.11871892,0.10365214,0.089311615,0.07605558,0.064179614,0.053981315,0.045873303,0.040502936,0.038674228,0.040835667,0.046617344,0.055133883,0.065511346,0.07705134,0.089180715,0.10138445,0.113170125,0.12405825,0.13358754,0.1413278,0.14689577,0.14997144,0.15031312,0.14776959,0.14228901,0.1339237,0.12283059,0.109267704,0.09358701,0.07622589,0.057703182,0.03864744
31,0.09646237,0.09845527,0.09887635,0.09782781,0.095497206,0.092136145,0.08803254,0.08347556,0.078714766,0.07391947,0.06914849,0.06434294,0.059350014,0.05397752,0.048072834,0.041627653,0.034940124,0.02892158,0.025523635,0.0270677,0.033542503,0.042853627,0.0531669,0.06329841,0.07243146,0.07995918,0.0854413,0.0886136,0.089423664,0.08808555,0.0851518,0.0815903,0.07880281,0.078421876,0.081734486,0.08901888,0.09945663,0.11164753,0.12412957,0.13562317,0.14509396,0.15175502,0.15505935,0.15469326,0.15056923,0.14281555,0.13176122,0.11791777,0.10196391,0.08474981,0.06736419,0.051380757,0.03948182,0.035614934,0.0408865,0.051302828,0.063267194,0.075159386,0.086349934,0.09658743,0.10573586,0.11365835,0.12017173,0.12504445,0.1280224,0.12886949,0.12741171,0.12357615,0.11742013,0.109149136,0.099126376,0.087881744,0.076135285,0.064856745,0.055364896,0.049322855,0.048161652,0.051940575,0.05926402,0.06846408,0.0782901,0.08788107,0.09658375,0.10383406,0.10911345,0.111955866,0.11198476,0.1089657,0.10286677,0.093926705,0.08274449,0.07042756,0.05885476,0.050916117,0.0495898,0.055019952,0.06414003,0.07368645,0.08150246,0.08633797,0.087553844,0.08496225,0.078738056,0.0693493,0.057483736,0.04396901,0.029720835,0.016018454,0.009011493,0.018803379,0.03309969,0.049040534,0.06690643,0.08706058,0.109501705,0.13376409,0.15896104,0.1838936,0.20718066,0.22739029,0.24316342,0.25332525,0.2569805,0.25358957,0.24302343,0.22559844,0.20209724,0.17379369,0.14253096,0.11098603,0.08344844,0.06705008,0.068087794,0.08169044,0.09815303,0.111779936,0.11997447,0.121642426,0.116555594,0.10514108,0.08848484,0.068672806,0.050271455,0.043812614,0.057170678,0.081285976,0.10786144,0.13333312,0.15590937,0.1745277,0.18856072,0.19771369,0.20197049,0.20154971,0.19686005,0.18845318,0.17697577,0.16312273,0.14759462,0.13106187,0.114137985,0.09736493,0.08121475,0.066117406,0.052537512,0.04114854,0.033134013,0.030177321,0.032944,0.039943285,0.049324043,0.060008153,0.07145231,0.08331972,0.09531666,0.10712738,0.11839592,0.12873061,0.13772018,0.14495532,0.15005232,0.15267636,0.15256259,0.14953394,0.14351429,0.13453665,0.122745804,0.10839543,0.09184005,0.07352236,0.053957287,0.033717062
32,0.12019397,0.12306993,0.124102995,0.123323515,0.120863095,0.116933316,0.11180088,0.10575845,0.09909199,0.09204735,0.084801346,0.07744497,0.06998692,0.062383987,0.054603,0.046722684,0.039103955,0.03268293,0.029261183,0.030725153,0.036901947,0.045875274,0.05588576,0.065749355,0.0746458,0.081973955,0.08730677,0.090397924,0.09121477,0.08998853,0.087276906,0.08402182,0.081539735,0.0813079,0.08445034,0.09118666,0.10076235,0.11187862,0.123151705,0.13335289,0.14148493,0.14679448,0.14876862,0.1471282,0.14181845,0.1329948,0.121003084,0.10635544,0.08970903,0.07186688,0.053866297,0.037409324,0.02648285,0.027694115,0.038720954,0.05266475,0.066789776,0.08025869,0.09276817,0.10414935,0.11422778,0.12277313,0.12949619,0.13407582,0.13620304,0.13563031,0.13221711,0.12596445,0.117034934,0.10575732,0.09261769,0.078244686,0.06340702,0.049070425,0.03663585,0.028487394,0.027509825,0.033149373,0.04198093,0.051843017,0.06187212,0.07165829,0.08084751,0.08900679,0.0956142,0.10011189,0.10198825,0.10086963,0.09661311,0.08940374,0.07987573,0.06929817,0.05984175,0.054571617,0.055923775,0.0632118,0.073357776,0.08341058,0.09136145,0.095989384,0.09666093,0.09321851,0.08591292,0.07534299,0.062385745,0.048117798,0.033765946,0.020922054,0.013359399,0.017215839,0.027859518,0.04161936,0.058723476,0.07973145,0.10464216,0.1328079,0.16306597,0.19390447,0.22361779,0.25044927,0.27272326,0.28896517,0.29800642,0.29906917,0.2918275,0.2764435,0.25357944,0.2243938,0.19054146,0.15422809,0.11845487,0.08777649,0.06944677,0.069398075,0.08183787,0.096450016,0.10745238,0.11242277,0.11057544,0.10210378,0.08803863,0.07054311,0.05422752,0.04858276,0.060665973,0.08361316,0.10964339,0.13491972,0.15743025,0.1759735,0.1898371,0.19868033,0.2024716,0.20143783,0.19601281,0.18678279,0.1744304,0.15968,0.14324792,0.12580091,0.107925735,0.09011382,0.07276551,0.05622776,0.0409131,0.027705973,0.019398743,0.020989778,0.030207638,0.041906387,0.05426779,0.06676279,0.07918032,0.09137312,0.10317935,0.11439531,0.124769,0.1340053,0.14177921,0.1477548,0.15160719,0.15304591,0.15183741,0.14782487,0.1409441,0.1312346,0.11884523,0.10403486,0.087169595,0.06872155,0.04928957,0.029763177
33,0.14298962,0.14663886,0.14820153,0.14764094,0.14503843,0.14057165,0.13449083,0.12709212,0.11868872,0.109581225,0.10003065,0.090238824,0.080342576,0.07042903,0.06058064,0.050964378,0.04199753,0.03464177,0.030678999,0.031883415,0.037906434,0.046714894,0.05651489,0.06613208,0.07477306,0.08186821,0.0870213,0.09001295,0.09083048,0.08971288,0.08720357,0.084191956,0.08188596,0.08160488,0.08433109,0.09024712,0.09867091,0.10841295,0.118183374,0.12682466,0.13339737,0.13720034,0.13777007,0.13487361,0.12849644,0.118823804,0.10621472,0.0911691,0.07429229,0.056270327,0.037913147,0.020678394,0.012199996,0.023453683,0.0392902,0.05504539,0.07008687,0.08425717,0.09745415,0.1095178,0.120190345,0.12911806,0.13588344,0.14005706,0.14125729,0.139208,0.13378635,0.12505518,0.1132775,0.09891182,0.08258971,0.06508048,0.047257215,0.03012647,0.015392041,0.010467998,0.019170992,0.029244758,0.038208865,0.046161465,0.053607196,0.06100751,0.068532646,0.07596404,0.082751796,0.088166565,0.09147281,0.09208456,0.0896987,0.08442078,0.076911844,0.06858855,0.06180761,0.059483003,0.06327179,0.07196438,0.08271757,0.092900574,0.10063688,0.10473596,0.104581416,0.10006566,0.091547936,0.07981304,0.06602261,0.05166269,0.038492903,0.028422972,0.022869546,0.021478947,0.02327546,0.029756017,0.04338667,0.064613156,0.092445344,0.12542427,0.16183093,0.19973534,0.23707195,0.27174595,0.30175498,0.32531172,0.34095743,0.34765705,0.34486982,0.33259127,0.31136596,0.28227368,0.24689902,0.20730597,0.1660694,0.12649328,0.09328766,0.07338815,0.07171425,0.0819547,0.0938096,0.10156871,0.10302651,0.09776695,0.08654349,0.071364745,0.056538336,0.05062402,0.060901415,0.08244948,0.10775822,0.1326931,0.1550223,0.17340465,0.18704079,0.195543,0.19886632,0.19725257,0.19117263,0.18126406,0.1682656,0.1529519,0.1360727,0.11830065,0.10019214,0.082165055,0.064496316,0.04734262,0.030798722,0.015146368,0.0061143343,0.018280618,0.032966584,0.04756,0.061808698,0.07557758,0.08873394,0.101132974,0.1126156,0.1230076,0.13211901,0.13974494,0.14566949,0.1496734,0.15154591,0.15109973,0.14818798,0.1427213,0.13468334,0.12414363,0.111266844,0.096319735,0.079679765,0.061861254,0.04362575,0.026572762
34,0.16396719,0.1683189,0.17035761,0.16998321,0.16722962,0.16224301,0.15525849,0.14657485,0.13652772,0.12546195,0.11370583,0.101550154,0.08923723,0.07696618,0.06492449,0.0533642,0.042765047,0.034161687,0.029504988,0.030681916,0.036959518,0.04589225,0.0556085,0.064992115,0.073325,0.08010382,0.08498549,0.08778961,0.08852598,0.08743454,0.08502931,0.08212755,0.07981434,0.079254255,0.08130787,0.08613822,0.0931419,0.10124366,0.10925871,0.11611718,0.12095584,0.12314386,0.12228425,0.11820608,0.1109498,0.10074493,0.08797902,0.07315795,0.056859598,0.039686326,0.022242436,0.0057093976,0.012947569,0.029016174,0.044566188,0.059477743,0.073792465,0.08752471,0.10058185,0.112722315,0.123553,0.13256286,0.13918202,0.14285345,0.14310527,0.13961463,0.13225715,0.121137954,0.10660217,0.08922467,0.06978037,0.049200077,0.028533347,0.0092404215,0.01066075,0.02579154,0.038220532,0.047426697,0.053544227,0.057158113,0.05925708,0.061066005,0.063678354,0.067596115,0.07250981,0.07750154,0.08145769,0.08341956,0.08280733,0.07957484,0.07436069,0.06865423,0.06480837,0.06531397,0.071108624,0.08078555,0.09181548,0.10184179,0.10909702,0.11242064,0.111223005,0.10546587,0.09565424,0.082833156,0.06859251,0.05506224,0.044682894,0.039025843,0.036827497,0.03452033,0.029122548,0.020831373,0.021185135,0.04216445,0.074559234,0.11375326,0.15738527,0.20323707,0.24898641,0.29226315,0.33077106,0.3624231,0.38546997,0.39861035,0.40107486,0.392678,0.37383637,0.34555396,0.30937973,0.26734966,0.2219374,0.1760657,0.13329701,0.09839303,0.077647656,0.074420735,0.081927784,0.09039341,0.09446153,0.092269994,0.08389379,0.07090724,0.05703724,0.04994238,0.057734873,0.0775563,0.10195532,0.12641181,0.1484605,0.16662079,0.18000631,0.1881814,0.19108754,0.18898383,0.18238448,0.17198946,0.1586095,0.14308915,0.12623249,0.10873757,0.09114632,0.07381786,0.056933194,0.04054276,0.024708314,0.010447649,0.011156477,0.025535382,0.041053046,0.056581028,0.07176345,0.08630548,0.099922225,0.11234531,0.12333445,0.13268481,0.14022876,0.14583334,0.14939532,0.1508364,0.15010029,0.14715321,0.141988,0.13463154,0.12515481,0.11368388,0.100411944,0.08561378,0.06967076,0.053137638,0.036987178,0.023725895
35,0.18237963,0.18738467,0.1898621,0.18965231,0.18674444,0.18125464,0.17340341,0.16349117,0.15187272,0.13893081,0.12505093,0.11059941,0.0959088,0.081276,0.06698323,0.05336368,0.040970773,0.03099494,0.025872799,0.027807161,0.035058916,0.04446161,0.05417633,0.06326057,0.07114062,0.0774206,0.08183575,0.08425862,0.08472622,0.08347601,0.08098262,0.07797904,0.07542136,0.07432708,0.07545272,0.07895432,0.08430858,0.09055372,0.09661503,0.10152186,0.104503244,0.10501775,0.10275688,0.09763809,0.08979147,0.079541475,0.06738809,0.054003038,0.04029898,0.027806612,0.020092864,0.022286791,0.031592242,0.04297526,0.054763757,0.06662275,0.078557216,0.09056686,0.10249313,0.11396498,0.12441552,0.13314514,0.13940725,0.14249796,0.14183836,0.13704242,0.12796675,0.114739984,0.09777123,0.077739604,0.05557578,0.032502744,0.011252306,0.016270753,0.035187785,0.051750887,0.064591594,0.07323059,0.07764293,0.07825321,0.07595699,0.07211005,0.0683957,0.06641167,0.0669681,0.06962525,0.07303299,0.0757095,0.07661233,0.075406104,0.072600365,0.06962322,0.06862513,0.07157453,0.07890811,0.08922883,0.10030072,0.10997993,0.11658231,0.118973054,0.11659466,0.109494574,0.09836442,0.08460581,0.07043653,0.058897182,0.05293157,0.052717295,0.054649655,0.054253895,0.048263583,0.034732383,0.012885907,0.018517237,0.057139803,0.102742895,0.15344167,0.20703442,0.26104456,0.31286618,0.35992408,0.39983353,0.43054846,0.450489,0.45863992,0.4546148,0.438682,0.41175315,0.37533683,0.33146593,0.28261256,0.23161694,0.18168254,0.13653998,0.100872956,0.080119334,0.07581456,0.08059678,0.08546472,0.08571055,0.08000206,0.0690984,0.055870842,0.046881564,0.051302787,0.06892998,0.092206135,0.11604733,0.13772571,0.15562437,0.1687734,0.17668857,0.17929427,0.17686288,0.16994971,0.15931888,0.14586069,0.13050406,0.11412877,0.09748564,0.08113606,0.06543056,0.05056041,0.036768813,0.025067857,0.019461628,0.025017848,0.037489343,0.05235863,0.067987755,0.0835746,0.09852963,0.1123489,0.12459893,0.13492543,0.14306276,0.14883772,0.15216632,0.15304449,0.15153459,0.14774992,0.14183988,0.13397755,0.1243517,0.11316391,0.10063163,0.08699799,0.07255166,0.057669993,0.042936724,0.02955373,0.02082875
36,0.19762775,0.20325056,0.20614031,0.20608255,0.20302472,0.19705474,0.18837905,0.17729908,0.16418654,0.14945777,0.13354869,0.116892025,0.09989959,0.0829548,0.06642475,0.050717715,0.03647277,0.025192287,0.020543894,0.02493123,0.0339947,0.044032406,0.053635962,0.06218774,0.06931967,0.074776396,0.078392565,0.08010702,0.07999051,0.07827851,0.0754024,0.072006464,0.068918765,0.067020305,0.06697842,0.06894885,0.07248243,0.07672107,0.08069625,0.08354181,0.08459331,0.083422035,0.079843745,0.07392151,0.0659735,0.05660174,0.04677822,0.038044292,0.03268023,0.03271678,0.037608415,0.04495942,0.052968122,0.060879488,0.068622336,0.07648409,0.08484234,0.09392795,0.10366216,0.11361092,0.12304711,0.1310708,0.13673997,0.13918664,0.13771065,0.13185135,0.12143794,0.10662121,0.08789297,0.06612157,0.042759426,0.021676403,0.021108067,0.04053811,0.06094953,0.0784538,0.0917495,0.100204594,0.10365679,0.10239873,0.09718891,0.08926053,0.08030441,0.07233507,0.06722004,0.065783836,0.06722885,0.06975869,0.0717334,0.0723481,0.0718294,0.07139191,0.07286088,0.077741444,0.0861889,0.09690142,0.10787472,0.11711583,0.12299555,0.12439434,0.120785,0.11231025,0.099888206,0.08539155,0.07191076,0.0635921,0.06327144,0.06898835,0.075637594,0.07873871,0.07544649,0.06453531,0.047494095,0.036296315,0.05711279,0.10106799,0.15504837,0.21409035,0.2747957,0.33404538,0.388865,0.43651134,0.4746044,0.50125694,0.5151812,0.5157616,0.50308913,0.47795352,0.44179723,0.39663562,0.34495392,0.2895975,0.2336833,0.1805841,0.13407391,0.09863375,0.07875367,0.07409727,0.076613486,0.07813811,0.074827954,0.06606322,0.053552873,0.04231896,0.042151693,0.056818582,0.07870401,0.101783745,0.123005666,0.14062381,0.15359248,0.16137858,0.1638821,0.16137694,0.1544463,0.14390734,0.13072465,0.1159158,0.10045349,0.08517314,0.07070364,0.057458255,0.0457572,0.03621069,0.03044353,0.03103231,0.038491163,0.050557744,0.065089904,0.08073119,0.09651782,0.11165692,0.12546372,0.13735893,0.14688212,0.15370484,0.15763703,0.15862525,0.15674232,0.15217024,0.1451777,0.1360947,0.12528665,0.11313053,0.099995814,0.08623271,0.072171465,0.05814006,0.044521406,0.031929735,0.021816922,0.017813548
37,0.20927836,0.21549308,0.21877743,0.21886781,0.21567369,0.20925716,0.19981171,0.18763971,0.17312832,0.15672451,0.13890979,0.12017638,0.101006836,0.08186122,0.06318065,0.04543633,0.029357938,0.017160073,0.015948834,0.025024822,0.035974365,0.046317067,0.055423975,0.06303171,0.06898018,0.07316157,0.07552102,0.07607517,0.074938074,0.072349705,0.06870238,0.06455606,0.060619015,0.057649102,0.056237437,0.056540478,0.058166865,0.060337465,0.0621711,0.06290155,0.06198388,0.05913913,0.05438789,0.048112776,0.041200813,0.035304993,0.032870036,0.035609443,0.04254752,0.051385112,0.06034497,0.068400785,0.0750849,0.0803733,0.08462419,0.088491805,0.09275532,0.09805555,0.10462613,0.112160124,0.11987529,0.12670699,0.13151811,0.13326629,0.13112107,0.12454456,0.11334881,0.097746596,0.07843583,0.056885473,0.036742643,0.029426947,0.043492496,0.06508376,0.0862611,0.104292504,0.11780488,0.12604684,0.12875539,0.12613602,0.118861064,0.10806716,0.095348224,0.08272066,0.07243532,0.06633617,0.064770535,0.06625959,0.06870275,0.070709586,0.072080836,0.07370712,0.077069245,0.08333816,0.092538245,0.10347249,0.11429609,0.1231072,0.12829906,0.1287492,0.12394895,0.11413463,0.10048099,0.08545058,0.073264435,0.069198795,0.07517189,0.087002404,0.098865956,0.106524125,0.10750106,0.10103298,0.08893042,0.078454696,0.08476429,0.11661788,0.1667802,0.22683689,0.29123136,0.35574058,0.4167191,0.47093147,0.51559055,0.5484548,0.5679264,0.5731259,0.5639301,0.54096866,0.5055795,0.45972565,0.40588337,0.34691173,0.28592327,0.22618538,0.17110573,0.124386184,0.090271294,0.07237782,0.06845122,0.06956387,0.06841005,0.06215819,0.05102061,0.03800081,0.03169635,0.041791458,0.061866164,0.084014885,0.10469401,0.122035824,0.13493112,0.14279763,0.14549941,0.1432917,0.13676037,0.12674887,0.114273,0.10042591,0.08627744,0.072775096,0.06066633,0.050488584,0.042704836,0.038009692,0.037481062,0.041911084,0.05093929,0.06341004,0.07809256,0.093891405,0.10982396,0.12499747,0.13861632,0.15000412,0.15862745,0.16411416,0.16626291,0.16504297,0.16058442,0.15315975,0.1431586,0.13105759,0.11738747,0.1027001,0.08753782,0.07240883,0.057773698,0.044054784,0.031704307,0.021458708,0.015115088,0.015305763
38,0.21707854,0.22386704,0.22753662,0.2277808,0.22447573,0.21766059,0.20751768,0.19435076,0.17856182,0.16062635,0.14106788,0.12043284,0.09926749,0.07809952,0.05743124,0.037771527,0.019905092,0.008620168,0.017444415,0.030381477,0.042120717,0.052125465,0.06026573,0.06650091,0.07082735,0.073269285,0.07388467,0.07277915,0.07012493,0.06618215,0.061319772,0.056029916,0.050919723,0.0466448,0.04373787,0.042356513,0.042135492,0.042318642,0.04205876,0.04065826,0.037694406,0.033111885,0.027428199,0.022337358,0.02149624,0.027442224,0.03792875,0.050174527,0.06254517,0.07400498,0.08382871,0.09154063,0.0969313,0.10009501,0.10145893,0.10177305,0.10201533,0.10316734,0.105881914,0.11019339,0.115460604,0.12056693,0.124221586,0.12521484,0.12258634,0.11573069,0.1044791,0.08920774,0.07110124,0.0530282,0.042057663,0.04768691,0.06623395,0.08855988,0.10995892,0.1280636,0.14146052,0.14931944,0.15130757,0.14757301,0.13873798,0.12588698,0.110551104,0.094686754,0.08059491,0.07055335,0.065831944,0.06568318,0.06793366,0.07069141,0.0732933,0.0762828,0.0808549,0.087976776,0.09762563,0.10868206,0.11938761,0.12787232,0.13251394,0.13216038,0.1262985,0.115240626,0.10042617,0.08500509,0.07455693,0.075348526,0.08774374,0.10571293,0.123186976,0.13616456,0.14237401,0.14118114,0.13415782,0.1264473,0.12788561,0.14862394,0.19006681,0.2462488,0.31048787,0.37730774,0.44217896,0.5012342,0.5511948,0.58941007,0.61393034,0.62357336,0.6179617,0.5975216,0.56344014,0.5175821,0.46237367,0.40066108,0.33556014,0.27031556,0.20820375,0.15254365,0.106928095,0.07556928,0.061484393,0.059986386,0.060898066,0.057986077,0.04957527,0.036675747,0.023902288,0.02514699,0.042357743,0.06334367,0.08339257,0.10049613,0.11349423,0.12175356,0.12508588,0.123699866,0.118146956,0.1092537,0.098041974,0.08564008,0.07318865,0.061745513,0.052199982,0.045224834,0.04131153,0.04087114,0.044225987,0.05140638,0.062023498,0.07536906,0.090567775,0.10667419,0.12273171,0.13782075,0.15110342,0.16186364,0.16953984,0.17374802,0.17429386,0.17117374,0.1645651,0.15480745,0.14237563,0.12784758,0.11186884,0.095116556,0.07826598,0.061963737,0.046815813,0.033410985,0.022443391,0.015074571,0.012884389,0.014873911
39,0.22096232,0.22831357,0.23236808,0.23278353,0.22940758,0.22226013,0.21151449,0.19747686,0.18056405,0.16127883,0.14018431,0.11787756,0.09496369,0.072032146,0.049636874,0.028289447,0.008603309,0.010278107,0.026214965,0.04008538,0.05165715,0.060876623,0.06775736,0.072361045,0.07478745,0.07516917,0.07367105,0.07049437,0.06588526,0.060146403,0.053650755,0.046854656,0.040302005,0.034593277,0.030259479,0.027495943,0.025914894,0.02464334,0.022711845,0.019351348,0.014088881,0.006836244,0.004066094,0.015074289,0.028183276,0.042413767,0.0570974,0.07153006,0.0849979,0.09682812,0.10644632,0.113435976,0.11759675,0.11899777,0.118019424,0.11536946,0.11204319,0.109178685,0.107768446,0.10828812,0.11045202,0.11328518,0.11545161,0.11561649,0.11270634,0.106072046,0.09562395,0.082046926,0.067320846,0.055903934,0.05495898,0.06726508,0.0874361,0.10979925,0.13091566,0.14864889,0.16159001,0.16887075,0.1701178,0.16544513,0.15544775,0.14118628,0.12416413,0.10629979,0.08986434,0.07722436,0.070051715,0.06818558,0.06967807,0.07241296,0.075391896,0.07889161,0.083927155,0.09137555,0.10121093,0.11234859,0.123042405,0.1313924,0.13571726,0.13480109,0.12809291,0.11594452,0.10003228,0.08423399,0.07564925,0.08136806,0.09993609,0.12394366,0.147276,0.16608468,0.17815408,0.1827721,0.18110003,0.1769261,0.1772673,0.19079606,0.22271156,0.271525,0.33181313,0.39763027,0.46368223,0.52543354,0.57906187,0.6214631,0.65029794,0.66404426,0.6620304,0.6444343,0.61224246,0.5671691,0.5115384,0.4481394,0.38006437,0.31054598,0.24281615,0.18002796,0.12533866,0.08239613,0.056210827,0.04943235,0.052586716,0.054346405,0.050477196,0.04064289,0.026340522,0.013179122,0.021349097,0.04062334,0.05994954,0.076914705,0.090298444,0.09940583,0.10397322,0.10412726,0.10033752,0.09335471,0.08413658,0.073766604,0.06337129,0.054041017,0.04675561,0.042309232,0.04123471,0.04376268,0.049852636,0.059248224,0.07149965,0.08597554,0.10189518,0.11838,0.1345128,0.14939688,0.16221035,0.17225261,0.1789811,0.18203658,0.18125665,0.17667711,0.16852231,0.15718561,0.14320198,0.12721506,0.10994149,0.09213612,0.07456226,0.057974685,0.043129135,0.030843303,0.022098107,0.017756673,0.017118849,0.017796256
40,0.22104757,0.22895788,0.23340818,0.23402719,0.23063953,0.22324952,0.2120241,0.19727352,0.17943002,0.15902363,0.13665645,0.112975776,0.088647574,0.06433258,0.040672675,0.018353982,0.004807579,0.022026764,0.038264506,0.05197787,0.062976636,0.071209975,0.07671587,0.07960377,0.08004173,0.078246005,0.074473016,0.06901463,0.062196985,0.05438343,0.045982644,0.037465256,0.029396886,0.022494867,0.017642941,0.0154853035,0.015477668,0.01614586,0.016461344,0.016423557,0.017216839,0.020755833,0.02797799,0.038365774,0.05098918,0.064963356,0.07945482,0.09365428,0.10678403,0.11812957,0.12708376,0.13319632,0.13622345,0.13617384,0.13334633,0.12835138,0.1220994,0.11572186,0.11037555,0.10691116,0.10551667,0.10557982,0.10590533,0.10513396,0.10212453,0.09621957,0.08746854,0.07695816,0.067407526,0.06355973,0.069734775,0.08523195,0.10583794,0.12769231,0.14806373,0.16502053,0.17720228,0.18374266,0.18425727,0.17884748,0.16809827,0.15306334,0.13523814,0.1165207,0.09913018,0.08534952,0.07683114,0.073601,0.073973335,0.075909235,0.07832625,0.08140217,0.08611422,0.09336165,0.103148066,0.114374004,0.12522699,0.1337098,0.13803375,0.136881,0.12962247,0.11659566,0.099640295,0.083305076,0.076277256,0.08645904,0.11066885,0.14045906,0.16969666,0.19458921,0.21286534,0.22361058,0.22751181,0.22732365,0.22825044,0.23734255,0.2607966,0.3005422,0.35378352,0.4153279,0.47963312,0.54164594,0.59702355,0.6421952,0.674408,0.69177014,0.69327974,0.6788231,0.6491367,0.6057288,0.5507645,0.48692077,0.41722086,0.34486094,0.27304524,0.20485608,0.14321756,0.09115299,0.053155277,0.038022973,0.04395965,0.0520408,0.054213203,0.049444042,0.03865114,0.023569332,0.008519193,0.017529313,0.03574733,0.05274657,0.0669471,0.077534035,0.08412659,0.08672106,0.08564396,0.0814922,0.07506092,0.067266226,0.059075363,0.051463675,0.04541719,0.04195273,0.04200659,0.04608743,0.0540539,0.06533012,0.07919469,0.09487761,0.11156199,0.12839006,0.14449246,0.15903172,0.17124906,0.1805074,0.18632637,0.1884065,0.18664192,0.18112113,0.1721167,0.16006535,0.14554042,0.12921923,0.11184865,0.094212346,0.07710421,0.061313305,0.04762171,0.036791675,0.029424805,0.025504297,0.023983294,0.0233294
41,0.21762288,0.22609706,0.23096783,0.23184189,0.22852604,0.22101302,0.20946625,0.19420227,0.17567046,0.15443002,0.13112536,0.10646208,0.08118887,0.056106992,0.0322379,0.0129622165,0.01816137,0.035348944,0.051196065,0.064384714,0.074583806,0.08169899,0.08576832,0.08692904,0.085397914,0.08145545,0.07543238,0.067699,0.05865837,0.048746374,0.038446836,0.028350728,0.019375158,0.013491536,0.013598491,0.018098177,0.0234246,0.028241757,0.032376964,0.036206488,0.040456977,0.045982663,0.053443488,0.06305521,0.07456997,0.08741747,0.10085761,0.114085756,0.1263016,0.13676204,0.14482927,0.15001722,0.15203547,0.15082881,0.14660878,0.13987356,0.13140659,0.12223618,0.11352042,0.10631615,0.10124274,0.09819507,0.09634447,0.094481446,0.09148791,0.086739846,0.08043893,0.073973715,0.0701992,0.07269189,0.083164774,0.10006214,0.120356835,0.14123361,0.16045426,0.17629363,0.18748042,0.19318864,0.19305259,0.18718246,0.17616805,0.16106583,0.14336802,0.12494532,0.107921705,0.094358765,0.0855986,0.08151836,0.08060439,0.081086196,0.08204563,0.08376304,0.08735005,0.09386405,0.10338417,0.11474499,0.12597957,0.13491948,0.13961893,0.1386214,0.13117987,0.1175538,0.09962826,0.082435235,0.07618054,0.0898595,0.118923284,0.15403575,0.18897812,0.2199262,0.24447592,0.26144013,0.2710109,0.27507675,0.27750012,0.28391203,0.3003225,0.33059183,0.37464076,0.42900217,0.48863345,0.54831827,0.60332423,0.64965075,0.6841307,0.70448554,0.70935434,0.69829386,0.67174304,0.6309496,0.57786036,0.51497966,0.44520566,0.37165362,0.2974803,0.22572547,0.1592006,0.10052026,0.052838825,0.026147947,0.035763863,0.05150631,0.060129695,0.060748667,0.05435796,0.042547643,0.027357664,0.012866037,0.016030384,0.031554725,0.046675444,0.059258666,0.06856706,0.0743508,0.07669641,0.07594723,0.07263084,0.06739276,0.060953826,0.054122865,0.047904402,0.04368191,0.043168295,0.047586676,0.056780875,0.06965052,0.08500041,0.1018016,0.119142644,0.13616972,0.15207224,0.1661001,0.17759445,0.18602052,0.19099562,0.19230862,0.18992895,0.18400475,0.17485063,0.16292624,0.14880787,0.13315502,0.11667511,0.10008873,0.084098786,0.06936527,0.05648516,0.045966797,0.03816916,0.033173922,0.030657645,0.029972533
42,0.21112427,0.22017728,0.22551042,0.22671494,0.22358489,0.21610542,0.20443976,0.18891379,0.16999768,0.14828552,0.1244755,0.099357955,0.07383542,0.049084514,0.027596276,0.019482477,0.031925093,0.048606105,0.06374763,0.076112054,0.08528257,0.09112807,0.093684204,0.09310965,0.089660466,0.08366987,0.075531095,0.06568393,0.054608732,0.042839166,0.03103591,0.020321561,0.013732876,0.016036868,0.023633612,0.03191304,0.039544147,0.04623678,0.052096877,0.057486903,0.06295417,0.06912179,0.07652771,0.08546331,0.09588766,0.10744528,0.1195511,0.13149065,0.14250758,0.1518742,0.15894917,0.16322713,0.16438146,0.16230014,0.15711327,0.1492094,0.13923693,0.12808143,0.1168009,0.10648773,0.0980304,0.091816455,0.08755207,0.084399745,0.08141396,0.07805029,0.0745881,0.07239619,0.07374635,0.0806672,0.09346551,0.11066588,0.13008386,0.14958549,0.16732502,0.18179356,0.19184484,0.19672936,0.1961295,0.19018526,0.17950335,0.16514488,0.14858492,0.13162449,0.11620015,0.10399755,0.09586125,0.09136408,0.08910801,0.087665886,0.0864321,0.085950755,0.087643504,0.09289924,0.10195455,0.113529764,0.12540223,0.13515246,0.140632,0.14021817,0.13301541,0.11914492,0.10039282,0.0819515,0.07524943,0.09096751,0.12381437,0.16353582,0.203699,0.24037288,0.270974,0.29401076,0.30918643,0.31763062,0.32212046,0.3270568,0.33778152,0.35895193,0.3926195,0.43747267,0.48970342,0.54444695,0.5968375,0.6425495,0.6780352,0.70062953,0.70859504,0.70112765,0.6783269,0.6411286,0.5912024,0.5308174,0.46268398,0.38978025,0.3151743,0.24185365,0.17257607,0.109769315,0.055622462,0.015378744,0.029124055,0.052490123,0.06684196,0.07230169,0.07002493,0.06160185,0.049001135,0.034901135,0.02439134,0.025874842,0.037078056,0.04995962,0.06124378,0.06976706,0.0751109,0.07723579,0.0763437,0.07280795,0.067148566,0.060073648,0.052637007,0.046549145,0.044337414,0.048218977,0.058135618,0.072288334,0.088871375,0.10654824,0.12430097,0.14128272,0.15675527,0.17007785,0.1807188,0.18827434,0.19248542,0.19324845,0.19061723,0.18479545,0.1761201,0.16503681,0.15206921,0.1377846,0.12275913,0.10754631,0.09265375,0.07853498,0.06560523,0.05429165,0.045118682,0.038768075,0.035899792,0.036588255
43,0.20210297,0.21176153,0.21761931,0.21925804,0.2164638,0.20921822,0.19768824,0.18221352,0.16329163,0.14156337,0.11780524,0.09294928,0.068202764,0.045582563,0.030201225,0.031545796,0.04525294,0.06097509,0.07504152,0.086254515,0.09413945,0.09853684,0.09948152,0.09715168,0.0918381,0.083920315,0.07384745,0.06212624,0.049327407,0.036152467,0.023764007,0.015418341,0.017574796,0.02686808,0.03734499,0.047273804,0.05618016,0.06398434,0.07082885,0.07702846,0.08302768,0.08933057,0.09639693,0.104527295,0.1137776,0.12393535,0.1345567,0.14503941,0.15470423,0.1628696,0.16891511,0.17233422,0.17277782,0.1700885,0.16432557,0.15577887,0.14497012,0.13263747,0.1196966,0.10716252,0.09600984,0.08696112,0.08026451,0.075630166,0.072474346,0.07039344,0.06960639,0.07109549,0.07620474,0.08576992,0.09951586,0.11623898,0.13433072,0.15214519,0.16817328,0.18113226,0.19003154,0.19423065,0.19348703,0.18798865,0.17836484,0.16566831,0.1513138,0.13694252,0.1241615,0.11413081,0.10712985,0.1024467,0.0988167,0.095165014,0.09123515,0.08790546,0.08703844,0.09055214,0.098973885,0.11086996,0.123646,0.1345505,0.14119972,0.14179495,0.13527995,0.12159494,0.10228975,0.082308896,0.07366191,0.08944106,0.12465616,0.16797936,0.21257338,0.2543316,0.29046863,0.31918687,0.33972764,0.35254714,0.3595011,0.3639063,0.37024263,0.3832117,0.4062057,0.43998072,0.48248374,0.5297874,0.5772761,0.6204918,0.6555874,0.6795363,0.6902208,0.6864546,0.66796285,0.6353231,0.58987194,0.53358084,0.4689068,0.3986269,0.32566544,0.25292397,0.18312314,0.118665494,0.061525844,0.013182476,0.025499543,0.054093156,0.072818324,0.08235484,0.08382659,0.07875118,0.069041066,0.057145104,0.046460252,0.04147575,0.044814326,0.053767804,0.064121544,0.07326093,0.07987732,0.08337644,0.08358438,0.080617115,0.07483533,0.066877306,0.057818614,0.049552448,0.045215137,0.04807211,0.05831617,0.07338691,0.09082504,0.10899857,0.12680185,0.14341013,0.15817176,0.17057143,0.18022309,0.18687242,0.19039963,0.19081733,0.18826155,0.18297525,0.17528479,0.16557151,0.1542408,0.14169273,0.12829843,0.114387736,0.100253634,0.08618077,0.0725095,0.059758034,0.04883718,0.041300576,0.039011255,0.04239833
44,0.19118553,0.20148903,0.20795569,0.21016298,0.20789349,0.20112939,0.19004568,0.17500177,0.15653229,0.1353429,0.1123253,0.088633485,0.0659562,0.047394548,0.038926907,0.04440452,0.057536602,0.07181273,0.084399104,0.09411807,0.100451455,0.10321707,0.102450065,0.09834652,0.09122804,0.08151493,0.06970659,0.05637654,0.042213008,0.028253509,0.017212955,0.016908115,0.026931439,0.039166078,0.051074315,0.06196946,0.07163082,0.08005154,0.08737914,0.09389091,0.099964745,0.10602969,0.11249246,0.11965095,0.12761903,0.13628785,0.14533453,0.15426962,0.16250452,0.16942205,0.1744405,0.17706828,0.17694783,0.17388971,0.16789606,0.15917313,0.14813203,0.13537657,0.1216759,0.10791762,0.095031776,0.083873555,0.07506712,0.06887174,0.0652033,0.06388884,0.064999916,0.0689548,0.07623618,0.08694873,0.10060929,0.11625792,0.13268398,0.14861274,0.16283382,0.17429662,0.18218951,0.1860071,0.18560287,0.18122187,0.17350566,0.16345693,0.1523425,0.1415047,0.1320655,0.124583,0.118843116,0.11398111,0.10892189,0.10292368,0.09604548,0.08947981,0.08557392,0.0869551,0.09462464,0.10696746,0.120888874,0.13323435,0.14137673,0.14335647,0.13796815,0.1249557,0.1055358,0.084018454,0.07198168,0.08529713,0.12102488,0.16661288,0.21453379,0.26042673,0.30129892,0.33506867,0.36056095,0.37763944,0.38736305,0.3920833,0.39535254,0.40144122,0.41432056,0.43635228,0.46741733,0.5050605,0.5454065,0.58416814,0.61734855,0.6416211,0.65450317,0.65441656,0.64068526,0.61348844,0.57377857,0.5231688,0.46379656,0.39816928,0.32900283,0.25906092,0.19100875,0.12730253,0.0702126,0.023400616,0.025827527,0.05514336,0.076677315,0.08953271,0.09446175,0.092781514,0.086257465,0.07711997,0.06812337,0.062341113,0.061989993,0.066776484,0.07430636,0.08200871,0.08806666,0.09140523,0.091493584,0.08820413,0.08174711,0.07268468,0.062074475,0.051872816,0.045571446,0.04730325,0.057580233,0.073141575,0.09094372,0.109123416,0.12652598,0.14236963,0.15610203,0.16734362,0.17586373,0.1815665,0.1844768,0.18472186,0.18250744,0.17808917,0.1717415,0.163728,0.15427764,0.14357172,0.13174525,0.118905134,0.10516656,0.0907112,0.07588171,0.06135977,0.04854427,0.04016398,0.039624143,0.046919037
45,0.17902824,0.19002742,0.19720758,0.20014632,0.19862641,0.19263414,0.1823567,0.16817908,0.15068273,0.13065548,0.10913453,0.08753955,0.06802613,0.054138143,0.050253466,0.056635194,0.06825294,0.08060385,0.091307946,0.099203624,0.103738844,0.10471208,0.10215812,0.09628757,0.08744691,0.07608868,0.06275234,0.04807222,0.032893807,0.01905438,0.014128224,0.023969624,0.037676007,0.051288698,0.06392324,0.07526634,0.08521475,0.093801886,0.10117629,0.10758809,0.1133683,0.11889304,0.12452958,0.13056988,0.1371663,0.14428882,0.15171675,0.15906632,0.1658426,0.1715021,0.17551422,0.17741548,0.17685384,0.17362243,0.16768236,0.15917452,0.14842005,0.13590947,0.122280605,0.10828526,0.094743915,0.082485795,0.07227057,0.064695574,0.060121637,0.058681663,0.060386546,0.065214254,0.07306567,0.08364311,0.09638604,0.11050337,0.12505817,0.13906328,0.15157227,0.16176338,0.16901526,0.17297098,0.17358541,0.17114764,0.16626744,0.15980956,0.15275796,0.14600423,0.14009704,0.13505238,0.13034518,0.12512033,0.118542254,0.110170566,0.10031957,0.090420544,0.08325457,0.08226853,0.08914364,0.10206581,0.1173078,0.13127023,0.14111122,0.14475463,0.1408808,0.12904996,0.110106125,0.087474145,0.07115324,0.079037115,0.11282595,0.1589702,0.20880587,0.25759685,0.30214253,0.34011656,0.36998874,0.3911153,0.4038684,0.4097425,0.41136533,0.41229445,0.4164465,0.42711803,0.44590986,0.47216952,0.5032964,0.5356062,0.565206,0.5885895,0.602954,0.60633487,0.5976376,0.57660973,0.5437731,0.50032544,0.44801807,0.38901758,0.32575837,0.26079822,0.19669294,0.13593276,0.081136584,0.037272822,0.029486902,0.054579698,0.077276334,0.09273362,0.10090306,0.102739744,0.09974165,0.09383075,0.08725339,0.08230659,0.08069358,0.08274176,0.08731354,0.0925901,0.09687522,0.09893319,0.09801934,0.09382375,0.086426966,0.07631102,0.06449067,0.05291723,0.045234915,0.046098944,0.056216497,0.07178952,0.08937765,0.10699348,0.123483546,0.1381316,0.15049449,0.16033262,0.16757268,0.17227726,0.17461234,0.17480949,0.17312355,0.16979037,0.16499011,0.1588233,0.15130523,0.14238082,0.13195819,0.119956285,0.106362015,0.091299035,0.07513027,0.05867792,0.04384102,0.03503528,0.037815504,0.050025053
46,0.1662683,0.17802048,0.1860324,0.18988459,0.18936229,0.1844576,0.17537148,0.16251607,0.14652136,0.12825692,0.10889179,0.09003469,0.07398326,0.063794,0.061924614,0.067520835,0.07697774,0.08696704,0.09542364,0.101209655,0.103748195,0.10282025,0.09845764,0.090879485,0.08044759,0.06763242,0.05299193,0.037191726,0.021273192,0.010032807,0.018498804,0.033616494,0.04868258,0.06275888,0.07551432,0.08679935,0.09657837,0.10491194,0.111949,0.117918506,0.123114735,0.1278714,0.13252203,0.13734883,0.14252883,0.1480916,0.15390134,0.1596692,0.16499113,0.16940083,0.17242669,0.17364445,0.17272116,0.16944869,0.16376609,0.15577067,0.14571802,0.13401121,0.12118012,0.10785215,0.09471613,0.08248211,0.071839586,0.06341553,0.057730265,0.055147566,0.055825736,0.059694923,0.06647505,0.07571301,0.08681621,0.099084735,0.11175282,0.124042176,0.13522343,0.14467995,0.15196738,0.15686204,0.15938972,0.15982485,0.15864812,0.15645313,0.15380359,0.15106657,0.14827764,0.145101,0.14091583,0.1350049,0.12679322,0.11610318,0.10344234,0.09038901,0.08003957,0.076666504,0.082807735,0.09642652,0.11304794,0.128642,0.1402268,0.1456804,0.14362133,0.13345964,0.11567804,0.09274915,0.072277114,0.071824886,0.100384295,0.14492509,0.1949703,0.2451764,0.2921185,0.33327323,0.36682892,0.3917259,0.40775752,0.41566932,0.41721323,0.4150949,0.4127135,0.41358358,0.42045462,0.43443742,0.4546383,0.47852194,0.5027065,0.5237331,0.53857994,0.54492676,0.54125464,0.52685225,0.5017684,0.4667301,0.423037,0.37244,0.3170114,0.25901765,0.20081419,0.14480925,0.09369181,0.05209231,0.035284884,0.05173295,0.07374493,0.09110652,0.10236627,0.1079032,0.10880593,0.10657755,0.102947645,0.09961609,0.09787093,0.09819678,0.10015608,0.10267211,0.104486346,0.1045055,0.101964995,0.09647609,0.088035114,0.07705551,0.064502165,0.052294947,0.04409692,0.044651385,0.05452028,0.06960135,0.08634809,0.10278749,0.117824145,0.1308297,0.14147648,0.14966342,0.15546921,0.15910731,0.16087396,0.1610881,0.16002853,0.15787798,0.15468629,0.1503623,0.1446973,0.13741408,0.12823042,0.11692479,0.10339756,0.08773058,0.07027133,0.051853266,0.034696966,0.025985295,0.034526102,0.052107964
47,0.15347481,0.16603437,0.1749964,0.17994495,0.18066697,0.17715812,0.16962847,0.15850882,0.14446147,0.12840383,0.111558765,0.09553898,0.08240392,0.07437717,0.072735004,0.07658035,0.08339965,0.09066384,0.09657491,0.10003559,0.10045479,0.09759765,0.09148934,0.082349956,0.07054508,0.05654448,0.040888928,0.024184927,0.0075318324,0.011655408,0.028322669,0.044487603,0.059591994,0.07336918,0.08566039,0.09639347,0.10557491,0.113284215,0.11966882,0.12493781,0.12935154,0.13320369,0.13679302,0.14038493,0.1441675,0.1482123,0.15245125,0.15667762,0.16057159,0.1637436,0.16578576,0.1663223,0.16505304,0.16178666,0.15646261,0.14916122,0.14010203,0.12963122,0.118198276,0.10632339,0.09455732,0.08343743,0.07344715,0.0649922,0.058409326,0.054011058,0.05212587,0.05305089,0.05689444,0.06344371,0.07219078,0.08246301,0.09354275,0.10474303,0.11545716,0.1251976,0.1336273,0.14057834,0.14605089,0.15018457,0.1531994,0.15531023,0.15663156,0.1570998,0.15644118,0.15420148,0.14983363,0.14282648,0.13285717,0.11996854,0.10480647,0.089012615,0.07585425,0.0703305,0.075918615,0.09030109,0.10819489,0.12523803,0.13842846,0.14568688,0.14563075,0.1375635,0.12164905,0.0994856,0.076125905,0.065670535,0.084618025,0.124740794,0.17300747,0.22296442,0.27088422,0.31408805,0.35056207,0.37892827,0.3985114,0.40942153,0.41261894,0.409929,0.4039577,0.39782792,0.3946578,0.3968089,0.40516773,0.41886756,0.43562627,0.45245236,0.4663291,0.47467113,0.47555292,0.4677845,0.45090058,0.4251019,0.39116877,0.35035792,0.30429062,0.25484192,0.20404679,0.15406002,0.10729545,0.06730634,0.042786926,0.04666281,0.06553304,0.08406523,0.098339714,0.10782108,0.11301871,0.11490742,0.11467017,0.11348164,0.11227996,0.11156437,0.11130536,0.1110222,0.10998597,0.10744619,0.10280479,0.09572262,0.08618439,0.07456859,0.06180567,0.049793735,0.042132284,0.04315034,0.05277252,0.06687289,0.082148485,0.09679661,0.109841175,0.12076405,0.12935653,0.13564955,0.13986231,0.14234522,0.14350843,0.14373787,0.14330998,0.14232506,0.14067854,0.13808021,0.13411416,0.128321,0.120280996,0.109683625,0.09637842,0.0804098,0.062052,0.04191672,0.021755464,0.0144559005,0.032439336,0.054263595
48,0.1411035,0.15450771,0.1645187,0.17072108,0.17289855,0.17104186,0.16535664,0.15627034,0.14444102,0.13077095,0.11642718,0.10285313,0.09169807,0.08449173,0.08196319,0.08347668,0.08732668,0.09160116,0.09476229,0.09577861,0.09405925,0.08935759,0.08169108,0.07127862,0.05848977,0.043803338,0.02778692,0.011278428,0.007899699,0.02420209,0.040532753,0.055972245,0.07019435,0.08300093,0.09428483,0.104015864,0.11222994,0.11902004,0.12452889,0.12894301,0.13248573,0.13540635,0.1379618,0.14038952,0.14287311,0.14550783,0.14827526,0.1510361,0.15354536,0.15548655,0.15651749,0.15631855,0.15463592,0.15131535,0.1463237,0.13975745,0.13183767,0.12289136,0.113319255,0.10355067,0.09398837,0.084950924,0.076628275,0.06907296,0.062249236,0.0561482,0.05095403,0.04720735,0.045818474,0.04769581,0.05310812,0.061500616,0.07192566,0.08346157,0.095361724,0.107063584,0.11816537,0.1283989,0.13759828,0.14566095,0.15250194,0.15800714,0.16199526,0.16419858,0.16426939,0.16181426,0.15645304,0.1478982,0.13605274,0.12113784,0.10389127,0.08595155,0.07062174,0.06345257,0.068786345,0.083901204,0.102757074,0.12085896,0.13533519,0.14424118,0.14625292,0.14061165,0.12721667,0.10693918,0.08268063,0.063230895,0.06748725,0.09914587,0.14332171,0.19128385,0.23874131,0.28286532,0.32151496,0.3530932,0.37656763,0.39153168,0.39826405,0.39776602,0.39175496,0.38257828,0.37299094,0.365736,0.36294162,0.36551955,0.37288806,0.38320285,0.39394075,0.40250912,0.4066724,0.40476993,0.39578643,0.37933797,0.35561323,0.32529196,0.2894516,0.24947137,0.20694433,0.16361834,0.12142453,0.08281231,0.052353878,0.04091765,0.052536216,0.07131438,0.08863937,0.10238159,0.112261124,0.11864176,0.122156605,0.123514846,0.12335742,0.1221446,0.12009024,0.11715936,0.113128714,0.10768904,0.100559086,0.09159021,0.08086013,0.06878253,0.056308646,0.045373417,0.039438378,0.041789133,0.051222455,0.0639148,0.07714141,0.08942353,0.099969566,0.10839645,0.1146173,0.118785046,0.12124291,0.122459516,0.12293956,0.12311443,0.12323423,0.12329489,0.12302891,0.12196259,0.11951535,0.11510685,0.10824673,0.09859714,0.086008765,0.070535555,0.05243506,0.032170556,0.0106382985,0.013394316,0.036075115,0.058286853
49,0.12946087,0.14371274,0.15482937,0.16238883,0.1661614,0.16611814,0.16243833,0.15551434,0.14595357,0.1345772,0.12241124,0.11065183,0.10055961,0.09321536,0.089138426,0.08799161,0.088684425,0.08982454,0.09014761,0.08872179,0.084978476,0.078671895,0.06982496,0.05868411,0.045702476,0.031630106,0.018279232,0.013711439,0.024373557,0.03899452,0.053705756,0.067592956,0.08027494,0.09156448,0.10138823,0.109752536,0.116721086,0.122398674,0.12692015,0.13044414,0.1331496,0.13523187,0.13689409,0.13833079,0.13970327,0.14111085,0.14256524,0.1439779,0.14516625,0.1458797,0.1458402,0.14478897,0.14253095,0.13897046,0.13413386,0.12817627,0.12137028,0.11407414,0.106678426,0.09953314,0.09286662,0.08671956,0.080923736,0.07514372,0.06897262,0.06205414,0.05421248,0.04561581,0.03709122,0.03080311,0.030476738,0.03775714,0.05010563,0.06483965,0.08044681,0.09605709,0.11109414,0.1251339,0.1378418,0.14893658,0.15816383,0.16527608,0.17002048,0.17213641,0.17136522,0.16747232,0.16028197,0.14972469,0.1359006,0.119172506,0.10033206,0.08096603,0.0643079,0.056247603,0.061709862,0.07737206,0.09666571,0.11524906,0.13053569,0.14079727,0.1448188,0.1418189,0.1314866,0.114126116,0.09109446,0.06647869,0.053186227,0.06958902,0.10674249,0.15105872,0.19681066,0.24091837,0.28117087,0.31584722,0.34366772,0.36382806,0.37604895,0.38061807,0.37841102,0.3708795,0.3599839,0.34803542,0.3374033,0.33007637,0.32717368,0.32862383,0.33321476,0.33899245,0.3437792,0.3455927,0.34288862,0.33465615,0.32042232,0.3002079,0.2744593,0.24397045,0.20980358,0.17321877,0.13563359,0.09867945,0.06464859,0.03893848,0.03562417,0.052874733,0.07351108,0.0919212,0.10680277,0.11791576,0.125408,0.12960492,0.13090363,0.1297012,0.12634496,0.121105224,0.11417281,0.10568165,0.095753156,0.08455931,0.07240867,0.05988242,0.048097968,0.039187465,0.036298644,0.040778715,0.050075013,0.06103711,0.07174768,0.08117436,0.088776805,0.09433823,0.09790007,0.09972687,0.10026635,0.10008355,0.09975708,0.09974375,0.100247175,0.10114591,0.102017954,0.10224663,0.10115612,0.09813095,0.09270102,0.08459661,0.07378954,0.06055287,0.045642424,0.031084867,0.023424702,0.031288456,0.047821168,0.066094525
50,0.11868359,0.13373634,0.14595364,0.15489605,0.16030629,0.16211674,0.1604553,0.15564674,0.14820784,0.13883467,0.1283769,0.11778875,0.10803607,0.09993817,0.09395546,0.090014234,0.08750699,0.08550264,0.083034635,0.07931577,0.07383739,0.06639101,0.057065614,0.046278086,0.034963034,0.02535089,0.022488192,0.029302238,0.041090257,0.054124545,0.06692592,0.07884721,0.089575075,0.09897552,0.10702883,0.1137897,0.119356826,0.123849735,0.12739375,0.13011369,0.13213453,0.13358526,0.13460061,0.13531566,0.13585104,0.13629027,0.13665535,0.1368899,0.13685802,0.1363628,0.13518256,0.1331174,0.13003743,0.12592436,0.12089925,0.11522993,0.10931049,0.10360386,0.09854248,0.094399795,0.091174684,0.088548474,0.0859453,0.082665764,0.078029945,0.07148358,0.06265681,0.05138686,0.03772627,0.02200679,0.006523185,0.01702378,0.03686566,0.05746295,0.077964045,0.09776818,0.11634755,0.13323522,0.1480259,0.16037562,0.16999869,0.17666335,0.180188,0.1804398,0.17733717,0.1708576,0.1610519,0.14806718,0.13218376,0.11388122,0.09397743,0.073975615,0.056971893,0.048972536,0.054952554,0.07077602,0.08979693,0.10814954,0.12366224,0.13488247,0.1407407,0.14046451,0.13358413,0.1199862,0.10004405,0.07503978,0.04922986,0.039834205,0.064501725,0.104064554,0.14754507,0.19122744,0.23288862,0.2707905,0.30351847,0.32998788,0.349487,0.36172223,0.36685228,0.36550507,0.35876963,0.34815302,0.33548337,0.32273272,0.3117395,0.30385357,0.2996087,0.29858407,0.29954857,0.3008156,0.30063394,0.29748034,0.2902204,0.27816424,0.26105824,0.2390423,0.21259074,0.18244731,0.14956208,0.115042865,0.080165096,0.046702515,0.020774415,0.029116316,0.05394903,0.07746659,0.09742278,0.1132257,0.12469705,0.13188013,0.13497406,0.13429229,0.13022853,0.12322787,0.11376464,0.1023305,0.08943675,0.07564011,0.0616136,0.04832112,0.037416197,0.031674318,0.033273403,0.040356785,0.04948443,0.058526833,0.06642279,0.072640456,0.076947525,0.07933316,0.07998369,0.079270646,0.077727586,0.07599317,0.07470013,0.07431294,0.07497072,0.07642789,0.07813535,0.079406515,0.0795798,0.07813369,0.07476075,0.069427796,0.062458355,0.05468899,0.04774527,0.04419654,0.04644861,0.054445982,0.06596908,0.078727275
51,0.108739555,0.12448685,0.13772818,0.14799275,0.15497985,0.1585643,0.15880042,0.15592095,0.15032855,0.14257818,0.13334772,0.1233922,0.113474935,0.10426984,0.09624086,0.08953134,0.08392245,0.07890498,0.0738436,0.06816054,0.06147944,0.053726275,0.04524015,0.037005384,0.031101605,0.03051779,0.0362129,0.045896985,0.057151914,0.06856898,0.07938691,0.08919505,0.09779878,0.10515209,0.11131151,0.11639595,0.12055011,0.123914264,0.12660487,0.12870823,0.1302864,0.13139032,0.13207315,0.13239656,0.13242562,0.13221194,0.13177058,0.13105929,0.12997055,0.12834305,0.12599401,0.12276746,0.11859014,0.11352583,0.10781843,0.10191078,0.09641782,0.09202336,0.08928257,0.08838098,0.088988826,0.09032428,0.09137588,0.09113666,0.088760346,0.08363973,0.075442575,0.0641439,0.050123107,0.03462046,0.022406697,0.026678618,0.04500731,0.06718087,0.08998736,0.1120725,0.13253368,0.15066776,0.16591743,0.1778594,0.18620014,0.19077106,0.19152069,0.18850443,0.1818728,0.17186005,0.15877545,0.14300095,0.12500238,0.10537056,0.08493775,0.065110885,0.048820708,0.04194829,0.048712164,0.064094864,0.082017325,0.09937123,0.114480294,0.12619741,0.13361645,0.1359969,0.13276136,0.12352001,0.10810551,0.08661898,0.059537053,0.028490555,0.01818733,0.054758,0.0970756,0.14070728,0.18390949,0.22516644,0.2630835,0.29642683,0.3241828,0.34561566,0.36031574,0.36823502,0.36970633,0.36544386,0.35652024,0.3443123,0.33040333,0.31642628,0.30384246,0.2936801,0.28630832,0.28135076,0.27779704,0.27426708,0.2693139,0.26166576,0.2503718,0.23486298,0.2149552,0.19081886,0.16293004,0.1320121,0.09897287,0.06484147,0.030713411,0.00292441,0.03345269,0.061427772,0.085642286,0.105491936,0.12057289,0.13068417,0.13582478,0.13618216,0.13211313,0.124119274,0.11281949,0.09892381,0.083215475,0.066557474,0.049972206,0.034969896,0.024642313,0.023891434,0.031269215,0.04077461,0.049555093,0.056620374,0.061615426,0.06446358,0.06526062,0.0642407,0.061766736,0.05832896,0.05453812,0.05108859,0.048651684,0.0476814,0.04822148,0.04988763,0.052060626,0.054128654,0.0556467,0.05641112,0.056493312,0.056253694,0.0563172,0.057455424,0.060337707,0.065243796,0.07194502,0.07982492,0.088091925,0.09593972
52,0.09945293,0.11572768,0.12984698,0.14129318,0.14970717,0.15489063,0.15680906,0.15559019,0.15151554,0.14500368,0.13658422,0.12686133,0.11646558,0.10599353,0.0959378,0.08661817,0.07813536,0.070375904,0.06308569,0.05600472,0.049040552,0.042472243,0.03718395,0.03473241,0.03655607,0.04256072,0.051323563,0.061366092,0.07163248,0.08143171,0.090331435,0.098095104,0.10464438,0.11002754,0.11438417,0.11790427,0.12078502,0.12319245,0.12523612,0.1269624,0.12836607,0.12941435,0.13007292,0.1303243,0.13017185,0.12962781,0.12869023,0.12731795,0.12541494,0.12283429,0.11940589,0.114986524,0.109526195,0.10314313,0.096199185,0.08935842,0.08358304,0.0799697,0.079343796,0.081774496,0.086440764,0.09197986,0.09694886,0.10010402,0.10050813,0.09756788,0.09106995,0.08126577,0.069098264,0.056810185,0.049128767,0.05226925,0.06672641,0.08750632,0.11052136,0.13336737,0.15450157,0.17282882,0.18755358,0.19812931,0.20423844,0.20577863,0.20284565,0.1957104,0.18478987,0.17061327,0.15378731,0.13496499,0.114827506,0.09409806,0.073637135,0.054771475,0.040278938,0.03557503,0.0430892,0.057257224,0.07325329,0.08889007,0.1030031,0.114741616,0.12335637,0.12815322,0.12850715,0.12390157,0.11398146,0.098625064,0.07808268,0.053478535,0.030325478,0.034844488,0.06768416,0.10778905,0.15021218,0.19291125,0.23432566,0.27306664,0.30789173,0.33773655,0.36175826,0.37937713,0.3903105,0.3945966,0.39260522,0.38503352,0.37288347,0.35741487,0.340065,0.32232392,0.30555752,0.29079163,0.2785054,0.26851666,0.26002768,0.25182864,0.24257627,0.23104896,0.21632177,0.19785528,0.17551976,0.14958179,0.12068157,0.08985196,0.058789805,0.031968538,0.027968641,0.049512707,0.07415904,0.09614567,0.11386011,0.12655054,0.13387059,0.13577808,0.13249414,0.12447002,0.11235111,0.09693615,0.07913539,0.059936695,0.040414892,0.02202204,0.010315278,0.018597841,0.031378385,0.042251144,0.050348595,0.055478867,0.05770697,0.05727212,0.054550637,0.050028667,0.044280127,0.037951775,0.03175693,0.026463367,0.022802368,0.021176808,0.021348713,0.022669792,0.024667183,0.027307954,0.030893466,0.035797946,0.042225823,0.050115168,0.05918125,0.069004655,0.07910145,0.088966854,0.09810258,0.10603668,0.11234015,0.11664164
53,0.09055156,0.107131004,0.12192459,0.13435115,0.14398,0.15052898,0.1538669,0.15401343,0.15113316,0.14552307,0.13759243,0.12783581,0.116799474,0.10504298,0.09309802,0.08142974,0.070408866,0.06030915,0.051350314,0.043806653,0.038173858,0.03526134,0.035864756,0.040041596,0.046982773,0.055622272,0.06505014,0.07456771,0.08364651,0.0919003,0.099076904,0.105056986,0.10984913,0.113574766,0.116439566,0.11869213,0.120574996,0.12227794,0.12390567,0.12546921,0.12690236,0.12809594,0.12893611,0.12933391,0.12923706,0.12862179,0.12746878,0.12573287,0.123319104,0.120077446,0.115823865,0.11038936,0.103694074,0.09584359,0.08724844,0.07876443,0.07179916,0.06815136,0.0692145,0.074911915,0.08368386,0.093470454,0.10243783,0.109174386,0.11268819,0.1123997,0.108180985,0.10046624,0.090486,0.080690034,0.07509916,0.078063734,0.09070178,0.110195376,0.13287722,0.15588622,0.17717656,0.19527154,0.2091186,0.21802542,0.22163053,0.21988256,0.21301498,0.20151143,0.18606046,0.16750106,0.14676242,0.12480387,0.10256554,0.080951706,0.06090416,0.04373631,0.032110285,0.030314915,0.038065936,0.050194483,0.06359125,0.07698768,0.089666076,0.10100475,0.11036916,0.11712204,0.120678805,0.120585196,0.11661875,0.10894131,0.0983781,0.086982794,0.07896213,0.08055019,0.09557552,0.12198268,0.15561627,0.19320509,0.23242386,0.27146485,0.30879673,0.3430713,0.37310356,0.39788598,0.41661802,0.42874154,0.43397576,0.4323476,0.4242134,0.41026855,0.39154014,0.36935613,0.3452804,0.3209978,0.2981307,0.27798367,0.2612586,0.24784896,0.23684393,0.22677909,0.21602468,0.20314665,0.18714383,0.16755942,0.14451778,0.118760586,0.09181862,0.06671678,0.050095312,0.05130595,0.06722992,0.08720523,0.105646044,0.12016982,0.1296441,0.1335744,0.13190494,0.12493028,0.11323424,0.09763243,0.07911228,0.05877279,0.03777839,0.01744825,0.0057275044,0.020399539,0.034284323,0.04490916,0.051893264,0.05517904,0.0549458,0.051576428,0.045624636,0.037779536,0.02883358,0.019677207,0.011439473,0.006479751,0.0077168127,0.010380042,0.01116649,0.009311431,0.0047242446,0.0035716016,0.013366107,0.025609745,0.03956424,0.054619227,0.07012497,0.08541121,0.099816,0.11271458,0.12354586,0.13183531,0.13721354,0.13943031
54,0.08173232,0.09834155,0.113562085,0.12672918,0.13732862,0.14498754,0.14947575,0.15070789,0.14874136,0.14376883,0.13610448,0.12616469,0.114444174,0.10148992,0.08787708,0.074193865,0.06104914,0.04912916,0.03933919,0.032971453,0.031350687,0.034489766,0.040883724,0.049002837,0.05790927,0.06705403,0.07605548,0.084599674,0.09241572,0.09928526,0.10506317,0.10969704,0.11323757,0.1158349,0.1177179,0.119156435,0.12041154,0.121684045,0.12307623,0.124579206,0.12608995,0.1274505,0.12849429,0.1290837,0.12912819,0.12857966,0.12740766,0.12556435,0.122952245,0.11940881,0.114718705,0.108657755,0.101067975,0.091964394,0.08168655,0.07113019,0.062078677,0.057323392,0.05939818,0.068129875,0.08087259,0.09477022,0.10766629,0.1180342,0.124830216,0.12745096,0.12577687,0.12028885,0.11227145,0.10409162,0.0992869,0.10159652,0.11262367,0.13074961,0.15277204,0.17561315,0.19683234,0.2145986,0.22759724,0.23497233,0.23629512,0.23153907,0.2210481,0.20549217,0.18580821,0.16312821,0.13869792,0.11379346,0.089646846,0.067405865,0.048194423,0.033452906,0.025626507,0.02658407,0.03351402,0.04292942,0.0534406,0.06450454,0.07565283,0.08632034,0.095892645,0.10381325,0.109696604,0.11343347,0.11528958,0.11599465,0.11679322,0.11937318,0.12555242,0.13674058,0.15349875,0.17553261,0.20201848,0.23192616,0.26418188,0.29770654,0.33140203,0.36413324,0.39472732,0.4219961,0.44478157,0.46201888,0.47281018,0.4765016,0.4727557,0.46161318,0.4435384,0.41944456,0.39069518,0.3590742,0.3267094,0.2959145,0.26889607,0.24728955,0.23162314,0.22101969,0.21344194,0.20638764,0.19760497,0.18552694,0.16942473,0.14941847,0.12648693,0.10262819,0.0813879,0.06850583,0.06919901,0.0811384,0.09723414,0.11234664,0.123752974,0.13009913,0.13083602,0.12597375,0.115956694,0.101581,0.08393441,0.06437804,0.04468659,0.027937401,0.02149753,0.028872384,0.039775513,0.048731115,0.05419094,0.05572752,0.053410564,0.0476401,0.039079484,0.028644606,0.017699922,0.009847376,0.013136367,0.021412754,0.028653225,0.03343833,0.035298638,0.034287993,0.031167466,0.028035626,0.028872166,0.03668782,0.050211098,0.06689552,0.08489013,0.102868915,0.11977506,0.13472593,0.14699249,0.15600452,0.16136275,0.16285037
55,0.07274432,0.089044586,0.10440633,0.11805155,0.12936847,0.13788763,0.14328016,0.14536114,0.14409138,0.1395749,0.1320507,0.121879205,0.109524615,0.095535755,0.08053178,0.065207064,0.050393764,0.03729153,0.028062541,0.025866354,0.03084538,0.039325804,0.048739802,0.05810043,0.067076065,0.07555392,0.08347306,0.09076261,0.09732911,0.10307054,0.107903175,0.11179046,0.11476567,0.11694145,0.11850239,0.11967897,0.12070604,0.12177482,0.12299201,0.12435987,0.12578496,0.1271113,0.12816535,0.12879643,0.12890022,0.1284186,0.12731713,0.12554756,0.123008735,0.11952173,0.1148323,0.108647466,0.100706436,0.09088602,0.079356894,0.066855386,0.05522986,0.048237797,0.050388638,0.061750904,0.07815976,0.095888056,0.1125326,0.12648073,0.13661736,0.14226326,0.14322507,0.13991164,0.13350955,0.12618983,0.12115131,0.12194406,0.13072202,0.14686303,0.16766708,0.18994851,0.21091929,0.2283966,0.24078736,0.24704765,0.24665228,0.23956658,0.22620904,0.20739816,0.18428133,0.15824771,0.13083035,0.10360635,0.07811031,0.055792354,0.03808771,0.026623962,0.022640977,0.024514016,0.029243568,0.035716303,0.043843154,0.05334283,0.06352287,0.07352223,0.08259811,0.09035057,0.09688747,0.10291503,0.109683715,0.11869484,0.13119115,0.1477009,0.16794525,0.19110076,0.2161634,0.24222684,0.26863545,0.2950313,0.32131606,0.34754458,0.3737733,0.39989883,0.42553005,0.44992784,0.4720274,0.4905334,0.50406367,0.51131254,0.5112108,0.5030648,0.4866669,0.46237266,0.43114758,0.39458567,0.35490385,0.31490123,0.27782986,0.24702923,0.22510968,0.21276557,0.2081018,0.20738876,0.2066566,0.20284331,0.19415544,0.18000412,0.16084924,0.1381145,0.11427972,0.09324043,0.08043302,0.08007163,0.09000939,0.10394224,0.1168357,0.12586515,0.12966767,0.12780346,0.120485395,0.1084365,0.092813246,0.07520101,0.057766974,0.04372419,0.03737821,0.040056713,0.0470487,0.05356124,0.05721714,0.057092443,0.05303704,0.045410894,0.035024773,0.023405148,0.014764612,0.018141933,0.029155746,0.04048531,0.04986396,0.056351803,0.059556514,0.05957809,0.05714593,0.053896535,0.05259403,0.056367036,0.06650712,0.08172826,0.09981833,0.11880779,0.1371444,0.15361057,0.16725895,0.17738743,0.18353534,0.18548746
56,0.063505456,0.07904362,0.0942047,0.108043246,0.11982574,0.12897691,0.13506809,0.13781936,0.13710362,0.1329479,0.12552972,0.11516759,0.10230706,0.08750494,0.07141997,0.054835074,0.03880483,0.025347322,0.019586468,0.025237016,0.035732638,0.04660104,0.056621708,0.065536566,0.073407166,0.08041397,0.08675646,0.09259009,0.09799259,0.102960095,0.10742934,0.1113156,0.11455362,0.117130004,0.11909936,0.1205804,0.12173273,0.12271984,0.12366857,0.12463786,0.12560783,0.12649275,0.12717196,0.12752624,0.12746485,0.12693319,0.1258966,0.124305,0.122050144,0.118932776,0.114655755,0.108853005,0.10115514,0.09128951,0.07922544,0.06542905,0.051468216,0.041509155,0.04264258,0.056075245,0.07570964,0.096893474,0.11703885,0.13445261,0.14791827,0.156629,0.16024543,0.1590112,0.15390998,0.14684284,0.14070329,0.1389754,0.14442143,0.15749384,0.1761815,0.19732116,0.21780264,0.23506676,0.24720503,0.25294733,0.25163344,0.24318099,0.2280426,0.20714478,0.18180679,0.15364149,0.12444555,0.096091226,0.070440196,0.04930108,0.034356892,0.026458466,0.023936624,0.02374979,0.025091184,0.029281603,0.03698349,0.047071513,0.057753418,0.06745958,0.075184345,0.080744475,0.08508553,0.09047473,0.10005975,0.11642072,0.140185,0.17012306,0.2041304,0.23996907,0.275613,0.30941367,0.34020832,0.3673942,0.3909535,0.41140223,0.42964193,0.44671163,0.46347472,0.48031825,0.49695998,0.5124276,0.52520967,0.53351766,0.5355826,0.52992547,0.51557094,0.4921978,0.4602328,0.4209028,0.37626666,0.3292486,0.28367594,0.24420576,0.21568567,0.20123105,0.19975056,0.2060664,0.21397501,0.21868436,0.2173594,0.20882303,0.19317965,0.17156227,0.14603795,0.119732074,0.097224526,0.08446026,0.08514259,0.095795475,0.1095168,0.121328875,0.12863041,0.13033627,0.1263291,0.1171883,0.10405453,0.08857857,0.07295568,0.059984785,0.052599415,0.05183069,0.055241738,0.05914308,0.060914405,0.059233487,0.05370267,0.04461135,0.032969523,0.02142678,0.018210037,0.028370878,0.0427258,0.056559835,0.06812877,0.07652063,0.0813063,0.082535334,0.08083788,0.07759523,0.0750803,0.076154366,0.08298778,0.095683955,0.11258126,0.13152432,0.15059121,0.16824587,0.18331295,0.19494228,0.20259076,0.20601664
57,0.054300893,0.06837361,0.082869805,0.096565254,0.10855291,0.11812934,0.12475838,0.12806498,0.12783828,0.12403489,0.116777904,0.106350444,0.093183294,0.07783964,0.061005697,0.04352323,0.026666427,0.014365192,0.017906636,0.030385857,0.04295531,0.05398704,0.06316145,0.070555255,0.076469816,0.08134515,0.08567005,0.08988021,0.09426523,0.09891617,0.10373346,0.10848682,0.11289894,0.116723076,0.11979701,0.12206756,0.12358718,0.12448783,0.124939926,0.12510708,0.12510896,0.1250028,0.12478779,0.12442701,0.12387442,0.12309175,0.1220443,0.12067362,0.118855976,0.11636419,0.1128527,0.10787941,0.10096684,0.09169826,0.07985185,0.0656216,0.050157726,0.037343953,0.036531627,0.051379044,0.07371644,0.0979385,0.1213099,0.14204726,0.15880269,0.17059903,0.17689496,0.17769949,0.1737167,0.1665096,0.15862112,0.15341914,0.1542267,0.1627291,0.17797373,0.1970798,0.21666588,0.23374635,0.24602877,0.2519542,0.25067237,0.24200295,0.22638541,0.20481122,0.17873515,0.14996916,0.1205661,0.09270571,0.06857954,0.05016745,0.038480666,0.032161318,0.027887383,0.0235839,0.021035975,0.02513568,0.03597993,0.04946365,0.062382862,0.07257148,0.07866559,0.08036056,0.07911263,0.07920969,0.08755627,0.10908026,0.14292862,0.18530245,0.23236333,0.28080195,0.3277883,0.37097085,0.40855783,0.43942666,0.46321574,0.48036066,0.49203846,0.49998423,0.50616103,0.5123094,0.51947725,0.5276911,0.53590393,0.5422357,0.54439765,0.5401501,0.527685,0.5058964,0.4745451,0.43434706,0.387026,0.33538303,0.2834514,0.23675078,0.20220059,0.1859657,0.18838331,0.20241798,0.21915172,0.23210989,0.23766759,0.23427996,0.22185698,0.20139682,0.17480217,0.14487454,0.115596265,0.09274259,0.08316544,0.08861695,0.1023629,0.11686128,0.1278019,0.13326907,0.13274363,0.12661283,0.11593914,0.10234321,0.08793957,0.075227134,0.066614345,0.06318795,0.063642144,0.065163404,0.0651819,0.0621117,0.05531414,0.044959407,0.032176528,0.0207075,0.021580493,0.035603106,0.052665547,0.068922736,0.08274446,0.093174815,0.09970675,0.1022935,0.10143088,0.098282054,0.09479489,0.09359533,0.09723589,0.10688516,0.12175498,0.13988772,0.15916577,0.177781,0.19433057,0.20780085,0.2175415,0.22324784
58,0.046160314,0.057516612,0.07058985,0.08366717,0.095548086,0.105343916,0.11238533,0.11619163,0.1164648,0.11309063,0.10613837,0.09585534,0.08265479,0.06709825,0.049878627,0.031838488,0.014385738,0.009096249,0.023461726,0.037946206,0.05041166,0.06041871,0.067890555,0.07303182,0.07631617,0.07845457,0.08030702,0.08271498,0.086280175,0.091190524,0.097201124,0.103771575,0.11026019,0.11608268,0.12080596,0.12418699,0.12617376,0.12687992,0.12654062,0.12545635,0.12393328,0.122232296,0.12053791,0.11895313,0.117515825,0.11622169,0.11503581,0.11388087,0.112603776,0.11093683,0.108476855,0.10470074,0.099023074,0.090890415,0.07990978,0.06604461,0.050072275,0.035291787,0.032250404,0.04790497,0.07241044,0.09925942,0.12558894,0.14951222,0.16952801,0.18445994,0.19352745,0.19645892,0.19362622,0.18619615,0.1762785,0.16695862,0.16188388,0.16400148,0.1739305,0.18960641,0.20755875,0.22431804,0.23709093,0.24392453,0.24369384,0.2360504,0.22135957,0.20062402,0.17538881,0.14762853,0.11961899,0.09377998,0.072400175,0.056977898,0.047062457,0.03990634,0.0323522,0.023319518,0.017346283,0.025144242,0.041842736,0.06001992,0.076184005,0.08790801,0.09340065,0.09178199,0.08389002,0.07436401,0.07487767,0.097292095,0.13911343,0.19237491,0.25129253,0.31162968,0.3698706,0.42301884,0.46865344,0.5050628,0.5313811,0.5476852,0.55502105,0.5553206,0.5511695,0.54538965,0.5404561,0.53787196,0.5377319,0.5386878,0.5383386,0.53385603,0.5226056,0.50261366,0.47285393,0.43339422,0.385468,0.33155537,0.2756018,0.22355825,0.1840933,0.16690157,0.17424423,0.1964907,0.22171055,0.24214585,0.25377744,0.25491932,0.24540338,0.22616749,0.19904283,0.16668601,0.1327439,0.10249955,0.08370442,0.082866326,0.09584052,0.11273244,0.12713726,0.13618955,0.13894969,0.13560386,0.12711659,0.11505367,0.10145911,0.088684134,0.07896132,0.07351378,0.071688265,0.07128483,0.069865964,0.06567342,0.0578401,0.0463508,0.0322319,0.019635772,0.022319408,0.039158512,0.058665868,0.07725486,0.09331814,0.10583452,0.11419831,0.11823991,0.11829762,0.11531997,0.11097737,0.10767008,0.10812593,0.11434157,0.12652782,0.14322028,0.16227722,0.18166462,0.19974586,0.2153209,0.22760019,0.23617397
59,0.04137772,0.047856085,0.058071278,0.06969909,0.080999136,0.090753295,0.09808786,0.10238194,0.103232965,0.10044621,0.094030395,0.08419111,0.07131787,0.0559632,0.038813647,0.020654898,0.002437429,0.01541805,0.03164478,0.04573955,0.057157736,0.06556298,0.07087303,0.07331036,0.07345374,0.07227694,0.07111904,0.07146459,0.07445185,0.08035799,0.088545114,0.097882345,0.1071998,0.1155319,0.12219652,0.1268019,0.12922677,0.1295868,0.12818879,0.12547229,0.12194085,0.118089296,0.11433888,0.11099415,0.10823081,0.10611086,0.10460689,0.10361229,0.102926254,0.102222465,0.10102658,0.098727025,0.09462927,0.08804912,0.07843933,0.06557374,0.04995252,0.03437157,0.029702537,0.045827735,0.07203368,0.101145245,0.13019927,0.15720068,0.18048592,0.19866654,0.21070464,0.2160251,0.21464118,0.2072901,0.19557926,0.1821135,0.17044476,0.16442458,0.16660841,0.17666197,0.19159913,0.20750584,0.22091252,0.22929075,0.23110089,0.22571975,0.21335168,0.1949339,0.17202862,0.14669377,0.12131546,0.09834391,0.07978023,0.06627934,0.056391336,0.047181334,0.036045775,0.022505434,0.014739468,0.029433945,0.052014094,0.07482621,0.09462086,0.10877042,0.11509915,0.1121505,0.09977991,0.08088309,0.067317724,0.082860164,0.12908995,0.19103591,0.26009336,0.3310743,0.39984795,0.46283755,0.5170341,0.5601423,0.5907444,0.6084349,0.6138988,0.6089047,0.59617996,0.5791172,0.56126887,0.5456394,0.53392833,0.5260343,0.52010643,0.51314324,0.5018372,0.48332676,0.4556941,0.4182216,0.37149918,0.3175045,0.25983763,0.20447,0.16140786,0.14434966,0.15780598,0.1883531,0.2211477,0.24787177,0.26453537,0.2694893,0.26255378,0.24463087,0.21750303,0.18374306,0.14680368,0.11156047,0.08567136,0.07865632,0.09027773,0.10910799,0.12651706,0.13868266,0.1442791,0.14331082,0.13664795,0.12580338,0.11277781,0.099867016,0.08927405,0.08237382,0.07893267,0.077165715,0.074755535,0.0698177,0.06127247,0.048872195,0.033314355,0.018028481,0.01985489,0.039014906,0.06074082,0.0814959,0.099691436,0.11424184,0.12443603,0.12996867,0.13100749,0.12828307,0.12319865,0.11791123,0.11518363,0.11764978,0.12657684,0.14125547,0.15969428,0.17966922,0.19928719,0.2171268,0.23222215,0.2440171
60,0.04299159,0.042332407,0.047104426,0.055596188,0.065401286,0.0746616,0.08211035,0.086891,0.08844823,0.08648064,0.08092082,0.07192339,0.059852425,0.04526841,0.028937776,0.012175356,0.008933864,0.024630101,0.039819445,0.05279466,0.0628243,0.06945264,0.0724984,0.07210976,0.06885354,0.0638569,0.05898442,0.056780096,0.059478823,0.067381345,0.07884069,0.09172316,0.10427867,0.115262106,0.12385655,0.12960358,0.13235767,0.13224949,0.12964503,0.12509444,0.11926749,0.112877235,0.106597,0.10098239,0.0964153,0.0930846,0.09100244,0.09003396,0.08991217,0.090228684,0.09041939,0.08977405,0.08748715,0.08274891,0.07487103,0.063468,0.048845895,0.033520058,0.028479902,0.04519431,0.07277867,0.103870064,0.13547045,0.16548963,0.19210793,0.21372756,0.22905265,0.23720235,0.23783046,0.23124562,0.21853633,0.20170711,0.1837961,0.16878402,0.16077024,0.16204038,0.17142943,0.18511498,0.19880353,0.20908654,0.21376191,0.2117558,0.20297879,0.18818863,0.168851,0.1469747,0.12488006,0.10481827,0.08833363,0.07547636,0.06453269,0.05288093,0.038397554,0.020979656,0.014208214,0.036108326,0.06353134,0.09051806,0.11395392,0.1310274,0.13926433,0.13679032,0.122757055,0.09839196,0.0713683,0.06992405,0.11418836,0.18170801,0.25862452,0.33847016,0.41650987,0.488649,0.5513511,0.6017773,0.63796467,0.65898305,0.66504323,0.6575357,0.6389789,0.61284256,0.5831941,0.55411345,0.52888155,0.50913,0.49434415,0.4820654,0.46873376,0.45072806,0.42518812,0.39048153,0.34639663,0.29422608,0.23697609,0.18021597,0.13476029,0.11896591,0.13973828,0.17807816,0.21698886,0.24850483,0.26901323,0.27700937,0.27232647,0.25582498,0.22922665,0.19502543,0.15653698,0.11834563,0.08775615,0.07574722,0.08583443,0.10605175,0.12579183,0.14040112,0.14823908,0.14915843,0.14394355,0.13405752,0.121472806,0.10847347,0.09729336,0.08945498,0.08501694,0.082472414,0.07958468,0.07436478,0.06554572,0.052651376,0.03598642,0.01738149,0.014277304,0.035518847,0.05918666,0.08183273,0.10193453,0.11835749,0.13028921,0.13728684,0.13934375,0.13697085,0.13130221,0.12421882,0.11838694,0.116878234,0.122018695,0.13411945,0.15154354,0.17190182,0.19299635,0.21313487,0.2311367,0.24626651
61,0.05185357,0.044557642,0.04138616,0.04362183,0.04990444,0.05766758,0.064831294,0.070039324,0.07245216,0.071597636,0.067300886,0.05965503,0.04901591,0.03604651,0.02205013,0.012067625,0.019031418,0.033160895,0.04695288,0.058628876,0.06726457,0.07226229,0.07330561,0.070394464,0.06392959,0.05490978,0.045432918,0.03959971,0.04238758,0.053784903,0.0695414,0.08625624,0.101913884,0.11525856,0.12548971,0.13215566,0.13511439,0.13450912,0.13073908,0.12441845,0.11632169,0.107315466,0.0982791,0.090016715,0.083169,0.07814127,0.07506976,0.073835604,0.074105754,0.07536638,0.07693859,0.07799815,0.07762402,0.07488426,0.06895888,0.0593235,0.046151526,0.031915326,0.028019145,0.04587573,0.074709915,0.10760476,0.14164282,0.1746742,0.20474419,0.23006126,0.2490842,0.2606389,0.26403698,0.25918663,0.24669586,0.22797814,0.20537579,0.18228665,0.16309854,0.1522816,0.152067,0.1605632,0.17310451,0.18502286,0.19300584,0.19521177,0.19104129,0.18090506,0.16601783,0.14817835,0.12947685,0.11185867,0.09651758,0.08331994,0.07075424,0.05665782,0.039288096,0.018832121,0.015953515,0.043271683,0.074421704,0.10492319,0.13171741,0.1518617,0.16266885,0.1619731,0.14848173,0.12244933,0.0881147,0.066160604,0.09751342,0.16586325,0.24764645,0.33403742,0.41956428,0.49964938,0.5702937,0.628173,0.67081475,0.6967667,0.705722,0.6985832,0.6774509,0.6455201,0.606853,0.5659754,0.52723485,0.49392515,0.46739635,0.44661382,0.42854863,0.40924922,0.38501585,0.3532197,0.3126913,0.26384953,0.20885427,0.1524025,0.10531786,0.0917125,0.12087756,0.16574442,0.2088545,0.24347451,0.26657382,0.2768301,0.2740831,0.25912848,0.23359759,0.19988286,0.16117139,0.1218311,0.08882842,0.07365575,0.08248904,0.10352838,0.12480835,0.14109266,0.15051794,0.15281622,0.14869173,0.13955459,0.1273491,0.11436062,0.102873966,0.094548315,0.08965978,0.086889,0.084042415,0.07904061,0.07046452,0.05765906,0.040654752,0.020134944,0.006014377,0.029415658,0.054589238,0.07869513,0.10034048,0.11835755,0.13184148,0.14021762,0.14330904,0.14141008,0.13538265,0.12679534,0.11808378,0.112515405,0.1133878,0.12231453,0.13829488,0.15879591,0.18122816,0.20356064,0.224363,0.24270381
62,0.065864265,0.05482367,0.04491006,0.038436998,0.037371043,0.041103497,0.04688174,0.052224062,0.05560864,0.056211337,0.05367567,0.04801737,0.039631706,0.029492944,0.020170627,0.018543186,0.027512664,0.04012688,0.05248937,0.0629165,0.070373006,0.074145064,0.07378827,0.0691378,0.060344394,0.047972888,0.0334198,0.021368098,0.024913602,0.042084083,0.06235807,0.08226321,0.10024384,0.115278095,0.12665796,0.13395882,0.13704018,0.13604231,0.13136895,0.123653516,0.11370981,0.10247018,0.09091512,0.07999837,0.070569396,0.06329195,0.058559187,0.0564245,0.05658708,0.05844585,0.061180834,0.063822284,0.065313436,0.0645912,0.06070274,0.0529928,0.041545242,0.02903679,0.02782654,0.04757884,0.07770898,0.1123409,0.14877911,0.18486694,0.21854684,0.2478577,0.27103308,0.2866248,0.29362598,0.29158092,0.2806778,0.26182702,0.23674072,0.20804013,0.1794042,0.1555952,0.1415893,0.13981147,0.14770497,0.15967327,0.17064087,0.17740186,0.17846486,0.17364232,0.16370827,0.15009691,0.13456737,0.11877677,0.10377078,0.089557305,0.07506836,0.058657162,0.038919397,0.016345406,0.018950356,0.049667846,0.083416805,0.116595685,0.14622307,0.16930634,0.18303208,0.18503837,0.17374076,0.14884716,0.112815864,0.07792026,0.08551174,0.146695,0.2291878,0.319136,0.40982553,0.4961387,0.5736572,0.63863164,0.68812966,0.720204,0.7340265,0.72996724,0.7096047,0.67566043,0.63184416,0.5825842,0.5325926,0.48620352,0.446492,0.4144096,0.3884419,0.36517152,0.34051034,0.31092125,0.27417246,0.2296283,0.17835626,0.123662144,0.07493752,0.06387889,0.10221359,0.1514589,0.19652462,0.23248294,0.25692087,0.26867747,0.2675715,0.2543009,0.23036918,0.19803151,0.16032928,0.12144997,0.08810365,0.071822464,0.080048814,0.101403974,0.12341318,0.14059216,0.15095755,0.15415016,0.15079589,0.14224215,0.13039319,0.117529325,0.10598513,0.097543396,0.09265335,0.09012713,0.08778904,0.08348332,0.07567669,0.063596435,0.04715656,0.026845945,0.004321901,0.022161942,0.047862496,0.07274939,0.09541166,0.11462148,0.1293815,0.13899258,0.14311682,0.14184089,0.13575712,0.12609342,0.11492811,0.10543104,0.10162783,0.10670094,0.12073016,0.14108315,0.16463001,0.18890695,0.21220833,0.23341165
63,0.082539275,0.07007114,0.056804366,0.044069145,0.033841036,0.028728787,0.029704323,0.033997755,0.03829543,0.040750638,0.04058534,0.03768011,0.032508634,0.026449826,0.022658141,0.025294712,0.033949208,0.045030154,0.056016207,0.06536413,0.071994044,0.075117834,0.07420339,0.06897696,0.059429962,0.045817953,0.028647326,0.008655254,0.0133057805,0.036119685,0.058734894,0.08005594,0.09906669,0.11489211,0.12685509,0.13452089,0.13772538,0.13658449,0.13148333,0.123045065,0.1120811,0.09952574,0.08636066,0.07353774,0.06191263,0.052205227,0.044991933,0.040687356,0.03942079,0.040833425,0.044046175,0.047865186,0.05099808,0.052182302,0.050293706,0.044528216,0.03490218,0.024616344,0.027627049,0.049920045,0.08147599,0.11785976,0.15671526,0.19593458,0.23339348,0.26698858,0.29475024,0.31497577,0.32636032,0.32811344,0.32005283,0.30267346,0.27719796,0.24562758,0.21083292,0.17672981,0.1484343,0.13152243,0.12875332,0.13680989,0.1490074,0.1598455,0.16623296,0.16697615,0.16216892,0.15274021,0.14006802,0.12557964,0.11032987,0.09464859,0.07803276,0.059409067,0.03773693,0.013903769,0.022013908,0.054503124,0.089691974,0.12456401,0.1562976,0.18195409,0.19869076,0.20403858,0.19622366,0.1746212,0.14078511,0.10236844,0.08773811,0.13033281,0.20720427,0.29667437,0.38949734,0.47972387,0.5624844,0.63364124,0.6898503,0.7287056,0.7488743,0.7501843,0.73364985,0.70142746,0.6566982,0.60346866,0.54627085,0.48972017,0.4378779,0.3934322,0.35692996,0.3265497,0.29877064,0.26964983,0.23600048,0.19604069,0.14957684,0.09813038,0.047156725,0.037509818,0.08490966,0.13540246,0.17999686,0.21554783,0.24013008,0.25267738,0.25294656,0.24150065,0.21967568,0.18954921,0.15398815,0.11701157,0.08515452,0.069751866,0.078184664,0.09944821,0.12144083,0.13879374,0.14951035,0.15316936,0.15031794,0.14222603,0.13073729,0.118107244,0.106705725,0.098425105,0.09386383,0.091937244,0.090477385,0.087268606,0.080696285,0.06991485,0.05480512,0.03597221,0.015875284,0.017065687,0.04034849,0.06489298,0.087838404,0.10771043,0.12338307,0.13403207,0.13916892,0.1386869,0.13292098,0.12274938,0.10979755,0.09682223,0.08810064,0.08849128,0.09989776,0.119745046,0.14410184,0.1699332,0.19524783,0.2187645
64,0.1000212,0.08740295,0.07302925,0.057731584,0.04251099,0.028722355,0.018808546,0.016688876,0.02090061,0.025731435,0.028720869,0.029373435,0.028139671,0.026387453,0.02644787,0.030373234,0.037968002,0.04748587,0.057181172,0.06567551,0.07189329,0.075011425,0.07445542,0.06991857,0.061396226,0.049261764,0.03456388,0.02089172,0.021582091,0.03837977,0.058936186,0.07931657,0.09789227,0.11357822,0.12559035,0.13342127,0.1368497,0.13594517,0.13105667,0.12278118,0.111911476,0.09936346,0.08608585,0.07295739,0.060685568,0.0497385,0.040367752,0.032790676,0.027520087,0.025459804,0.026979994,0.030896692,0.035220485,0.038118854,0.03812046,0.03419215,0.026262177,0.018627513,0.027433207,0.052515816,0.08558338,0.123756394,0.1650657,0.20749101,0.2488721,0.28698838,0.31968743,0.3450285,0.36142373,0.3677651,0.36352736,0.348842,0.32454166,0.29218403,0.25407946,0.21337463,0.17427064,0.14232437,0.12379269,0.1215541,0.13100362,0.14418991,0.15531293,0.16147171,0.16173245,0.15636013,0.14630534,0.13279617,0.116964504,0.09952403,0.080586284,0.05971928,0.036331877,0.0118245715,0.024360767,0.057339445,0.09280737,0.12828033,0.16121979,0.18886915,0.20847173,0.217551,0.2142351,0.19769065,0.16895051,0.13332461,0.10825689,0.12630077,0.18853003,0.2717475,0.36260024,0.4536146,0.5392723,0.615018,0.6771176,0.722737,0.7500594,0.7583753,0.7481203,0.72084886,0.67914057,0.62643856,0.5668174,0.5046675,0.44426826,0.38921416,0.34171775,0.30199632,0.2681615,0.23690154,0.20467713,0.16877766,0.12784371,0.081903644,0.032144945,0.019466788,0.070352264,0.117900126,0.15953538,0.1930269,0.21665877,0.22935757,0.23076771,0.22127943,0.20202263,0.17485791,0.14244615,0.10863941,0.07986481,0.06708395,0.07648328,0.09734621,0.118699,0.13561729,0.14619383,0.14997435,0.14742616,0.13972414,0.1286244,0.11632789,0.105214275,0.09726976,0.09323378,0.09212098,0.09177731,0.089946635,0.084958,0.075914174,0.06267061,0.04587886,0.027803153,0.019132411,0.03397533,0.05625437,0.07847226,0.09833754,0.11447603,0.12591499,0.13202102,0.13251156,0.1274874,0.1174952,0.10367193,0.088105485,0.07461494,0.06930645,0.07706318,0.095946506,0.12073977,0.1476078,0.17428732,0.19940157
65,0.11687345,0.10485424,0.0905346,0.07461445,0.05787062,0.041117374,0.025173714,0.0109257735,0.003850208,0.012360591,0.019356497,0.023825675,0.02621102,0.02754452,0.029358476,0.033110864,0.039275944,0.047192387,0.05568657,0.063563,0.06977875,0.073495924,0.07411615,0.07132456,0.06515966,0.056157924,0.045735795,0.037194084,0.036404867,0.046015296,0.061717536,0.0792183,0.09608292,0.11082798,0.122465216,0.13036369,0.13421427,0.13401729,0.13006526,0.12290908,0.11330227,0.102120504,0.09025501,0.078483865,0.067339435,0.057015445,0.047377154,0.03811713,0.029042691,0.020508932,0.014314583,0.014039678,0.018580826,0.023151498,0.025021132,0.022720255,0.015931325,0.011574277,0.0275785,0.055050377,0.089550726,0.12950233,0.17327502,0.21894215,0.26432446,0.30710256,0.34495822,0.37572676,0.39754876,0.4090087,0.40925133,0.39806792,0.37594897,0.34410566,0.30447322,0.25972885,0.21339464,0.1701458,0.13628298,0.11882542,0.119775854,0.13207014,0.14657976,0.15764871,0.16277981,0.16135214,0.15381071,0.14116684,0.124622695,0.10525653,0.08378503,0.06046823,0.035276894,0.0101163555,0.025628023,0.058125537,0.0927624,0.12766832,0.16075002,0.1895935,0.21167186,0.22462206,0.2265735,0.216574,0.195297,0.1666328,0.14162378,0.1422043,0.18282305,0.25225914,0.33550704,0.42301401,0.5082467,0.58609545,0.6524034,0.70391315,0.7383347,0.754425,0.752033,0.73209065,0.69654214,0.6482112,0.5906091,0.5276835,0.463504,0.40186843,0.3458164,0.29708454,0.25567552,0.21985638,0.18679212,0.15358725,0.11822886,0.08022953,0.042136405,0.027312081,0.060105212,0.09953002,0.1357178,0.16562676,0.18733528,0.19962624,0.20197241,0.19455273,0.17825589,0.15469007,0.12628192,0.09671885,0.07237572,0.06360997,0.07450641,0.09472682,0.114964716,0.13098338,0.14105238,0.1447121,0.14234887,0.13502352,0.12437319,0.11250587,0.101774864,0.09423982,0.090785116,0.09054445,0.09140151,0.091083415,0.087881364,0.08085124,0.06979764,0.055302158,0.03919021,0.027112592,0.031042725,0.04817953,0.06829586,0.08733331,0.103410244,0.11534047,0.12233904,0.123964295,0.12011482,0.11105092,0.097462915,0.08068681,0.06339642,0.051432315,0.053697515,0.0709547,0.09576938,0.123049095,0.15031219,0.17618431
66,0.1318645,0.12098268,0.10742268,0.091833524,0.07496534,0.057636704,0.040713478,0.025158385,0.012599832,0.009102898,0.015245833,0.021350294,0.025586978,0.028269332,0.030386081,0.03320756,0.037689734,0.043945204,0.05131131,0.058786143,0.065359846,0.0701684,0.07256779,0.072193146,0.0690334,0.06355259,0.056908797,0.05127493,0.049762353,0.05463385,0.06515249,0.07874468,0.09301668,0.106242225,0.11723337,0.12521441,0.12976271,0.13078049,0.12846905,0.12328965,0.11590164,0.10707209,0.097556464,0.08796095,0.0786187,0.0695324,0.060429245,0.05092261,0.04071558,0.029767863,0.018384086,0.0072233416,0.0027536536,0.010363335,0.014327751,0.013385178,0.006429077,0.0074748443,0.028678354,0.057310916,0.09291075,0.13451925,0.18069294,0.22956258,0.27892736,0.32637876,0.36944622,0.40575516,0.43318686,0.4500288,0.45510545,0.4478803,0.42852333,0.39794305,0.3577892,0.31044596,0.25906485,0.20774172,0.16201732,0.12949896,0.1175715,0.12485027,0.14074397,0.15593313,0.16564119,0.16806255,0.16302307,0.1512649,0.13401239,0.1126444,0.088424675,0.062307455,0.034910787,0.008369414,0.025932135,0.05732107,0.090118594,0.123226054,0.15520371,0.18419057,0.20807715,0.22476687,0.23250243,0.23028073,0.21845719,0.19980004,0.18138336,0.1762613,0.1980165,0.24801277,0.31705424,0.39541298,0.4756302,0.5519279,0.6196569,0.6751088,0.7155113,0.7390804,0.74506456,0.7337499,0.70641387,0.66522175,0.6130693,0.55337507,0.48982716,0.42608508,0.36543268,0.31038493,0.2622905,0.22106718,0.18529114,0.15277705,0.12150518,0.09065651,0.062208496,0.045644823,0.055388786,0.08131517,0.10951039,0.13441035,0.15333371,0.1647312,0.16782759,0.16254908,0.14951083,0.13003935,0.10630708,0.081852175,0.06304816,0.059267387,0.071851835,0.09120965,0.110000335,0.12480627,0.13413502,0.13754416,0.1353375,0.12844263,0.118343696,0.107009985,0.09672004,0.0895772,0.08662218,0.08715158,0.08913121,0.09030155,0.08893132,0.084027745,0.075316526,0.063236,0.04916588,0.0364807,0.03259884,0.042095102,0.058384076,0.07560939,0.09101721,0.10308589,0.11085126,0.11372291,0.111431286,0.1040122,0.091813594,0.075558074,0.056631576,0.038475502,0.031733405,0.04604842,0.07048432,0.097464845,0.124429576,0.15014309
67,0.14389563,0.13461098,0.1223539,0.10771571,0.09141623,0.07427945,0.05722226,0.0412932,0.027879316,0.019284751,0.017927168,0.021271825,0.025013296,0.02759564,0.029141907,0.030592732,0.033169456,0.037660077,0.043943744,0.0512094,0.058434896,0.064679,0.0692001,0.071516074,0.0714609,0.069259554,0.06563129,0.061898284,0.0599364,0.06158796,0.067559406,0.07699111,0.088217825,0.09959986,0.10984091,0.11802484,0.123589315,0.12629649,0.12620108,0.12360536,0.1189924,0.11293352,0.10597487,0.09852183,0.09075519,0.08261733,0.07388657,0.06432026,0.05382236,0.042601682,0.03133939,0.021500494,0.015822647,0.015952386,0.017874891,0.017369002,0.013599966,0.014551636,0.03140335,0.05919494,0.095253706,0.13824354,0.18665075,0.23858093,0.29178786,0.34377426,0.3919287,0.43368292,0.4666762,0.48891574,0.49892077,0.49584126,0.47954297,0.45065516,0.41058406,0.36150393,0.3063604,0.2489656,0.19436249,0.14967744,0.12429894,0.123277366,0.13829209,0.15659659,0.17046484,0.17657769,0.17401439,0.16318299,0.14526808,0.1218698,0.09471202,0.065391876,0.03520266,0.006011437,0.02605977,0.05606289,0.08615923,0.1161662,0.14555278,0.1733027,0.19798805,0.21797945,0.2317539,0.23828703,0.23755372,0.23119992,0.22339495,0.22136007,0.23378031,0.26598403,0.3166309,0.3800045,0.44954625,0.5193473,0.58439445,0.64055026,0.68455654,0.7140747,0.7277299,0.72513103,0.70684755,0.67433786,0.629827,0.5761382,0.5164845,0.45422748,0.3926071,0.33444667,0.28184375,0.23588902,0.1965174,0.16264734,0.13270329,0.10544509,0.081003994,0.062335808,0.056040768,0.06509434,0.08248372,0.1008552,0.11615751,0.12621033,0.1298666,0.12674266,0.117146604,0.10210013,0.083516486,0.064833485,0.05246914,0.05414865,0.06821805,0.086468704,0.10359282,0.11701063,0.12549467,0.12863292,0.12664379,0.12030307,0.11090732,0.10023615,0.09043181,0.083595455,0.08093515,0.08197773,0.08484055,0.08731748,0.08767024,0.084855616,0.078502044,0.06887354,0.056958683,0.044912986,0.03710717,0.039009243,0.049825087,0.064122416,0.078174286,0.089966975,0.09830316,0.102441244,0.10197077,0.096762314,0.086939685,0.07286322,0.055145875,0.034868937,0.016113527,0.022431388,0.046247963,0.072117776,0.09781804,0.12242249
68,0.15201072,0.14475164,0.134283,0.12111229,0.10589333,0.08940303,0.07252237,0.056236338,0.04168383,0.030289147,0.023701085,0.022296341,0.023660341,0.025113596,0.025606416,0.0254461,0.025873823,0.028396051,0.03362231,0.04089217,0.049020227,0.056888454,0.06360805,0.06854507,0.071342126,0.071957685,0.07072122,0.068393044,0.066180006,0.06557036,0.06782691,0.07333426,0.081435405,0.0908975,0.10044623,0.10903726,0.11593174,0.120694496,0.12316549,0.12341518,0.12168244,0.11829592,0.1135865,0.10780763,0.101086855,0.093428984,0.084778145,0.0751281,0.06466092,0.053899873,0.043866847,0.03613403,0.032210775,0.031826533,0.032489445,0.0315781,0.028273968,0.026354497,0.03610537,0.06069378,0.09624955,0.14017336,0.19052641,0.24525893,0.3020346,0.3582601,0.41119453,0.45809644,0.49638823,0.52382267,0.53863883,0.5396958,0.5265756,0.49964863,0.4601024,0.40994102,0.35198134,0.28990868,0.22854124,0.17459565,0.13776149,0.12728208,0.13944887,0.15969856,0.1771117,0.1865917,0.18635753,0.17642029,0.15786318,0.13242827,0.10220495,0.069351904,0.03583847,0.0032154692,0.027557664,0.056185734,0.08296544,0.10854182,0.13354187,0.1582155,0.18223526,0.20473117,0.22453213,0.24053675,0.25214797,0.25973117,0.2650364,0.2714059,0.28337124,0.30527103,0.33936888,0.38490328,0.4386962,0.4964073,0.5535023,0.60578,0.6496386,0.6822271,0.701542,0.7064824,0.69686115,0.67336893,0.63749075,0.5913767,0.5376747,0.4793314,0.41937107,0.3606579,0.3056489,0.25614834,0.2130978,0.1764783,0.14543831,0.11871949,0.09532062,0.07526368,0.060351737,0.054021034,0.057612035,0.067211285,0.07773777,0.08587882,0.089832924,0.088783145,0.08267616,0.07220876,0.059060752,0.046705343,0.04157554,0.048556503,0.06348235,0.08031161,0.095615745,0.10757328,0.11521167,0.11814985,0.116515175,0.11091459,0.10242461,0.092582576,0.083321564,0.07667179,0.07400519,0.075164616,0.07851988,0.08197406,0.08380023,0.08290549,0.07881325,0.07160837,0.061950434,0.051252652,0.042164363,0.038772702,0.04352259,0.053829152,0.065777056,0.07680807,0.0854246,0.09071538,0.09214176,0.08944822,0.0826162,0.07183044,0.05744676,0.039958578,0.019963833,0.0020475427,0.024931861,0.048417464,0.07172435,0.09424592
69,0.1554449,0.15061696,0.14239304,0.13116866,0.11749744,0.102067895,0.08567866,0.069217116,0.053652234,0.040055595,0.029625883,0.023416597,0.021176523,0.020783458,0.02011875,0.018409375,0.016381253,0.016386647,0.02062653,0.028334532,0.037630226,0.047115523,0.05580425,0.062970676,0.068116404,0.07099097,0.07163442,0.07043087,0.068160884,0.066006504,0.06538611,0.06748582,0.072674915,0.08036309,0.089421175,0.09867222,0.10714586,0.114146575,0.11924376,0.12223515,0.12309786,0.12193192,0.1189017,0.11418543,0.10794563,0.10033221,0.09152528,0.081816934,0.071724154,0.062108178,0.054207765,0.049316827,0.04786366,0.04865365,0.04945781,0.048255935,0.044259027,0.039636604,0.042628713,0.061854545,0.095652424,0.13989815,0.19179459,0.24895738,0.30889723,0.3689129,0.42614728,0.47771266,0.52084845,0.55308974,0.5724314,0.57747483,0.5675468,0.5427824,0.5041709,0.4535676,0.3936953,0.32818413,0.26177981,0.20099716,0.1553773,0.13614844,0.14416468,0.16505474,0.18512788,0.19740964,0.19917789,0.18999112,0.17077275,0.14333273,0.110036284,0.07352229,0.03648657,0.005255879,0.032052133,0.05965291,0.08303977,0.10313658,0.12174597,0.14092024,0.16218007,0.18594472,0.21150228,0.23743881,0.262217,0.2846915,0.30449334,0.32225877,0.33964404,0.35902944,0.3828679,0.41283637,0.4491716,0.49052122,0.534296,0.57724434,0.61599463,0.6474619,0.66912067,0.67917365,0.6766402,0.6613795,0.6340569,0.5960602,0.5493733,0.49641615,0.43986052,0.38243023,0.326694,0.2748557,0.22854862,0.1886537,0.15519449,0.12740238,0.1040285,0.08386032,0.06627893,0.051724996,0.041919954,0.038797513,0.041448824,0.046172284,0.049762145,0.050488062,0.04774081,0.041850403,0.03438852,0.029243883,0.03209088,0.043137997,0.05781171,0.072781056,0.086115554,0.096590854,0.103442974,0.10630741,0.10521097,0.10057672,0.093233936,0.08442959,0.07580992,0.06923953,0.066214755,0.066981435,0.07030139,0.07427005,0.07719715,0.077942826,0.075924404,0.07105567,0.06372168,0.054839417,0.04606919,0.04009147,0.039831985,0.04559724,0.054720584,0.06443314,0.07292348,0.07908597,0.08225112,0.08205149,0.07835732,0.07124027,0.060951263,0.04791975,0.032847427,0.017555047,0.013452329,0.0286716,0.047660872,0.06696484
70,0.15369117,0.15166587,0.1461085,0.13727778,0.12559912,0.11164408,0.09610474,0.07976491,0.0634729,0.048124023,0.034668352,0.02414868,0.017573595,0.014854346,0.013770252,0.011893761,0.008110974,0.0027784342,0.0067029884,0.016017066,0.026311683,0.036745857,0.046574626,0.055119812,0.061816704,0.06626755,0.06829713,0.06801337,0.06587863,0.06278903,0.060109172,0.059481494,0.062195823,0.06844916,0.07733458,0.087495185,0.097660884,0.106835894,0.11430977,0.11962276,0.12252574,0.1229415,0.120928556,0.11665108,0.110361904,0.10240668,0.09325722,0.08357697,0.07430315,0.06666844,0.061956458,0.06080342,0.062502176,0.06520114,0.06676951,0.06549383,0.060617313,0.053486124,0.050444234,0.06272618,0.09329213,0.13711424,0.19006307,0.24918883,0.31177214,0.37499157,0.43589166,0.49147284,0.5388348,0.57534206,0.59879225,0.6075724,0.6007908,0.5783761,0.54113907,0.49080017,0.43000022,0.36233938,0.29255518,0.2270857,0.17525347,0.14889334,0.15212452,0.17224877,0.1938068,0.20806766,0.21133158,0.20265627,0.18274994,0.15342166,0.117232814,0.0772427,0.03706747,0.012144776,0.039974835,0.06734845,0.08811168,0.10263731,0.11328473,0.124112435,0.13969454,0.16293599,0.19375874,0.22984758,0.26812336,0.30572194,0.3404592,0.37105092,0.39721137,0.4196373,0.43983537,0.45975444,0.48124394,0.5054672,0.53248125,0.56114995,0.5893915,0.6146166,0.6341861,0.6457845,0.647676,0.63885015,0.6190762,0.58888435,0.5494903,0.5026748,0.45063323,0.39580426,0.3406906,0.2876777,0.23885378,0.19582807,0.15954469,0.13011704,0.10677483,0.08806489,0.07233365,0.058274206,0.0452622,0.033424225,0.023590129,0.01716849,0.014978431,0.015120716,0.014944023,0.013793493,0.01368851,0.018150272,0.027304152,0.03908384,0.051837135,0.06430357,0.07543684,0.08438125,0.09050074,0.093416624,0.093040235,0.089598134,0.083653204,0.07612613,0.06830696,0.06178153,0.05806946,0.05786448,0.06049815,0.0643936,0.06794052,0.069955334,0.06974886,0.06707465,0.06208618,0.055343285,0.04789702,0.041452747,0.0382906,0.04000721,0.04586753,0.053684745,0.06152359,0.06809743,0.07260158,0.07455683,0.073724374,0.07006136,0.06369731,0.054930042,0.044266626,0.032631125,0.022328071,0.019750968,0.028606717,0.042485844
71,0.14657968,0.14766806,0.14514051,0.13909832,0.12981775,0.11773428,0.10342043,0.0875576,0.0709037,0.054260492,0.038450718,0.024344794,0.013159993,0.008069746,0.010561521,0.013719969,0.015052612,0.014836715,0.01463752,0.016805662,0.02226583,0.029904041,0.03830737,0.04637054,0.053244542,0.05829087,0.061090704,0.061485346,0.05964283,0.056161784,0.052217353,0.049639747,0.05048742,0.05581334,0.06491916,0.07615849,0.08791645,0.09892585,0.108255945,0.1152547,0.11950811,0.12081478,0.1191689,0.11475012,0.10792409,0.099262044,0.08958846,0.08005351,0.07216417,0.06754991,0.06719782,0.07060646,0.07593413,0.080926076,0.083577864,0.082396254,0.0766628,0.067223005,0.058863424,0.06330372,0.08905757,0.13163133,0.18510011,0.2456598,0.31027624,0.3760004,0.43980423,0.49861893,0.54945666,0.5895678,0.6166091,0.6288051,0.62509006,0.6052195,0.569847,0.5205667,0.4599367,0.39152268,0.32005978,0.2519386,0.19621474,0.16451912,0.1627729,0.18068483,0.20230916,0.21750727,0.22161996,0.21316606,0.19258606,0.16162418,0.12296999,0.0800788,0.037906732,0.020996217,0.050456125,0.07847902,0.097920895,0.10805301,0.11069064,0.11087787,0.11709984,0.1373181,0.17277442,0.21901748,0.27056247,0.3227665,0.37202105,0.4157115,0.45222828,0.4809964,0.5024618,0.5179811,0.52957183,0.53950316,0.5497679,0.56156087,0.5749452,0.5888394,0.6013118,0.61004174,0.6127813,0.6077127,0.593671,0.57024336,0.53777164,0.4972852,0.4503845,0.39909562,0.34570998,0.29262382,0.24218751,0.19656499,0.15758322,0.12651059,0.10368946,0.088136025,0.077624634,0.06957641,0.062070657,0.05421808,0.04598345,0.037849013,0.030517325,0.024688706,0.020908892,0.019511916,0.020664968,0.024368549,0.030359335,0.038103685,0.046891607,0.055931944,0.06442877,0.071648136,0.0769778,0.07997833,0.08042397,0.078333534,0.07399433,0.0679842,0.061193503,0.054822072,0.050238542,0.04850379,0.049691122,0.05278479,0.056354206,0.059180275,0.06045873,0.0597865,0.05711448,0.052727174,0.047267135,0.04180753,0.03788135,0.037074886,0.039928272,0.045447845,0.052054394,0.058430433,0.06367067,0.06719271,0.0686509,0.06788399,0.06488497,0.059785012,0.052853152,0.04452935,0.035552133,0.027366385,0.022971625,0.02566963
72,0.13437824,0.1387838,0.13954805,0.13659784,0.13004526,0.12017779,0.10744188,0.09241945,0.075797535,0.058332156,0.04080855,0.024002748,0.008693689,0.0052122897,0.015958227,0.024150867,0.029589416,0.032475624,0.03332651,0.03300209,0.03266171,0.03347207,0.036028408,0.04000764,0.044476923,0.048407163,0.05095817,0.051579617,0.050067242,0.046654686,0.042203657,0.038507387,0.038237076,0.043297663,0.053017624,0.06531323,0.07829044,0.09054378,0.10103507,0.10900032,0.1139134,0.11547866,0.11363593,0.10857444,0.10076183,0.09100387,0.08055529,0.071261495,0.06548634,0.065194674,0.07036545,0.07887294,0.08799103,0.09537771,0.09922595,0.098231226,0.09171514,0.0801829,0.0671677,0.06349176,0.08287739,0.12337546,0.17685877,0.23830827,0.30429298,0.37174237,0.43759218,0.4987558,0.5522179,0.59517884,0.625218,0.64045614,0.63970304,0.62257826,0.58960015,0.5422416,0.4829662,0.4152792,0.34387547,0.27504772,0.21747068,0.18205184,0.17535399,0.18966445,0.20979789,0.22474702,0.22898072,0.22045758,0.19930318,0.16713828,0.12672542,0.08193501,0.039690092,0.031079954,0.06214609,0.09122731,0.1104287,0.11788151,0.114199966,0.10358738,0.09696537,0.11086014,0.1503404,0.20652458,0.27048188,0.3360289,0.39861315,0.45475486,0.5019357,0.5386366,0.56439036,0.57978797,0.58639926,0.58657366,0.5830949,0.57869107,0.5754688,0.5744295,0.5752581,0.57648194,0.575923,0.57124764,0.56043786,0.5421007,0.515615,0.48114988,0.43959787,0.39245385,0.34166908,0.2895022,0.23839025,0.19086342,0.14951468,0.11694443,0.09527135,0.08458418,0.081647635,0.08173246,0.08140237,0.079135716,0.07472614,0.068672925,0.061783094,0.054917596,0.048821103,0.04402,0.040805046,0.039301205,0.03955487,0.041533932,0.045040738,0.049656577,0.054787707,0.059768796,0.06396202,0.06683042,0.067988575,0.067237444,0.064588435,0.06028163,0.05480373,0.0489072,0.043604583,0.040025968,0.03896604,0.040318415,0.04311532,0.04616309,0.04851655,0.049594846,0.049152542,0.047242295,0.044204604,0.040684715,0.037639618,0.036197044,0.037179444,0.040557012,0.045527607,0.05107652,0.056343142,0.060698096,0.0637141,0.065126754,0.06480553,0.06273408,0.058997795,0.053779498,0.04737002,0.040212072,0.033023383,0.027073383
73,0.117952675,0.1256761,0.12981753,0.13010901,0.12648523,0.119077265,0.108201705,0.09434302,0.07812871,0.060298577,0.041673016,0.02314961,0.0063568605,0.012043922,0.025770202,0.03708324,0.045457516,0.050761525,0.053115506,0.052884366,0.050675362,0.04731989,0.04380391,0.041076344,0.03969893,0.03953434,0.039821833,0.039601807,0.038116172,0.035049733,0.030768573,0.02680685,0.026323544,0.031926233,0.042489767,0.05549039,0.0690395,0.081797265,0.092726275,0.10100465,0.10601674,0.1073716,0.104931824,0.09885269,0.08964687,0.07831617,0.06662854,0.05754272,0.054916598,0.060592227,0.072172485,0.085810855,0.0985002,0.10812025,0.11310651,0.11231511,0.10509982,0.09171306,0.074672885,0.06310691,0.07470342,0.11239628,0.16550806,0.22734368,0.29401705,0.36236688,0.42934373,0.49190325,0.54706866,0.5920592,0.62444514,0.64230645,0.64438134,0.6301926,0.60014457,0.55559033,0.49887845,0.43340874,0.36376312,0.29602638,0.23832266,0.20049016,0.18897021,0.1984699,0.21555865,0.2290237,0.23263447,0.22379583,0.20228067,0.16953482,0.12835188,0.08307508,0.043144446,0.041721012,0.07367002,0.10356976,0.122968055,0.12907073,0.1213353,0.10218941,0.081493765,0.085289925,0.12851238,0.19414537,0.268976,0.34592324,0.4199934,0.48719767,0.54439723,0.5893715,0.6209177,0.6389181,0.6443449,0.6391813,0.62623477,0.60881674,0.5902705,0.57338125,0.5597964,0.5496744,0.54174554,0.5337735,0.52320546,0.5077618,0.48582548,0.45661995,0.42022616,0.37749898,0.32993245,0.27951226,0.22859357,0.17985888,0.13645004,0.10235296,0.082309365,0.07813123,0.08412647,0.09244854,0.09863982,0.101136476,0.09985825,0.09543718,0.08882912,0.08108361,0.07317992,0.065900184,0.059745736,0.054925356,0.05143415,0.04918787,0.048124284,0.048201155,0.04930635,0.051171206,0.05336607,0.05537568,0.056699146,0.05693144,0.05581548,0.053271007,0.049410276,0.044550333,0.039230425,0.03423026,0.030521668,0.028961552,0.029700706,0.03199965,0.034798235,0.037250906,0.03886141,0.03944579,0.039086,0.03810334,0.037031177,0.03653651,0.03723161,0.03941448,0.042938825,0.047333457,0.052022684,0.0564756,0.060262512,0.063062854,0.0646572,0.06491646,0.063792065,0.061308205,0.057557333,0.052701082,0.046981703,0.04075455
74,0.099097274,0.10970413,0.11697954,0.12040224,0.11969991,0.11483144,0.105975084,0.093514204,0.07801862,0.060225565,0.0410449,0.021784611,0.008676883,0.020568153,0.036507983,0.050412435,0.06134238,0.06888304,0.07289509,0.07348202,0.07097774,0.06593037,0.059077498,0.051309,0.04360258,0.03688858,0.031778697,0.02821928,0.025441496,0.022460004,0.01880316,0.015441951,0.01597068,0.022922168,0.034033008,0.046974234,0.060290392,0.07284485,0.08364004,0.09180371,0.096621856,0.097583115,0.09442554,0.08719025,0.076307274,0.06279941,0.048886348,0.039529223,0.041877933,0.055435065,0.07350554,0.09162246,0.107274026,0.118732005,0.124655694,0.1240182,0.11618678,0.10121077,0.080777,0.061928455,0.0645029,0.098893344,0.15148677,0.21330085,0.2800046,0.34841827,0.41557583,0.47854236,0.53444886,0.5806045,0.6146399,0.63465834,0.6393807,0.628272,0.6016429,0.5607243,0.50772053,0.44586626,0.3795323,0.3144504,0.25801092,0.21878152,0.20266001,0.20644394,0.2190944,0.22989658,0.23218718,0.22286515,0.20132849,0.1688052,0.12808819,0.08405103,0.04857759,0.052163534,0.08374027,0.113647275,0.13303405,0.1384102,0.1283811,0.10379944,0.07125101,0.0620382,0.109575704,0.18368158,0.26717052,0.35302544,0.4362266,0.51252866,0.5783798,0.631045,0.6687467,0.69077206,0.6975225,0.6904954,0.67218566,0.6458904,0.61538965,0.5844769,0.5563501,0.53297156,0.51463515,0.49998927,0.48655307,0.4714832,0.45226726,0.4271605,0.39535916,0.356987,0.31297967,0.26493073,0.21495539,0.16565189,0.12035762,0.08421821,0.06580689,0.06968665,0.08493513,0.100501955,0.11201696,0.11832154,0.1195625,0.116506316,0.110235214,0.10196,0.09286932,0.08398916,0.07605376,0.06941894,0.064070605,0.05975424,0.056173038,0.053152554,0.050698325,0.048935182,0.04796753,0.047738865,0.047977917,0.04825939,0.04812466,0.047190443,0.045214113,0.042121496,0.038014643,0.033177402,0.028097209,0.02351496,0.020430082,0.019719739,0.021310724,0.024204323,0.027396329,0.030291276,0.03265118,0.03449012,0.035999406,0.037480075,0.039259616,0.041594483,0.044590443,0.04817846,0.052150257,0.056221865,0.060091615,0.06347876,0.06614434,0.06790045,0.068613105,0.068202086,0.0666396,0.06394924,0.060206454,0.05554213
75,0.08127476,0.09329231,0.102796555,0.10878339,0.11066343,0.10816728,0.101303495,0.09033459,0.075759165,0.058306023,0.039000515,0.019866243,0.013030412,0.02880681,0.04690756,0.063144125,0.07640047,0.08606196,0.091799736,0.09354025,0.09145515,0.08594581,0.07761718,0.06724043,0.05570572,0.0439666,0.032974306,0.02358596,0.016389959,0.011383939,0.007894888,0.006250538,0.009637092,0.017490702,0.027880851,0.039746094,0.052132208,0.06404596,0.0744842,0.082494944,0.08724233,0.08806743,0.084541626,0.0765137,0.06416365,0.048128333,0.030129932,0.018117037,0.029925296,0.05217316,0.075241394,0.096451424,0.11411747,0.12683086,0.1333833,0.1328024,0.12444123,0.10817599,0.085012384,0.059796758,0.052266497,0.08329688,0.13560925,0.19712271,0.26323828,0.3308911,0.39728394,0.45966154,0.5153307,0.5617588,0.5967045,0.61835665,0.6254715,0.6174942,0.59466046,0.5580725,0.50975615,0.45271146,0.3909883,0.3298149,0.2756971,0.23586448,0.21549125,0.21306106,0.22019106,0.22731456,0.2276911,0.21781619,0.19671312,0.16535798,0.12650731,0.085528225,0.05567859,0.06163593,0.091217555,0.11989192,0.13856417,0.14322315,0.13189402,0.104376115,0.06414558,0.042018335,0.095972076,0.17673892,0.26612005,0.3580326,0.44767067,0.5306966,0.60330373,0.6623969,0.7057672,0.73222643,0.7416854,0.73516876,0.7147626,0.6834869,0.64507896,0.60366267,0.5632681,0.5272022,0.49737674,0.47386047,0.45494953,0.4377989,0.41930768,0.39686817,0.36878726,0.33440638,0.29403114,0.24877332,0.20038198,0.15115052,0.104135394,0.064764306,0.046907354,0.060346324,0.08407095,0.10529946,0.12081883,0.13001932,0.1332511,0.13137752,0.12557387,0.11718245,0.10757343,0.09799086,0.08938059,0.0822339,0.07652843,0.071839854,0.06759157,0.06331213,0.058794364,0.054138653,0.049706746,0.045999493,0.04345541,0.042216893,0.04201269,0.04226827,0.042343475,0.041718625,0.040071327,0.037282616,0.033418294,0.028714377,0.02359318,0.018756228,0.015377516,0.014879819,0.017382622,0.02151369,0.026113115,0.03062736,0.034857437,0.038786992,0.042493332,0.046089936,0.049681887,0.053332694,0.057045612,0.060760923,0.06436614,0.06771357,0.07063952,0.07298139,0.07459125,0.0753456,0.07515214,0.07395431,0.07173449,0.06851666
76,0.070626885,0.08045505,0.0900081,0.09720283,0.10080923,0.10016197,0.095008835,0.08543633,0.07183248,0.05488444,0.03571412,0.017330395,0.017312022,0.03613567,0.056242697,0.074561894,0.08992062,0.101567954,0.10903157,0.11210332,0.110838085,0.105544925,0.0967656,0.08523972,0.0718579,0.057605382,0.043500323,0.030533371,0.019624565,0.011646104,0.0075329114,0.007483094,0.010245812,0.015596353,0.02357509,0.033630054,0.044859197,0.056211557,0.06658812,0.0749188,0.08023461,0.081734695,0.07884467,0.07126281,0.058993254,0.04237475,0.022201262,0.00603162,0.027832167,0.053292487,0.07800549,0.10035555,0.11885204,0.13211226,0.13891593,0.13826899,0.12947822,0.11226942,0.08710732,0.05675903,0.038049296,0.06651159,0.11927186,0.18028519,0.24521063,0.31129372,0.3759958,0.43680462,0.49126184,0.5370538,0.57212776,0.594816,0.6039592,0.5990185,0.58017105,0.5483836,0.5054672,0.45411795,0.3979601,0.34159237,0.29054964,0.25076655,0.22666192,0.21798696,0.21895157,0.22164346,0.21966207,0.20926593,0.18913266,0.15995675,0.12438857,0.08803063,0.06372335,0.06946861,0.0952157,0.121123195,0.1380395,0.1415593,0.12931,0.100441016,0.05635933,0.0261502,0.08995099,0.17451724,0.26674718,0.36173856,0.4549647,0.54210216,0.6192191,0.68299586,0.73092204,0.7614494,0.7740898,0.76945245,0.7492182,0.71604943,0.67343086,0.6254273,0.57632893,0.5301467,0.48995945,0.45724356,0.4314971,0.4104657,0.39094117,0.36972597,0.34434807,0.31338805,0.27650294,0.23428434,0.1880567,0.13969402,0.09159848,0.04777236,0.026838494,0.05141239,0.08165069,0.10667718,0.12489857,0.13614945,0.14090218,0.14006983,0.13488948,0.1268091,0.11735343,0.10794944,0.09970299,0.09317139,0.08825527,0.08432597,0.080542855,0.076177046,0.07080844,0.06439285,0.05725779,0.050075047,0.043807033,0.039521463,0.037906073,0.038712792,0.040865943,0.043143578,0.044628493,0.044777554,0.043352395,0.04034574,0.035932876,0.03045635,0.024472767,0.018953811,0.015703794,0.016707212,0.021343747,0.027552461,0.03410956,0.0404799,0.04643781,0.051904578,0.056878407,0.061395813,0.06550496,0.06924602,0.072637565,0.07566956,0.07830225,0.08047036,0.08209076,0.083071895,0.083323635,0.08276641,0.081339136,0.07900573
77,0.07364617,0.076334,0.082248025,0.088225566,0.092003495,0.092219606,0.08817805,0.07967829,0.06692126,0.05048402,0.03149794,0.014124467,0.020855376,0.04215271,0.06399719,0.08410477,0.10130601,0.11475909,0.123881884,0.12835807,0.12814695,0.123482816,0.114860006,0.10300347,0.088826425,0.07337829,0.05778835,0.04321248,0.030787786,0.021554777,0.016105564,0.013827434,0.013458544,0.015209471,0.020317381,0.028749213,0.03937379,0.050878968,0.061993048,0.07151799,0.07837566,0.08167234,0.08077087,0.075371,0.06562457,0.052406054,0.0382858,0.030837607,0.039850827,0.05958437,0.08197817,0.10330957,0.12135028,0.1343918,0.14104234,0.14020708,0.13111581,0.11337137,0.087057576,0.053271573,0.022168476,0.050689936,0.10479647,0.16494408,0.2280036,0.2917034,0.3538176,0.41211367,0.46440744,0.5086496,0.5430252,0.56605947,0.5767216,0.574522,0.55959594,0.53277004,0.49560988,0.4504495,0.40040633,0.3493699,0.301892,0.26273143,0.23559761,0.22111887,0.21578975,0.2136425,0.20904157,0.19823794,0.17962569,0.15358287,0.12250989,0.09171487,0.07191436,0.075256795,0.09527765,0.11670033,0.13060087,0.13228022,0.11907997,0.089742675,0.044444952,0.020035282,0.09278608,0.17772046,0.26983652,0.36502466,0.45901713,0.54758537,0.626786,0.6931975,0.7441268,0.7777735,0.7933417,0.791094,0.77234596,0.7394007,0.69542325,0.6442503,0.59011614,0.53726166,0.48938793,0.44898152,0.41670436,0.39121124,0.36964038,0.34857973,0.32500812,0.29686257,0.2632068,0.22414207,0.18059948,0.13409823,0.086515926,0.039951384,0.0072386926,0.044363014,0.07790971,0.1048062,0.124519266,0.13706008,0.14291817,0.14301,0.13860866,0.13124691,0.12257738,0.11416391,0.107193336,0.102180734,0.09885132,0.096334085,0.09356039,0.08962502,0.083981335,0.07649653,0.06744356,0.057495806,0.0477748,0.039938793,0.035943717,0.03668658,0.040812396,0.046040047,0.050661236,0.05370283,0.05468884,0.053465445,0.050107177,0.04487085,0.038189046,0.030735059,0.023678347,0.019279141,0.020310754,0.026203563,0.034208033,0.042658713,0.050806645,0.0583005,0.064976804,0.07077826,0.07571391,0.079833575,0.08320796,0.08591215,0.08801218,0.08955523,0.090564094,0.09103589,0.09094473,0.09024764,0.08889237,0.08682623
78,0.08938686,0.083345115,0.08250381,0.08439941,0.08624729,0.08590918,0.08206825,0.07409319,0.061890874,0.04582833,0.026874626,0.010245843,0.02341873,0.046595816,0.06981149,0.091357745,0.1100942,0.12511979,0.13576838,0.1416344,0.1425932,0.13880798,0.13072088,0.11902789,0.10463893,0.08862536,0.07215782,0.056435335,0.042595964,0.031565435,0.0237542,0.018710213,0.015537988,0.014601316,0.018031193,0.02621025,0.037450176,0.05010324,0.06278103,0.074226126,0.08330959,0.089092135,0.090909414,0.08847501,0.08202254,0.072557025,0.062365767,0.05573936,0.05786157,0.069615014,0.086869955,0.105232224,0.12157279,0.13364473,0.13975438,0.13863657,0.12942287,0.111639306,0.0852075,0.05044279,0.008243642,0.041245196,0.095686376,0.15395097,0.21426815,0.27474648,0.33342332,0.38833004,0.437563,0.47935888,0.51217353,0.5347628,0.5462624,0.54626346,0.5348792,0.51279914,0.4813266,0.44239858,0.39858195,0.35303396,0.30937603,0.27134928,0.24203226,0.22259688,0.21137013,0.20436864,0.19707952,0.18601897,0.1693926,0.1472128,0.12140011,0.09631775,0.07964802,0.079076804,0.09167145,0.10680963,0.11629229,0.115251966,0.1008205,0.07150504,0.027041165,0.03245159,0.10433616,0.18664522,0.27606767,0.36885563,0.46098667,0.5484008,0.6272445,0.6941029,0.7462075,0.78160465,0.7992773,0.7992129,0.78241444,0.7508556,0.7073802,0.65554416,0.5993923,0.5431421,0.49073383,0.44522586,0.40812543,0.3789525,0.35540292,0.33415675,0.31191066,0.28614527,0.25545448,0.21953909,0.17902851,0.1352491,0.09002203,0.045741655,0.013206913,0.04051441,0.073190466,0.10013022,0.12027034,0.13344426,0.1400484,0.14096203,0.1374759,0.13119185,0.12386224,0.1171281,0.112154014,0.1092888,0.10799763,0.10716452,0.10555616,0.10217803,0.096439555,0.08818776,0.077689886,0.06562889,0.05318225,0.042279884,0.03584854,0.036286354,0.04220301,0.050072763,0.057388734,0.06283698,0.06577975,0.06597054,0.063427694,0.058376137,0.051226895,0.0426058,0.03350556,0.025771922,0.02276995,0.026784379,0.035318412,0.045353513,0.055394758,0.06474868,0.0730676,0.08018298,0.086038716,0.090657145,0.094116,0.09652947,0.0980309,0.098756805,0.098832496,0.09836037,0.09741166,0.09602253,0.09419482,0.091901086
79,0.11110416,0.098271474,0.09049495,0.08675963,0.0848925,0.08253362,0.077850536,0.06972795,0.057695918,0.041818984,0.022699608,0.0058015543,0.024964564,0.049338046,0.07347779,0.096060775,0.11597825,0.13229065,0.14426789,0.15143019,0.15357696,0.15080008,0.14347994,0.13226365,0.11802614,0.10181565,0.08478435,0.06810319,0.05285372,0.039879195,0.029586812,0.021821309,0.016295705,0.014234189,0.01840179,0.028048296,0.04080396,0.05505679,0.06950586,0.08292987,0.094194405,0.1023285,0.10662087,0.10672565,0.10278517,0.09559395,0.08683455,0.07931395,0.07662152,0.081173494,0.09206705,0.10602405,0.11959851,0.13003603,0.13527739,0.13384107,0.12475863,0.107561216,0.08233131,0.050105486,0.019727899,0.045916703,0.09573544,0.15034238,0.20688623,0.26335442,0.31787315,0.36866128,0.41406274,0.45259333,0.48299113,0.5042666,0.5157528,0.51715297,0.5085848,0.4906177,0.46429893,0.43116578,0.39323616,0.35296625,0.31314534,0.2766641,0.24605557,0.22277234,0.20647803,0.19498208,0.1851063,0.17390452,0.15951759,0.14153881,0.12115683,0.10132063,0.08670384,0.08174897,0.08590542,0.09309501,0.09669266,0.091973096,0.0760203,0.04764566,0.015675532,0.056611948,0.12370871,0.20135075,0.28604108,0.37425664,0.46224135,0.5461696,0.6223612,0.68749946,0.7388317,0.7743392,0.7928646,0.7941913,0.7790696,0.7491902,0.7071045,0.65609336,0.59997743,0.5428493,0.48868966,0.44082713,0.4012754,0.37017283,0.34571412,0.32477933,0.30396512,0.28047708,0.25258964,0.21972056,0.18229455,0.14154829,0.099423796,0.05904371,0.030175194,0.040201735,0.06791159,0.09330604,0.1129951,0.12626334,0.13331126,0.13495025,0.132479,0.12755771,0.12200595,0.117466785,0.11496435,0.114569195,0.11544675,0.11627791,0.1157442,0.112839885,0.10699469,0.09808767,0.08642584,0.07274344,0.05829893,0.04522608,0.03712271,0.037562996,0.04506335,0.05501934,0.064348444,0.07152269,0.07580446,0.07689026,0.074767984,0.06965387,0.061967432,0.052348938,0.04177841,0.0319871,0.026341295,0.02857963,0.03726017,0.04847111,0.060002457,0.07083813,0.080468364,0.08862981,0.09520868,0.10019682,0.10366567,0.1057464,0.1066121,0.10646044,0.10549632,0.10391484,0.10188516,0.09953684,0.09695018,0.09415231
80,0.1332972,0.11597378,0.10288365,0.09390188,0.087765574,0.08250889,0.07618275,0.0673361,0.055147238,0.039368507,0.020221908,0.0018337722,0.02561111,0.050388277,0.07494049,0.09811561,0.11881999,0.13608718,0.14913872,0.15743345,0.16070214,0.1589657,0.1525352,0.14199297,0.12815547,0.11201804,0.094683014,0.077270955,0.060814723,0.046139132,0.033757456,0.023934964,0.01740523,0.016808884,0.023566306,0.035077997,0.049261644,0.06484555,0.08068378,0.095616065,0.10851527,0.11838118,0.12444386,0.1262675,0.12385594,0.11776788,0.10924968,0.1003551,0.093846485,0.092370465,0.09683192,0.10560107,0.11563988,0.12393403,0.12808503,0.12638651,0.11779992,0.10199762,0.07966836,0.054156955,0.040618513,0.06335342,0.10634115,0.1560467,0.20812815,0.26013014,0.3101054,0.35636586,0.3974443,0.4321027,0.45934957,0.47845703,0.488977,0.49075666,0.4839548,0.46905738,0.44689098,0.41862983,0.3857903,0.35020387,0.31395155,0.2792305,0.24810706,0.22212231,0.20181765,0.18644519,0.17418268,0.1628372,0.15063296,0.13673264,0.12144922,0.10623529,0.09338209,0.08504184,0.08147124,0.08009494,0.07682707,0.06801573,0.051817037,0.0326834,0.042378996,0.08830059,0.14999032,0.22173657,0.30024493,0.38224515,0.46427506,0.54278785,0.6143345,0.6757631,0.72440916,0.7582631,0.77610093,0.7775726,0.7632412,0.7345729,0.6938775,0.6441995,0.5891555,0.5327009,0.47878698,0.430859,0.3911969,0.3602827,0.33659345,0.31711993,0.2983939,0.2774551,0.25238812,0.22244345,0.18792425,0.15000975,0.110672966,0.07309568,0.04460005,0.042362247,0.06251467,0.085137196,0.10371348,0.11666238,0.123905726,0.12617025,0.12476255,0.121393494,0.11791046,0.11586923,0.116037026,0.118133344,0.12103949,0.12330568,0.123605624,0.120983586,0.114936106,0.10541295,0.09279817,0.07792101,0.062181074,0.047977876,0.039439093,0.040581767,0.04942669,0.060771447,0.07131088,0.07942771,0.084334865,0.08570233,0.083511166,0.077989094,0.0695838,0.05897791,0.047203656,0.03605131,0.029044332,0.030589266,0.03967198,0.051830802,0.06441938,0.076229185,0.08665708,0.09538763,0.10227763,0.107305735,0.11054422,0.11213859,0.112290025,0.11123859,0.109245986,0.10657744,0.10348231,0.10017432,0.096812926,0.093488865
81,0.1526338,0.13256612,0.115940236,0.10303167,0.09321616,0.085072644,0.07685905,0.06703736,0.054572854,0.039010584,0.020524276,0.005314966,0.025607865,0.04988622,0.074291624,0.09758457,0.11865263,0.13650614,0.15033014,0.15953371,0.16378716,0.16304336,0.1575412,0.14779004,0.1345354,0.11870641,0.101346985,0.08353357,0.066286676,0.05049677,0.0369348,0.02656664,0.021462983,0.024092048,0.03315474,0.04596928,0.061060566,0.07742176,0.094034776,0.109803535,0.123621315,0.13447265,0.14154011,0.1443066,0.14265113,0.13694045,0.12811944,0.11778841,0.10818548,0.10182061,0.10045766,0.103913784,0.11003542,0.11590123,0.11889233,0.11711939,0.109546885,0.09618331,0.07878353,0.063262805,0.0632269,0.08685497,0.12541345,0.17075503,0.21865174,0.26644185,0.31210133,0.35398316,0.39074987,0.42135796,0.44505003,0.4613437,0.47001544,0.47108284,0.46478948,0.451595,0.4321723,0.40740922,0.37841102,0.34649563,0.31317154,0.28008235,0.24889587,0.22111073,0.1977732,0.17917304,0.16469821,0.15303239,0.14265805,0.1323963,0.1217371,0.11088735,0.10055335,0.09147626,0.08382938,0.076844856,0.06914885,0.06007021,0.05254629,0.057063784,0.082749195,0.12620792,0.18225352,0.24746966,0.31894895,0.39370257,0.4685632,0.54027164,0.6056331,0.6616966,0.70593464,0.736404,0.75187856,0.7519429,0.7370428,0.70848954,0.66841847,0.6197012,0.56580824,0.51060313,0.45802587,0.411601,0.3737469,0.34506005,0.32402316,0.30751485,0.29190597,0.27409458,0.25206617,0.2250076,0.19318223,0.15774328,0.12062601,0.08478795,0.055788275,0.045344755,0.057397366,0.07650094,0.0935384,0.10587739,0.11311382,0.11589119,0.115533486,0.11379503,0.11250201,0.11302696,0.115787804,0.12013632,0.12473058,0.1280707,0.12888531,0.12631191,0.11994718,0.109842636,0.09649432,0.08087469,0.06460254,0.050445113,0.042900115,0.045467593,0.05532776,0.06729933,0.07819587,0.086420104,0.09118192,0.09215551,0.08933997,0.08299546,0.073616184,0.061947938,0.049117833,0.037105534,0.029874437,0.032150634,0.04224447,0.05524087,0.06844348,0.080644876,0.09124491,0.09993441,0.10658117,0.11117971,0.11382258,0.1146798,0.1139816,0.112002544,0.10904568,0.10542552,0.10144878,0.09739211,0.09347758,0.08984908
82,0.16705105,0.14556053,0.12688382,0.111470856,0.09906728,0.08868749,0.07889274,0.06823545,0.055625428,0.040540103,0.02337524,0.010684917,0.02529863,0.04808988,0.07175879,0.0946799,0.11567205,0.13371903,0.14797811,0.15781978,0.1628636,0.16300105,0.15840192,0.14950281,0.13697727,0.12168956,0.10463472,0.08687244,0.069470935,0.053502582,0.04019726,0.031395044,0.029542621,0.03503705,0.045498885,0.05894713,0.074322924,0.09080387,0.10748759,0.123355106,0.1373417,0.14844038,0.15580966,0.1588748,0.15741864,0.1516616,0.14233206,0.13072339,0.118703544,0.10854972,0.10235242,0.1009475,0.103214085,0.106653824,0.10861717,0.107130304,0.101278655,0.09161173,0.08108981,0.07656631,0.08661912,0.1127218,0.149644,0.19232085,0.23724781,0.28186214,0.32414606,0.36248213,0.39561105,0.4226175,0.44291452,0.45621604,0.462498,0.46195272,0.45494363,0.4419684,0.42363515,0.4006547,0.37384674,0.34415418,0.31265676,0.28057295,0.24923544,0.22002167,0.19421513,0.17278205,0.15610078,0.14378543,0.13478605,0.12777995,0.12162417,0.11561938,0.10951727,0.103354216,0.09725709,0.09140542,0.08635168,0.08380209,0.08737859,0.10162995,0.12900126,0.16889036,0.21928869,0.27785218,0.34206492,0.40920374,0.47635853,0.54052514,0.5987462,0.6482741,0.6867385,0.7122999,0.7237809,0.7207628,0.70364344,0.6736538,0.6328319,0.5839572,0.53043896,0.47614005,0.42508206,0.3809367,0.34624243,0.32153723,0.3049961,0.29306716,0.2817735,0.26784053,0.24922004,0.22513235,0.19588889,0.16267471,0.12740323,0.09281907,0.06341039,0.047827955,0.052859813,0.0682752,0.083589464,0.09513787,0.10219857,0.105355114,0.10596573,0.10581715,0.10665605,0.10958334,0.114620276,0.12079007,0.12661129,0.13060479,0.13159832,0.12885167,0.122087374,0.111488,0.097700775,0.08190128,0.06601969,0.05324753,0.048022565,0.05238516,0.062793,0.074616805,0.085019924,0.09251204,0.096344374,0.09622625,0.09219955,0.08457683,0.07391503,0.0610403,0.04721577,0.03477604,0.028569842,0.033164926,0.044870026,0.058565907,0.07190967,0.08387979,0.093972854,0.1019455,0.10772045,0.111342214,0.11294957,0.11275494,0.11102711,0.10807613,0.10423907,0.099865176,0.09529824,0.090854056,0.08679215,0.08328443
83,0.17526266,0.15341286,0.13390076,0.11725228,0.10342117,0.09171845,0.08097715,0.06990645,0.057460766,0.043134186,0.027489308,0.01598706,0.025052264,0.045354918,0.067685746,0.08974444,0.110217795,0.12805367,0.1423879,0.15256351,0.15816107,0.15902148,0.15525496,0.147234,0.13557027,0.121078,0.104729146,0.087612905,0.070926026,0.0560471,0.044746555,0.03922179,0.040757522,0.048119847,0.059173834,0.07256175,0.087517895,0.10338184,0.119376086,0.13458,0.14799674,0.15865448,0.16571371,0.16856782,0.1669315,0.1609149,0.151084,0.13850676,0.12477133,0.111912854,0.10207487,0.096707836,0.09562957,0.096979484,0.09829194,0.09765174,0.09439625,0.08968761,0.0871768,0.09260604,0.11016034,0.13920136,0.17632884,0.21807905,0.26158175,0.3044725,0.34478807,0.38093135,0.41167086,0.43614423,0.4538481,0.46460906,0.4685356,0.4659566,0.4573555,0.44330966,0.42444524,0.40141368,0.37489206,0.34560415,0.31435475,0.28206685,0.24981163,0.21881862,0.19044845,0.16609246,0.14694321,0.13361621,0.12578951,0.1222173,0.1212318,0.12134995,0.12159655,0.121532604,0.121176444,0.12098142,0.121943936,0.12577908,0.134892,0.15180431,0.17820299,0.2143936,0.25947192,0.3117482,0.3690452,0.42885777,0.48846576,0.54505336,0.5958483,0.63827556,0.67011327,0.68963975,0.6957588,0.6880962,0.6670611,0.6338702,0.5905367,0.53982675,0.48518196,0.43058875,0.3803205,0.33839783,0.30760795,0.28831437,0.27799222,0.27222213,0.2664326,0.2571389,0.24233285,0.22137085,0.19470587,0.16362773,0.13008675,0.09671387,0.06740321,0.04907886,0.049109068,0.061277475,0.07490836,0.08556909,0.0923032,0.09567995,0.09711038,0.098393776,0.10113453,0.10609955,0.11292166,0.12037378,0.12691893,0.13115185,0.13202836,0.12895164,0.121794015,0.11090209,0.09712323,0.081907906,0.06756715,0.05756092,0.055472527,0.061465047,0.07182728,0.08275682,0.09186661,0.0978341,0.09999178,0.09811271,0.092302755,0.08294159,0.07065723,0.05636276,0.041498262,0.02905815,0.02563838,0.03413174,0.047675807,0.061759192,0.074711785,0.085811645,0.09471572,0.10129305,0.105559744,0.10764307,0.10775546,0.106173225,0.103218615,0.09924489,0.094623454,0.089731246,0.08493505,0.08056848,0.07689936,0.07409027
84,0.17657714,0.15525644,0.1359232,0.11912966,0.10494333,0.092864014,0.081929214,0.07100255,0.05912111,0.045820016,0.031679776,0.020863831,0.025157832,0.042104915,0.06250726,0.083225586,0.10274583,0.11996612,0.1340055,0.14419109,0.15007874,0.15147413,0.14844388,0.14131397,0.13065523,0.117260024,0.10211823,0.08640918,0.07153593,0.05921162,0.051428173,0.04971931,0.053858314,0.062156048,0.07304614,0.08563475,0.0994015,0.11385735,0.12837397,0.1421574,0.15430689,0.16391173,0.17015773,0.17242788,0.17039004,0.1640687,0.15390067,0.14077568,0.12605801,0.11155861,0.09934821,0.09120059,0.087670155,0.08760463,0.08889988,0.0898414,0.09008032,0.09117444,0.0965486,0.110005565,0.13324727,0.16524047,0.2035943,0.24570478,0.2891394,0.33171517,0.37152672,0.40697977,0.4368254,0.4601829,0.47654247,0.4857437,0.48793107,0.48349065,0.4729772,0.45704138,0.43636876,0.41163972,0.3835156,0.3526522,0.3197355,0.28553247,0.25094965,0.21709608,0.18534897,0.15740667,0.13524076,0.1207009,0.1145632,0.115683466,0.12149598,0.12940194,0.1376,0.14516374,0.15186824,0.15805897,0.16461778,0.17296572,0.18497103,0.20262697,0.22752208,0.26036334,0.30081207,0.34761956,0.39887404,0.4522256,0.5050667,0.5546888,0.59843415,0.6338477,0.65882677,0.6717591,0.67164135,0.65817004,0.6318012,0.5937772,0.54612625,0.49164233,0.433856,0.37698737,0.325798,0.28506866,0.25825825,0.24554047,0.24308495,0.24494386,0.24567291,0.24160497,0.23089918,0.213171,0.1891094,0.16017988,0.12843342,0.09649072,0.06797573,0.04891649,0.046356406,0.056226242,0.06837819,0.07809851,0.08435844,0.08777326,0.0898178,0.09227164,0.09653985,0.10303488,0.111059144,0.11922919,0.12602307,0.1301464,0.13070369,0.12726147,0.11986932,0.10907817,0.09599113,0.082386,0.070879854,0.06466099,0.065706834,0.07272569,0.082394764,0.09175284,0.09886717,0.102619216,0.10245582,0.09823749,0.09014868,0.07864036,0.06440203,0.048406437,0.032272723,0.020385014,0.022819255,0.03602878,0.05095383,0.06485533,0.07681027,0.086407475,0.09348389,0.09804516,0.10022631,0.10026261,0.098463975,0.09519195,0.09084009,0.085818276,0.08054042,0.075413026,0.07081904,0.06709001,0.06446309,0.06303209
85,0.1708351,0.1507865,0.13248302,0.11647219,0.102874294,0.09129769,0.08091619,0.07071717,0.059823126,0.047809772,0.035189286,0.025046177,0.025723532,0.038789183,0.056719694,0.07564548,0.09379652,0.11000623,0.123380974,0.13324472,0.13914602,0.1408757,0.13848014,0.13226576,0.12279536,0.110881016,0.09758299,0.0842256,0.07242034,0.0639808,0.060424607,0.06206621,0.06782324,0.0762114,0.08618168,0.09719481,0.10896239,0.121192895,0.13344371,0.14508398,0.15533985,0.1633853,0.16844848,0.1699143,0.16741398,0.16089718,0.15068682,0.13751803,0.1225633,0.107431285,0.09407403,0.08441953,0.07956328,0.07902012,0.081129685,0.08444198,0.08883247,0.09582867,0.10802559,0.1276437,0.1553092,0.19007857,0.23015054,0.27342245,0.31775895,0.3611205,0.4016481,0.43773326,0.4680752,0.49171996,0.5080766,0.5169083,0.51829827,0.51259613,0.50035,0.48223433,0.4589839,0.4313427,0.40003547,0.3657647,0.3292328,0.29118612,0.25247967,0.21416919,0.17765673,0.14493707,0.11893527,0.10340767,0.10085937,0.10943205,0.12423484,0.14106289,0.15748504,0.1723762,0.1854385,0.19696674,0.20777,0.21914355,0.23278376,0.25055036,0.2740611,0.30425182,0.3411071,0.38365656,0.43016016,0.47835192,0.525666,0.5694306,0.607039,0.63610667,0.6546169,0.66105056,0.6544946,0.63472307,0.60224766,0.55833834,0.50502306,0.44508162,0.38206726,0.3203934,0.26547128,0.22353159,0.19986565,0.19478783,0.20195125,0.21273428,0.22061382,0.22196272,0.21533778,0.20076174,0.17924583,0.15248561,0.122682415,0.092534564,0.065639086,0.047693033,0.04497711,0.05371565,0.06464521,0.07337399,0.079007775,0.0822649,0.08467739,0.08796148,0.09328475,0.100731425,0.109363034,0.1177299,0.124379754,0.12815683,0.12833428,0.12466587,0.117411375,0.107367374,0.09592336,0.08512101,0.07751042,0.07528494,0.07875884,0.08602563,0.09439441,0.10161838,0.10617929,0.10718175,0.1042137,0.097243056,0.08654217,0.07262816,0.0562196,0.03824788,0.020261277,0.010594852,0.023430737,0.039873753,0.05501155,0.067929894,0.07822458,0.085721135,0.09041821,0.0924595,0.0921085,0.089722164,0.08572413,0.08057943,0.07477266,0.06879077,0.06310929,0.05817646,0.054384474,0.052018564,0.051193584,0.051816486
86,0.15838435,0.14021187,0.12364019,0.109189,0.09698515,0.08668116,0.07752516,0.06859103,0.05907769,0.048601333,0.03758861,0.028324436,0.026650172,0.03582295,0.05084766,0.06757043,0.08396162,0.098780915,0.11112786,0.12033861,0.12597606,0.12784307,0.12599792,0.12076594,0.11274776,0.10282767,0.09218303,0.08227422,0.07472568,0.07092706,0.071384735,0.0754518,0.08188048,0.089565866,0.09785752,0.106500685,0.11544065,0.12462058,0.13383412,0.1426626,0.15049613,0.1566145,0.16029501,0.16092183,0.15808201,0.15164237,0.14180687,0.12915783,0.11468635,0.09981307,0.08636483,0.07635671,0.07130906,0.07131868,0.075125895,0.08147026,0.090243,0.102613926,0.12032001,0.14465088,0.17584433,0.2131338,0.25509313,0.29994687,0.34577587,0.39065546,0.4327615,0.47045836,0.50236976,0.5274306,0.5449159,0.5544457,0.55596656,0.54971206,0.53614885,0.5159141,0.4897537,0.45846817,0.4228739,0.38378313,0.3420055,0.29837164,0.25378323,0.20930749,0.16637655,0.12726964,0.09626962,0.08092627,0.08650418,0.106547125,0.13172494,0.15704979,0.18039915,0.2009551,0.21859865,0.23372003,0.24717861,0.26029095,0.2747565,0.2924451,0.3150291,0.34355837,0.37815788,0.41796887,0.4613043,0.5059023,0.54918206,0.58846533,0.6211638,0.64494103,0.65785384,0.65847313,0.64597964,0.6202306,0.58179414,0.531953,0.47268423,0.40663657,0.33714956,0.2684243,0.2060748,0.15824804,0.1350826,0.13907842,0.15810491,0.1786989,0.19360507,0.19987383,0.19680408,0.18496896,0.1657557,0.14111376,0.11342458,0.0855449,0.061270323,0.046331827,0.045588553,0.054160737,0.06404781,0.071709864,0.076565064,0.07946798,0.08198021,0.08570795,0.091571875,0.09939169,0.10808718,0.116219744,0.12245001,0.12578677,0.1256956,0.12214542,0.11563566,0.10721964,0.09850313,0.09150599,0.08814775,0.089313075,0.094248004,0.101048775,0.10763395,0.112319864,0.11395536,0.11187966,0.10584729,0.09595737,0.08258905,0.06633956,0.047962822,0.028310185,0.008301301,0.011412999,0.029714772,0.046097897,0.060000382,0.07104092,0.07901285,0.08388218,0.08577726,0.084970675,0.08185548,0.076918006,0.07071002,0.063823074,0.05686643,0.050446436,0.045136217,0.041413803,0.039558835,0.03956337,0.041158,0.04395219
87,0.14007002,0.12423935,0.10996008,0.097702764,0.087557636,0.07916166,0.07178074,0.06454251,0.056717984,0.047975454,0.038681112,0.030562464,0.027701775,0.033510603,0.045403246,0.05958172,0.073855035,0.08692081,0.09788426,0.10611433,0.11121677,0.11304289,0.11170759,0.10760839,0.1014426,0.09421521,0.08720901,0.08184115,0.07930801,0.08009382,0.08375369,0.08924855,0.09550076,0.10174615,0.10762327,0.11311079,0.11839285,0.1236924,0.12911008,0.13451385,0.13951293,0.14351562,0.14584045,0.14584234,0.14302655,0.13713881,0.128231,0.11670774,0.10336491,0.0894332,0.07662266,0.06705126,0.06267985,0.064142376,0.07041881,0.08022725,0.09326977,0.11027812,0.13237901,0.16039579,0.19445953,0.23397924,0.2777995,0.32438868,0.37200055,0.41880655,0.4630074,0.5029288,0.5371013,0.56432253,0.5836987,0.5946645,0.5969814,0.5907164,0.57620496,0.5540027,0.52483326,0.48953626,0.44902295,0.40424192,0.35615882,0.30575222,0.25403163,0.20209748,0.1513205,0.10397677,0.0660218,0.05493218,0.07760015,0.11151732,0.14573124,0.17721377,0.20495874,0.22868998,0.24858275,0.2652238,0.27963287,0.2932681,0.3079465,0.32561785,0.34798798,0.3760949,0.41001388,0.44880968,0.49070746,0.5333653,0.574148,0.61036056,0.6394398,0.6591141,0.66753644,0.66339386,0.64598876,0.61528957,0.5719461,0.5172703,0.4531847,0.38214964,0.3070951,0.23143397,0.15943997,0.0983692,0.06729299,0.08409386,0.117980376,0.14775924,0.1680559,0.17767952,0.17694311,0.16700147,0.14959404,0.12690423,0.10151047,0.07653251,0.05621366,0.04626911,0.04884889,0.057688642,0.06657589,0.07307892,0.07701412,0.07937359,0.08170848,0.085478745,0.09137859,0.09904583,0.10735079,0.1149293,0.12059244,0.12354102,0.1234591,0.120552614,0.115559325,0.10971614,0.10461554,0.10183539,0.10233279,0.10594974,0.11149564,0.117311105,0.1218082,0.12374453,0.12229774,0.11705288,0.107961945,0.09529631,0.079600655,0.061662916,0.042563945,0.024242627,0.014532351,0.02483748,0.040224545,0.054324117,0.06580813,0.07417352,0.079245225,0.08107799,0.07991776,0.07617342,0.07039038,0.06322665,0.055433787,0.047842067,0.04132951,0.03670914,0.034457058,0.034429915,0.03597453,0.038386513,0.04122804,0.044356678
88,0.11725606,0.104104824,0.09255384,0.08299654,0.07543245,0.06941622,0.06418076,0.058891788,0.052907377,0.04597864,0.038459796,0.03171283,0.028615154,0.0319749,0.04083042,0.052245624,0.06409041,0.07505582,0.08428158,0.091201186,0.09550436,0.09714349,0.09635486,0.09368057,0.089974485,0.08635408,0.0840293,0.08396169,0.08647738,0.09113994,0.097009294,0.10304679,0.10840719,0.11257032,0.11537076,0.11697046,0.11778541,0.11836155,0.11920395,0.120595284,0.12247123,0.12441105,0.12574396,0.12571567,0.12365197,0.11908484,0.11183712,0.102077074,0.09036355,0.07771215,0.06572083,0.05670348,0.053301774,0.05681126,0.06616405,0.0797079,0.096805535,0.11781672,0.1435038,0.17448367,0.21090348,0.2523459,0.29788193,0.3461853,0.3956584,0.44455323,0.49108216,0.53351796,0.57028097,0.60001206,0.6216273,0.6343541,0.6377479,0.6316895,0.6163662,0.59223914,0.5600012,0.52053,0.4748396,0.42403516,0.36927244,0.31172508,0.252561,0.19293466,0.13402063,0.07726991,0.027816024,0.039105155,0.0844417,0.12772483,0.16664247,0.20063451,0.22954962,0.25353584,0.27306625,0.28899583,0.30261165,0.3156305,0.33008224,0.3480285,0.37114087,0.40027717,0.43524176,0.47481656,0.5169938,0.5592777,0.5989618,0.63335466,0.6599592,0.6766181,0.68163353,0.67386174,0.6527798,0.61852115,0.5718755,0.5142536,0.44761568,0.37436798,0.29723305,0.2191009,0.14287049,0.0712912,0.0068172393,0.04853872,0.09327116,0.12649097,0.14793709,0.15797801,0.15757476,0.1482182,0.1318566,0.11084573,0.08799515,0.066868104,0.05232736,0.048971195,0.055022854,0.06404928,0.071884885,0.07714696,0.08004113,0.08167518,0.08355354,0.08697578,0.09245234,0.09952227,0.107083395,0.11389706,0.11895857,0.12168751,0.12200549,0.12035107,0.11763541,0.11509896,0.11401137,0.11523176,0.11883232,0.12405752,0.12963472,0.13417992,0.13648711,0.13566986,0.1312072,0.12294262,0.111063346,0.09607692,0.078808255,0.060481507,0.043118805,0.030933999,0.030545698,0.040311817,0.052615095,0.06367645,0.072063126,0.07720859,0.07897826,0.07753244,0.07327058,0.066804715,0.058954015,0.05076368,0.04352827,0.038674776,0.037186746,0.038797747,0.042175096,0.04593504,0.04919242,0.051575687,0.053114537,0.05413974
89,0.09196727,0.08174884,0.073285915,0.06683563,0.062214013,0.05881175,0.05580297,0.05242085,0.048163924,0.04292062,0.03709429,0.031828597,0.029183775,0.031138914,0.037429914,0.046072964,0.05526478,0.06380525,0.070928946,0.0761887,0.07942464,0.080774754,0.08069591,0.079962954,0.07959209,0.08062161,0.08375764,0.089073345,0.09599648,0.10356867,0.110752635,0.116642006,0.12057109,0.12216823,0.12138276,0.11849614,0.11411217,0.10910662,0.104500555,0.10122345,0.099798724,0.10010817,0.10141499,0.10263595,0.102671705,0.10064332,0.09601329,0.08863538,0.07878408,0.06722029,0.05539489,0.045929004,0.04280187,0.048595104,0.06158811,0.07912634,0.10012023,0.1246714,0.15336154,0.18675402,0.2250866,0.26812893,0.31516588,0.36505765,0.4163362,0.46731403,0.516194,0.5611745,0.60054606,0.63277626,0.6565802,0.6709742,0.6753108,0.66929495,0.6529823,0.62676054,0.59131694,0.5475954,0.496746,0.4400713,0.3789727,0.31490052,0.24931324,0.18365824,0.119430125,0.05879506,0.021015193,0.0626497,0.11112867,0.15509644,0.19346692,0.2259368,0.25256002,0.27372319,0.29019,0.3031614,0.314312,0.32574382,0.33978394,0.35859275,0.3836672,0.41544768,0.45321196,0.4952585,0.5392314,0.58244306,0.62213176,0.6556561,0.68064564,0.69512314,0.69760466,0.68717766,0.66355294,0.62708783,0.5787764,0.52020866,0.4535006,0.38120547,0.30622637,0.23178536,0.16163464,0.101339616,0.064104825,0.06909223,0.09568405,0.12023874,0.13637625,0.14289957,0.1402882,0.12988214,0.11362094,0.093981415,0.074130856,0.058351804,0.051609628,0.055052474,0.063735746,0.07263641,0.07935349,0.08332406,0.08507921,0.0858118,0.0869592,0.08967151,0.09432936,0.100445226,0.10700335,0.11293009,0.11743282,0.12016888,0.121296935,0.12144106,0.12155461,0.12265812,0.12548111,0.13015404,0.13613231,0.14238326,0.14768809,0.15090203,0.15111701,0.1477428,0.14053738,0.12961099,0.1154207,0.098776646,0.08090102,0.06363366,0.049905073,0.04376587,0.04690834,0.05557333,0.06518838,0.073146835,0.078221545,0.07992681,0.07823876,0.073485315,0.06631426,0.05772329,0.049164474,0.042649757,0.04032513,0.04288343,0.048768047,0.055756383,0.062224958,0.067239866,0.070365205,0.071535125,0.070996605,0.06928795
90,0.0674663,0.060481854,0.055483345,0.052424874,0.050780505,0.049737956,0.048495628,0.046473987,0.043408167,0.039390605,0.03493398,0.031072084,0.029298939,0.03078762,0.03528529,0.041450735,0.047935005,0.053783264,0.058422428,0.06162001,0.06348705,0.06450235,0.06550365,0.067555025,0.07161764,0.07813549,0.08684222,0.096917965,0.10729187,0.11687784,0.1247054,0.12998839,0.1321683,0.13094857,0.12632632,0.11862461,0.10853081,0.097145565,0.08602673,0.07711936,0.07227476,0.07220774,0.07581796,0.08089485,0.08527954,0.087398864,0.08630444,0.08158544,0.073300205,0.06197491,0.048782792,0.036366727,0.031009892,0.03903514,0.056438256,0.07827727,0.10304215,0.13074908,0.1619501,0.19726492,0.23708405,0.2813882,0.32967633,0.3809808,0.4339385,0.48689163,0.53800064,0.58535874,0.62710214,0.661511,0.68709785,0.70267946,0.7074309,0.7009188,0.6831142,0.6543859,0.61547536,0.5674565,0.5116852,0.4497445,0.3833934,0.31453943,0.2452798,0.17817111,0.11743779,0.07457385,0.07515185,0.11046896,0.15222348,0.19107692,0.2244564,0.25160602,0.27255094,0.28786567,0.2986501,0.30656064,0.3138088,0.3230256,0.33689576,0.35757673,0.38612482,0.4222345,0.4643929,0.5102731,0.5571352,0.6021274,0.6424896,0.6756967,0.6995707,0.71237564,0.7128964,0.7005001,0.675174,0.63753736,0.5888245,0.530842,0.46590626,0.39677474,0.32660094,0.25896975,0.19812551,0.14948308,0.1195524,0.1113456,0.11771355,0.1274339,0.13350323,0.13314967,0.12597707,0.11292056,0.09581619,0.07735726,0.06141836,0.0530659,0.055094294,0.06390971,0.074119456,0.082591675,0.08815358,0.09081691,0.09135794,0.09102485,0.091185264,0.09286965,0.096384704,0.1012735,0.10664822,0.11162729,0.11564775,0.118608974,0.12087979,0.123184144,0.12636279,0.13104917,0.13738362,0.14491504,0.15272547,0.15967333,0.1646286,0.16664036,0.16503656,0.15947571,0.149969,0.13688773,0.12097138,0.103360794,0.08569613,0.07030417,0.060201846,0.05775006,0.06204099,0.069465965,0.07671527,0.081786595,0.083677664,0.08204374,0.07702203,0.069175765,0.0595464,0.04986377,0.04286919,0.041745964,0.047236804,0.05674481,0.06732929,0.077084884,0.08491391,0.09022182,0.09277002,0.09261881,0.09011426,0.08590013
91,0.050023157,0.046738327,0.04535421,0.045255158,0.04560305,0.04563534,0.04482462,0.042921245,0.03995812,0.036266856,0.032517754,0.029722465,0.028961662,0.0306738,0.034245577,0.03854392,0.0425548,0.045603395,0.047388118,0.048022177,0.04811631,0.048825264,0.051631182,0.05768467,0.06715759,0.079294525,0.09291163,0.106761396,0.119674385,0.13060506,0.13865863,0.14311986,0.1434847,0.1394912,0.13114747,0.1187586,0.102963224,0.08481551,0.06602249,0.049635775,0.041125264,0.044799402,0.05628031,0.06909589,0.079752155,0.0865578,0.08867401,0.085780315,0.07795634,0.06563737,0.04965064,0.031673647,0.018441333,0.028386725,0.05136901,0.07766938,0.10593722,0.13634223,0.16952907,0.20625661,0.24712093,0.29233888,0.3416236,0.39415833,0.448648,0.503419,0.5565427,0.6059669,0.64964545,0.6856591,0.71232426,0.7282843,0.7325808,0.72470236,0.70460963,0.6727372,0.62997395,0.5776269,0.51737505,0.45122692,0.38150543,0.31091595,0.24283811,0.1822131,0.13763212,0.12166809,0.13676436,0.16791956,0.2019184,0.23265807,0.2576877,0.27621502,0.28838763,0.2950712,0.2978224,0.29891822,0.30130962,0.30832177,0.322979,0.34713703,0.38093746,0.4229266,0.47061726,0.5210615,0.5712291,0.618215,0.6593572,0.6923219,0.71517974,0.72647625,0.72529376,0.7112976,0.6847616,0.64656913,0.5981878,0.5416213,0.47934374,0.4142265,0.3494726,0.2885663,0.2352046,0.19301432,0.16455117,0.1494002,0.1433022,0.14035505,0.13590015,0.12748024,0.11450279,0.09774643,0.079144955,0.062036294,0.05164462,0.052488893,0.062068515,0.07423959,0.08508432,0.0929155,0.09732116,0.0986903,0.09796745,0.09643037,0.09538609,0.095784046,0.09790838,0.101375334,0.10545101,0.109459415,0.113071375,0.116415195,0.12002068,0.12461178,0.13079199,0.13874266,0.14808498,0.15795888,0.16723512,0.17474113,0.1794349,0.18051872,0.17750677,0.17026165,0.15901197,0.1443625,0.12731095,0.10929226,0.09226182,0.07871868,0.071182765,0.07055569,0.074938186,0.08107157,0.08624441,0.088783644,0.08785865,0.08326261,0.075305246,0.06483208,0.05344867,0.044095058,0.041220132,0.047201682,0.059100848,0.072940335,0.08623519,0.097572446,0.10612387,0.11143864,0.1133672,0.11203826,0.10786252,0.10155837
92,0.04873868,0.048415,0.0489883,0.04966068,0.04976731,0.048863757,0.046741482,0.043427266,0.039195944,0.03460912,0.030560933,0.028181465,0.02828161,0.030606225,0.034002263,0.03722337,0.039343897,0.03982347,0.038549118,0.036009006,0.03367122,0.03422031,0.04016379,0.051527407,0.06659161,0.08358099,0.101033576,0.11769772,0.1324555,0.1443091,0.15240134,0.1560495,0.15478131,0.14836608,0.13683699,0.1205015,0.0999399,0.075995944,0.049789313,0.023051724,0.010871486,0.033772364,0.05686898,0.07643253,0.09126393,0.10056778,0.10386886,0.101015754,0.09217908,0.07782942,0.05869286,0.0356984,0.010271348,0.019090125,0.048205342,0.07841185,0.10953623,0.14198072,0.17651965,0.21409419,0.25554207,0.3013327,0.35138366,0.40499395,0.46088326,0.5173011,0.57217145,0.6232499,0.668278,0.70512897,0.73193735,0.74721,0.74991345,0.7395359,0.7161225,0.6802841,0.6331838,0.5765085,0.5124392,0.4436455,0.3733545,0.30558586,0.24568418,0.20097284,0.1794633,0.18316545,0.20387694,0.23073256,0.25643796,0.27720392,0.29137188,0.29857057,0.29934493,0.29505372,0.2879158,0.28109106,0.27857226,0.2845399,0.30208516,0.33203748,0.372899,0.4217541,0.47522035,0.5299711,0.58292544,0.6313037,0.67265886,0.704917,0.7264315,0.73603946,0.7331137,0.71759874,0.6900266,0.6515083,0.603699,0.54874045,0.48918173,0.42788365,0.3679036,0.31234035,0.26407665,0.22530484,0.19678801,0.1772128,0.16341087,0.15161598,0.13879804,0.123282425,0.10477208,0.08423361,0.064091034,0.049198944,0.04652032,0.056256846,0.070769,0.08463286,0.09550355,0.10256057,0.10583522,0.10594762,0.10394336,0.10110765,0.09870011,0.097627446,0.09819451,0.100120775,0.10283874,0.105877906,0.1091325,0.112931564,0.117906146,0.12469258,0.1335899,0.14434783,0.15618457,0.16797434,0.1784763,0.18652266,0.19114828,0.19167332,0.18775344,0.17940809,0.16703545,0.15142281,0.13376494,0.1157004,0.09934056,0.08710985,0.08095113,0.080916435,0.084809996,0.089653574,0.09304788,0.0935009,0.090294376,0.083329454,0.07307153,0.060666382,0.048435505,0.04090326,0.04343034,0.05524719,0.071183845,0.087608375,0.10254939,0.114849664,0.12380128,0.12901969,0.13040271,0.12812242,0.12263672,0.114722624
93,0.062047374,0.06232942,0.06260878,0.0622439,0.06076967,0.05792354,0.05365179,0.04811944,0.041741937,0.03525874,0.029838294,0.026963327,0.027472842,0.030492915,0.03421709,0.037109107,0.03815051,0.03674556,0.032709822,0.026528055,0.020536026,0.02134459,0.032563273,0.049619596,0.069284484,0.0898721,0.11010858,0.12883753,0.1449746,0.15753002,0.16565157,0.16867182,0.1661526,0.15792234,0.14410421,0.12513703,0.10180044,0.07529863,0.047717657,0.025638692,0.03104827,0.05472379,0.07890494,0.099564806,0.11505546,0.12439231,0.12702289,0.122788824,0.11191181,0.09497068,0.07287011,0.046867713,0.01959835,0.019413043,0.049463145,0.081771754,0.11463342,0.1482345,0.18338281,0.2211974,0.26277235,0.30883154,0.35947168,0.41405532,0.4712474,0.5291473,0.5854671,0.6377216,0.6834138,0.72020555,0.7460702,0.75942177,0.7592175,0.7450325,0.71710426,0.6763508,0.6243687,0.56342506,0.4964675,0.4271944,0.36023936,0.3014618,0.25790322,0.23585285,0.23615383,0.25219098,0.2746911,0.29643553,0.31310162,0.32252374,0.32398364,0.317804,0.30518624,0.28824076,0.27017224,0.25547764,0.24966627,0.25773728,0.2818053,0.32025915,0.3692968,0.424742,0.48283833,0.54034704,0.59445536,0.6427028,0.6829632,0.71347046,0.7328678,0.7402631,0.73527807,0.7180809,0.689397,0.65049416,0.60314053,0.54953694,0.492224,0.43396327,0.37758228,0.32576042,0.28071433,0.2437624,0.21487145,0.19249927,0.17403562,0.15669493,0.1383314,0.11784669,0.095280424,0.071916595,0.051054865,0.04024421,0.04647911,0.06243032,0.079416305,0.09383024,0.1043163,0.11051845,0.11270812,0.11162844,0.10836841,0.10420001,0.10034655,0.09770405,0.09663232,0.09697411,0.098329924,0.10042207,0.10334456,0.10758843,0.11382703,0.122548625,0.13373618,0.14677772,0.16060849,0.17394617,0.18550187,0.19413067,0.198931,0.1993089,0.19501854,0.18618561,0.17331965,0.15732254,0.13950147,0.121586524,0.10570319,0.09410095,0.08831333,0.088032365,0.09107404,0.09467968,0.096622825,0.095504105,0.090666175,0.08208045,0.07033672,0.056869593,0.04477838,0.040053863,0.04734139,0.06282303,0.08102281,0.098884955,0.114738606,0.12755165,0.1366733,0.14175196,0.14271122,0.1397497,0.13335748,0.12435508
94,0.07950338,0.079377696,0.07878115,0.077156484,0.07411616,0.06946384,0.06320411,0.05555643,0.04699156,0.038323686,0.030894687,0.026629258,0.02684664,0.030351222,0.034622304,0.0377244,0.03847041,0.03614714,0.030378204,0.02115223,0.009720202,0.0121041,0.03009447,0.051285904,0.07393981,0.096924424,0.11911339,0.13936947,0.15658838,0.16975614,0.17800957,0.18069524,0.17742471,0.16812576,0.1530949,0.1330711,0.1093939,0.08446027,0.063127056,0.054837782,0.06550572,0.08661922,0.109263495,0.12904951,0.14369878,0.15189402,0.1529352,0.14663607,0.13328612,0.11363301,0.08890954,0.061121956,0.035271235,0.031351466,0.056430742,0.08849254,0.12174025,0.15551384,0.19050215,0.22797322,0.2692765,0.31537685,0.366508,0.42202735,0.48046425,0.5396908,0.59714454,0.65005785,0.69567543,0.731451,0.75522083,0.765351,0.7608549,0.7414807,0.7077694,0.6610898,0.603664,0.53860873,0.47003126,0.403215,0.3448119,0.30244154,0.28222677,0.28432482,0.30180246,0.32528695,0.3472402,0.36290228,0.3697403,0.36680552,0.35431135,0.33341867,0.30620858,0.27587348,0.24715605,0.22674425,0.22226568,0.23838718,0.27354333,0.3221917,0.37867478,0.4385869,0.49859095,0.5560118,0.6085745,0.6542892,0.69142985,0.71856666,0.73462254,0.7389351,0.7313102,0.71205807,0.68200517,0.64247924,0.59526557,0.5425358,0.4867479,0.4305163,0.37644076,0.3268763,0.28362438,0.24756533,0.21836142,0.19446774,0.17359263,0.15342395,0.13225105,0.10928761,0.08479547,0.06038587,0.040645797,0.03638835,0.049961478,0.068899825,0.08660612,0.10079063,0.11060216,0.11590753,0.117084414,0.11491541,0.11048223,0.10502188,0.09972624,0.09550366,0.092794575,0.09157874,0.091619186,0.09280838,0.09540547,0.100018114,0.10731003,0.117590055,0.13055423,0.14532048,0.16065066,0.17518993,0.18764588,0.19690737,0.2021234,0.20275652,0.19861764,0.18988642,0.1771212,0.16126367,0.14364362,0.1259783,0.11031134,0.09871563,0.09252748,0.09141482,0.09337694,0.09585034,0.09670797,0.09458451,0.08883955,0.07947647,0.06717051,0.053599007,0.042522673,0.0406667,0.051006522,0.068249404,0.08739025,0.10578771,0.12193577,0.13486728,0.14396037,0.14887892,0.14955787,0.14620787,0.13933581,0.12978949
95,0.09517433,0.09465784,0.093425505,0.090942405,0.08683883,0.080934055,0.07324866,0.06401833,0.05372632,0.0431903,0.03377169,0.027630117,0.026786944,0.030304486,0.035064813,0.038647715,0.039656945,0.037290495,0.031118903,0.021035578,0.0076878257,0.01189894,0.032144822,0.054990124,0.07920004,0.103653945,0.127174,0.14856194,0.16665901,0.18041283,0.18894622,0.19162549,0.18812789,0.1785121,0.16330531,0.14364433,0.121562056,0.1005896,0.08652601,0.085769095,0.09866966,0.11894277,0.14037052,0.15896916,0.17230795,0.17891489,0.178018,0.16944672,0.15359543,0.13142549,0.104563385,0.0758097,0.05155505,0.047243632,0.067998804,0.09836287,0.13086192,0.1639389,0.1981065,0.23476942,0.27552682,0.3215579,0.37317553,0.42965284,0.48930112,0.54969555,0.60794955,0.66098535,0.7057817,0.7395938,0.76014674,0.7657986,0.75567454,0.72977,0.6890306,0.6354217,0.57201576,0.50314534,0.43466765,0.3742532,0.33097005,0.31231335,0.31872872,0.34227765,0.37219462,0.39979056,0.4194753,0.42814687,0.42450097,0.4085718,0.38147113,0.34529412,0.3032379,0.2600808,0.22315134,0.2028312,0.20845875,0.2399125,0.288752,0.34650582,0.40756398,0.46840602,0.52662194,0.58035034,0.62800866,0.66818714,0.69963413,0.72129375,0.73236877,0.73239136,0.7212861,0.69941634,0.66760516,0.62712955,0.57968336,0.52731246,0.4723198,0.41714042,0.36417776,0.31558752,0.2729958,0.23717429,0.20778684,0.18340862,0.1619393,0.14125723,0.11979627,0.09687048,0.07286004,0.04977586,0.034007516,0.03736839,0.054652326,0.074097864,0.09132432,0.10471977,0.11365203,0.11806353,0.118342906,0.115243874,0.10979387,0.10316962,0.09652747,0.09080021,0.086527504,0.0838381,0.082651354,0.0830023,0.08527231,0.0901353,0.09820032,0.10958846,0.12376339,0.13967128,0.1559975,0.17138219,0.18456382,0.19447291,0.20029745,0.20152974,0.19799852,0.18988763,0.1777439,0.16247821,0.14536312,0.12802134,0.11235939,0.10030756,0.09317813,0.09084296,0.0916109,0.09311947,0.09329981,0.09077606,0.08488507,0.07562343,0.06370429,0.0509531,0.04145227,0.041702304,0.053237442,0.07071142,0.0897116,0.10785924,0.12374154,0.13642764,0.14531037,0.15005833,0.15060642,0.14716405,0.14023992,0.13069256
96,0.1066749,0.10608367,0.10466722,0.10187705,0.097328044,0.09082633,0.082384035,0.072232544,0.060849607,0.04903184,0.038082123,0.030134225,0.027682379,0.030571992,0.035514355,0.03958901,0.041139215,0.03928492,0.033666912,0.024592174,0.01489799,0.018351596,0.036399,0.059196204,0.08396405,0.10919895,0.13356096,0.15575515,0.17455809,0.1888786,0.1978292,0.20080183,0.19754736,0.18826512,0.17372091,0.15543272,0.13598387,0.119422704,0.11101234,0.11453498,0.12869607,0.14845914,0.16881329,0.18612313,0.19796501,0.20282198,0.19991459,0.18912789,0.17098998,0.14670189,0.1183057,0.0893398,0.06698862,0.06366142,0.082000464,0.11039785,0.14151916,0.17333318,0.20625967,0.2418627,0.28198442,0.32797834,0.3801676,0.4376609,0.49848127,0.5598574,0.6185523,0.67117083,0.7144325,0.7454113,0.7617452,0.7618155,0.7448966,0.71128166,0.66239727,0.60093784,0.5310819,0.45888183,0.39284602,0.3440579,0.3232536,0.33319476,0.3650835,0.40563545,0.44403696,0.4732941,0.48937315,0.4903357,0.4758042,0.446659,0.40489292,0.35364193,0.2975511,0.24385953,0.20439439,0.19455166,0.22015977,0.27016643,0.33113903,0.39492685,0.457211,0.5155975,0.5686234,0.61527324,0.6547355,0.68628705,0.70925754,0.7230499,0.7271953,0.7214268,0.7057534,0.6805227,0.64646095,0.6046861,0.5566893,0.50428766,0.4495469,0.39467695,0.3418951,0.2932466,0.2503661,0.21417995,0.18462074,0.16053662,0.139982,0.12083783,0.10145193,0.08106339,0.06012591,0.041263815,0.032411966,0.041185576,0.058753565,0.07701231,0.0929029,0.10510469,0.11304094,0.11663095,0.11619998,0.11241328,0.10619829,0.09864055,0.090845145,0.083767995,0.07805914,0.07401182,0.07170459,0.071291834,0.07323039,0.07820334,0.08672123,0.098723225,0.113509715,0.12995352,0.14674924,0.16258816,0.17626782,0.18676716,0.1933034,0.19537605,0.19279803,0.18571424,0.17460881,0.1603039,0.1439537,0.1270306,0.111274265,0.09850278,0.090116285,0.08634505,0.08591973,0.086706065,0.08666511,0.084368475,0.07909006,0.07077777,0.06012022,0.04893715,0.041147042,0.04234515,0.0534524,0.069906674,0.087841615,0.10504514,0.120157704,0.13226888,0.14077756,0.14534935,0.14590976,0.1426555,0.13608381,0.12704912
97,0.11312008,0.112803936,0.11166867,0.1091261,0.10475048,0.098312035,0.08979451,0.07940832,0.06761315,0.05517578,0.04331958,0.034011558,0.029813614,0.03144079,0.03605821,0.040405948,0.042520646,0.04140763,0.036766272,0.029244272,0.022219315,0.025153639,0.04084551,0.0627754,0.08742448,0.11289603,0.1376735,0.16036549,0.17969048,0.19452608,0.20398073,0.20747477,0.20482984,0.19637303,0.18307278,0.16673256,0.1502392,0.1376486,0.13332035,0.13945086,0.15424767,0.17342374,0.1926524,0.2085702,0.21881755,0.22189264,0.21705022,0.20425716,0.18419105,0.1583017,0.12904373,0.1006125,0.0806206,0.07910799,0.09653012,0.12334435,0.1529681,0.18333472,0.21491823,0.24948078,0.2890903,0.3352188,0.38812536,0.44668669,0.5085931,0.57070917,0.6294507,0.681121,0.72220314,0.74961406,0.760927,0.75456494,0.7299674,0.68774295,0.6298344,0.55976427,0.48309427,0.4083024,0.347927,0.31736442,0.32549155,0.36457947,0.4177639,0.47079065,0.51452345,0.54357165,0.55503976,0.5478417,0.5223466,0.48019838,0.42427728,0.35890993,0.2906958,0.23077798,0.19794917,0.20967665,0.2587385,0.32489607,0.39489445,0.46220875,0.5236289,0.5775661,0.62329626,0.6605662,0.6893531,0.70970976,0.7216763,0.72525,0.7204064,0.7071562,0.68562275,0.65612185,0.61922807,0.5758174,0.5270801,0.47450203,0.4198167,0.36493158,0.3118306,0.26244938,0.21850829,0.18127525,0.15124874,0.12785774,0.10944996,0.09379385,0.07889882,0.06372567,0.048767705,0.03717381,0.035538986,0.04568989,0.061165784,0.077058576,0.09100135,0.10175906,0.108704776,0.11165829,0.11081795,0.106706284,0.100105345,0.09197263,0.08333272,0.075145066,0.06816757,0.06287713,0.059535854,0.058415856,0.06000721,0.06493367,0.07355443,0.085639626,0.10040545,0.11674777,0.13344611,0.1492896,0.16315804,0.17408481,0.18130958,0.18432191,0.18289344,0.17709784,0.1673191,0.15425056,0.13888852,0.12252239,0.106708236,0.093162544,0.083423905,0.078180954,0.076696016,0.07710178,0.077354655,0.07592048,0.0719635,0.06533478,0.05661854,0.04743574,0.04110167,0.042088598,0.05146359,0.065872304,0.08196316,0.09763339,0.11154849,0.12280571,0.13080283,0.13519616,0.13589476,0.13307427,0.12721097,0.119144954
98,0.11445489,0.11467849,0.11421243,0.11240513,0.1087663,0.10300819,0.095066264,0.08511259,0.073574305,0.06117813,0.04906027,0.038974296,0.033261016,0.033201005,0.036885224,0.041096672,0.043587998,0.043193392,0.039587438,0.033522878,0.028173104,0.03066284,0.044335287,0.06498685,0.089013435,0.11425013,0.13903716,0.16190676,0.18153523,0.19678108,0.20675527,0.21090575,0.2091134,0.20180422,0.19008909,0.17593676,0.16231947,0.15303822,0.15162286,0.15934569,0.17429173,0.19268402,0.21065885,0.22508296,0.23369023,0.23503056,0.22841918,0.2139189,0.19236091,0.16544014,0.13600753,0.10883663,0.09172293,0.09265867,0.11024326,0.13609017,0.16447075,0.19356497,0.22402817,0.25784183,0.29725683,0.34379005,0.39756656,0.45718905,0.52000797,0.5825429,0.64089596,0.69110775,0.72946167,0.75274783,0.7584957,0.74517804,0.7123937,0.6610478,0.5935828,0.51438874,0.43068922,0.35438564,0.3040966,0.2991091,0.3391494,0.40374324,0.4730433,0.53461546,0.58119893,0.608621,0.6147988,0.5992942,0.56310505,0.50858426,0.43952322,0.36163852,0.2841902,0.22413264,0.2079239,0.24579802,0.3151855,0.393911,0.4707714,0.5404335,0.6002927,0.6492176,0.6869854,0.71395165,0.7308097,0.7383962,0.7375415,0.728969,0.71325153,0.6908224,0.6620307,0.6272242,0.5868397,0.5414813,0.49197516,0.43939158,0.3850351,0.33040655,0.27714443,0.22695434,0.18153198,0.14246887,0.11108442,0.08804803,0.07273612,0.06290926,0.055643275,0.048946474,0.042753134,0.03916613,0.041224077,0.04943856,0.061285608,0.07399568,0.08561679,0.0948822,0.101028994,0.103707254,0.10292942,0.0990255,0.092589796,0.08441358,0.07540235,0.06647841,0.058476493,0.05206067,0.04772028,0.045885563,0.04705922,0.051723167,0.06001984,0.07157641,0.08561756,0.10115497,0.11711625,0.13242401,0.14605746,0.15710919,0.16483766,0.16871227,0.1684481,0.16402863,0.15571672,0.14405578,0.12986547,0.11423768,0.09853413,0.08435845,0.07338554,0.06682173,0.06457908,0.06509219,0.066235416,0.06628226,0.06423213,0.059792794,0.053365875,0.04621259,0.04083133,0.04067212,0.047336005,0.058887623,0.07252192,0.086207904,0.098605275,0.1088024,0.11618746,0.120402426,0.121336035,0.1191396,0.11426569,0.10753794
99,0.11124673,0.112103306,0.112548195,0.11184123,0.10940082,0.10485647,0.09807337,0.08916521,0.07850827,0.066772684,0.05499526,0.044705465,0.037902497,0.036049843,0.038245115,0.041783173,0.044291455,0.04440427,0.041680176,0.03678951,0.03247918,0.034442153,0.04626587,0.065367095,0.0883549,0.11292343,0.13731852,0.16002509,0.17969817,0.19519152,0.20562525,0.21047181,0.20965491,0.20366354,0.19368516,0.18174405,0.17074738,0.16414316,0.16479427,0.17342226,0.18813057,0.20553085,0.22211894,0.23497418,0.24194446,0.24165583,0.23349972,0.2176396,0.19505535,0.16767561,0.13872945,0.11350971,0.09982308,0.103760965,0.12232838,0.14787899,0.17550753,0.20378475,0.23361622,0.26718313,0.30684367,0.35407406,0.40881133,0.4693787,0.53281957,0.5953622,0.65285426,0.7011299,0.73632044,0.7551251,0.7550502,0.7346199,0.6935705,0.6330551,0.55594474,0.46745476,0.37671465,0.30045846,0.26614758,0.29279503,0.3626686,0.44693083,0.52750075,0.594437,0.6419549,0.66672915,0.6672576,0.64360994,0.59732574,0.53142333,0.4506332,0.36228773,0.279136,0.22561058,0.23224495,0.29398736,0.37935,0.46804073,0.5505267,0.6221103,0.68045956,0.7246696,0.7548226,0.7717067,0.77658373,0.7709781,0.7564835,0.73460084,0.70662063,0.6735623,0.6361736,0.5949848,0.5503998,0.5028024,0.45265502,0.40057242,0.34735987,0.29401565,0.24170263,0.19170162,0.14536773,0.104133464,0.06967948,0.044598892,0.033080876,0.034597203,0.039999906,0.043800764,0.045269124,0.045717433,0.04725397,0.051571157,0.0588465,0.067894846,0.077122584,0.085146025,0.090969086,0.09399189,0.093981296,0.09103212,0.08552032,0.07804639,0.06936908,0.060332112,0.0517898,0.044543162,0.039304737,0.036697574,0.03723238,0.041184295,0.04846354,0.05864154,0.07106489,0.084939145,0.09938029,0.11346241,0.12627113,0.13696003,0.14480504,0.14925215,0.14995527,0.1468026,0.13993105,0.12973052,0.11684232,0.10215964,0.08684231,0.07235295,0.060461104,0.052932773,0.050486155,0.05184193,0.054577503,0.056632295,0.05681136,0.05467976,0.050436985,0.04494506,0.039928764,0.038001083,0.041298486,0.04940403,0.06017287,0.07161047,0.08231947,0.09135101,0.09807186,0.102106735,0.103326045,0.10186209,0.09815241,0.093015835
100,0.10461058,0.10593544,0.10731639,0.10789604,0.10696741,0.1040461,0.09890006,0.091560595,0.082330234,0.07179994,0.060888447,0.0509001,0.043478098,0.040011644,0.040371567,0.04267718,0.04471907,0.044982642,0.042850163,0.03878743,0.035050713,0.036330905,0.046329804,0.06365588,0.08524462,0.10874389,0.13235365,0.15454344,0.17397031,0.18949881,0.20026527,0.20576294,0.20594084,0.20131516,0.19309011,0.18325952,0.17457446,0.17011227,0.17221525,0.18126492,0.19544166,0.21167994,0.22678365,0.23803943,0.2434252,0.24165927,0.23221712,0.21536027,0.19220659,0.1649056,0.13705775,0.11445367,0.10478196,0.11225153,0.13247527,0.15839675,0.18589485,0.21398625,0.24383321,0.27775243,0.3181087,0.3662553,0.42191622,0.4831678,0.54681385,0.6088699,0.66500527,0.71091384,0.74262893,0.7567982,0.75092596,0.7235879,0.67462975,0.60538816,0.5190516,0.42153162,0.32402608,0.25005987,0.23873568,0.29874203,0.3924001,0.49037898,0.5782257,0.648049,0.6950691,0.7165292,0.7113472,0.6799985,0.62449276,0.54846823,0.45760873,0.36106953,0.27586085,0.23436621,0.26476696,0.3458608,0.44375402,0.54055244,0.62778276,0.7010642,0.75817096,0.79829615,0.8216926,0.829427,0.8231649,0.8049596,0.777045,0.74163926,0.7007731,0.6561602,0.60912144,0.5605746,0.511086,0.46097198,0.41042596,0.35964417,0.30892664,0.25873756,0.20972177,0.16268097,0.118520826,0.07818608,0.04262984,0.013410626,0.014483883,0.032102276,0.044485386,0.051552914,0.054160897,0.053707886,0.052113216,0.051586628,0.053845406,0.05915149,0.06635766,0.07384647,0.08022468,0.08452857,0.08621887,0.08513054,0.081418335,0.07550096,0.06800211,0.059688896,0.051410288,0.044037405,0.038397323,0.035174817,0.034777485,0.03726872,0.042466696,0.050072003,0.059683964,0.07076749,0.08265194,0.09456915,0.10571094,0.115290955,0.122603096,0.12707251,0.12829672,0.12607522,0.120427355,0.111599416,0.10006495,0.086526476,0.071937285,0.05758156,0.045261253,0.03739709,0.035807174,0.039188173,0.044236273,0.04848283,0.050694924,0.050429907,0.04777311,0.043280985,0.03808533,0.03409189,0.033686794,0.03798554,0.045743477,0.054938592,0.06400418,0.07190077,0.07795966,0.08179302,0.08326718,0.08251661,0.07999223,0.07654355
101,0.09616505,0.097444005,0.099489756,0.10130118,0.10200063,0.100946575,0.0977739,0.09240135,0.08503003,0.07614511,0.06652601,0.05725511,0.049652033,0.044921145,0.043385524,0.04401515,0.045060083,0.045011576,0.04307843,0.03945669,0.035894167,0.036292765,0.04440494,0.059764985,0.07965404,0.10172978,0.124187395,0.1455127,0.16438891,0.179708,0.19063026,0.19666703,0.19777712,0.19447279,0.18792664,0.18004099,0.17336164,0.17061098,0.17372231,0.18285884,0.19630268,0.21127157,0.22484931,0.23452906,0.23842995,0.23537208,0.22491632,0.20741458,0.18410994,0.15736689,0.13117968,0.1118695,0.106873855,0.118400626,0.14085506,0.1677767,0.19580355,0.22439502,0.25492436,0.28974858,0.33113515,0.3802551,0.43662935,0.49815157,0.5614746,0.62249184,0.67677605,0.71995014,0.7480043,0.7575739,0.7461833,0.71246105,0.6563376,0.5792702,0.48464388,0.37887666,0.27528852,0.20678806,0.22471693,0.31395283,0.42415535,0.5308708,0.62290525,0.6937447,0.73924696,0.75703377,0.74633175,0.70794255,0.6442791,0.55954355,0.46035513,0.35782847,0.27375916,0.24747035,0.29924968,0.39551976,0.5032917,0.6066359,0.69775486,0.77244025,0.828506,0.8651847,0.88282114,0.8826521,0.86660707,0.8371066,0.7968585,0.74865514,0.695181,0.6388425,0.58163285,0.525047,0.4700593,0.4171703,0.3665162,0.31802243,0.2715703,0.22714864,0.18497261,0.14557825,0.10994081,0.07974205,0.057925135,0.048324443,0.050360758,0.057117425,0.062995724,0.06570372,0.064769864,0.060719844,0.0548512,0.049243357,0.04652714,0.0485641,0.054835074,0.06315172,0.071383856,0.07806931,0.08235227,0.083844624,0.08252917,0.078691825,0.0728644,0.065769285,0.05826142,0.05125846,0.04563542,0.04205721,0.040798165,0.04172894,0.044545393,0.049002122,0.054936178,0.062145177,0.07027912,0.07881843,0.087120734,0.09449474,0.10027384,0.103878535,0.1048651,0.10296045,0.09808378,0.09035614,0.080101326,0.06784529,0.05433439,0.040636584,0.028545287,0.021623382,0.023379201,0.030341512,0.037711576,0.043415688,0.046669677,0.047229197,0.04518009,0.040897187,0.035099335,0.029051464,0.024919733,0.025257409,0.030276643,0.037715103,0.045525294,0.05249079,0.057916995,0.061438706,0.062961325,0.06267237,0.061100896,0.05920817
102,0.0879328,0.08824444,0.090307325,0.09298711,0.095183685,0.0960375,0.09499995,0.09183784,0.08661828,0.079692416,0.071681045,0.06345172,0.056046236,0.05046373,0.047225963,0.045965184,0.045544494,0.044672854,0.042472135,0.038864914,0.03509565,0.034386877,0.04051506,0.053776942,0.071755074,0.09213113,0.11312601,0.13327219,0.15130395,0.16615826,0.17702861,0.18344396,0.18536119,0.18326472,0.17826034,0.17212002,0.16716264,0.16578396,0.16958974,0.17859663,0.19119604,0.20486076,0.21693526,0.22511771,0.22767426,0.22353004,0.21232747,0.19449855,0.17140202,0.14562987,0.1216456,0.10639904,0.10684544,0.12291926,0.14806396,0.17652494,0.20567724,0.23537628,0.2671261,0.3032223,0.34575334,0.39568546,0.4523781,0.51362413,0.5760199,0.6354267,0.6873991,0.72755384,0.7518889,0.7570631,0.7406415,0.7013088,0.6390627,0.55543506,0.45391047,0.34122714,0.23280957,0.17397615,0.22339365,0.33387825,0.45430118,0.56596,0.65986675,0.7303442,0.773643,0.78763926,0.77178967,0.7271562,0.6564874,0.564477,0.45861658,0.35200676,0.27142528,0.26126945,0.3310219,0.43909067,0.5545237,0.66291595,0.7569588,0.832572,0.8876007,0.9213039,0.934084,0.92728466,0.9030025,0.86389565,0.81298864,0.7534778,0.6885432,0.62117285,0.5540075,0.48921138,0.42838213,0.3725107,0.32200885,0.27681333,0.23656292,0.20082252,0.16931102,0.14208323,0.11960551,0.10261906,0.091638036,0.08618265,0.08447696,0.08411924,0.08300896,0.07978379,0.07384677,0.06529457,0.054933995,0.044542264,0.037424017,0.037592582,0.045145396,0.056201193,0.067488074,0.07717592,0.08428837,0.08836298,0.08931171,0.08735397,0.08297013,0.0768575,0.06988014,0.06300009,0.057163566,0.05311335,0.051169407,0.05115231,0.052577455,0.054964148,0.058011785,0.06158518,0.06559673,0.06988551,0.07415432,0.077977695,0.0808587,0.08230262,0.08188467,0.07930161,0.0744052,0.067219,0.05794187,0.046944395,0.034776337,0.02227319,0.011508668,0.011003352,0.020006146,0.029309994,0.036912683,0.042197287,0.04488692,0.044909883,0.042371295,0.03754535,0.030885834,0.023104906,0.015575533,0.01187958,0.015693076,0.023008008,0.03041043,0.03669326,0.041328646,0.044093654,0.045018606,0.04443193,0.043066762,0.042183287
103,0.08200694,0.08013336,0.0811685,0.08399166,0.08726387,0.08983278,0.090895884,0.09001569,0.08708711,0.08229924,0.07609921,0.069149666,0.06225749,0.05623283,0.05164428,0.04853911,0.046357118,0.044189345,0.041221913,0.037171572,0.03281528,0.030759875,0.034820672,0.04597216,0.06197683,0.08050262,0.099817865,0.11853351,0.13546203,0.14960502,0.16020055,0.1667979,0.16934557,0.1682847,0.16463257,0.1600106,0.15650874,0.15622948,0.1605115,0.16926682,0.18099247,0.19339047,0.20404758,0.2108612,0.21224388,0.20722343,0.19551653,0.1776255,0.15502512,0.13058297,0.10939531,0.099183895,0.105910085,0.12687296,0.15498185,0.1853537,0.21605797,0.24726585,0.2805194,0.31796947,0.36148345,0.41183805,0.4682931,0.5286254,0.58946246,0.64671326,0.6959824,0.73293585,0.7536214,0.7547508,0.73394585,0.6899507,0.62282133,0.53414005,0.42744222,0.30968237,0.19843735,0.15387705,0.23088312,0.35434565,0.48021987,0.5940312,0.68808866,0.7571975,0.7978507,0.80809885,0.7875707,0.7375304,0.6609923,0.563051,0.45195693,0.34270513,0.26701236,0.27251977,0.35704038,0.47418374,0.59528536,0.7072003,0.8030467,0.878887,0.9326249,0.963564,0.97216403,0.95985043,0.92883295,0.88192004,0.8223319,0.75351554,0.67897034,0.6020888,0.5260163,0.45353156,0.38694447,0.3280043,0.27781272,0.23674548,0.20441933,0.17977607,0.16133502,0.14755285,0.13712062,0.12906112,0.122634985,0.11717411,0.11196637,0.1062496,0.0992957,0.09052949,0.07963929,0.06667569,0.05220152,0.037757523,0.027536508,0.029047817,0.040953282,0.05586135,0.07019162,0.082398996,0.09167356,0.09760744,0.100106046,0.09935534,0.09579818,0.09010699,0.083147295,0.07592176,0.069468915,0.06467999,0.062045515,0.061481282,0.062424153,0.06414662,0.06603734,0.06771018,0.06897796,0.06976815,0.07003338,0.06968603,0.06857138,0.06647952,0.06318485,0.05849625,0.05230296,0.04460745,0.035542786,0.025378928,0.014548312,0.0043201353,0.008810189,0.018861558,0.027928978,0.035373446,0.040799107,0.04394183,0.044669814,0.042988077,0.039036702,0.03308148,0.025497474,0.016747443,0.0073654586,0.0023422593,0.011292853,0.019398337,0.02611125,0.031067943,0.03402754,0.034903023,0.033818558,0.031232132,0.028205693,0.026791828
104,0.079801366,0.0746772,0.07342494,0.075330675,0.07895433,0.08280364,0.08573488,0.08703778,0.08639008,0.08379142,0.07950404,0.07399604,0.067872986,0.061779104,0.05625302,0.051555242,0.047549456,0.04374855,0.039550416,0.0345952,0.029274795,0.025636615,0.027634468,0.03691908,0.05114175,0.06785325,0.08540152,0.10252089,0.118136324,0.13133761,0.14142221,0.14796644,0.15091002,0.15064465,0.14809051,0.14471544,0.1423942,0.14297412,0.14757413,0.15602489,0.16691515,0.17814684,0.1875259,0.19313636,0.1935299,0.18782969,0.17581815,0.15806305,0.13617533,0.11340881,0.09579115,0.09187772,0.10559056,0.13145112,0.16252375,0.19493279,0.22735511,0.26017582,0.29489094,0.33345774,0.37752223,0.42771506,0.48326564,0.5420114,0.6006841,0.6553049,0.7015823,0.7352738,0.7525083,0.7500706,0.72564936,0.6780498,0.60738236,0.5152771,0.40532774,0.28474274,0.17354995,0.14648785,0.24262469,0.37250617,0.5003915,0.6142785,0.70717347,0.77415216,0.8118592,0.8184682,0.7937356,0.7390756,0.65769625,0.5549861,0.4397941,0.32882038,0.25865382,0.27892262,0.3756314,0.4995975,0.62449855,0.7383497,0.8347124,0.90984243,0.9617541,0.98983705,0.994634,0.97765774,0.9412124,0.8882102,0.82198673,0.7461236,0.6642848,0.5800768,0.49693984,0.4180747,0.34640417,0.28454053,0.23467018,0.19816911,0.17484927,0.16237755,0.15688848,0.15455383,0.15267184,0.14977601,0.14526238,0.13898292,0.13095568,0.12120476,0.10970782,0.09642118,0.08135327,0.06467117,0.046888843,0.02954023,0.019069826,0.027231177,0.044241954,0.061944336,0.0781196,0.09174315,0.102188006,0.10909896,0.11237517,0.11216895,0.10888103,0.10314786,0.095819294,0.0879194,0.080567,0.07481222,0.07136611,0.070333116,0.07118415,0.07303924,0.07502227,0.07646522,0.07694895,0.07626042,0.07432701,0.07115595,0.066789776,0.06128145,0.05468939,0.047089998,0.03860531,0.02945284,0.020078732,0.011820879,0.0098968735,0.016413083,0.024769047,0.032573912,0.039041914,0.043727543,0.046342086,0.04672722,0.04485561,0.04083459,0.03491017,0.027481701,0.019184494,0.011417174,0.009060723,0.0148865115,0.02250155,0.029365346,0.034651447,0.037912436,0.038882375,0.03744657,0.03365442,0.027790098,0.020675061,0.015070258
105,0.08123942,0.07254398,0.06801305,0.06781502,0.07082775,0.0753107,0.079705745,0.08294744,0.08444371,0.08397736,0.08161721,0.07764562,0.07249045,0.066648655,0.060593385,0.054667775,0.048990723,0.043424103,0.03764906,0.03137311,0.024735222,0.019305326,0.01952175,0.027779564,0.04081361,0.055964954,0.07178533,0.087214805,0.10133789,0.113361105,0.122659184,0.12884647,0.13185969,0.13204427,0.13022807,0.12773843,0.12626469,0.12744468,0.13221928,0.14034773,0.15048519,0.1606952,0.16897087,0.17356151,0.17314371,0.16692543,0.15474781,0.1372496,0.116232365,0.0955539,0.0826427,0.086467244,0.10731795,0.13760173,0.17132668,0.20562069,0.23962893,0.27384397,0.30965537,0.3488156,0.39278188,0.442098,0.49602976,0.55253875,0.6085169,0.6601446,0.7032718,0.73377585,0.74788606,0.7424711,0.7152903,0.66520995,0.59239626,0.4985429,0.38736358,0.26652175,0.15909359,0.14948931,0.25543496,0.3869767,0.51430404,0.62662476,0.7172771,0.7814811,0.8159786,0.8190323,0.79049194,0.73187494,0.64651114,0.5399648,0.4214831,0.30922192,0.24482298,0.27929622,0.38629782,0.51516116,0.6420556,0.75618154,0.85160947,0.924862,0.9741324,0.99895483,1.0,0.97889704,0.9380536,0.8804703,0.80955523,0.728947,0.64235646,0.55343944,0.46571234,0.38253033,0.30714998,0.2428829,0.1932005,0.16112527,0.14691606,0.14597046,0.1512204,0.15712255,0.16070323,0.16079947,0.15723045,0.15027224,0.1403604,0.12793119,0.11335268,0.09692002,0.078899816,0.059623517,0.039714456,0.021292077,0.01687285,0.032917686,0.05246465,0.07128364,0.0881282,0.10223703,0.113073535,0.12030442,0.12381346,0.1237155,0.12036276,0.11434272,0.10646791,0.09775366,0.08936471,0.08248466,0.0780543,0.07643053,0.07721854,0.07948133,0.08215081,0.08432855,0.0853892,0.084965624,0.082895756,0.07916933,0.073887385,0.06723848,0.059494864,0.051035296,0.042412307,0.03449881,0.02870084,0.026742049,0.02909765,0.034169998,0.039994273,0.04524892,0.049139094,0.051182583,0.051105447,0.048801783,0.044320446,0.03786518,0.029816927,0.02085239,0.012656956,0.010955891,0.017967006,0.026978288,0.035388637,0.04228033,0.047121245,0.049558114,0.04937725,0.046495616,0.040957384,0.03293554,0.022769552,0.011374306
106,0.08480677,0.073085815,0.06504492,0.061838154,0.06322091,0.067560375,0.07289927,0.07773547,0.08114798,0.08267556,0.08218736,0.07978767,0.07574279,0.07041517,0.064196505,0.05743792,0.05038416,0.04312876,0.035614975,0.027713925,0.019465989,0.012105942,0.011929686,0.021256052,0.033955667,0.047840487,0.061979134,0.07561534,0.088033,0.09857779,0.10671734,0.1121163,0.11471939,0.11483758,0.11322351,0.11109358,0.10999941,0.11142874,0.116188094,0.123965226,0.13344169,0.14278968,0.15014449,0.15388909,0.15280437,0.14617094,0.13388653,0.11668334,0.09666341,0.078680955,0.072099425,0.084665425,0.111863844,0.14566965,0.18149097,0.21727528,0.2524693,0.2875815,0.32386518,0.36288863,0.40597406,0.45364332,0.5052588,0.5589558,0.6118253,0.6602366,0.7002024,0.72773457,0.73917073,0.7314667,0.7024528,0.6510568,0.5775102,0.48360586,0.37329072,0.25502825,0.1555058,0.16002792,0.26801023,0.39761987,0.52227527,0.6315862,0.7189919,0.7797764,0.81074476,0.810226,0.7781374,0.71605927,0.6273742,0.51769596,0.39643747,0.28292847,0.22460853,0.27364156,0.38960096,0.5216173,0.6487056,0.76136,0.8542515,0.92425394,0.96981627,0.9906853,0.98771745,0.9627027,0.91818035,0.857248,0.7833705,0.7001988,0.61141133,0.5205887,0.4311395,0.34630513,0.26929846,0.2036788,0.153983,0.1254737,0.11937556,0.1278669,0.14069846,0.15176383,0.15856776,0.16045013,0.15758294,0.15049133,0.13981442,0.1261813,0.11015334,0.092215426,0.07281218,0.052455455,0.032122552,0.016344203,0.022643441,0.041669644,0.061687663,0.08054321,0.097304255,0.11130982,0.12206337,0.12923747,0.1326958,0.1325126,0.12898503,0.122637965,0.11422311,0.1047117,0.09526819,0.08716335,0.08155176,0.07909258,0.07962879,0.08226474,0.085803635,0.08915712,0.0915246,0.09240637,0.09155665,0.08893152,0.08464941,0.078967914,0.07227728,0.06510945,0.058154717,0.052252743,0.04827114,0.046778917,0.04766551,0.050132446,0.053097643,0.055572964,0.056807887,0.05629483,0.05374048,0.049040835,0.04226644,0.033662256,0.023698105,0.0134663945,0.008513113,0.016371699,0.027295487,0.037766524,0.046829466,0.053905535,0.058572836,0.060538154,0.059635784,0.055827837,0.049200226,0.039953165,0.028387476,0.014898735
107,0.08847706,0.074733816,0.06373179,0.057246063,0.05618662,0.059599664,0.06532399,0.071367934,0.076419614,0.079748414,0.08102165,0.080174476,0.077324554,0.072709255,0.06663181,0.059411123,0.051335603,0.042625647,0.033413287,0.023752648,0.013711424,0.0045625824,0.010149834,0.021850884,0.03431122,0.04700176,0.059475962,0.07123055,0.081729375,0.09045596,0.09697902,0.10102673,0.10256834,0.1019011,0.09973122,0.097208776,0.09581575,0.09697225,0.10140858,0.10873715,0.117608465,0.1262307,0.13282007,0.1358503,0.13418047,0.12715195,0.11472402,0.09776727,0.078875594,0.0645309,0.066054486,0.08698389,0.11897133,0.15524378,0.19249663,0.2292197,0.26500994,0.30033097,0.3363008,0.3743473,0.41572267,0.46099225,0.5096676,0.5600942,0.6095856,0.654713,0.69165856,0.71657044,0.72589415,0.71667147,0.6868039,0.6352873,0.56243986,0.47021368,0.3629483,0.25031728,0.1624323,0.17625724,0.28050157,0.40518117,0.5252077,0.6300845,0.71319157,0.76982045,0.7968168,0.7925625,0.75702447,0.69181335,0.6003,0.48801762,0.3642752,0.24925745,0.1979783,0.2632247,0.38706335,0.52048886,0.6459103,0.7552541,0.8438833,0.90910476,0.949698,0.9656913,0.9581881,0.9291901,0.8814069,0.81805587,0.74266213,0.6588701,0.57027864,0.4803114,0.39213854,0.30867675,0.232735,0.16749062,0.11771089,0.09106702,0.09107218,0.10611897,0.123300806,0.13695769,0.14537653,0.14836152,0.14630947,0.13984565,0.12965766,0.116412655,0.100722045,0.0831455,0.06424809,0.044800192,0.02673998,0.018870391,0.031048553,0.049893484,0.06921803,0.08740078,0.10358432,0.11713488,0.12756404,0.13453363,0.13787687,0.13761872,0.1339905,0.12743856,0.11862961,0.10845465,0.098027244,0.08864664,0.08164558,0.07802616,0.07798968,0.08079857,0.08518201,0.08987559,0.09390776,0.09664775,0.097758256,0.09713547,0.09486134,0.09117039,0.08642662,0.08110341,0.07575449,0.070957854,0.067213975,0.06480508,0.063676186,0.063425414,0.06342302,0.06298086,0.061485983,0.058472503,0.05364808,0.04689755,0.038278636,0.02802447,0.016620727,0.006162187,0.011509572,0.023830675,0.03595375,0.046912525,0.05610697,0.063056,0.06738517,0.06883619,0.06727572,0.06269888,0.055226184,0.045093805,0.032637693,0.01827263
108,0.09052096,0.07581459,0.062810674,0.053428136,0.04953012,0.051354624,0.056945875,0.06382659,0.07023011,0.075135835,0.07801505,0.07864777,0.077017255,0.073245086,0.06754428,0.06018057,0.051438566,0.041593242,0.030888861,0.019528167,0.0076761185,0.0045680427,0.017009249,0.029542148,0.041960254,0.054001473,0.06533772,0.07558679,0.084340036,0.09120422,0.09585554,0.098104626,0.09797189,0.09577275,0.09220549,0.0884068,0.0858703,0.0860584,0.08971735,0.09639577,0.104646385,0.11262214,0.118543126,0.120921336,0.11866381,0.11116136,0.098445356,0.08158875,0.06396426,0.054480758,0.06491683,0.09235661,0.12748931,0.16528983,0.20331867,0.24036027,0.2760575,0.31080446,0.34561023,0.3818204,0.42068714,0.4628822,0.50811136,0.55495566,0.6009595,0.64289445,0.677105,0.69986767,0.70773005,0.69781804,0.66810983,0.6176857,0.5469885,0.45821273,0.35627332,0.25235844,0.17852339,0.19727486,0.29377535,0.41084665,0.52428764,0.6232205,0.70085603,0.7524535,0.7748865,0.766585,0.7275564,0.6594177,0.56547034,0.4510329,0.32498783,0.20793599,0.16622952,0.25068787,0.3810304,0.5138973,0.6356578,0.7397612,0.8223256,0.8811528,0.91541433,0.92547786,0.9127468,0.87948143,0.82859975,0.7634667,0.68768275,0.6048854,0.51857525,0.43197805,0.34795412,0.26897326,0.1972017,0.1348638,0.08554023,0.058027126,0.061262902,0.07987759,0.09848936,0.11262211,0.12144144,0.12513115,0.12420003,0.11925529,0.110911444,0.09975329,0.086332805,0.07120591,0.05505429,0.03909839,0.026746552,0.026331803,0.03877395,0.055786308,0.073505096,0.09042615,0.10566489,0.1185602,0.12859438,0.13539049,0.13872921,0.13856754,0.13505355,0.12853651,0.11957486,0.1089468,0.09766714,0.08699929,0.07839943,0.07324109,0.07223498,0.07495765,0.08010618,0.08620804,0.09208609,0.09695768,0.10037602,0.10215012,0.10228153,0.10091858,0.098321475,0.09483053,0.09083071,0.086706206,0.08278279,0.07926415,0.076180175,0.073370405,0.07051545,0.06720638,0.06302644,0.057621233,0.05074678,0.04229595,0.032309674,0.020986931,0.0088139335,0.0057044276,0.01846287,0.031383783,0.04347666,0.05415782,0.06291551,0.06931325,0.07300859,0.07376968,0.07148648,0.06617534,0.05797671,0.04714605,0.03403853,0.019088412
109,0.08979446,0.07507462,0.06110381,0.049612787,0.042934254,0.04270225,0.047739547,0.055153012,0.06264271,0.06888487,0.0731745,0.07516033,0.0747105,0.07184287,0.0666829,0.05943308,0.050348047,0.039713703,0.027831338,0.015013353,0.0019534575,0.012484146,0.026399728,0.040127344,0.053339157,0.0657029,0.076868884,0.086477004,0.09417527,0.0996495,0.10266414,0.10311445,0.10109076,0.09695661,0.09143846,0.08570177,0.081313856,0.07988301,0.08229226,0.08807816,0.095647365,0.10300665,0.10829921,0.11002024,0.10709349,0.09894677,0.08568913,0.06865195,0.05232395,0.048658814,0.06702446,0.09879946,0.13584173,0.17444767,0.21265729,0.24938866,0.2842779,0.31765524,0.35046396,0.38403225,0.41968226,0.45825118,0.49967661,0.542789,0.58535874,0.6243418,0.6562264,0.6774024,0.684512,0.6747674,0.6462368,0.59811413,0.5310199,0.4474854,0.35315147,0.2606923,0.20161784,0.22230014,0.30863866,0.4157634,0.5206569,0.61203724,0.6829017,0.72846043,0.74561614,0.7328526,0.69021904,0.6193249,0.523356,0.40728354,0.2791594,0.15917775,0.13316417,0.24004635,0.37441784,0.50431216,0.6202336,0.71710575,0.79180455,0.84265363,0.86925095,0.8723386,0.8536519,0.81573784,0.7617475,0.6952139,0.6198299,0.53923887,0.4568515,0.3756979,0.29832408,0.2267395,0.16242763,0.106466696,0.060041144,0.02796682,0.029935043,0.04973374,0.06713225,0.07983968,0.08800429,0.09212481,0.092730306,0.090306476,0.08528459,0.078058,0.0690234,0.05866645,0.047757287,0.03783753,0.032123823,0.034545634,0.04456638,0.05849263,0.07373864,0.08884718,0.102849655,0.11500156,0.12470592,0.13150397,0.13508761,0.135316,0.13222979,0.1260608,0.1172399,0.10640871,0.094445534,0.08251484,0.072119296,0.065006584,0.06259866,0.06502872,0.07097,0.07860734,0.08646135,0.09356273,0.09934819,0.10353668,0.10604213,0.10691608,0.106307805,0.10443269,0.10154314,0.09789873,0.09373431,0.08922814,0.08447468,0.07946936,0.07411134,0.068226285,0.061604463,0.054045703,0.045401704,0.03560966,0.024716923,0.01292018,0.0022731682,0.013053601,0.025859261,0.038193364,0.049508844,0.05930566,0.06712624,0.07257705,0.07535019,0.07524069,0.07215838,0.066133335,0.057314727,0.0459636,0.03244118,0.017204896
110,0.08573276,0.07181408,0.057839442,0.04518455,0.036135957,0.033556353,0.03773776,0.04549263,0.05384751,0.06117474,0.06663717,0.06979124,0.07041704,0.068445295,0.063920826,0.056980006,0.047834028,0.036756277,0.024078812,0.010271968,0.005635523,0.020568164,0.036011524,0.051178105,0.06561055,0.07887327,0.09054317,0.10021994,0.10754473,0.11222644,0.1140761,0.11305014,0.10930473,0.10326462,0.0957087,0.08785747,0.08137669,0.078063674,0.07901771,0.08382496,0.09073081,0.097533576,0.10223837,0.10328059,0.09957437,0.09056738,0.0764272,0.05872714,0.043308035,0.045427468,0.069775485,0.10431134,0.14246537,0.18132634,0.21917917,0.25499374,0.2883852,0.31964463,0.34969977,0.37992662,0.41178364,0.4463271,0.48375633,0.52315384,0.5624971,0.5988971,0.628958,0.649164,0.65624636,0.6475124,0.6211443,0.57648975,0.5144066,0.4378422,0.35320368,0.2741534,0.22913344,0.25008067,0.32523647,0.42060632,0.5151128,0.5973157,0.6600499,0.69849986,0.7096192,0.6919665,0.6456482,0.57226896,0.47487512,0.35798705,0.22835147,0.10377342,0.108118296,0.2361442,0.3702692,0.49422842,0.6019664,0.68963164,0.75478417,0.79625225,0.81405896,0.8093205,0.7841013,0.74122906,0.68408036,0.61635196,0.5418319,0.464185,0.38676468,0.312462,0.24359769,0.1818613,0.12829877,0.08335018,0.046959624,0.019029621,0.008607642,0.021963747,0.033263877,0.041460145,0.04727858,0.051325418,0.05396442,0.055347823,0.055496354,0.054391805,0.052068967,0.0487161,0.04481008,0.04130194,0.039726906,0.041754875,0.048037644,0.05780394,0.06969562,0.08243465,0.0949546,0.10636435,0.115918145,0.12301242,0.12719762,0.12819403,0.1259052,0.12042648,0.11205003,0.10127178,0.08881384,0.07568803,0.06333779,0.05382501,0.0495719,0.051737785,0.058860637,0.06838164,0.07834557,0.08759817,0.095508516,0.1017551,0.106206894,0.108857356,0.10978414,0.10912148,0.10703864,0.10372124,0.0993537,0.09410261,0.08810187,0.081441656,0.07416379,0.06626571,0.05771384,0.048465233,0.038495336,0.027832597,0.016629882,0.005870235,0.009095436,0.020792993,0.032585796,0.043730836,0.05375282,0.06221657,0.068724394,0.07293418,0.074578986,0.07348388,0.06957807,0.062901825,0.05360835,0.041963335,0.02835756,0.013490749
111,0.07826894,0.06584761,0.05273393,0.0398904,0.029121347,0.023960317,0.027072618,0.035150934,0.044205226,0.052342933,0.058685,0.062754974,0.06428052,0.06312617,0.05926698,0.052775946,0.04381737,0.032648176,0.01966237,0.0062545887,0.012384936,0.028525958,0.045215525,0.061654758,0.07726881,0.09151844,0.10389369,0.11392893,0.121225365,0.125479,0.12651406,0.124322794,0.11911432,0.11137697,0.10195952,0.09216384,0.08377564,0.07878741,0.07851444,0.08258707,0.08906509,0.09550604,0.09975137,0.100159116,0.09561945,0.08557768,0.07019983,0.051125463,0.035418376,0.04230284,0.07098307,0.10733953,0.14606436,0.18471608,0.2217107,0.2560386,0.28730142,0.3157827,0.3424439,0.36876857,0.39641201,0.4266972,0.4601069,0.49596637,0.53242666,0.56671184,0.5955062,0.6153692,0.6231206,0.6161805,0.59287846,0.5527617,0.49697748,0.4289199,0.3556299,0.29088408,0.25837684,0.2787877,0.3427961,0.4253089,0.50790924,0.57944775,0.6327627,0.6630906,0.66748923,0.64463496,0.5947285,0.51940346,0.4216013,0.30541986,0.17607443,0.04376949,0.10744235,0.24307552,0.37111822,0.48579934,0.5829753,0.6596133,0.71382326,0.74488133,0.75319755,0.74022245,0.708301,0.66048396,0.6003116,0.5315853,0.45814338,0.38365623,0.31145525,0.24440916,0.18486013,0.1346329,0.09511263,0.06725739,0.050953362,0.04338088,0.03945499,0.035239454,0.029196864,0.021316612,0.012448221,0.006071691,0.0114205675,0.020313103,0.028652238,0.03567844,0.041062225,0.04467615,0.046596896,0.047166597,0.04707907,0.04741816,0.049474783,0.05421998,0.061784055,0.07148544,0.08225522,0.092981145,0.102657974,0.11043895,0.11565789,0.11784422,0.11673355,0.11227233,0.1046165,0.09412791,0.081379406,0.06719853,0.05283219,0.040439297,0.033867486,0.036520798,0.046059337,0.058092147,0.07016131,0.08114648,0.09051538,0.098017305,0.10355908,0.10714565,0.10884595,0.10877052,0.107056,0.10385377,0.09932128,0.09361493,0.086883806,0.079264544,0.07087792,0.061828785,0.052211497,0.042124912,0.031709474,0.021268405,0.011945598,0.009734013,0.017667282,0.027899105,0.038111556,0.04761986,0.055980597,0.062813796,0.06778111,0.07059406,0.071029074,0.0689426,0.06428379,0.05710462,0.04757028,0.035985388,0.022932408,0.010687966
112,0.06776078,0.05744335,0.04598722,0.033963133,0.022399921,0.014280094,0.016033739,0.024734966,0.034338802,0.042929642,0.049762998,0.05440736,0.056576453,0.05609053,0.052868146,0.04692759,0.038396467,0.027551329,0.015094481,0.0072742053,0.019564195,0.036300324,0.053755086,0.07105264,0.08751618,0.10251377,0.11545252,0.12579754,0.13309889,0.1370232,0.13738897,0.13420676,0.12772648,0.11849801,0.10745239,0.096002124,0.08609227,0.07993276,0.07901845,0.08293054,0.08946438,0.095914066,0.09996658,0.09991512,0.09462968,0.08353632,0.0667165,0.045519434,0.027206605,0.037305675,0.06932345,0.106884964,0.14572068,0.18371533,0.21937014,0.2516896,0.28027612,0.30543467,0.32820174,0.35021907,0.3733922,0.39935303,0.42888197,0.4615245,0.49555582,0.52825814,0.55635566,0.57646656,0.5855065,0.5810356,0.56157005,0.5268995,0.47848877,0.4201334,0.35919914,0.30860603,0.28673482,0.30622774,0.3597509,0.42904234,0.49871564,0.5584213,0.60126007,0.6226596,0.6198734,0.59177005,0.5387179,0.46247625,0.3660639,0.25363636,0.13075791,0.02852017,0.13713846,0.26217446,0.37833655,0.48050386,0.56496567,0.6291155,0.67147374,0.69169307,0.6905094,0.6696349,0.63160163,0.5795674,0.5170992,0.44795185,0.37585893,0.304358,0.23667674,0.17572877,0.12432407,0.08576689,0.06420978,0.06021229,0.065319076,0.07090885,0.07346786,0.07234058,0.067957126,0.061142225,0.052891288,0.044373356,0.037073165,0.03281185,0.032863982,0.036542393,0.041828655,0.046952505,0.050814673,0.05286679,0.053032145,0.051732935,0.04996983,0.04929831,0.051364154,0.056947503,0.0654724,0.075550444,0.085692964,0.09462517,0.10135008,0.105146095,0.105557494,0.10238442,0.09566911,0.085676625,0.07287363,0.05792079,0.041741475,0.026019624,0.016453788,0.023143753,0.03733874,0.051983654,0.0654164,0.07705755,0.086653,0.09411307,0.09945289,0.10275697,0.104152426,0.10378841,0.101821445,0.09840668,0.09369426,0.087829545,0.08095555,0.07321659,0.06476303,0.055759087,0.04639954,0.036952917,0.027886286,0.020255111,0.01653991,0.019119058,0.025889186,0.034002025,0.042131335,0.049628433,0.056065597,0.061100636,0.06444219,0.06584746,0.065131396,0.062179793,0.05696402,0.049559854,0.04018448,0.02932105,0.018374303,0.013550733
113,0.05496411,0.047316168,0.038319133,0.028276527,0.017561588,0.006798697,0.0056528943,0.015769098,0.025395384,0.033784185,0.0405199,0.045256324,0.047709182,0.047666237,0.04500158,0.03969599,0.031880815,0.022008056,0.012115717,0.013356845,0.027106386,0.04386702,0.061510228,0.079114355,0.09592584,0.111238606,0.12439021,0.13478394,0.1419201,0.14543161,0.14512268,0.14101122,0.13337825,0.122830994,0.11039121,0.09761227,0.08665517,0.079998545,0.07926871,0.08382822,0.09107836,0.098041005,0.10229318,0.10210585,0.09635645,0.08446238,0.06638969,0.042903,0.018779453,0.029523754,0.06429116,0.10247914,0.14092883,0.17779599,0.21164691,0.24149922,0.26696602,0.2883923,0.3069175,0.32438052,0.34298408,0.36470893,0.3906412,0.42050967,0.45264584,0.48432267,0.51226175,0.5331303,0.54395777,0.5424792,0.52743834,0.4988981,0.45863032,0.41070428,0.36239028,0.32496893,0.3118156,0.33014613,0.37410235,0.43042922,0.4867454,0.5339209,0.5656182,0.57764375,0.56758034,0.53460646,0.47939506,0.40405658,0.3122079,0.20975627,0.11156869,0.0935833,0.18478568,0.29150334,0.39180523,0.4789595,0.54911995,0.5999231,0.63022816,0.640019,0.6303036,0.60297686,0.5606448,0.5064202,0.4437021,0.3759567,0.30651653,0.23841889,0.17431726,0.11656208,0.06793217,0.03635903,0.040596716,0.062257636,0.08206824,0.09690007,0.10658687,0.111502245,0.112122655,0.10894706,0.102526054,0.093535244,0.0828662,0.07172027,0.061665323,0.05447641,0.051394895,0.052056435,0.054577354,0.056847256,0.057401225,0.055581618,0.05151772,0.046210732,0.041747622,0.041053176,0.045891162,0.055075604,0.06605468,0.07665658,0.085355766,0.09112279,0.09331273,0.09160863,0.08598583,0.07667795,0.06413657,0.048983537,0.031957477,0.013860561,0.004573919,0.022440664,0.039192896,0.054262433,0.06725051,0.0779112,0.08614565,0.091985814,0.095569335,0.09710843,0.09685674,0.095078,0.0920206,0.08790105,0.08289785,0.07715554,0.07079693,0.0639411,0.056725483,0.049333632,0.04203574,0.0352566,0.029679252,0.02628833,0.02597221,0.028663522,0.033338908,0.038890403,0.04452382,0.049701132,0.05402876,0.057193346,0.05893528,0.05904342,0.05736139,0.053801455,0.04836703,0.041196253,0.03267745,0.023862086,0.01801507,0.021095451
114,0.04114406,0.03678002,0.031155339,0.02453273,0.017342594,0.010599733,0.0080311755,0.012742632,0.01964666,0.026300624,0.03190819,0.03599744,0.03821331,0.038288943,0.0360586,0.031501435,0.024875,0.017304309,0.013642562,0.021035675,0.034900855,0.05117693,0.06841872,0.085723355,0.10229963,0.11739462,0.130297,0.14036326,0.14705296,0.14996839,0.14889714,0.14385831,0.13515626,0.1234513,0.1098641,0.09612539,0.08469039,0.07837952,0.07885605,0.085002705,0.09368923,0.1017086,0.10661513,0.106725544,0.100974135,0.088819385,0.07019951,0.045518257,0.015831066,0.019461345,0.056127608,0.09414104,0.13159265,0.16682597,0.19843906,0.22545046,0.24748011,0.26491445,0.27900547,0.29181474,0.30588588,0.32359254,0.34633306,0.37396562,0.40478724,0.43598118,0.4642265,0.48624113,0.49919826,0.5010488,0.49079993,0.46879786,0.43706793,0.39975908,0.36361736,0.33784002,0.33157375,0.34850028,0.38383177,0.427891,0.47100565,0.5055161,0.5259228,0.5286236,0.5117054,0.47483456,0.41923487,0.34783247,0.2659861,0.18479274,0.13450317,0.16122812,0.2391444,0.32727718,0.41011998,0.48096412,0.5361152,0.5735454,0.59250003,0.5933139,0.5772557,0.54635423,0.50319844,0.45071846,0.39196056,0.3298724,0.2671154,0.20592195,0.14801557,0.094627775,0.04680087,0.012334022,0.0383195,0.07032985,0.0978402,0.1203331,0.13755558,0.14926636,0.15528516,0.15558761,0.15039738,0.14025791,0.12608068,0.10918068,0.091322415,0.07478678,0.062297694,0.056102924,0.05591223,0.05861994,0.060833286,0.060424585,0.05651426,0.04918965,0.039488025,0.030022707,0.02639602,0.032848146,0.04495713,0.057789396,0.068861246,0.07682954,0.08091999,0.08076228,0.076333076,0.0679246,0.056126855,0.0418659,0.026773004,0.015974598,0.021437276,0.035930637,0.050981645,0.064511806,0.07572667,0.08424899,0.089958854,0.09293846,0.09343292,0.091809936,0.08851565,0.08402764,0.07880819,0.07326188,0.06770351,0.06234263,0.057289917,0.05258564,0.04824385,0.04430075,0.0408537,0.038076922,0.03619819,0.03542573,0.035845716,0.0373556,0.039685395,0.042478837,0.045368038,0.048011538,0.050104693,0.051379547,0.05160503,0.050592136,0.048206393,0.044391196,0.0392134,0.03296906,0.02647324,0.021805767,0.022595147,0.029942535
115,0.028690616,0.028276637,0.026860695,0.02466389,0.02205287,0.019595679,0.018059293,0.0181239,0.0198301,0.022519896,0.0253501,0.0276145,0.028783988,0.028486535,0.026521722,0.022963675,0.01853817,0.015815563,0.019337451,0.029250821,0.042728826,0.05811645,0.07442636,0.09084488,0.1065946,0.12091241,0.13306603,0.14238605,0.14830571,0.15040457,0.14845543,0.14247525,0.13278607,0.12009895,0.10564704,0.09139246,0.080198996,0.07530072,0.078163646,0.08682485,0.097570874,0.10710654,0.11308657,0.113948025,0.10873281,0.09699905,0.07878776,0.054633185,0.025858115,0.012520971,0.045935493,0.082346916,0.11799945,0.15106042,0.18005882,0.20397171,0.22239885,0.23574519,0.24536084,0.25353953,0.26321247,0.2772088,0.29725254,0.323255,0.35335574,0.3845548,0.41345808,0.43685365,0.4521013,0.45741108,0.45207837,0.43671653,0.41351053,0.3864656,0.36145806,0.34549913,0.34442088,0.35966578,0.38723886,0.42000484,0.4505907,0.4728884,0.48244646,0.47646832,0.45376077,0.41474283,0.3616071,0.29889843,0.23532645,0.18828018,0.18385419,0.22705324,0.29411167,0.3655054,0.43117392,0.48574856,0.52625287,0.55126995,0.56058973,0.5549886,0.5360285,0.50583947,0.4668845,0.42171466,0.3727367,0.3220195,0.27117258,0.22133473,0.17331721,0.12800302,0.08743033,0.05847068,0.057044923,0.08086596,0.1114479,0.14065433,0.16532919,0.1837561,0.19489382,0.19823655,0.19380291,0.18213722,0.16429614,0.14182562,0.116759874,0.091714956,0.07018023,0.05663961,0.053967863,0.058763426,0.06473204,0.06784848,0.0664104,0.06005027,0.0492049,0.03491943,0.019212198,0.011261745,0.023748197,0.039414033,0.05305029,0.06322563,0.06917871,0.0705668,0.06743806,0.060246043,0.049933434,0.038275808,0.029076176,0.028960878,0.038841117,0.052629855,0.06644216,0.07850592,0.08790413,0.09416347,0.09712357,0.09687953,0.093741484,0.08819702,0.08087378,0.07250354,0.063887656,0.055855967,0.049192656,0.04448744,0.0419241,0.041175645,0.041580606,0.042467162,0.043361466,0.04402412,0.04439952,0.04454618,0.044573296,0.044589423,0.0446651,0.04481111,0.044972643,0.045036808,0.044848632,0.04423095,0.043005876,0.04101882,0.038169783,0.0344639,0.030111346,0.025747882,0.0228384,0.023635782,0.02921259,0.038448878
116,0.022808187,0.025660735,0.027641201,0.028718274,0.028947515,0.02845894,0.027445689,0.026143191,0.02478948,0.023563312,0.022516388,0.021540444,0.020407237,0.018886046,0.016944017,0.015120565,0.015073229,0.018867327,0.026670102,0.037432484,0.050267354,0.064488605,0.07945066,0.094481185,0.10887081,0.12188987,0.1328193,0.14098996,0.14582726,0.14689936,0.14396864,0.13704894,0.12647654,0.11301516,0.09803665,0.083823666,0.073814735,0.07164876,0.07807777,0.089932196,0.10309043,0.114402026,0.121741064,0.12371526,0.11949729,0.10876324,0.09169224,0.06904981,0.04271922,0.021435339,0.03625803,0.068040654,0.10077742,0.13110854,0.15721586,0.17793472,0.19278282,0.20212777,0.207369,0.21101938,0.21645796,0.22708045,0.2449766,0.26999804,0.2999521,0.3315497,0.3613143,0.38614944,0.40365732,0.41234738,0.4118102,0.40288177,0.387785,0.37016925,0.3548321,0.346753,0.34931034,0.3625741,0.38316873,0.40578723,0.42494512,0.4360448,0.4358162,0.42247078,0.39579955,0.35735705,0.31091547,0.26350853,0.2270735,0.21712247,0.24080828,0.2885735,0.3460031,0.40280235,0.45277023,0.49232465,0.5196408,0.5342108,0.5365629,0.5280132,0.5103995,0.48578763,0.45616612,0.42316893,0.3878817,0.35078764,0.31188247,0.27094272,0.22790103,0.18331891,0.13914767,0.10063566,0.08050185,0.091533385,0.12249908,0.15752229,0.18906063,0.2135572,0.22911997,0.23485655,0.23067117,0.21717362,0.19560504,0.16776346,0.13595466,0.10306357,0.07304887,0.052438922,0.049092323,0.05903793,0.07089977,0.078844495,0.08091799,0.07679096,0.066969976,0.052482087,0.03469089,0.0151748825,0.0050670505,0.02322327,0.03897683,0.051041722,0.058697738,0.06163833,0.060016066,0.054532163,0.046668738,0.03925927,0.036900662,0.04275505,0.054513056,0.068261504,0.08141047,0.09242695,0.10038559,0.1047715,0.10539595,0.1023478,0.09595318,0.0867363,0.075383976,0.06272531,0.049755327,0.037773203,0.028733995,0.025222674,0.027753258,0.033366676,0.039363515,0.04450094,0.04833442,0.050785683,0.051957246,0.052043144,0.05127607,0.04989089,0.048097868,0.046063505,0.043898497,0.041652896,0.039318975,0.03684256,0.034144226,0.031153912,0.0278689,0.024460955,0.021480368,0.020115197,0.021881353,0.02726684,0.035512395,0.0457078
117,0.027687458,0.030244317,0.032770637,0.03477841,0.035975676,0.036211528,0.03543863,0.033688672,0.031053279,0.027666118,0.023685899,0.019287637,0.014693694,0.010383847,0.007997139,0.010327699,0.01642437,0.024532307,0.034138974,0.04506394,0.057118814,0.07001834,0.083360985,0.09663627,0.10924684,0.12054021,0.1298481,0.13653128,0.14002898,0.13991153,0.13593726,0.12811747,0.11680191,0.10281608,0.08771953,0.074264735,0.06667444,0.06868955,0.079505876,0.09473444,0.11028923,0.123389035,0.13218893,0.13547291,0.1325291,0.123119734,0.10749957,0.08649821,0.06186272,0.038201977,0.032011837,0.052769147,0.080843166,0.10788196,0.13099396,0.14866047,0.1602055,0.16585806,0.1669636,0.16619603,0.1674674,0.17497167,0.19128227,0.21600153,0.24633205,0.27858374,0.30923238,0.33537814,0.35493168,0.36673048,0.37064356,0.3676579,0.35990104,0.35050005,0.34311134,0.34098926,0.34578896,0.3567894,0.3711357,0.38487393,0.39405432,0.3954842,0.38714737,0.3684591,0.34051853,0.30650255,0.27230078,0.24698274,0.24087314,0.25892547,0.296338,0.34357402,0.39224258,0.43657836,0.47304,0.49979162,0.516346,0.523287,0.52198625,0.51426685,0.50201225,0.48676088,0.46937355,0.44987565,0.42753866,0.40117848,0.36957106,0.33186984,0.28795856,0.23876731,0.1867511,0.13722803,0.10230064,0.10103447,0.1309562,0.17077945,0.20814027,0.23762329,0.25660622,0.26391974,0.25942624,0.2438383,0.21859102,0.18572322,0.14778084,0.10783882,0.070083044,0.043156017,0.043404207,0.062170003,0.080757275,0.09340309,0.09866955,0.09652216,0.08767458,0.07334686,0.055122312,0.03490247,0.015643908,0.012610653,0.027389208,0.04069125,0.049928103,0.054574672,0.054842897,0.051690552,0.0470764,0.044228245,0.046669457,0.055244777,0.067676306,0.08118436,0.09369385,0.103795424,0.11057019,0.11348844,0.112352856,0.10725557,0.098534755,0.086726524,0.0725126,0.056667656,0.04001574,0.02343953,0.008557977,0.0100885825,0.022449082,0.033500016,0.042473193,0.04924166,0.053863678,0.056513615,0.057443712,0.05695025,0.055341765,0.052910697,0.04991046,0.04653991,0.042936206,0.03917624,0.03528593,0.031256903,0.027073093,0.022759326,0.018492347,0.014887688,0.013497119,0.016054228,0.022153668,0.030486783,0.040286716,0.051145017
118,0.037838396,0.038309958,0.039572943,0.041003738,0.04206514,0.04235959,0.041626822,0.0397248,0.036609247,0.03231421,0.026932659,0.02059582,0.013451112,0.005640098,0.002730093,0.011572567,0.020871213,0.03063517,0.04089067,0.05164592,0.06285383,0.07437937,0.08597866,0.09729348,0.10786204,0.11714398,0.12455693,0.12952177,0.13151425,0.13012165,0.1251055,0.11647648,0.1046,0.090382926,0.075659014,0.063889675,0.06022083,0.06756172,0.08282426,0.10105035,0.11866945,0.13336505,0.1435596,0.1481808,0.1465921,0.13858898,0.12442119,0.1048423,0.08125913,0.05635834,0.03716315,0.039187748,0.05935853,0.08253638,0.10285844,0.11799452,0.12689444,0.12949131,0.12687932,0.1217093,0.1185079,0.12281171,0.13805659,0.16319631,0.19433826,0.22730483,0.25864765,0.28578883,0.30701354,0.321493,0.32932717,0.33155888,0.3300934,0.32743564,0.32616478,0.32818297,0.33401,0.34253138,0.3513653,0.3576026,0.3585512,0.352302,0.33813497,0.31687102,0.2912758,0.26650742,0.2500698,0.24967574,0.26852772,0.3029685,0.3457823,0.39012778,0.43095118,0.4650121,0.49064136,0.50751865,0.5164527,0.5190976,0.5175588,0.51388705,0.50953525,0.5049324,0.4993395,0.49105301,0.47786707,0.4576156,0.42864397,0.3901438,0.34236455,0.28677994,0.22640806,0.16689928,0.12025025,0.10867069,0.13699014,0.18044859,0.22222102,0.25527808,0.27644905,0.28440055,0.2790144,0.2611295,0.23237033,0.19499071,0.15173087,0.10576367,0.06121165,0.029362908,0.04175302,0.070571825,0.09465173,0.11072049,0.11808782,0.11701187,0.1083822,0.09356306,0.07426491,0.052451037,0.030454146,0.013413166,0.018466754,0.03235269,0.04336704,0.05011447,0.05276255,0.052401904,0.05109101,0.051659282,0.05646737,0.06574307,0.07779821,0.09049319,0.10202531,0.11106062,0.11669398,0.118401036,0.11599926,0.10960998,0.09961603,0.08661471,0.07137109,0.0547873,0.037947018,0.022569831,0.014027229,0.019916115,0.030762352,0.040801853,0.048861533,0.054682773,0.058314167,0.05996822,0.059955005,0.058632016,0.05635866,0.05345497,0.05016808,0.04665159,0.04296209,0.03907331,0.034903146,0.03034535,0.025299564,0.019702181,0.013593843,0.007529783,0.006088852,0.012817819,0.021911466,0.03204644,0.042945996,0.05444406
119,0.048051205,0.046457667,0.045997776,0.046225198,0.04658705,0.046557453,0.045713812,0.043762103,0.040535625,0.035984486,0.030165132,0.023241678,0.015554125,0.008253623,0.007880411,0.015948093,0.025736,0.03595922,0.04632931,0.05672419,0.06705955,0.077235036,0.08709644,0.09640956,0.104849316,0.11200618,0.117409654,0.12056632,0.12100922,0.11835643,0.11237953,0.1030905,0.09087518,0.07675524,0.06298198,0.054062173,0.05577292,0.06863696,0.087584816,0.108074486,0.12725967,0.14324148,0.15464924,0.16050616,0.16020752,0.15353562,0.14068197,0.1222705,0.09939943,0.07379575,0.0485627,0.031922013,0.037784725,0.056441233,0.07481708,0.088624485,0.09619677,0.096995726,0.09154289,0.081911564,0.07290042,0.07268989,0.08722277,0.113637574,0.14585827,0.17930682,0.21090367,0.23855497,0.2609608,0.27759013,0.28868943,0.2952452,0.29883543,0.30131727,0.30435005,0.30886486,0.3147079,0.3206522,0.32477516,0.3250191,0.31974897,0.3082352,0.29109234,0.27073646,0.251803,0.24095502,0.24474597,0.26562232,0.30030093,0.34252983,0.38622472,0.42670608,0.46085015,0.48699063,0.50480765,0.5151913,0.52001184,0.52172863,0.5228149,0.5250743,0.5290553,0.53381526,0.53714293,0.53611916,0.5277704,0.5096207,0.4800682,0.43860045,0.38590142,0.32393533,0.25618827,0.1886355,0.13332595,0.11413673,0.1409248,0.18672284,0.23122194,0.266216,0.28819886,0.29578286,0.28892186,0.26859605,0.2366078,0.19539544,0.1478487,0.09715976,0.04703209,0.014902029,0.049466852,0.08473696,0.11187545,0.12962879,0.13774243,0.1366506,0.12735938,0.11133115,0.090356745,0.06642853,0.041672345,0.018843854,0.011570564,0.026419295,0.039862864,0.049161315,0.05444327,0.056766246,0.0579572,0.060271636,0.06549187,0.073954396,0.08457715,0.095688514,0.10568915,0.11331025,0.11766877,0.11826066,0.11493707,0.1078732,0.097533226,0.0846385,0.070157774,0.05536657,0.04208483,0.033128988,0.031484686,0.036271475,0.043480247,0.05034365,0.055664632,0.059052512,0.060529266,0.06035477,0.058927335,0.0567047,0.05412651,0.051536713,0.049119517,0.046871815,0.044627473,0.042123295,0.039075755,0.035240177,0.030441768,0.02458279,0.017635774,0.009635215,0.001036947,0.009378554,0.020065224,0.031424455,0.04330247,0.055541936
120,0.056267004,0.052994,0.05088155,0.049738653,0.049145754,0.048573315,0.047508135,0.045536436,0.04238099,0.03791217,0.032155085,0.025325391,0.018011265,0.01210832,0.012665753,0.019998789,0.02962904,0.039831664,0.05002398,0.059929498,0.06938754,0.07828501,0.08651215,0.09392588,0.10032217,0.10542283,0.108880475,0.11030284,0.109294534,0.10551405,0.098746866,0.08900598,0.076702125,0.063019015,0.050843395,0.04605682,0.05382915,0.0712296,0.09267873,0.11461885,0.13484405,0.15176152,0.16413896,0.17105095,0.17189097,0.16639963,0.15468875,0.13725343,0.114971094,0.08910094,0.061354984,0.03453288,0.018766787,0.03139024,0.050214157,0.065046325,0.073640674,0.07508609,0.06919458,0.056596022,0.03962504,0.027787087,0.040853623,0.06981115,0.1028711,0.13604899,0.16715743,0.19469997,0.21774733,0.23596199,0.24961077,0.25950408,0.26682335,0.2728247,0.2784632,0.2840568,0.28913823,0.2925749,0.29291293,0.28883153,0.27961856,0.26564893,0.24889213,0.23338656,0.22516228,0.23037955,0.25165644,0.28635564,0.3288822,0.37353984,0.4157546,0.45229873,0.48127136,0.5020653,0.51531476,0.52275586,0.526919,0.5305947,0.5361037,0.5445623,0.5554459,0.5666652,0.57509077,0.5772625,0.5700309,0.55101645,0.51888484,0.47348276,0.41588968,0.34846237,0.27504194,0.20187053,0.14112136,0.11747197,0.14320876,0.18994339,0.23531073,0.27048457,0.29184338,0.2980465,0.2891641,0.2663267,0.2315004,0.1872822,0.13669029,0.08294824,0.029271737,0.021331348,0.066235416,0.103338555,0.13116072,0.14889687,0.15642275,0.15425584,0.14347656,0.12561707,0.10252723,0.076229595,0.048782,0.022242764,0.005628842,0.02421139,0.040540345,0.052375633,0.05996485,0.06424817,0.06674305,0.069279,0.073424384,0.07981553,0.0879522,0.096611015,0.10440719,0.110148296,0.112979874,0.11242392,0.10837395,0.10107395,0.09109496,0.07932383,0.06698484,0.05570522,0.047500167,0.04412901,0.04558798,0.049868368,0.05468767,0.058554776,0.060751684,0.061095305,0.05976934,0.057219587,0.05407047,0.051023312,0.048703674,0.047467116,0.047260705,0.047658443,0.048049543,0.04783592,0.046545185,0.043863766,0.039627943,0.03380054,0.02644819,0.017737623,0.008113504,0.0052305544,0.016204169,0.02861457,0.041521356,0.054638606
121,0.06162304,0.057100974,0.053589188,0.051134188,0.049513694,0.048288096,0.04692656,0.044935115,0.041940954,0.037734788,0.032298803,0.02586939,0.019180384,0.014376912,0.015566449,0.0225946,0.031945884,0.04189059,0.051707588,0.061017957,0.069597505,0.077310555,0.084068775,0.08979309,0.094377615,0.09766132,0.09941495,0.09934846,0.0971409,0.09249225,0.08519885,0.07526753,0.0631304,0.050182253,0.04022686,0.040516682,0.053631477,0.07394697,0.09674687,0.11941837,0.1402039,0.15771031,0.17078903,0.17853503,0.18032071,0.17583424,0.16510879,0.14853534,0.1268556,0.1011328,0.07270108,0.043095198,0.013966225,0.01304065,0.036314767,0.05448489,0.06643704,0.071416415,0.0690817,0.05954023,0.043379903,0.021920636,0.009903872,0.036852468,0.06776655,0.09878477,0.12828128,0.15503234,0.17822364,0.19750422,0.21299435,0.22521691,0.23493661,0.24291833,0.24965848,0.25518107,0.25898874,0.26020357,0.25786594,0.25132963,0.24071597,0.22742377,0.21464778,0.20752384,0.21185285,0.23094563,0.263439,0.304729,0.3495982,0.39357877,0.43329886,0.46652952,0.49220294,0.5104225,0.52240944,0.53031045,0.5367951,0.544423,0.55489534,0.5684523,0.58369327,0.5978918,0.6076222,0.60943097,0.600379,0.5784053,0.542535,0.49297315,0.43113288,0.35966688,0.2826684,0.20659126,0.14379437,0.11907668,0.14438777,0.19056351,0.23486774,0.26844642,0.28776875,0.29162833,0.2802463,0.2549079,0.21773055,0.17146082,0.119292416,0.06484509,0.016416376,0.04451147,0.08821135,0.12442856,0.15110537,0.1673777,0.17314681,0.16898036,0.156016,0.1358421,0.11035831,0.08162486,0.051710702,0.022556588,0.004438612,0.027353216,0.045894437,0.059607893,0.06871512,0.07397776,0.076630056,0.0782012,0.08016126,0.083441034,0.088101715,0.093421236,0.098295495,0.10163992,0.102631085,0.10080839,0.09610042,0.08882145,0.07966507,0.069710985,0.06043276,0.053576857,0.050575025,0.051518735,0.0549598,0.058985185,0.062117163,0.06349559,0.06277755,0.060029186,0.05566354,0.050418276,0.0453438,0.041697185,0.040532332,0.042043496,0.045402694,0.0493571,0.052802578,0.054956682,0.055328313,0.05365291,0.049839,0.043928068,0.03606332,0.02646605,0.01543268,0.0037769563,0.010506681,0.024126494,0.03814716,0.05220675
122,0.06376462,0.058406405,0.05381164,0.050216943,0.047608394,0.04569534,0.04399373,0.041971702,0.039179347,0.035329215,0.030347427,0.024455944,0.018452035,0.014598793,0.016482234,0.023467494,0.032506905,0.04202902,0.051301688,0.0599086,0.06759483,0.07421366,0.0796934,0.08400288,0.08711265,0.08895707,0.08940644,0.088258326,0.08525414,0.08012342,0.07265887,0.06284063,0.051094525,0.039034255,0.03163232,0.036897603,0.053578205,0.075286604,0.09853457,0.121364966,0.14230101,0.16007334,0.17358175,0.18192506,0.1844489,0.18079217,0.1709233,0.15516123,0.13418035,0.10900432,0.08101606,0.05212716,0.026350921,0.021641405,0.040685397,0.060123928,0.0748922,0.08354955,0.085514575,0.08078107,0.06993273,0.054390356,0.03766348,0.030490428,0.04428943,0.06849722,0.09476674,0.120109186,0.14310929,0.163058,0.1797409,0.19331802,0.20417878,0.21275803,0.2193457,0.22394939,0.22626893,0.2258131,0.22215016,0.21526653,0.20601161,0.1965836,0.19082023,0.19359012,0.20862451,0.23621827,0.27340743,0.31593642,0.35973048,0.40144736,0.43862796,0.4697623,0.4943398,0.5128559,0.5267183,0.53799045,0.5489369,0.56141317,0.5762632,0.59295595,0.6096167,0.6234154,0.6311281,0.6296843,0.6165973,0.59025365,0.55008143,0.49662617,0.43157423,0.35778895,0.27953285,0.20344274,0.14213456,0.11972753,0.14506121,0.18910079,0.23043504,0.26072356,0.2766998,0.27735946,0.26309806,0.23535521,0.19639415,0.14913984,0.097187415,0.046327055,0.030453214,0.0708077,0.112242766,0.14615138,0.17038701,0.18407775,0.18716756,0.18028112,0.16461349,0.14180535,0.11380407,0.08272169,0.050725166,0.020290492,0.012322422,0.035418503,0.055160645,0.0699211,0.07969079,0.08502792,0.086927615,0.08668774,0.08569014,0.08507915,0.085425764,0.08657938,0.08783159,0.088270366,0.08710543,0.08386282,0.07847097,0.0712952,0.06316627,0.05540977,0.049753334,0.04773504,0.04958069,0.05390688,0.058792863,0.0626932,0.06462808,0.06409733,0.06098616,0.05551471,0.04824148,0.040158246,0.032947857,0.029178586,0.030868392,0.03692236,0.044660572,0.052127004,0.058195982,0.06222137,0.06384267,0.06289688,0.05937269,0.053379994,0.045124948,0.03488811,0.023009075,0.009927729,0.004960752,0.019305293,0.034187578,0.04899071
123,0.062654264,0.05682837,0.051476452,0.046969075,0.04348005,0.04089718,0.038836215,0.03676965,0.03419128,0.03073953,0.026274847,0.020978585,0.01567627,0.0128244525,0.015680447,0.022809716,0.03148112,0.040409386,0.048952702,0.056719247,0.063462585,0.06904801,0.07342934,0.07661908,0.078649014,0.079525866,0.079192124,0.07750406,0.074236915,0.06912221,0.061920244,0.052545797,0.04134554,0.030020887,0.024737436,0.033638254,0.052037787,0.07404064,0.097099826,0.119655415,0.14040129,0.15814608,0.17182,0.18052195,0.18357597,0.18058427,0.17147094,0.15651427,0.13637167,0.11211719,0.085368074,0.058834832,0.03881282,0.038233783,0.054704778,0.07396357,0.090109535,0.10095929,0.105543256,0.10356694,0.095295504,0.081575215,0.064059354,0.04622022,0.036723647,0.04580482,0.066645116,0.090269245,0.11304735,0.13343276,0.15073131,0.16474614,0.17560403,0.18360466,0.18907213,0.19223554,0.19318189,0.19191854,0.18856104,0.18363509,0.17844696,0.17537858,0.17774172,0.18873297,0.20982878,0.24008559,0.27690765,0.31719217,0.35803288,0.39702734,0.43242082,0.4631961,0.48912024,0.5107197,0.52914286,0.5458825,0.5623694,0.57951564,0.59734523,0.6148451,0.6300853,0.64054936,0.6435541,0.636654,0.6179683,0.5864134,0.5418446,0.48512772,0.4181692,0.34397545,0.26692414,0.19384961,0.13766359,0.120526165,0.14581242,0.18607971,0.22265501,0.2481279,0.25962362,0.2563838,0.23898761,0.20902398,0.16891019,0.12186195,0.072623946,0.036073714,0.055469017,0.097413324,0.13615671,0.1669214,0.18785349,0.19819483,0.19797881,0.18790582,0.16923307,0.14365228,0.11315901,0.079938464,0.046392497,0.01708852,0.022567097,0.046503983,0.06690061,0.0820607,0.09180102,0.09651628,0.09701909,0.09442752,0.09002464,0.085062586,0.08051056,0.07681488,0.07381337,0.07089689,0.06733207,0.06256746,0.056433626,0.04927037,0.042064097,0.036586843,0.03498936,0.03802636,0.044087384,0.050883636,0.056711566,0.060504742,0.06164857,0.05986318,0.055144764,0.04773894,0.038152028,0.027295789,0.01735544,0.0150177805,0.023401437,0.034939893,0.046182055,0.05593263,0.06355519,0.0686539,0.07100041,0.07050873,0.06721978,0.061287183,0.05296446,0.04259999,0.030669887,0.018054692,0.009204067,0.017048193,0.031177705,0.045957208
124,0.058502175,0.05250828,0.04670173,0.041526694,0.037301835,0.034097724,0.031672593,0.029546015,0.027177516,0.024136586,0.020212198,0.015530758,0.010983577,0.0096122,0.013997742,0.021310387,0.029435895,0.037519936,0.045083176,0.051807296,0.057491988,0.062043186,0.06545887,0.06780203,0.06915892,0.0695878,0.06906977,0.06747752,0.06457476,0.060051978,0.053597216,0.045010757,0.034444526,0.023299417,0.018430337,0.029038407,0.047857217,0.06947659,0.09192764,0.11388795,0.1341611,0.15161164,0.16519642,0.17402099,0.1774011,0.17492051,0.16648133,0.1523479,0.13319454,0.11019412,0.08527553,0.062001724,0.047902297,0.05186517,0.06867715,0.08802106,0.10478206,0.11663403,0.12240648,0.12160591,0.1142742,0.10094529,0.08266567,0.061208017,0.0402681,0.030692177,0.04348199,0.06583281,0.088761546,0.109459825,0.12680592,0.14038259,0.15022759,0.15670538,0.16038713,0.16192815,0.16196771,0.16109233,0.15989716,0.15914541,0.15996116,0.16390783,0.1727631,0.187954,0.20997328,0.23821288,0.27125186,0.30729088,0.3445048,0.38127783,0.41635627,0.4489417,0.47872397,0.5058388,0.5307391,0.5539846,0.57598156,0.5967348,0.6156811,0.6316565,0.6430044,0.6477923,0.64408076,0.630194,0.60495406,0.5678604,0.5192114,0.46017468,0.39283693,0.32030335,0.24705303,0.18017234,0.13268375,0.12270897,0.14711514,0.18197143,0.21220398,0.23158328,0.23770168,0.23006335,0.20942265,0.17750643,0.13692066,0.09149148,0.049689982,0.044752937,0.08166255,0.122726664,0.15833205,0.18543628,0.20256467,0.2091399,0.20531496,0.19187567,0.17013961,0.14184271,0.10902467,0.0739666,0.039533935,0.016137592,0.033876643,0.05889539,0.07965783,0.09477592,0.10400153,0.107625924,0.106337406,0.101124376,0.093174316,0.083755925,0.074073546,0.06508539,0.057306644,0.050689194,0.04470475,0.038641665,0.031961706,0.024611862,0.017523436,0.01402476,0.017966775,0.026179638,0.035018213,0.04286656,0.04883744,0.052355837,0.053068787,0.05082483,0.045664236,0.037805866,0.027629888,0.01567584,0.0033595753,0.012004425,0.025693486,0.03878281,0.050595216,0.060597945,0.06836617,0.07358993,0.076080024,0.075769015,0.07270806,0.06706172,0.05910596,0.049242854,0.03807792,0.026762543,0.01852584,0.02024952,0.030809373,0.044110406
125,0.051727388,0.04576919,0.039764363,0.03416467,0.029367618,0.025602782,0.022805968,0.020595234,0.018421339,0.015787665,0.012407123,0.0083591305,0.0050310297,0.00722821,0.013308687,0.020313988,0.02744258,0.03426571,0.040468846,0.04582926,0.05022306,0.053628948,0.056117754,0.057822105,0.05888528,0.059396863,0.05933259,0.058520496,0.056648415,0.0533121,0.048091333,0.040644955,0.030854896,0.019317891,0.011581969,0.021956494,0.040562697,0.06144805,0.08302842,0.104150414,0.12370397,0.14060633,0.1538486,0.1625575,0.16605909,0.16393922,0.15609881,0.14280805,0.12477672,0.103296824,0.08063717,0.061182313,0.05297317,0.06124544,0.07916037,0.09863394,0.1154521,0.12744845,0.1334311,0.13283226,0.12559116,0.11210228,0.093182266,0.0700716,0.044660773,0.021949584,0.024676004,0.04768578,0.07130025,0.09201151,0.1086966,0.12095501,0.12891094,0.1331563,0.13468046,0.1347437,0.13467674,0.13562974,0.13836285,0.14320457,0.15022373,0.15950821,0.17137319,0.18637855,0.20515282,0.22812805,0.25533262,0.28633595,0.3203358,0.3563182,0.3932202,0.43005565,0.4659877,0.50034446,0.53258264,0.56221193,0.58870023,0.6113852,0.62941897,0.64176375,0.64724547,0.64465934,0.6329094,0.6111634,0.57899994,0.53653514,0.48452017,0.42441458,0.3584638,0.2898603,0.22321212,0.16586219,0.1300612,0.12729776,0.14923637,0.17713933,0.19972847,0.21204567,0.21217701,0.1998769,0.17604461,0.14252251,0.102194086,0.060478624,0.038149294,0.06525258,0.10659735,0.14545019,0.1775076,0.20067279,0.21381488,0.21654573,0.20913842,0.19245464,0.16785629,0.13710402,0.10226401,0.06572075,0.031173108,0.019885581,0.045305356,0.07123701,0.09213867,0.10692596,0.115343735,0.11762462,0.11437967,0.106514536,0.09514468,0.08150914,0.066887975,0.05252974,0.039592274,0.029078612,0.02167113,0.0173031,0.014879529,0.0131373145,0.011902192,0.01236142,0.015504482,0.020600792,0.026354056,0.031740088,0.03600893,0.03862245,0.03924072,0.037734974,0.034224827,0.029177822,0.023700815,0.020195344,0.021891648,0.028793167,0.038220104,0.048218627,0.057676252,0.065877154,0.07231846,0.07664927,0.078649856,0.07822306,0.075389616,0.0702866,0.063173585,0.05446054,0.044797294,0.035337348,0.028376868,0.027492762,0.033738546,0.044110935
126,0.04292929,0.03707908,0.031074496,0.025301423,0.02013449,0.015879352,0.01266131,0.010290493,0.008269131,0.0060291914,0.0031975973,0.0011491447,0.005257598,0.0103694685,0.015904898,0.02155376,0.027012385,0.032006394,0.03632136,0.039830852,0.042517103,0.04447778,0.04590993,0.047061827,0.048151545,0.049271055,0.050314773,0.05096785,0.05075703,0.049135968,0.045573357,0.03962719,0.031004915,0.019634023,0.0062419646,0.012293265,0.030674776,0.050631072,0.07111975,0.09115964,0.10972782,0.12580243,0.13842325,0.1467564,0.15015815,0.14823562,0.14090437,0.12845062,0.111622535,0.09183002,0.0716938,0.056419674,0.054025557,0.066146724,0.08506547,0.10437029,0.12069205,0.13215213,0.13765264,0.13664643,0.12905861,0.11524597,0.095956065,0.072274216,0.045562997,0.01751165,0.01193462,0.038229592,0.061994664,0.081783384,0.096834674,0.106881075,0.1122125,0.1137346,0.11297727,0.11196274,0.11278942,0.11691799,0.124578156,0.13485517,0.1463702,0.15798943,0.16926076,0.18059294,0.19321425,0.2088774,0.22931649,0.25564486,0.28800288,0.32559764,0.36699674,0.41045687,0.4541703,0.49641395,0.53562593,0.57043374,0.59965295,0.6222705,0.63742435,0.6443893,0.6425788,0.6315659,0.61112434,0.5812857,0.5424068,0.49523923,0.44099873,0.38144124,0.3189764,0.25690314,0.19995902,0.15534191,0.13242951,0.1347203,0.15217148,0.17180304,0.18579252,0.19042848,0.18428205,0.16731896,0.14052445,0.10581166,0.0665706,0.033953443,0.04775959,0.08810245,0.12882082,0.16452357,0.19272761,0.2118877,0.22114247,0.22026217,0.20961258,0.19010109,0.16310094,0.13036215,0.0939384,0.056282606,0.02249938,0.02656788,0.05586273,0.08238264,0.10322715,0.11752122,0.12501441,0.12590185,0.120746486,0.1104077,0.095963925,0.078631744,0.0596889,0.040420108,0.022186952,0.00816876,0.013051104,0.023799887,0.03209825,0.037334718,0.039590012,0.039213616,0.03673956,0.03284637,0.02833761,0.024133498,0.021200415,0.020230714,0.021178689,0.02340215,0.02631298,0.029678876,0.033537794,0.03801127,0.04315041,0.048860703,0.054904092,0.0609446,0.06660289,0.07150213,0.075301245,0.07771776,0.07854294,0.07765223,0.07501337,0.07069566,0.064885885,0.057921365,0.050361305,0.043128807,0.037703555,0.035973694,0.03899552,0.04591324
127,0.03287503,0.027012719,0.021167334,0.015623671,0.010644245,0.006458671,0.0033164753,0.0019769138,0.0029823533,0.004759719,0.00706972,0.010048266,0.013651666,0.017675856,0.021836584,0.025826603,0.029356506,0.032190107,0.034178946,0.03529679,0.035671417,0.03560364,0.03554763,0.036010914,0.037359606,0.039620247,0.042431485,0.045167815,0.04711107,0.04757538,0.045978818,0.041886825,0.035048716,0.025459135,0.013687087,0.00745077,0.02140287,0.039339025,0.058108166,0.07657588,0.09372271,0.10856554,0.12019335,0.12782155,0.13084951,0.12891686,0.12195969,0.11027633,0.09463646,0.076543406,0.058990538,0.04814069,0.051467106,0.06677751,0.0861957,0.10482835,0.12009459,0.13045652,0.13497832,0.1331975,0.12508598,0.11102933,0.091801494,0.06853695,0.042761117,0.017326504,0.016633451,0.03977222,0.06130018,0.07869516,0.09104263,0.09808036,0.10022968,0.09872069,0.095699534,0.094078794,0.09666564,0.104641505,0.11688949,0.13097242,0.14443919,0.15553276,0.16350235,0.1688335,0.17345335,0.18068498,0.19448724,0.217875,0.2515833,0.29412815,0.3428059,0.39457384,0.44649726,0.4959268,0.540569,0.57852095,0.60828716,0.62878233,0.6393197,0.6395872,0.62961584,0.60974604,0.5805984,0.54305357,0.4982468,0.44757986,0.39275733,0.33585966,0.27948415,0.22700544,0.18294986,0.15291388,0.14096586,0.14464,0.15564184,0.16603175,0.17084606,0.16754226,0.15515512,0.1338054,0.10446991,0.06903354,0.032235276,0.029376497,0.068171985,0.10944069,0.14726192,0.17914362,0.20333278,0.21861792,0.22432747,0.22033791,0.20706047,0.18540147,0.15669863,0.122643024,0.08521743,0.046841744,0.014896665,0.03350497,0.06460507,0.09136819,0.11201044,0.12576951,0.13238591,0.13201828,0.12519151,0.1127382,0.09573009,0.07540215,0.05307571,0.030095903,0.008029235,0.013664405,0.03166922,0.046474323,0.057476223,0.064409874,0.067252256,0.06619202,0.06159636,0.053972255,0.043924585,0.032114495,0.01922763,0.006081451,0.007825169,0.020314626,0.031928856,0.04227787,0.051182933,0.058584157,0.06451886,0.06909932,0.072486185,0.074858814,0.0763856,0.07719855,0.077376336,0.07693947,0.07585852,0.07407379,0.07152337,0.06817629,0.064069636,0.059351105,0.054331105,0.04954376,0.045785848,0.04402173,0.04500798,0.04881911
128,0.022554357,0.016211547,0.010845467,0.007525303,0.0074564517,0.009410459,0.011561981,0.013332144,0.014769096,0.016180288,0.017934205,0.020268276,0.02316963,0.026399221,0.029597152,0.032378796,0.034396835,0.035382114,0.035178546,0.033782963,0.031401604,0.028536933,0.026087774,0.025271947,0.02697757,0.030971274,0.03617275,0.041416757,0.04575511,0.048464168,0.04901784,0.047089208,0.04258941,0.035781253,0.027652744,0.021251978,0.022942306,0.033636272,0.048229408,0.06369847,0.07843638,0.09128889,0.10131225,0.10773826,0.10999551,0.10774731,0.10093686,0.08984764,0.075220056,0.05857913,0.043335494,0.037132118,0.046079163,0.063673176,0.08284323,0.10019273,0.11386472,0.12267221,0.12587608,0.1231393,0.11452528,0.10050529,0.0819785,0.060374867,0.03826603,0.023414928,0.031042209,0.04962792,0.06748778,0.08147265,0.09038328,0.0939009,0.09253508,0.08780689,0.082502246,0.08051163,0.085154876,0.096619844,0.11205844,0.12787376,0.14108759,0.14967501,0.15271567,0.15072505,0.14627847,0.14469668,0.1533346,0.17760555,0.21734881,0.26851302,0.32633016,0.38654187,0.4455056,0.50011575,0.5477713,0.5863889,0.614431,0.6309262,0.6354694,0.62819856,0.6097477,0.58118135,0.54391897,0.4996585,0.45031002,0.3979524,0.3448252,0.2933665,0.24629103,0.20662765,0.17741212,0.160503,0.15480854,0.15609811,0.15915811,0.15977208,0.15522358,0.14405851,0.12577234,0.10059352,0.069366336,0.03369504,0.0116663175,0.049224436,0.089475,0.1274799,0.16116142,0.18878715,0.20895872,0.22067359,0.22337705,0.21699034,0.20191158,0.1789893,0.14947155,0.11493814,0.07723986,0.038617,0.010007679,0.03902,0.070749186,0.09746318,0.11783445,0.13113561,0.13707374,0.13575847,0.1276702,0.11361494,0.094668545,0.072120056,0.047455326,0.022737963,0.011084591,0.03044975,0.05076829,0.06784762,0.08075203,0.08903174,0.09254583,0.09142242,0.086034946,0.07698486,0.065106384,0.051548284,0.038124643,0.028446505,0.028182535,0.036981795,0.04896475,0.060780473,0.071054906,0.079178646,0.08490757,0.08823111,0.08931523,0.08846573,0.08609473,0.082682736,0.07873199,0.074709035,0.070980415,0.06775603,0.06506361,0.06277395,0.06067397,0.058562767,0.05634119,0.054077256,0.052037627,0.050667316,0.05048565,0.051891595
129,0.013592405,0.0053704,0.0047864206,0.01093975,0.016380958,0.020598968,0.02360137,0.025572479,0.026840365,0.027837975,0.029011987,0.030679375,0.032901462,0.035465848,0.03797739,0.03997883,0.041042276,0.04082471,0.039102294,0.03579903,0.031027881,0.025188705,0.019272136,0.015656952,0.017526295,0.023970295,0.031967763,0.03977948,0.046461087,0.051402226,0.054202326,0.054661546,0.05281868,0.049032312,0.044133794,0.03966618,0.037923593,0.040833477,0.048170153,0.058032356,0.06845008,0.07790562,0.08526447,0.08967807,0.090545245,0.08751069,0.08048247,0.06966752,0.055661324,0.039784282,0.025788473,0.024706218,0.039064642,0.05764935,0.07563546,0.09104061,0.102626055,0.1095295,0.111217506,0.10750443,0.09858831,0.08510599,0.06826533,0.050300714,0.036135286,0.034937732,0.047195535,0.06329036,0.07773682,0.08816123,0.093446225,0.09330638,0.088325635,0.080236726,0.07239628,0.06973133,0.07595804,0.08983109,0.106863126,0.12275665,0.13431607,0.13937004,0.13680767,0.12699318,0.112942554,0.102835916,0.110418566,0.14286849,0.1940895,0.25586098,0.3223018,0.38902593,0.45240802,0.5093441,0.55723196,0.59402484,0.61829555,0.62928385,0.62691265,0.6117706,0.5850598,0.548516,0.50430626,0.4549182,0.40304875,0.35150138,0.30308586,0.26048112,0.22596443,0.2008933,0.18504633,0.1763869,0.17172602,0.16782567,0.1621251,0.15290713,0.13917959,0.120510295,0.09690395,0.06872818,0.03667774,0.0026770302,0.035204057,0.07224401,0.108116426,0.14123423,0.17006679,0.19322075,0.20952749,0.21812114,0.21849996,0.21056631,0.19464187,0.17145701,0.14211558,0.108039424,0.070905864,0.032680947,0.008588507,0.04215026,0.07378767,0.100254774,0.12037765,0.13340801,0.13899413,0.13717794,0.12837835,0.113358445,0.09318355,0.06919222,0.043099523,0.018654237,0.020145245,0.043222286,0.06572788,0.08483219,0.09951063,0.10921823,0.11375384,0.1132328,0.10807809,0.0990249,0.0871583,0.07402957,0.06190737,0.053972457,0.05320774,0.059496168,0.0697087,0.08074946,0.090662636,0.09835479,0.10326854,0.105205774,0.104237236,0.10065057,0.0949151,0.08765392,0.07961766,0.071649,0.06461359,0.059258178,0.05598938,0.054691344,0.054777652,0.05547757,0.05613088,0.05634073,0.056004874,0.0552882,0.054563656,0.054313485
130,0.009934848,0.005196117,0.012901895,0.02086118,0.027403764,0.03233501,0.03570794,0.037741937,0.038801562,0.03935927,0.03991405,0.040860668,0.04235401,0.04425143,0.046171587,0.047619164,0.048101723,0.047206733,0.044643503,0.040264323,0.03407717,0.026266774,0.017297871,0.008824503,0.00960536,0.019243257,0.029877914,0.039923005,0.04871363,0.055800393,0.060888782,0.06385371,0.06476934,0.06394341,0.061948135,0.05962407,0.057993643,0.057997473,0.06008835,0.0639809,0.068801805,0.07345501,0.07690179,0.07828757,0.076982036,0.07258888,0.06494799,0.054136053,0.04047143,0.024568498,0.008340496,0.014143983,0.032202825,0.04977855,0.06545064,0.07822835,0.08729952,0.09206009,0.092170276,0.087619066,0.0788092,0.06671679,0.053297214,0.042497218,0.040603608,0.049578637,0.06383021,0.07819417,0.08978634,0.0969604,0.09883506,0.09521989,0.08673922,0.075184844,0.06424835,0.059923638,0.066655606,0.08173193,0.099144354,0.114131905,0.12341019,0.12471233,0.116697274,0.099304244,0.07538164,0.058117762,0.07636444,0.12650242,0.19051495,0.26065972,0.33247706,0.40230602,0.46683893,0.5231201,0.5686497,0.60150224,0.62042755,0.62491894,0.61524224,0.59242296,0.5581958,0.5149209,0.46547604,0.41313052,0.3613956,0.31381425,0.2735962,0.24297814,0.2223991,0.21008751,0.20270228,0.1966651,0.18917836,0.1785314,0.16395384,0.14533482,0.12296468,0.097348355,0.069107726,0.039057,0.010919309,0.028409882,0.06050769,0.092402026,0.122676946,0.15019388,0.17382732,0.19249472,0.20522864,0.21125627,0.21007259,0.20149797,0.1857139,0.1632736,0.13508675,0.10237994,0.06664029,0.029588407,0.008365807,0.04249136,0.07361628,0.09975035,0.11973473,0.13276587,0.13841388,0.13663553,0.12776855,0.112508655,0.09187744,0.06721175,0.04035797,0.01668879,0.025441308,0.050788205,0.07507399,0.0959093,0.11224495,0.123488404,0.12940776,0.13011876,0.12608673,0.11813993,0.10750471,0.095872596,0.08545499,0.078776,0.07773256,0.08227603,0.09045429,0.099821255,0.10841626,0.114934884,0.11861053,0.11908501,0.11631813,0.11052717,0.102144964,0.09179195,0.08026469,0.068546616,0.057838343,0.049536366,0.04490854,0.044282015,0.046587065,0.05013527,0.053562097,0.05608086,0.057381175,0.057499096,0.0567261,0.05553689
131,0.013559474,0.01447097,0.022597425,0.031136911,0.038339216,0.04378189,0.04743518,0.04949264,0.05031937,0.050406244,0.050293364,0.05044922,0.05113051,0.05229189,0.053605273,0.05457205,0.05465654,0.053387195,0.050414663,0.04553798,0.038711134,0.0300377,0.019757897,0.00824036,0.0042631202,0.016883828,0.029371807,0.041171476,0.051825814,0.060964186,0.06832983,0.073803894,0.07742206,0.079380505,0.08002572,0.0798205,0.079277076,0.07885549,0.078845374,0.07927497,0.07989357,0.08023689,0.07973974,0.07784838,0.07410583,0.06820678,0.06003103,0.04966897,0.03746887,0.024249097,0.012963314,0.0152298715,0.027926464,0.041398637,0.0533739,0.06281577,0.06901443,0.07150734,0.07012191,0.06507115,0.05714163,0.048114672,0.041541997,0.042290505,0.05155237,0.06549687,0.08017866,0.09298313,0.102160215,0.106532134,0.105433,0.09876025,0.0871169,0.07214995,0.057427995,0.049802706,0.055546623,0.07086204,0.08796515,0.10165348,0.10863529,0.10663506,0.09413877,0.07045711,0.036622494,0.022450538,0.073746294,0.13797562,0.20842019,0.28180602,0.35488823,0.42439327,0.4871661,0.5403475,0.5815456,0.6089851,0.62162447,0.6192325,0.6024224,0.5726434,0.5321346,0.48384923,0.43135443,0.37869617,0.33016866,0.2898269,0.2605327,0.24270043,0.23377334,0.229324,0.22493178,0.2173883,0.20494756,0.18708748,0.16415708,0.13705131,0.10694519,0.07509801,0.042798158,0.012947726,0.024005255,0.053303048,0.08165118,0.108209215,0.13255778,0.1542169,0.17257786,0.18692225,0.19648932,0.20056884,0.1985998,0.19025862,0.17552601,0.15472567,0.12853284,0.09795371,0.064282745,0.029080939,0.0073894993,0.040305763,0.07069908,0.0965009,0.116505235,0.12983742,0.13598037,0.13479586,0.12652649,0.111779094,0.09149672,0.06694741,0.0399024,0.015711484,0.02595441,0.052509986,0.07798872,0.100153126,0.11795283,0.13077463,0.13836977,0.14084993,0.13869305,0.13275231,0.124268,0.11486747,0.10648806,0.10107137,0.0999158,0.10301941,0.10910827,0.1163514,0.123041816,0.12788776,0.13004352,0.12905358,0.12478688,0.117380135,0.10719142,0.094764516,0.08080898,0.0662126,0.052128095,0.040209208,0.03286014,0.03204909,0.03642504,0.042694617,0.048624497,0.05318811,0.05602035,0.05712423,0.056745857,0.05531457
132,0.018559033,0.022399668,0.031514212,0.040805187,0.048657645,0.054573923,0.058475338,0.06053183,0.061101936,0.06068584,0.059855845,0.059147116,0.058919143,0.05924103,0.05986913,0.060333047,0.06007437,0.058570337,0.055412825,0.050346687,0.043281503,0.03428875,0.02359715,0.011655911,0.0037526158,0.0159745,0.029543111,0.042750686,0.05508781,0.06617219,0.075728916,0.08359915,0.08974459,0.094241925,0.0972652,0.09905543,0.09987884,0.09997836,0.09952681,0.09859286,0.0971295,0.094988756,0.091958754,0.08781319,0.08236332,0.07550601,0.0672677,0.05785232,0.0477168,0.037735905,0.029565705,0.025867226,0.0281468,0.034134652,0.040732544,0.046049483,0.049065337,0.04928623,0.046691302,0.04190654,0.036695823,0.034607597,0.039409164,0.05081393,0.06568062,0.08123019,0.095433496,0.1067183,0.11384561,0.1159118,0.11240299,0.10327324,0.08905617,0.0710968,0.05227199,0.039252307,0.04188533,0.056802984,0.07338002,0.08581138,0.0909272,0.086659096,0.07173701,0.045967318,0.016603254,0.047340732,0.10456198,0.17027351,0.24108039,0.31383973,0.3852777,0.45210022,0.5111711,0.55969965,0.5954171,0.61672807,0.6228279,0.6137794,0.590548,0.554996,0.50984573,0.45861515,0.40552306,0.3553055,0.31276497,0.28174585,0.26354295,0.255875,0.2538407,0.2521662,0.24682905,0.23549968,0.21733858,0.19262777,0.16241817,0.12822585,0.09177372,0.054774202,0.01877,0.015238905,0.046126887,0.073734626,0.09802181,0.11921909,0.13763316,0.15347126,0.16671033,0.17704709,0.18393733,0.18670362,0.18467498,0.17732413,0.16437913,0.14589769,0.1223017,0.094376795,0.0632532,0.030488893,0.0078246305,0.036900084,0.06630313,0.09174266,0.111870505,0.12572657,0.13270609,0.13257661,0.12548265,0.11193209,0.0927686,0.06914926,0.042637885,0.016972518,0.021767894,0.04825482,0.07420034,0.09718384,0.116152205,0.13048758,0.13993052,0.14457601,0.1448755,0.14163294,0.1359873,0.12935966,0.12331873,0.119303614,0.118217595,0.1200974,0.1241341,0.129042,0.13348536,0.13634658,0.13682649,0.13445029,0.12903586,0.12065162,0.109573305,0.09624374,0.08123885,0.06524918,0.049106065,0.033966452,0.022139156,0.018728128,0.024715532,0.033429362,0.041429605,0.047696244,0.051945772,0.054199424,0.054666374,0.05370434
133,0.022166932,0.028824955,0.039344087,0.04956122,0.058093127,0.064463556,0.068583794,0.07061238,0.07090144,0.06995466,0.068367295,0.06673065,0.06550132,0.06487121,0.064705506,0.06459173,0.06397037,0.06227599,0.059039116,0.05394087,0.046833083,0.03773979,0.026859405,0.014659334,0.0047853393,0.015180006,0.02956665,0.04400479,0.057866994,0.07073483,0.082295045,0.09233307,0.100731745,0.10746441,0.11258054,0.11618479,0.1184118,0.119399965,0.11926814,0.11809911,0.115932494,0.112768166,0.10857926,0.10333223,0.09701111,0.089643165,0.08132446,0.07224525,0.06271675,0.053202152,0.044349916,0.036995787,0.031995256,0.029688891,0.029361047,0.029584164,0.029081086,0.027221758,0.024349207,0.022469293,0.025297657,0.034441102,0.04800448,0.06379224,0.08012167,0.09555894,0.10879185,0.11863253,0.124074414,0.12436762,0.119096406,0.10825087,0.09229557,0.07226856,0.050090834,0.030225022,0.025804318,0.039956775,0.05619924,0.06767184,0.071625754,0.06669641,0.05329209,0.038260378,0.048176423,0.08950134,0.14582798,0.21058379,0.2800028,0.35067046,0.41918904,0.4822372,0.53672564,0.5799741,0.6098815,0.6250722,0.6250086,0.61006486,0.58156,0.54175556,0.49382362,0.44178557,0.39038515,0.34475657,0.3095847,0.28753877,0.27770895,0.27574947,0.27596742,0.27344343,0.26494357,0.2489208,0.22519414,0.19459175,0.15863264,0.119255245,0.07860801,0.039092015,0.0109208645,0.03632417,0.065211914,0.08969626,0.109602086,0.1254684,0.13812068,0.14838684,0.15683642,0.16360472,0.16836102,0.17042078,0.16894378,0.16314504,0.1524678,0.13669887,0.11602859,0.09107233,0.06290563,0.03346756,0.013962775,0.035206113,0.06273801,0.08748269,0.107588686,0.1219476,0.12986027,0.13100699,0.12544179,0.11357667,0.096152365,0.07420723,0.04910418,0.023212083,0.01484059,0.038616907,0.064090356,0.08725132,0.10696355,0.122604266,0.13390394,0.14092512,0.1440522,0.1439704,0.14162317,0.13813211,0.13465977,0.13220726,0.1313853,0.13225935,0.1343667,0.1368987,0.13893984,0.13965881,0.13841572,0.13480145,0.12863581,0.11994505,0.1089299,0.09592989,0.08138732,0.06581333,0.04976005,0.03381217,0.018684711,0.006882765,0.012006664,0.022744402,0.032196812,0.039776497,0.04536591,0.049000353,0.050824743,0.051085617
134,0.024022913,0.033941094,0.046111263,0.057322096,0.066509575,0.07328166,0.07756945,0.07953144,0.07951434,0.07801974,0.07565515,0.07305381,0.07075687,0.06907822,0.06800911,0.067223184,0.06618488,0.06429907,0.061035953,0.056005325,0.04898733,0.039936617,0.028977133,0.016435489,0.004239499,0.0137087945,0.028984228,0.04449958,0.059660263,0.07404026,0.08729534,0.099160984,0.109453745,0.118068025,0.124967374,0.1301715,0.13374029,0.13575745,0.13631509,0.13550162,0.13339381,0.13005379,0.12553093,0.11986833,0.113112964,0.10532854,0.096609905,0.08709755,0.07699026,0.06655375,0.056122173,0.046087794,0.036870662,0.028854696,0.022279965,0.017143002,0.013359487,0.011657113,0.014180355,0.021521693,0.032447573,0.045940936,0.06115676,0.077184126,0.09299802,0.10749193,0.1195435,0.12809576,0.13224445,0.1313237,0.12498294,0.11324822,0.09656301,0.075807184,0.052309956,0.028003808,0.009210942,0.021646544,0.038031206,0.048751604,0.052247413,0.048886858,0.04374769,0.05155723,0.081904255,0.12877722,0.18640295,0.25099617,0.3192202,0.3877377,0.45319548,0.5123487,0.56223106,0.600334,0.6247732,0.63442993,0.62905747,0.60934865,0.5769654,0.53453285,0.48560104,0.4345554,0.3863936,0.3461533,0.3177023,0.3020723,0.29662007,0.29618704,0.29531956,0.2898111,0.27715597,0.2564063,0.22785838,0.19273677,0.15292469,0.11078027,0.06925487,0.034265045,0.030390887,0.05560117,0.08094984,0.10146794,0.11670289,0.1273194,0.1345062,0.13960841,0.14374673,0.14748362,0.1506728,0.15256204,0.15207574,0.14813282,0.1398966,0.12692904,0.10926958,0.08748565,0.06282152,0.038139727,0.024656825,0.039052643,0.06307531,0.08624137,0.105731875,0.12016145,0.12871169,0.13098288,0.12695399,0.11695492,0.10163271,0.08191653,0.059017487,0.03470289,0.015234623,0.026041504,0.04910853,0.07147338,0.091274776,0.107796624,0.12073783,0.13010651,0.13618001,0.13946411,0.14063516,0.14045891,0.13968505,0.13892855,0.13856426,0.1386706,0.13904601,0.13929036,0.13891621,0.13745213,0.13451585,0.12985371,0.12335258,0.115033135,0.10503214,0.093579054,0.08097081,0.06754727,0.053669352,0.039701883,0.026006903,0.012990939,0.0030658299,0.011431419,0.021237837,0.029740313,0.03673157,0.042131867,0.045930978,0.048190773
135,0.024886278,0.038306378,0.052068844,0.06415723,0.073869154,0.08092476,0.085289784,0.08712805,0.08677935,0.08473613,0.08160565,0.07804535,0.07466185,0.07188031,0.06982602,0.0682842,0.066772275,0.064685784,0.061443117,0.05658271,0.04980838,0.040998466,0.030194404,0.01757871,0.0034546827,0.011835217,0.027818061,0.044063486,0.060126774,0.07559456,0.09010288,0.103350386,0.1151056,0.12520836,0.13356599,0.14014505,0.14495991,0.14805955,0.1495138,0.14940064,0.1477957,0.14476532,0.14036383,0.134636,0.12762453,0.11938208,0.10998668,0.09955837,0.08827497,0.07638448,0.064212725,0.05216739,0.040746234,0.030576415,0.022548899,0.018019263,0.01812801,0.0221237,0.028626328,0.037162095,0.04770813,0.060137164,0.07402465,0.08865451,0.103094,0.11628528,0.12714034,0.13463625,0.13790837,0.1363372,0.12962326,0.11784405,0.10148795,0.081462115,0.059077814,0.03605094,0.014969543,0.010119826,0.022785015,0.031331692,0.034311052,0.03532264,0.044726964,0.07054738,0.11100123,0.16260234,0.22246318,0.28774855,0.35543615,0.42233482,0.48521072,0.5409585,0.5867875,0.62040323,0.6401708,0.6452494,0.63568985,0.6124929,0.5776283,0.5340141,0.48545036,0.4364638,0.39194492,0.35635924,0.33242434,0.31980485,0.31503847,0.3130477,0.30900672,0.2994214,0.2823803,0.25739565,0.22512934,0.1871294,0.14564009,0.103629805,0.06572394,0.04305,0.050642714,0.072675,0.09362109,0.10953486,0.11987309,0.1253761,0.12748496,0.12795147,0.12837437,0.12969476,0.13188313,0.13402754,0.13474801,0.13266277,0.12671804,0.11636255,0.101631865,0.083241664,0.06290916,0.044683922,0.03812208,0.049579598,0.06949571,0.09005466,0.10798654,0.12165449,0.13013567,0.13297792,0.13011704,0.12182999,0.10869302,0.09154374,0.0714712,0.049946845,0.02980405,0.021158343,0.033779386,0.05272124,0.0712285,0.087732635,0.10171787,0.11306407,0.12188403,0.12844326,0.13309446,0.13621505,0.13815044,0.1391699,0.13944224,0.13903442,0.13793063,0.13606407,0.1333518,0.12972403,0.12514295,0.11960987,0.11316225,0.10586409,0.097793646,0.089032285,0.079657584,0.06974223,0.05935929,0.048592933,0.037554517,0.02641048,0.015480111,0.006267461,0.008994515,0.018132834,0.026984861,0.03478381,0.04121737,0.04609746
136,0.026568608,0.04278449,0.057634994,0.07024357,0.08020691,0.08734177,0.09164408,0.093279175,0.092574045,0.090002574,0.086157486,0.08170014,0.07727803,0.07340715,0.07034345,0.06800305,0.06598839,0.063714765,0.060567837,0.056025956,0.049726345,0.04148879,0.031322643,0.01948006,0.0073963664,0.011557542,0.026660433,0.042822532,0.05912063,0.07505976,0.090238586,0.104323834,0.11705066,0.12822375,0.13771471,0.14545514,0.15142584,0.15564331,0.15814483,0.15897404,0.15816915,0.15575548,0.15174402,0.1461371,0.13894065,0.13018216,0.11993249,0.10832878,0.095596954,0.08207362,0.068232015,0.054727506,0.042500343,0.032974333,0.028043792,0.028602272,0.032993574,0.039065443,0.045891296,0.05350305,0.062297102,0.072576374,0.08427907,0.0969155,0.109653346,0.12145914,0.1312395,0.1379659,0.14078276,0.13910009,0.13266966,0.12164173,0.106600896,0.088583,0.06908608,0.05011336,0.034306515,0.024741173,0.021792723,0.020635996,0.019400498,0.027085502,0.050619185,0.08713374,0.1342703,0.1901736,0.25271717,0.3193675,0.38724795,0.45327768,0.5143459,0.5675025,0.6101498,0.64022225,0.6563429,0.6579474,0.64536893,0.61988175,0.5837002,0.5399305,0.49245608,0.44569847,0.4041349,0.37142834,0.34926042,0.33651423,0.32963246,0.32404375,0.31563047,0.30153152,0.2803241,0.25189263,0.2172059,0.1781198,0.13731377,0.09864435,0.06873598,0.058522474,0.069526665,0.08762545,0.10362249,0.114502445,0.1198236,0.120417766,0.11791163,0.114367105,0.11177267,0.111360766,0.11309435,0.1157688,0.117643654,0.1170926,0.112982266,0.10482715,0.0928666,0.07821663,0.06333058,0.052947782,0.053203307,0.06463059,0.08157799,0.09921192,0.11479402,0.12677036,0.13426068,0.13685487,0.13451992,0.12754007,0.1164659,0.10206973,0.085321575,0.06743132,0.050105814,0.036453765,0.032103315,0.03923742,0.05206186,0.06607643,0.07954816,0.09184034,0.10271152,0.11206789,0.11986141,0.12604657,0.13056955,0.13337791,0.13444217,0.13378143,0.13148631,0.12773359,0.12278865,0.1169923,0.11073003,0.10438319,0.09826642,0.09256335,0.08728127,0.0822459,0.077143885,0.0715993,0.065257266,0.057851374,0.049244434,0.03944395,0.028598687,0.016985811,0.0050561293,0.0072487756,0.018722128,0.029303271,0.038522463,0.04602361
137,0.031257797,0.048298135,0.06327808,0.075803034,0.08559648,0.09251585,0.09656397,0.09789457,0.09681096,0.09375642,0.08929348,0.0840659,0.07873428,0.07387693,0.069864795,0.0667541,0.064263575,0.06186567,0.05894447,0.054942314,0.049454194,0.042279243,0.0334762,0.023574883,0.014850951,0.015464392,0.026689002,0.041247737,0.056734852,0.07229357,0.08740735,0.10169271,0.1148544,0.12667206,0.13699172,0.14571567,0.15278897,0.15818374,0.16188274,0.16386479,0.16409478,0.16252042,0.15907729,0.15370207,0.14635311,0.13703598,0.12583148,0.11292416,0.098631494,0.083438985,0.06805889,0.053557765,0.041622844,0.03473556,0.034657698,0.039721884,0.046744894,0.05383854,0.060456876,0.0668511,0.07366121,0.08154108,0.09081556,0.101291634,0.11228694,0.122801825,0.13172223,0.13799345,0.14075515,0.13944483,0.13387571,0.1242904,0.11138805,0.096317664,0.08061223,0.06598493,0.053810652,0.04420086,0.035346426,0.02432768,0.010911082,0.02262614,0.05573543,0.09919485,0.15165687,0.21165617,0.27718595,0.3457554,0.41452533,0.4804773,0.5406017,0.5920926,0.6325377,0.6600913,0.67361987,0.67281246,0.6582483,0.63141906,0.5947014,0.5512707,0.50493276,0.4598158,0.41983607,0.38788727,0.36494574,0.3496324,0.33870658,0.32825845,0.31485993,0.29621053,0.27130786,0.24036096,0.20462768,0.16630206,0.12860766,0.096371315,0.07677982,0.0753351,0.08658012,0.10048386,0.11132328,0.117003635,0.11734874,0.11333748,0.1067608,0.09992529,0.095121324,0.09373709,0.095519416,0.09879768,0.1014647,0.101794906,0.09878833,0.0922607,0.08291496,0.07254111,0.06432639,0.062387276,0.06884623,0.08163444,0.097052105,0.11217883,0.12512504,0.13473968,0.14040065,0.14189783,0.13935608,0.13316968,0.12393775,0.11240065,0.09938308,0.08575676,0.07244341,0.06048656,0.05119002,0.04611452,0.04638081,0.05160355,0.06021997,0.07066785,0.08180396,0.0927888,0.10294218,0.111679696,0.118505985,0.123034984,0.12501858,0.12437402,0.121205494,0.115817584,0.1087194,0.100615494,0.09237158,0.08492798,0.07912304,0.07542926,0.07372886,0.07332683,0.073221825,0.072428145,0.070176445,0.06598319,0.059649326,0.0512379,0.04106362,0.029755954,0.01871821,0.0128063075,0.018625583,0.029202165,0.03972018,0.04880444
138,0.039839886,0.055441927,0.06935557,0.081021026,0.09010683,0.09644158,0.10000218,0.10091137,0.09943412,0.095969014,0.09103193,0.08522763,0.07920141,0.07356092,0.068765454,0.065007284,0.062146116,0.059752822,0.05725049,0.054077953,0.04981443,0.044261504,0.03753116,0.030260142,0.024230607,0.023104232,0.029209353,0.040179104,0.05336726,0.06740089,0.08153286,0.09528179,0.10830594,0.12035509,0.13124551,0.14084043,0.14903131,0.15571935,0.16079953,0.1641496,0.16562659,0.16507243,0.16232862,0.15725891,0.14977746,0.13987973,0.12767379,0.113411225,0.09752156,0.08066445,0.063843496,0.04869357,0.038038105,0.035383373,0.040514737,0.049100474,0.057831965,0.06532491,0.07132134,0.07624201,0.08092671,0.086334065,0.09316096,0.10152907,0.110920176,0.120359845,0.12869285,0.13482256,0.13788107,0.13734356,0.13310273,0.12550752,0.11535678,0.103818506,0.092215225,0.08160405,0.07219372,0.06293658,0.05172367,0.036120515,0.014603917,0.019082585,0.058146153,0.10692169,0.16407616,0.2280628,0.2967878,0.36770046,0.4379415,0.5045188,0.56449795,0.61519486,0.65436,0.68034166,0.69221824,0.6898914,0.67413396,0.64658725,0.6097031,0.56662023,0.52095205,0.47644478,0.43645993,0.40329808,0.37756452,0.3579596,0.34175292,0.32573208,0.30711868,0.2841208,0.25611717,0.22362486,0.18820769,0.15246192,0.1202128,0.09676568,0.087289274,0.09119638,0.10138628,0.11116225,0.11698195,0.1176106,0.11324648,0.10508502,0.09510153,0.08582593,0.07977068,0.07826309,0.08050619,0.08419209,0.0869516,0.08719948,0.08433006,0.07873912,0.0719172,0.06655953,0.066019446,0.07221539,0.084009044,0.098611176,0.11344418,0.1266644,0.13708448,0.14404313,0.14731348,0.14703216,0.14362781,0.13773789,0.13010943,0.121486306,0.11249508,0.10355394,0.09483901,0.08633746,0.07799278,0.06992026,0.062654525,0.057338048,0.05555406,0.05841584,0.06556402,0.07543833,0.08625555,0.09651819,0.1050851,0.11113194,0.11411984,0.11378331,0.110128954,0.10344016,0.0942895,0.08356791,0.072539926,0.06289321,0.056568105,0.054922406,0.057573233,0.06258895,0.06783562,0.07174351,0.07335563,0.07219244,0.0681452,0.06142177,0.05254688,0.0424612,0.032874186,0.026989652,0.028366175,0.03580315,0.045324866,0.054422755
139,0.051517528,0.064213134,0.07596335,0.085963026,0.09375644,0.099100985,0.10192094,0.10228921,0.10041683,0.09664266,0.09141932,0.08529198,0.07886365,0.07273756,0.06742763,0.0632443,0.060199652,0.057999007,0.056145146,0.054101493,0.051437154,0.047924332,0.043611526,0.038921505,0.034811944,0.032866333,0.03470954,0.04069413,0.04981074,0.060820367,0.0728049,0.08514832,0.09742665,0.109330714,0.1206176,0.13107698,0.14050561,0.14868852,0.15538785,0.16034067,0.1632666,0.16388476,0.16193849,0.15722518,0.14962849,0.13915017,0.12593985,0.110323675,0.0928398,0.07430782,0.05602473,0.04038013,0.03207946,0.035134375,0.045135394,0.056260593,0.065915816,0.073233485,0.07820035,0.08139264,0.08383498,0.086767666,0.09124506,0.097697735,0.10575113,0.11441704,0.12246345,0.12873697,0.13236982,0.13289739,0.13031688,0.12509224,0.11808441,0.110362366,0.10285362,0.09588093,0.08880677,0.08005925,0.067557395,0.049304202,0.024433201,0.017612291,0.05908985,0.11206378,0.17335913,0.2411029,0.31302875,0.38648114,0.45855057,0.5262469,0.5866868,0.6372822,0.67591596,0.70109427,0.7120637,0.7088871,0.69246966,0.66453195,0.6275238,0.5844711,0.5387392,0.4936912,0.45222938,0.41626647,0.38629037,0.36127317,0.33906844,0.3171489,0.2933454,0.26633844,0.23586854,0.20276918,0.16895975,0.13751328,0.112716414,0.09912868,0.098009616,0.10489917,0.11349607,0.1194582,0.12071152,0.11676902,0.10824582,0.09661339,0.08408226,0.07342967,0.06729092,0.06655623,0.06945877,0.073024884,0.074878834,0.07383913,0.06993683,0.0644781,0.060203496,0.060759667,0.068288624,0.081568755,0.09769466,0.11404245,0.12872505,0.1404983,0.14865251,0.1529494,0.15357612,0.15109074,0.14634095,0.14034046,0.13409352,0.12838037,0.12356067,0.11948893,0.11560475,0.11116318,0.10550089,0.09825613,0.08952909,0.0800175,0.07114829,0.06505853,0.06389113,0.06823802,0.07653549,0.08634399,0.095543995,0.10262152,0.106588244,0.10687949,0.103289805,0.09593618,0.08524003,0.07193804,0.057173748,0.042847667,0.032598104,0.031649318,0.039612014,0.050682273,0.06113384,0.06929297,0.074380726,0.07608964,0.0744539,0.06981788,0.0628577,0.054666948,0.046925265,0.041968465,0.041912433,0.046710853,0.054215312,0.062150374
140,0.06486495,0.0740412,0.082864314,0.090515345,0.09647606,0.10044295,0.10228241,0.1020071,0.09976144,0.095810086,0.09052585,0.08437434,0.077890985,0.071642354,0.06616053,0.061845027,0.0588545,0.057049293,0.056040887,0.05533038,0.054457255,0.05310085,0.051132012,0.048640244,0.04595845,0.043683607,0.042639967,0.043677792,0.047310203,0.053493403,0.06177989,0.07160861,0.082466476,0.09391615,0.10556997,0.117056586,0.12799586,0.13798577,0.14660104,0.1534028,0.15795735,0.15986189,0.15877481,0.15444751,0.14675535,0.13572535,0.12155929,0.10465406,0.085628204,0.06539191,0.045421407,0.029034987,0.024714379,0.034783762,0.048650194,0.06124373,0.0710388,0.07761227,0.08115324,0.082377516,0.082483016,0.0829824,0.08528701,0.09012529,0.097212985,0.1054699,0.1135322,0.1201782,0.12456224,0.12631686,0.1255764,0.122925855,0.11924212,0.1153924,0.111820176,0.10818449,0.103279546,0.0953019,0.082317434,0.062836625,0.03738419,0.025414322,0.062479783,0.117618814,0.18200974,0.25287506,0.32763067,0.40346226,0.4773823,0.546381,0.60760397,0.65853184,0.6971461,0.7220687,0.7326646,0.72909987,0.71234864,0.6841446,0.64687425,0.6034055,0.55684626,0.5102266,0.46611303,0.42620757,0.39105004,0.35998112,0.3314519,0.30358884,0.27479404,0.24419303,0.21188174,0.17904083,0.14802566,0.12242292,0.1064573,0.10234523,0.10732351,0.11563113,0.12246171,0.1251002,0.122495435,0.11477363,0.10295522,0.088826,0.074897096,0.06422222,0.059318792,0.060045395,0.06341125,0.0660775,0.06595496,0.06237894,0.056121405,0.049815796,0.04829261,0.055670902,0.07076936,0.08962629,0.109007314,0.12673289,0.14134446,0.15193437,0.15809257,0.15989229,0.15787598,0.15301862,0.14664143,0.14023684,0.13516796,0.13227801,0.1315891,0.1323139,0.13319273,0.13292804,0.13050842,0.12537956,0.11751793,0.10747192,0.096411005,0.08616498,0.07905777,0.07708704,0.08055237,0.08772032,0.096058466,0.10336684,0.10809428,0.10927696,0.1064257,0.09943884,0.08853709,0.0742089,0.057161264,0.03828775,0.018791288,0.006365559,0.022077326,0.038964994,0.05353753,0.06505424,0.073111065,0.077561684,0.078524016,0.07640045,0.07190956,0.06613072,0.060530107,0.05681963,0.05638205,0.059427343,0.06485799,0.07104804
141,0.078440495,0.08399911,0.089518934,0.09437029,0.09809055,0.10037153,0.10104377,0.10006344,0.09750197,0.09353716,0.088445045,0.08259106,0.07641802,0.07042513,0.06512652,0.060975887,0.058258533,0.056993242,0.05691585,0.057570703,0.05845045,0.059106655,0.059205063,0.05854259,0.0570517,0.054811496,0.052078024,0.04933788,0.047360633,0.047152236,0.049661122,0.055322494,0.06389016,0.07469514,0.08695443,0.09990748,0.11283656,0.1250564,0.13590883,0.14476962,0.15106589,0.1543005,0.15408003,0.15014295,0.1423851,0.13088001,0.11589219,0.09788298,0.077513695,0.05566912,0.033648964,0.015229139,0.018613495,0.03553061,0.0514929,0.06435955,0.07348789,0.07875541,0.080494255,0.07953125,0.07722067,0.07535036,0.075717606,0.07934775,0.085948884,0.09421223,0.10256681,0.10972463,0.11490679,0.11789791,0.11901166,0.11896135,0.118597224,0.11851546,0.11866512,0.11816813,0.11546692,0.10870815,0.0962237,0.07722149,0.05400029,0.0433915,0.07299443,0.12700346,0.19262943,0.26538298,0.34209773,0.41970477,0.49509686,0.5652199,0.62722576,0.6786363,0.71749634,0.74249923,0.75307536,0.7494346,0.73255736,0.7041312,0.6664316,0.62214553,0.5741397,0.52517813,0.47760668,0.43305105,0.39220867,0.35483134,0.31995323,0.28631604,0.25285593,0.21911927,0.18555877,0.15375556,0.12660763,0.1081199,0.10142372,0.10522114,0.114126965,0.12280167,0.12789257,0.12781648,0.12224782,0.11179646,0.097847804,0.082517676,0.0686545,0.059474908,0.05681829,0.0590259,0.06226662,0.0633425,0.060549114,0.05356621,0.04366448,0.035188153,0.036943927,0.05172734,0.07295716,0.09568694,0.117208816,0.13576847,0.15016665,0.15968274,0.16408288,0.16364405,0.15917172,0.1519941,0.14389455,0.13689783,0.13280618,0.13254626,0.13574256,0.14093205,0.14623065,0.14993155,0.15081325,0.14823632,0.14215267,0.13309777,0.12219114,0.1111283,0.1020552,0.097070605,0.09724207,0.101860516,0.10887388,0.11596856,0.12125457,0.12343287,0.121747024,0.11589748,0.10596585,0.0923529,0.075730406,0.057025984,0.03755637,0.020235432,0.016968574,0.030504605,0.045857735,0.059225168,0.0696239,0.07670579,0.08048065,0.08126939,0.07969734,0.07668538,0.07339754,0.071072176,0.07067674,0.072505526,0.07605114,0.080284566
142,0.090896346,0.093010366,0.09518376,0.09705843,0.09832621,0.098747365,0.098159455,0.09648074,0.09371068,0.08992953,0.08529815,0.08005856,0.074534535,0.06912828,0.064303316,0.060535084,0.05821326,0.057513,0.05830861,0.06020172,0.06264366,0.06506398,0.06694942,0.06787594,0.06751812,0.065656275,0.06219428,0.057202622,0.05101404,0.04443049,0.039100215,0.03768915,0.042363547,0.05258662,0.066260785,0.08155477,0.09715107,0.112031154,0.12533565,0.13631245,0.14431055,0.14879455,0.14936745,0.14579442,0.13802345,0.12619933,0.1106687,0.09197429,0.07083767,0.048130468,0.024839627,0.0024120358,0.019545203,0.03850445,0.054233372,0.066097885,0.07374643,0.077166475,0.076754786,0.07340276,0.06859183,0.06440422,0.063117445,0.06608751,0.07282459,0.08155261,0.09040997,0.09808375,0.10394266,0.10800039,0.1108033,0.11320611,0.116000995,0.11947853,0.12313233,0.12568426,0.12539484,0.120499335,0.109715566,0.09309088,0.07442236,0.06787335,0.09231986,0.14253457,0.20708843,0.27999112,0.35732624,0.43567866,0.51177824,0.58250225,0.64498776,0.6967721,0.7359288,0.7611784,0.7719637,0.7684795,0.7516528,0.72307146,0.6848618,0.63951796,0.5896896,0.53793776,0.48648006,0.43696076,0.39029792,0.34666762,0.30566067,0.26659346,0.22889955,0.19252136,0.15827423,0.12821867,0.105913386,0.09538501,0.09725497,0.106722556,0.11769401,0.12601261,0.12951498,0.12741421,0.119904205,0.10796586,0.0932938,0.07830392,0.06607164,0.05951405,0.05915584,0.06212871,0.06459137,0.06379888,0.058350373,0.04797692,0.033758808,0.021127814,0.027358033,0.049121864,0.07434073,0.09922132,0.121765226,0.14051859,0.15443191,0.16288441,0.16573478,0.16337225,0.15676375,0.14749028,0.13772768,0.13003123,0.12669593,0.12875053,0.13538155,0.14446144,0.1535885,0.1607795,0.16470397,0.16470082,0.16074158,0.15339805,0.14381966,0.1336909,0.12507367,0.11996562,0.11952825,0.12345316,0.13012844,0.13743487,0.14343612,0.1466743,0.14621232,0.14158738,0.1327488,0.12000059,0.10395562,0.08551549,0.06592767,0.047114197,0.032929916,0.030336471,0.039472606,0.052221637,0.064169265,0.073782474,0.08058404,0.08461417,0.086265735,0.08620244,0.08527008,0.08435595,0.08418439,0.08510145,0.086964734,0.08921529
143,0.10099024,0.099990174,0.09902881,0.098014675,0.09684326,0.09540477,0.09359328,0.09131712,0.08851019,0.08514443,0.08124378,0.07690008,0.072290644,0.06769513,0.06350298,0.060191445,0.058244225,0.058000483,0.05949669,0.06241732,0.066191666,0.070147105,0.07362404,0.076032355,0.076872416,0.075743355,0.07235098,0.066520765,0.05822299,0.047632888,0.035330184,0.0232444,0.01883598,0.029408956,0.04662047,0.06545952,0.08419343,0.10177299,0.11734057,0.1301449,0.13954134,0.14501472,0.14620681,0.14294204,0.13524786,0.123367675,0.10776674,0.089135066,0.06840656,0.046884075,0.027059525,0.018025383,0.028810088,0.04414669,0.057436332,0.06707196,0.072468184,0.07354496,0.0706754,0.064746596,0.057309892,0.050780404,0.048175972,0.051313225,0.0590448,0.0687071,0.07813067,0.08611385,0.09230279,0.0970383,0.10116553,0.10570398,0.11136974,0.1181373,0.1251042,0.13071698,0.13318598,0.1309386,0.12314948,0.11065438,0.0979936,0.0964105,0.118601896,0.16433252,0.22588134,0.2970586,0.37340412,0.45117176,0.5269216,0.5974537,0.65987784,0.71172607,0.7510694,0.7766141,0.7877643,0.78464335,0.76806885,0.73948073,0.70082384,0.6543917,0.6026386,0.5479733,0.4925529,0.43810302,0.38579732,0.33623293,0.28952613,0.24552833,0.20413448,0.16565734,0.13128577,0.10367304,0.087116726,0.08472412,0.093359046,0.10608206,0.11760185,0.1250695,0.12723,0.12386227,0.11552972,0.103481844,0.089633256,0.07655001,0.06714171,0.06337395,0.06445759,0.06724191,0.06845392,0.06586989,0.058336217,0.045551512,0.027974207,0.008590488,0.02151505,0.047729436,0.07450781,0.09990432,0.122379534,0.14064753,0.15374099,0.16108811,0.1625831,0.15865189,0.15032269,0.13930726,0.12805633,0.11959896,0.116752684,0.120676555,0.1301037,0.14229028,0.15444413,0.16443169,0.17089963,0.17321588,0.17140315,0.16609633,0.15850866,0.15036099,0.14367756,0.14032519,0.14133373,0.14641434,0.15412313,0.16250408,0.16968107,0.17415954,0.17491055,0.17135805,0.16333571,0.15103781,0.1349722,0.115923315,0.0949444,0.07343887,0.053525493,0.03914947,0.036304507,0.044700585,0.057128776,0.06917014,0.07918105,0.08666566,0.09167132,0.0945664,0.09591424,0.096355185,0.09647339,0.09666156,0.0970244,0.09736304
144,0.10761291,0.103939556,0.10024494,0.096659765,0.09328793,0.090184905,0.08734282,0.08468801,0.08209403,0.07940907,0.076493055,0.07325923,0.06971616,0.06600718,0.06244112,0.059496153,0.057758197,0.05775436,0.059718926,0.06344875,0.06836594,0.073706396,0.07868387,0.08257687,0.08476286,0.08473114,0.082090996,0.076579966,0.0680727,0.056590084,0.042312168,0.025629148,0.007993165,0.015269303,0.036111344,0.05743986,0.07814163,0.097349085,0.114251696,0.12811132,0.13829684,0.14432052,0.14587134,0.1428431,0.1353561,0.12377345,0.108716846,0.091097824,0.072212525,0.05404803,0.040127315,0.035807174,0.041904688,0.05211674,0.061538305,0.0679597,0.07045791,0.06879424,0.06324144,0.054586433,0.044316832,0.035188295,0.031725593,0.036603775,0.046527367,0.057416473,0.06713706,0.07488901,0.08075214,0.08549565,0.09034361,0.096522674,0.104665756,0.11442457,0.12455261,0.1333183,0.1389743,0.14019524,0.13659093,0.12953189,0.12351522,0.12706243,0.14888462,0.19067778,0.24811055,0.3159454,0.38968468,0.46542257,0.5396114,0.6089978,0.67066795,0.7221374,0.76144975,0.7872593,0.7988849,0.79632735,0.7802444,0.7518854,0.7129866,0.6656344,0.61210483,0.5546914,0.4955368,0.43648624,0.37898389,0.3240339,0.27224422,0.22396293,0.1795136,0.13955703,0.10568106,0.081298135,0.07132036,0.07625985,0.0890887,0.10282161,0.11369525,0.12000399,0.121171266,0.11737923,0.10943831,0.098745264,0.08725621,0.07733781,0.0711633,0.069482036,0.07086326,0.07262513,0.072264865,0.068077356,0.059175152,0.04536579,0.02707673,0.0065558054,0.021199804,0.047170408,0.07320678,0.09763098,0.11900782,0.13612047,0.14804655,0.15423498,0.15457563,0.14946856,0.13990773,0.12760101,0.115115285,0.105841175,0.10313515,0.10834853,0.1197741,0.13412057,0.14833765,0.160258,0.16858031,0.1727462,0.17285843,0.1696385,0.16438697,0.15888308,0.1551205,0.15479724,0.15869036,0.1663309,0.17625366,0.18657513,0.19548601,0.20150854,0.20358203,0.20106661,0.1937155,0.18163624,0.16524807,0.14523998,0.12253892,0.098313235,0.07409167,0.052280594,0.03779116,0.037626345,0.048977423,0.063314706,0.07664606,0.08764055,0.09594492,0.101653956,0.10511195,0.10679519,0.10720969,0.10679209,0.10582427,0.10438279
145,0.109835565,0.10401778,0.09813429,0.092484385,0.087358326,0.0829859,0.07948126,0.07680436,0.074761,0.07304808,0.071329504,0.06931852,0.06684992,0.06393878,0.060827203,0.058009833,0.056197196,0.056144007,0.05833161,0.06269741,0.06865276,0.07533006,0.081817865,0.08728259,0.09101253,0.09243345,0.0911206,0.08681565,0.07945458,0.069221735,0.056685325,0.04322632,0.03249544,0.03212378,0.044295628,0.062310103,0.08172604,0.10045215,0.11720676,0.13104697,0.14125416,0.14731826,0.14894995,0.14609918,0.13897271,0.12805063,0.11410728,0.09825198,0.08201664,0.0675038,0.05738561,0.05385251,0.056364033,0.061740432,0.066776514,0.06942594,0.068635635,0.06403901,0.05577992,0.04444519,0.031159854,0.018520612,0.01538407,0.02569579,0.038599025,0.050147712,0.05926159,0.06578205,0.0702722,0.0739876,0.07863895,0.08575307,0.095883444,0.108324,0.12149771,0.1335511,0.14282648,0.14824176,0.14972647,0.14884193,0.14951327,0.15800393,0.18044733,0.21911547,0.27202848,0.33536327,0.405093,0.47742355,0.5488299,0.616067,0.6762221,0.7267953,0.7657857,0.7917651,0.8039277,0.80210763,0.7867613,0.7589135,0.72007173,0.6721117,0.6171449,0.5573758,0.4949617,0.43188667,0.3698645,0.31028274,0.25420308,0.20243256,0.15569672,0.11499789,0.08239432,0.062300116,0.05945949,0.06971147,0.083897,0.09673851,0.1060697,0.11110268,0.111773096,0.10853951,0.102322675,0.094466716,0.08663445,0.08050362,0.07716334,0.07648564,0.07712053,0.0771873,0.07498582,0.06933735,0.059667025,0.046039455,0.029494535,0.01572279,0.02500309,0.046977274,0.07036998,0.09251608,0.11185847,0.12719823,0.13764355,0.14264946,0.14207262,0.13623373,0.1260025,0.11293979,0.0995283,0.089339174,0.08628164,0.0920503,0.104549244,0.12000123,0.13521546,0.1480894,0.157435,0.16280499,0.16441004,0.16308567,0.16024935,0.15776138,0.15757789,0.16117007,0.16895686,0.18016401,0.1931964,0.2061808,0.217363,0.22530352,0.22894509,0.22762033,0.22103465,0.20923753,0.19258682,0.1717087,0.14745843,0.120894596,0.093303815,0.06641456,0.043413375,0.032334533,0.040252917,0.056672625,0.07331482,0.08768886,0.09906262,0.10732048,0.11265448,0.115435846,0.116127275,0.11520337,0.11307579,0.110031545
146,0.10696987,0.09960876,0.09218988,0.08513321,0.07888409,0.07383716,0.07022918,0.068040706,0.066971645,0.0665214,0.066131115,0.06531865,0.06377278,0.061414685,0.05844772,0.055402573,0.053140555,0.05270078,0.05488623,0.059802048,0.06681006,0.07489051,0.08298798,0.09016664,0.09565096,0.09883515,0.0992952,0.09681353,0.09142267,0.083484866,0.0738478,0.0641458,0.057195704,0.056567434,0.06388973,0.077218324,0.09343294,0.11007995,0.12545976,0.13837042,0.1479568,0.15365234,0.15516494,0.1524796,0.14586581,0.13588533,0.12340063,0.109584466,0.09591749,0.084109545,0.075772025,0.07169723,0.0711964,0.07238716,0.07319112,0.07202198,0.067941815,0.06058728,0.050061155,0.036838487,0.021696659,0.0059290514,0.011190893,0.026107386,0.03910872,0.049340498,0.056393933,0.060387038,0.062152337,0.06339188,0.066487476,0.07352888,0.085043795,0.099852875,0.1159787,0.1314467,0.14468995,0.15481351,0.16190115,0.16740248,0.1744407,0.18751991,0.21104065,0.24728198,0.295708,0.3538723,0.41853848,0.48629677,0.5538126,0.6179413,0.67581624,0.724936,0.7632482,0.7892214,0.8018956,0.8009069,0.7864811,0.7593978,0.7209257,0.67273295,0.6167801,0.5552019,0.4901863,0.42386082,0.35819405,0.2949232,0.23551908,0.18120867,0.13310315,0.09258101,0.062367108,0.04811191,0.052033223,0.06451519,0.07742879,0.08787727,0.09506546,0.09895455,0.099875934,0.09841924,0.09538094,0.09168868,0.08825157,0.08572682,0.08428079,0.08349759,0.08251948,0.080328435,0.07601338,0.06895136,0.058931306,0.046332717,0.03276731,0.023915198,0.030009847,0.046751652,0.06610968,0.08487844,0.10137537,0.11442174,0.12315969,0.12704358,0.12587294,0.11984146,0.109610446,0.09644623,0.08249825,0.071213946,0.06703681,0.07238064,0.08491113,0.100364916,0.1154772,0.12827554,0.13772357,0.14350909,0.14597578,0.14611097,0.14550139,0.14613394,0.1499201,0.15801995,0.1703767,0.18582098,0.20257798,0.21876276,0.232674,0.24292211,0.24847203,0.24865006,0.24313454,0.23193632,0.21537076,0.19402249,0.16870561,0.14042643,0.11036709,0.07995572,0.051340733,0.030252274,0.03154949,0.049649213,0.06942193,0.08685705,0.10093218,0.11139572,0.11834025,0.12206802,0.12301443,0.121682346,0.11857724,0.114145085
147,0.09864142,0.09039487,0.082180336,0.07450393,0.06793962,0.06302689,0.060090523,0.05905899,0.059434798,0.060466018,0.061384182,0.061570875,0.060636636,0.058459878,0.0552304,0.05152023,0.04835839,0.047152467,0.049161375,0.05468632,0.06292544,0.07259823,0.082471035,0.09151852,0.0989287,0.10409052,0.10659918,0.1062816,0.1032424,0.09793585,0.091271505,0.08473521,0.08038683,0.080371104,0.08579902,0.096020624,0.109218456,0.12340516,0.13690569,0.14843602,0.15706912,0.16220127,0.16353549,0.16107515,0.15511967,0.1462566,0.13534383,0.12347182,0.111880496,0.101786956,0.094086505,0.08899848,0.08590524,0.08358392,0.08067759,0.07608569,0.06914871,0.059693974,0.048052344,0.03519777,0.023535693,0.019356621,0.026484283,0.037524916,0.047684595,0.0551824,0.059280228,0.059926994,0.057879206,0.05503931,0.05465038,0.06008715,0.07219882,0.08905601,0.10803988,0.12698492,0.14438052,0.15943848,0.17224213,0.18394074,0.19683702,0.21410018,0.2389046,0.27329668,0.3175483,0.37033212,0.4293086,0.4916516,0.5543806,0.61455786,0.6694231,0.7165007,0.7536927,0.77935666,0.79236495,0.7921407,0.778669,0.7524808,0.714611,0.6665329,0.61007303,0.5473119,0.48047575,0.4118277,0.3435647,0.27772945,0.21615049,0.16043457,0.112084046,0.07298574,0.046996474,0.040382534,0.048723795,0.060040995,0.069548,0.076496325,0.08128104,0.08455595,0.08691955,0.08878553,0.0903483,0.09160976,0.09243537,0.09261115,0.09188588,0.08999773,0.08669425,0.081756316,0.07503527,0.066513196,0.056410786,0.0454248,0.03535332,0.030284235,0.034593664,0.04624501,0.060695287,0.075211234,0.0882078,0.09859221,0.10556061,0.10856112,0.10731007,0.10182792,0.09249338,0.08014445,0.066314675,0.05378487,0.04718225,0.050497644,0.061789848,0.07613052,0.09009035,0.10181734,0.11041863,0.11571111,0.11818684,0.11904547,0.120155394,0.123741865,0.13166952,0.14463793,0.16195321,0.18198867,0.20279823,0.22250685,0.2394813,0.25239182,0.26023352,0.26233372,0.25835025,0.24826142,0.23234604,0.21115424,0.18547024,0.1562715,0.12469402,0.09203497,0.05993792,0.031866398,0.023586763,0.042540293,0.06505837,0.08507757,0.101397716,0.113689475,0.12197761,0.12651259,0.12770605,0.12607649,0.122193545,0.11661988
148,0.08490436,0.076475285,0.068288475,0.06092394,0.055073608,0.051381048,0.050134543,0.051017106,0.053202156,0.055704907,0.057663824,0.058449,0.057680283,0.05523574,0.05129285,0.046434913,0.041843716,0.039426066,0.041184973,0.047637418,0.05751152,0.06907264,0.080894426,0.09190612,0.10130257,0.10849615,0.11311291,0.115015805,0.114345305,0.11157227,0.10755302,0.103550516,0.10112776,0.10178164,0.10635372,0.114630274,0.1255067,0.13749675,0.14915174,0.15926011,0.16691041,0.17150272,0.17274562,0.17064832,0.1655063,0.1578759,0.14853032,0.1383865,0.1283889,0.11934246,0.111717515,0.105501555,0.10019699,0.09499514,0.08904303,0.08168583,0.07263272,0.06207583,0.05085378,0.04080423,0.035133023,0.036639113,0.043778494,0.052636247,0.06037872,0.065388136,0.06680331,0.064361036,0.05848934,0.0507214,0.04462984,0.045943853,0.05744779,0.07601104,0.097734146,0.120099664,0.14161114,0.16152148,0.17981493,0.19727103,0.21546356,0.23655427,0.26280484,0.29592612,0.33657348,0.3842213,0.43736747,0.4938604,0.5511964,0.6067465,0.6579254,0.70232487,0.7378239,0.7626813,0.7756095,0.7758284,0.7630956,0.7377121,0.7005026,0.65277046,0.59623104,0.53292495,0.4651178,0.39519197,0.32553732,0.25845194,0.19606917,0.14034875,0.09325209,0.057532243,0.038737733,0.039722495,0.048407856,0.05578998,0.060320705,0.06303561,0.065648034,0.06957239,0.07526699,0.08217345,0.089184955,0.09515675,0.09919019,0.10072512,0.09953621,0.09568897,0.089479476,0.08137031,0.071935065,0.06183024,0.051826876,0.04294826,0.03669453,0.03487038,0.038189452,0.045373384,0.054517824,0.06414109,0.07317263,0.08076566,0.08621168,0.08893358,0.08851497,0.084742755,0.07765425,0.06759619,0.055336572,0.04237996,0.03191726,0.029658271,0.03730453,0.049239777,0.061118722,0.07093374,0.07779516,0.081551954,0.08281214,0.08309567,0.08486117,0.09091546,0.10305106,0.12111615,0.14350653,0.16814053,0.19300056,0.21629581,0.23649468,0.2523361,0.26284337,0.26733825,0.26545045,0.2571177,0.24257474,0.22233069,0.19713598,0.16794182,0.13585794,0.10212446,0.06816247,0.03618319,0.01747792,0.035494287,0.06016546,0.08218779,0.100260794,0.11400598,0.123392284,0.12862226,0.13007948,0.12828344,0.12384195,0.11739864
149,0.066531695,0.058687758,0.051508166,0.045673758,0.04197571,0.040967017,0.042510077,0.045760915,0.04962403,0.05312907,0.05554004,0.056342296,0.055219587,0.05205661,0.046984274,0.04051185,0.033867635,0.029635953,0.031304955,0.03951116,0.051673513,0.065411784,0.07923196,0.092131466,0.103376016,0.112432055,0.11896512,0.12286481,0.12428069,0.12365914,0.12176707,0.119671196,0.118618466,0.119767725,0.123821296,0.13076141,0.13988489,0.15008403,0.16016085,0.16904105,0.17588256,0.18011966,0.1814743,0.17994887,0.17580388,0.1695182,0.16172792,0.15313931,0.14441684,0.13605829,0.12828825,0.121013746,0.11387264,0.106367216,0.09803847,0.08863593,0.07826765,0.06755254,0.057802636,0.05109701,0.049543504,0.053376056,0.06045983,0.068103604,0.074238114,0.077485316,0.07700117,0.07239521,0.06375838,0.051887807,0.03918916,0.03251563,0.040977925,0.060845587,0.08514442,0.110707276,0.1360512,0.1604541,0.18377344,0.20643696,0.22942017,0.2541207,0.28208935,0.3146562,0.35257307,0.39580446,0.4435148,0.49420217,0.5458944,0.5963471,0.6432201,0.68422896,0.71727484,0.740557,0.7526663,0.7526588,0.74010724,0.7151273,0.6783769,0.63102865,0.5747156,0.5114543,0.44354755,0.37347588,0.30378434,0.23698018,0.17546768,0.1215898,0.07799819,0.04890974,0.039718166,0.044312652,0.049778976,0.05149459,0.04997512,0.04810129,0.0497177,0.05691707,0.06837646,0.08129038,0.093233176,0.102528,0.10814879,0.10961177,0.106899336,0.10039659,0.09082877,0.079199925,0.06674076,0.05487317,0.045155033,0.0390043,0.036936652,0.038028818,0.040774822,0.044203095,0.048046544,0.052378718,0.05721998,0.062313333,0.06711096,0.07089785,0.07294897,0.07266099,0.06964557,0.06379263,0.055320166,0.044847123,0.033606805,0.024187148,0.021496257,0.027035745,0.0353973,0.04266113,0.047118064,0.048115753,0.045917384,0.042241655,0.041291606,0.04857235,0.06535859,0.08881118,0.11600162,0.14471786,0.17315663,0.19974156,0.22307906,0.24197218,0.25545272,0.26281342,0.26363206,0.2577834,0.24543731,0.22704302,0.20330091,0.17512412,0.14359409,0.10991914,0.07542663,0.04178743,0.015058326,0.028524755,0.054571975,0.07797256,0.09731265,0.1121642,0.122438505,0.12828591,0.13005276,0.1282439,0.123481564,0.11645918
150,0.046212062,0.040015332,0.035381205,0.033041913,0.033432413,0.036238473,0.04055058,0.045367725,0.049855836,0.0533658,0.05539454,0.055559963,0.053597063,0.04937164,0.042917438,0.034538325,0.025182497,0.018073566,0.020574339,0.032268595,0.04729537,0.06315352,0.07868369,0.09309798,0.10578258,0.11627329,0.12427543,0.12969656,0.13268064,0.13363542,0.13324042,0.13241269,0.13219786,0.13356571,0.13714862,0.14304347,0.15079786,0.15957841,0.16840665,0.17635539,0.18267123,0.18683498,0.18858126,0.18789102,0.18496291,0.180165,0.17396778,0.16686173,0.15926872,0.1514642,0.1435325,0.13537374,0.12676656,0.117473535,0.10736696,0.09655782,0.085524805,0.0752395,0.06721205,0.06316133,0.063995205,0.06889545,0.07582095,0.082647435,0.08770405,0.08980828,0.08818522,0.08240783,0.07237631,0.058356818,0.041241124,0.024359554,0.023245905,0.043775648,0.07042664,0.09875077,0.12739938,0.15572466,0.18348643,0.21082418,0.23824444,0.26655725,0.29673558,0.3297064,0.36611605,0.4061364,0.44936177,0.49481115,0.54101294,0.58613795,0.62815034,0.66495895,0.69456,0.7151671,0.72532433,0.7240002,0.71065795,0.68529975,0.6484814,0.6012976,0.54533684,0.4826099,0.41545615,0.3464358,0.27822056,0.21350573,0.15499216,0.105566405,0.06895208,0.05005927,0.048130866,0.051580332,0.051915165,0.047129206,0.03885848,0.032541446,0.036633167,0.051162325,0.06952301,0.08740141,0.10241097,0.11310396,0.11866011,0.118791476,0.11369556,0.10401143,0.09077335,0.07537752,0.05960309,0.045745682,0.036664497,0.034305394,0.036827955,0.040407754,0.042661585,0.042934254,0.041782316,0.040664777,0.04143362,0.04520726,0.051515333,0.05883132,0.06553215,0.070337996,0.072399065,0.07129768,0.067051336,0.06013697,0.05156027,0.043002203,0.03689993,0.03550727,0.03849689,0.043006115,0.04618143,0.04611899,0.041683592,0.032303385,0.017943522,0.004639775,0.02620503,0.05335044,0.08299581,0.1137938,0.1443635,0.17331307,0.19930638,0.22113107,0.23775953,0.24839929,0.25252938,0.24992183,0.24064717,0.22506467,0.20379825,0.17770083,0.14780995,0.11530126,0.08145651,0.04773745,0.017333973,0.021629728,0.048068356,0.07221959,0.092370994,0.10802079,0.11901241,0.12543483,0.12758529,0.12593745,0.121105954,0.11380608
151,0.03430921,0.031836707,0.03175188,0.033780653,0.037311066,0.041663382,0.04623573,0.050513532,0.054041762,0.05640751,0.05723912,0.056216482,0.053086992,0.04768323,0.039940733,0.02991967,0.017871091,0.0053930436,0.013280087,0.029614924,0.04675708,0.06388511,0.08035548,0.09557591,0.10902488,0.12028814,0.12909782,0.13537006,0.13923728,0.1410697,0.14147608,0.14126734,0.14136176,0.14262138,0.14564805,0.1506201,0.15725699,0.16492714,0.1728312,0.18017581,0.18629484,0.19071423,0.19317347,0.19361581,0.19215542,0.18902674,0.18452196,0.17892489,0.17245288,0.16522002,0.1572327,0.14842147,0.13870452,0.12807223,0.11668184,0.10495556,0.09367434,0.084027745,0.0774805,0.07522816,0.07737919,0.08271782,0.08937307,0.09555953,0.099873036,0.10130192,0.09916693,0.09306662,0.08283891,0.06853515,0.050411988,0.029024016,0.008076946,0.025259549,0.053901505,0.08425268,0.11545391,0.14701337,0.1786395,0.21025182,0.24199134,0.27420026,0.3073578,0.3419704,0.37843132,0.41687664,0.45707208,0.49835446,0.5396381,0.5794777,0.6161735,0.64790004,0.67284477,0.68934435,0.6960106,0.6918385,0.6762914,0.6493578,0.6115774,0.5640351,0.5083228,0.4464726,0.38086906,0.3141498,0.24911603,0.18869054,0.13600303,0.09471056,0.06905457,0.060176127,0.060359955,0.059955098,0.0543772,0.042881772,0.027427537,0.018150106,0.03253262,0.055679303,0.07890235,0.09937004,0.11536744,0.1257597,0.1299301,0.12777166,0.119669296,0.10646327,0.08940403,0.07013296,0.0507993,0.03466487,0.027164603,0.030523594,0.037637915,0.042904217,0.044403866,0.04188949,0.03621337,0.029714067,0.027182484,0.032877047,0.044389475,0.057462938,0.06948927,0.07894238,0.08492652,0.08705604,0.08545423,0.080799006,0.07439291,0.068191625,0.0645187,0.06503734,0.069500655,0.07592117,0.08188455,0.08541303,0.08517676,0.080509104,0.07149382,0.05935998,0.047805242,0.045198847,0.058176517,0.08186388,0.109914266,0.1387449,0.1661017,0.19030242,0.21001862,0.22422867,0.23221853,0.23359036,0.22826412,0.21646766,0.19871402,0.17576666,0.14859572,0.1183295,0.08621314,0.053625945,0.022727696,0.015214097,0.040510505,0.06477826,0.08531641,0.10149305,0.11306596,0.1200501,0.12267987,0.12138075,0.11673867,0.10946549
152,0.048265267,0.047953825,0.04886342,0.05061378,0.05287015,0.055340864,0.0577488,0.059805248,0.061199285,0.06160372,0.060693234,0.058169186,0.053787123,0.047385603,0.03892129,0.028542282,0.016945284,0.009280179,0.01879713,0.034536667,0.051456284,0.06844977,0.08481089,0.099938914,0.113320254,0.12455278,0.13337862,0.13971668,0.14368962,0.14564005,0.1461275,0.14589348,0.14577876,0.14658636,0.14891103,0.15299547,0.1586838,0.16549505,0.17277165,0.1798333,0.18609013,0.19110453,0.19460914,0.19649316,0.19676754,0.19551775,0.19285372,0.18886647,0.18360089,0.17705148,0.16918336,0.1599752,0.14947802,0.13788234,0.12558866,0.11327562,0.101946995,0.09289139,0.087411776,0.086245276,0.08902917,0.0944115,0.10068725,0.10631913,0.11011946,0.11124118,0.10911822,0.10340827,0.09394769,0.08071792,0.06382195,0.043478474,0.02013645,0.00846202,0.03636087,0.06737787,0.10016831,0.13427038,0.16932155,0.20504972,0.24128763,0.27797556,0.31514075,0.35284927,0.39113238,0.42989856,0.46884808,0.50740904,0.5447103,0.57959783,0.610694,0.63649064,0.6554651,0.66620547,0.6675338,0.6586175,0.6390592,0.6089601,0.56895226,0.5201979,0.46435767,0.40353203,0.34018624,0.27707598,0.21720599,0.16387123,0.12079595,0.09188208,0.0785506,0.075540654,0.074183024,0.068741925,0.057060122,0.039133735,0.016453424,0.012964759,0.040445883,0.06822687,0.09361087,0.11477303,0.13030104,0.13924056,0.14113995,0.13606524,0.12458266,0.10771241,0.08686635,0.06380588,0.040779963,0.021947714,0.019135917,0.030354954,0.040753797,0.046479978,0.046690952,0.04149331,0.0317798,0.020160466,0.016896162,0.030152638,0.048359387,0.066380285,0.08220215,0.094580084,0.10275934,0.106488466,0.106090166,0.10255126,0.097597025,0.09361021,0.09306672,0.097353935,0.10589146,0.11659915,0.1270221,0.13503829,0.13907975,0.13816348,0.13189872,0.12053632,0.10513048,0.08798292,0.07363947,0.069363944,0.079713926,0.10064979,0.12576441,0.1507724,0.17305873,0.19091654,0.20320933,0.20924145,0.20870309,0.20163628,0.18840218,0.16964209,0.14623198,0.119232506,0.08984404,0.059402425,0.029711325,0.011607746,0.03198203,0.05562289,0.07612705,0.09258012,0.104620144,0.112170294,0.115386166,0.114627525,0.11043132,0.103482746
153,0.07840868,0.07661844,0.07529889,0.07429826,0.0735027,0.0728118,0.07210704,0.071225695,0.0699502,0.06801675,0.06514108,0.061056525,0.055561524,0.04858325,0.04029187,0.031400066,0.024102574,0.023392374,0.031731494,0.04518309,0.06059299,0.076444075,0.09181649,0.10602369,0.1185239,0.12891278,0.1369404,0.14253412,0.14581834,0.14712545,0.14698997,0.14611542,0.14530116,0.14532281,0.14678186,0.14997335,0.15483318,0.16099186,0.16790144,0.17497328,0.18168046,0.18761095,0.19247802,0.19610162,0.1983741,0.19922172,0.19857275,0.19633952,0.19241947,0.18671536,0.17917165,0.16982104,0.15883592,0.14658019,0.133658,0.12095157,0.109618634,0.10097196,0.096131474,0.095494844,0.098434485,0.10357539,0.10937006,0.11449305,0.11795807,0.11908776,0.1174423,0.112749755,0.10485048,0.0936598,0.07915472,0.061404202,0.04075989,0.019574774,0.020912273,0.04854892,0.081688404,0.11779003,0.15611339,0.19612573,0.23734687,0.27933115,0.32166457,0.36395317,0.4057962,0.44674584,0.48626146,0.52366817,0.5581322,0.58866143,0.61413676,0.63337237,0.6452006,0.6485717,0.6426583,0.6269533,0.60135305,0.5662166,0.5223978,0.47124827,0.41459343,0.35469076,0.29418585,0.23609449,0.18384421,0.14132576,0.11239198,0.09830986,0.09452845,0.09322097,0.08850621,0.0776373,0.060039647,0.03646333,0.009062872,0.023353847,0.05454183,0.08428044,0.110438734,0.13129498,0.14554767,0.15238401,0.15152155,0.14321417,0.12822247,0.107751414,0.083362445,0.056876685,0.0303497,0.0080304425,0.018981263,0.035636384,0.046915073,0.051834214,0.050162792,0.042208094,0.028849883,0.012502656,0.014848737,0.036343914,0.059021715,0.080277264,0.098557286,0.1127204,0.12207794,0.12649469,0.12650548,0.12343639,0.11947087,0.11744715,0.12003315,0.12840614,0.14161056,0.15727372,0.17271754,0.18559632,0.19409879,0.19697723,0.19353804,0.1836339,0.16767204,0.1466661,0.122410975,0.09799421,0.07895469,0.073398896,0.084432945,0.10524468,0.12837255,0.14953764,0.16642123,0.1777172,0.18274388,0.18128401,0.17350233,0.15988666,0.14119406,0.11839755,0.09263855,0.06521227,0.037758917,0.015172928,0.023218723,0.044947334,0.064917594,0.08138363,0.09377721,0.1018987,0.10580466,0.10577037,0.10226402,0.09592271
154,0.11325415,0.10872758,0.10424949,0.0998268,0.095492244,0.09127903,0.08718963,0.08316797,0.07908508,0.07474635,0.069922775,0.064404346,0.058075342,0.05102525,0.04374126,0.03746326,0.034535356,0.037392087,0.045978922,0.058220454,0.0721953,0.08659558,0.10049773,0.11320033,0.1241644,0.13300368,0.13949494,0.1435937,0.14544797,0.14540413,0.14399849,0.14192563,0.13997206,0.13890798,0.13934928,0.14163166,0.14575537,0.15142983,0.15818939,0.16551912,0.17294411,0.18006884,0.18657623,0.19220372,0.19671237,0.19986244,0.20140326,0.20108134,0.19866551,0.19398488,0.18697356,0.17771664,0.16649324,0.15381394,0.14044967,0.12744029,0.116047055,0.10757228,0.102978505,0.10243382,0.10517107,0.10984791,0.11507186,0.11971921,0.12300802,0.12444209,0.123715475,0.1206182,0.11496064,0.106526755,0.095064156,0.08031916,0.06214898,0.040936608,0.020979973,0.028945174,0.060374863,0.09832435,0.14020866,0.18501686,0.23190975,0.28005293,0.3285993,0.376695,0.42348382,0.46810386,0.5096786,0.5473065,0.58005625,0.6069737,0.62710553,0.6395415,0.6434732,0.63826543,0.6235326,0.59921235,0.56562835,0.52353626,0.4741488,0.41914114,0.36064363,0.30123907,0.24399632,0.19257376,0.15129857,0.12445216,0.11316132,0.11228877,0.11373597,0.11151566,0.102693565,0.086479284,0.06348232,0.035614602,0.01351428,0.037111968,0.069912374,0.10076981,0.1271079,0.14717606,0.15976238,0.16420312,0.16040055,0.14881332,0.13041338,0.10661114,0.079155065,0.050019555,0.021365823,0.006983302,0.028492935,0.045420665,0.055851493,0.059142005,0.055190153,0.044405695,0.027697917,0.0070541734,0.019270867,0.04522065,0.07099098,0.09473075,0.11492012,0.13040747,0.14053224,0.1452596,0.14532702,0.14239153,0.1390871,0.13870716,0.14414285,0.15643024,0.17427708,0.19498688,0.21561112,0.2335597,0.24678731,0.25381792,0.2537306,0.24613884,0.23116732,0.20942739,0.1820027,0.15048079,0.117147446,0.08573294,0.06363301,0.061848305,0.07873543,0.10161702,0.12314692,0.14025684,0.15156493,0.15649267,0.15497126,0.14731619,0.1341511,0.11634708,0.094971895,0.07126567,0.04674009,0.024206128,0.01718467,0.033418015,0.052009817,0.0681355,0.080733955,0.08941061,0.09409093,0.09494345,0.092347495,0.08687218
155,0.14870647,0.1409684,0.13299242,0.124918655,0.116905324,0.109101996,0.101617925,0.09449273,0.087679975,0.08105441,0.074449964,0.067730084,0.06089184,0.05421211,0.048442524,0.044956543,0.04541258,0.05060522,0.059802294,0.07153756,0.0844435,0.0974457,0.109708846,0.12057915,0.12956125,0.13631804,0.14068057,0.14265983,0.14245526,0.14045587,0.13722873,0.13348766,0.13003084,0.12763976,0.12694733,0.12831536,0.1317808,0.13710208,0.14387397,0.15164447,0.15998664,0.16851763,0.17688215,0.18472345,0.19166064,0.19728303,0.20116489,0.20289828,0.20213775,0.19865017,0.1923632,0.183408,0.17215365,0.15923138,0.14554529,0.13225515,0.12069262,0.1121413,0.107449144,0.106642865,0.1088951,0.11292887,0.11751077,0.121723466,0.1250026,0.12704617,0.1276799,0.12672484,0.123896934,0.11875872,0.11073066,0.099154495,0.083395205,0.062992185,0.038092818,0.01529871,0.03685083,0.0773719,0.12360207,0.17387809,0.22704737,0.28193468,0.3373035,0.39187708,0.44436777,0.49350333,0.53804934,0.57682836,0.6087393,0.63278043,0.6480785,0.6539253,0.6498224,0.6355298,0.6111161,0.5770051,0.53401303,0.48337573,0.42676413,0.3662986,0.30458394,0.24481645,0.19104773,0.14857438,0.12331517,0.11708395,0.12288726,0.13069615,0.13387957,0.12936874,0.116295055,0.09516734,0.06760416,0.037300535,0.0236733,0.05049766,0.08448114,0.1159962,0.14214732,0.16116016,0.17191614,0.17390572,0.16722116,0.15253182,0.13103198,0.1043674,0.07456973,0.044159185,0.018362444,0.021991387,0.041876137,0.057679664,0.066682026,0.06806876,0.061754063,0.048223965,0.028462991,0.0039999727,0.023984233,0.05301907,0.081422426,0.107363485,0.12926371,0.14593601,0.15673062,0.16168979,0.16171902,0.15876065,0.1558517,0.15671904,0.16451822,0.18024278,0.20234875,0.22784849,0.25352907,0.27656296,0.29468548,0.306215,0.3100365,0.30557862,0.29278454,0.2720738,0.24429344,0.21066229,0.1727203,0.13232023,0.091811106,0.055254444,0.035516374,0.049389366,0.075026825,0.09860804,0.11688644,0.12882769,0.1341533,0.13302913,0.12595429,0.11369489,0.09723231,0.07772958,0.0565618,0.03566444,0.020088308,0.023187637,0.03815171,0.05326257,0.06580517,0.07496325,0.0804608,0.08232604,0.08082651,0.07644396
156,0.18248485,0.17136236,0.15980023,0.14806092,0.13641888,0.12513156,0.114405945,0.104367666,0.0950437,0.0863716,0.07824621,0.07060788,0.06357,0.057572603,0.05349689,0.052532,0.05556164,0.062490135,0.07234494,0.083886914,0.095989265,0.10772013,0.11832702,0.12721892,0.13396312,0.13829209,0.14011334,0.13951774,0.13678287,0.13236865,0.12690185,0.1211429,0.11592469,0.112053,0.110174574,0.11065493,0.11353321,0.11858636,0.12545608,0.1337567,0.1431191,0.15317795,0.16353483,0.1737275,0.18322216,0.191433,0.19776368,0.20166218,0.20268022,0.20052978,0.19513202,0.18665518,0.17554049,0.16251461,0.14858432,0.13499837,0.12313752,0.11427246,0.109182216,0.10782238,0.109360866,0.11261031,0.1165068,0.12035367,0.123822704,0.1268144,0.12926528,0.1309679,0.13145608,0.12998478,0.12559684,0.11724192,0.10390798,0.084738195,0.059122927,0.026788121,0.012734081,0.058077443,0.109302305,0.16527648,0.2247638,0.28633946,0.34844038,0.40942186,0.46761343,0.5213714,0.5691273,0.60943234,0.6409987,0.6627395,0.67380697,0.67363054,0.6619538,0.63886833,0.6048429,0.56074536,0.5078555,0.44787097,0.38291463,0.31556818,0.24900275,0.18739422,0.13702756,0.10756937,0.10556732,0.12104947,0.13886084,0.15075693,0.15345372,0.14604825,0.12897383,0.103651814,0.07264164,0.041864667,0.034747005,0.06281054,0.0973408,0.12900028,0.15461157,0.17237365,0.18125519,0.18089306,0.17156042,0.1541295,0.1300188,0.10114574,0.06998955,0.040420458,0.024246112,0.036860015,0.056114618,0.07082461,0.07840131,0.07797751,0.06949411,0.0535083,0.03109818,0.0038518324,0.02675065,0.05835292,0.08907882,0.11701389,0.14051166,0.15834267,0.16985,0.17511787,0.17516342,0.17213643,0.16939253,0.1710446,0.18055722,0.19900626,0.22471574,0.25447467,0.28483915,0.31276622,0.33579114,0.35204414,0.3602325,0.3596177,0.3499877,0.331619,0.30522648,0.27189922,0.23302525,0.19020787,0.14517844,0.0997143,0.055595007,0.015222851,0.02445718,0.05590829,0.08159752,0.10068766,0.11293492,0.11843968,0.117600024,0.111073725,0.09973801,0.08465281,0.06704798,0.04840904,0.031025965,0.020681936,0.025483651,0.037624594,0.049493745,0.058919232,0.06519934,0.06814725,0.06788378,0.06478152
157,0.2128227,0.19834086,0.18328841,0.16804142,0.15298252,0.13846868,0.12479518,0.11216272,0.10065948,0.09027377,0.08095066,0.07269789,0.06572866,0.060594063,0.058174632,0.05933591,0.06433686,0.07259044,0.08301112,0.09444535,0.10586723,0.116416655,0.12539575,0.13226756,0.13666257,0.13838887,0.13744122,0.1340056,0.12845722,0.12135024,0.11339723,0.105432056,0.0983451,0.09297658,0.08997237,0.089657195,0.09201586,0.096809216,0.10373255,0.1125028,0.1228461,0.13443232,0.14681494,0.15940922,0.17151342,0.18236114,0.19119005,0.19731435,0.20019294,0.19948827,0.19511285,0.18726172,0.17643018,0.16341566,0.1492992,0.13539161,0.123107485,0.113715254,0.10796844,0.10581059,0.10645037,0.108814,0.11202416,0.1156264,0.11954702,0.12388175,0.12862492,0.13344681,0.13760169,0.13998078,0.13925911,0.13406903,0.1231581,0.10552285,0.08054965,0.048412573,0.016929049,0.047291864,0.10112089,0.16159146,0.22643419,0.29379913,0.36176917,0.4283529,0.49153805,0.54935646,0.59994984,0.6416324,0.67294943,0.69272983,0.70013285,0.69468796,0.6763265,0.6454043,0.60271287,0.5494791,0.48735297,0.41838694,0.34502167,0.2701185,0.1971857,0.13140023,0.083949104,0.0767877,0.10334391,0.13426483,0.15779184,0.1704754,0.171437,0.16103096,0.1404971,0.111936554,0.07880773,0.049146645,0.046093717,0.07388492,0.10807264,0.13923953,0.16391063,0.18023984,0.18726611,0.18475379,0.17313582,0.15346792,0.12738658,0.09712319,0.06583441,0.03973061,0.034443393,0.05101918,0.06993945,0.08374043,0.090083085,0.088125125,0.0778466,0.059867244,0.035360195,0.0065229656,0.027236626,0.060862396,0.09352794,0.123197384,0.14815874,0.16713594,0.17944492,0.18516979,0.18536937,0.18230064,0.17952254,0.18145758,0.19191454,0.21219309,0.24063256,0.273891,0.30834356,0.34076333,0.36850843,0.3895374,0.40238973,0.40616384,0.400492,0.38550702,0.36179662,0.33034536,0.2924649,0.24971658,0.20383248,0.15664731,0.110078365,0.066344336,0.030307299,0.027589755,0.0527931,0.07630674,0.09402342,0.10528088,0.11013961,0.109033376,0.10266318,0.091936074,0.077921964,0.061840277,0.045142744,0.029981567,0.02098809,0.023727635,0.03279945,0.041833546,0.048687153,0.05269467,0.053744297,0.052063562
158,0.23823757,0.22058551,0.20229878,0.18385716,0.16574146,0.14839773,0.13219796,0.11740464,0.10415188,0.09246164,0.08231118,0.07375547,0.06707766,0.06288181,0.06196041,0.06483923,0.07132599,0.08055179,0.09136633,0.10264382,0.11339616,0.122794576,0.13017333,0.13503726,0.13707377,0.13616452,0.1323933,0.12604733,0.11761077,0.10774976,0.09728737,0.08716196,0.07835179,0.0717398,0.067921214,0.06705959,0.068956114,0.07331465,0.07995963,0.08884022,0.09987888,0.11281348,0.1271276,0.1420745,0.15675491,0.17021152,0.18152048,0.18987307,0.19464555,0.19545561,0.19220437,0.18510301,0.17468281,0.16178785,0.14754587,0.13330375,0.12049543,0.11039648,0.10377407,0.100614235,0.10021205,0.101637244,0.104225,0.10778963,0.11252035,0.11866601,0.12617551,0.13447297,0.14245348,0.14864516,0.15142538,0.14921863,0.14066201,0.12476404,0.10115429,0.07092325,0.04232295,0.05268857,0.10201107,0.16406125,0.23232047,0.3038474,0.37619907,0.44700727,0.513941,0.5747526,0.6273459,0.6698478,0.70067626,0.718602,0.72279924,0.71288604,0.688951,0.65156513,0.601778,0.5410964,0.47144684,0.39512268,0.31472424,0.2331172,0.15352364,0.080592714,0.035503667,0.06920142,0.11558726,0.15248685,0.1770168,0.18848051,0.18712774,0.17396495,0.15073635,0.120068535,0.08622975,0.058671188,0.057622157,0.08373789,0.11652079,0.14644541,0.1697198,0.1844264,0.18965001,0.18525586,0.17180724,0.15051593,0.12322453,0.09252592,0.06251389,0.042161994,0.045456674,0.06397745,0.08256858,0.095585756,0.10091786,0.09777275,0.08616829,0.066772595,0.040850624,0.0111648515,0.025865503,0.06072215,0.094815955,0.12586702,0.15209258,0.17216547,0.18535464,0.19170083,0.19222985,0.18919468,0.18622093,0.18793346,0.19849746,0.21958117,0.2497088,0.28551975,0.32326967,0.35958472,0.39167154,0.41733408,0.43495268,0.44346237,0.44233117,0.4315316,0.4115022,0.3830964,0.3475214,0.30626968,0.2610507,0.21373524,0.16634402,0.121174954,0.08142768,0.05358443,0.048920855,0.06335895,0.081103384,0.09544363,0.10450269,0.107927226,0.10599767,0.09934594,0.08883016,0.07546253,0.06037212,0.044832382,0.030499814,0.020377355,0.019163894,0.024932997,0.031520393,0.036343783,0.038681682,0.03850754
159,0.2575137,0.23702389,0.21590042,0.19471474,0.17403336,0.1543786,0.13618545,0.11976265,0.10527221,0.0927486,0.08217708,0.07363174,0.067428924,0.064174704,0.06453211,0.06873274,0.07627877,0.08613853,0.09712265,0.10811059,0.11812534,0.12635086,0.13214202,0.13503817,0.13477853,0.13131511,0.12481981,0.115684204,0.1045117,0.09210317,0.07943558,0.06762358,0.057822138,0.050981954,0.047448948,0.04677961,0.048206095,0.051358532,0.056529403,0.0643513,0.075232856,0.089012355,0.10498801,0.12212759,0.1392624,0.15522045,0.1689197,0.1794412,0.18608996,0.18844432,0.18639176,0.18014923,0.17026637,0.15761021,0.14332758,0.12877458,0.11538656,0.1044495,0.09677729,0.09245338,0.090914264,0.09141729,0.09354864,0.09741747,0.10345154,0.11194173,0.122626595,0.13456102,0.14626451,0.15597744,0.16189572,0.16235572,0.15599422,0.14193538,0.12014221,0.09250054,0.0674306,0.07028549,0.11163351,0.17213339,0.2414828,0.3151696,0.39005625,0.46336383,0.5324654,0.5948821,0.64833707,0.6908272,0.720694,0.736688,0.73802125,0.7244054,0.696073,0.6537803,0.59879094,0.53283936,0.45807442,0.3769846,0.29230657,0.20692113,0.12374743,0.045730997,0.025944171,0.086361215,0.13554202,0.17187552,0.19465603,0.20384268,0.2000678,0.18465222,0.15965714,0.1281076,0.09488951,0.06985996,0.06927483,0.092459306,0.122695655,0.15055075,0.17192717,0.18480997,0.18830146,0.18233633,0.16757408,0.14535023,0.11769883,0.08762204,0.0603498,0.04684799,0.055915587,0.07529517,0.0934116,0.105689384,0.11021047,0.10623596,0.093812294,0.073639564,0.047068868,0.017289853,0.023672467,0.05848107,0.09332941,0.12529825,0.15250073,0.17355017,0.18765014,0.19475791,0.19579488,0.19289896,0.18961567,0.19063641,0.20045765,0.22124842,0.25190413,0.28917652,0.3292719,0.36870956,0.4045714,0.43452495,0.45680097,0.47017175,0.4739321,0.46787655,0.4522678,0.42779374,0.39551476,0.35680276,0.3132787,0.26675725,0.21921758,0.17284143,0.13022366,0.09499035,0.07275489,0.06847019,0.07759406,0.09042546,0.10124532,0.10782831,0.10955422,0.10655707,0.09937885,0.088803805,0.07576139,0.06126373,0.04637704,0.0322697,0.020529201,0.014168427,0.015475508,0.019741585,0.023042113,0.024371412
160,0.26973203,0.2468599,0.22341727,0.20005292,0.17740466,0.15605639,0.136491,0.11904669,0.10389347,0.091054186,0.080493376,0.07227088,0.06669748,0.06434254,0.06573347,0.07087814,0.079088144,0.08924485,0.100139454,0.11065176,0.11980826,0.12680115,0.13100395,0.13198976,0.1295494,0.1237058,0.114722624,0.103107296,0.0896124,0.07524428,0.06129046,0.049347483,0.04114276,0.03761192,0.03767483,0.038961302,0.039703425,0.039549693,0.039705664,0.042673174,0.050699584,0.06396328,0.081014745,0.10005625,0.11943723,0.13771234,0.15364169,0.16621146,0.17466947,0.17856176,0.17776097,0.17248066,0.16327225,0.15100291,0.13681147,0.12203488,0.10808654,0.09625586,0.0874265,0.08183648,0.07913813,0.07884753,0.080857255,0.08557516,0.09355555,0.10490993,0.118972145,0.13438363,0.14937906,0.16205202,0.17054954,0.17322655,0.16880299,0.15658161,0.13687801,0.11219156,0.09081397,0.09181399,0.12668101,0.18378352,0.25214037,0.3259637,0.40142938,0.47536784,0.54490095,0.60737693,0.6604027,0.7019068,0.7302087,0.7440816,0.74280316,0.7261896,0.69461185,0.64899075,0.5907727,0.5218856,0.44467905,0.36185804,0.2764343,0.19179608,0.11247739,0.051822804,0.06325491,0.112788156,0.15703912,0.18975165,0.20944326,0.21595974,0.210002,0.19302982,0.16729401,0.13608252,0.10459118,0.08211076,0.08091244,0.10014377,0.12671444,0.15164283,0.17059627,0.18144752,0.18328793,0.17608826,0.16056779,0.13815202,0.111050144,0.08270804,0.059488274,0.052624036,0.06515321,0.084600314,0.102004014,0.11351347,0.117378294,0.11290932,0.10017018,0.07987661,0.053454936,0.024388457,0.022342628,0.054998517,0.08971962,0.12201803,0.14980957,0.17162868,0.18659614,0.19455165,0.19625024,0.19361399,0.18996388,0.18989947,0.19817436,0.21755835,0.24751432,0.28505775,0.32642397,0.36806595,0.40696707,0.44067726,0.46728936,0.48541677,0.49417663,0.49317235,0.4824696,0.46256208,0.43432745,0.39897448,0.35798618,0.31306487,0.26609126,0.21911883,0.1744468,0.13485156,0.10400736,0.086308725,0.08343684,0.090480745,0.10033823,0.108517855,0.11301688,0.11320438,0.109171376,0.101413846,0.090664014,0.07778504,0.06369587,0.04931441,0.035518534,0.023142356,0.013106718,0.007202104,0.007574401,0.0099543175
161,0.27430606,0.24960664,0.2244566,0.19956596,0.17562799,0.15327288,0.13301605,0.11520856,0.10000804,0.08739982,0.07729595,0.06970599,0.06489775,0.06337749,0.06555295,0.07128414,0.07978325,0.08989947,0.10042385,0.11024191,0.118387155,0.124064565,0.1266715,0.1258199,0.12135768,0.11338683,0.10227958,0.08869987,0.07365182,0.058607433,0.04578632,0.038268883,0.03801783,0.042709224,0.0481899,0.051696256,0.05189224,0.048402235,0.04179185,0.034275413,0.031422872,0.039348383,0.055958442,0.076415114,0.09775515,0.11809424,0.13602795,0.15046808,0.16062309,0.1660162,0.1665059,0.16229492,0.15392211,0.14223455,0.1283384,0.11352431,0.099157095,0.08651113,0.07654729,0.06971354,0.06598112,0.06523897,0.067745596,0.07410896,0.08471469,0.099192984,0.11639356,0.13467291,0.15216888,0.16698554,0.17733209,0.1816591,0.17882362,0.16833721,0.15084557,0.12927833,0.11158361,0.11290325,0.14340167,0.19644554,0.26221007,0.3343279,0.40847686,0.48118585,0.54939884,0.61036295,0.66163766,0.70114714,0.7272429,0.7387624,0.7350753,0.7161128,0.6823779,0.63493556,0.5753846,0.50581473,0.42875934,0.3471712,0.26450175,0.18519491,0.11706064,0.08070921,0.09821634,0.138541,0.17633966,0.20439506,0.2205649,0.22449043,0.21684712,0.19914265,0.17371355,0.14394654,0.11496785,0.094806254,0.092285074,0.106840596,0.1287541,0.14992534,0.16593412,0.17454945,0.17482819,0.16674444,0.15104125,0.12920083,0.103588544,0.07808701,0.05984929,0.058527127,0.072767146,0.091604054,0.10799609,0.118645385,0.12195529,0.117282934,0.10469884,0.0849192,0.059427515,0.031870406,0.023640677,0.05138273,0.08484109,0.11674679,0.14463282,0.1669165,0.18261744,0.191431,0.19389771,0.19164135,0.1876289,0.18619783,0.19222872,0.20913608,0.23714636,0.27371466,0.3151947,0.35801256,0.39907655,0.43583712,0.46626312,0.4888174,0.5024412,0.50654215,0.5009768,0.48602638,0.4623617,0.43099937,0.39325172,0.3506752,0.3050252,0.25823048,0.21241203,0.16998652,0.13389193,0.107741535,0.09474464,0.094319865,0.101162665,0.10955558,0.116009414,0.11893161,0.11784076,0.11288023,0.104556374,0.093586884,0.08080039,0.06706134,0.053209037,0.040005337,0.02808851,0.017933875,0.009853776,0.004436839
162,0.2710107,0.24511182,0.21893027,0.19322015,0.1687139,0.14607328,0.12583268,0.10834122,0.093724854,0.08190467,0.072706774,0.066053845,0.062137056,0.06138319,0.06410678,0.07009117,0.07852302,0.08826417,0.098126955,0.107015096,0.11397974,0.1182491,0.11925439,0.11665639,0.110371925,0.100601986,0.087872155,0.07311844,0.057913776,0.04503135,0.038925223,0.042358115,0.051732842,0.062016316,0.0702287,0.074793875,0.07487987,0.07015757,0.06075055,0.047340732,0.031839702,0.021549996,0.030973103,0.051808417,0.074754916,0.0968506,0.116504855,0.13258566,0.14428562,0.15111767,0.15292914,0.14990735,0.14256781,0.13172264,0.11842793,0.1039094,0.08946403,0.07633265,0.065548606,0.057814904,0.053543586,0.053125568,0.05712351,0.0659629,0.079428665,0.09658506,0.116019845,0.13606867,0.15495498,0.17090006,0.18223947,0.18756165,0.18588766,0.1769421,0.16165133,0.14319979,0.12902421,0.13143773,0.15893595,0.2077578,0.26974156,0.33855608,0.40964684,0.47937658,0.5446066,0.6025635,0.6508309,0.68739045,0.7106762,0.7196265,0.71372443,0.6930208,0.6581396,0.61026454,0.5511108,0.48288944,0.40828398,0.33048803,0.25344446,0.18274431,0.1284827,0.108255945,0.12632212,0.15970065,0.1913694,0.21475722,0.2275565,0.22930987,0.22066076,0.20310873,0.17897326,0.15154803,0.12551917,0.10731689,0.10304326,0.11252401,0.12901153,0.14568451,0.15826112,0.16445237,0.16326872,0.15465896,0.13935624,0.11886758,0.09568617,0.074036874,0.061153345,0.06389296,0.07850442,0.09611316,0.111155465,0.12079968,0.12359926,0.11895689,0.106942415,0.08825928,0.06442412,0.03912415,0.027924083,0.048831977,0.07967462,0.11033769,0.13772066,0.16006404,0.17626575,0.18585807,0.18913504,0.18736416,0.183055,0.18011619,0.18337002,0.19683693,0.22168444,0.2560151,0.29640847,0.33930197,0.3815467,0.42050904,0.454049,0.48049197,0.49861276,0.5076271,0.50718194,0.49733925,0.4785514,0.4516266,0.41768697,0.37812236,0.3345457,0.28875974,0.24275148,0.19874252,0.15933008,0.12767914,0.10726011,0.09983721,0.102739535,0.11039743,0.11816254,0.12343024,0.12507582,0.122846715,0.1169989,0.10809073,0.09685535,0.08411168,0.07069604,0.057407238,0.044963457,0.03397542,0.024953257,0.018388744
163,0.25999996,0.23357263,0.20706634,0.18126155,0.1569144,0.13470602,0.11518006,0.09867346,0.085263774,0.07478049,0.066928454,0.06150815,0.05860631,0.058561504,0.061622743,0.06755724,0.07558682,0.08462676,0.0935356,0.10125339,0.10686469,0.1096353,0.10904389,0.10481429,0.09695242,0.08579965,0.07214201,0.057496946,0.04487678,0.039664634,0.04547246,0.058248382,0.072577946,0.085350096,0.09482702,0.09994645,0.1000826,0.09497334,0.08469785,0.06967071,0.050668683,0.029115913,0.012009829,0.026883256,0.051036783,0.07454782,0.09558555,0.11302917,0.12608683,0.13427652,0.13743995,0.13574791,0.12968774,0.120030686,0.10777948,0.094098136,0.08022756,0.06739412,0.056727454,0.049218997,0.04573816,0.047005635,0.053373512,0.06461371,0.079987496,0.098414995,0.11857182,0.13894981,0.15793128,0.1738879,0.18530273,0.19091842,0.18992741,0.18225281,0.1690353,0.15355043,0.14259045,0.14622615,0.17137696,0.2158813,0.273163,0.33731684,0.40381035,0.46899003,0.5297391,0.58334666,0.62749,0.6602652,0.6802327,0.68646127,0.67856055,0.6566988,0.6216027,0.5745424,0.5173052,0.45217142,0.3819191,0.30992475,0.24053344,0.18011694,0.13904455,0.1289956,0.14654899,0.17461693,0.20102327,0.22027461,0.23023704,0.23047347,0.22160777,0.20508128,0.1830859,0.15862508,0.1356649,0.119016714,0.11277163,0.117087096,0.12767275,0.13925865,0.14798233,0.15159154,0.14905904,0.14028764,0.12597106,0.10760848,0.087765925,0.07077042,0.06301073,0.068297416,0.08222765,0.09803835,0.11137142,0.11982213,0.12209917,0.11765421,0.106552705,0.08947515,0.06794468,0.045579124,0.034032457,0.048278585,0.07520451,0.10370142,0.12990285,0.15181166,0.16818485,0.1783818,0.1824357,0.18122737,0.1767409,0.17231128,0.17247504,0.18171068,0.20225249,0.23309775,0.27119347,0.31302804,0.35540423,0.39561397,0.4314231,0.4610364,0.4830788,0.49658802,0.50101095,0.49619585,0.4823767,0.4601485,0.43043402,0.3944441,0.3536367,0.3096814,0.26444316,0.22000681,0.17877537,0.14365418,0.11809609,0.10502962,0.104031,0.1105127,0.11916771,0.12646763,0.13064027,0.13102868,0.12763211,0.12084226,0.11128704,0.099727124,0.08698002,0.073860265,0.06113188,0.049473215,0.03945814,0.031560753
164,0.24181554,0.2155425,0.18941328,0.164217,0.14072001,0.11961538,0.101454176,0.086559206,0.07494704,0.06632548,0.060238354,0.056330953,0.054566946,0.05519475,0.058420513,0.06404057,0.071360916,0.07938939,0.08706017,0.09337299,0.097465694,0.09865922,0.096496254,0.09078354,0.08165141,0.06967032,0.056151617,0.04399147,0.038957268,0.04573255,0.060578935,0.077898085,0.09446723,0.108426556,0.118542954,0.12397239,0.12419635,0.11900874,0.10851148,0.09310352,0.073458165,0.050489146,0.025328783,0.0031311705,0.027349023,0.05189044,0.07389678,0.0923671,0.106558315,0.116007224,0.12055602,0.12036158,0.11588541,0.10786452,0.09726565,0.08522749,0.072998084,0.06187549,0.053147744,0.0479853,0.04721159,0.05107283,0.059323013,0.07148966,0.08694683,0.10484516,0.124077514,0.14331865,0.1611124,0.17598446,0.1865733,0.19178307,0.190976,0.18424821,0.17288029,0.160091,0.15192616,0.15657048,0.17954183,0.21955642,0.27138197,0.3297411,0.39032683,0.44961095,0.5046004,0.5527264,0.5918231,0.6201504,0.6364301,0.6398812,0.630245,0.6077961,0.5733385,0.5281891,0.47415602,0.4135269,0.34910133,0.28434435,0.22382772,0.17417939,0.14462373,0.1415449,0.15854232,0.18261702,0.20481442,0.22075929,0.22866262,0.22818339,0.2199253,0.2052134,0.18599813,0.16482578,0.14480154,0.12930997,0.121032886,0.120358184,0.12489361,0.13101202,0.13556053,0.13647355,0.13272667,0.12416977,0.111431785,0.0959615,0.08028197,0.06839542,0.06501905,0.07149104,0.08390305,0.097398624,0.10865735,0.11569192,0.117380224,0.113231555,0.10330835,0.088262334,0.06959768,0.050764978,0.040626884,0.0499661,0.072229534,0.09770469,0.12202063,0.14293927,0.15907253,0.16960977,0.17432754,0.17371821,0.16921328,0.16347077,0.16050008,0.16496414,0.18018036,0.20632637,0.24092315,0.28056115,0.32199115,0.3624293,0.39955795,0.43148062,0.4566945,0.4740819,0.4829096,0.48282787,0.47386324,0.45640275,0.4311691,0.3991885,0.3617544,0.32039344,0.27684492,0.23307201,0.1913367,0.15437114,0.12555443,0.10840695,0.104157865,0.10947163,0.11881423,0.1279049,0.13438477,0.1372235,0.13618,0.1314846,0.12365611,0.113386124,0.101456754,0.08867676,0.075829946,0.06363385,0.05270897,0.043560553
165,0.21739383,0.19193825,0.16684565,0.14289615,0.1208559,0.101430625,0.0851914,0.072461136,0.063188635,0.056918953,0.05298261,0.050840758,0.050331153,0.051619496,0.054883562,0.059974845,0.066318646,0.073052555,0.07922018,0.08390978,0.08633657,0.085897624,0.08222095,0.0752274,0.065243326,0.05328286,0.041871008,0.036646515,0.04332791,0.05902826,0.07814663,0.09742137,0.114945404,0.12938735,0.13974974,0.14531225,0.14562947,0.14053968,0.13016896,0.11492393,0.09547136,0.072706014,0.04771834,0.021872042,0.0071385964,0.03010244,0.05231248,0.07133446,0.08637027,0.096953504,0.10292258,0.10442276,0.10189786,0.09606825,0.08789747,0.07855099,0.069345295,0.061662007,0.056760542,0.05545884,0.057910696,0.06380691,0.072781,0.08454589,0.09875177,0.11481781,0.1318726,0.14879695,0.1643227,0.17715567,0.1861119,0.19027093,0.18916342,0.18302995,0.17321639,0.16275692,0.15687999,0.16212977,0.18279658,0.21806712,0.26380685,0.31544968,0.36906177,0.4213606,0.4695687,0.51132953,0.54468864,0.5681089,0.58049834,0.58123636,0.5701911,0.54772425,0.5146839,0.47238815,0.4226084,0.3675713,0.3100161,0.25338748,0.20229322,0.16317298,0.1434863,0.14565831,0.1623751,0.18360089,0.2027032,0.21632975,0.22308846,0.2227559,0.21588993,0.20363149,0.18758857,0.1697476,0.15235466,0.13766262,0.12741332,0.12213344,0.1207943,0.12131484,0.12149253,0.11965027,0.1148536,0.10691446,0.09637154,0.084545486,0.073683605,0.06689007,0.066828914,0.07335455,0.083593845,0.0943219,0.10315008,0.10852073,0.109505236,0.105686635,0.09713246,0.08446591,0.069149114,0.054370023,0.04678979,0.05339419,0.07115298,0.093040764,0.11484248,0.13420694,0.14963737,0.16017677,0.16536966,0.16534624,0.1610009,0.15426975,0.1484229,0.14792061,0.15698381,0.17725754,0.20716107,0.24347863,0.28288984,0.32251447,0.35995302,0.39322546,0.42072794,0.4412165,0.45380625,0.4579746,0.45356053,0.44075674,0.4200929,0.39241052,0.3588325,0.32073256,0.27971372,0.23761365,0.1965665,0.15916501,0.12870349,0.10901874,0.10250168,0.106999196,0.11701191,0.12770584,0.13625172,0.14131504,0.14245284,0.13975158,0.13362437,0.1246872,0.11367343,0.10136826,0.08855533,0.07597248,0.06427595,0.054013107
166,0.18809268,0.16407043,0.140595,0.11841767,0.09829612,0.08096232,0.06704904,0.056929518,0.050485604,0.047021564,0.045570757,0.04539401,0.046230607,0.048185967,0.051415753,0.05583029,0.060990192,0.06619321,0.070628665,0.07350768,0.07415273,0.07206421,0.06698788,0.059021033,0.048862908,0.038557746,0.033226065,0.039217997,0.054751445,0.07446523,0.09518542,0.115055256,0.13273208,0.14714386,0.15743732,0.16298327,0.16339545,0.15854716,0.14857864,0.13389236,0.11513631,0.09317901,0.069091044,0.04420885,0.02100001,0.014793829,0.03263793,0.051083285,0.06646343,0.077974804,0.08537611,0.08878209,0.08862013,0.08560541,0.08071077,0.07511775,0.07011805,0.06691585,0.06633449,0.06860824,0.073494084,0.08061345,0.08969329,0.10056557,0.11302281,0.1266721,0.14086726,0.15472934,0.16722906,0.1773023,0.18398286,0.18655086,0.18470956,0.1788182,0.17022008,0.1616615,0.1575137,0.16287102,0.18095368,0.2111876,0.25033015,0.29454514,0.3403713,0.38486817,0.42555055,0.46033344,0.48751667,0.5057948,0.5142763,0.51250076,0.5004489,0.47854188,0.44763163,0.40898526,0.36427522,0.31559396,0.26553562,0.21741992,0.17573687,0.14647335,0.13523676,0.14167392,0.15848233,0.17788416,0.19500242,0.20736067,0.21393465,0.21459047,0.20979005,0.20042206,0.18768516,0.17298584,0.15782349,0.14363328,0.13156404,0.122216776,0.11546681,0.110530354,0.10628983,0.101694904,0.09605659,0.089198515,0.081525125,0.074054666,0.06835322,0.06610721,0.06817221,0.07387023,0.081454076,0.08904299,0.09510673,0.09854809,0.098671354,0.09516159,0.08810956,0.078117296,0.06657878,0.056301333,0.052024808,0.057732012,0.071888804,0.09010086,0.108967274,0.12628505,0.14054798,0.1507081,0.15612592,0.15662213,0.15260978,0.14532553,0.137169,0.13196306,0.13436572,0.14764479,0.17162655,0.2035001,0.23984435,0.27762836,0.31435248,0.3479648,0.37678754,0.39948437,0.4150536,0.4228319,0.42249805,0.4140713,0.39790142,0.37465072,0.34526956,0.3109701,0.273207,0.23368067,0.19439307,0.15780595,0.12712586,0.10637004,0.09873364,0.103003964,0.1138019,0.12593757,0.13627337,0.14327246,0.14634638,0.14546518,0.14094537,0.13332468,0.1232774,0.111549966,0.09890839,0.08609384,0.07378554,0.062570184
167,0.15579078,0.1337581,0.11237405,0.09233014,0.07435971,0.059247673,0.047794383,0.04057778,0.037425302,0.03719312,0.038469557,0.040353134,0.042567898,0.04519859,0.04837666,0.05205249,0.055913087,0.059430905,0.0619735,0.06291351,0.061719235,0.05803625,0.051793292,0.043425113,0.034520615,0.029486626,0.034650642,0.049246784,0.068454124,0.089345574,0.11021242,0.12978649,0.14700454,0.16096021,0.1709133,0.17631446,0.17683023,0.17236117,0.16304997,0.14927809,0.1316516,0.11097947,0.08825533,0.06467955,0.041897293,0.02362199,0.021345474,0.034213345,0.04849142,0.060397837,0.06910732,0.07456692,0.07713495,0.077480584,0.07651538,0.07529319,0.074843645,0.075951144,0.07898219,0.08389209,0.09040736,0.09823262,0.10715347,0.11701827,0.12765078,0.13875613,0.14986515,0.16033544,0.16940449,0.17628011,0.18025461,0.18083785,0.17791472,0.17194314,0.16420841,0.15709326,0.1541031,0.15904596,0.17421187,0.19913334,0.2312975,0.26758334,0.3050657,0.34121937,0.37391335,0.40138108,0.42220908,0.4353418,0.44009203,0.43615004,0.42358586,0.40284416,0.37473243,0.34040782,0.3013739,0.2595096,0.21717519,0.17747252,0.14468782,0.12430011,0.12027216,0.13033728,0.14761484,0.1661149,0.18231477,0.19444156,0.20175421,0.20414169,0.20190647,0.19563346,0.18609665,0.17418195,0.1608165,0.14689972,0.13323419,0.120458655,0.10899239,0.099009536,0.090465054,0.08318116,0.07697571,0.071789995,0.06776559,0.06522403,0.06452009,0.06580828,0.06886546,0.07310164,0.07772161,0.081900895,0.08490134,0.08613421,0.085201725,0.081943005,0.07650729,0.06948713,0.062155,0.056748193,0.05619183,0.06226121,0.07398633,0.08891221,0.10473595,0.11967826,0.1323741,0.14177565,0.1471328,0.1480334,0.14449856,0.13715327,0.12751769,0.118426874,0.11422361,0.11951863,0.13622038,0.16244845,0.1946882,0.22964387,0.2646565,0.29759684,0.32673627,0.35068128,0.368352,0.3789816,0.38212138,0.37764347,0.36573654,0.34689412,0.32189617,0.29178825,0.25786573,0.22167835,0.18508531,0.15041575,0.12079001,0.10034342,0.09281584,0.09759252,0.10935809,0.12276351,0.13456316,0.14314319,0.14783724,0.14853211,0.14546071,0.13908277,0.13000564,0.118924,0.10657037,0.0936729,0.0809194,0.06892705
168,0.123201974,0.103701256,0.08480574,0.06707978,0.05115874,0.037857935,0.028367685,0.024060838,0.024770651,0.02815712,0.032185975,0.03603091,0.039550718,0.042843632,0.046000578,0.048976768,0.051553313,0.053368043,0.05398503,0.0529767,0.05001023,0.044956494,0.038097374,0.03069185,0.026415253,0.030875769,0.043989453,0.061779458,0.08170364,0.10226762,0.12234287,0.14094837,0.15720409,0.17033947,0.17971905,0.18487081,0.1855107,0.18155967,0.17315151,0.16063023,0.14453813,0.12559685,0.10468832,0.08285407,0.061369844,0.042107645,0.028850531,0.027606297,0.036090527,0.046633415,0.055981807,0.063312136,0.06867348,0.07252965,0.07556551,0.07853021,0.08207547,0.08662132,0.09230621,0.0990398,0.10661262,0.11479507,0.12338571,0.13220659,0.14106466,0.14970541,0.15778133,0.16484955,0.17040287,0.17393099,0.1750058,0.1733869,0.16914864,0.16283356,0.15562895,0.14950837,0.14713337,0.15117592,0.16311936,0.18252325,0.20747548,0.23553891,0.26436275,0.29189268,0.31640178,0.33647954,0.35102358,0.35923862,0.36063847,0.3550464,0.34259042,0.32369387,0.299062,0.26967144,0.23677333,0.20193571,0.16717705,0.1352841,0.11033293,0.09749706,0.099500015,0.112705745,0.13079424,0.14921738,0.16548666,0.17834201,0.18720357,0.19189534,0.19250272,0.18929066,0.18265082,0.17306462,0.16107695,0.14727816,0.13229463,0.11678785,0.10146397,0.08709288,0.0745259,0.064665705,0.05828346,0.05563098,0.056149684,0.058713797,0.062180493,0.06571222,0.06880126,0.0711774,0.072710514,0.07333881,0.07302685,0.07175365,0.06953215,0.06646247,0.06282183,0.05918761,0.056549072,0.05624265,0.059467576,0.06657328,0.07688873,0.08919646,0.10219098,0.1146606,0.12552492,0.13384715,0.13886037,0.14001516,0.13705374,0.13012706,0.11999586,0.10839185,0.09856007,0.09537999,0.10320896,0.12229052,0.14930035,0.18047094,0.21283215,0.24413112,0.27259788,0.29681373,0.31565997,0.32830593,0.33421168,0.33313242,0.3251188,0.3105106,0.2899243,0.26423788,0.23458001,0.20233877,0.16922024,0.13741922,0.10998262,0.09115266,0.08500367,0.091076955,0.10397925,0.11842832,0.13130103,0.14104126,0.14697444,0.14893845,0.14709693,0.14183399,0.13368435,0.12327998,0.11130569,0.098460875,0.085426785,0.07283899
169,0.09473351,0.07852575,0.062717676,0.047641315,0.03362331,0.021058738,0.010938901,0.008132004,0.0140210185,0.020956352,0.027205363,0.032608334,0.037226796,0.041130338,0.044327375,0.046738718,0.048199866,0.048486765,0.047359955,0.04462668,0.040235806,0.034467023,0.028415255,0.025072655,0.028851353,0.040074382,0.055791114,0.0738822,0.09307008,0.112391785,0.13099799,0.14810137,0.16297816,0.17498863,0.18360329,0.18842839,0.18922727,0.18593518,0.17866628,0.16771212,0.15353239,0.13673927,0.11808039,0.098429315,0.078806,0.060482338,0.04528743,0.03602798,0.03511144,0.040686622,0.04871548,0.05685827,0.06433019,0.07109115,0.077420734,0.08369267,0.09023336,0.097239845,0.104756296,0.11269816,0.12089945,0.12915792,0.13726303,0.14500375,0.1521614,0.15849756,0.16374642,0.16761957,0.16982745,0.17011854,0.16833572,0.16448814,0.15883847,0.15200269,0.14504662,0.1395199,0.13729137,0.14004144,0.14855427,0.16236022,0.18003565,0.19978385,0.21985029,0.23869774,0.25504956,0.26788864,0.2764484,0.28020465,0.2788676,0.2723726,0.26086807,0.24470091,0.22440171,0.2006752,0.17440696,0.14671212,0.11908782,0.0938134,0.074760355,0.06745551,0.0741834,0.09008116,0.10927575,0.12835753,0.14557903,0.15998481,0.17101645,0.17834955,0.18182492,0.18141901,0.17723145,0.16947995,0.1584981,0.144734,0.12875076,0.11123254,0.09300808,0.075118124,0.058980864,0.046674233,0.04075838,0.042043235,0.04786206,0.05487566,0.061077703,0.06554095,0.06793558,0.06827663,0.066803426,0.06391337,0.060117047,0.05600139,0.052193277,0.0493147,0.047919314,0.04841416,0.05100165,0.0556813,0.06229711,0.07057796,0.08014798,0.09052307,0.10111452,0.111248314,0.12019902,0.12723446,0.13166782,0.13291591,0.13056518,0.124453835,0.11479248,0.10237957,0.089032434,0.07833267,0.07579415,0.08544318,0.105658576,0.1320108,0.16083449,0.18959776,0.21646124,0.24000137,0.25909665,0.27289197,0.2807933,0.2824717,0.27786595,0.26718104,0.25088128,0.22968106,0.20454012,0.17667855,0.14764453,0.119506046,0.09527406,0.07933692,0.07586859,0.08397689,0.098069556,0.113234684,0.1267134,0.13713172,0.1438681,0.14674188,0.14586124,0.14153801,0.13423055,0.12449932,0.112968944,0.10029542,0.087137975,0.07413651
170,0.07778301,0.06610171,0.054538812,0.043253627,0.032406695,0.02220339,0.013111999,0.007390748,0.010292378,0.017010655,0.023826918,0.030053055,0.035456788,0.03988301,0.043188177,0.045229547,0.045872476,0.045010008,0.042598855,0.03872875,0.03377572,0.028770048,0.026064644,0.02888613,0.037915654,0.051197816,0.066960715,0.08407463,0.10171633,0.11918011,0.13581164,0.15099487,0.16416082,0.17480548,0.18251032,0.18696229,0.1879707,0.18547931,0.17957285,0.17047703,0.15855281,0.14428556,0.12827235,0.11121235,0.09391024,0.07731118,0.062592246,0.05128859,0.04513156,0.04491718,0.04940097,0.05643353,0.06447891,0.07280837,0.08118388,0.089592054,0.09808415,0.106688686,0.11537201,0.12403085,0.13250324,0.14058653,0.14805488,0.1546732,0.16020711,0.16443169,0.1671415,0.1681648,0.16738379,0.16476162,0.16037667,0.15446319,0.14745606,0.14003238,0.13312835,0.12788498,0.1254579,0.1266796,0.13172765,0.14004815,0.150587,0.16212209,0.17350113,0.18375136,0.19210814,0.1980089,0.20107472,0.2010886,0.1979721,0.19176148,0.18258438,0.17063859,0.15617594,0.13949484,0.12094859,0.10098446,0.08025871,0.059987452,0.043114007,0.03671135,0.045933925,0.06399401,0.08455497,0.10495283,0.12386779,0.14043142,0.1539818,0.16400132,0.17010923,0.1720707,0.1698081,0.163409,0.15312812,0.13938306,0.12274507,0.103929795,0.0838016,0.06343244,0.044369202,0.029690972,0.025629945,0.033003435,0.04376899,0.053510603,0.06076847,0.065050244,0.06627496,0.06461538,0.06044445,0.054323245,0.047029946,0.039658703,0.03379022,0.03139032,0.033582307,0.03948319,0.047415208,0.056209818,0.06529113,0.0744234,0.08351124,0.09246798,0.101133004,0.10923072,0.11636693,0.12205488,0.12576117,0.12696199,0.12520407,0.120168686,0.111744806,0.10013236,0.08603639,0.07111905,0.059018735,0.056057464,0.066310845,0.086232014,0.11056664,0.135972,0.16039152,0.18238202,0.20084396,0.21493284,0.22403668,0.22777508,0.22600316,0.21881314,0.20653272,0.18972181,0.16917494,0.1459455,0.12142984,0.09759957,0.07752211,0.06582761,0.066357136,0.07700638,0.09210208,0.10751122,0.12104896,0.13161267,0.13867617,0.14206256,0.1418358,0.13823922,0.13165288,0.122559026,0.11151171,0.09911011,0.085976176,0.07273852
171,0.079320945,0.07195412,0.0639438,0.055368837,0.04637558,0.037212353,0.028319186,0.020597437,0.016032271,0.016933795,0.02192524,0.028100546,0.033952907,0.038797434,0.042264085,0.04413652,0.0443108,0.04280051,0.039779384,0.035688855,0.0314763,0.02895441,0.030525757,0.037225816,0.04797497,0.061277017,0.076049246,0.091531925,0.10712569,0.12230776,0.13659853,0.14955284,0.16076326,0.16986945,0.17657012,0.18063572,0.18192016,0.18037023,0.17603205,0.16905355,0.15968336,0.14826632,0.13523735,0.12111658,0.10651057,0.09212701,0.07880988,0.06758512,0.059632923,0.05597562,0.056844123,0.061420754,0.068432905,0.076817326,0.08590102,0.09530605,0.10481772,0.11428845,0.1235798,0.1325327,0.14095692,0.14863302,0.15532193,0.16077912,0.16477157,0.16709635,0.16760065,0.16620287,0.16291443,0.15786147,0.15130575,0.1436617,0.13550408,0.12755443,0.12062401,0.11548916,0.1126998,0.112390876,0.11421852,0.11747862,0.12132959,0.124993995,0.1278781,0.12961665,0.13006988,0.12929183,0.127478,0.12489551,0.12180064,0.11835558,0.114563726,0.110243574,0.105051436,0.09854588,0.090273984,0.07985907,0.06708062,0.051963653,0.035003807,0.018682258,0.018021045,0.036498908,0.058574118,0.0808123,0.10190665,0.12088598,0.13692528,0.14933714,0.1575934,0.16134822,0.16045484,0.15497282,0.14516488,0.13148366,0.11454967,0.095123634,0.07408032,0.05240723,0.03135695,0.014153182,0.016132692,0.030396994,0.043600567,0.05387745,0.060739048,0.06404541,0.06386523,0.06043395,0.054130584,0.04546673,0.035112947,0.024096454,0.014994309,0.015110786,0.024517305,0.036176655,0.047832362,0.0588564,0.06904497,0.0783723,0.08689869,0.09470516,0.10183564,0.10825058,0.11380024,0.11822285,0.121166624,0.12222958,0.1210092,0.11715525,0.1104222,0.100723326,0.08819859,0.0733394,0.057318997,0.04304051,0.037291344,0.04598604,0.064024314,0.0851594,0.10636976,0.12603378,0.14306039,0.15663789,0.16616663,0.17124572,0.17167453,0.16745657,0.15880197,0.14613055,0.13008249,0.11155661,0.09182564,0.07285222,0.05798608,0.05219146,0.057873566,0.07101345,0.08655771,0.1015724,0.11455223,0.124696456,0.13159053,0.1350728,0.13517073,0.13206291,0.12605074,0.11753382,0.10698738,0.09494195,0.08196715,0.06866329
172,0.095564924,0.08964301,0.08222804,0.07347857,0.06363912,0.053053606,0.042204484,0.03183266,0.023288958,0.019065183,0.020897254,0.026334489,0.032367248,0.03753218,0.0411865,0.043051373,0.0430722,0.041401166,0.038451586,0.035034485,0.032552086,0.032888297,0.037339427,0.04561341,0.05653969,0.06903235,0.0823021,0.09577463,0.109005675,0.12163136,0.13334149,0.14386539,0.15296462,0.16043057,0.16608536,0.16978568,0.17142847,0.17095791,0.1683724,0.16373101,0.15715845,0.14884864,0.13906696,0.12815298,0.11652535,0.104692645,0.09327236,0.08301349,0.07479396,0.069517866,0.06783621,0.069810845,0.07487234,0.08214924,0.09081813,0.10024593,0.10997867,0.11968241,0.12908776,0.13795114,0.14603274,0.15308815,0.15887068,0.1631419,0.1656881,0.16634081,0.16499977,0.16165641,0.15641649,0.14951974,0.1413538,0.13245702,0.12349976,0.115226686,0.10833959,0.1033204,0.10025104,0.0987407,0.09802929,0.09721077,0.09545586,0.09216537,0.0870595,0.080241695,0.072277844,0.064314485,0.058161102,0.055934414,0.058782253,0.06581836,0.07490496,0.08393986,0.091307506,0.09584953,0.09677341,0.09359746,0.08612614,0.07444232,0.05891937,0.040321928,0.020704051,0.015131614,0.035077937,0.0586898,0.08171105,0.102717094,0.12068999,0.1348264,0.14452899,0.14942075,0.14935678,0.14442599,0.1349416,0.12142007,0.1045501,0.085153036,0.06413773,0.042452354,0.0210361,0.0007746521,0.017545462,0.03325892,0.04585715,0.054997236,0.060508076,0.062386088,0.06078274,0.055985365,0.048393447,0.038493596,0.026842756,0.014127952,0.003981052,0.014591111,0.027971901,0.040912453,0.053002402,0.064034805,0.07391911,0.08265774,0.09032181,0.097019196,0.10285627,0.10789884,0.11213981,0.11548104,0.117733546,0.11863602,0.11788714,0.11518556,0.11027149,0.102965675,0.0932044,0.081073545,0.06685565,0.05114451,0.035282955,0.023440735,0.025431992,0.039424825,0.05638577,0.07297786,0.087850705,0.10018662,0.1094085,0.115117066,0.1170807,0.11523787,0.10970267,0.100774005,0.088957824,0.07503112,0.060230542,0.046788167,0.038923837,0.041242655,0.052219715,0.06681553,0.081835836,0.09567331,0.10743727,0.11659195,0.12282367,0.12598677,0.12607637,0.123209976,0.11761158,0.10959605,0.099553816,0.08793661,0.07524708,0.062038075
173,0.11694117,0.11016177,0.101440206,0.091026925,0.0792553,0.06654631,0.053428456,0.040606912,0.029191574,0.021308716,0.019947201,0.024319354,0.030384028,0.035791717,0.03962919,0.04158571,0.04168004,0.04021416,0.03782752,0.03560227,0.035047263,0.037557527,0.043506213,0.05219072,0.06259092,0.07384428,0.08531754,0.09655938,0.10725175,0.117175214,0.12618308,0.13417953,0.1411,0.1468944,0.1515141,0.15490456,0.15700366,0.15774609,0.15707254,0.15494192,0.15134497,0.1463177,0.13995372,0.13241524,0.123943955,0.11487298,0.10564117,0.09680839,0.08906001,0.08317006,0.07987485,0.079649106,0.08250564,0.08800033,0.09544021,0.10410873,0.11338393,0.12276073,0.13182972,0.14024772,0.14771403,0.1539568,0.15872858,0.1618108,0.16302495,0.1622492,0.1594385,0.15464625,0.14804539,0.13994668,0.13080972,0.12123943,0.111953504,0.103697754,0.09708952,0.092409566,0.08944082,0.08747881,0.08552655,0.08254976,0.077668875,0.0702566,0.059968747,0.046741515,0.030777276,0.012574576,0.007984432,0.02872165,0.049708165,0.06982375,0.08809923,0.10362154,0.115575984,0.123291634,0.12628181,0.12427724,0.11725108,0.105438426,0.089360565,0.06989497,0.04858768,0.02948709,0.026473697,0.0438412,0.066059545,0.08745895,0.10610457,0.1209138,0.13118996,0.13653056,0.13680473,0.13214007,0.12290447,0.10967885,0.09322203,0.07443163,0.054313567,0.034017373,0.015499845,0.011205726,0.02490821,0.03825163,0.048780214,0.055973697,0.05968485,0.059986282,0.057129268,0.05152516,0.043751236,0.034629993,0.025570821,0.019666051,0.021435956,0.029738532,0.04037675,0.051324964,0.06177119,0.07134665,0.079888076,0.08735432,0.09378421,0.09926489,0.10390153,0.10778738,0.11097645,0.11346284,0.11517081,0.11595776,0.1156298,0.1139667,0.11075219,0.10580481,0.09900615,0.09032392,0.07982932,0.067710504,0.05428912,0.04006858,0.025961423,0.0147673,0.015527826,0.026111944,0.03771057,0.048004206,0.05618334,0.061799552,0.064588,0.06443461,0.061374854,0.055607732,0.0475394,0.037924584,0.02836739,0.022775874,0.026395496,0.037331644,0.050931927,0.064908616,0.07815055,0.08996658,0.09986523,0.107489705,0.11259716,0.11505084,0.114815176,0.11195056,0.1066066,0.09901384,0.08947444,0.07835312,0.066071294,0.05311179
174,0.13731734,0.12867902,0.11794013,0.10542045,0.09151613,0.07669824,0.06152064,0.046660732,0.033074427,0.02253208,0.01840957,0.021707978,0.027785841,0.033381235,0.037366904,0.039448913,0.03974205,0.038693026,0.037113972,0.036197606,0.037275374,0.041172,0.04774545,0.05620728,0.0656748,0.07542511,0.08493082,0.0938363,0.10193033,0.10912201,0.11541646,0.120887145,0.12564442,0.12980229,0.13344777,0.13661768,0.13928725,0.14137192,0.14274128,0.1432413,0.14272013,0.14105368,0.13816826,0.1340595,0.1288078,0.122591995,0.115702204,0.108552195,0.1016866,0.0957686,0.091520414,0.0895884,0.09035299,0.09378852,0.09948361,0.10680092,0.1150525,0.12360706,0.1319277,0.13957112,0.14617385,0.1514382,0.15512301,0.15704058,0.1570598,0.15511477,0.15121785,0.14547586,0.13810757,0.12945987,0.12001843,0.11040421,0.10133866,0.09355115,0.08760756,0.083694085,0.08148045,0.08018949,0.07884638,0.076555386,0.07270408,0.06711321,0.060219813,0.053400382,0.04934385,0.05136216,0.060599547,0.075112514,0.09221412,0.109768055,0.12617339,0.14017871,0.15078937,0.15724233,0.15901129,0.15582143,0.14766534,0.13481832,0.1178605,0.09773393,0.07593159,0.0551723,0.041449714,0.043406785,0.058236092,0.076641664,0.093914166,0.10800645,0.11787507,0.122989036,0.12317941,0.11857903,0.10958427,0.096819595,0.08110257,0.06342089,0.04497127,0.027535742,0.016085172,0.020408804,0.032035016,0.042863414,0.05106952,0.05613821,0.057989527,0.056813996,0.053031694,0.047302514,0.040605705,0.034432385,0.030934528,0.032055583,0.03760362,0.045720108,0.05476594,0.0637717,0.072217256,0.07984156,0.086539865,0.09230657,0.09719853,0.101307616,0.10473763,0.10758407,0.10991633,0.11176357,0.11310587,0.11387227,0.11394664,0.11318085,0.111413665,0.10849258,0.10429613,0.098753855,0.09186242,0.08369663,0.074415356,0.06426312,0.05357029,0.04275871,0.03237128,0.023178507,0.016461775,0.013980678,0.015468818,0.018086255,0.019846523,0.0199274,0.018024351,0.014083704,0.008248999,0.0022002338,0.009332756,0.019650403,0.030860927,0.04247988,0.054066245,0.065192156,0.07545159,0.08447272,0.09192952,0.09755175,0.10113278,0.10253517,0.10169391,0.09861736,0.093386024,0.086149365,0.077121034,0.066573404,0.054833505,0.042287122
175,0.15370037,0.14292867,0.13007164,0.11550453,0.0996693,0.08306768,0.06625973,0.04988374,0.03475599,0.022297595,0.015867252,0.018300464,0.024498904,0.03024038,0.034305662,0.036484964,0.037009098,0.036451474,0.03572526,0.035988756,0.03826623,0.042918988,0.04954418,0.05737057,0.0656314,0.073710985,0.0811682,0.087727636,0.093267016,0.09780342,0.10147446,0.10451014,0.10719299,0.10980746,0.11258531,0.11565852,0.11903241,0.12258607,0.12609753,0.12928404,0.13184558,0.13350374,0.13403247,0.13328102,0.1311909,0.12780948,0.12330209,0.117963396,0.112226,0.10665869,0.10193749,0.09876461,0.097722426,0.099101156,0.10279821,0.10836212,0.11514354,0.122452155,0.12965724,0.13623016,0.14175159,0.14590372,0.14845839,0.14926688,0.14825329,0.14541268,0.14081438,0.13460992,0.12704515,0.11847407,0.109371,0.10033205,0.09204837,0.08522196,0.08040131,0.077774175,0.07705155,0.077566445,0.07854025,0.07935597,0.07974564,0.07989408,0.08046553,0.08249859,0.08708664,0.09490631,0.1058983,0.11932604,0.13406654,0.14887786,0.16255623,0.1740153,0.18233097,0.18677424,0.18683872,0.18226415,0.17305547,0.15949899,0.14218216,0.1220345,0.1004369,0.079514086,0.062772535,0.055277947,0.059525907,0.07120959,0.08464684,0.09645033,0.1049012,0.10916254,0.10892729,0.10426857,0.09556324,0.08344217,0.068758495,0.052598603,0.0364617,0.023222886,0.019575017,0.027052559,0.037162114,0.04586178,0.0519462,0.055059493,0.055254925,0.052894905,0.048648436,0.04355168,0.03909946,0.03712035,0.038917746,0.04423836,0.051725216,0.060040727,0.06827648,0.07590008,0.08263947,0.0883983,0.09319788,0.097134024,0.10034254,0.10297131,0.105158255,0.10701532,0.108617805,0.10999866,0.111147106,0.11201112,0.112503655,0.11251233,0.11191218,0.110580675,0.10841348,0.10533966,0.101334706,0.096430026,0.09071803,0.084352024,0.07754061,0.07053603,0.06361589,0.05705724,0.05110299,0.045923837,0.0415868,0.038049746,0.035199545,0.03293278,0.031252544,0.030338092,0.03053108,0.03219329,0.03549472,0.040310293,0.046295244,0.05301749,0.060042202,0.06696444,0.07341757,0.07907505,0.083652,0.08690741,0.08864726,0.088727616,0.08705739,0.083600506,0.07837697,0.07146274,0.06298818,0.053134907,0.04213132,0.030247137
176,0.16462381,0.15181385,0.13705002,0.1207533,0.10339847,0.085502505,0.06761523,0.0503216,0.034291893,0.020567266,0.0121388845,0.014096837,0.02065131,0.02647857,0.030503888,0.032687128,0.033391304,0.033291314,0.03333074,0.034531,0.03757833,0.042494066,0.04875307,0.05564219,0.06250287,0.06881679,0.07422206,0.07851263,0.0816362,0.08369126,0.08491933,0.08568557,0.08643925,0.08764735,0.089705,0.092846,0.097088784,0.10224133,0.107955895,0.113803245,0.11933891,0.12415082,0.12788999,0.13029017,0.1311821,0.13050587,0.128323,0.124828495,0.120361164,0.115406975,0.1105845,0.10659379,0.10410953,0.103623375,0.105293944,0.1088948,0.1138969,0.11962637,0.12540957,0.1306619,0.13492468,0.13786982,0.13928925,0.13907851,0.13722037,0.13377112,0.12885226,0.12264861,0.11541373,0.107481994,0.099284194,0.091358855,0.08434116,0.078898646,0.07558555,0.074647546,0.07590718,0.07885031,0.08286189,0.087452374,0.09238459,0.09770214,0.103680864,0.1107168,0.119170755,0.12921421,0.1407315,0.15330683,0.16628142,0.17884387,0.1901226,0.19926633,0.20550999,0.2082279,0.20697626,0.20152628,0.19188921,0.1783353,0.16141084,0.14196324,0.12119386,0.10077265,0.08302942,0.07096919,0.06707197,0.07074796,0.07843015,0.08649206,0.092586435,0.095449604,0.094530076,0.08976159,0.08143972,0.07015245,0.056753222,0.042423967,0.029067194,0.02075128,0.022696547,0.031024303,0.039787795,0.046707496,0.051007383,0.052510653,0.051426895,0.048324578,0.044184927,0.040481735,0.03903881,0.041198477,0.046825696,0.054653894,0.06332956,0.07186588,0.07964213,0.08631534,0.09174856,0.095958695,0.09907416,0.10129618,0.102862,0.10401063,0.10495324,0.10585096,0.106801935,0.10783845,0.10893283,0.11000954,0.11096074,0.11166264,0.11199146,0.111837834,0.111119434,0.10979101,0.10785131,0.105345815,0.10236454,0.09903414,0.09550428,0.09192912,0.088446274,0.08515709,0.082113385,0.079315126,0.076720834,0.07426887,0.07190426,0.069604464,0.06739839,0.06537415,0.06367228,0.062462535,0.061905228,0.062105402,0.06307496,0.06471841,0.06684682,0.06921022,0.071533404,0.07354426,0.07499179,0.07565578,0.07535131,0.07393096,0.07128618,0.06734899,0.062093854,0.055540174,0.047755357,0.038860366,0.02904574,0.018647065
177,0.16942282,0.15487307,0.13858828,0.12102615,0.10268323,0.08407938,0.06574209,0.048194196,0.031958822,0.017665692,0.007292791,0.009513252,0.01672007,0.022448028,0.026210275,0.028214918,0.028960394,0.029192824,0.029824058,0.031672042,0.03509554,0.039873973,0.04543967,0.051161382,0.05649115,0.061009247,0.06443242,0.066615544,0.06755522,0.06739685,0.06644363,0.06516069,0.0641569,0.06411356,0.06563748,0.06907734,0.07441529,0.08130886,0.08922957,0.09759453,0.10584494,0.11348124,0.12007764,0.12529114,0.12887147,0.13067375,0.13067298,0.1289789,0.1258488,0.12169376,0.11707057,0.1126463,0.10911844,0.10708385,0.106884606,0.10850318,0.11157441,0.11550806,0.11964725,0.12339323,0.12627381,0.12796572,0.12828895,0.12718676,0.1246999,0.120940946,0.116073154,0.11029769,0.10385233,0.097022966,0.09016608,0.0837348,0.07828941,0.07445754,0.07280748,0.07365515,0.07692934,0.08222081,0.08897568,0.096686564,0.1049983,0.113733195,0.12286473,0.1324602,0.142606,0.1533301,0.16453885,0.17598192,0.18725117,0.19780901,0.20703681,0.21429233,0.2189682,0.22054586,0.21864249,0.21304916,0.20376019,0.19099428,0.17520936,0.1571157,0.13769373,0.118224956,0.10032796,0.08591304,0.07677003,0.073533826,0.07487254,0.078229636,0.08122135,0.08225042,0.08046972,0.07560114,0.06779196,0.057528567,0.045615062,0.03330054,0.022921568,0.019201308,0.024160506,0.032293897,0.03977966,0.045216028,0.0481119,0.048444677,0.04657691,0.043296944,0.039919868,0.038262244,0.039984338,0.045412276,0.053469677,0.06273189,0.072062254,0.08068722,0.08812438,0.09411743,0.098591685,0.10162012,0.10339226,0.10418165,0.10431061,0.104112014,0.10389022,0.103885256,0.10424644,0.10502102,0.106160656,0.10754288,0.109001495,0.1103584,0.111451834,0.112158276,0.11240738,0.112189695,0.11155709,0.11061513,0.10950708,0.10838995,0.10740522,0.10664942,0.10615184,0.1058659,0.10567729,0.10542638,0.10493857,0.10405505,0.10265814,0.100688286,0.09815183,0.09511997,0.09171999,0.08811964,0.084505595,0.08105787,0.0779228,0.075189434,0.07287478,0.07092207,0.06921255,0.067586355,0.06586576,0.06387507,0.06145436,0.05846758,0.054807015,0.050396893,0.045199066,0.039224908,0.032563437,0.025459446,0.018577449,0.013907762
178,0.16794692,0.1520741,0.1347554,0.116477035,0.09774878,0.07908619,0.060991693,0.0439353,0.02833571,0.014542315,0.0028185807,0.0066733384,0.013886306,0.018903552,0.021956032,0.023445718,0.023969088,0.02430571,0.025282918,0.027468316,0.03091076,0.035216514,0.03982493,0.044205297,0.047929462,0.05068508,0.052273028,0.0526043,0.051701754,0.04971113,0.046927765,0.043844976,0.041212108,0.040021997,0.04125672,0.04539923,0.052203376,0.060982503,0.07097859,0.08151533,0.09201026,0.10195462,0.11090133,0.118466765,0.12434292,0.12831567,0.13028532,0.13028619,0.12850222,0.12527479,0.12109714,0.116586015,0.11241858,0.10922567,0.10745405,0.107246354,0.1084053,0.11046882,0.11285356,0.11499519,0.11644192,0.11689569,0.11621467,0.114392005,0.11152215,0.10776307,0.10330171,0.09833028,0.09303951,0.08763342,0.08236455,0.077580504,0.073759235,0.071491234,0.071362846,0.073752105,0.07866356,0.08574075,0.094432116,0.10417101,0.11448577,0.12504093,0.13563578,0.14617856,0.15664516,0.16702871,0.17728804,0.18730468,0.1968571,0.20561711,0.21316814,0.21904054,0.22275724,0.22388268,0.22206971,0.21710055,0.20891951,0.19765678,0.1836432,0.16741747,0.14972745,0.13152725,0.11396469,0.098331966,0.08590119,0.077534705,0.07315296,0.07157008,0.07102935,0.06992952,0.06719023,0.062282663,0.055142716,0.0460893,0.0358089,0.025540385,0.017926505,0.017503062,0.023528028,0.030919213,0.03719376,0.041431677,0.043333646,0.04300286,0.040944707,0.038161818,0.03623731,0.03700497,0.041444693,0.048996408,0.0583283,0.06819997,0.07769387,0.08617973,0.09325518,0.098705985,0.1024797,0.10466441,0.10546756,0.10519224,0.104208656,0.10291882,0.10171349,0.1009235,0.10077341,0.10135021,0.10259891,0.104347706,0.106354006,0.10835697,0.11012446,0.11148859,0.11236847,0.112780556,0.11283626,0.11272557,0.112685405,0.1129537,0.113716096,0.11505784,0.11693611,0.11918213,0.12153118,0.123668864,0.12527966,0.12608762,0.12588476,0.12454708,0.12203961,0.11841276,0.11379189,0.1083615,0.10234562,0.095985666,0.08951709,0.083146915,0.07703437,0.07127757,0.06590886,0.06090013,0.056177124,0.051639177,0.047179975,0.042706016,0.038152754,0.033502676,0.028816363,0.024299225,0.02044171,0.018203646,0.018763216,0.022392392
179,0.16042791,0.14371602,0.12590668,0.107509024,0.08904358,0.071025446,0.05395021,0.038289398,0.024522778,0.0133687,0.0073355376,0.009750461,0.014079024,0.017153436,0.01872013,0.019112203,0.018938756,0.018981917,0.019956099,0.02213933,0.025268812,0.028813543,0.032248694,0.03516047,0.037256952,0.038353663,0.038355783,0.037241258,0.035046667,0.031861134,0.027841795,0.02328773,0.018875122,0.016201496,0.017662235,0.0236503,0.032535482,0.043073904,0.05456629,0.06651382,0.07846687,0.08998176,0.100621,0.10997209,0.11767435,0.12344842,0.12712453,0.12866686,0.12819107,0.12597224,0.12243901,0.11814782,0.113729194,0.10979969,0.10684589,0.105111994,0.10454316,0.104821384,0.10547868,0.10603167,0.10608671,0.1053957,0.10386728,0.10154594,0.09857121,0.095127836,0.091398,0.08752832,0.08362325,0.07977158,0.076102786,0.07285826,0.07044731,0.069440335,0.07044792,0.07389704,0.07983824,0.087935,0.09761876,0.1082701,0.11933844,0.1303972,0.14115869,0.15146549,0.16126552,0.1705742,0.17942774,0.18783456,0.19573396,0.20297039,0.20928884,0.21435164,0.21777225,0.21915923,0.2181634,0.21452187,0.20809528,0.19889572,0.18710431,0.1730784,0.15734911,0.14060952,0.12369256,0.10753175,0.093085386,0.08118649,0.0722929,0.06622325,0.06212061,0.05877283,0.05505723,0.050216395,0.043925878,0.036265917,0.027714346,0.019343758,0.013746375,0.014853975,0.020688783,0.027065167,0.032254472,0.035618186,0.03699331,0.036590576,0.03504643,0.033524204,0.03363635,0.03674749,0.04302461,0.05155923,0.061194625,0.07096005,0.08012829,0.08817997,0.094770804,0.09971088,0.10295045,0.1045676,0.104755715,0.103808865,0.10210315,0.10007022,0.09815833,0.09677807,0.09623791,0.09668652,0.09808588,0.10023015,0.10280321,0.105452515,0.10785739,0.10978089,0.111103795,0.11184213,0.11214844,0.112293586,0.11262486,0.11349873,0.11519716,0.117849655,0.12138982,0.12556274,0.12997648,0.13417374,0.13770042,0.14015806,0.14123748,0.14073634,0.13856426,0.1347385,0.12937291,0.1226615,0.11485832,0.10625497,0.097157,0.087860696,0.07863189,0.06968854,0.061189163,0.053229325,0.045848127,0.039046146,0.032816086,0.027189877,0.022312256,0.0185514,0.016568474,0.016991537,0.019725243,0.02407899,0.029432727,0.035420235
180,0.14740123,0.1303674,0.11263831,0.09474796,0.07723875,0.060654357,0.045548685,0.032536156,0.02243671,0.016437067,0.01510181,0.016421046,0.017892212,0.01842888,0.017864782,0.016490113,0.014908756,0.013955398,0.0143428715,0.016086135,0.018562373,0.021081282,0.02315456,0.024499316,0.024994325,0.024644326,0.023548804,0.021866642,0.019771839,0.017402943,0.014822555,0.0120268855,0.00910636,0.006938894,0.00824998,0.013691314,0.021589866,0.031162351,0.041996017,0.053699624,0.06583476,0.07791884,0.0894498,0.09993881,0.10894557,0.116112694,0.12119654,0.12409203,0.12484914,0.12367866,0.12094407,0.11713564,0.112821795,0.10857461,0.104874335,0.10201433,0.10004362,0.098779395,0.0978892,0.0970056,0.09582778,0.094183065,0.09204322,0.08950296,0.08673156,0.08391074,0.081176214,0.07858306,0.07611186,0.073719315,0.07142083,0.069379956,0.06797026,0.067762755,0.06939112,0.073310904,0.0795922,0.0879008,0.09765166,0.108194195,0.1189396,0.12942515,0.1393386,0.148519,0.15694046,0.16468014,0.1718722,0.17865282,0.18510483,0.19121331,0.1968422,0.20173669,0.20554975,0.20788531,0.20834906,0.2065984,0.2023858,0.1955921,0.1862486,0.17454731,0.16084042,0.14562917,0.12954351,0.11331185,0.09771795,0.083535306,0.07142045,0.061751615,0.054453094,0.048942044,0.04431697,0.039692152,0.03445751,0.02837835,0.021613989,0.014841261,0.01002115,0.010809614,0.015725408,0.021069607,0.02544906,0.02839374,0.029846475,0.03011032,0.029901067,0.030343542,0.03264988,0.03744898,0.044474714,0.05295246,0.06204961,0.07105493,0.079406515,0.08668304,0.09259324,0.096967906,0.09975325,0.10100475,0.100881025,0.09963768,0.09761899,0.09524342,0.092975244,0.09127421,0.0905213,0.09093648,0.09252236,0.09506547,0.098196834,0.10148304,0.10451426,0.106972024,0.108674854,0.10960548,0.10992105,0.10994235,0.11011337,0.11092274,0.11279116,0.115953274,0.12038108,0.12578337,0.13167444,0.13747369,0.14259787,0.14652821,0.14885126,0.1492793,0.14765653,0.14395534,0.13826519,0.13077618,0.12175847,0.11153891,0.100476384,0.08893706,0.07727118,0.06579317,0.054767173,0.044401295,0.034856968,0.026289305,0.018967582,0.013613443,0.011815585,0.014228217,0.018989185,0.02461348,0.030543951,0.036580823,0.042640924,0.048683282
181,0.12964544,0.11281816,0.095756724,0.07904005,0.06327715,0.04912736,0.037346907,0.028808894,0.024186507,0.02302091,0.023568839,0.02415363,0.023885662,0.022491446,0.020061333,0.0169203,0.013599085,0.010874414,0.009654249,0.010162625,0.011499136,0.012672732,0.013148868,0.012775669,0.011730405,0.010595731,0.010405009,0.011999687,0.0150984,0.01881884,0.022402447,0.025315559,0.027220298,0.02799574,0.027820947,0.027316902,0.027654445,0.030261923,0.03593955,0.044395983,0.054757137,0.06609199,0.07757358,0.08849212,0.09825331,0.1063869,0.11256154,0.11659935,0.11848515,0.118366525,0.11654151,0.11343097,0.10953281,0.1053576,0.10135064,0.09781621,0.09486963,0.09244082,0.09033262,0.088310994,0.086191945,0.08389761,0.08147046,0.07904654,0.07679719,0.07485699,0.07326443,0.071943186,0.07073779,0.06949386,0.06815659,0.06685873,0.06596905,0.066063344,0.067778386,0.07156889,0.07750338,0.08524641,0.09421091,0.10374445,0.113260224,0.12230634,0.1305954,0.13801043,0.14459269,0.15051126,0.15601404,0.1613629,0.16676258,0.17229782,0.17789514,0.18331829,0.18819651,0.19207558,0.19447786,0.19496043,0.19316407,0.18885042,0.18192649,0.17245717,0.16066666,0.14692973,0.13175423,0.11575614,0.099628285,0.08410255,0.069901034,0.05766271,0.047821905,0.040436033,0.035060436,0.030853903,0.026919158,0.022618104,0.01769213,0.012269662,0.0070793484,0.005254644,0.008995461,0.013785408,0.018008316,0.021302229,0.023684958,0.025472824,0.02725731,0.029775694,0.033626575,0.039002974,0.045677938,0.05318781,0.061009012,0.06865318,0.075706035,0.08184111,0.086823486,0.09050912,0.09284213,0.09385201,0.09365198,0.0924394,0.090497084,0.088191345,0.08595786,0.08426288,0.08353032,0.0840439,0.085861854,0.08879249,0.09244665,0.09633731,0.099982135,0.10298404,0.1050868,0.106211565,0.10647809,0.10620783,0.1058976,0.10614743,0.10753397,0.11045126,0.114981934,0.12086446,0.12756643,0.13441242,0.14070581,0.14581539,0.1492258,0.1505621,0.14959756,0.14625078,0.14057536,0.13274367,0.12302649,0.11176925,0.09936653,0.086236015,0.07279384,0.059433382,0.046511486,0.03435188,0.023302272,0.014038729,0.00911097,0.012082654,0.018471776,0.025215143,0.031750776,0.03801416,0.044034168,0.04984575,0.055468958,0.06090804
182,0.10813044,0.09204447,0.076276585,0.061519753,0.048580553,0.03841828,0.03199539,0.029564265,0.029955883,0.031324353,0.032294363,0.032177426,0.03075827,0.028107937,0.0244768,0.020236058,0.015847519,0.011853414,0.008848648,0.0072280704,0.006602543,0.0059500607,0.0044766827,0.0018994405,0.002408824,0.0074125337,0.013389354,0.01991863,0.026575835,0.03291029,0.038475007,0.042862605,0.045744672,0.046915773,0.046347294,0.044262853,0.04125392,0.038431715,0.037440423,0.039838266,0.045972418,0.054877717,0.06520244,0.07578314,0.085733466,0.0944039,0.10134783,0.10630533,0.10919429,0.11009941,0.10925332,0.107006095,0.10378153,0.10002086,0.09611971,0.09237021,0.088925935,0.08580468,0.082931295,0.0802051,0.077566095,0.075036205,0.072721526,0.070773765,0.069322094,0.068402104,0.06791711,0.06765576,0.067361735,0.066828445,0.065989524,0.064985394,0.06418806,0.0641563,0.06549069,0.06860988,0.073567234,0.08003734,0.08745945,0.09521665,0.102765955,0.10971,0.11582963,0.12109238,0.12564145,0.12976289,0.1338277,0.13821048,0.14319682,0.1489031,0.15523298,0.16188304,0.1683899,0.17419937,0.17873777,0.18147372,0.18196605,0.17989801,0.17509949,0.16755858,0.15742345,0.14499548,0.13071431,0.11513608,0.098906666,0.08273252,0.067351624,0.053504806,0.041894373,0.0330782,0.027208464,0.023706041,0.02137513,0.019046204,0.016026134,0.012105561,0.007417879,0.0025542974,0.003950727,0.009089086,0.013984359,0.018353496,0.022174064,0.025596773,0.028908376,0.032453947,0.03652483,0.04126013,0.04661278,0.052384667,0.058293924,0.064037986,0.069337524,0.07396152,0.07773839,0.080558434,0.082371905,0.08318664,0.08306839,0.08214572,0.080619335,0.078771874,0.07696907,0.07563721,0.07520135,0.07598431,0.07810088,0.08140552,0.08552613,0.08996036,0.094184,0.09773927,0.10029758,0.10170324,0.10200455,0.101471536,0.10059076,0.100017145,0.10045915,0.10249748,0.106395744,0.11200379,0.118807554,0.12607777,0.1330276,0.13892618,0.1431632,0.1452791,0.1449749,0.14211048,0.13669485,0.128871,0.11889583,0.10711684,0.09394624,0.07983439,0.06524448,0.0506321,0.03643945,0.02314851,0.011747155,0.007934832,0.015236646,0.023909077,0.031942006,0.039160922,0.0456453,0.051532116,0.056958918,0.062037475,0.06684258,0.07141197
183,0.083978,0.069209896,0.05552317,0.04394387,0.035768393,0.032092266,0.03255686,0.03523097,0.038183752,0.040264755,0.040950667,0.040096205,0.037787523,0.034264214,0.02987358,0.025039576,0.020238785,0.015974043,0.012712436,0.010717585,0.009848279,0.009743873,0.010376045,0.012209867,0.01568488,0.020761762,0.027055182,0.03406553,0.041266825,0.048134133,0.05416517,0.05890644,0.06198302,0.063130476,0.062229376,0.059346322,0.05479234,0.049219403,0.04377268,0.040193602,0.04035282,0.044888213,0.052686393,0.062049497,0.07159447,0.08037183,0.0877666,0.09341731,0.0971692,0.09904323,0.099206835,0.09793962,0.09559105,0.09253166,0.089102656,0.08557355,0.082119204,0.07882491,0.07571863,0.07281857,0.07017613,0.06789483,0.06611284,0.064950705,0.0644444,0.06449857,0.06488966,0.06532121,0.06550735,0.06525572,0.06453187,0.06349728,0.062510744,0.062073622,0.06270004,0.06473359,0.068202935,0.072814204,0.078073904,0.0834485,0.08848726,0.0928944,0.096564114,0.09959055,0.10225438,0.104979604,0.10825332,0.112512976,0.118027665,0.124816395,0.13263427,0.14102219,0.14938882,0.15709275,0.16350907,0.1680781,0.17033994,0.16995905,0.16674109,0.16064292,0.15177579,0.14040117,0.12691908,0.1118496,0.095808886,0.079482585,0.06360208,0.0489325,0.036285892,0.026551262,0.020549018,0.018200247,0.017853545,0.017616957,0.016545173,0.014553844,0.012217137,0.010820576,0.011815064,0.015060498,0.0193242,0.023730218,0.027858067,0.031564612,0.034882586,0.03795239,0.0409556,0.044048797,0.047312632,0.050731823,0.05420871,0.057597775,0.06074365,0.06351007,0.06579529,0.06753543,0.06870044,0.06928853,0.069324695,0.06886717,0.06802274,0.06696725,0.06596191,0.06534903,0.065507896,0.066763,0.06927094,0.072945416,0.07746568,0.08235658,0.08709158,0.091182165,0.09424413,0.096046254,0.096548095,0.09592897,0.09460255,0.09320005,0.09249198,0.093221925,0.09587741,0.100506954,0.106701516,0.11373791,0.12077312,0.12699544,0.13171062,0.1343809,0.13463782,0.13228133,0.12727103,0.119711794,0.10983469,0.09797424,0.08454291,0.0700045,0.05484886,0.03957406,0.024703763,0.011115384,0.006820133,0.017131474,0.027734056,0.037193038,0.04540181,0.05243962,0.058462866,0.06366338,0.068236865,0.072356574,0.0761546,0.0797134
184,0.05847028,0.045831602,0.035736255,0.03009638,0.030030068,0.033947915,0.03917247,0.04394645,0.047412187,0.04920745,0.04924574,0.047617573,0.044541825,0.040336665,0.0353988,0.03018761,0.025212485,0.021012878,0.018090544,0.016737724,0.016876228,0.01821028,0.020562505,0.023966257,0.028508943,0.034161337,0.040717658,0.04782406,0.055034116,0.061859988,0.067814596,0.0724476,0.07537744,0.07632052,0.0751179,0.07176119,0.06642198,0.059495855,0.051684268,0.0441474,0.038672116,0.037310496,0.04079982,0.047755897,0.056182403,0.06460717,0.07213164,0.078247495,0.0827122,0.08547896,0.08664998,0.086435854,0.08511446,0.08298872,0.080347456,0.07743563,0.07444097,0.071500465,0.06872321,0.066218644,0.064114526,0.06255024,0.061640758,0.061423425,0.06181565,0.06261118,0.06352135,0.06424352,0.064531684,0.064252734,0.063422255,0.062216513,0.06095431,0.060037613,0.059846036,0.060608733,0.062315,0.06472071,0.06744481,0.07009646,0.07238089,0.07416804,0.0755286,0.07674087,0.07826078,0.08064003,0.08439014,0.08982961,0.096984826,0.10559066,0.11516852,0.12512459,0.1348284,0.14366417,0.15106298,0.15652536,0.15964007,0.16010137,0.15772459,0.15245843,0.14439255,0.13375843,0.12092271,0.10637269,0.09069489,0.07454935,0.05864563,0.043733828,0.030646734,0.020484408,0.014879258,0.014465472,0.016448783,0.018207084,0.019009477,0.0191314,0.019333206,0.020461623,0.022932652,0.026514105,0.030631147,0.034722168,0.038383503,0.041389115,0.043671988,0.04529316,0.04640172,0.0471869,0.04782803,0.04845347,0.049120605,0.04982217,0.050512675,0.051140428,0.051671095,0.05209539,0.052421995,0.052663147,0.05282349,0.052901518,0.052907705,0.052895557,0.052993998,0.05342275,0.054469384,0.056415953,0.05943267,0.063491076,0.068346284,0.07358993,0.07873569,0.08330166,0.08687621,0.08916916,0.09005353,0.08960084,0.08810857,0.08610956,0.084338725,0.08361793,0.084639125,0.08771245,0.09263619,0.09878029,0.10529869,0.11132716,0.11610339,0.11902144,0.119649485,0.11773019,0.11317256,0.106038265,0.096523635,0.0849378,0.07167787,0.05720227,0.042004816,0.026597302,0.011575868,0.004550323,0.01729583,0.029535612,0.04040756,0.04978713,0.057681236,0.06418969,0.06948373,0.07378182,0.07732152,0.08033002,0.08299756,0.0854589
185,0.033348106,0.025078613,0.023292093,0.027963562,0.035330944,0.042758647,0.049089868,0.05381202,0.056704365,0.057717264,0.056926046,0.05450883,0.05073226,0.045940366,0.040546346,0.03502907,0.02993394,0.025861029,0.02337876,0.022801017,0.024003547,0.026592094,0.030230885,0.03475888,0.040111966,0.0462096,0.052884262,0.059863593,0.066788085,0.073244974,0.0788061,0.08306409,0.085664846,0.08633558,0.08490812,0.08133789,0.07571979,0.068305336,0.05953109,0.050082035,0.04103678,0.03410599,0.03147252,0.034042045,0.040176198,0.04762126,0.05490406,0.061241783,0.06625879,0.069826305,0.07197844,0.07285879,0.07267825,0.07167846,0.07010169,0.068170525,0.066080146,0.06400278,0.062098835,0.06052473,0.0594267,0.05891541,0.059028417,0.059699725,0.060756627,0.061950002,0.063006625,0.063685305,0.063823394,0.063367195,0.062383946,0.061052993,0.059632525,0.058400415,0.057577197,0.05725588,0.057373095,0.057741288,0.058128815,0.058354687,0.05836986,0.058311205,0.058517955,0.059491705,0.06177985,0.06580124,0.0717007,0.07932179,0.08829016,0.09812484,0.10831679,0.11836666,0.12779723,0.13615672,0.14302227,0.14800824,0.15078011,0.15107268,0.14871056,0.14362736,0.13588089,0.12566152,0.113291755,0.09921628,0.08398296,0.06821702,0.05259426,0.037828356,0.024727218,0.014575418,0.010387124,0.013057138,0.017237986,0.020604178,0.023069879,0.025186304,0.027631193,0.030855585,0.03488543,0.03938575,0.043865424,0.047848567,0.050965596,0.0529891,0.05384032,0.053578354,0.05237634,0.050486382,0.04819513,0.045774728,0.043438386,0.041313916,0.039446663,0.037831772,0.036460157,0.03535448,0.034576483,0.03420171,0.03427648,0.03478636,0.035661854,0.036822766,0.03823745,0.039965536,0.042159252,0.04501267,0.048672635,0.05315251,0.05829302,0.0637823,0.0692133,0.0741504,0.07818984,0.08101079,0.082418755,0.08238353,0.08107201,0.07887211,0.076393686,0.07441503,0.07373109,0.0749021,0.07801864,0.08265798,0.088056095,0.09334363,0.0977148,0.10050972,0.10124255,0.09960448,0.09545622,0.08881489,0.07983702,0.068797715,0.05606688,0.042082775,0.02732439,0.012284532,0.0025988226,0.016797405,0.03001342,0.04193134,0.052346572,0.061154068,0.068348706,0.07401967,0.07833792,0.081536695,0.083885334,0.08565822,0.08710236,0.08840911
186,0.014690077,0.01979002,0.029050535,0.038587287,0.0472033,0.054403316,0.05992366,0.06362494,0.06546255,0.0654769,0.06378856,0.060594343,0.05616335,0.05083448,0.04501803,0.0392051,0.03398353,0.030031081,0.027993986,0.028187452,0.030390095,0.034069937,0.03874814,0.04412872,0.05004611,0.056375086,0.062963836,0.069601126,0.07601226,0.08187441,0.0868423,0.0905777,0.09277828,0.0932033,0.091694795,0.088193364,0.082748696,0.075525805,0.06680987,0.057017207,0.04673088,0.03680712,0.028635591,0.024362272,0.02548289,0.030497178,0.03686926,0.043084454,0.048456732,0.052716672,0.055812743,0.05781915,0.058883928,0.059193976,0.05895043,0.058353093,0.057592947,0.056849614,0.056288194,0.05604947,0.056230944,0.056863446,0.057894584,0.059190143,0.0605567,0.06177901,0.0626614,0.0630637,0.06292612,0.06227957,0.061239287,0.059980165,0.058695097,0.057543915,0.056609247,0.055879675,0.055273168,0.05469633,0.054120157,0.05364828,0.05355325,0.054253463,0.056209184,0.05975935,0.06498873,0.071713045,0.079570465,0.08813681,0.09700543,0.10582242,0.11429003,0.12215251,0.12917504,0.13512391,0.13975395,0.1428076,0.14402622,0.14317231,0.14005834,0.13457707,0.12672815,0.11663665,0.10456069,0.090886585,0.07611194,0.06081876,0.045642048,0.031249614,0.018408762,0.008785482,0.008515283,0.014471993,0.020010864,0.024484303,0.028327174,0.03217531,0.03653253,0.041558787,0.047045864,0.052545875,0.057531647,0.06151581,0.06412094,0.06511523,0.06442562,0.06213489,0.058465842,0.05375456,0.04841369,0.04288602,0.037587695,0.03284287,0.028821873,0.025513457,0.02276667,0.02040216,0.01834249,0.016700292,0.01577163,0.015876124,0.01710276,0.019245496,0.022004258,0.025177203,0.028711185,0.032659665,0.037103064,0.04206758,0.047471527,0.053113107,0.058693748,0.06386096,0.068257086,0.0715664,0.07355808,0.074124336,0.07331418,0.071361445,0.068702,0.06596336,0.063891664,0.063176386,0.06419769,0.066845775,0.07056279,0.074558735,0.07802918,0.080283344,0.08079489,0.079212576,0.075354636,0.06919676,0.060856447,0.05057522,0.038701188,0.025685456,0.012223252,0.0051851342,0.017321432,0.030438391,0.04270285,0.053696774,0.063173495,0.07100022,0.07715037,0.08169841,0.084810264,0.08672739,0.08774355,0.08817444,0.08832183,0.08843689
187,0.024301168,0.034883972,0.044650767,0.05327717,0.06053499,0.06625442,0.0703191,0.07266787,0.07329776,0.072266385,0.0696935,0.06576201,0.060719643,0.054883547,0.04865197,0.04252751,0.037148442,0.03328301,0.031658243,0.032568917,0.035663884,0.040259134,0.04574694,0.05172774,0.057963613,0.0642989,0.07059791,0.07670669,0.082436115,0.0875618,0.091835976,0.09500661,0.09683935,0.09713925,0.095769614,0.092666656,0.08784891,0.0814213,0.07357436,0.06458027,0.054789558,0.04463764,0.03468545,0.025761507,0.0193227,0.017458675,0.02029721,0.025296278,0.030559639,0.03531126,0.039292697,0.042468484,0.044910796,0.046746656,0.048128746,0.049217008,0.050165705,0.05111219,0.05216489,0.053390242,0.054801263,0.056352563,0.05794586,0.0594467,0.060709566,0.06160613,0.062051393,0.062022973,0.06156969,0.060806178,0.059891798,0.058995616,0.058255557,0.057746932,0.0574772,0.05741534,0.05754864,0.057945754,0.058798462,0.060413826,0.06313948,0.06723856,0.07277537,0.079577886,0.087287344,0.095451035,0.10361096,0.11136748,0.11841584,0.124559395,0.12970236,0.13382521,0.13694699,0.13908234,0.14020303,0.14021482,0.13895616,0.13622005,0.13179308,0.12550242,0.11726063,0.1071001,0.095192164,0.081848964,0.06750854,0.052705918,0.038035616,0.024122411,0.011716289,0.004496592,0.010904153,0.018204499,0.024266198,0.029435107,0.03434958,0.03961418,0.045554653,0.05210894,0.05888916,0.0653299,0.070829615,0.074850865,0.07698286,0.076977074,0.074763365,0.07045123,0.06431914,0.056795657,0.048437245,0.039909743,0.031978894,0.025490453,0.02121365,0.0193392,0.019064916,0.019151676,0.018698754,0.01729497,0.014876711,0.011603855,0.007848236,0.004674121,0.0053537916,0.009424728,0.014326754,0.019503875,0.024867874,0.030409591,0.03609659,0.04182989,0.047433194,0.052666586,0.05725616,0.060931336,0.063463755,0.06470403,0.06461442,0.0632964,0.061011095,0.058186542,0.055395164,0.053270128,0.05233501,0.052791413,0.05440778,0.056608617,0.05868094,0.059951056,0.0598774,0.058082066,0.05435372,0.048640784,0.04104488,0.031829417,0.021512596,0.011636779,0.010272984,0.020202009,0.032140836,0.043899268,0.05480378,0.064461246,0.07261324,0.07911217,0.083917,0.08709034,0.0887922,0.08926814,0.088830516,0.0878311,0.08662479,0.085526496
188,0.04384863,0.05285502,0.060816653,0.06758015,0.073016755,0.07702552,0.07953721,0.080518514,0.079976276,0.0779618,0.07457527,0.06997085,0.064363964,0.058043376,0.05139304,0.044929173,0.039346628,0.035511825,0.034232043,0.035763394,0.039604135,0.044915486,0.050976604,0.057308953,0.06362562,0.06975628,0.075588785,0.08102921,0.08597678,0.090311356,0.09389155,0.0965615,0.09816353,0.098554,0.09761952,0.09529121,0.091555625,0.08646107,0.08011924,0.072702296,0.06443647,0.05559419,0.046488468,0.037477847,0.029001588,0.02169327,0.01662333,0.015171925,0.017280601,0.021167751,0.025476439,0.029639328,0.03347459,0.03696017,0.04013925,0.043076407,0.045833603,0.048455227,0.050958607,0.053329296,0.05552152,0.05746439,0.059073757,0.06026864,0.060990173,0.061220232,0.0609962,0.06041805,0.059643503,0.05886833,0.058292404,0.058079585,0.058327645,0.059065964,0.06028783,0.062005293,0.06430054,0.06734541,0.07137042,0.076586194,0.08308843,0.090791516,0.09941916,0.10854624,0.11766656,0.12626326,0.13387014,0.1401194,0.14477432,0.14774512,0.14908613,0.14897211,0.14765432,0.14540048,0.14242868,0.13885099,0.13464367,0.12965496,0.12364905,0.11637324,0.10762917,0.09733174,0.08554567,0.07249667,0.058558878,0.044222925,0.030051734,0.016645908,0.0049549094,0.0072225146,0.01594615,0.023286734,0.02943807,0.03500149,0.040683743,0.047033828,0.05423034,0.06203767,0.06991693,0.07718608,0.08315516,0.08721999,0.088922486,0.08798715,0.08433952,0.07811031,0.069629006,0.059414096,0.048176073,0.036876805,0.02696089,0.020819439,0.020706888,0.024867892,0.02983191,0.033748757,0.035908744,0.03611475,0.034433655,0.03108873,0.026394945,0.020708581,0.014384384,0.00774429,0.0012449569,0.005742787,0.012190675,0.018449012,0.02449458,0.030307004,0.035829306,0.040953193,0.045523256,0.049356468,0.05227114,0.05411924,0.054817453,0.054373696,0.052907053,0.050658416,0.047986086,0.045334116,0.043154683,0.04177793,0.04127317,0.041396666,0.04167569,0.041564025,0.040573373,0.03834726,0.034696598,0.029632835,0.023462465,0.017165976,0.01370559,0.017212093,0.025730822,0.035973616,0.046520445,0.05665504,0.06590067,0.0739084,0.08043198,0.0853247,0.08854078,0.09013596,0.09026491,0.08917417,0.08718915,0.08469258,0.08209141,0.07977043
189,0.06161096,0.06883507,0.07496583,0.07992461,0.08364681,0.08608157,0.087193236,0.0869645,0.085401244,0.08253894,0.0784506,0.07325664,0.06713802,0.060355466,0.053280458,0.046444662,0.040600862,0.036715403,0.03567521,0.037688103,0.0420923,0.047899093,0.0542918,0.06073504,0.06691386,0.07265931,0.07789293,0.08258647,0.08673132,0.09031548,0.09330808,0.09565234,0.097266905,0.09805423,0.09791392,0.09675795,0.094525285,0.091193795,0.086788066,0.08138276,0.075101726,0.06811376,0.06062682,0.052883197,0.045159973,0.037781615,0.031154206,0.025821304,0.022466578,0.021627072,0.023158027,0.026287273,0.030232545,0.034488123,0.03877259,0.04292736,0.04685059,0.05046222,0.053687625,0.0564524,0.058684345,0.060320616,0.06131856,0.06166886,0.061409205,0.060636114,0.05951144,0.05825904,0.05714648,0.05644927,0.056403287,0.05716356,0.058793575,0.061295945,0.06466899,0.06895641,0.07426129,0.08071425,0.08840832,0.097328864,0.107307814,0.118016504,0.12899314,0.13969171,0.1495393,0.15799333,0.16459371,0.16900654,0.17105646,0.17074469,0.16824926,0.16390476,0.15815869,0.15150519,0.14440098,0.13717836,0.12997821,0.122728154,0.11517878,0.10698823,0.09782673,0.08746968,0.07585902,0.06312676,0.049584657,0.03568825,0.021987937,0.009129734,0.0037167391,0.01341613,0.021931112,0.02898196,0.035010148,0.040723182,0.046874635,0.05397859,0.062107816,0.07089149,0.07966073,0.087622,0.093993545,0.09809815,0.099423625,0.09766054,0.09272253,0.084752515,0.07411985,0.061419845,0.047510915,0.033721965,0.022757882,0.02020355,0.026943678,0.036375612,0.044959813,0.051475003,0.05546688,0.056828924,0.055673655,0.052270498,0.046999,0.040305294,0.032660257,0.024522087,0.016312215,0.008457581,0.0027843977,0.007298043,0.013532862,0.019349543,0.024655255,0.029447561,0.033707056,0.03737732,0.040370777,0.042588882,0.0439487,0.044409234,0.043992657,0.042797185,0.040998664,0.03883737,0.036585294,0.03449087,0.032708786,0.03124239,0.0299369,0.028539035,0.026800232,0.024594316,0.02205587,0.01978074,0.019002773,0.021087093,0.026236732,0.033558186,0.042077996,0.051057674,0.059932124,0.068243936,0.07561697,0.081751525,0.086428195,0.08951395,0.090967536,0.090842895,0.08929006,0.08655303,0.08296372,0.07892925,0.07490753,0.071363226
190,0.075973086,0.081647485,0.086221255,0.08967385,0.091989525,0.09315344,0.09315083,0.09196964,0.08960649,0.086075895,0.08142205,0.07573342,0.06916081,0.06194218,0.054440193,0.047201253,0.041030027,0.03698668,0.036039222,0.038351472,0.043105196,0.049172074,0.05565704,0.06198817,0.067841776,0.07306611,0.077627696,0.081571184,0.08498425,0.087964654,0.090590514,0.09289762,0.09486751,0.09642818,0.097466275,0.09784696,0.09743668,0.09612437,0.09383835,0.09055733,0.08631573,0.081203796,0.075364396,0.0689882,0.0623099,0.055608287,0.049212202,0.04351072,0.03895221,0.035991564,0.03494252,0.03579791,0.038207892,0.041657448,0.045652628,0.049796052,0.05378457,0.05738582,0.060419135,0.06274606,0.064268924,0.064934954,0.064743824,0.063756846,0.06210615,0.060001418,0.057730258,0.0556458,0.054133244,0.053552184,0.05416931,0.056117926,0.059415832,0.0640307,0.06994575,0.07718465,0.08578739,0.095755585,0.106994964,0.11927759,0.13223292,0.14536564,0.15809244,0.16978948,0.17984435,0.1877078,0.19294164,0.19525948,0.19455713,0.19092958,0.18467174,0.17625959,0.16630872,0.15550768,0.14452632,0.13390712,0.12396191,0.11470968,0.10589038,0.097060226,0.08773499,0.07752843,0.066246614,0.05392633,0.040825833,0.027385725,0.01420144,0.0030888857,0.010416973,0.020039203,0.028123386,0.034778904,0.04052959,0.046163514,0.05249031,0.06002249,0.068767965,0.078252815,0.0876964,0.096201725,0.10289797,0.107035056,0.10804498,0.10558068,0.09953744,0.09006035,0.077543385,0.06263582,0.046313893,0.03030265,0.019410698,0.022973284,0.03547039,0.04862231,0.05997059,0.068633534,0.074232936,0.07667387,0.076074034,0.072721854,0.067038156,0.059536338,0.05078191,0.04135499,0.031822976,0.022742663,0.014766959,0.009188693,0.008602069,0.012019296,0.016160231,0.019996356,0.023361944,0.026272846,0.028758585,0.030817946,0.032418594,0.033516116,0.03407837,0.034105863,0.033642903,0.03277749,0.031629927,0.030332584,0.029006483,0.027744707,0.026614875,0.025689088,0.025097165,0.02507788,0.02597719,0.028145349,0.031773675,0.036808457,0.042997845,0.049987044,0.05738632,0.06480527,0.07187066,0.078239374,0.08361043,0.08773667,0.090435326,0.091597065,0.09119296,0.089279555,0.0860022,0.08159732,0.076393835,0.07081266,0.06535886,0.06059242
191,0.086410746,0.0908726,0.09427364,0.09662938,0.0979508,0.098238476,0.09748107,0.095658764,0.092751354,0.08875047,0.08367487,0.077588454,0.07062141,0.0629976,0.055075098,0.04741047,0.040844854,0.03651459,0.035471026,0.037857495,0.04271986,0.04880504,0.055155706,0.0611813,0.06656702,0.07119374,0.07508495,0.0783661,0.0812245,0.083865,0.0864636,0.089126736,0.09186611,0.09459561,0.097149454,0.099314295,0.10086544,0.1015994,0.101358585,0.100046925,0.09763737,0.09417292,0.0897631,0.08457826,0.07884362,0.07283503,0.06687701,0.061340727,0.056632783,0.05315726,0.051234677,0.05099428,0.05230816,0.05482788,0.05809523,0.061647173,0.065073706,0.06803725,0.07027487,0.07159704,0.07188816,0.07110949,0.069303855,0.06660126,0.06322447,0.059493106,0.055822227,0.052705564,0.050666668,0.05016739,0.051503163,0.054760996,0.059882503,0.06677303,0.07536736,0.085623704,0.09747323,0.110763334,0.12521921,0.14043169,0.15586932,0.170908,0.18487221,0.1970824,0.20690492,0.21380068,0.21736963,0.21738774,0.21383376,0.20690304,0.1970061,0.18474951,0.17089619,0.15630156,0.14182146,0.1281917,0.11589336,0.105043456,0.09536977,0.08630736,0.07718752,0.06743709,0.056716084,0.04497247,0.03243369,0.019584406,0.007483238,0.007192166,0.017345332,0.026527615,0.0341212,0.040290393,0.04560864,0.05093443,0.057146903,0.06479021,0.07384421,0.083759196,0.0936593,0.10255401,0.109490275,0.113649935,0.1144118,0.111390784,0.10445945,0.093755476,0.07968042,0.06290752,0.044473954,0.02643874,0.016793126,0.02711796,0.043810807,0.059827372,0.07347563,0.084024124,0.09110937,0.09462276,0.09467046,0.09154322,0.08568362,0.07764932,0.06807422,0.057631504,0.04700389,0.036870066,0.027921245,0.020913728,0.016634835,0.015335171,0.01604292,0.017405173,0.018669704,0.019637348,0.020378333,0.021045271,0.021766042,0.022593813,0.023506615,0.024439638,0.025325032,0.02612081,0.026823726,0.027469665,0.02812776,0.028893555,0.029883813,0.031231917,0.03307944,0.035559576,0.038772877,0.042762563,0.04749865,0.05287544,0.058720335,0.06480895,0.07088238,0.07666453,0.08187865,0.086262874,0.089584455,0.09165233,0.09232788,0.09153357,0.08925962,0.08556891,0.08060128,0.07457839,0.06781165,0.06071607,0.053830188,0.04782897
